Year,GDP ($Y_t$): Baseline,Labor ($L_t$): Baseline,Government Expenditures ($G_t$): Baseline,Lump sum transfers ($TR_t$): Baseline,Wealth ($B_t$): Baseline,Capital Stock ($K_t$): Baseline,Domestically-owned Capital Stock ($K^d_t$): Baseline,Foreign-owned Capital Stock ($K^f_t$): Baseline,Government Debt ($D_t$): Baseline,Domestically-owned Gov Debt ($D^d_t$): Baseline,Foreign-owned Gov Debt ($D^f_t$): Baseline,Real interest rate ($r_t$): Baseline,"Real interest rate on gov debt ($r_{gov,t}$): Baseline","Real interest rate on HH portfolio ($r_{p,t}$): Baseline",Wage rate: Baseline,Total tax revenue ($REV_t$): Baseline,Business tax revenue: Baseline,GDP ($Y_t$): Reform,Labor ($L_t$): Reform,Government Expenditures ($G_t$): Reform,Lump sum transfers ($TR_t$): Reform,Wealth ($B_t$): Reform,Capital Stock ($K_t$): Reform,Domestically-owned Capital Stock ($K^d_t$): Reform,Foreign-owned Capital Stock ($K^f_t$): Reform,Government Debt ($D_t$): Reform,Domestically-owned Gov Debt ($D^d_t$): Reform,Foreign-owned Gov Debt ($D^f_t$): Reform,Real interest rate ($r_t$): Reform,"Real interest rate on gov debt ($r_{gov,t}$): Reform","Real interest rate on HH portfolio ($r_{p,t}$): Reform",Wage rate: Reform,Total tax revenue ($REV_t$): Reform,Business tax revenue: Reform
2026,0.7055686509411138,0.3422536273144619,0.007924324182549137,0.043162425483447384,2.5613718408335457,2.2877088812203383,2.166992157710779,0.12071672350955923,0.657299471871278,0.3943796831227668,0.26291978874851124,0.0642204096838674,0.042726844589860494,0.059423226327310966,1.2764758822356679,0.14062986718644027,0.007387113127913743,0.7124743132849981,0.3472227289039289,0.008001882485394893,0.04358486755065587,2.5613718408335457,2.2926077455314253,2.166992157710779,0.1256155878206463,0.657299471871278,0.3943796831227668,0.26291978874851124,0.06508451671341725,0.043458875854373955,0.06026586937391323,1.2705228004792342,0.1325469130998345,0.007476273892783927
2027,0.7050785348560086,0.3435877514073554,0.007918819631375733,0.04313244897637328,2.5179226617759736,2.269138732141979,2.14489725150153,0.12424148064044865,0.6217090171240723,0.37302541027444336,0.24868360684962898,0.06506795840550054,0.04344484842644203,0.06041765497969447,1.2706361895857063,0.1405253209803533,0.007398349743804303,0.7119735905183064,0.3482058525196076,0.00799625880933792,0.043554239492256126,2.52767501401095,2.2778831031886355,2.1495545247123515,0.12832857847628396,0.6302008154976642,0.37812048929859843,0.25208032619906573,0.06574149002772796,0.044015433074232446,0.06103329726864062,1.2660452168816336,0.1324438965347169,0.007483659624026641
2028,0.7046513009206404,0.3445167586071807,0.007914021316993244,0.043106302591076895,2.481103000978326,2.255605152673388,2.1288423011309985,0.12676285154238934,0.5871011664122128,0.3522606998473276,0.23484046656488516,0.06568302748056712,0.04396590632481216,0.06119779862673403,1.2664420077931944,0.14039107329437578,0.0074055864985257385,0.711611452299058,0.3488465896768618,0.007992191592569732,0.04353207972244304,2.500374802677658,2.268052081364669,2.137929299949116,0.1301227814155534,0.6040758378809031,0.3624455027285418,0.2416303351523613,0.06618036894529318,0.044387230870115355,0.061596745973249246,1.2630770570957222,0.13233075697914803,0.007488212458889724
2029,0.7044715772767118,0.3451459405694324,0.007912002819692012,0.043095300440437995,2.4510016862103705,2.2474173564611597,2.1190555402303417,0.1283618162308181,0.5532435766333812,0.33194614598002864,0.22129743065335256,0.06607160778327469,0.04429509347481628,0.06176985165012036,1.2638109272689615,0.1402536474508563,0.007411035359517006,0.7113183583310465,0.349206039202843,0.007988899819876352,0.043514147815919724,2.477818081664854,2.2618092512806625,2.1305990789921245,0.131210172288538,0.5786983377878827,0.3472190026727296,0.23147933511515312,0.06645079264595777,0.04461632124524519,0.06200242698092706,1.2612572397212416,0.13219822394638409,0.007490245291832842
2030,0.7044285406736968,0.3455551891137486,0.007911519470561417,0.04309266618039165,2.425362208690934,2.2427313753078044,2.1134006012863433,0.1293307740214613,0.5199360123409849,0.3119616074045909,0.207974404936394,0.06630506714451632,0.04449286938170973,0.06219997982911836,1.262237058291471,0.14011470198329845,0.007414967083058737,0.7111093229941928,0.3493781781184298,0.007986552119517744,0.04350135945534875,2.45879755519828,2.2582539613757366,2.1264601949136432,0.13179376646209337,0.5538956004743943,0.33233736028463656,0.2215582401897578,0.06659861670588227,0.044741550909871836,0.06229351968880429,1.260265363007819,0.1320612477063955,0.0074908303842968265
2031,0.7046262074372664,0.34583224358777453,0.007913739489141541,0.0431047576155306,2.404022590513916,2.2414615317765954,2.1116861769591524,0.12977535481744296,0.4872273559246057,0.29233641355476336,0.1948909423698423,0.06640279240609341,0.044575657675706655,0.06250538211015283,1.2615797694473996,0.1400001792690938,0.007418878363103886,0.7110963583040315,0.34944692076216954,0.00798640651156361,0.04350056608976328,2.4433080039188706,2.2574236033303383,2.125462273774395,0.13196132955594345,0.5297428835741259,0.3178457301444755,0.21189715342965043,0.0666390398096188,0.04477579548228231,0.06248358595780916,1.2599944871276225,0.13194408067756688,0.0074914545030333205
2032,0.7051946647334165,0.3460651692896346,0.00792012389963458,0.043139532330138564,2.38709662891289,2.2437554568071043,2.113979834390102,0.12977562241700213,0.4551946575379798,0.2731167945227878,0.18207786301519194,0.06637780451158495,0.0445544890942821,0.06269715169490063,1.2617477513284616,0.1399377498966286,0.007424395439002805,0.7114146451793453,0.3494969898090861,0.007989981228750482,0.04352003730963758,2.431580356706121,2.259551460602495,2.127771713709304,0.1317797468931908,0.5063477383280276,0.30380864299681654,0.2025390953312111,0.06658183116772616,0.04472733098305519,0.06258095526364862,1.2603778900371365,0.13187246391845517,0.007493730576584948
2033,0.7061357718894967,0.3462960646638102,0.00793069358436384,0.043197103839706805,2.3739788490162788,2.2491865469447574,2.119761454861657,0.12942509208310068,0.42369565692436995,0.25421739415462197,0.169478262769748,0.06625276410558278,0.04444856068102901,0.06279642536001064,1.2625892172456732,0.13993300683819637,0.007431954791602927,0.7120757200410082,0.34956803100082934,0.007997405837972793,0.04356047758651587,2.423146263629612,2.264320835808933,2.1329932005626766,0.13132763524625618,0.4835884384448927,0.29015306306693556,0.19343537537795713,0.06644551101924535,0.044611846896873114,0.06260311731361026,1.2612927204485431,0.13185231925423263,0.007498120707897519
2034,0.7073874291745172,0.3465384949086816,0.007944751093975019,0.04327367313602037,2.363769825550291,2.2571009796444548,2.1282897094826425,0.12881127016181246,0.39246686011274734,0.23548011606764838,0.15698674404509896,0.06605214263306178,0.044278603505359934,0.06282692592626318,1.2639423933363199,0.13997969166799504,0.007441342392073091,0.7130124617921334,0.34966926254587766,0.008007926494327555,0.04361778249849469,2.4171190946893857,2.271081759116326,2.1403944479520325,0.1306873111642934,0.4612077445622558,0.2767246467373534,0.18448309782490238,0.06625318784570934,0.04444891965394564,0.06257263434395254,1.2625863513496853,0.13187562979384548,0.007504338888551376
2035,0.7088236420616725,0.34675703334472124,0.007960881369176153,0.04336153247128974,2.3556256336144856,2.2668297407558207,2.1388600557863597,0.1279696849694608,0.3612759630468767,0.216765577828126,0.1445103852187507,0.06579086534807183,0.044057261547964355,0.06280321377217465,1.2657104100333103,0.1400530384410914,0.007451490202285666,0.7141040418197216,0.34976459190219206,0.008020186157505996,0.04368455959834346,2.4127084092466373,2.2792128710335775,2.1493245924217326,0.1298882786118448,0.43897302804150806,0.26338381682490475,0.17558921121660329,0.06601776003897658,0.04424947617163305,0.06250228001180086,1.2641746710739816,0.13192144624993327,0.007511341377157053
2036,0.7103722205214159,0.34693470238604646,0.007978273635287681,0.04345626570765994,2.3490591433001113,2.2779595081970827,2.1510318443608725,0.1269276638362102,0.3300454982320646,0.19802729893923873,0.13201819929282585,0.0654794725451012,0.04379346405584382,0.0627350751158494,1.2678260543160622,0.14014155987746604,0.007461815196929704,0.7152777601963093,0.3498338064948775,0.00803336832610531,0.043756361529811855,2.409457758917383,2.288326953177129,2.1593755322946064,0.1289514208825224,0.4168037110379609,0.25008222662277646,0.16672148441518442,0.06574786522653644,0.04402083384599534,0.062400173217914426,1.2660019936869018,0.13197753719386746,0.007518513054977884
2037,0.711986906449534,0.34707049176916566,0.007996408362121621,0.04355504305952142,2.3436690959398008,2.2901237995312544,2.1643989791468785,0.12572482038437605,0.2987835279882034,0.17927011679292204,0.11951341119528137,0.0651301166582184,0.043497506005631834,0.06263350453780443,1.2702107116628398,0.14023847194608766,0.0074720417475861185,0.7164892475754082,0.34987390185501654,0.008046974682796812,0.04383047381654516,2.407000623270287,2.2980903924057343,2.1701798774152,0.12791051499053427,0.39470124309181115,0.23682074585508664,0.1578804972367245,0.06545378906580142,0.04377170620735286,0.06227568197809708,1.2680009522889528,0.13203780268228602,0.00752557228863442
2038,0.7136574994290453,0.3471747135989423,0.00801517098759978,0.04365724052045157,2.3392688516601883,2.3031366768453885,2.1787435665241253,0.12439311032126316,0.26754214189343817,0.16052528513606287,0.1070168567573753,0.064751429477378,0.04317669984810059,0.0625060398119669,1.2728089275551602,0.14034456775859483,0.007482210404663621,0.7177326866718795,0.3498933801853017,0.008060939892969559,0.04390654051309669,2.405209192667143,2.3083691685602354,2.181579403133647,0.12678976542658857,0.37271631588915954,0.2236297895334957,0.14908652635566386,0.06514178975899257,0.043507394913404024,0.06213422990088384,1.2701308280137997,0.13210312481555203,0.007532569173905712
2039,0.7155106532528295,0.3473204673320364,0.008035983975308643,0.04377060606205063,2.3361018371725346,2.317292467877875,2.194312563746216,0.12297990413165888,0.23631545571053122,0.1417892734263187,0.09452618228421251,0.06434999096963216,0.04283661982514017,0.06235909620665807,1.2755785354932987,0.14048515975186912,0.007493759329464112,0.7191360005865175,0.34996349107925206,0.008076700675955936,0.04399238762193865,2.404366955790193,2.319484075886298,2.1938525002846196,0.12563157560167826,0.35085742584262236,0.2105144555055734,0.14034297033704896,0.06481682027292307,0.04323209588714837,0.061980781597835335,1.2723592621605317,0.13219667171877625,0.007540933617138314
2040,0.7176283271871853,0.34755398691709466,0.00805976781937029,0.0439001531951847,2.3342411280874855,2.3327949617209307,2.2112817582035786,0.12151320351735212,0.20493228313984468,0.1229593698839068,0.08197291325593789,0.06392983905909723,0.04248068667815853,0.06219772136094849,1.278494263308195,0.1406760813693551,0.0075076063294400724,0.7207835849761782,0.35012998065431855,0.008095204889265815,0.04409317780610639,2.4045824203294592,2.3316607527232938,2.207199767572938,0.12446098515035589,0.3289710879275359,0.19738265275652153,0.13158843517101435,0.06448172247307112,0.04294821662477378,0.061819223538706086,1.2746679334450146,0.13233391802577094,0.0075515954881695616
2041,0.7199966021829872,0.34786375811279235,0.008086366193313247,0.04404503057513799,2.3336217998236104,2.349659224493966,2.22968050279531,0.11997872169865609,0.17323549504716743,0.10394129702830045,0.06929419801886698,0.06348916956597425,0.0421073719899869,0.062020974953677796,1.281571254607555,0.14091386665827585,0.007523547652267338,0.7226629831897898,0.35038041101488254,0.008116312630791602,0.04420814894194279,2.4058179676520597,2.3449318457784165,2.2216711036603707,0.12326074211804601,0.3069114399861484,0.18414686399168903,0.12276457599445936,0.06413358306190436,0.04265328911618017,0.06164754849549986,1.2770781420109838,0.13251165124671815,0.007564353970182285
2042,0.7225423281254438,0.3482098264999031,0.008114957539628086,0.044200763306501197,2.334053309912436,2.3677067846532465,2.2493542621076283,0.11835252254561815,0.14116507967467998,0.08469904780480797,0.056466031869872,0.06302628314308874,0.04171523615277758,0.06182718440575237,1.2848244043415633,0.14118376596364401,0.007540760847799984,0.7247022469875625,0.3506737959904594,0.008139215841422817,0.04433289964896378,2.4078988997631283,2.359135222992093,2.2371312583018215,0.12200396469027136,0.28461273576884455,0.17076764146130674,0.11384509430753782,0.06376966010233501,0.04234499051986182,0.06146317800098727,1.279610456532633,0.13271603730546036,0.007578387202914383
2043,0.7252997758885633,0.34860987389582004,0.00814592675851594,0.04436944785887783,2.3356250056878585,2.3870477272783153,2.270405984130732,0.11664174314758345,0.10869836926187755,0.06521902155712653,0.04347934770475103,0.06254249854183926,0.041305396351347785,0.06161754758826814,1.2882477010259046,0.14149312452039425,0.007559605719040309,0.7269371865385347,0.3510273135145152,0.008164316709363423,0.044469620556507064,2.410936169032255,2.3743949274264993,2.253699240314444,0.12069568711205528,0.2620615478630177,0.15723692871781064,0.10482461914520708,0.06339033046010656,0.04202364009893933,0.061266491597062475,1.2822640586949476,0.13295404023720717,0.007594062462016252
2044,0.7281889438837515,0.34904202138932966,0.008178375342762391,0.044546190201466405,2.337836071864252,2.407243916679551,2.2923728177173586,0.11487109896219255,0.07577209024482227,0.04546325414689335,0.030308836097928917,0.06204711147334059,0.04088572747958129,0.06140134794733468,1.2917780282085465,0.1418282655431174,0.007579416960061073,0.7292890372637553,0.3514183375048256,0.008190730620399227,0.04461349330617183,2.4144296909311334,2.390289367940874,2.270931399838481,0.11935796810239285,0.23916381848775375,0.14349829109265227,0.09566552739510148,0.06300405131667107,0.04169640238398688,0.061065991888209235,1.2849811773254127,0.13321291465137788,0.007610715311416067
2045,0.7310684981204029,0.34945163129105866,0.008210715953760373,0.044722344369633654,2.3400637890647853,2.4276874132546746,2.314639124860896,0.11304828839377859,0.04237444033981563,0.02542466420388937,0.016949776135926263,0.06154724688552021,0.04046226546180523,0.061185532360221825,1.295366130932364,0.14216265498221448,0.007598859122345562,0.7316178915962155,0.3517913685999487,0.008216886256253702,0.04475595917431522,2.4177489614925327,2.406230833873592,2.2882355193486057,0.11799531452498618,0.21585573690654491,0.12951344214392696,0.08634229476261794,0.06261718378781823,0.04136866621628914,0.06086795505423717,1.2877176411263562,0.13346786744824202,0.0076270101961453665
2046,0.7338852286259562,0.34981148064189393,0.00824235098407402,0.04489465530712311,2.342205831005604,2.4482261459459935,2.3370657579060357,0.11116038803995805,0.00856678849928104,0.005140073099568616,0.003426715399712425,0.0610420247594371,0.04003426478692418,0.060968776571498094,1.2990194068092173,0.14248544270902444,0.0076173553954290985,0.7338724335225659,0.3521186309519906,0.00824220728076878,0.04489387910677853,2.4207964322318882,2.422086436459984,2.305494370485986,0.11659206597399806,0.19217010290983758,0.11530206174590256,0.07686804116393502,0.0622280864091663,0.04103904102360689,0.060670506888320805,1.2904853669911045,0.13370883343018575,0.007642377564306002
2047,0.7366995750904357,0.3501414402355023,0.008273959238943052,0.045066820339373884,2.344639964655762,2.4691690849419645,2.3599742504800756,0.10919483446188882,-0.025557143040522687,-0.015334285824313619,-0.010222857216209068,0.06052691556123048,0.03959788824463156,0.06074581546162892,1.302772162341185,0.14280967131216007,0.007635429643139411,0.7361144886539875,0.352419697276176,0.008267388064627068,0.04503103509205798,2.4239700698983473,2.438175574204666,2.3230414004127216,0.1151341737919443,0.16821444914270944,0.10092866948562569,0.06728577965708375,0.061831549075167726,0.04070311304697073,0.060467932717709054,1.2933221442124272,0.13394812441188264,0.007657350069510658
2048,0.7394891857463349,0.350432687829779,0.008305289683047893,0.04523747215208344,2.3473304081861786,2.490427878611944,2.383276098039457,0.10715178057248725,-0.05990948308879696,-0.03594568985327818,-0.023963793235518782,0.060002991959244856,0.039154044549632616,0.060516905908305024,1.306618478033335,0.14313215245390368,0.007652863154474156,0.7383227151023471,0.35268522841303934,0.008292188914582548,0.04516612159238937,2.4272397992865415,2.4544214814861003,2.340801544162965,0.11361993732313536,0.1440637585392942,0.08643825512357654,0.05762550341571766,0.0614280930837202,0.040361323905701144,0.06026011956533858,1.2962252841367774,0.13418283018021507,0.007671711562266812
2049,0.7422789996716255,0.35069321925543895,0.008336622410095085,0.04540813640599851,2.3504468238993375,2.5121381863532046,2.4071132745686894,0.10502491178451528,-0.09444408444891993,-0.056666450669351956,-0.03777763377956797,0.05946846132242557,0.03870121506831727,0.0602797215656311,1.3105735466993178,0.14345460793009526,0.007669864215285786,0.7405243879082627,0.3529231429870754,0.00831691615981192,0.04530080719051583,2.4307847347958087,2.470976815627341,2.3589357468775676,0.11204106874977345,0.11974831319706852,0.07184898791824114,0.047899325278827384,0.061015185912722925,0.040011528164924356,0.06004435638228313,1.2992142166422167,0.134414749300444,0.007685685701534321
2050,0.7450987355951821,0.35094099380223187,0.008368291194610437,0.04558063108138814,2.354044328443542,2.5343630517144584,2.43153615574556,0.10282689596889841,-0.12915304550336282,-0.07749182730201769,-0.05166121820134513,0.05892550247923537,0.03824124560276814,0.06003620745803033,1.3146233233564981,0.14378414767504522,0.007686776085439563,0.7427510873035916,0.3531512575000187,0.008341924481599086,0.04543702374247556,2.434667815263721,2.4879202812881176,2.377511941879596,0.11040833940852164,0.0952597889735424,0.057155873384125463,0.038103915589416934,0.06059436345381695,0.03965502696056651,0.05982218645078456,1.3022791393923856,0.13465072831543792,0.007699625958538521
2051,0.7479359388288336,0.35117954115549266,0.00840015615653192,0.045754194174994246,2.3579672438478476,2.5569564937167413,2.4563786740446383,0.10057781967210314,-0.16401905032798444,-0.09841143019679068,-0.06560762013119377,0.058379006549102525,0.03777827968175833,0.05979106375183784,1.318732834386422,0.14412217628889742,0.007703570154151719,0.7449908226233961,0.3533725906663369,0.008367079211381315,0.04557403768816468,2.438735799987357,2.5051157765064564,2.396375598049602,0.10874017845685416,0.07060033656292479,0.042360201937754895,0.028240134625169895,0.06017015710547963,0.03929565908255056,0.05959799103541184,1.3053879984247163,0.13489215782141464,0.007713500508406345
2052,0.7507742093604649,0.35140652520455484,0.008432033105402059,0.04592782252437247,2.3621150680613923,2.5798034620635693,2.4815155547922743,0.09828790727129516,-0.1990008112181364,-0.11940048673088183,-0.07960032448725457,0.05783173199830375,0.03731465414955317,0.05954669039621174,1.322882179755613,0.14446609992519321,0.007720134359680342,0.7472276118306058,0.3535843206065704,0.00839220085302783,0.04571087141322816,2.44288954837055,2.522457135093906,2.4154118440590246,0.10704529103488146,0.04579617385254198,0.02747770431152521,0.018318469541016767,0.059745014829082656,0.03893549832983555,0.05937395251161128,1.3085233464003856,0.13513665346201828,0.007727194408286601
2053,0.7535991582026087,0.3516176800175565,0.008463760436816806,0.04610063590324415,2.3664469424548455,2.602828350179965,2.5068674636093267,0.09596088657063849,-0.23403420192413488,-0.14042052115448092,-0.09361368076965396,0.05728491753312502,0.03685141838047541,0.0593037548498447,1.3270624537736184,0.14481268012340437,0.007736345960528308,0.7494474782973659,0.3537817327699956,0.008417132433393698,0.04584666997709244,2.4470886563018737,2.5398767826376445,2.4345507615730293,0.10532602106461508,0.020896491214740884,0.012537894728844555,0.00835859648589633,0.0593198910706064,0.038575353264641246,0.059150618548864886,1.3116784092887257,0.13538121998399724,0.007740582780388645
2054,0.7564385904851882,0.35181090730622994,0.008495650433447953,0.04627433531703717,2.371312677796949,2.6263130016707876,2.532749858533832,0.0935631431369558,-0.26906196789480497,-0.16143718073688298,-0.10762478715792198,0.05673119869705193,0.03638233354966844,0.05905389935020249,1.3313310423647287,0.14516150629766572,0.007752311299821494,0.7516807586112114,0.3539627419238111,0.008442214666247741,0.0459832892647464,2.4516911452674472,2.557671651676132,2.4541245598103996,0.1035470918657327,-0.004055690904920775,-0.002433414542952441,-0.0016222763619683344,0.05888664981962389,0.03820833143754035,0.05891950124743265,1.3149143509134724,0.13562565939802076,0.007753791838760964
2055,0.7592922320435062,0.35198603964066105,0.008527700016119666,0.046448903894239155,2.376745116709717,2.6502645409297467,2.5591708389624954,0.09109370196725149,-0.3040428704212971,-0.18242572225277826,-0.12161714816851883,0.056170726411484094,0.035907527510718955,0.058796639784997676,1.3356886055561075,0.14551581337208438,0.007768019783402442,0.7539278899092127,0.35412671998645745,0.008467452461127605,0.04612075594996431,2.4567312757632647,2.5758582597170157,2.4741522795615745,0.10170598015544102,-0.029035006330516245,-0.01742100379830972,-0.011614002532206522,0.05844502175800281,0.03783420469474377,0.05868000706585057,1.318234599282213,0.13587310212404582,0.007766811605258461
2056,0.7621374886717274,0.35214064372888676,0.008559655426659091,0.046622959635561324,2.3825966644043883,2.6745126227603393,2.5859437978968214,0.08856882486351769,-0.33891188915405523,-0.20334713349243314,-0.1355647556616221,0.055607537948047236,0.03543042045227523,0.05853542278740278,1.340105215513207,0.1458744518902323,0.007783328438127207,0.7561654234618547,0.35427038033842567,0.008492582462604875,0.04625763557900925,2.462056695696982,2.594270010254233,2.494452413779581,0.09981759647465174,-0.05399286347099857,-0.03239571808259912,-0.02159714538839945,0.057998937396457007,0.03745630278202336,0.05843557970563045,1.3216107940337891,0.13612241505480532,0.007779483875940839
2057,0.7649774492648024,0.35226800601441033,0.00859155135680731,0.04679669167933745,2.389066073277314,2.699174922286227,2.613206839542757,0.08596808274347006,-0.3735679437757383,-0.224140766265443,-0.14942717751029533,0.055037774768414566,0.034947743600222556,0.05826493576692397,1.3446126224694697,0.14623409621626904,0.0077981658310472025,0.7583970189303954,0.35438637315333377,0.008517645772763904,0.04639415212019636,2.467865598123504,2.6130319367554975,2.515171939581906,0.0978599971735915,-0.07884390243067035,-0.04730634145840219,-0.03153756097226816,0.05754402046026237,0.03707091832308125,0.05818099852853715,1.3250773229961061,0.13637048583420508,0.007791737884475231
2058,0.7678192364019394,0.3523711257504203,0.008623467801085886,0.04697053508195967,2.396257953557179,2.724288368093241,2.640997710263078,0.08329065783016272,-0.4078995945098325,-0.2447397567058995,-0.16315983780393298,0.05446143317661011,0.03445949382350207,0.057983687939939126,1.3492127996972423,0.14659703136139868,0.007812593199039415,0.7606291035575586,0.3544767165395869,0.008542714576720732,0.04653069875838918,2.474257946912282,2.6321842665570636,2.5363533433612337,0.09583092319582981,-0.10349232741491966,-0.062095396448951776,-0.04139693096596789,0.057079916303486286,0.03667775087838666,0.0579149396139738,1.3286385718749012,0.1366193854614493,0.007803622234615865
2059,0.7706935355035394,0.35247026468080334,0.00865574939104642,0.04714636740230746,2.404236273101048,2.749892058075482,2.669337657331117,0.0805544007443651,-0.44183564038344836,-0.265101384230069,-0.17673425615337934,0.05388161104550264,0.03396829549584977,0.05769371595439997,1.3538826950810898,0.14696985958406827,0.007826990025441016,0.7628905371745924,0.35456044173794654,0.008568113002621298,0.04666904099254814,2.481290908151203,2.6517656484604064,2.558018721299317,0.09374692716108964,-0.12787968858018925,-0.07672781314811353,-0.05115187543207572,0.05660948579882308,0.036279224046156494,0.057639596874172874,1.3322741287950643,0.1368750707475408,0.007815492023665474
2060,0.7736363777627245,0.35258841162287763,0.008688800797240251,0.04732639288884573,2.41304108923767,2.7760378794200635,2.698259151093793,0.07777872832627011,-0.47536343642687195,-0.28521806185612314,-0.19014537457074882,0.053301565328652,0.033476907756760335,0.05739778614644167,1.3585971012861002,0.1473598240430242,0.007841796142263453,0.7652143343980647,0.3546589290436156,0.008594211841492243,0.04681119850094925,2.4889954055103702,2.6718222684696604,2.5801959710797324,0.09162629738992817,-0.15200094261560335,-0.09120056556936199,-0.06080037704624136,0.05613581427067112,0.03587795156964658,0.05735783571858,1.3359612451063927,0.13714388432318178,0.007827751568312561
2061,0.7766858005342849,0.35274376945946545,0.008723049221655453,0.047512938574137104,2.422779231913067,2.8028555684338405,2.7278864034602397,0.07496916497360079,-0.5085119525786211,-0.3051071715471726,-0.20340478103144852,0.05272191220968748,0.03298585260833062,0.057096230068181875,1.363351626847551,0.14777330716519976,0.007857403616661488,0.7676346693396277,0.35478834672260745,0.00862139490678534,0.046959261911818886,2.4974669047301687,2.692473229223457,2.6029997181556954,0.08947351106776161,-0.17588802237587817,-0.10553281342552688,-0.07035520895035129,0.055659254658990014,0.035474232443166734,0.057070043809080234,1.3396980070006166,0.1374311494965012,0.007840750664306147
2062,0.7798839713287687,0.3529525587884883,0.0087589682525433,0.047708584224610176,2.4336268421655354,2.8305396214390655,2.7584177533185756,0.07212186812049004,-0.5413181852550673,-0.32479091115304026,-0.216527274102027,0.05214157140579659,0.03249421488523246,0.05678753989997473,1.3681558153198554,0.14821748162508813,0.007874198243356072,0.7701884755748066,0.35496223032401797,0.008650077003814425,0.04711549066823856,2.506865234853208,2.7138957897692504,2.626612090105757,0.0872836996634938,-0.19957809208758126,-0.11974685525254875,-0.07983123683503252,0.05517837660798883,0.03506685493585199,0.05677479075000676,1.3434965790451299,0.13774266601411655,0.007854820565495305
2063,0.783283081782035,0.35323577325816735,0.008797144060280853,0.047916522947053654,2.445793906632287,2.8593191324373928,2.7900847529960693,0.06923437944132352,-0.57381807727297,-0.34429084636378193,-0.22952723090918803,0.051559733155680604,0.03200130859537553,0.05647032841832272,1.3730172858100254,0.1487018354134479,0.007892668746917231,0.772920285540207,0.35519788664198143,0.008680758281592394,0.047282609083995515,2.5173754642743837,2.7362919236496617,2.651238544015065,0.0850533796345963,-0.2231051329011356,-0.13386307974068135,-0.08924205316045425,0.05469200819598556,0.03465482625018833,0.05647081618678218,1.3473674244172789,0.1380859923164485,0.007870372010301274
2064,0.7869616481070838,0.35362874464961735,0.008838458469655211,0.04814155845017178,2.4595466431561217,2.8894876856982905,2.82317490459957,0.0663127810987204,-0.6060471024057476,-0.3636282614434485,-0.24241884096229907,0.050976920468067885,0.031507576807416504,0.05614436255800311,1.3779326394520988,0.1492411969188966,0.007913599573689756,0.7758974923897244,0.3555255144136273,0.008714195640526374,0.047464740010583775,2.529227627541647,2.7599156350832006,2.677128226922087,0.08278740816111337,-0.24650099896739952,-0.1479005993804397,-0.09860039958695983,0.05420026356117287,0.034238243078741196,0.056158054960594866,1.35131097256476,0.1384731031490765,0.007888076377236737
2065,0.7910338203403203,0.3541871726780036,0.008884193513098965,0.04839067463782496,2.475214485987749,2.9214111126107736,2.8580336736606577,0.06337743895011604,-0.6380319794548485,-0.382819187672909,-0.25521279178193945,0.05039589213043472,0.031015356637726026,0.055811385664888295,1.3828792107787993,0.14985800082884843,0.007938189974666469,0.779217724482911,0.35599337613830667,0.008751485556160551,0.04766785597314748,2.54269838205143,2.785075188294187,2.7045707876112117,0.0805044006829751,-0.26978734259963566,-0.16187240555978138,-0.10791493703985429,0.05370543064437377,0.03381904365850731,0.05583846027178126,1.3553100299490795,0.13892218027072165,0.007908963792559872
2066,0.7956766718591541,0.35499486747637904,0.27401876102957134,0.04867470523261653,2.4933589773010283,2.955685878690289,2.8952319935373545,0.06045388515293442,-0.6697883603938771,-0.4018730162363262,-0.2679153441575509,0.04981967588073266,0.030527213045001944,0.055472645124909736,1.3878311376327712,0.15058569591919,0.007968272338537967,0.7830341187382883,0.35667431322416765,0.2238074607942528,0.04790132529389134,2.5582755142587654,2.812285712181101,2.734058800626194,0.07822691155490696,-0.2929721439457138,-0.17578328636742824,-0.11718885757828555,0.05320967106497999,0.03339905921284512,0.05551349274327391,1.3593478924275608,0.13946037809356737,0.007934619626966505
2067,0.7826341588288219,0.35337212654849126,0.24800350859265954,0.04787686334354284,2.5148353352059982,2.8513131449802174,2.781039849195593,0.07027329578462432,-0.44367418998265856,-0.2662045139895951,-0.17746967599306349,0.051758546346374175,0.0321697338788282,0.05536839132189888,1.3713510514841942,0.1488777586678992,0.007891563705982796,0.7719773822297789,0.35523525124588057,0.20154156394134887,0.04722494607145454,2.576708620402376,2.7270686059946594,2.640949483884467,0.0861191221101924,-0.10706810580348472,-0.06424086348209081,-0.04282724232139391,0.054915836211973025,0.034844442929573755,0.05573609640670385,1.345582413208981,0.13827304508326405,0.007866443617909075
2068,0.7706967707570563,0.3520175038972389,0.22429181893103955,0.047146619363905205,2.5305919941119255,2.7556757672577628,2.6762599576431025,0.07941580961466033,-0.2427799392186283,-0.14566796353117695,-0.09711197568745138,0.05366590569960497,0.03378555996457879,0.05558666298142298,1.355630872682247,0.14743914148773063,0.00782145928766387,0.7619093206522247,0.3540130785451213,0.1812639909302235,0.0466090470251617,2.5908838023762666,2.64946613724811,2.5560632936425747,0.09340284360553545,0.05803418122281957,0.034820508733691774,0.0232136724891278,0.0565651253910282,0.036241643972968876,0.056129524039124204,1.3326182921222025,0.13726311008370812,0.0078043689360442915
2069,0.7597680800114893,0.3508564939090313,0.2026829953847105,0.046478077874251164,2.5420948796516587,2.6685383969446894,2.580712434338871,0.08782596260581817,-0.06436259114535424,-0.038617554687212494,-0.025745036458141746,0.0555155858341992,0.03535252290038293,0.056013955028893,1.3408299881735517,0.1462129918136818,0.007756874997255351,0.7527389807130443,0.3529493643877187,0.16282172152499652,0.046048064406727235,2.6018482177074786,2.579133071435808,2.4790806413688893,0.10005243006691872,0.20461262723098259,0.12276757633858958,0.08184505089239301,0.058139194619532805,0.0375751221745919,0.056627702317438626,1.3205467972955587,0.13639570701234668,0.007747491839048477
2070,0.7497661240795287,0.3498389621086122,0.1829605073151136,0.04586622608279445,2.5503928071413577,2.58947284993475,2.4939764367584702,0.09549641317627966,0.09402728397147907,0.05641637038288747,0.037610913588591595,0.057289508772371545,0.03685530786471333,0.05657354482268897,1.3270272310024949,0.14515734308172795,0.0076971092769087725,0.7443872194110723,0.3520042868721027,0.1460303971369063,0.04553715686655411,2.6103523693242754,2.515608360814479,2.4095328729339793,0.1060754878804998,0.3346991606504932,0.20081949639029595,0.13387966426019726,0.0596264526723026,0.03883505798786037,0.057185028767709645,1.309401238895257,0.13564381109274404,0.007695180778396246
2071,0.7406226999510142,0.34892721441576185,0.16495875094626417,0.04530689228568864,2.5563410602461403,2.5180301493452593,2.415594392011998,0.1024357573332614,0.23457778039023688,0.14074666823414217,0.09383111215609473,0.0589727923305742,0.038281307364205555,0.057209487729755704,1.314269312640317,0.14424038368463676,0.007641667672090077,0.7367880484923296,0.3511470803541037,0.1307467490215804,0.04507228774380905,2.6170342395085284,2.458456888887392,2.346970226427933,0.11148666245945885,0.4501066884676585,0.27006401308059513,0.18004267538706337,0.061017436607435506,0.040013434848749564,0.057767037510857294,1.2991978611120074,0.1349862882757707,0.007646958049781124
2072,0.7322886194505418,0.3481008895375011,0.14855182991423738,0.04479706776876182,2.5606176045238906,2.4537443428037573,2.345070879119041,0.10867346368471649,0.35924454234141595,0.2155467254048496,0.14369781693656636,0.06055528191018794,0.039621918895450116,0.057881924515873366,1.3025647762611308,0.1434403296938058,0.007590330598504003,0.7298943455223413,0.3503621925969941,0.11686030990214531,0.04465057443632872,2.622411108479417,2.4072549293789876,2.290938930887802,0.11631599849118544,0.5524536293193585,0.3314721775916151,0.22098145172774336,0.06230665228108885,0.041105598374264064,0.05834931890043304,1.2899252394312501,0.13440912216043238,0.007602591451482408
2073,0.7247229265851522,0.3473513095978493,0.1335941040207555,0.044334247302123965,2.5637263706965996,2.396115281971056,2.28185968349817,0.11425559847288579,0.4697778119973827,0.28186668719842967,0.18791112479895306,0.06203159184132003,0.04087257996953417,0.058563225811261055,1.2918890480024372,0.14274201919403146,0.007543023350283284,0.7236673502721567,0.3496443296807516,0.1042370416669351,0.044269645863522014,2.6268664963087063,2.3615609690277535,2.2409542150135717,0.12060675401418193,0.643187135491891,0.3859122812951346,0.2572748541967564,0.06349274740728994,0.042110402970655963,0.05891572268087085,1.2815461612610162,0.13390299910714315,0.007561979611198773
2074,0.7178829202980814,0.3466746791687237,0.11997506224389139,0.04391581885569834,2.5660153502577283,2.344606222962289,2.225368580588923,0.11923764237336568,0.5677446161146749,0.3406467696688049,0.22709784644586994,0.06340036952357017,0.04203214472634137,0.05923478965811388,1.282193666514586,0.14213408423211601,0.007499682771848395,0.7180666793255522,0.34899203558323216,0.09277530257529613,0.043927031633685484,2.630655938820953,2.320904424727822,2.196494803622673,0.12440962110514925,0.7236018919971333,0.43416113519828,0.28944075679885334,0.06457783262181542,0.04302963667033748,0.059456386232754184,1.2740046365424127,0.13346110053862445,0.007525027109756074
2075,0.7117209345222486,0.3460715082183246,0.10765122686452774,0.04353886666204189,2.567668231879154,2.2986260250524997,2.1749401887414597,0.12368583631104002,0.6545467385628237,0.39272804313769427,0.2618186954251295,0.06466507729031576,0.04310354629359056,0.05988615986858288,1.2734033568828895,0.14160716147729846,0.007460230641261337,0.7130471893166314,0.34840741972938494,0.08243872234432298,0.04361997018825487,2.633891141545404,2.2847630555573355,2.1569781183478858,0.12778493720944978,0.7948550386625304,0.47691302319751827,0.3179420154650121,0.06556827683217394,0.04386869491537511,0.0599675870895621,1.2672217276465807,0.13307771628496734,0.0074916236092343255
2076,0.7061840988542911,0.3455377367448481,0.09657900774774376,0.04320015659128515,2.5688285431969318,2.2576237414743168,2.129966792230337,0.12765694924397988,0.7314362516109911,0.4388617509665947,0.29257450064439644,0.06582949514577748,0.04408998691495634,0.060509760121206214,1.2654485968313713,0.1411504254570334,0.007424479240506473,0.7085595592328846,0.34788760947552905,0.07319136063130527,0.04334544444274164,2.636663161923212,2.2526584867012844,2.12187577832745,0.13078270837383485,0.8579789726596035,0.5147873835957621,0.3431915890638414,0.06647005642794294,0.044632640624909625,0.06044685053152732,1.2611278494782918,0.13274522726466187,0.007461559693895213
2077,0.7012219394808753,0.34506788181310477,0.08667178514949604,0.042896601108192864,2.569631267814459,2.221112654916575,2.0899136000820087,0.13119905483456634,0.7995294462207503,0.47971766773245017,0.3198117784883001,0.06689729849383612,0.044994580221572836,0.061099916901285356,1.2582674906744264,0.1407540683100089,0.007392211522585963,0.7045578149992788,0.3474280794802086,0.06495502450909253,0.0431006420448756,2.6390702846763445,2.224178294676792,2.0907344923322126,0.1334438023445796,0.9138929872402202,0.5483357923441321,0.365557194896088,0.06728839997105979,0.04532590319330503,0.06089232445132944,1.2556639270971672,0.1324565925039475,0.00743460787927656
2078,0.6967715490890801,0.3446488051605966,0.077809289817169,0.04262435203964062,2.5701473636684815,2.1886066087311318,2.0542548299715713,0.13435177875956048,0.8598208894948504,0.5158925336969102,0.3439283557979401,0.06787249106230375,0.045820717985330384,0.06165271839313218,1.2518019046473956,0.14040768549146365,0.007363040866171899,0.7009838288045067,0.34701639857186284,0.057618213308472895,0.042882007116568616,2.6411564251677837,2.1989079365308535,2.0631072742581513,0.13580066227270235,0.9634152515160539,0.5780491509096324,0.38536610060642146,0.0680283796960975,0.0459527795816569,0.061302962829245994,1.2507764016653882,0.13220388542102363,0.007410377493321545
2079,0.6927681741784825,0.3442656506442513,0.06986789914581115,0.04237944826354649,2.5704075618261575,2.1596420491018913,2.022491695608249,0.13715035349364232,0.9131931103631815,0.5479158662179089,0.3652772441452726,0.0687597378512852,0.046572352177233586,0.06216604768345315,1.2459946221536011,0.1401012019544459,0.007336533764111908,0.6977777477775989,0.3466382496714457,0.05106609002960826,0.04268587825008017,2.6429321717510263,2.1764514746870285,2.0385698764758162,0.13788159821121218,1.00727049212535,0.6043622952752101,0.40290819685013984,0.06869530989308162,0.04651777180917624,0.06167875678564441,1.2464139210818315,0.13197919557160614,0.0073884364779963525
2080,0.6891604794799367,0.34390852269686195,0.06274742132087659,0.04215874950112062,2.570461171757332,2.133831683174531,1.9942047112597958,0.13962697191473503,0.9604274341625599,0.576256460497536,0.38417097366502395,0.06956373023338505,0.047253457109841704,0.0626388550895975,1.2407929429968603,0.13982689269148127,0.007312365622772878,0.6948933414716197,0.34628418892421414,0.04520730972558487,0.04250942738216472,2.644433110768894,2.1564858734500283,2.0167737152878926,0.13971215816213586,1.046098992468335,0.6276593954810012,0.41843959698733385,0.06929415002508224,0.04702508130218914,0.06202014215404311,1.2425306968683678,0.13177657485998978,0.007368467702579687
2081,0.6859202050901234,0.3435805019901462,0.05636091464371344,0.04196052706757358,2.5703691841567187,2.1108592597966953,1.969039112171344,0.14182014762535142,1.002216786642291,0.6013300719853747,0.4008867146569164,0.07029077026555461,0.047869371592539796,0.06307248650902716,1.236137926341411,0.1395821390196586,0.0072904570820356345,0.6923076315656724,0.34595772342245945,0.03996342058426641,0.04235124886228306,2.645711660864232,2.1387555822744027,1.9974310039547365,0.14132457831966602,1.0804677615158258,0.6482806569094957,0.4321871046063301,0.06983115767394538,0.04748000919284113,0.062329449196184855,1.239075324709098,0.1315946891817237,0.007350405101057471
2082,0.6830305773217172,0.343289365273149,0.05064427642360296,0.04178375491392787,2.570207530220335,2.0904670740264146,1.946700040822683,0.14376703320373171,1.0391791489960867,0.623507489397652,0.4156716595984346,0.07094720356242251,0.04842547133475029,0.06346901548807435,1.2319741602339633,0.13936687756318286,0.00727082850471128,0.6900091695727718,0.3456670036729211,0.03527859646503979,0.04221064235161066,2.646839313873554,2.123059894412774,1.9803098068671274,0.14275008754564653,1.1108825116773777,0.6665295070064269,0.44435300467095085,0.07031238942824135,0.047887686341127764,0.06260934792088045,1.2360001925352884,0.13143444562436093,0.007334286492061759
2083,0.6804720601688584,0.3430392816409422,0.04556301629532074,0.041627237988868894,2.5700434378578234,2.0724212138461837,1.9269230281213303,0.14549818572485335,1.0718673495608217,0.6431204097364931,0.42874693982432865,0.07153864068689945,0.048926509344285524,0.06383032205237989,1.228254048989561,0.13918059880074204,0.007253439765795809,0.687983558800703,0.3454164607436784,0.031126662384639264,0.04208672714708195,2.647881789782517,2.1092177864935837,1.9652041331280004,0.1440136533655834,1.137796094424194,0.6826776566545167,0.45511843776967736,0.07074298053415903,0.04825246308865333,0.06286201412692571,1.2332655871582818,0.13129618263913317,0.007320090640443159
2084,0.6782091954090308,0.34282552625955165,0.0410794742290767,0.04148880720382279,2.5698829956127027,2.0564559362127106,1.909417979629596,0.1470379565831145,1.100775026638511,0.6604650159831067,0.44031001065540437,0.07207066343913,0.04937721426248083,0.06415855329831947,1.2249327413861448,0.139019958306987,0.007238064959016091,0.6862001083135413,0.34520150728060145,0.02747833455713905,0.0419776257595533,2.648844989610212,2.0970115159489913,1.9518770715650624,0.14513444438392864,1.1616131967419157,0.6969679180451496,0.46464527869676603,0.07112788853846835,0.04857853923834357,0.06308964828460908,1.2308345118323012,0.13117744799525907,0.007307610183748712
2085,0.6761998399340462,0.34264041619164626,0.03714362304074636,0.041365884536704554,2.5696820958880036,2.042287891221459,1.8938784780541238,0.1484094131673351,1.1263393630564662,0.6758036178338798,0.45053574522258644,0.07254954276220889,0.04978289854050991,0.06445678004064972,1.2219632847640538,0.13888018350741563,0.007224404268059144,0.6846211791625246,0.34501456441767336,0.0242917791829593,0.04188103567817733,2.6496854992194394,2.0862011750613463,1.9400703599811797,0.1461308150801666,1.1826918987304325,0.7096151392382597,0.47307675949217276,0.07147263833410744,0.04887059522239674,0.06329517844765331,1.2286677277954332,0.13107435662293157,0.007296564665980441
2086,0.6744115860445827,0.34248080844751505,0.03369073343002714,0.0412564875285856,2.569403696546286,2.0296727229861777,1.8800364597037085,0.14963626328246918,1.1489453947376291,0.6893672368425775,0.45957815789505163,0.07298171935116643,0.05014901843548694,0.06472860107388981,1.2192995940291174,0.13875777667382688,0.007212252643584054,0.6832188050629073,0.3448526441833028,0.021509977608259283,0.04179524612309063,2.6503685518214435,2.0765825660614907,1.9295603850075067,0.14702218105398399,1.2013469446898941,0.7208081668139368,0.4805387778759574,0.0717828419673832,0.04913338530528939,0.06348191721339094,1.22672660861992,0.1309841611740876,0.007286770710596664
2087,0.6728162221738248,0.34234248305190884,0.030681129687249162,0.04115889040580385,2.5690384658417935,2.0184142451819382,1.8676785623581238,0.15073568282381436,1.168933172472783,0.7013599034836698,0.4675732689891131,0.07337208470337042,0.05047971779635778,0.06497650311942947,1.2169066678678448,0.13864957304922287,0.007201415652219284,0.6819689916723333,0.34471166921202273,0.019100643417570916,0.04171878928876242,2.650888431618122,2.067996579627308,1.9201748248780297,0.14782175474927803,1.2178560112334862,0.730713606740092,0.4871424044933942,0.07206253723878539,0.04937033012369879,0.06365198547132359,1.224983285318037,0.13090435238891174,0.007278055479027456
2088,0.6713900887928277,0.34222333833459284,0.02803819230436455,0.04107164584721411,2.568572042594267,2.0083352429478647,1.8566101827981052,0.15172506014975962,1.1866030996602694,0.7119618597961617,0.4746412398641077,0.07372565044577403,0.05077924224026279,0.06520333558230543,1.2147499341652859,0.13855329874683417,0.007191742459154616,0.6808520896245086,0.3445896963123933,0.016993813555109386,0.04165046315997911,2.651235012503801,2.0602998270938486,1.911756487437038,0.14854333965681066,1.2324642084446042,0.7394785250667628,0.49298568337784143,0.07231586527954269,0.04958493785129578,0.06380780083325144,1.2234099101984324,0.13083321097495806,0.007270290049695467
2089,0.6701118640433318,0.3421205967846706,0.02567286559494135,0.04099344952555358,2.5680006088703524,1.9992861010701475,1.8466681243986676,0.15261797667148003,1.202220807452808,0.7213324844716849,0.48088832298112316,0.07404652846857837,0.05105107516923505,0.06541134273317067,1.2128012594966302,0.13846709805264576,0.007183087407015686,0.6798504384857286,0.344484077250578,0.01510643306579619,0.041589187384534876,2.6514088022782514,2.0533731533103667,1.9041758789632235,0.14919727434714308,1.2453882055250458,0.7472329233150278,0.49815528221001804,0.07254609723541253,0.04977997965054444,0.06395115904342757,1.2219845749612284,0.13076934362834766,0.007263349181960636
2090,0.6689633502287592,0.34203056002757487,0.02353283368923778,0.04092318823268021,2.567342051615035,1.991152477720977,1.8377293919053188,0.1534230858156581,1.2160210995161935,0.7296126597097161,0.48640843980647736,0.07433750366998848,0.05129757581943953,0.06560176339158662,1.2110412631284002,0.13838937561628295,0.00717531331152248,0.6789491002003731,0.34439118640404703,0.013391836634708117,0.04153404815238444,2.6514320152539415,2.047129582877785,1.8973403316521291,0.149789251225656,1.2568194726696866,0.7540916836018122,0.5027277890678744,0.07275523362460562,0.049957150267379416,0.06408286257332778,1.2206936126361798,0.13071152902036548,0.007257113627963406
2091,0.667934280951799,0.3419510073518368,0.021617751147259036,0.040860233954365895,2.5666512598783853,1.9838694344929235,1.8297242641121896,0.15414517038073391,1.228211659610326,0.7369269957661957,0.4912846638441304,0.07459995206149123,0.0515199098837757,0.06577477752995384,1.2094595549115927,0.13831916065049768,0.007168343194788127,0.6781407999803694,0.3443088462580642,0.011855161109595828,0.041484600453834335,2.6513646511959474,2.041529527643978,1.8912082439302715,0.15032128371370623,1.2669273454427927,0.7601564072656759,0.5067709381771168,0.07294392777501542,0.050117003170789695,0.06420267637720115,1.2195319052700033,0.13065908400636353,0.007251522645722406
2092,0.6670140024366847,0.3418786554764678,0.019907205868639824,0.040803934960938565,2.565979429016612,1.9773799847977191,1.8225930191128201,0.15478696568489894,1.2389773498396532,0.743386409903792,0.49559093993586123,0.07483481112829925,0.051718871556090174,0.06593028840067977,1.2080487109345883,0.13825521529710066,0.00716208714774107,0.6774176296067629,0.34423380133815357,0.010480915297249996,0.041440360514725584,2.651263323082685,2.0365392184234166,1.8857456605459326,0.15079355787748414,1.2758627708945873,0.7655176625367526,0.5103451083578348,0.07311243164712428,0.05025975180997104,0.06431009338039259,1.2184969510506283,0.13061104726051742,0.007246501272834152
2093,0.6661961261060599,0.34181355975384736,0.018381116722116064,0.040753900418800476,2.5653646314139875,1.9716297559762141,1.8162751822081726,0.15535457376804152,1.2484824153430245,0.7490894492058149,0.4993929661372097,0.07504375680632133,0.051895880611295755,0.06606900123772282,1.206797160291598,0.1381976468561388,0.007156510727293062,0.6767757146310142,0.3441661384405756,0.009253389619748163,0.04140109130199554,2.6511710568625704,2.0321249579603267,1.8809150450266814,0.15120991293364505,1.2837600197264811,0.7702560118358889,0.5135040078905923,0.07326177267216763,0.050386266576854896,0.06440541586495313,1.2175816209453427,0.13056769692343495,0.007242029316839045
2094,0.6654705100382681,0.341754805800173,0.017020020992688747,0.04070950987997937,2.5648139963476537,1.9665451297475438,1.8106899569296933,0.15585517281785052,1.2568733990299341,0.7541240394179606,0.5027493596119735,0.07522908422339451,0.05205288137489303,0.06619223175023072,1.2056899242276498,0.1381462734364332,0.007151547014327277,0.6762071114965714,0.3441049435796754,0.008157085972964238,0.04136630685326824,2.651098965506318,2.028231009741261,1.8766554690982964,0.15157554064296475,1.290739160680036,0.7744434964080218,0.5162956642720142,0.07339362468072964,0.05049796546282112,0.06448955997010841,1.2167749824154679,0.13052900790027977,0.007238052509215914
2095,0.6648238443346562,0.34170070452812185,0.015804482277812698,0.04066994911155,2.5643071141421854,1.962035947664946,1.8057390174614287,0.15629693020351723,1.2642801611345942,0.7585680966807566,0.5057120644538375,0.0753936477052098,0.05219229189878233,0.06630184792325897,1.204708975132152,0.138100323365327,0.007147101964001158,0.675700446032157,0.3440485133056426,0.007176178458424658,0.04133531135504714,2.6510297486514394,2.024782628563808,1.8728857485046313,0.151896880059177,1.2969066669113467,0.7781440001468082,0.5187626667645385,0.07351024604625134,0.050596761656756264,0.06456399911878245,1.2160626896470186,0.13049438110010705,0.007234488264559177
2096,0.6642403019483781,0.3416477896009387,0.014716055707709008,0.040634249914727194,2.5638136831978047,1.9580098463430844,1.801323534864965,0.15668631147811934,1.2708169138880658,0.7624901483328397,0.5083267655552262,0.07554006683910555,0.05231633137545516,0.06639955685124252,1.2038379427999963,0.13805811570733148,0.007143049436068418,0.6752415987800907,0.3439933561993564,0.006295551949620365,0.04130724107181431,2.6509357739797244,2.02170098572962,1.8695221203237384,0.15217886540588166,1.3023560894266433,0.781413653655986,0.5209424357706572,0.07361369929742195,0.050684402436986825,0.06463006532465648,1.2154317399806092,0.13046234670546233,0.007231220611255006
2097,0.6637178462434785,0.3416014475219675,0.013741995489654185,0.04060228771494414,2.5633125566153865,1.9543993061156832,1.7973625868820253,0.15703671923365797,1.2765832828889347,0.765949969733361,0.5106333131555737,0.07567204652705939,0.05242813842546062,0.06648821711862865,1.2030542249213405,0.13802054332416375,0.0071394268246387105,0.6748302539105229,0.3439449034582819,0.005505363475714967,0.041282076700864465,2.6507985586355605,2.0189308602095983,1.866497278491562,0.15243358171803637,1.307168800239997,0.7843012801439982,0.5228675200959988,0.07370716746503622,0.05076358431908082,0.06469025805576407,1.2148624268451902,0.13043386806418644,0.0072282984831608665
2098,0.6632551934589855,0.34156564753348023,0.012871691389207844,0.040573983990756,2.5627996379280202,1.9511563552161035,1.793798523618778,0.15735783159732564,1.281668523848737,0.7690011143092425,0.5126674095394946,0.07579224973096615,0.05252996898619598,0.06656980702340916,1.2023416025038303,0.137988344101608,0.007136262916966448,0.6744666854641619,0.3439071585836453,0.004797630362810855,0.04125983502137985,2.650616916739598,2.0164356189356343,1.8637661341407368,0.15266948479489761,1.3114179709981018,0.7868507825988611,0.5245671883992407,0.07379284742269757,0.05083616839212439,0.06474623392465131,1.214341166316389,0.13040974525875146,0.007225760916513736
2099,0.6628468521137207,0.3415397568656948,0.012094446333280905,0.04054900281355789,2.5622821150726782,1.948243599332293,1.7905904889792816,0.15765311035301152,1.2861527101556607,0.7716916260933966,0.5144610840622641,0.07590191261047599,0.05262287027459261,0.06664503424577144,1.2016924342853028,0.1379611032429454,0.007133519100560285,0.6741467341410127,0.34387948876674823,0.004164055978844894,0.04124026160364205,2.6504010357434247,2.0141882157333955,1.8612993291487503,0.1528888865846453,1.315169510991124,0.7891017065946744,0.5260678043964495,0.07387156723181601,0.0509028561512105,0.06479842004286347,1.2138627673622535,0.13038966929153664,0.007223577435288392
2100,0.6624843109121338,0.3415194979780017,0.011400790524214291,0.04052682351817932,2.5617775537125147,1.9456343078959892,1.7877134679748115,0.15792083992117775,1.2901068095628387,0.7740640857377034,0.5160427238251354,0.07600104349011871,0.05270684934280479,0.06671352397285502,1.2011064034700694,0.1379374221481489,0.0071311054296383436,0.6738630129766774,0.3438575885058322,0.003597375165047219,0.04122290456685595,2.6501714829360523,2.0121713338080376,1.859082338903924,0.15308899490411348,1.318481906720214,0.7910891440321285,0.5273927626880855,0.07394298475924692,0.05096335775706007,0.06484620261596687,1.21342917403507,0.1303723843124915,0.007221664305075359
2101,0.6621645413961693,0.34150340181645594,0.010783415242897262,0.04050726084014925,2.561313322912581,1.9433180936684786,1.7851575284391916,0.15816056522928695,1.2935929907889818,0.7761557944733892,0.5174371963155926,0.07608965011151642,0.05278191274917451,0.06677498699754969,1.200583223528374,0.13791693631649468,0.007128990744487657,0.6736135330411888,0.3438399747347103,0.0030921769524987278,0.041207642243540156,2.6499585469464186,2.0103831441748627,1.8571147557603016,0.1532683884145611,1.321406318643528,0.7928437911861169,0.5285625274574112,0.07400680212851825,0.05101742086258757,0.06488908363498282,1.2130420670433515,0.13035760066445504,0.007219996249270692
2102,0.6618865564978716,0.34149113014356275,0.010235766120774092,0.04049025438708423,2.5609173958646227,1.9412899121419362,1.782917435871032,0.1583724762709042,1.2966665999893177,0.7779999599935906,0.518666639995727,0.07616779337420618,0.05284811208495563,0.06682922983375274,1.200122321029235,0.13789980786877273,0.007127166488317041,0.6733982337968628,0.34382629457759684,0.0026435416296745687,0.04119447092588045,2.6497928497363854,2.008826209533365,1.8553998137039374,0.1534263958294273,1.3239883933874133,0.794393036032448,0.5295953573549652,0.07406280917311817,0.05106486742450421,0.06492668356299693,1.2127026034240167,0.13034551372506165,0.007218569974698886
2103,0.661648902975127,0.3414815526399912,0.009751581975006474,0.040475715246421504,2.560619396907278,1.9395485192505462,1.7809930461333021,0.15855547311724402,1.2993772512899602,0.7796263507739761,0.519750900515984,0.07623521091453915,0.05290522508787384,0.066875791818529,1.199725053850014,0.1378860149779091,0.007125614103425797,0.6732164381166733,0.3438153847224915,0.002246638578954595,0.04118334918465016,2.649706372818837,2.007505988653991,1.8539448523340099,0.15356113631998133,1.3262692008080446,0.7957615204848268,0.5305076803232177,0.07411050967617148,0.0511052770709646,0.0649583819131256,1.2124136831117043,0.13033613070944994,0.007217371014100277
2104,0.6614495807931595,0.3414756057450506,0.009324502934175007,0.04046352105452501,2.560417731893391,1.9380694479496472,1.7793561478397972,0.15871330010984994,1.3017693067559897,0.7810615840535938,0.5207077227023958,0.07629304719206072,0.05295422129079897,0.06691548850906927,1.1993845206576832,0.13787607614399613,0.007124329983066951,0.6730668391699824,0.3438081624683614,0.0018963482047789706,0.04117419706682484,2.6496988861175073,2.0064032919808468,1.8527275451071623,0.15367574687368446,1.3282855683505748,0.796971341010345,0.5313142273402298,0.07415080937726454,0.05113941710239801,0.06498482520083518,1.2121697300203769,0.13032996768399302,0.007216400097886299
2105,0.6612825144419269,0.3414731417030905,0.008946910190457638,0.0404533001527832,2.560285502117807,1.936806999777574,1.777956126774393,0.1588508730031811,1.303882292239023,0.7823293753434137,0.5215529168956092,0.07634306313338232,0.052996592468812144,0.0669496725085778,1.1990902372625607,0.13786968418675974,0.0071232755791912706,0.6729439615908667,0.34380446308981893,0.0015862111623220765,0.04116667963102978,2.6497442125730735,2.0054766407628786,1.8517019849633651,0.15377465579951338,1.3300703793495139,0.7980422276097083,0.5320281517398056,0.07418522891302462,0.051168575731392774,0.0650071919941339,1.2119614743718619,0.13032676703932644,0.007215622769606026
2106,0.6611438284452518,0.34147287080462374,0.008613743080821211,0.04044481548509137,2.5602245753940926,1.9357430308780406,1.7767742358519891,0.15896879502605155,1.305750565903506,0.7834503395421035,0.5223002263614025,0.07638566706890548,0.053032684540428,0.06697852811307237,1.1988397140597256,0.137865863578939,0.00712241569341626,0.672844474867012,0.34380297920997926,0.0013122571909172515,0.04116059316221031,2.6498455591451395,2.004712242405309,1.8508542789054976,0.15385796349981157,1.3316521337327365,0.7989912802396419,0.5326608534930946,0.07421398896379988,0.0511929399080706,0.06502553391053792,1.211787533510016,0.1303256440539618,0.007215007045497358
2107,0.6610292412726747,0.3414729792253558,0.008321432541881807,0.040437805137033406,2.560236818668211,1.9348611537996758,1.7757942536668878,0.1590669001327879,1.307404275002206,0.7844425650013235,0.5229617100008824,0.0764210836779565,0.053062687843516386,0.0670020902272242,1.198631558961214,0.13786380803201903,0.007121707914036031,0.6727645706144174,0.34380187805121576,0.0010718895850370669,0.041155704693228205,2.6500060080605135,2.004097572770976,1.8501725188607945,0.15392505391018196,1.333055815332865,0.7998334891997191,0.533222326133146,0.07423714863096399,0.05121255970036494,0.06503976885525209,1.2116475114198404,0.130325865218093,0.0072145132224478315
2108,0.6609358765661586,0.34147344944212754,0.00806742010832845,0.04043209314793991,2.560313467710459,1.9341392743007186,1.7749916502565468,0.1591476240441717,1.3088696957565202,0.7853218174539122,0.5235478783026081,0.07645018052078728,0.053087337334751135,0.06702099680076407,1.1984606182114723,0.13786327198109077,0.007121134433496501,0.6727018352818357,0.3438011435209739,0.0008634119699377357,0.04115186657819167,2.650217713739504,2.003613824135885,1.8496358249860267,0.1539779991498581,1.334303147922462,0.8005818887534772,0.5337212591689848,0.07425541255966925,0.051228032050858435,0.06505041695430616,1.2115371186545243,0.130327228806676,0.007214126616904009
2109,0.6608644325675225,0.3414745429347472,0.007851025760265855,0.040427722229782734,2.5604712440066417,1.9335802399053055,1.7743693031101817,0.15921093679512371,1.3101699014941,0.78610194089646,0.5240679605976399,0.07647289111565247,0.05310657669389126,0.06703509533392228,1.1983272404383927,0.13786412167640974,0.0071207019997091715,0.672657400859602,0.34380103612655377,0.0006869084698789898,0.041149148066388884,2.6504988624913595,2.003267323913508,1.8492509423794095,0.15401638153409877,1.3354132001865833,0.80124792011195,0.5341652800746333,0.07426859168669647,0.05123919679398979,0.0650572393957205,1.2114574763832604,0.13032963554740482,0.007213856519340111
2110,0.6608163312846493,0.3414769501096705,0.007671051182788498,0.04042477934948257,2.5607269151765015,1.933188533071545,1.7739314364615848,0.1592570966099603,1.3113257978581945,0.7867954787149167,0.5245303191432777,0.0764891833012469,0.05312037867537565,0.06704427958026443,1.1982315815511118,0.1378667693719416,0.007120425624300392,0.6726330620506528,0.34380223470682403,0.0005417966393939308,0.0411476589271559,2.650867544676723,2.0030656330361465,1.8490255284728159,0.15404010456333084,1.3364033603398453,0.8018420162039072,0.5345613441359381,0.07427654425153105,0.05124593383684781,0.06506005218308115,1.2114094251923873,0.13033348780087478,0.007213720040846172
2111,0.6607877730344197,0.34148139343270534,0.007523012032097341,0.04042303203714431,2.561051262039596,1.932928255071464,1.773637371442013,0.15929088362945087,1.3123564843293052,0.7874138905975832,0.524942593731722,0.07650065859375514,0.05313010000918986,0.06704986606821482,1.198164216883437,0.13787158622603538,0.007120288253205669,0.6726253248907784,0.34380545057546835,0.00042413230101095295,0.041147185395579884,2.651294712193144,2.002974664970777,1.8489209301635492,0.15405373480722798,1.3372896367159914,0.8023737820295949,0.5349158546863966,0.07428072498674947,0.05124947556117579,0.06506006083976741,1.2113841662482396,0.13033914722251638,0.0072137025368457725
2112,0.6607696552011983,0.34148712764868316,0.007399706068770516,0.04042192344909813,2.561384857416337,1.9327363147405532,1.7734178231143818,0.15931849162617137,1.3132783905032586,0.7879670343019552,0.5253113562013033,0.07650968141185253,0.05313774372080825,0.06705381885549426,1.19811125622683,0.1378778204888731,0.007120226949551553,0.6726253447577278,0.3438099332692424,0.0003272739911406447,0.041147186412784253,2.6517204537263246,2.0029323569768738,1.8488690109127957,0.15406334606407832,1.3380857380225482,0.8028514428135288,0.5352342952090193,0.07428333222109527,0.051251684288786806,0.06505910097926271,1.211368414692867,0.1303459302166551,0.007213743586601039
2113,0.6607536489343137,0.34149278971987423,0.007294755385795236,0.04042094410015083,2.561679818554252,1.9325612721290464,1.7732171290583487,0.15934414307069766,1.3141044824931725,0.7884626894959036,0.5256417929972689,0.0765180093486342,0.053144798761312034,0.0670575810714943,1.1980623797229195,0.13788407669350164,0.007120178065224383,0.672625056134967,0.3438143315359813,0.0002454076872873412,0.041147168604518225,2.6520967340921064,2.00288843802356,1.8488153941890033,0.15407304383455692,1.3388022331718388,0.8032813399031032,0.5355208932687355,0.07428598214926813,0.05125392918462136,0.06505850702188595,1.2113524057526375,0.13035256068432483,0.0072137819953193025
2114,0.6607348277620332,0.3414967650586223,0.007203670365553763,0.040419792640511105,2.5619183797390597,1.9323801443132114,1.7730115213206288,0.1593686229925826,1.3148447640307181,0.788906858418431,0.5259379056122871,0.07652619918988293,0.05315173681370653,0.06706156476329801,1.198014318802286,0.1378890561996537,0.007120096777870995,0.6726197994971355,0.3438170506007755,0.00017453978384660007,0.04114684695285295,2.652406341295251,2.0028215796664393,1.8487381286462625,0.1540834510201765,1.339447021081648,0.8036682126489888,0.5357788084326592,0.07428913376585317,0.0512565990875328,0.06505861792034237,1.2113333666989146,0.13035785338625575,0.007213774975045407
2115,0.660712681364662,0.3414985731941816,0.007124357620156736,0.04041843785757143,2.5621064342837796,1.9321934318407354,1.7728020823757478,0.15939134946498776,1.315507253180053,0.7893043519080318,0.5262029012720211,0.07653412148034011,0.05315844820952081,0.06706561518508952,1.1979678327799044,0.13789223812863233,0.0071199756671962355,0.672609343882385,0.3438176384522503,0.00011297360673760692,0.041146207336524576,2.6526562280943042,2.0027342581206145,1.8486404607705582,0.1540937973500562,1.3400262788729103,0.8040157673237461,0.5360105115491641,0.07429259240734255,0.051259529087655936,0.06505923190042699,1.2113124737980236,0.1303613500874055,0.00721371699902383
2116,0.6606875255281496,0.3414977894527221,0.007055657512185974,0.040416899057502176,2.5622557493408533,1.9320074648130137,1.772596310859865,0.15941115395314864,1.3160990641349801,0.7896594384809882,0.5264396256539919,0.07654142481789204,0.053164635257236526,0.06706939036567483,1.1979249828120864,0.13789348331189663,0.007119812924739222,0.6725942567111812,0.3438156908256173,5.987667362816751e-05,0.04114528445732953,2.652859329553595,2.002634739256504,1.8485320176963373,0.15410272156016658,1.3405455197620963,0.8043273118572577,0.5362182079048387,0.07429595323413299,0.051262376223717876,0.06505996871425972,1.211292172679253,0.13036294214555416,0.007213607813892011
2117,0.6606614625204028,0.34149476631359177,0.006997484573839169,0.04041530482413663,2.5623841489446804,1.9318351407550565,1.7724081512484129,0.15942698950664347,1.3166266628271124,0.7899759976962676,0.5266506651308448,0.07654767022716247,0.0531699260773425,0.06707248823475889,1.197888343086019,0.13789305863604348,0.007119624698995013,0.6725768759615945,0.3438115751291171,1.543258951505061e-05,0.041144221320664254,2.6530347327336985,2.002537822939007,1.8484288412568248,0.1541089816821821,1.341009819128123,0.8046058914768738,0.5364039276512492,0.07429873353179452,0.051264731562516534,0.06506039496812743,1.2112753789261752,0.13036289757176953,0.007213464938974051
2118,0.6606367684330134,0.34149052318194484,0.006949817252166084,0.04041379436592167,2.562503256432204,1.9316845561784761,1.7722454830031145,0.15943907317536168,1.317096289048482,0.7902577734290894,0.5268385156193927,0.07655276362258494,0.05317424096492501,0.06707481731728146,1.1978584640166239,0.13789159584356497,0.007119434129292545,0.6725596847843298,0.3438063179881957,-2.0165454364763635e-05,0.04114316980372601,2.6531951020775586,2.002453200145284,1.8483405746329808,0.1541126255123031,1.3414242124076297,0.8048545274445777,0.5365696849630519,0.07430079170650816,0.05126647515235749,0.06506038361174019,1.2112629473816539,0.13036182145179862,0.007213312791676365
2119,0.6606133397946947,0.34148639135211334,0.006911430048155615,0.04041236132458263,2.5626007652820304,1.9315426693339472,1.7720923569838885,0.15945031235005877,1.3175140138302364,0.7905084082981421,0.5270056055320943,0.07655753292102374,0.053178281292624724,0.06707709009880797,1.1978304879523478,0.1378897581943955,0.007119252379867913,0.6725427569429583,0.34380125633270714,-4.794751143611525e-05,0.041142134392312145,2.6533285625402225,2.002368785965007,1.848252325665983,0.1541164602990239,1.3417937281237327,0.8050762368742396,0.5367174912494931,0.07430288556225502,0.05126824896950939,0.06506059173401378,1.2112503006670956,0.1303603476848744,0.007213164023459233
2120,0.6605887897933147,0.3414828931744369,0.006879341121051222,0.040410859676774255,2.562653669599222,1.9313863505368056,1.7719225013555309,0.15946384918127487,1.3178852804061516,0.7907311682436912,0.5271541121624604,0.07656302831484502,0.053182936734543856,0.06708020076859925,1.1977982548408375,0.13788766750128476,0.007119069296598358,0.6725238504446054,0.3437969143117163,-7.069859332532041e-05,0.041140977923882154,2.6534122735384775,2.0022620887849043,1.8481385295185069,0.15412355926639754,1.342122906699951,0.8052737440199705,0.5368491626799804,0.07430598942951722,0.051270878421416526,0.06506185289838017,1.2112315542153966,0.13035860330778173,0.007213009833993032
2121,0.6605602636715279,0.3414799518103217,0.006849946976084709,0.040409114786256174,2.562641142462081,1.9311943921691237,1.771712436267561,0.15948195590156272,1.3182145103241998,0.79092870619452,0.5272858041296797,0.07657008662043235,0.05318891620258162,0.06708485328340454,1.197756857849959,0.13788506256518077,0.007118866510944195,0.6725002412903165,0.34379321918049793,-9.183143842885627e-05,0.04113953376253911,2.653425603218622,2.002112503709553,1.847976371547296,0.1541361321622568,1.3424153861188768,0.8054492316713261,0.5369661544475507,0.07431087337637829,0.05127501587392447,0.06506481782845216,1.2112020581555951,0.13035635845855917,0.007212833051446025
2122,0.6605268079234359,0.3414773422019509,0.006821120045654931,0.04040706832938187,2.562559648873565,1.9309615502983735,1.7714565816579133,0.15950496864046024,1.3185051120260856,0.7911030672156516,0.527402044810434,0.07657886849431272,0.05319635579747163,0.06709116825129535,1.1977053573714431,0.1378816705990482,0.007118636114563528,0.6724710974111161,0.343789950280017,-0.00011330509514062559,0.04113775101459613,2.6533655311127617,2.001915620910131,1.8477611936537301,0.15415442725640097,1.3426738957650528,0.8056043374590317,0.5370695583060211,0.0743176572059414,0.05128076281864716,0.0650695753577743,1.211161091098729,0.13035337084912285,0.007212626614430108
2123,0.6604854652566344,0.3414742738287326,0.006790444831881903,0.040404539397752466,2.5623946433156086,1.930672401087527,1.7711386658707098,0.15953373521681713,1.3187599624081643,0.7912559774448988,0.5275039849632654,0.07658981623616112,0.053205630214916214,0.06709950298783274,1.1976411635071613,0.13787718695244797,0.007118352769963061,0.672433561380206,0.3437863237454054,-0.00013737918789542142,0.04113545488185384,2.653217726697562,2.001656533513109,1.8474772912950996,0.15417924221800933,1.3429007256707706,0.8057404354024623,0.5371602902683082,0.07432673645524807,0.051288454336160055,0.06507644590279489,1.211106267866035,0.13034936527440324,0.007212366044834078
2124,0.660436522741241,0.34146993007923804,0.006756855484946013,0.04040154556512114,2.56215902258495,1.9303366678008131,1.7707703870537452,0.15956628074706797,1.3189810592186744,0.7913886355312049,0.5275924236874695,0.0766023535268372,0.05321625122415852,0.06710933654944051,1.197567660162635,0.13787122430165766,0.007118011007605175,0.6723880275726942,0.3437815312796207,-0.0001649866794554561,0.04113266950333016,2.6529959099289746,2.0013459882533207,1.8471374907011338,0.15420849755218702,1.3430973653797347,0.8058584192278408,0.5372389461518938,0.074337522726982,0.05129759196363762,0.06508490055320801,1.2110411455906287,0.13034398980026993,0.007212046345418812
2125,0.6603849413225684,0.34146427380925665,0.006721682130713752,0.040398390312363,2.5618966354196737,1.9299927757741067,1.7703944807126404,0.15959829506146617,1.3191702578450553,0.7915021547070333,0.5276681031380219,0.0766149243309068,0.05322690062438827,0.0671193136287303,1.197493972228925,0.1378640284964557,0.0071176412335593525,0.6723395615103983,0.3437755376324776,-0.00019473815486120705,0.041129704758066404,2.652745342397635,2.0010239192996564,1.8467862017838552,0.15423771751580106,1.3432652343562999,0.8059591406137798,0.53730609374252,0.0743484848481361,0.05130687856256086,0.06509360661656854,1.210974971042599,0.1303374788818907,0.007211697889617351
2126,0.66033635521861,0.34145803187031376,0.006686900110308515,0.04039541828699457,2.5616489014265666,1.9296772817307484,1.7700507692315286,0.1596265124992197,1.3193302203250634,0.7915981321950382,0.5277320881300253,0.07662622039942003,0.05323647012797405,0.06712830263492352,1.19742776673557,0.1378565030017211,0.00711728480822227,0.6722938709571402,0.3437690596669422,-0.00022466260374755243,0.0411269097934292,2.6525086379283347,2.000728148888643,1.8464646639946851,0.1542634848939576,1.3434066232227495,0.8060439739336496,0.5373626492890999,0.074358338017618,0.05131522570923211,0.06510145340000581,1.210915498955761,0.13033067280148866,0.007211361817862323
2127,0.6602917829113926,0.3414517675590114,0.00665252806893795,0.04039269177094521,2.5614202405764126,1.929392816733065,1.769741558974645,0.15965125775841985,1.319464469336279,0.7916786816017675,0.5277857877345115,0.07663626308733801,0.05324497782584514,0.06713631634048171,1.197368915292033,0.13784941245836133,0.00711695304180749,0.6722520091273438,0.34376264530725964,-0.00025473396497725787,0.04112434901682508,2.6522904944597725,2.00046171566363,1.8461756534046312,0.15428606225899907,1.3435247350919024,0.8061148410551413,0.5374098940367611,0.07436708725238868,0.05132263765378721,0.06510844090920663,1.2108626964632938,0.13032427897051774,0.007211049519693551
2128,0.6602519165234282,0.3414459014612882,0.006618377825061084,0.04039025310236581,2.561213815699039,1.9291408199515772,1.769467988308081,0.15967283164349622,1.3195763789849295,0.7917458273909579,0.5278305515939716,0.07664508933771254,0.05325245501443595,0.06714337928642966,1.197317198599896,0.137843022157803,0.007116653956519682,0.6722146968696681,0.3437567003556217,-0.00028509963619260253,0.041122066524365015,2.652094309163215,2.000226406685028,1.8459207111183065,0.15430569556672144,1.343622663408181,0.8061735980449084,0.5374490653632725,0.07437475380162578,0.051329132397540674,0.06511458137260623,1.210816433054328,0.13031854231994885,0.007210769072522822
2129,0.6602172937977591,0.34144075066456725,0.006584514088474512,0.04038813517777591,2.561032525203541,1.9289224979950679,1.7692310505688678,0.1596914474262001,1.319669124391122,0.7918014746346734,0.5278676497564486,0.07665272197115196,0.053258921026303876,0.06714950292863926,1.1972724805375232,0.13783750002373663,0.007116393699935111,0.6721824921041901,0.3437515278380732,-0.00031565200383130987,0.04112009644728306,2.651923159539637,2.0000237091809,1.8457011576748592,0.1543225515060408,1.3437033364412967,0.8062220018647779,0.5374813345765188,0.07438134758327225,0.05133471834251222,0.06511987622655989,1.210776646919928,0.13031361736144018,0.007210526627749842
2130,0.6601883428467055,0.3414365518847161,0.006551271363733971,0.0403863641883643,2.5608791163842914,1.928738955613786,1.7690317139573541,0.1597072416564317,1.3197456707115618,0.7918474024269373,0.5278982682846245,0.07665916968783112,0.053264383231832205,0.06715468606765328,1.1972347080803187,0.13783296930158367,0.007116177027378096,0.6721558352460641,0.34374735094559705,-0.00034601577278331463,0.041118465729687886,2.65177992172262,1.9998549483132435,1.845518220991817,0.1543367273214265,1.343769501218005,0.8062617007308029,0.5375078004872021,0.07438686702798564,0.05133939415922795,0.06512431641501179,1.2107433458516805,0.1303096164084126,0.007210326895505936
2131,0.6601653690512392,0.341433470926292,0.0065191698152522945,0.04038495881816426,2.5607559661518864,1.9285910081859214,1.768870702826038,0.15972030535988352,1.319808772209747,0.7918852633258484,0.5279235088838985,0.07666443679454,0.05326884527953299,0.06715892342621471,1.197203854274632,0.13782951722918416,0.007116007304561861,0.6721350371286843,0.343744322496419,-0.00037563267825053287,0.04111719338939909,2.6516670525164656,1.9997211032442601,1.8453728216292151,0.154348281615045,1.3438237181454176,0.8062942308872505,0.5375294872581671,0.07439130821892165,0.051343156529519665,0.06512789047930839,1.2107165520741088,0.13030661766715507,0.007210173157762825
2132,0.6601485303843018,0.34143160770353287,0.006488807081591677,0.04038392873432804,2.5606648118484974,1.9284789462681937,1.7687482305690851,0.15973071569910868,1.31986096879902,0.7919165812794122,0.5279443875196077,0.07666853386051145,0.053272316123168455,0.06716221496801958,1.1971798558084379,0.1378271948053103,0.007115886399057831,0.6721202555553552,0.34374253014114226,-0.00040386965731212254,0.04111628908336886,2.6515863210883768,1.9996225747082492,1.8452653088344093,0.15435726587383986,1.3438683537566125,0.8063210122539675,0.537547341502645,0.07439467494276221,0.051346008661288065,0.06513059337643934,1.2106962416091656,0.13030466520488646,0.0072100671735891774
2133,0.6601378183807427,0.3414309953027381,0.006460759901994406,0.04038327342290588,2.5606065948230725,1.9284023982343248,1.7686638480254855,0.15973855020883923,1.3199045779959782,0.7919427467975871,0.527961831198391,0.07667148305753217,0.05327481454564455,0.06716457053762476,1.197162581736693,0.13782601350786589,0.007115814553983975,0.6721114775664842,0.3437419956677522,-0.00043011700107514067,0.041115752022827315,2.6515386564050636,1.9995590530774325,1.84519531470985,0.1543637383675825,1.3439055694920223,0.8063433416952134,0.537562227796809,0.07439698358815112,0.05134796443822953,0.06513243075622478,1.2106823147371168,0.13030376609218605,0.007210009065243774
2134,0.6601330622053156,0.3414315987409348,0.006435525031905941,0.040382982437594785,2.5605815024957983,1.9283603728751566,1.768616492172281,0.1597438807028756,1.3199416838725289,0.7919650103235175,0.5279766735490113,0.07667331616190919,0.05327636746636987,0.06716600815825324,1.1971518451822551,0.13782594353912686,0.007115790402247171,0.6721085248411584,0.3437426739853205,-0.0004538471318467005,0.04111557130361901,2.651524197735835,1.999529570180198,1.8451618129021647,0.15436775727803323,1.343937308056117,0.8063623848336703,0.5375749232224467,0.07439826094370175,0.051349046554410735,0.06513341709425356,1.210674609282541,0.13030388895266948,0.007209997341662612
2135,0.6601339621770366,0.34143332445558744,0.006413505730836246,0.04038303745033514,2.5605891413420343,1.9283514293697253,1.7686046645862308,0.1597467647834944,1.319974127926339,0.7919844767558036,0.5279896511705354,0.07667406985348146,0.05327700595879713,0.0671665501601573,1.1971474308527355,0.13782691842223618,0.007115811258473183,0.6721110886306499,0.3437444628086842,-0.000474627917017037,0.04111572804300896,2.651542478742964,1.9995326805774947,1.8451633094117215,0.15436937116577318,1.3439652822187373,0.8063791693312424,0.5375861128874949,0.07439853941919447,0.05134928246588939,0.06513357175596625,1.2106729294287824,0.1303049684304105,0.007210029198649114
2136,0.6601401336247608,0.3414360386409816,0.006395022491567148,0.040383414933805414,2.5606287025136973,1.9283738452380392,1.7686265979722298,0.15974724726580936,1.3200035075691126,0.7920021045414677,0.5280014030276449,0.0766737831066183,0.05327676304019832,0.06716622123332877,1.197149110294336,0.13782884470778722,0.0071158735533353576,0.6721187749425116,0.34374722111519684,-0.0004921118671923352,0.041116198143454144,2.6515926035886026,1.9995666399246612,1.8451980205548066,0.15436861936985463,1.3439909717229934,0.8063945830337961,0.5375963886891973,0.07439785432277009,0.05134870208407938,0.0651329169496215,1.2106770621197134,0.13030691439912895,0.007210100961230826
2137,0.6601511363363375,0.3414395866790521,0.006380321839533458,0.04038408796259815,2.5606989976490393,1.9284256637243515,1.768680287526747,0.15974537619760443,1.3200311835371534,0.7920187101222922,0.5280124734148612,0.0766724996941632,0.053275675792889506,0.06716505088489282,1.1971566271957739,0.13783161247361259,0.007115973188244319,0.6721311350506545,0.34375078859938074,-0.000506027263075276,0.04111695415868652,2.65167328968188,1.9996294592463542,1.8452639119583618,0.15436554728799232,1.3440156295391967,0.8064093777235181,0.5376062518156787,0.07439624609991041,0.05134733967251076,0.06513147995413289,1.210686763526208,0.13030962187076262,0.007210208446129561
2138,0.6601664780960371,0.3414438093278691,0.006369571027644322,0.040385026429355125,2.5607983135407584,1.9285045721760827,1.7687633380703347,0.15974123410574814,1.3200582924507056,0.7920349754704236,0.528023316980282,0.0766702767711788,0.05327379263598007,0.06716308108219886,1.19716964707768,0.137835103277802,0.007116105700669884,0.6721476698057472,0.3437550018314192,-0.000516183235563572,0.041117965557140534,2.6517827245207384,1.999718785689801,1.8453585483634938,0.15436023732630738,1.3440402935954079,0.8064241761572447,0.5376161174381632,0.07439376846919563,0.05134524073906489,0.06512930037816811,1.2107017099345938,0.13031297850579351,0.007210347135303281
2139,0.660185598589142,0.34144855482102565,0.006362839406406806,0.040386196060049895,2.560924145292503,1.9286076673271586,1.768872689997597,0.1597349773295615,1.3200857588248427,0.7920514552949058,0.5280343035299369,0.0766671970858544,0.05327118366988532,0.06716037696951306,1.1971876857203667,0.137839194170288,0.00711626627156649,0.6721678141463806,0.3437597063465001,-0.0005224879677812877,0.04111919777434535,2.6519182976478004,1.9998316670369691,1.8454788187295905,0.15435284830737872,1.3440657981970165,0.8064394789182099,0.5376263192788067,0.0743905000906924,0.05134247192088981,0.06512644041441756,1.2107214273062659,0.13031686845446727,0.00721051219236131
2140,0.6602078507387015,0.34145368471909043,0.006360075376384486,0.040387557272351146,2.5610729754449064,1.9287312581811953,1.7690043938487938,0.15972686433240152,1.3201143026601871,0.7920685815961126,0.5280457210640745,0.07666337823968244,0.05326794852111713,0.0671570349468573,1.197210054843897,0.13784375770243157,0.007116449661646339,0.6721909189662358,0.34376476251974675,-0.0005249711866130574,0.04112061110374391,2.652076379136687,1.9999643542570245,1.8456207104127325,0.15434364384429197,1.344092781206591,0.8064556687239546,0.5376371124826365,0.0743865533902778,0.051339128459956904,0.06512299254805756,1.2107452379635066,0.13032117246988356,0.007210698406367233
2141,0.6602324975338464,0.34145907554804006,0.006361090839415523,0.04038906498175851,2.5612402299648673,1.928870826343668,1.7691535644397218,0.1597172619039463,1.3201444425419084,0.7920866655251454,0.528057777016763,0.07665897462446389,0.05326421798322468,0.06715318436108503,1.1972358506515723,0.1378486608065229,0.007116650206495823,0.6722162484488889,0.3437700472480758,-0.0005237992635561406,0.04112216053381404,2.6522522783148625,2.000112264483913,1.845779266187355,0.1543329982965582,1.3441216868791792,0.8064730121275074,0.5376486747516718,0.07438207631315212,0.05133533568855526,0.065119081091734,1.2107722499023044,0.13032576695031298,0.007210900191291222
2142,0.6602587402353493,0.3414646221450226,0.00636556673636772,0.040390670327199264,2.561420481792575,1.9290212113491327,1.7693145831158827,0.15970662823325,1.320176497794487,0.7921058986766926,0.5280705991177944,0.07665417066669265,0.05326014829375141,0.06714898170661981,1.197263993279385,0.1378537663633603,0.007116862021394265,0.6722430087979588,0.34377545732850784,-0.0005192695407126302,0.04112379750575899,2.6524404548202694,2.0002701732077792,1.8459487940916461,0.15432137911613308,1.344152767881039,0.8064916607286233,0.5376611071524157,0.07437724569407705,0.051331243412866046,0.06511485649059331,1.2108013966721416,0.1303305254595283,0.007211111791344182
2143,0.6602857856864115,0.3414702470957332,0.006373084349506543,0.040392324788760446,2.56160792220175,1.929177040096008,1.7694815645644848,0.15969547553152308,1.3202105960621082,0.7921263576372652,0.528084238424843,0.076649165619012,0.05325590825026453,0.06714459758825281,1.1972933157834,0.13785894017395436,0.007117079502474659,0.6722704160215472,0.3437809188367973,-0.0005117793844869392,0.041125474060215994,2.652635002453034,2.0004326549036024,1.8461233467415177,0.15430930816208469,1.3441860928525273,0.8065116557115163,0.537674437141011,0.07437225247776791,0.051327013392366526,0.06511048264241615,1.2108315264504323,0.1303353252307359,0.007211327777788039
2144,0.6603129441614912,0.34147591920405834,0.006383173718862982,0.040393986173408905,2.561796998182566,1.9293333077461479,1.7696489820266579,0.1596843257194899,1.3202466935931798,0.7921480161559081,0.5280986774372717,0.07664415431843649,0.05325166290961608,0.0671402002879973,1.1973226768094607,0.13786406470942658,0.007117298097053379,0.6722977940349426,0.3437864053559614,-0.0005017787370826116,0.04112714883850832,2.6528303013633914,2.0005946769749228,1.846297361300441,0.15429731567448193,1.3442215667715842,0.8065329400629504,0.5376886267086338,0.07436728306795734,0.05132280353962477,0.06510612095416565,1.2108615145311763,0.1303400599076339,0.007211543810143733
2145,0.6603397407744674,0.3414816839396813,0.006395367727047359,0.040395625430069956,2.5619830407629123,1.9294859528052635,1.7698122729232162,0.1596736798820473,1.3202846130661599,0.7921707678396961,0.5281138452264638,0.07663931093278398,0.053247559818676536,0.06713594204023962,1.1973510558240088,0.13786905913673433,0.007117515263908851,0.672324685953071,0.34379196794262007,-0.0004897175253697067,0.04112879389064619,2.653021659255402,2.0007521858882096,1.8464662779145538,0.15428590797365568,1.3442589689014142,0.8065553813408484,0.5377035875605658,0.07436250360641199,0.051318754602214134,0.06510191705217372,1.2108903582011992,0.13034465805382134,0.007211757584241836
2146,0.6603660313760972,0.341487708282547,0.006353657223821446,0.04039723373930883,2.5621627801392903,1.9296323345358923,1.7699683201906278,0.15966401434526456,1.3203240999144372,0.7921944599486626,0.5281296399657747,0.07663477994726561,0.05324372137859324,0.06713195173083056,1.197377605979593,0.13787390387049092,0.007117731588733881,0.6723509694697645,0.3437977792391728,-0.0005326018257441403,0.04113040173330922,2.6532058351009282,2.000902591541941,1.8466270295797962,0.1542755619621448,1.344298009201887,0.806578805521132,0.537719203680755,0.07435805130140771,0.051314982816600976,0.06509799374913279,1.2109172291292316,0.13034910582640413,0.007211969933925095
2147,0.6603550653311789,0.34149102879264737,0.006341780954422477,0.04039656291475398,2.5620562321269578,1.929517684906894,1.7698372944080296,0.1596803904988644,1.3203648961982133,0.7922189377189282,0.5281459584792851,0.07664015967830054,0.0532482788363821,0.06713648783046547,1.1973460825709354,0.1378734130681825,0.007117693015990795,0.6723401414293798,0.3438010414630417,-0.0005441324123151917,0.041129739319068215,2.653098178995271,2.00078710495399,1.8464951376898804,0.1542919672641094,1.3443384021756513,0.8066030413053905,0.5377353608702607,0.07436318606508341,0.05131933274944259,0.06510232699692063,1.210886239460431,0.13034866745504725,0.007211934043945918
2148,0.660345545331763,0.3414938325319488,0.006331495927065889,0.04039598054975587,2.5619640952984297,1.9294188832091506,1.7697244435116533,0.15969443969749722,1.3203994196446274,0.7922396517867766,0.5281597678578508,0.07664478296699505,0.05325219547142094,0.06714038755964798,1.1973189933980133,0.13787285751316156,0.0071176588264707605,0.6723307455287281,0.34380379509093384,-0.0005541055133722467,0.041129164515031465,2.653005144651658,2.0006876271937513,1.846381590505281,0.15430603668847018,1.344372590243962,0.8066235541463771,0.537749036097585,0.07436759686217782,0.05132306937148608,0.06510605058553245,1.2108596207833289,0.13034817177484748,0.007211902193056355
2149,0.6603373624490038,0.3414962571936818,0.00632271826057712,0.040395479976358756,2.5618844324127408,1.9293338267666238,1.7696272803648303,0.1597065464017935,1.3204285867465173,0.7922571520479106,0.5281714346986067,0.07664876582860143,0.05325556956643279,0.06714374968268072,1.197295657959162,0.1378723850448724,0.007117629566050884,0.6723226709142993,0.34380617480178044,-0.0005626160795283233,0.0411286705356047,2.65292474814634,2.000602015769136,1.8462838599511535,0.15431815581798247,1.3444014803253115,0.8066408881951866,0.5377605921301248,0.0743713952926727,0.05132628722504267,0.06510925960921313,1.210836698900556,0.13034775050621275,0.00721187493934647
2150,0.6603303788949673,0.3414983869791146,0.00631524490660796,0.040395052765662784,2.5618155974169685,1.9292606834915806,1.7695436770799684,0.15971700641161224,1.3204532005616665,0.7922719203370001,0.5281812802246664,0.07665220122354745,0.05325847987316615,0.06714665261157904,1.197275531064434,0.13787199446406925,0.007117605127447333,0.6723157809402337,0.3438082635054425,-0.0005698618161603525,0.04112824902167414,2.652855315527505,2.0005284170712514,1.8461997956421212,0.15432862142913034,1.3444258664756406,0.806655519885384,0.5377703465902566,0.074374670463429,0.05132906179729847,0.06511202931068753,1.2108169355760814,0.13034740278680676,0.007211852211803342
2151,0.660324461550863,0.3415002807177977,0.006308897876725755,0.04039469077444441,2.5617562065776145,1.929197890616893,1.7694718328069183,0.15972605780997473,1.3204739562844932,0.7922843737706962,0.528189582513797,0.0766551655037023,0.05326099107337159,0.06714916042551236,1.1972581649945098,0.1378716810595198,0.007117585207255264,0.6723099437057711,0.343810119230498,-0.0005760158557070044,0.041127891904450355,2.6527954392944006,2.000465250404342,1.846127577684727,0.1543376727196148,1.3444464360161232,0.8066678616096736,0.5377785744064496,0.07437749556165021,0.05133145508904652,0.06511442118233238,1.2107998887971043,0.1303471244791829,0.007211833740862781
2152,0.660319482883655,0.3415019801858044,0.006303520304010005,0.04039438620121468,2.5617050591724486,1.9291440851904724,1.7694101873927188,0.1597338977977537,1.3204914529662162,0.7922948717797299,0.5281965811864863,0.07665772310140355,0.05326315775112716,0.06715132701646905,1.1972431819804767,0.13787143799456916,0.007117569385406689,0.672305032902983,0.34381178324368294,-0.0005812306521641164,0.04112759145731369,2.6527438983418894,2.0004111376644134,1.8460656296484905,0.15434550801592273,1.3444637811556652,0.8066782686933989,0.5377855124622664,0.07437993233586672,0.0513335194107683,0.06511648693042825,1.2107851856877516,0.1303469094563934,0.007211819137717116
2153,0.6603153211636549,0.3415035149296717,0.0062989734314745915,0.04039413159951931,2.561661091168625,1.929098061346335,1.7693573686208293,0.15974069272550576,1.3205062042463258,0.7923037225477957,0.5282024816985301,0.07665992934519891,0.05326502677820379,0.06715319856015192,1.197230257674398,0.13787125701704672,0.007117557169315072,0.672300928012269,0.34381328477550116,-0.0005856409418537115,0.04112734030776305,2.6526996110871286,2.000364860071972,1.8460125653147117,0.15435229475726045,1.3444784096206952,0.8066870457724169,0.5377913638482783,0.074382033792189,0.051335299666774,0.06511827084297839,1.210772506207538,0.13034675026505155,0.007211807938678336
2154,0.6603118612003972,0.3415049057602088,0.006295134436681109,0.04039391992294704,2.5616233477626555,1.9290587437960092,1.7693121589300007,0.15974658486600835,1.3205186480544244,0.7923111888326548,0.5282074592217696,0.07666183232015474,0.05326663889003209,0.06715481514238404,1.1972191102271972,0.13787112899407503,0.007117548029431292,0.6722975150311278,0.3438146444559032,-0.0005893658802328949,0.04112713148198978,2.6526616076130995,2.000325331301124,1.845967155056452,0.1543581762446721,1.3444907542610796,0.8066944525566476,0.5377963017044319,0.07438384597943995,0.0513368348674835,0.06511981135177732,1.2107615723571428,0.13034663862767593,0.007211799640986654
2155,0.6603089954231474,0.3415061673196885,0.006291894936615285,0.040393744591222,2.561590968855509,1.9290251724924568,1.7692734755620723,0.15975169693038457,1.320529155489061,0.7923174932934367,0.5282116621956243,0.07666347406764287,0.05326802970210589,0.06715621180205072,1.1972094932426574,0.13787104441561648,0.00711754142871561,0.6722946875484145,0.3438158768436585,-0.0005925105181478901,0.04112695847058785,2.652629014861247,2.000291581899389,1.8459283057565288,0.15436327614286005,1.3445011818411974,0.8067007091047184,0.537800472736479,0.07438540914282613,0.05133815910676301,0.06512114203628247,1.2107521412006967,0.1303465659132263,0.007211793732432835
2156,0.6603066254084748,0.34150731021317304,0.006289159998103332,0.040393599583646064,2.561563182874495,1.9289964947391625,1.7692403594596242,0.15975613527953816,1.3205380390247845,0.7923228234148708,0.5282152156099137,0.07666489138640216,0.05326923038860433,0.06715741922461335,1.1972011910717693,0.13787099391715782,0.0071175368510111685,0.6722923482564851,0.3438169925229499,-0.0005951667895730539,0.041126815321052876,2.6526010502633857,2.0002627512348923,1.8458950495633295,0.1543677016715629,1.3445100011667606,0.8067060007000563,0.5378040004667043,0.074386758494768,0.05133930221493653,0.06512229229163825,1.2107440002024057,0.1303465236219584,0.007211789719677987
2157,0.6603046628566399,0.3415083425429388,0.006286847159150767,0.04039347949882397,2.5615393023427067,1.9289719585617624,1.7692119662203059,0.1597599923414566,1.320545560204001,0.7923273361224007,0.5282182240816004,0.07666611644735465,0.05327026820323548,0.06715846426675218,1.1971940152013991,0.13787096866998055,0.007117533820707111,0.6722904099133564,0.3438179996105553,-0.0005974144854584765,0.041126696696636905,2.652577017143388,2.0002380807308184,1.8458665347225591,0.1543715460082592,1.3445174707013814,0.8067104824208288,0.5378069882805526,0.07438792480622353,0.05134029025972775,0.06512328783380635,1.2107369636494185,0.130346503745721,0.0072117871478554925
2158,0.6603030300559845,0.34150927110976914,0.006284885446016075,0.04039337958306674,2.5615187185117114,1.9289509052180855,1.7691875564587538,0.15976334875933174,1.320551936754929,0.7923311620529575,0.5282207747019715,0.07666717736783188,0.053271166965694214,0.0671593704428026,1.1971878008832324,0.13787096073325117,0.007117531916271542,0.6722887957917199,0.34381890493085,-0.0005993222329011769,0.041126597903811735,2.6525562991851266,2.000216906239385,1.8458420158167779,0.15437489042260683,1.3445238056139146,0.8067142833683487,0.5378095222455659,0.07438893495758188,0.051341146012951505,0.06512415116664706,1.2107308693210288,0.1303464990904855,0.007211785614026067
2159,0.6603016599968836,0.34151010215281885,0.006283214461620917,0.04039329573735917,2.561500897855496,1.9289327632626305,1.7691664884011162,0.15976627486151435,1.3205573490906328,0.7923344094543797,0.5282229396362531,0.0766680986183584,0.05327194740627021,0.06716015826128889,1.197182404745412,0.13787096330726176,0.007117530777521977,0.6722874397791601,0.34381971473700856,-0.0006009484020780415,0.04112651489839631,2.6525383567757452,2.000198651988294,1.8458208462492252,0.15437780573906915,1.3445291842108669,0.8067175105265201,0.5378116736843468,0.0743898123290199,0.051341889281205616,0.0651249019051667,1.2107255761282354,0.13034650350621305,0.007211784774375305
2160,0.6603004963994001,0.3415108417934567,0.0062817835219571225,0.04039322451904971,2.561485380801626,1.9289170446713406,1.7691482130930583,0.15976883157828237,1.3205619461809464,0.7923371677085679,0.5282247784723785,0.07666890127916716,0.05327262738315587,0.06716084542919182,1.1971777032857656,0.13787097083969366,0.007117530109736625,0.6722862863955718,0.343820435143759,-0.0006023419573248576,0.04112644428662028,2.652522725607835,2.0001828266123547,1.8458024733604677,0.15438035325188687,1.344533753745612,0.8067202522473672,0.5378135014982447,0.07439057704738375,0.05134253711501756,0.06512555697241142,1.2107209626202358,0.13034651198276392,0.007211784348275544
2161,0.6602994932087606,0.34151149620373084,0.006280550643732383,0.04039316311098609,2.5614717786920953,1.9289033394157118,1.7691322681864563,0.15977107122925557,1.3205658508427316,0.792339510505639,0.5282263403370926,0.07666960329677627,0.05327322209980616,0.06716144705419204,1.1971735913657209,0.1378709789850348,0.007117529682025366,0.672285290285236,0.34382107229193837,-0.0006035434454642885,0.041126383294051494,2.652509013490349,2.0001690176203732,1.84578643210025,0.15438258552012324,1.344537635650165,0.8067225813900991,0.5378150542600659,0.07439124623347435,0.05134310401833318,0.06512613079475697,1.2107169254894878,0.13034652061141763,0.007211784116713986
2162,0.6602986136203031,0.34151207162547126,0.006279481471387384,0.040393109261866546,2.561459768045778,1.9288913078012544,1.7691182694056515,0.15977303839560275,1.3205691644002104,0.7923414986401263,0.5282276657600842,0.07667021979693373,0.05327374437005093,0.06716197589590689,1.1971699803748803,0.13787098453758745,0.007117529321458845,0.6722844152444808,0.3438216323679314,-0.0006045860423582738,0.04112632970611297,2.6524968944396203,2.000156883608449,1.8457723363543028,0.15438454725414644,1.3445409301421958,0.8067245580853176,0.5378163720568782,0.07439183430336678,0.05134360220378041,0.06512663554422193,1.210713377751576,0.1303465265220701,0.0072117839165793205
2163,0.6602978290472072,0.341512574335342,0.006278548280250873,0.04039306122309211,2.5614490845491824,1.9288806728651022,1.7691059021386324,0.1597747707264698,1.3205719706842498,0.7923431824105499,0.5282287882736999,0.07667076338300977,0.053274204870878965,0.06716244260645887,1.1971667964814676,0.1378709853513495,0.007117528906362645,0.6722836331939143,0.34382212157082165,-0.0006054965242247856,0.04112628180521055,2.652486102504782,2.0001461465364723,1.8457598703986582,0.15438627613781405,1.3445437201768726,0.8067262321061238,0.5378174880707488,0.07439235325583454,0.05134404183616182,0.06512708137059756,1.2107102470095121,0.1303465278085414,0.00721178363413386
2164,0.6602971180967465,0.3415130105415133,0.006277729029338618,0.040393017686141716,2.561439517530046,1.9288712134682133,1.7690949138748864,0.15977629959332684,1.320574339425266,0.7923446036551597,0.5282297357701063,0.0766712443908908,0.05327461235837225,0.06716285593485825,1.197163979138038,0.13787098019340316,0.0071175283590578075,0.6722829231612282,0.3438225460132196,-0.0006062961854542415,0.04112623830850835,2.6524764260955536,2.000136584715763,1.8457487812167723,0.15438780349899037,1.3445460747979683,0.8067276448787812,0.537818429919187,0.07439281291796432,0.05134443124052797,0.06512747659876994,1.2107074739707302,0.130346523393749,0.007211783197943912
2165,0.6602964654821375,0.3415133863242452,0.006277006414999488,0.04039297771600743,2.5614309030604576,1.9288627564912157,1.769085105599204,0.15977765089201165,1.3205763291020889,0.7923457974612534,0.5282305316408354,0.07667167119013604,0.053274973922831856,0.06716322297446703,1.1971614793165772,0.13787096857627112,0.007117527638589808,0.6722822702007356,0.3438229116650533,-0.0006070017535430641,0.04112619830183413,2.652467700940155,2.0001280248969984,1.8457388697699044,0.15438915512709372,1.3445480519504172,0.8067288311702506,0.5378192207801665,0.07439322123477718,0.05134477714753093,0.06512782796706233,1.210705010698936,0.1303465128760969,0.00721178257181731
2166,0.6602958607844136,0.3415137075759061,0.006276366946004024,0.04039294067545397,2.5614231154874028,1.92885516788574,1.769076321914418,0.15977884597132175,1.3205779892883076,0.7923467935729847,0.528231195715323,0.07667205053125647,0.05327529528297659,0.06716354945251111,1.1971592574737386,0.13787095060739585,0.007117526732521797,0.6722816641651763,0.3438232242968678,-0.0006076262839419672,0.04112616116454601,2.6524598014688845,2.0001203332093227,1.8457299809915706,0.1543903522177521,1.3445497007955225,0.8067298204773138,0.5378198803182087,0.07439358460269725,0.05134508497592363,0.06512814090559071,1.2107028186017135,0.13034649639156046,0.007211781746839818
2167,0.6602952973500934,0.3415139800030832,0.006275800137912402,0.04039290615758512,2.5614160591303796,1.9288483441977435,1.769068441620564,0.15977990257717944,1.3205793625163593,0.7923476175098156,0.5282317450065437,0.07667238788814894,0.05327558107603708,0.067163840018485,1.1971572815446747,0.13787092687198854,0.007117525650118995,0.6722810986132501,0.34382348948397573,-0.0006081799394876061,0.041126126502702226,2.652452632384055,2.000113406584836,1.8457219942546517,0.15439141233018408,1.3445510635490052,0.8067306381294034,0.5378204254196018,0.0743939081980466,0.051345359110845194,0.06512841981325643,1.2107008664483345,0.13034647450668393,0.00721178073478896
2168,0.6602947712118793,0.3415142091017053,0.006275297750189285,0.04039287391981951,2.5614096602366194,1.9288422045157905,1.7690613687957741,0.1597808357200164,1.320580485734742,0.7923482914408453,0.5282321942938968,0.07667268777726627,0.053275835128142046,0.06716409851371612,1.1971555250732857,0.13787089828315216,0.007117524415436607,0.672280569741281,0.3438237125845796,-0.0006086707255955129,0.04112609408370729,2.6524461205005188,2.000107164618189,1.8457148143504658,0.1543923502677232,1.3445521769167548,0.8067313061500531,0.5378208707667017,0.07439419628316139,0.05134560316314851,0.06512866831659465,1.210699128522732,0.13034644808203558,0.007211779561456445
2169,0.660294280265747,0.34151440013895407,0.006274853205528903,0.040392843833550865,2.5614038608282477,1.9288366843240239,1.7690550259860616,0.15978165833796223,1.3205813914036437,0.7923488348421862,0.5282325565614575,0.07667295400149786,0.0532760606609224,0.06716432817743231,1.197153965783556,0.13787086596705778,0.00711752306205744,0.6722800755699391,0.34382389872482433,-0.0006091050492119734,0.04112606378656138,2.6524402085058085,2.0001015433535847,1.8457083646018067,0.15439317875177788,1.344553073173336,0.8067318439040018,0.5378212292693342,0.07439445244042406,0.051345820167661246,0.0651288894677768,1.2106975832114328,0.13034641816799683,0.007211778261580355
2170,0.6602938236649444,0.3415145581198923,0.006274461135904755,0.04039281584707773,2.561398614406641,1.9288317311595824,1.7690493494167838,0.15978238174279857,1.320582108316429,0.7923492649898575,0.5282328433265716,0.07667318981776569,0.053276260433490874,0.06716453178773339,1.1971525845977642,0.13787083114381998,0.0071175216290390855,0.6722796153464311,0.34382405276892664,-0.0006094881535637642,0.041126035565290764,2.6524348506017534,2.000096490896461,1.8457025820197592,0.15439390887670168,1.3445537809699901,0.8067322685819942,0.5378215123879959,0.07439467973326973,0.0513460127195831,0.06512908588024185,1.2106962120321008,0.1303463858967762,0.007211776874947773
2171,0.6602934013854044,0.3415146877572604,0.006274117049056387,0.0403927899590192,2.5613938829601226,1.928827301555958,1.7690442856294575,0.15978301592650054,1.320582662217775,0.792349597330665,0.52823306488711,0.07667339805345938,0.053276436841080396,0.06716471175921068,1.1971513649543963,0.13787079503467833,0.007117520157952004,0.6722791891164528,0.3438241792922603,-0.0006098244370332101,0.041126009422763385,2.6524300094653523,2.000091964323616,1.8456974138999858,0.15439455042363012,1.3445543259422774,0.8067325955653666,0.5378217303769108,0.07439488081824386,0.05134618306941577,0.06512925982280826,1.2106949989574172,0.1303463523984514,0.007211775443553789
2172,0.6602930138708916,0.34151479345255553,0.006273817068312676,0.04039276619660771,2.561389634434614,1.9288233584944492,1.7690397886707667,0.15978356982368244,1.3205830762730784,0.792349845763847,0.5282332305092313,0.07667358120494555,0.05327659199849658,0.06716487022587575,1.197150292231083,0.13787075879669694,0.0071175186905117925,0.6722787973748531,0.34382428256503356,-0.0006101177022520832,0.04112598538931911,2.6524256536822555,2.0000879271081677,1.8456928149794511,0.15439511212871643,1.3445547311713402,0.8067328387028043,0.5378218924685358,0.07439505803974841,0.051346333203227484,0.06512941329956629,1.2106939298434243,0.13034631874200267,0.007211774009334348
2173,0.6602926617103714,0.3415148792743249,0.006273557725781191,0.04039274459595285,2.5613858404397383,1.9288198691284464,1.7690358175877687,0.15978405154067765,1.3205833714199489,0.7923500228519694,0.5282333485679794,0.07667374152443793,0.05327672781371011,0.06716500911447476,1.1971493532357282,0.13787072348113713,0.007117517266386588,0.672278440748094,0.3438243665327313,-0.0006103713547215006,0.0411259635033448,2.652421755424272,2.000084346823581,1.8456887449067656,0.15439560191681576,1.3445550175291767,0.8067330105175062,0.5378220070116705,0.07439521351340989,0.05134646491327857,0.06512954812034226,1.2106929919265355,0.13034628589774472,0.007211772612062358
2174,0.6602923453868458,0.34151494894058926,0.0062733358122557745,0.04039272518667701,2.5613824744576346,1.9288168030180557,1.7690323344856176,0.15978446853243816,1.3205835666200283,0.7923501399720171,0.5282334266480112,0.07667388108721779,0.05327684604480272,0.06716513020129262,1.1971485358127505,0.13787069000879754,0.0071175159214841134,0.6722781197476311,0.34382443480019786,-0.0006105885470240185,0.04112594379618789,2.6524182886414875,2.000081193367376,1.8456851662859606,0.15439602708141553,1.3445552039258781,0.8067331223555271,0.537822081570351,0.07439534919040293,0.05134657985251339,0.06512966595513144,1.2106921734354468,0.130346254715172,0.007211771287707051
2175,0.6602920649907691,0.341515005773861,0.006273148222818645,0.04039270797438417,2.561379510014301,1.9288141303447022,1.7690293025930641,0.15978482775163805,1.3205836790353946,0.792350207421237,0.5282334716141577,0.0766740018534201,0.05327694835230949,0.06716523516412355,1.1971478284811614,0.13787065913183508,0.007117514685776485,0.6722778344880584,0.34382449058851744,-0.0006107723265827078,0.04112592627491435,2.6524152272198065,2.000078437166879,1.8456820427301164,0.15439639443676256,1.3445553074828167,0.8067331844896902,0.5378221229931265,0.07439546691641591,0.05134667958451326,0.06512976838375735,1.2106914632353836,0.1303462258883334,0.007211770066331632
2176,0.6602918200710339,0.34151505267805216,0.006272991888124788,0.040392692931544474,2.561376919731224,1.9288118209800507,1.7690266852532184,0.15978513572683226,1.3205837241300091,0.7923502344780057,0.5282334896520035,0.07667410570033376,0.05327703632658226,0.06716532560940798,1.1971472202453501,0.13787063142687725,0.007117513582171839,0.6722775845411684,0.34382453671288077,-0.0006109257016782485,0.04112591091338126,2.6524125440305752,2.000076048248337,1.845679337851287,0.15439671039704997,1.3445553436321467,0.8067332061792882,0.5378221374528585,0.07439556846229305,0.05134676560945496,0.06512985692164311,1.2106908506432197,0.13034619994973304,0.007211768971006487
2177,0.6602916095504248,0.341515092115787,0.006272863726191007,0.04039267999232254,2.5613746748979147,1.9288098440457113,1.7690244454591855,0.15978539858652574,1.320583715731215,0.7923502294387292,0.5282334862924858,0.076674194434991,0.053277111498454655,0.0671654030824893,1.1971467005213199,0.13787060727755807,0.007117512625789324,0.6722773688538382,0.34382457556073603,-0.000611051686751761,0.04112589764721386,2.6524102105074854,2.000073995801994,1.8456770148011856,0.15439698100080856,1.3445553261771659,0.8067331957062998,0.5378221304708661,0.07439565553578922,0.05134683937406899,0.06512993302939121,1.210690325356539,0.1303461772546057,0.007211768017112073
2178,0.660291431806369,0.34151512611879103,0.006272760679411481,0.040392669057517455,2.5613727460657825,1.9288081684372103,1.7690225464248752,0.15978562201233495,1.3205836660681785,0.7923501996409072,0.5282334664272712,0.07667426977538222,0.05327717532332815,0.06716546905136546,1.197146259246688,0.13787058688900358,0.007117511824551829,0.6722771858291764,0.34382460910208057,-0.0006111532664826655,0.0411258863787697,2.652408197254203,2.0000722487186366,1.8456750368560728,0.15439721186256403,1.344555267330217,0.8067331603981304,0.5378221069320867,0.07439572976334846,0.05134690225620303,0.06512999809701245,1.2106898775635342,0.13034615799435598,0.007211767212924938
2179,0.6602912847388639,0.34151515630198875,0.006272679731745064,0.040392659998718355,2.561371103498178,1.9288067632155241,1.7690209520045972,0.15978581121092686,1.3205835858226345,0.7923501514935808,0.5282334343290537,0.076674333337862,0.05327722917050316,0.06716552489580677,1.1971458869544225,0.1378705702911507,0.007117511179732094,0.6722770333948678,0.3438246389033799,-0.0006112333785527821,0.041125876981319566,2.6524064745062454,2.0000707759918193,1.845673367848427,0.15439740814339242,1.3445551777630307,0.8067331066578186,0.5378220711052121,0.0743957926778213,0.05134695555441671,0.06513005343330544,1.2106894980170781,0.13034614219982932,0.007211766560159153
2180,0.6602911658733217,0.3415151838985378,0.006272617957428374,0.04039265266459559,2.5613697176866017,1.9288055980742076,1.7690196271737153,0.1597859709004923,1.3205834841881439,0.7923500905128864,0.5282333936752575,0.07667438662627629,0.05327727431396799,0.0671655718982728,1.197145574836508,0.13787055737110726,0.007117510686900594,0.6722769091056445,0.3438246661616383,-0.0006112948675525837,0.04112586930531599,2.6524050126604375,2.000069547196118,1.8456719726610165,0.15439757453510175,1.3445550666657016,0.8067330399994211,0.5378220266662804,0.07439584570775748,0.0513470004789109,0.0651301002568898,1.2106891780993017,0.13034612977096588,0.0072117660548984275
2181,0.6602910724538537,0.3415152097973506,0.0062725725563444745,0.04039264688660748,2.5613685597661324,1.9288046437103643,1.7690185383997359,0.1597861053106284,1.3205833689439939,0.7923500213663964,0.5282333475775974,0.07667443102553831,0.053277311926956665,0.06716561123865757,1.1971453147815534,0.13787054789919367,0.007117510336836184,0.6722768102362346,0.34382469174073643,-0.0006113404514949197,0.04112586318407928,2.6524037827041504,2.0000685328695402,1.8456708176119938,0.15439771525754656,1.3445549418202607,0.8067329650921566,0.5378219767281041,0.07439589017086545,0.05134703814598691,0.06513013969082396,1.2106889098610327,0.13034612050064331,0.007211765688491151
2182,0.6602910015311005,0.34151523458345184,0.006272540885651774,0.040392642484373506,2.5613676018590814,1.9288038721277325,1.769017653934862,0.15978621819287034,1.3205832465403653,0.7923499479242193,0.528233298616146,0.07667446779859075,0.05327734307937547,0.06716564399196381,1.1971450993925723,0.1378705415563434,0.007117510116428,0.672276733868692,0.34382471621038774,-0.0006113726921271739,0.04112585843914013,2.652402756572136,2.0000677048272855,1.8456698707608465,0.1543978340664389,1.3445548096854818,0.8067328858112893,0.5378219238741925,0.07439592727067768,0.05134706957522139,0.06513017275999572,1.2106886860419013,0.1303461140997078,0.007211765448435211
2183,0.660290950209833,0.34151525860501614,0.006272520562986002,0.04039263928082122,2.5613668184843745,1.9288032579203411,1.769016945168845,0.15978631275149624,1.320583122192549,0.7923498733155296,0.5282332488770194,0.07667449804987801,0.05327736870685831,0.06716567109739842,1.1971449222009116,0.13787053798295684,0.007117510010804286,0.672276677135265,0.34382473991074475,-0.0006113938977440128,0.041125854895097,2.652401908561243,2.000067037448036,1.8456691032668393,0.15439793418119668,1.3445546754906723,0.8067328052944036,0.5378218701962687,0.07439595806175578,0.05134709565998991,0.06513020036164269,1.2106885002802277,0.13034611024129306,0.007211765320439933
2184,0.6602909156446174,0.34151528200258396,0.00627250942057693,0.04039263710192143,2.5613661862710724,1.9288027779709525,1.7690163862619155,0.15978639170903694,1.320583000015261,0.7923498000091568,0.5282332000061042,0.07667452274417148,0.053277389626714605,0.06716569337457204,1.1971447775559851,0.13787053676687147,0.007117510003564154,0.672276637218195,0.34382476298118614,-0.0006114061645902322,0.041125852379604116,2.6524012150743723,2.0000665074000854,1.8456684890531774,0.15439801834690814,1.344554543368658,0.8067327260211951,0.537821817347463,0.07439598346655184,0.05134711718175092,0.06513022327987104,1.2106883470113008,0.13034610855079612,0.0072117652886873424
2185,0.6602908951635874,0.34151530478005276,0.0062725055667826254,0.04039263578425992,2.5613656842831674,1.9288024117485572,1.769015954397572,0.15978645735098504,1.3205828831426585,0.7923497298855953,0.5282331532570632,0.0766745427107415,0.053277406541463596,0.06716571152776984,1.1971446606008356,0.13787053750606865,0.007117510078173477,0.6722766114709906,0.34382478542840306,-0.00061141132142567,0.04112585073079039,2.652400654954831,2.0000660939447705,1.8456680050695717,0.15439808887519857,1.3445544164754315,0.8067326498852591,0.5378217665901724,0.0743960042789453,0.051347134813042164,0.06513024218932295,1.2106882214460353,0.1303461086620771,0.0072117653371884145
2186,0.6602908863210213,0.3415153268438534,0.0062725073733944856,0.04039263517825406,2.5613652941047054,1.9288021413519105,1.769015629788039,0.15978651156387144,1.3205827738611102,0.7923496643166663,0.5282331095444439,0.0766745586505274,0.05327742004490845,0.06716572615223619,1.197144567230132,0.13787053981159614,0.007117510218637754,0.6722765974707746,0.34382480716446245,-0.0006114109411623075,0.04112584980046194,2.6524002095781674,2.000065778985404,1.8456676313049152,0.15439814768048868,1.3445542971220865,0.8067325782732521,0.5378217188488345,0.07439602117083267,0.05134714912306309,0.06513025766095334,1.2106881195312145,0.1303461102206982,0.007211765450447549
2187,0.6602908869316316,0.3415153480420446,0.006272513468859979,0.040392635150250794,2.5613649997683243,1.9288019514135561,1.769015395524802,0.15978655588875407,1.3205826737392035,0.7923496042435223,0.5282330694956812,0.07667457114891973,0.05327743063296482,0.06716573774532661,1.1971444940153058,0.13787054332341997,0.007117510410060762,0.6722765930520471,0.3438248280447047,-0.0006114063482280802,0.04112584945616776,2.6523998627829806,2.000065546972589,1.8456673506405608,0.15439819633202823,1.3445541869040327,0.8067325121424198,0.5378216747616129,0.07439603470416817,0.05134716058787517,0.0651302701725361,1.2106880378768525,0.1303461128984378,0.007211765614012874
2188,0.660290895084883,0.3415153681989182,0.006272522720731172,0.04039263558340248,2.5613647875605903,1.9288018288918565,1.7690152373096244,0.159786591582232,1.3205825837516094,0.7923495502509658,0.5282330335006437,0.07667458069203976,0.053277438717452025,0.06716574672063792,1.1971444381092005,0.13787054772054072,0.007117510639039687,0.6722765963206636,0.3438248479012756,-0.0006113986361248325,0.04112584958205478,2.6523996006769397,2.000065384696251,1.8456671485825162,0.15439823611373482,1.3445540868240387,0.8067324520944233,0.5378216347296153,0.0743960453463639,0.05134716960344815,0.06513028012203485,1.2106879736632923,0.13034611640255434,0.007211765814866723
2189,0.6602909091515418,0.3415153871442329,0.006272534215750185,0.040392636378067545,2.561364645816121,1.9288017628527803,1.769015143180066,0.1597866196727142,1.3205825043934252,0.7923495026360553,0.5282330017573699,0.0766745876822075,0.05327744463919684,0.06716575342138842,1.1971443971554763,0.1378705527279527,0.007117510893964497,0.6722766056602127,0.34382486657143585,-0.0006113886870948784,0.04112585007925809,2.6523994114317446,2.0000652810677035,1.8456670129882842,0.15439826807941923,1.3445539974057672,0.8067323984434605,0.5378215989623067,0.07439605348490991,0.0513471764980456,0.0651302878402531,1.2106879245530058,0.13034612048215596,0.007211766041722415
2190,0.6602909277747032,0.34151540473436626,0.00627254723354792,0.04039263745126194,2.5613645646646526,1.928801744206837,1.7690151031940178,0.1597866410128193,1.3205824357843912,0.7923494614706349,0.5282329743137563,0.0766745924533786,0.053277448681110964,0.06716575813368046,1.197144369198196,0.13787055811811855,0.007117511165149517,0.6722766197231655,0.3438248839180515,-0.0006113771976955229,0.04112585086535968,2.6523992850305804,2.0000652268566887,1.8456669337522404,0.15439829310444822,1.3445539187972333,0.8067323512783401,0.5378215675188932,0.07439605944197655,0.05134718154459528,0.06513029360338457,1.210687888602507,0.13034612492956507,0.007211766285157386
2191,0.660290949847874,0.3415154208659476,0.006272561218352783,0.04039263873531827,2.5613645357453834,1.9288017654157485,1.7690151090888475,0.15978665632690092,1.3205823777608927,0.7923494266565358,0.5282329511043569,0.07667459528608872,0.05327745108085116,0.06716576109926503,1.197144352594298,0.13787056371032771,0.007117511444818215,0.6722766374092616,0.3438248998427931,-0.0006113647062218897,0.04112585187306622,2.65239921298213,2.0000652143976807,1.8456669024648442,0.15439831193283632,1.344553850862143,0.8067323105172859,0.5378215403448572,0.07439606348857156,0.051347184972682244,0.06513029764511037,1.2106878641769496,0.1303461295797486,0.0072117665376024605
2192,0.6602909744799159,0.3415154354815074,0.006272575747973207,0.04039264017574143,2.5613645518914168,1.9288018201716681,1.7690151539187897,0.15978666625287846,1.3205823299543782,0.7923493979726272,0.528232931981751,0.0766745964216859,0.05327745204287626,0.06716576252761619,1.1971443459302389,0.13787056936686973,0.0071175117269358,0.6722766578308765,0.3438249142915893,-0.0006113516226671362,0.04112585304809064,2.652399188003393,2.0000652372677377,1.8456669120487241,0.15439832521901364,1.344553793257781,0.8067322759546686,0.5378215173031123,0.07439606585806133,0.051347186980003706,0.06513030016807607,1.2106878498685576,0.1303461343068349,0.0072117667931815115
2193,0.6602910009418936,0.3415154485666617,0.00627259049797229,0.04039264172795718,2.5613646067466824,1.928801903015311,1.7690152316337282,0.1597866713815828,1.3205822918549235,0.7923493751129543,0.5282329167419691,0.07667459607709931,0.05327745175095853,0.06716576260839319,1.1971443479354937,0.1378705749855417,0.0071175120068546986,0.6722766802602831,0.34382492725183417,-0.0006113382632957007,0.04112585434592582,2.6523992036321964,2.000065289900901,1.8456669563332895,0.15439833356761148,1.3445537454981782,0.8067322472989069,0.5378214981992713,0.07439606676028535,0.05134718774432592,0.06513030135581034,1.2106878444114801,0.13034613901726294,0.0072117670473661865
2194,0.6602910286459427,0.34151546014728795,0.006272605225722483,0.040392643356019484,2.5613646946456896,1.9288020091997948,1.7690153369310033,0.15978667226879162,1.32058226285781,0.7923493577146863,0.5282329051431238,0.07667459444969005,0.05327745037229314,0.06716576151539252,1.1971443574541454,0.13787058049685613,0.007117512281158519,0.6722767041087623,0.34382493874965225,-0.0006113248660347612,0.04112585573056692,2.6523992541053913,2.0000653674508664,1.8456670299051412,0.15439833754572496,1.344553707000417,0.8067322242002501,0.5378214828001668,0.07439606638619546,0.05134718742741437,0.06513030137650784,1.210687846653808,0.13034614364726255,0.007211767296824264
2195,0.6602910571193082,0.341515470280819,0.006272619748757646,0.040392645031022356,2.561364810513227,1.9288021345714341,1.769015465132496,0.15978666943893796,1.3205822423012177,0.7923493453807308,0.5282328969204869,0.07667459172007751,0.05327744805989241,0.06716575940868874,1.1971443734283314,0.13787058585339163,0.0071175125474239945,0.672276728900918,0.34382494884145626,-0.0006113116110143396,0.041125857172940025,2.652399334256361,2.0000654656701737,1.8456671279830847,0.15439833768708897,1.3445536771221276,0.8067322062732765,0.5378214708488511,0.0743960649105954,0.05134718617735467,0.06513030038511133,1.2106878555410439,0.1303461481531345,0.007211767539186925
2196,0.6602910859877249,0.3415154790495824,0.0062726339334302494,0.040392646730083394,2.5613649498152227,1.9288022755034295,1.769015612118248,0.15978666338518135,1.3205822294949576,0.7923493376969747,0.5282328917979829,0.0766745880532964,0.05327744495356608,0.06716575643540279,1.1971443948914662,0.1378705910255325,0.007117512804058964,0.6722767542583359,0.34382495760752363,-0.0006112986313984714,0.0411258586499027,2.652399439464877,2.000065580843294,1.8456672463508177,0.1543983344924764,1.3445536551900987,0.8067321931140592,0.5378214620760395,0.07439606249326991,0.051347184129509005,0.06513029852406801,1.2106878701092925,0.13034615250738363,0.007211767772891096
2197,0.6602911149571777,0.34151548655430214,0.006272647683155712,0.04039264843522805,2.5613651084902154,1.9288024288156183,1.7690157742444113,0.15978665457120705,1.320582223743007,0.7923493342458042,0.5282328894972027,0.07667458360055407,0.05327744118141001,0.06716575273101912,1.1971444209579496,0.13787059599673498,0.007117513050131745,0.6722767798817408,0.3438249651457349,-0.00061128602456232,0.04112586014315262,2.6523995655883765,2.000065709706469,1.845667381274723,0.15439832843174597,1.344553640522756,0.8067321843136536,0.5378214562091025,0.07439605928065515,0.05134718140793128,0.06513029592458282,1.2106878894751838,0.1303461566944005,0.00721176799701413
2198,0.6602911437946632,0.3415154929080381,0.006272660928277801,0.04039265013221298,2.5613652828638434,1.9288025916825577,1.7690159482477583,0.1597866434347995,1.3205822243601415,0.792349334616085,0.5282328897440565,0.07667457850155823,0.053277436861778,0.06716574842122855,1.1971444508095341,0.13787060076027968,0.0071175132851982095,0.6722768055321653,0.34382497156572506,-0.0006112738617854649,0.041125861638075745,2.652399708876361,2.000065849355901,1.845667529408264,0.15439831994763675,1.3445536324468284,0.8067321794680969,0.5378214529787314,0.0743960554080469,0.05134717812723778,0.06513029270836773,1.2106879128225514,0.13034616070749713,0.0072117682111063
2199,0.6602911723120733,0.34151549823023253,0.006272673618385433,0.04039265180954029,2.5613654695854353,1.9288027615645806,1.769016131175599,0.15978663038898167,1.3205822306830601,0.7923493384098362,0.5282328922732239,0.07667457288594137,0.05327743210448871,0.06716574362301526,1.1971444836869791,0.13787060531655201,0.007117513509149097,0.6722768310151876,0.34382497698314735,-0.0006112621955844458,0.041125863122782214,2.652399865906884,2.0000659971788743,1.8456676877217366,0.15439830945713756,1.3445536303085788,0.8067321781851472,0.5378214521234316,0.07439605100095681,0.05134717439375614,0.0651302889886778,1.2106879393942513,0.130346164546436,0.007211768415042898
2200,0.6602912003549404,0.3415155026405783,0.00627268571712427,0.040392653457769045,2.561365665605418,1.9288029361777528,1.7690163203591165,0.15978661581863632,1.3205822420771685,0.7923493452463013,0.5282328968308672,0.07667456687307596,0.05327742701066894,0.06716573844436635,1.1971445188911374,0.1378706096701944,0.007117513722085998,0.6722768561699074,0.3438249815137596,-0.0006112510646326466,0.041125864587432136,2.6524000335636524,2.000066150823562,1.8456678534751974,0.1543982973483644,1.3445536334807584,0.806732180088455,0.5378214533923034,0.07439604617495157,0.05134717030538908,0.06513028487004786,1.210687968493132,0.13034616821484543,0.007211768608903466
2201,0.6602912277970716,0.3415155062536564,0.006272697199904566,0.04039265506918731,2.5613658681925067,1.9288031135019743,1.7690165134282427,0.15978660007373163,1.3205822579404394,0.7923493547642638,0.5282329031761756,0.07667456057052449,0.05327742167144063,0.06716573298282544,1.1971445557920304,0.13787061382777985,0.007117513924240585,0.672276880863712,0.3438249852682685,-0.000611240495899168,0.04112586602391541,2.652400209052865,2.0000663082069035,1.8456680242328662,0.15439828397403718,1.344553641366664,0.8067321848199985,0.5378214565466656,0.07439604103420581,0.05134716595038849,0.06513028044693936,1.2106879994907644,0.1303461717181161,0.007211768792893056
2202,0.6602912545376349,0.34151550917490264,0.0062727080526812085,0.040392656637633806,2.56136607495587,1.9288032917956566,1.769016708332384,0.15978658346327254,1.3205822777058098,0.7923493666234861,0.5282329110823237,0.07667455407252813,0.053277416166640494,0.06716572732410792,1.1971445938377006,0.1378706177960483,0.007117514115920853,0.6722769049894208,0.3438249883484584,-0.0006112305057809145,0.041125867425677254,2.6524003899249036,2.0000664675289093,1.8456681978832594,0.1543982696456499,1.34455365340274,0.806732192041644,0.537821461361096,0.0743960356700944,0.05134716140616291,0.0651302758024482,1.2106880318359328,0.13034617506180346,0.00721176896728961
2203,0.6602912804990331,0.3415155114986674,0.006272718271229792,0.04039265815836811,2.561366283849879,1.9288034695972325,1.7690169033442253,0.15978656625300713,1.320582300842756,0.7923493805056538,0.5282329203371021,0.07667454745950283,0.0532774105643932,0.06716572154162612,1.197144632557162,0.13787062158126626,0.007117514297480745,0.6722769284632417,0.3438249908453526,-0.0006112211008028681,0.04112586878759322,2.6524005740789987,2.0000666272740864,1.8456683726427885,0.15439825463129808,1.3445536690603501,0.8067322014362102,0.53782146762414,0.07439603016072929,0.051347156738885166,0.0651302710078667,1.2106880650574299,0.13034617825105466,0.007211769132414803
2204,0.6602913056225937,0.3415155133078145,0.006272727859275684,0.04039265962780711,2.561366493142503,1.9288036456957822,1.7690170970275303,0.15978654866825184,1.320582326858287,0.7923493961149725,0.5282329307433146,0.07667454079913355,0.053277404922038286,0.06716571569742519,1.1971446715539935,0.13787062518902765,0.007117514469289904,0.672276951220497,0.34382499283883855,-0.0006112122794772329,0.041125870105708014,2.6524007597311936,2.0000667861815993,1.8456685470230156,0.15439823915858378,1.3445536878469633,0.8067322127081781,0.5378214751387852,0.07439602457201627,0.05134715200438757,0.06513026612358777,1.2106880987576814,0.13034618129041797,0.007211769288604718
2205,0.6602913298652383,0.34151551467457014,0.006272736827229779,0.04039266104332125,2.561366701377343,1.9288038190976824,1.7690172881991564,0.15978653089852607,1.320582355296977,0.7923494131781865,0.5282329421187906,0.07667453414791321,0.05327739928743392,0.06716570984352906,1.1971447104973232,0.13787062862477537,0.0071175146317204955,0.6722769732123149,0.3438249943984995,-0.0006112040335965463,0.04112587137703306,2.6524009453760917,2.0000669432115457,1.8456687197922719,0.15439822341927362,1.3445537093063664,0.80673222558382,0.5378214837225465,0.07439601895912831,0.05134714724941009,0.06513026120039354,1.2106881326038579,0.13034618418431815,0.007211769436197348
2206,0.6602913531975121,0.3415155156616207,0.006272745191091993,0.040392662403114225,2.561366907344061,1.9288039890014184,1.7690174758998645,0.159786513101554,1.3205823857403267,0.7923494314441963,0.5282329542961304,0.07667452755240961,0.053277393700030186,0.0671657040230573,1.1971447491144098,0.13787063189397317,0.007117514785144751,0.6722769944036845,0.3438249955846913,-0.0006111963493274641,0.04112587259942764,2.6524011297572025,2.0000670975195844,1.845668889946287,0.15439820757329734,1.3445537330181925,0.8067322398109156,0.5378214932072769,0.07439601336771476,0.05134714251262471,0.06513025628052181,1.2106881663205815,0.13034618693721506,0.00721176957553062
2207,0.6602913756010051,0.3415155163229075,0.006272752970898729,0.04039266370606517,2.561367110046833,1.9288041547704995,1.7690176593633549,0.15978649540714462,1.3205824178057965,0.7923494506834782,0.5282329671223184,0.07667452105053932,0.053277388191948244,0.06716569827134503,1.1971447871831808,0.13787063500187538,0.007117514929925959,0.6722770147708738,0.343824996449319,-0.0006111892087409046,0.04112587377144102,2.652401311835031,2.0000672484294206,1.8456690566767648,0.15439819175265587,1.34455375859711,0.8067322551582661,0.5378215034388438,0.07439600783512502,0.05134713782567216,0.0651302513987418,1.2106881996825436,0.1303461895533919,0.007211769706933821
2208,0.6602913970694058,0.3415155167050153,0.006272760191138059,0.040392664951793084,2.561367308696812,1.9288043159287915,1.7690178380095607,0.1597864779192308,1.3205824511454183,0.7923494706872511,0.5282329804581671,0.07667451467207269,0.053277382788408136,0.06716569261640863,1.1971448245292748,0.1378706379540372,0.007117515066437334,0.6722770343024956,0.34382499703720015,-0.0006111825894319217,0.04112587489237765,2.652401490779756,2.0000673954282346,1.845669219364812,0.15439817606342268,1.3445537856915735,0.8067322714149442,0.5378215142766293,0.07439600239088681,0.051347133213566876,0.06513024658279529,1.2106882325116182,0.13034619203743283,0.007211769830746493
2209,0.660291417607227,0.34151551684817816,0.006272766879494768,0.040392666140579056,2.5613675026892793,1.928804472141508,1.7690180114224243,0.15978646071908376,1.3205824854447576,0.7923494912668548,0.5282329941779028,0.07667450843963039,0.05327737750857305,0.06716568707982933,1.1971448610202056,0.13787064075594938,0.0071175151950629905,0.6722770529982467,0.3438249973870513,-0.0006111764657327559,0.041125875962220074,2.652401665948292,2.0000675381474986,1.8456693775585427,0.15439816058895572,1.3445538139829152,0.8067322883897492,0.537821525593166,0.0743959970576582,0.05134712869550378,0.06513024185424088,1.2106882646711217,0.13034619439388853,0.007211769947319766
2210,0.6602914372269363,0.341515516787334,0.006272773065501877,0.040392667273190644,2.56136769156656,1.9288046231835132,1.7690181793135236,0.1597864438699897,1.3205825204217274,0.7923495122530366,0.5282330081686908,0.07667450237020257,0.053277372366836225,0.06716568167809019,1.1971448965564637,0.13787064341323296,0.007117515316189496,0.6722770708660182,0.3438249975325106,-0.0006111708100693669,0.041125876981452134,2.652401836846702,2.0000676763307372,1.845669530936138,0.15439814539459945,1.3445538431842732,0.806732305910564,0.5378215372737092,0.07439599185268696,0.05134712428609435,0.06513023722973876,1.2106882960570071,0.13034619662745253,0.0072117700570081865
2211,0.6602914559473577,0.3415155165532329,0.006272778779885392,0.040392668350784144,2.5613678749908946,1.9288047689168863,1.7690183414959293,0.15978642742095703,1.3205825558249418,0.7923495334949653,0.5282330223299765,0.07667449647630717,0.05327736737380231,0.06716567642360391,1.1971449310647326,0.13787064593197781,0.007117515430205774,0.6722770879202861,0.34382499750321216,-0.0006111655936294827,0.04112587795096061,2.652402003102832,2.000067809810791,1.8456696792794023,0.1543981305313887,1.3445538730390496,0.8067323238234299,0.5378215492156198,0.0743959867889186,0.05134711999630544,0.06513023272203397,1.2106883265911805,0.1303461987432733,0.007211770160169706
2212,0.6602914737923194,0.3415155161731255,0.006272784053709776,0.04039266937482185,2.561368052724051,1.9288049092742248,1.7690184978648995,0.1597864114093253,1.3205825914319191,0.7923495548591517,0.5282330365727674,0.07667449076682055,0.05327736253699094,0.06716567132545066,1.1971449644930248,0.13787064831855364,0.0071175155375007935,0.6722771041807512,0.3438249973254529,-0.0006111607872019351,0.041125878871951925,2.6524021644457325,2.0000679384928723,1.845669822454211,0.15439811603866116,1.3445539033192022,0.8067323419915214,0.5378215613276808,0.07439598187579165,0.05134711583413293,0.06513022834066297,1.2106883562167046,0.13034620074677866,0.007211770257163559
2213,0.6602914907894427,0.3415155156711923,0.006272788917755796,0.04039267034699797,2.5613682246110194,1.9288050442454108,1.7690186483827044,0.15978639586270638,1.3205826270471912,0.7923495762283149,0.5282330508188763,0.0766744852476096,0.053277357861372256,0.06716566638994016,1.1971449968069785,0.13787065057944825,0.007117515638459873,0.6722771196711186,0.3438249970226074,-0.0006111563617858806,0.04112587974587752,2.6524023206891827,2.0000680623411284,1.8456699603951232,0.1543981019460051,1.3445539338234325,0.8067323602940595,0.537821573529373,0.07439597711984394,0.05134711180511535,0.06513022409249271,1.2106883848941394,0.13034620264352725,0.007211770348346608
2214,0.660291506969103,0.3415155150688672,0.006272793402072242,0.04039267126917505,2.561368390566343,1.9288051738666794,1.7690187930661265,0.15978638080055277,1.3205826625003607,0.7923495975002167,0.528233065000144,0.07667447992204646,0.053277353349802985,0.0671656616210709,1.197145027986843,0.13787065272115603,0.007117515733461103,0.6722771344180465,0.3438249966154361,-0.0006111522890324822,0.041125880574369486,2.6524024717178407,2.0000681813674888,1.8456700930926528,0.15439808827483611,1.344553964375313,0.8067323786251878,0.5378215857501253,0.07439597252520709,0.05134710791275282,0.06513021998216183,1.2106884125985615,0.13034620443910555,0.007211770434069805
2215,0.6602915223635084,0.34151551438511285,0.006272797535627463,0.040392672143327604,2.5613685505619697,1.9288052982110098,1.769018931975482,0.15978636623552764,1.3205826976441455,0.7923496185864876,0.5282330790576579,0.07667447479145906,0.053277349003408095,0.06716565702093281,1.1971450580248406,0.1378706547500877,0.007117515822872057,0.6722771484502121,0.34382499612234907,-0.000611148541593394,0.041125881359183485,2.6524026174749595,2.0000682956218965,1.845670220582125,0.15439807503977157,1.3445539948213912,0.8067323968928346,0.5378215979285565,0.07439596809403853,0.051347104158873016,0.06513021601246666,1.2106884393169561,0.130346206139043,0.007211770514674907
2216,0.6602915370058499,0.3415155136366619,0.006272801346022892,0.0403926729714901,2.56136870461612,1.928805417379398,1.76901906520466,0.15978635217473808,1.3205827323524326,0.7923496394114599,0.5282330929409728,0.07667446985553854,0.05327734482192591,0.06716565259007218,1.1971450869227802,0.1378706566724986,0.007117515907046672,0.6722771617974506,0.34382499555963436,-0.0006111450934034798,0.04112588210214596,2.652402757951111,2.0000684051834043,1.8456703429335346,0.15439806224986974,1.3445540250292944,0.8067324150175765,0.5378216100117179,0.07439596382691237,0.0513471005439623,0.0651302121847113,1.2106884650458591,0.1303462077487445,0.00721177059049135
2217,0.6602915509296545,0.34151551283824355,0.00627280485932151,0.04039267375571742,2.561368852784066,1.9288055314938164,1.76901919287305,0.15978633862076622,1.3205827665183594,0.7923496599110159,0.5282331066073435,0.07667446511267471,0.0532773408039924,0.06716564832779387,1.197145114690092,0.13787065849444732,0.00711751598632323,0.6722771744900974,0.343824994941671,-0.0006111419198541954,0.04112588280511399,2.652402893174886,2.0000685101530307,1.8456704602433731,0.15439804990965736,1.344554054885855,0.8067324329315129,0.5378216219543421,0.07439595972314017,0.05134709706743747,0.06513020849899655,1.2106884897894234,0.1303462092734506,0.007211770661834213
2218,0.6602915641681737,0.3415155120027567,0.006272808099889941,0.04039267449804742,2.5613689951498455,1.9288056406909293,1.7690193151183726,0.15978632557255656,1.3205828000524542,0.7923496800314729,0.5282331200209813,0.07667446056024933,0.05327733694738947,0.06716564423242591,1.1971451413421108,0.1378706602217308,0.007117516061022098,0.6722771865583667,0.3438249942810925,-0.0006111389979512258,0.04112588346993719,2.6524030232045073,2.0000686106473538,1.8456705726273337,0.15439803802001995,1.3445540842952892,0.8067324505771735,0.5378216337181158,0.07439595578105175,0.0513470937278836,0.06513020495447328,1.210688513557725,0.130346210718176,0.0072117707290019015
2219,0.6602915767540587,0.34151551114144635,0.00627281109039525,0.04039267520048103,2.56136913182042,1.92880574511798,1.7690194320919135,0.15978631302606658,1.3205828328808435,0.7923496997285064,0.5282331331523371,0.07667445619484214,0.05327733324921964,0.06716564030150837,1.197145166898868,0.13787066185987237,0.007117516131445295,0.6722771980320151,0.34382499358895136,-0.0006111363063201411,0.04112588409843712,2.65240314812195,2.000068706794336,1.8456706802154899,0.15439802657884646,1.3445541131774335,0.8067324679064599,0.5378216452709735,0.07439595199819148,0.051347090523220396,0.06513020154952226,1.2106885363655766,0.13034621208769764,0.007211770792275651
2220,0.6602915887190542,0.3415155102640408,0.006272813851784256,0.04039267586496356,2.5613692629205125,1.9288058449291872,1.7690195439543697,0.15978630097481739,1.320582864943571,0.7923497189661428,0.5282331459774281,0.07667445201240752,0.05327732970605564,0.06716563653195572,1.1971451913840587,0.13787066341407578,0.007117516197875786,0.672277208940033,0.34382499287484874,-0.0006111338252262552,0.041125884692388454,2.6524032680277516,2.0000687987296732,1.845670783148096,0.15439801558157695,1.3445541414660929,0.8067324848796555,0.5378216565864373,0.07439594837148668,0.05134708745084485,0.06513019828190907,1.2106885582315141,0.1303462133865111,0.007211770851918811
2221,0.6602916000937868,0.3415155093788913,0.00627281640332733,0.040392676493371735,2.5613693885882847,1.928805940282839,1.7690196508724698,0.15978628941036926,1.3205828961930244,0.7923497377158149,0.5282331584772095,0.07667444800842366,0.05327732631406683,0.06716563292019485,1.197145214824166,0.13787066488922214,0.007117516260577408,0.6722772193104217,0.3438249921470652,-0.0006111315365379122,0.04112588525350529,2.652403383036647,2.0000688865938274,1.8456708815721528,0.15439800502167478,1.3445541691074905,0.806732501464494,0.5378216676429964,0.07439594489738971,0.051347084507751564,0.06513019514891544,1.2106885791769382,0.13034621461882728,0.007211770908176695
2222,0.6602916109076248,0.34151550849310613,0.0062728187626833465,0.04039267708750513,2.5613695089717377,1.9288060313389765,1.7690197530162501,0.15978627832272643,1.320582926592479,0.7923497559554875,0.5282331706369914,0.07667444417801651,0.05327732306912415,0.06716562946228091,1.1971452372477367,0.13787066628987296,0.007117516319795207,0.6722772291700482,0.34382499141268724,-0.0006111294236595399,0.04112588578343224,2.6524034932739604,2.000068970529691,1.8456709756386651,0.15439799489102587,1.3445541960588259,0.8067325176352953,0.5378216784235306,0.07439594157199597,0.05134708169063275,0.06513019214744957,1.210688599225403,0.13034621578857405,0.007211770961276847
2223,0.6602916211885903,0.3415155076126772,0.006272820945982645,0.04039267764908078,2.5613696242257524,1.9288061182575762,1.7690198505568988,0.1597862677006773,1.3205829561147557,0.7923497736688536,0.5282331824459021,0.07667444051606184,0.053277319966886574,0.06716562615399332,1.197145258684782,0.13787066762027647,0.007117516375755978,0.6722772385445509,0.34382499067772676,-0.000611127471457508,0.041125886283738755,2.6524035988726213,2.0000690506807253,1.8456710655004496,0.15439798518027548,1.3445542222869533,0.8067325333721718,0.5378216889147815,0.07439593839114106,0.05134707899596048,0.06513018927413754,1.2106886184020302,0.1303462168994021,0.0072117710114295705
2224,0.6602916309632846,0.3415155067425924,0.006272822967903491,0.04039267817972861,2.561369734509424,1.9288062011969234,1.7690199436648248,0.1597862575320984,1.3205829847409982,0.7923497908445991,0.5282331938963991,0.07667443701727662,0.053277317002878535,0.06716562299092195,1.1971452791662445,0.13787066888437532,0.007117516428668844,0.6722772474582579,0.34382498994722727,-0.0006111256661830433,0.041125886755914,2.652403699970479,2.000069127189307,1.8456711513101782,0.1543979758791286,1.3445542477671681,0.8067325486603008,0.5378216991068674,0.07439593535048773,0.05134707642006049,0.06513018652540546,1.2106886367329845,0.1303462179546908,0.007211771058828385
2225,0.6602916402569314,0.34151550588695373,0.006272824841801722,0.04039267868099412,2.561369839984445,1.9288062803128774,1.769020032508712,0.1597862478041653,1.320583012459555,0.7923498074757331,0.5282332049838219,0.07667443367627541,0.05327731417253779,0.06716561996852273,1.1971452987236657,0.13787067008583329,0.0071175164787265245,0.6722772559342255,0.34382498922537613,-0.0006111239953509873,0.04112588720136927,2.652403796708684,2.000069200195979,1.8456712332194223,0.15439796697655628,1.3445542724821031,0.8067325634892617,0.5378217089928414,0.07439593244557946,0.05134707395915737,0.06513018389753204,1.2106886542451494,0.1303462189575728,0.007211771103651301
2226,0.6602916490933841,0.3415155050490729,0.006272826579797483,0.04039267915433878,2.561369940813479,1.928806355758038,1.7690201172544877,0.1597862385035502,1.3205830392649858,0.7923498235589915,0.5282332157059942,0.07667443048762576,0.05327731147126218,0.06716561708217135,1.1971453173888629,0.1378706712280384,0.007117516526106253,0.672277263994239,0.34382498851559434,-0.0006111224476529412,0.04112588762143808,2.6524038892300585,2.000069269838604,1.8456713113776162,0.1543979584609877,1.3445542964207375,0.8067325778524423,0.5378217185682952,0.07439592967189265,0.051347071609418996,0.0651301813866996,1.2106886709658125,0.13034621991093584,0.007211771146061617
2227,0.6602916574952208,0.3415155042315744,0.006272828192911313,0.040392679601145884,2.5613700371592754,1.9288064276815347,1.7690201980649767,0.15978622961655797,1.3205830651571642,0.7923498390942986,0.5282332260628656,0.07667442744588013,0.05327730889443683,0.06716561432719644,1.1971453351937411,0.137870672314137,0.007117516570971268,0.6722772716589085,0.3438249878206363,-0.0006111210128273148,0.0411258880173819,2.652403977678226,2.000069336252162,1.8456713859317193,0.15439795032044246,1.3445543195775116,0.8067325917465068,0.5378217278310048,0.07439592702486678,0.05134706936698184,0.06513017898902501,1.210688686922486,0.13034622081745484,0.007211771186209448
2228,0.6602916654839535,0.34151550343650805,0.006272829691228186,0.040392680022733385,2.5613701291847053,1.9288064962295963,1.7690202751004098,0.15978622112918642,1.3205830901404922,0.7923498540842954,0.5282332360561969,0.07667442454557863,0.05327730643743637,0.06716561169888713,1.1971453521702782,0.13787067334706868,0.007117516613473121,0.6722772789478842,0.34382498714269966,-0.0006111196814936118,0.04112588839040345,2.652404062197749,2.0000693995694014,1.8456714570268238,0.15439794254257785,1.3445543419515422,0.8067326051709252,0.5378217367806171,0.0743959244999035,0.05134706722795046,0.06513017670056447,1.210688702142909,0.13034622167962462,0.007211771224234007
2229,0.6602916730799495,0.3415155026654075,0.006272831083909178,0.04039268042034902,2.5613702170510315,1.9288065615444083,1.7690203485170912,0.1597862130273171,1.3205831142232338,0.7923498685339403,0.5282332456892935,0.07667442178130825,0.05327730409567513,0.06716560919254812,1.1971453683501774,0.1378706743295517,0.007117516653751679,0.6722772858797578,0.3438249864834786,-0.0006111184451512777,0.04112588874164063,2.652404142932257,2.0000694599195676,1.8456715248046782,0.15439793511488933,1.344554363545965,0.8067326181275787,0.5378217454183862,0.07439592209242733,0.05134706518844867,0.0651301745173691,1.2106887166546823,0.13034622249974318,0.007211771260263481
2230,0.6602916803025007,0.34151550191937696,0.006272832379312983,0.040392680795174565,2.561370300917145,1.928806623763845,1.7690204184670049,0.15978620529684018,1.3205831374169001,0.7923498824501402,0.52823325496676,0.07667441914773354,0.0532773018646332,0.06716560680353034,1.197145383764688,0.13787067526414365,0.007117516691936353,0.6722772924721281,0.34382498584424703,-0.0006111172960604483,0.0411258890721705,2.6524042200236746,2.000069517428116,1.845671589403283,0.1543979280248327,1.34455438436732,0.8067326306203917,0.5378217537469283,0.07439591979791506,0.05134706324464465,0.06513017243551462,1.2106887304850926,0.1303462232799704,0.007211771294416222
2231,0.6602916871698746,0.34151550119915597,0.006272833585056155,0.040392681148329,2.561370380938955,1.928806683021276,1.769020485097529,0.15978619792374693,1.3205831597357103,0.7923498958414262,0.528233263894284,0.07667441663961894,0.05327729973987522,0.0671656045272536,1.1971453984444738,0.1378706761532407,0.007117516728146971,0.6722772987416468,0.3438249852259211,-0.0006111162271847728,0.041125889383012135,2.6524042936115824,2.000069572216492,1.8456716509565743,0.15439792125991755,1.3445544044250137,0.806732642655008,0.5378217617700057,0.07439591761191787,0.05134706139276955,0.06513017045112364,1.2106887436609772,0.13034622402232549,0.0072117713268015655
2232,0.6602916936993688,0.3415155005051751,0.0062728347080800995,0.040392681480871856,2.5613704572689344,1.9288067394454675,1.7690205485512658,0.1597861908942017,1.3205831811961142,0.7923499087176686,0.5282332724784455,0.0766744142518455,0.05327729771706469,0.06716560235922403,1.1971454124195158,0.13787067699909103,0.007117516762494603,0.6722773047040692,0.343824984629112,-0.0006111152321298732,0.04112588967512967,2.6524043638327486,2.000069624402021,1.8456717095942436,0.15439791480777726,1.3445544237308418,0.8067326542385048,0.537821769492337,0.0743959155300775,0.051347059629131275,0.06513016856038242,1.2106887562086264,0.13034622472869875,0.007211771357520638
2233,0.6602916999073694,0.3415154998376067,0.006272835754715857,0.04039268179380674,2.5613705300557843,1.9288067931605584,1.7690206089659584,0.1597861841946,1.3205832018163766,0.792349921089826,0.5282332807265505,0.07667441197942354,0.05327729579197453,0.06716560029504762,1.1971454257190377,0.1378706778038075,0.007117516795082395,0.6722773103743073,0.34382498405417483,-0.0006111143050795478,0.041125889949435585,2.6524044308207686,2.0000696740978543,1.845671765441626,0.15439790865622852,1.3445544422985714,0.8067326653791426,0.5378217769194288,0.07439591354813888,0.051347057950125105,0.06513016675955435,1.2106887681537095,0.13034622540086288,0.007211771386667113
2234,0.6602917058094051,0.3415154991964092,0.006272836730742297,0.04039268208808472,2.561370599444195,1.9288068442860817,1.769020666474467,0.15978617781161486,1.320583221616213,0.792349932969728,0.528233288646485,0.07667440981750148,0.053277293960494784,0.06716559833044018,1.1971454383714546,0.1378706785693789,0.007117516826006271,0.6722773157664789,0.3438249835012496,-0.0006111134407390598,0.04112589020679379,2.6524044947058156,2.000069721412985,1.8456718186196703,0.15439790279331433,1.344554460143576,0.8067326760861453,0.5378217840574306,0.07439591166195879,0.0513470563522411,0.06513016504498974,1.21068877952122,0.13034622604048257,0.007211771414327885
2235,0.6602917114201993,0.34151549858136354,0.006272837641441077,0.04039268236460743,2.561370665574671,1.928806892937018,1.7690207212047873,0.1597861717322307,1.3205832406164728,0.7923499443698838,0.528233296246589,0.07667440776137222,0.05327729221863774,0.06716559646123488,1.1971454504043353,0.13787067929768063,0.0071175168553555945,0.6722773208939596,0.3438249829702985,-0.0006111126342848577,0.04112589044802263,2.6524045556144458,2.000069766452279,1.8456718692449376,0.1543978972073414,1.344554477282514,0.8067326863695081,0.5378217909130059,0.0743959098675128,0.05134705483206996,0.06513016341313346,1.2106887903354357,0.1303462266491246,0.00721177144058373
2236,0.6602917167537213,0.3415154979921075,0.006272838491644492,0.04039268262423029,2.561370728583421,1.9288069392238738,1.7690207732801015,0.15978616594377226,1.3205832588388653,0.7923499553033194,0.5282333035355459,0.07667440580647762,0.05327729056254201,0.06716559468338773,1.1971454618443762,0.13787067999048455,0.00711751688321379,0.6722773257694273,0.34382498246113624,-0.000611111881317565,0.04112589067389773,2.6524046136694786,2.0000698093165514,1.8456719174296463,0.15439789188690517,1.3445544937330542,0.8067326962398322,0.537821797493222,0.07439590816089922,0.05134705338630636,0.06513016186053038,1.2106888006198924,0.13034622722826592,0.0072117714655098464
2237,0.6602917218232309,0.3415154974281627,0.006272839285778084,0.040392682867765206,2.5613707886022943,1.9288069832527832,1.7690208228188604,0.15978616043392277,1.320583276305723,0.792349965783434,0.5282333105222891,0.07667440394841059,0.053277288988474086,0.0671655929929809,1.1971454727173896,0.13787068064946678,0.007117516909658843,0.6722773304049069,0.34382498197345807,-0.0006111111778201173,0.04112589088515477,2.6524046689899095,2.0000698501026415,1.8456719632817293,0.15439788682091193,1.3445545095136342,0.8067327057081802,0.537821803805454,0.07439590653834238,0.0513470520117517,0.06513016038382922,1.2106888103973676,0.13034622777930147,0.007211771489176383
2238,0.6602917266413242,0.3415154968889598,0.006272840027901988,0.04039268309598337,2.5613708457587605,1.9288070251256215,1.7690208699348822,0.15978615519073927,1.320583293039797,0.7923499758238782,0.5282333172159187,0.07667440218291613,0.053277287492829346,0.06716559138622501,1.197145483048296,0.1378706812762161,0.007117516934763827,0.6722773348118112,0.3438249815068631,-0.0006111105201180161,0.041125891082491886,2.6524047216908757,2.0000698889035173,1.8456720069049248,0.1543978819985926,1.344554524643252,0.8067327147859509,0.5378218098573011,0.07439590499619356,0.05134705070531499,0.06513015897978498,1.2106888196898713,0.13034622830355078,0.007211771511648897
2239,0.6602917312199712,0.34151549637385786,0.006272840721744576,0.040392683309617594,2.56137090017591,1.9288070649401208,1.7690209147374605,0.15978615020266038,1.3205833090640822,0.7923499854384495,0.5282333236256327,0.07667440050589099,0.05327728607213168,0.06716558985945967,1.1971454928611276,0.13787068187223991,0.007117516958597297,0.6722773390009787,0.34382498106087345,-0.0006111099048483892,0.04112589126657204,2.652404771883651,2.0000699258083894,1.8456720483988778,0.15439787740951166,1.3445545391412892,0.8067327234847733,0.5378218156565159,0.07439590353093127,0.05134704946401297,0.06513015764525996,1.2106888285186472,0.13034622880226415,0.007211771532988763
2240,0.6602917355705554,0.34151549588216207,0.0062728413707374975,0.040392683509364743,2.5613709519724983,1.9288071027900084,1.7690209573314974,0.1597861454585109,1.3205833244016678,0.792349994641001,0.5282333297606668,0.07667439891338229,0.053277284723032434,0.06716558840915349,1.1971455021790354,0.13787068243897055,0.007117516981223692,0.6722773429827111,0.34382498063495226,-0.0006111093289250108,0.04112589143802531,2.6524048196756675,2.0000699609028274,1.845672087859254,0.15439787304357316,1.3445545530273557,0.8067327318164134,0.5378218212109424,0.0743959021391605,0.05134704828496955,0.06513015637722415,1.2106888369041755,0.13034622927662792,0.0072117715532535685
2241,0.6602917397039099,0.3415154954131387,0.0062728419780393035,0.04039268369588783,2.561371001263001,1.9288071387651369,1.7690209978176334,0.15978614094750346,1.3205833390756123,0.7923500034453677,0.5282333356302447,0.07667439740158541,0.05327728344230845,0.06716558703190284,1.1971455110243034,0.1378706829777708,0.007117517002703696,0.6722773467668033,0.34382498022851693,-0.0006111087895164027,0.041125891597450726,2.652404865170552,2.0000699942688773,1.8456721253778545,0.1543978688910227,1.3445545663211624,0.8067327397926973,0.5378218265284651,0.07439590081761123,0.05134704716541449,0.06513015517275464,1.210688844866183,0.13034622972776902,0.007211771572497401
2242,0.6602917436303468,0.34151549496602723,0.006272842546564843,0.04039268386981803,2.5613710481576835,1.92880717295162,1.7690210362923833,0.15978613665923685,1.3205833531088331,0.7923500118653001,0.528233341243533,0.07667439596684127,0.05327728222685998,0.06716558572443022,1.197145519418362,0.1378706834899382,0.007117517023094526,0.6722773503625767,0.3438249798409519,-0.0006111082840158724,0.041125891745418336,2.652404908468196,2.000070025985198,1.845672161042752,0.15439786494244606,1.344554579042407,0.806732747425444,0.537821831616963,0.074395899563136,0.051347046102681454,0.06513015402903424,1.2106888524236559,0.13034623015675953,0.007211771590771183
2243,0.6602917473596903,0.3415154945400502,0.006272843079007516,0.040392684031756526,2.561371092762696,1.9288072054319754,1.7690210728482845,0.1597861325836908,1.320583366524019,0.7923500199144116,0.5282333466096074,0.07667439460563294,0.05327728107370763,0.06716558448358192,1.1971455273818092,0.1378706839767094,0.0071175170424502224,0.6722773537789074,0.3438249794716191,-0.0006111078100217229,0.04112589188247087,2.6524049496648208,2.00007005612718,1.845672194938412,0.15439786118876772,1.3445545912106815,0.8067327547264087,0.5378218364842728,0.07439589837270766,0.051347045094205956,0.06513015294335,1.2106888595948553,0.13034623056462027,0.007211771608122923
2244,0.6602917509013033,0.34151549413442267,0.00627284357785881,0.040392684182276206,2.5613711351801633,1.9288072362852522,1.76902110757403,0.15978612871122216,1.320583379343555,0.7923500276061332,0.5282333517374219,0.07667439331458235,0.05327727997998964,0.06716558330632554,1.1971455349344304,0.13787068443926426,0.0071175170608218956,0.6722773570242527,0.34382497911986637,-0.0006111073653189275,0.041125892009125406,2.6524049888530636,2.0000700847670725,1.845672227145827,0.15439785762124544,1.344554602845395,0.8067327617072367,0.5378218411381582,0.07439589724341647,0.051347044137523,0.06513015191309125,1.2106888663973345,0.13034623095232448,0.00721177162459797
2245,0.6602917542641131,0.3415154937483588,0.006272844045426905,0.040392684321923306,2.5613711755082873,1.9288072655871682,1.769021140554611,0.15978612503255718,1.32058339158946,0.7923500349536762,0.5282333566357839,0.07667439209044649,0.05327727894295872,0.06716558218974716,1.1971455420952188,0.1378706848787291,0.007117517078257947,0.6722773601066747,0.3438249787850349,-0.0006111069478596243,0.04112589212587485,2.6524050261220617,2.000070111974104,1.8456722577426383,0.1543978542314656,1.3445546139657059,0.8067327683794233,0.5378218455862825,0.07439589617246693,0.0513470432302644,0.06513015093574716,1.2106888728479575,0.1303462313208007,0.00721177164023921
2246,0.6602917574566368,0.3415154933810786,0.006272844483854803,0.04039268445121878,2.5613712138414537,1.928807293410236,1.7690211718714517,0.15978612153878433,1.3205834032833363,0.7923500419700019,0.5282333613133344,0.07667439093011362,0.0532772779599787,0.0671655811310484,1.1971455488823999,0.13787068529618,0.007117517094804295,0.6722773630338642,0.3438249784664654,-0.0006111065557469833,0.041125892233189285,2.6524050615575487,2.0000701378146033,1.845672286803267,0.15439785101133618,1.34455462459047,0.8067327747542817,0.5378218498361883,0.07439589515717476,0.051347042370156123,0.06513015000890449,1.2106888789629167,0.13034623167093565,0.007211771655087276
2247,0.6602917604870011,0.34151549303181195,0.006272844895130733,0.04039268457065977,2.561371250270336,1.9288073198238835,1.7690212016025377,0.15978611822134586,1.3205834144463302,0.7923500486677981,0.5282333657785321,0.07667438983059932,0.05327727702852134,0.06716558012754312,1.197145555313453,0.13787068569264552,0.0071175171105045155,0.6722773658131598,0.3438249781635034,-0.0006111061872233967,0.04112589233151726,2.6524050952419427,2.000070162352106,1.8456723143990255,0.1543978479530806,1.3445546347381958,0.8067327808429172,0.5378218538952786,0.07439589419496365,0.05134704155501564,0.06513014913024495,1.2106888847577535,0.13034623200357676,0.007211771669180704
2248,0.6602917633629641,0.34151549269980325,0.006272845281106054,0.04039268468072067,2.561371284882008,1.9288073448945786,1.7690212298225498,0.15978611507202883,1.3205834250990973,0.7923500550594583,0.528233370039639,0.07667438878904259,0.053277276146162955,0.06716557917665439,1.197145561405135,0.1378706860691093,0.007117517125400023,0.6722773684515689,0.3438249778755031,-0.0006111058406572251,0.041125892421287016,2.652405127254446,2.000070185647471,1.8456723405982416,0.15439784504922952,1.344554644427008,0.8067327866562045,0.5378218577708035,0.07439589328336196,0.051347040782749126,0.06513014829754282,1.2106888902473785,0.13034623231953468,0.007211771682556109
2249,0.6602917660919335,0.34151549238431456,0.006272845643504138,0.04039268478185448,2.5613713177600492,1.9288073686859375,1.769021256602981,0.15978611208295643,1.3205834352617802,0.7923500611570681,0.5282333741047122,0.076674387802702,0.0532772753105811,0.06716557827591126,1.1971455671735012,0.1378706864265125,0.0071175171395302305,0.6722773709557838,0.3438249776018313,-0.0006111055145308908,0.041125892502907435,2.6524051576711387,2.00007020775898,1.8456723654663663,0.15439784229261355,1.3445546536746211,0.8067327922047725,0.5378218614698487,0.07439589241999958,0.051347040051348686,0.06513014750866203,1.2106888954460886,0.13034623261958492,0.007211771695248302
2250,0.6602917686809854,0.34151549208462817,0.006272845983930513,0.040392684874493746,2.561371348984661,1.928807391258845,1.7690212820122677,0.15978610924657738,1.320583444953989,0.7923500669723933,0.5282333779815958,0.07667438686895159,0.05327727451955121,0.06716557742294532,1.197145572633932,0.13787068676575595,0.007117517152932662,0.6722773733321985,0.34382497734186973,-0.0006111052074322179,0.04112589257676916,2.6524051865650775,2.0000702287424423,1.8456723890660882,0.15439783967635431,1.3445546624983158,0.8067327974989893,0.5378218649993265,0.0743958916026045,0.0513470393588896,0.0651301467615536,1.2106889003675907,0.13034623290447023,0.0072117717072904255
2251,0.6602917711368779,0.34151549180004803,0.006272846303883896,0.04039268495905153,2.5613713786327628,1.928807412671548,1.7690213061158906,0.15978610655565742,1.3205834541947872,0.7923500725168722,0.528233381677915,0.0766743859852772,0.0532772737709434,0.06716557661548764,1.1971455778011526,0.137870687087702,0.0071175171656430655,0.6722773755869239,0.3438249770950175,-0.0006111049180455852,0.04112589264324538,2.652405214006389,2.0000702486512916,1.8456724114574348,0.1543978371938567,1.3445546709149239,0.8067328025489542,0.5378218683659697,0.07439589082899961,0.051347038703527546,0.06513014605425285,1.210688905025017,0.1303462331749018,0.0072117717187140575
2252,0.6602917734660683,0.34151549152990174,0.0062728466047616074,0.040392685035922374,2.561371406778113,1.9288074329797709,1.7690213289765024,0.1597861040032684,1.3205834630026843,0.7923500778016104,0.5282333852010739,0.07667438514927234,0.05327727306271898,0.06716557585136518,1.1971455826892574,0.1378706873931763,0.007117517177695532,0.6722773777258013,0.34382497686069274,-0.0006111046451429333,0.04112589270269276,2.6524052400623632,2.0000702675366737,1.8456724326978735,0.15439783483880012,1.3445546789408163,0.8067328073644896,0.5378218715763267,0.07439589009709964,0.05134703808349594,0.06513014538487685,1.2106889094309476,0.130346233431561,0.007211771729549317
2253,0.6602917756747262,0.34151549127354086,0.006272846887871733,0.04039268510548309,2.5613714334914044,1.9288074522368053,1.7690213506540267,0.15978610158277873,1.3205834713956297,0.7923500828373776,0.5282333885582521,0.07667438435863465,0.053277272392927504,0.06716557512849787,1.197145587311731,0.13787068768296942,0.007117517189122577,0.6722773797544154,0.3438249766383334,-0.0006111043875788452,0.04112589275545212,2.652405264797547,2.0000702854475403,1.84567245284241,0.15439783260513015,1.344554686591895,0.8067328119551369,0.537821874636758,0.07439588940490789,0.051347037497103315,0.06513014475162165,1.210688913597427,0.130346233675101,0.0072117717398249605
2254,0.6602917777687468,0.34151549103034223,0.006272847154435643,0.040392685168093564,2.5613714588403727,1.9288074704936093,1.7690213712057656,0.15978609928784376,1.320583479391012,0.792350087634607,0.528233391756405,0.07667438361116205,0.0532772717597035,0.06716557444489524,1.1971455916814708,0.1378706879578386,0.007117517199955244,0.6722773816781066,0.34382497642739884,-0.000611104144282372,0.04112589280184921,2.6524052882738394,2.0000703024307356,1.8456724719436863,0.15439783048704947,1.3445546938835886,0.8067328163301531,0.5378218775534355,0.07439588875051309,0.05134703694273049,0.06513014415275954,1.2106889175359852,0.13034623390614772,0.0072117717495684365
2255,0.6602917797537633,0.341515490799708,0.0062728474055951736,0.040392685224097474,2.561371482889897,1.9288074877988968,1.7690213906865009,0.159786097112396,1.32058348700566,0.7923500922033958,0.5282333948022643,0.07667438290474918,0.053277271161263406,0.06716557379865329,1.1971455958108073,0.13787068821850884,0.007117517210223175,0.6722773835019813,0.3438249762273696,-0.0006111039142524533,0.04112589284219528,2.652405310550574,2.000070318531073,1.8456724900520634,0.15439782847900993,1.3445547008308512,0.8067328204985107,0.5378218803323405,0.0743958881320866,0.051347036418828346,0.06513014358663667,1.2106889212576535,0.1303462341253011,0.007211771758805982
2256,0.6602917816351579,0.34151549058106534,0.006272847642419636,0.04039268527382287,2.5613715057020996,1.9288075041992265,1.7690214091485919,0.15978609505063468,1.3205834942558465,0.7923500965535077,0.5282333977023388,0.07667438223738393,0.05327727059590262,0.06716557318795151,1.1971455997115255,0.1378706884656745,0.007117517219954673,0.6722773852309228,0.34382497603774825,-0.0006111036965522065,0.0411258928767877,2.652405331684609,2.000070333791416,1.8456725072157116,0.154397826575704,1.3445547074481623,0.8067328244688973,0.537821882979265,0.07439588754787935,0.05134703592391514,0.0651301430516704,1.2106889247729828,0.13034623433313636,0.007211771767562684
2257,0.6602917834180733,0.34151549037386675,0.006272847865910272,0.04039268531758289,2.561371527336443,1.9288075197390842,1.769021426642067,0.1597860930970173,1.3205835011572933,0.7923501006943758,0.5282334004629174,0.07667438160714396,0.053277270061992635,0.06716557261104986,1.1971456033948844,0.13787068870000038,0.0071175172291767855,0.6722773868696016,0.3438249758580593,-0.0006111034903056659,0.04112589290591047,2.6524053517304136,2.000070348252752,1.8456725234806952,0.15439782477205655,1.3445547137495306,0.8067328282497183,0.5378218854998124,0.07439588699621903,0.051347035456574194,0.0651301425463469,1.2106889280920612,0.13034623453020494,0.007211771775862515
2258,0.6602917851074224,0.34151549017759,0.006272848077003561,0.040392685355676194,2.561371547849823,1.928807534460966,1.7690214432147162,0.1597860912462499,1.3205835077251784,0.7923501046351069,0.5282334030900715,0.07667438101219334,0.053277269557978166,0.06716557206628579,1.1971456068716364,0.13787068892212284,0.007117517237915353,0.6722773884224825,0.34382497568784903,-0.0006111032946914952,0.04112589292983464,2.652405370740146,2.0000703619542644,1.8456725388910473,0.15439782306321695,1.344554719748498,0.8067328318490986,0.5378218878993993,0.07439588647550757,0.05134703501545167,0.06513014206921874,1.2106889312245297,0.13034623471703521,0.007211771783728431
2259,0.6602917867078982,0.3415154899917375,0.006272848276576794,0.040392685388387486,2.561371567296658,1.9288075484054499,1.7690214589121709,0.15978608949327897,1.320583513974145,0.7923501083844869,0.5282334055896581,0.07667438045077979,0.053277269082374734,0.06716557155207176,1.1971456101520446,0.13787068913265124,0.007117517246195075,0.6722773898938355,0.34382497552668545,-0.0006111031089413715,0.04112589294881876,2.652405388763736,2.000070374933401,1.8456725534888494,0.15439782144455116,1.3445547254581447,0.8067328352748867,0.537821890183258,0.0743958859842183,0.051347034599254264,0.06513014161890271,1.2106889341795968,0.1303462348941338,0.007211771791182385
2260,0.660291788223983,0.3415154898158355,0.006272848465452126,0.04039268541598788,2.5613715857289847,1.9288075616112792,1.7690214737779986,0.15978608783328055,1.3205835199183105,0.7923501119509861,0.5282334079673243,0.07667437992123102,0.05327726863376567,0.06716557106689211,1.1971456132459033,0.13787068933216876,0.007117517254039549,0.6722773912877422,0.34382497537415796,-0.0006111029323339554,0.04112589296310911,2.652405405848965,2.0000703872259407,1.8456725673143066,0.15439781991163393,1.3445547308910974,0.8067328385346585,0.537821892356439,0.07439588552089343,0.051347034206746994,0.06513014119407727,1.2106889369660572,0.13034623506198614,0.007211771798245386
2261,0.6602917896599574,0.3415154896494341,0.006272848644399684,0.040392685438735275,2.561371603196543,1.9288075741154307,1.7690214878537773,0.15978608626165333,1.3205835255712761,0.7923501153427656,0.5282334102285106,0.07667437942195221,0.05327726821079989,0.06716557060930066,1.1971456161625535,0.13787068952123335,0.007117517261471341,0.6722773926081048,0.34382497522987704,-0.0006111027641955147,0.04112589297294006,2.6524054220415385,2.000070398866058,1.8456725804058167,0.15439781846024137,1.3445547360595362,0.8067328416357218,0.5378218944238145,0.07439588508414188,0.05134703383675141,0.0651301407934808,1.2106889395923028,0.13034623522105748,0.007211771804937553
2262,0.6602917910199079,0.3415154894921064,0.006272848814141384,0.040392685456874536,2.561371619746859,1.9288075859531846,1.769021501179175,0.15978608477400968,1.32058353094614,0.7923501185676839,0.5282334123784561,0.07667437895142294,0.053277267812189374,0.06716557017791813,1.1971456189108993,0.13787068970037886,0.007117517268512017,0.6722773938586519,0.34382497509347304,-0.0006111026038911546,0.041125892978534084,2.6524054373851644,2.0000704098863853,1.8456725928000424,0.15439781708634284,1.3445547409752034,0.8067328445851221,0.5378218963900814,0.07439588467263653,0.051347033488143214,0.06513014041590909,1.210688942066339,0.13034623537179324,0.00721177181127812
2263,0.6602917923077366,0.34151548934344766,0.00627284897535501,0.04039268547063768,2.561371635425335,1.9288075971581968,1.7690215137920302,0.15978608336616668,1.3205835360555076,0.7923501216333045,0.5282334144222031,0.07667437850819461,0.053277267436706965,0.0671655697714297,1.197145621499426,0.1378706898701161,0.007117517275182185,0.6722773950429475,0.3438249749645966,-0.0006111024508278634,0.04112589298010186,2.6524054519216294,2.0000704203180755,1.8456726045319813,0.15439781578609413,1.3445547456494136,0.8067328473896481,0.5378218982597655,0.07439588428511236,0.051347033159850786,0.06513014006021367,1.2106889443957973,0.13034623551462032,0.007211771817285526
2264,0.6602917935271682,0.34151548920307456,0.00627284912867538,0.0403926854802438,2.561371650275333,1.9288076077625682,1.7690215257284305,0.15978608203413766,1.3205835409115043,0.7923501245469026,0.5282334163646017,0.0766743780908877,0.05327726708318397,0.06716556938858256,1.1971456239362128,0.13787069003093352,0.007117517281501554,0.672277396164396,0.3438249748429171,-0.0006111023044462066,0.041125892977842124,2.6524054656908653,2.000070430190858,1.8456726156350283,0.15439781455582985,1.3445547500930617,0.8067328500558371,0.5378219000372246,0.0743958839203642,0.05134703285085312,0.06513013972529971,1.2106889465879476,0.13034623564994743,0.007211771822977396
2265,0.6602917946817576,0.341515489070625,0.006272849274701196,0.04039268548589889,2.5613716643382496,1.9288076177969027,1.769021537022777,0.15978608077412562,1.3205835455257875,0.7923501273154725,0.528233418210315,0.07667437769818952,0.053277266750508354,0.06716556902818387,1.1971456262289477,0.1378706901832981,0.00711751728748896,0.6722773972262504,0.3438249747281227,-0.0006111021642210002,0.0411258929719413,2.652405478731028,2.0000704395331033,1.8456726261410472,0.15439781339205616,1.3445547543166345,0.8067328525899808,0.5378219017266537,0.07439588357724476,0.05134703256017829,0.06513013941012429,1.210688948649711,0.13034623577816584,0.007211771828370622
2266,0.6602917957748986,0.3415154889457567,0.006272849413994919,0.04039268548779541,2.5613716776536064,1.9288076272903831,1.7690215477078701,0.15978607958251298,1.3205835499095606,0.7923501299457364,0.5282334199638242,0.07667437732885196,0.05327726643762275,0.06716556868909852,1.197145628384941,0.1378706903276567,0.007117517293162423,0.672277398231618,0.34382497461991907,-0.0006111020296569736,0.04112589296257295,2.6524054910785644,2.000070448371875,1.8456726360804316,0.15439781229144356,1.344554758330221,0.8067328549981327,0.5378219033320883,0.07439588325466312,0.05134703228690213,0.0651301391136948,1.2106889505876683,0.13034623589965014,0.0072117718334813565
2267,0.6602917968098283,0.34151548882814603,0.006272849547087532,0.04039268548611136,2.5613716902591177,1.9288076362708222,1.769021557814967,0.15978607845585502,1.3205835540735844,0.7923501324441506,0.5282334216294338,0.07667437698168961,0.053277266143522954,0.06716556837024762,1.1971456304111352,0.13787069046443606,0.007117517298539148,0.6722773991834659,0.34382497451802824,-0.0006111019002841625,0.04112589294989662,2.6524055027682794,2.000070456732985,1.8456726454821655,0.15439781125081953,1.3445547621435228,0.8067328572861138,0.537821904857409,0.07439588295158304,0.051347032030146796,0.06513013883506746,1.2106889524080708,0.13034623601475873,0.00721177183832507
2268,0.6602917977896369,0.34151548871748794,0.006272849674483674,0.04039268548100895,2.561371702190773,1.9288076447647295,1.7690215673738576,0.15978607739087203,1.320583558028192,0.7923501348169152,0.5282334232112768,0.07667437665557829,0.05327726586725662,0.06716556807060656,1.1971456323141152,0.1378706905940444,0.007117517303635598,0.6722774000846262,0.3438249744221879,-0.0006111017756582626,0.04112589293405632,2.652405513833402,2.0000704646410457,1.8456726543738835,0.15439781026716207,1.344554765765864,0.8067328594595186,0.5378219063063455,0.07439588266702227,0.05134703178908015,0.06513013857334637,1.210688954116844,0.13034623612383403,0.007211771842916541
2269,0.6602917987172698,0.34151548861349307,0.006272849796662511,0.04039268547263247,2.561371713482901,1.9288076527973617,1.769021576412921,0.15978607638444076,1.3205835617833002,0.7923501370699801,0.52823342471332,0.0766743763494539,0.053277265607922286,0.06716556778920414,1.1971456341001128,0.1378706907168711,0.007117517308467481,0.6722774009377993,0.3438249743321488,-0.0006111016553538018,0.041125892915178056,2.6524055243056397,2.00007047211951,1.8456726627819178,0.15439780933759228,1.344554769206203,0.8067328615237219,0.5378219076824811,0.07439588240005157,0.051347031562914994,0.06513013832768245,1.2106889557195932,0.13034623622720326,0.007211771847269874
2270,0.6602917995955332,0.3415154885158863,0.006272849914082827,0.04039268546110519,2.5613717241682368,1.92880766039277,1.7690215849591824,0.1597860754335875,1.3205835653484241,0.7923501392090545,0.5282334261393696,0.07667437606231228,0.05327726536466928,0.06716556752512177,1.1971456357750092,0.13787069083328737,0.007117517313049761,0.6722774017455571,0.34382497424767305,-0.0006111015389620791,0.04112589289336625,2.6524055342152417,2.0000704791907227,1.845672670731356,0.1543978084593667,1.3445547724731426,0.8067328634838857,0.5378219089892569,0.07439588214979517,0.05134703135090944,0.0651301380972733,1.2106889572216013,0.13034623632517772,0.007211771851398497
2271,0.6602918004270933,0.3415154884244027,0.0062728500271874085,0.04039268544652454,2.5613717342779716,1.928807667573838,1.7690215930383584,0.15978607453547944,1.3205835687326886,0.7923501412396131,0.5282334274930754,0.07667437579320947,0.05327726513669789,0.06716556727749315,1.1971456373443332,0.1378706909436458,0.007117517317396623,0.6722774025103391,0.34382497416852886,-0.0006111014260862663,0.0411258928686985,2.6524055435910205,2.0000704858759275,1.8456726782460564,0.15439780762987118,1.3445547755749399,0.8067328653449641,0.5378219102299757,0.07439588191543178,0.05134703115236766,0.06513013788136356,1.2106889586278236,0.13034623641805254,0.007211771855315097
2272,0.6602918012144736,0.34151548833878237,0.006272850136407798,0.04039268542895521,2.561371743841787,1.928807674362301,1.7690216006748842,0.1597860736874167,1.3205835719448382,0.7923501431669029,0.5282334287779353,0.07667437554126344,0.05327726492326093,0.06716556704550511,1.1971456388132506,0.13787069104827895,0.007117517321521417,0.672277403234449,0.34382497409448537,-0.0006111013163384374,0.04112589284121784,2.6524055524603893,2.0000704921952925,1.845672685348681,0.15439780684661183,1.3445547785195138,0.8067328671117086,0.5378219114078052,0.07439588169619646,0.051347030966641706,0.06513013767924578,1.2106889599428738,0.13034623650610475,0.007211771859031534
2273,0.660291801960044,0.3415154882587611,0.006272850242167838,0.04039268540841892,2.5613717528878674,1.9288076807787413,1.769021607891918,0.15978607288682314,1.3205835749932489,0.7923501449959492,0.5282334299972996,0.07667437530565736,0.05327726472366642,0.06716556682839925,1.1971456401865461,0.13787069114749706,0.007117517325436504,0.6722774039200361,0.34382497402530093,-0.0006111012093336574,0.041125892810921404,2.6524055608493375,2.0000704981678727,1.845672692060666,0.15439780610720677,1.3445547813144523,0.8067328687886716,0.5378219125257807,0.07439588149138476,0.05134703079313477,0.06513013749026268,1.210688961171002,0.13034623658959038,0.0072117718625586405
2274,0.6602918026659971,0.34151548818405664,0.006272850344893048,0.0403926853848786,2.56137176144286,1.9288076868425368,1.7690216147113005,0.15978607213123636,1.3205835778859327,0.7923501467315596,0.5282334311543732,0.0766743750856439,0.053277264537281266,0.06716556662547388,1.1971456414685961,0.13787069124158302,0.00711751732915298,0.6722774045690706,0.3438249739607082,-0.000611101104680857,0.041125892777743166,2.652405568782379,2.0000705038115467,1.8456726984021699,0.1543978054093767,1.3445547839670144,0.8067328703802089,0.5378219135868055,0.07439588130035762,0.05134703063130547,0.06513013731380976,1.210688962316063,0.130346236668739,0.007211771865905938
2275,0.6602918033343057,0.34151548811434435,0.006272850445013162,0.04039268535821589,2.5613717695317715,1.928807692571743,1.7690216211534482,0.1597860714182947,1.320583580630539,0.7923501483783233,0.5282334322522158,0.07667437488055495,0.05327726436353946,0.06716556643609013,1.197145642663314,0.13787069133078345,0.007117517332680207,0.6722774051832908,0.34382497390038685,-0.0006111010019802104,0.04112589274152918,2.652405576282408,2.000070509142863,1.8456727043919312,0.15439780475093182,1.3445547864841274,0.8067328718904767,0.5378219145936507,0.07439588112255176,0.05134703048067661,0.06513013714934172,1.2106889633814553,0.1303462367437439,0.007211771869081037
2276,0.660291803966652,0.3415154880492209,0.006272850542974072,0.04039268532819583,2.561371777177758,1.928807697982872,1.7690216272371506,0.1597860707457215,1.320583583234346,0.7923501499406074,0.5282334332937386,0.07667437468981247,0.05327726420195131,0.06716556625967753,1.1971456437740855,0.13787069141529443,0.007117517336025043,0.6722774057641195,0.3438249738439209,-0.0006111009008111026,0.04112589270199914,2.652405583370439,2.0000705141767705,1.845672710047015,0.15439780412975562,1.3445547888723726,0.8067328733234239,0.5378219155489486,0.07439588095749158,0.0513470303408453,0.06513013699637872,1.2106889643700476,0.13034623681474675,0.007211771872088775
2277,0.6602918045643033,0.3415154879881427,0.006272850639245299,0.04039268529441434,2.5613717844017296,1.9288077030904878,1.7690216329791846,0.1597860701113032,1.3205835857042418,0.792350151422545,0.5282334342816969,0.07667437451294835,0.05327726405212025,0.06716556609574553,1.1971456448036517,0.13787069149523712,0.007117517339190535,0.6722774063125259,0.3438249737907321,-0.0006111008007208263,0.041125892658689114,2.652405590065136,2.0000705189261447,1.8456727153823604,0.15439780354378413,1.3445547911379592,0.8067328746827759,0.5378219164551833,0.07439588080480997,0.05134703021150054,0.0651301368545187,1.2106889652840547,0.13034623688181202,0.007211771874929757
2278,0.6602918051279182,0.341515487930333,0.0062728507343367615,0.040392685256216976,2.5613717912216893,1.9288077079065435,1.7690216383936828,0.15978606951286084,1.3205835880466783,0.7923501528280067,0.5282334352186716,0.07667437434963027,0.05327726391376478,0.06716556594389717,1.19714564575396,0.13787069157061982,0.007117517342173894,0.6722774068288027,0.3438249737399745,-0.0006111007012081227,0.041125892610863454,2.652405596382055,2.0000705234010283,1.8456727204100538,0.1543978029909746,1.3445547932866684,0.8067328759720014,0.537821917314667,0.07439588066427517,0.051347030092446004,0.06513013672345133,1.210688966124875,0.1303462369448864,0.0072117718775980486
2279,0.6602918056572278,0.3415154878746303,0.006272850828827302,0.040392685212572714,2.5613717976516326,1.9288077124392824,1.7690216434910762,0.15978606894820618,1.3205835902675944,0.7923501541605564,0.528233436107038,0.07667437419969737,0.0532772637867486,0.06716556580384589,1.1971456466259518,0.13787069164127494,0.007117517344963172,0.6722774073122085,0.3438249736903655,-0.0006111006016866552,0.04112589255737768,2.6524056023323697,2.000070527607373,1.845672725138112,0.15439780246926102,1.3445547953237622,0.8067328771942577,0.5378219181295045,0.07439588053582791,0.051347029983631456,0.0651301366029756,1.2106889668928655,0.1303462370037337,0.007211771880077468
2280,0.6602918061505249,0.3415154878192481,0.006272850923428629,0.04039268516187182,2.561371803699749,1.928807716691457,1.7690216482763808,0.15978606841507634,1.3205835923722806,0.7923501554233681,0.5282334369489126,0.07667437406320281,0.05327726367111675,0.06716556567542975,1.1971456474193165,0.13787069170676033,0.0071175173475319636,0.6722774077603924,0.34382497363991743,-0.0006111005014159676,0.04112589249645988,2.6524056079208287,2.000070531545016,1.8456727295685318,0.154397801976484,1.3445547972538276,0.8067328783522969,0.5378219189015307,0.0743958804196247,0.05134702988518951,0.06513013649301368,1.2106889675870827,0.1303462370578306,0.007211771882335624
2281,0.6602918066038449,0.34151548776139573,0.006272851019142316,0.0403926851015905,2.561371809365471,1.9288077206574188,1.7690216527463767,0.15978606791104205,1.3205835943651576,0.7923501566190942,0.5282334377460634,0.076674373940453,0.05327726356712883,0.06716556555860623,1.1971456481322593,0.13787069176619968,0.007117517349830993,0.6722774081684719,0.34382497358551184,-0.000611100399327387,0.04112589242534845,2.6524056131424087,2.0000705352043857,1.8456727336940948,0.15439780151029114,1.3445547990805229,0.8067328794483141,0.5378219196322088,0.0743958803160769,0.051347029797468635,0.0651301363936039,1.2106889682050452,0.13034623710619986,0.007211771884314478
2282,0.6602918070096465,0.34151548769668016,0.006272867539160419,0.040392685027701554,2.5613718146345796,1.9288077243183188,1.7690216568849333,0.1597860674333856,1.320583596249411,0.7923501577496463,0.5282334384997647,0.0766743738319966,0.05327726347524961,0.06716556545337049,1.1971456487615668,0.13787069181802847,0.007117517351774599,0.6722774085275377,0.34382497352221775,-0.0006110852776528355,0.041125892339656675,2.6524056179767888,2.0000705385610815,1.8456727374930892,0.15439780106799225,1.3445548008061652,0.8067328804836995,0.5378219203224657,0.07439588022583499,0.05134702972101988,0.06513013630481226,1.210688968742829,0.1303462371471412,0.007211771885915046
2283,0.6602918063848565,0.3415154876899364,0.006272847397671449,0.04039268524439603,2.5613718194708204,1.9288077190685509,1.769021651059245,0.15978606800930598,1.3205836140192928,0.7923501684115755,0.5282334456077173,0.07667437381751974,0.053277263462985475,0.06716556549798144,1.1971456488387422,0.1378706918458884,0.007117517347840482,0.6722774080266618,0.34382497355739194,-0.0006111035359709013,0.04112589258124695,2.6524056223788754,2.0000705337832247,1.8456727321458297,0.15439780163739522,1.3445548170550754,0.8067328902330456,0.5378219268220298,0.0743958801860346,0.051347029687302856,0.06513013634349463,1.2106889689744529,0.13034623718033217,0.007211771883198079
2284,0.6602918068757637,0.34151548756582734,0.0062728500063044534,0.04039268508548356,2.5613718247133255,1.9288077243392239,1.769021657051498,0.15978606728772587,1.3205836127697128,0.7923501676618274,0.5282334451078854,0.07667437373458055,0.05327726339272329,0.06716556537147773,1.1971456493189558,0.13787069188647305,0.007117517349786119,0.672277408446886,0.3438249734290194,-0.0006111013383883271,0.041125892405490534,2.652405627337498,2.000070538660373,1.8456727377055033,0.15439780095486985,1.3445548160533236,0.8067328896319945,0.5378219264213291,0.0743958801256425,0.05134702963614147,0.0651301362333376,1.210688969332556,0.13034623721016889,0.0072117718845762365
2285,0.6602918074569843,0.3415154876379311,0.006272850411864289,0.040392685115210034,2.5613718291759753,1.9288077278965132,1.7690216609250589,0.15978606697145437,1.3205836137515277,0.7923501682509164,0.5282334455006112,0.07667437355739096,0.05327726324261649,0.06716556523965989,1.1971456503510456,0.1378706919702186,0.0071175173540285915,0.6722774090032222,0.34382497350780533,-0.0006111008443114713,0.04112589243004146,2.6524056314858053,2.00007054201768,1.8456727413495417,0.15439780066813832,1.344554816893772,0.8067328901362635,0.5378219267575085,0.0743958799626038,0.051347029498022674,0.06513013611466903,1.2106889703097334,0.13034623728474176,0.007211771888668514
2286,0.6602918078143427,0.34151548758833666,0.006272850115683161,0.04039268505885267,2.561371833612385,1.9288077312126704,1.769021664664004,0.15978606654866642,1.320583614913969,0.7923501689483812,0.5282334459655877,0.0766743734740425,0.053277263172007566,0.06716556515325114,1.1971456508336176,0.13787069201639593,0.007117517355805637,0.672277409328116,0.3438249734626226,-0.000611101157115844,0.04112589236577535,2.6524056356354,2.0000705451069285,1.8456727448315333,0.15439780027539507,1.3445548180064444,0.806732890803867,0.5378219272025774,0.07439587989250102,0.05134702943863485,0.06513013604010001,1.2106889707263844,0.13034623732340325,0.0072117718902269656
2287,0.6602918082610888,0.3415154875964801,0.006272850491910127,0.04039268503278084,2.5613718376741397,1.9288077344903307,1.7690216682969284,0.1597860661934023,1.3205836156286854,0.7923501693772111,0.5282334462514743,0.07667437336119215,0.053277263076406,0.06716556505675818,1.1971456514890588,0.13787069207562555,0.007117517358648062,0.6722774097445636,0.34382497347454094,-0.0006111007800222237,0.04112589233216836,2.652405639420285,2.000070548174189,1.8456727482265456,0.15439779994764372,1.3445548186562317,0.8067328911937394,0.5378219274624924,0.0743958797933918,0.051347029354674154,0.0651301359557053,1.2106889713181064,0.1303462373745717,0.00721177189286124
2288,0.6602918086273415,0.34151548758057043,0.006272850488263988,0.04039268499255009,2.5613718415232944,1.9288077374563997,1.769021671609988,0.15978606584641156,1.3205836165221776,0.7923501699133064,0.5282334466088712,0.07667437327743293,0.05327726300544908,0.06716556498003204,1.1971456519741959,0.13787069212412686,0.007117517360778432,0.6722774100827368,0.34382497346266727,-0.0006111007802250823,0.04112589228452118,2.652405643005946,2.000070550939815,1.8456727513124696,0.15439779962734548,1.3445548194891273,0.8067328916934767,0.5378219277956505,0.07439587972178824,0.05134702929401494,0.06513013588986863,1.2106889717439893,0.13034623741598036,0.007211771894803898
2289,0.6602918089922595,0.3415154875741648,0.006272850647605861,0.04039268495428992,2.56137184511392,1.9288077402860946,1.7690216747611105,0.1597860655249842,1.320583617254683,0.7923501703528096,0.5282334469018733,0.07667437319674517,0.05327726293709415,0.06716556490830203,1.1971456524414241,0.13787069217212763,0.007117517362984641,0.6722774104201462,0.3438249734596313,-0.0006111006210378633,0.04112589223876416,2.652405646345578,2.0000705535772636,1.8456727542462934,0.1543977993309701,1.3445548201654736,0.8067328920992844,0.5378219280661891,0.07439587965300071,0.051347029235741325,0.0651301358286943,1.2106889721529732,0.13034623745702767,0.007211771896822495
2290,0.6602918093260135,0.34151548756520994,0.0062728507339506814,0.040392684912879936,2.5613718484784758,1.928807742911255,1.7690216776877643,0.1597860652234906,1.3205836179845192,0.7923501707907115,0.5282334471938077,0.07667437312787155,0.05327726287874762,0.06716556484640582,1.197145652839537,0.13787069221610174,0.007117517364975042,0.6722774107280827,0.34382497345393764,-0.0006111005315237658,0.041125892189945806,2.6524056494709685,2.0000705560200998,1.8456727569667928,0.15439779905330694,1.3445548208402924,0.8067328925041758,0.5378219283361166,0.07439587959512281,0.05134702918670987,0.06513013577660194,1.2106889724962333,0.13034623749452598,0.007211771898638119
2291,0.6602918096413399,0.34151548755793026,0.00627285084025811,0.04039268487013391,2.5613718516223685,1.9288077453731272,1.7690216804311523,0.159786064941975,1.320583618652027,0.7923501711912161,0.5282334474608109,0.07667437306673822,0.05327726282695833,0.06716556479167451,1.1971456531923943,0.1378706922575331,0.007117517366865991,0.6722774110186185,0.34382497344957136,-0.0006111004229271272,0.041125892139803964,2.652405652387278,2.000070558307902,1.8456727595135782,0.1543977987943238,1.3445548214561656,0.8067328928736998,0.5378219285824658,0.07439587954437932,0.05134702914372234,0.06513013573111898,1.210688972796544,0.13034623752979602,0.007211771900360318
2292,0.660291809935677,0.3415154875511269,0.006272850934085986,0.040392684825714606,2.5613718545594595,1.9288077476692496,1.7690216829898517,0.15978606467939782,1.3205836192826799,0.7923501715696079,0.528233447713072,0.07667437301372253,0.0532772627820459,0.06716556474414445,1.1971456534977873,0.13787069229620222,0.007117517368631004,0.6722774112894097,0.3438249734454439,-0.0006111003256942249,0.04112589208803564,2.652405655107854,2.000070560438573,1.8456727618855115,0.15439779855306135,1.344554822037237,0.8067328932223427,0.5378219288148943,0.07439587950105833,0.051347029107022824,0.06513013569222793,1.2106889730521657,0.1303462375626502,0.007211771901964947
2293,0.6602918102114604,0.34151548754523586,0.006272851026802258,0.04039268477989587,2.5613718573007938,1.9288077498127585,1.7690216853779814,0.1597860644347771,1.320583619871354,0.7923501719228124,0.5282334479485417,0.07667437296786352,0.05327726274319629,0.06716556470304297,1.1971456537613432,0.13787069233241062,0.007117517370289035,0.6722774115427463,0.34382497344197077,-0.000611100229295336,0.04112589203490635,2.6524056576433757,2.0000705624246637,1.8456727640960837,0.15439779832858014,1.3445548225788193,0.806732893547292,0.5378219290315273,0.07439587946425678,0.051347029075846276,0.06513013565919838,1.2106889732685475,0.13034623759335526,0.007211771903469687
2294,0.660291810469465,0.3415154875401854,0.006272851115364367,0.04039268473275832,2.5613718598575246,1.9288077518109912,1.769021687603772,0.15978606420721897,1.3205836204229209,0.7923501722537525,0.5282334481691684,0.07667437292867571,0.05327726270999819,0.0671655646679095,1.1971456539859044,0.1378706923662861,0.007117517371844257,0.6722774117793896,0.34382497343910196,-0.0006111001364995025,0.04112589198050088,2.652405660004571,2.000070564273307,1.8456727661532746,0.15439779812003276,1.344554823085493,0.8067328938512962,0.5378219292341967,0.07439587943350026,0.051347029049790785,0.06513013563158197,1.2106889734485504,0.1303462376220266,0.007211771904878695
2295,0.6602918107109177,0.3415154875360458,0.006272851201234816,0.04039268468442864,2.561371862240306,1.9288077536727686,1.7690216896769482,0.1597860639958203,1.32058362093893,0.7923501725633579,0.528233448375572,0.07667437289559306,0.05327726268197211,0.06716556463824502,1.1971456541747878,0.13787069239800018,0.007117517373304903,0.6722774120005128,0.3438249734369167,-0.0006111000459543964,0.04112589192494602,2.652405662201707,2.0000705659930014,1.8456727680664393,0.15439779792656194,1.3445548235587792,0.8067328941352679,0.5378219294235113,0.07439587940824934,0.05134702902839937,0.06513013560890231,1.210688973595429,0.13034623764881756,0.007211771906199811
2296,0.660291810936826,0.34151548753283095,0.0062728512843866074,0.04039268463500518,2.5613718644592973,1.9288077554059222,1.769021691606196,0.15978606379972604,1.3205836214218354,0.7923501728531013,0.5282334485687341,0.07667437286813716,0.05327726265871274,0.0671655646136184,1.1971456543307941,0.13787069242769806,0.00711751737467734,0.6722774122070833,0.3438249734354414,-0.0006110999576806816,0.04112589186834059,2.6524056642445513,2.000070567591293,1.8456727698439355,0.15439779774735785,1.3445548240010257,0.8067328944006158,0.5378219296004099,0.07439587938804897,0.05134702901128656,0.06513013559074898,1.2106889737119277,0.13034623767385814,0.0072117719074391426
2297,0.6602918111482348,0.34151548753058314,0.006272851365308023,0.04039268458459166,2.561371866524306,1.928807757018233,1.7690216934001146,0.1597860636181182,1.320583621873652,0.7923501731241912,0.5282334487494608,0.0766743728458515,0.05327726263983337,0.06716556459362272,1.1971456544565973,0.1378706924555301,0.007117517375968421,0.6722774124001062,0.3438249734347306,-0.0006110998712130916,0.04112589181078874,2.6524056661425437,2.0000705690756897,1.8456727714940435,0.1543977975816463,1.3445548244141663,0.8067328946485002,0.5378219297656661,0.07439587937246707,0.05134702899808629,0.06513013557673658,1.2106889738006532,0.13034623769728323,0.0072117719086032825
2298,0.6602918113460856,0.3415154875293231,0.006272851444140179,0.040392684533276366,2.561371868444575,1.9288077585169114,1.7690216950666935,0.15978606345021806,1.3205836222964695,0.7923501733778818,0.5282334489185877,0.07667437282833497,0.05327726262499419,0.0671655645778976,1.1971456545545474,0.1378706924816319,0.007117517377184173,0.6722774125804827,0.3438249734348161,-0.0006110997864351153,0.0411258917523785,2.652405667904557,2.000070570453121,1.8456727730244293,0.154397797428692,1.3445548248002122,0.8067328948801277,0.5378219299200845,0.07439587936112706,0.051347028988479565,0.06513013556652636,1.2106889738638775,0.13034623771921403,0.007211771909697986
2299,0.6602918115313186,0.34151548752908933,0.006272851521212784,0.040392684481148924,2.56137187022897,1.9288077599089575,1.7690216966136671,0.15978606329529024,1.3205836226921712,0.7923501736153028,0.5282334490768684,0.07667437281521167,0.05327726261387673,0.0671655645661076,1.1971456546268446,0.13787069250613948,0.0071175173783307585,0.672277412749117,0.34382497343574814,-0.0006110997030318241,0.04112589169319948,2.652405669539105,2.0000705717303267,1.8456727744425252,0.15439779728780129,1.3445548251609656,0.8067328950965797,0.5378219300643858,0.07439587935367725,0.05134702898216843,0.06513013555980428,1.2106889739037219,0.130346237739773,0.007211771910729194
2300,0.6602918117048022,0.3415154875299107,0.006272851596667975,0.040392684428290304,2.561371871885865,1.9288077612009211,1.7690216980482827,0.1597860631526384,1.320583623062637,0.7923501738375823,0.5282334492250548,0.07667437280614761,0.0532772626061981,0.06716556455795326,1.197145654675446,0.13787069252917916,0.0071175173794138305,0.6722774129068408,0.34382497343756663,-0.0006110996208864156,0.04112589163333229,2.652405671054214,2.000070572913592,1.8456727757552729,0.1543977971583193,1.344554825498234,0.8067328952989409,0.5378219301992931,0.07439587934980763,0.05134702897889028,0.06513013555629205,1.2106889739220559,0.1303462377590729,0.007211771911702317
2301,0.660291811867387,0.34151548753182576,0.006272851670738128,0.04039268437477998,2.561371873423262,1.9288077623991042,1.7690216993774994,0.15978606302160472,1.3205836234096044,0.7923501740457627,0.5282334493638418,0.07667437280083043,0.05327726260169363,0.06716556455315545,1.1971456547021804,0.1378706925508751,0.007117517380438995,0.672277413054472,0.3438249734403212,-0.0006110995397807378,0.04112589157285619,2.652405672457555,2.000070574008973,1.8456727769693453,0.15439779703962772,1.3445548258136817,0.8067328954882095,0.5378219303254722,0.07439587934922919,0.051347028978400246,0.06513013555573124,1.2106889739206237,0.13034623777722565,0.007211771912622766
2302,0.6602918120198936,0.34151548753487965,0.006272851743606374,0.04039268432069629,2.5613718748488163,1.9288077635095222,1.769021700607952,0.1597860629015702,1.3205836237347741,0.7923501742408644,0.5282334494939097,0.07667437279897378,0.053277262600120744,0.06716556455145825,1.1971456547087256,0.1378706925713487,0.007117517381411748,0.6722774131927988,0.3438249734440678,-0.0006110994595550229,0.041125891511849276,2.6524056737564665,2.000070575022246,1.8456727780910998,0.1543977969311459,1.344554826108944,0.8067328956653668,0.5378219304435772,0.07439587935167824,0.05134702898047499,0.06513013555788606,1.2106889739010156,0.13034623779434035,0.007211771913495831
2303,0.6602918121631182,0.3415154875391222,0.0062728518154463175,0.0403926842661146,2.561371876169883,1.9288077645379578,1.7690217017460108,0.1597860627919469,1.3205836240397872,0.7923501744238723,0.5282334496159149,0.07667437280031168,0.05327726260125416,0.06716556455262382,1.1971456546966386,0.1378706925907187,0.007117517382337455,0.6722774133225883,0.34382497344886703,-0.0006110993800513415,0.04112589145038678,2.652405674958006,2.0000705759589694,1.845672779126647,0.15439779683232258,1.3445548263855975,0.8067328958313589,0.5378219305542387,0.07439587935691087,0.05134702898490781,0.0651301355625381,1.2106889738647033,0.13034623781052415,0.007211771914326713
2304,0.6602918122978619,0.34151548754462274,0.006272851886478567,0.040392684211115644,2.5613718773936123,1.9288077654900544,1.7690217027978705,0.15978606269218376,1.3205836243262363,0.7923501745957418,0.5282334497304946,0.07667437280459027,0.053277262604878785,0.06716556455642617,1.1971456546674066,0.13787069260910706,0.007117517383221713,0.6722774134446149,0.3438249734547989,-0.0006110993010667448,0.04112589138854969,2.652405676069044,2.0000705768245792,1.845672780081938,0.15439779674264148,1.3445548266451766,0.8067328959871063,0.5378219306580703,0.07439587936469415,0.05134702899150145,0.06513013556948002,1.2106889738130917,0.1303462378258876,0.007211771915120845
2305,0.66029181242485,0.3415154875514328,0.0062728519567292265,0.040392684155768646,2.561371878526732,1.9288077663710528,1.769021703769298,0.1597860626017548,1.3205836245957239,0.7923501747574342,0.5282334498382897,0.07667437281158487,0.05327726261080429,0.06716556456266305,1.1971456546223456,0.1378706926266242,0.0071175173840694675,0.6722774135595768,0.34382497346192475,-0.0006110992225973125,0.04112589132640696,2.6524056770960365,2.0000705776241086,1.8456727809624982,0.15439779666161058,1.3445548268892298,0.8067328961335382,0.5378219307556916,0.07439587937482406,0.051347029000083026,0.06513013557852784,1.2106889737474114,0.1303462378405304,0.007211771915883016
2306,0.6602918125448598,0.34151548755963795,0.0062728520264967585,0.040392684100154556,2.5613718795759057,1.9288077671862511,1.7690217046660859,0.15978606252016517,1.3205836248497,0.79235017490982,0.5282334499398801,0.07667437282106393,0.053277262618834496,0.06716556457112934,1.1971456545628119,0.13787069264339052,0.0071175173848862915,0.6722774136682284,0.34382497347034024,-0.0006110991443582098,0.04112589126403999,2.6524056780453984,2.0000705783626724,1.845672781773906,0.15439779658876637,1.3445548271191536,0.8067328962714925,0.5378219308476612,0.07439587938708844,0.05134702901047283,0.06513013558949368,1.2106889736689421,0.130346237854562,0.0072117719166186756
2307,0.6602918126586158,0.34151548756931577,0.0062728520958388045,0.040392684044348856,2.5613718805475445,1.9288077679406563,1.769021705493713,0.1597860624469435,1.3205836250897194,0.7923501750538315,0.5282334500358878,0.07667437283281675,0.05327726262879094,0.06716556458163615,1.197145654490039,0.1378706926595203,0.0071175173856773775,0.6722774137712721,0.3438249734801327,-0.0006110990663100724,0.04112589120152463,2.65240567892331,2.000070579045103,1.8456727825214356,0.15439779652366742,1.344554827336457,0.8067328964018744,0.5378219309345825,0.07439587940129536,0.05134702902250829,0.06513013560220524,1.2106889735788422,0.1303462378680864,0.007211771917332881
2308,0.6602918127668528,0.3415154875805577,0.0062728521649429575,0.040392683988430586,2.5613718814479105,1.9288077686392122,1.7690217062575715,0.1597860623816407,1.3205836253172316,0.7923501751903389,0.5282334501268927,0.07667437284663374,0.05327726264049605,0.0671655645939968,1.1971456544052546,0.1378706926751298,0.007117517386448076,0.6722774138694223,0.3438249734914025,-0.0006110989882821272,0.041125891138940454,2.6524056797358173,2.000070579676183,1.8456727832102906,0.15439779646589247,1.344554827542544,0.8067328965255267,0.5378219310170174,0.07439587941725312,0.05134702903602695,0.06513013561649172,1.2106889734782678,0.1303462378812097,0.007211771918030875
2309,0.6602918128702931,0.3415154875934601,0.006272852233944637,0.04039268393247969,2.5613718822831313,1.928807769286735,1.769021706962908,0.15978606232382705,1.3205836255337056,0.7923501753202233,0.5282334502134822,0.07667437286231088,0.05327726265377699,0.06716556460802922,1.1971456543096535,0.1378706926903352,0.007117517387203735,0.6722774139633818,0.34382497350425484,-0.0006110989101588554,0.0411258910763681,2.652405680488848,2.000070580260579,1.845672783845541,0.1543977964150381,1.3445548277388446,0.806732896643307,0.5378219310955376,0.074395879434775,0.05134702905087067,0.06513013563218639,1.210688973368345,0.13034623789403785,0.0072117719187178835
2310,0.660291812969669,0.341515487608131,0.006272852303023983,0.0403926838765793,2.5613718830592807,1.9288077698880173,1.7690217076149288,0.1597860622730885,1.3205836257405863,0.7923501754443517,0.5282334502962346,0.07667437287964354,0.053277262668460425,0.06716556462355114,1.1971456542044345,0.1378706927052555,0.007117517387949839,0.6722774140538664,0.34382497351880653,-0.0006110988317714824,0.04112589101389158,2.652405681188296,2.000070580802952,1.8456727844322374,0.15439779637071444,1.3445548279267634,0.8067328967560584,0.537821931170705,0.0743958794536728,0.05134702906688001,0.06513013564912154,1.2106889732502086,0.13034623790667982,0.007211771919399308
2311,0.6602918130657196,0.34151548762469014,0.006272852372355434,0.04039268382081736,2.561371883782386,1.9288077704478113,1.7690217082187831,0.15978606222902814,1.320583625939338,0.7923501755636027,0.5282334503757353,0.07667437289842582,0.053277262684371905,0.06716556464037937,1.1971456540908034,0.13787069272001265,0.00711751738869204,0.6722774141415994,0.3438249735351852,-0.0006110987529670889,0.04112589095160004,2.6524056818400226,2.0000705813079294,1.8456727849753825,0.1543977963325471,1.3445548281077329,0.8067328968646401,0.5378219312430927,0.07439587947375653,0.05134702908389402,0.06513013566712807,1.2106889731250061,0.13034623791924752,0.007211771920080703
2312,0.660291813159148,0.341515487643247,0.006272852442017668,0.040392683765276646,2.561371884458306,1.9288077709706994,1.7690217087794426,0.15978606219125677,1.3205836261314392,0.7923501756788633,0.5282334504525759,0.07667437291845784,0.053277262701342094,0.0671655646583347,1.1971456539699306,0.13787069273472313,0.007117517389435663,0.6722774142272671,0.3438249735535074,-0.0006110986736851814,0.0411258908895771,2.65240568244973,2.0000705817799775,1.84567278547981,0.15439779630016753,1.344554828283199,0.8067328969699198,0.5378219313132792,0.0743958794948418,0.05134702910175648,0.06513013568604042,1.210688972993849,0.13034623793184724,0.007211771920767293
2313,0.660291813250733,0.34151548766394824,0.006272852512341991,0.0403926837100564,2.5613718850930725,1.9288077714614953,1.7690217093020952,0.1597860621594001,1.320583626318296,0.7923501757909773,0.5282334505273186,0.07667437293951697,0.0532772627191824,0.06716556467722062,1.19714565384312,0.1378706927495175,0.007117517390186832,0.6722774143116361,0.34382497357392716,-0.000611098593605669,0.04112589082792377,2.6524056830233183,2.0000705822238176,1.8456727859505975,0.15439779627321992,1.344554828454534,0.8067328970727208,0.5378219313818131,0.07439587951672058,0.051347029120291154,0.06513013570567507,1.2106889728579917,0.13034623794459946,0.007211771921465129
2314,0.6602918133412263,0.3415154876869341,0.0062728525834371066,0.04039268365525307,2.5613718856927017,1.928807771924911,1.7690217097918226,0.15978606213308835,1.3205836265014659,0.7923501759008792,0.5282334506005867,0.07667437296138631,0.053277262737709094,0.06716556469684308,1.197145653711642,0.13787069276452402,0.007117517390951457,0.6722774143954459,0.34382497359659175,-0.0006110985126400043,0.0411258907667382,2.652405683566689,2.0000705826440766,1.8456727863927251,0.15439779625135142,1.3445548286232722,0.8067328971739638,0.5378219314493085,0.07439587953919014,0.05134702913932633,0.06513013572585044,1.2106889727186576,0.13034623795762193,0.007211771922180039
2315,0.6602918134314539,0.34151548771237944,0.0062728526556406344,0.040392683600978904,2.56137188626342,1.92880777236591,1.7690217102539487,0.15978606211196142,1.3205836266824524,0.7923501760094711,0.5282334506729813,0.0766743729838265,0.05327726275671937,0.0671655647169905,1.1971456535768987,0.13787069277988478,0.007117517391736203,0.6722774144795132,0.34382497362168296,-0.0006110984304632042,0.04112589070613519,2.652405684085972,2.000070583045653,1.8456727868114364,0.15439779623421682,1.344554828790892,0.8067328972745357,0.5378219315163563,0.07439587956202476,0.05134702915867075,0.06513013574636706,1.2106889725772083,0.13034623797104603,0.007211771922918633
2316,0.6602918135222036,0.3415154877404473,0.0062728527290471375,0.04039268354734191,2.5613718868114,1.9288077727893178,1.7690217106936559,0.15978606209566185,1.3205836268629076,0.7923501761177442,0.5282334507451635,0.07667437300660548,0.05327726277601668,0.06716556473745512,1.1971456534402487,0.13787069279573716,0.007117517392547403,0.6722774145646151,0.34382497364936987,-0.0006110983470036524,0.041125890646224975,2.6524056845872512,2.0000705834333075,1.8456727872118348,0.15439779622147257,1.3445548289590263,0.8067328973754163,0.53782193158361,0.07439587958500612,0.05134702917813949,0.06513013576702922,1.210688972434961,0.1303462379849984,0.007211771923687168
2317,0.6602918136143507,0.341515487771338,0.006272852804037672,0.040392683494467174,2.5613718873430873,1.9288077732002806,1.7690217111164435,0.15978606208383714,1.3205836270444071,0.7923501762266438,0.5282334508177633,0.07667437302946242,0.05327726279538002,0.06716556475800636,1.1971456533032199,0.13787069281223432,0.00711751739339225,0.6722774146516196,0.3438249736798589,-0.000611098261895357,0.04112589058713577,2.652405685076907,2.0000705838121458,1.8456727875993684,0.1543977962127773,1.3445548291292302,0.8067328974775386,0.5378219316516916,0.07439587960788638,0.051347029197522584,0.06513013578761784,1.21068897229341,0.1303462379996206,0.007211771924492788
2318,0.6602918137087886,0.3415154878052628,0.006272852880848709,0.04039268344248685,2.5613718878651155,1.9288077736040325,1.7690217115278952,0.15978606207613724,1.3205836272287013,0.7923501763372203,0.528233450891481,0.07667437305212889,0.05327726281458198,0.06716556477840552,1.1971456531673845,0.13787069282953524,0.0071175173942781625,0.6722774147414129,0.34382497371336734,-0.0006110981749221783,0.04112589052900318,2.6524056855615226,2.0000705841873696,1.8456727879795785,0.15439779620779107,1.3445548293032392,0.806732897581944,0.5378219317212952,0.07439587963040997,0.05134702921660353,0.06513013580790557,1.2106889721540974,0.13034623801505985,0.007211771925342851
2319,0.6602918138064741,0.3415154878424579,0.00627285295982824,0.040392683391543296,2.561371888384431,1.9288077740060927,1.7690217119338851,0.15978606207220758,1.3205836274175775,0.7923501764505461,0.5282334509670314,0.0766743730743174,0.053277262833379066,0.06716556479839733,1.1971456530344253,0.13787069284781087,0.007117517395213159,0.6722774148349469,0.34382497375013693,-0.0006110980857530479,0.04112589047197365,2.65240568604801,2.0000705845644813,1.845672788358314,0.15439779620616736,1.3445548294828258,0.8067328976896959,0.5378219317931299,0.07439587965230225,0.05134702923514963,0.06513013582764834,1.21068897201868,0.13034623803147463,0.0072117719262453275
2320,0.6602918139084712,0.34151548788321,0.006272853041432859,0.040392683341804875,2.561371888908439,1.928807774412376,1.7690217123406708,0.1597860620717051,1.3205836276129481,0.7923501765677684,0.5282334510451797,0.07667437309571062,0.0532772628515024,0.06716556481770203,1.1971456529062023,0.1378706928672547,0.00711751739620638,0.6722774149332846,0.34382497379046123,-0.0006110979939496219,0.04112589041622085,2.652405686543775,2.0000705849494076,1.8456727887418385,0.15439779620756924,1.3445548296698935,0.8067328978019365,0.537821931867957,0.07439587967325818,0.05134702925290252,0.06513013584657731,1.210688971888997,0.13034623804904488,0.007211771927209349
2321,0.6602918140157711,0.34151548792777375,0.006272853125729332,0.04039268329342674,2.5613718894445006,1.9288077748286079,1.7690217127543355,0.15978606207427248,1.3205836278169425,0.792350176690165,0.5282334511267774,0.0766743731160047,0.05327726286869459,0.06716556483604644,1.197145652784494,0.13787069288804868,0.007117517397266222,0.6722774150374123,0.3438249738345996,-0.0006110978994755961,0.04112589036190502,2.652405687056168,2.000070585347871,1.845672789136226,0.15439779621164498,1.3445548298665693,0.806732897919942,0.5378219319466273,0.0743958796929861,0.0513470292696151,0.06513013586443,1.210688971766809,0.13034623806793938,0.007211771928243254
2322,0.6602918141296773,0.34151548797653136,0.006272853213659342,0.0403926832466219,2.561371890001067,1.9288077752617023,1.7690217131821422,0.15978606207956025,1.320583628031542,0.7923501768189247,0.5282334512126172,0.07667437313480858,0.053277262884624366,0.06716556485308947,1.1971456526715905,0.13787069291043094,0.007117517398404154,0.6722774151486377,0.3438249738829411,-0.0006110978014001178,0.041125890309246474,2.65240568759369,2.0000705857668413,1.8456727895487948,0.15439779621804628,1.3445548300748247,0.8067328980448951,0.5378219320299296,0.07439587971110763,0.051347029284966816,0.06513013588087636,1.210688971654398,0.13034623808838028,0.007211771929358526
2323,0.660291814251504,0.3415154880298758,0.006272853305516302,0.04039268320161105,2.5613718905871434,1.928807775718743,1.7690217136315312,0.15978606208721177,1.3205836282593544,0.7923501769556122,0.5282334513037422,0.07667437315173409,0.05327726289896287,0.06716556486848554,1.1971456525697657,0.13787069293464896,0.0071175173996318,0.6722774152682799,0.3438249739358857,-0.0006110976994564143,0.041125890258474435,2.652405688165419,2.0000705862134702,1.8456727899870535,0.15439779622641667,1.3445548302972754,0.8067328981783656,0.5378219321189098,0.07439587972724583,0.05134702929863835,0.06513013589558073,1.210688971554037,0.1303462381105988,0.007211771930566811
2324,0.660291814382795,0.3415154880882923,0.006272853402094193,0.04039268315865578,2.561371891212686,1.9288077762077496,1.769021714110882,0.15978606209686752,1.320583628503008,0.7923501771018042,0.5282334514012037,0.07667437316633655,0.0532772629113334,0.06716556488184328,1.1971456524816237,0.13787069296099316,0.007117517400963032,0.6722774153978942,0.3438249739939269,-0.0006110975928712015,0.04112589020986082,2.6524056887814313,2.0000705866958883,1.8456727904594952,0.1543977962363933,1.3445548305365598,0.8067328983219362,0.5378219322146236,0.07439587974096812,0.051347029310263234,0.06513013590816227,1.2106889714683358,0.13034623813486668,0.007211771931882036
2325,0.660291814525281,0.34151548815234695,0.006272853504116015,0.04039268311805447,2.5613718918887525,1.9288077767375642,1.7690217146293992,0.159786062108165,1.3205836287655899,0.7923501772593534,0.5282334515062365,0.07667437317813217,0.053277262921326084,0.06716556489273581,1.1971456524099984,0.13787069298979338,0.007117517402413595,0.6722774155392274,0.34382497405764045,-0.0006110974809490355,0.041125890163716636,2.6524056894529497,2.000070587223085,1.8456727909754767,0.1543977962476081,1.3445548307957882,0.8067328984774732,0.537821932318315,0.07439587975180184,0.05134702931944106,0.06513013591820385,1.2106889714001463,0.1303462381614935,0.007211771933320048
2326,0.6602918146809744,0.3415154882227245,0.006272853612538189,0.04039268308015741,2.5613718926278235,1.928807777318226,1.769021715197487,0.15978606212073898,1.320583629050562,0.7923501774303366,0.5282334516202253,0.076674373186578,0.053277262928481006,0.06716556490068556,1.1971456523580688,0.137870693021436,0.007117517404002021,0.6722774156943159,0.343824974127722,-0.0006110973627597507,0.0411258901204075,2.652405690192689,2.0000705878053013,1.8456727915456161,0.15439779625968517,1.3445548310784545,0.806732898647073,0.5378219324313815,0.07439587975921508,0.05134702932572123,0.06513013592523753,1.2106889713526758,0.1303462381908426,0.007211771934899538
2327,0.660291814852223,0.34151548830025247,0.006272853728461855,0.040392683045376396,2.5613718934441483,1.9288077779612014,1.7690217158269794,0.1597860621342219,1.320583629361949,0.792350177617169,0.5282334517447801,0.07667437319106779,0.05327726293228456,0.06716556490515974,1.1971456523293857,0.13787069305637598,0.007117517405750206,0.6722774158655418,0.3438249742050138,-0.0006110972372287207,0.04112589008036424,2.6524056910152063,2.00007058845427,1.845672792182027,0.15439779627224334,1.3445548313886317,0.8067328988331792,0.5378219325554525,0.07439587976261211,0.05134702932859901,0.06513013592873965,1.2106889713295192,0.13034623822334265,0.007211771936642631
2328,0.6602918150418149,0.34151548838594814,0.0062728538532520195,0.040392683014202284,2.5613718943542123,1.9288077786797948,1.7690217165315452,0.1597860621482497,1.320583629704446,0.7923501778226671,0.5282334518817788,0.0766743731909175,0.053277262932157225,0.06716556490555856,1.1971456523279558,0.13787069309515781,0.007117517407684438,0.6722774160557402,0.34382497429055037,-0.0006110971030220819,0.04112589004410115,2.6524056919374077,2.000070589183655,1.8456727928987575,0.1543977962848978,1.3445548317310834,0.8067328990386502,0.5378219326924332,0.07439587976131844,0.05134702932750308,0.0651301359281187,1.210688971334744,0.1303462382595078,0.007211771938575954
2329,0.6602918152530872,0.3415154884810652,0.006272853988545636,0.040392682987223774,2.561371895377332,1.928807779489616,1.7690217173271545,0.15978606216246138,1.3205836300836298,0.7923501780501775,0.5282334520334523,0.0766743731853501,0.0532772629274408,0.06716556490120185,1.1971456523583295,0.13787069313843792,0.007117517409836505,0.6722774162683132,0.3438249743856082,-0.0006110969585316831,0.04112589001223612,2.6524056929791575,2.00007059000953,1.8456727937122692,0.1543977962972609,1.3445548321114804,0.8067328992668884,0.537821932844592,0.07439587975456582,0.05134702932178259,0.06513013592270211,1.2106889713729856,0.1303462382999593,0.007211771940731773
2330,0.6602918154900876,0.3415154885871667,0.006272854136373615,0.04039268296515311,2.5613718965364067,1.9288077804092105,1.7690217182327022,0.15978606217650837,1.3205836305061747,0.7923501783037045,0.5282334522024702,0.0766743731734789,0.05327726291738407,0.06716556489131505,1.1971456524256998,0.13787069318701745,0.007117517412245344,0.6722774165073943,0.3438249744917787,-0.0006110968017610172,0.04112588998551773,2.6524056941640755,2.0000705909510472,1.8456727946420997,0.15439779630894757,1.344554832536626,0.8067328995219758,0.5378219330146503,0.07439587974147485,0.05134702931069253,0.06513013591172159,1.2106889714495481,0.13034623834545672,0.007211771943149672
2331,0.6602918157577947,0.3415154887062227,0.006272854299296082,0.04039268294886346,2.561371897858981,1.92880778146094,1.7690217192708757,0.1597860621900642,1.3205836309801755,0.792350178588105,0.5282334523920705,0.07667437315427973,0.05327726290111942,0.06716556487500609,1.197145652536065,0.13787069324188747,0.007117517414959271,0.6722774167780791,0.3438249746110699,-0.0006110966301825713,0.0411258899648649,2.6524056955206547,2.0000705920313657,1.8456727957117813,0.1543977963195845,1.3445548330147887,0.8067328998088733,0.5378219332059154,0.07439587972102667,0.051347029293369775,0.06513013589428956,1.2106889715705773,0.1303462383969414,0.007211771945878856
2332,0.660291816062365,0.3415154888407277,0.006272854480454358,0.040392682939427986,2.5613718993784387,1.9288077826719323,1.7690217204690852,0.15978606220284705,1.3205836315155894,0.7923501789093533,0.5282334526062361,0.0766743731265773,0.05327726287765121,0.0671655648512534,1.1971456526963087,0.13787069330428126,0.007117517418038534,0.6722774170866797,0.3438249747460253,-0.0006110964406895805,0.04112588995140838,2.6524056970835166,2.0000705932786498,1.8456727969498217,0.1543977963288283,1.3445548335561581,0.8067329001336949,0.5378219334224632,0.07439587969204911,0.05134702926882132,0.06513013586938704,1.2106889717431448,0.1303462384555865,0.007211771948980799
2333,0.6602918164115221,0.3415154889938743,0.006272854683891119,0.040392682938182684,2.5613719011357996,1.928807784075603,1.7690217218609618,0.15978606221464128,1.3205836321247302,0.7923501792748378,0.5282334528498924,0.07667437308900074,0.05327726284581809,0.06716556481886957,1.19714565291446,0.1378706933757528,0.0071175174215592964,0.6722774174411268,0.343824974899902,-0.0006110962292765684,0.0411258899465571,2.6524056988953,2.0000705947276685,1.8456727983912846,0.15439779633638367,1.3445548341733593,0.8067329005040156,0.5378219336693437,0.07439587965317104,0.05134702923588563,0.06513013583582619,1.2106889719755216,0.13034623852287258,0.007211771952533285
2334,0.6602918168150342,0.34151548916978025,0.006272854914737544,0.040392682946802705,2.561371903181936,1.9288077857134562,1.7690217234881103,0.15978606222534597,1.320583632823044,0.792350179693826,0.528233453129218,0.0766743730399535,0.053277262804267554,0.06716556477647628,1.1971456531998692,0.13787069345827724,0.007117517425618586,0.6722774178514663,0.34382497507690346,-0.0006110959908453978,0.04112588995207929,2.652405701009005,2.000070596421699,1.8456728000796527,0.15439779634204642,1.3445548348822536,0.8067329009293521,0.5378219339529015,0.0743958796027914,0.05134702919320635,0.06513013579222461,1.2106889722773655,0.1303462386006841,0.0072117719566355725
2335,0.6602918172853891,0.3415154893738077,0.006272855179629458,0.04039268296740869,2.5613719055805966,1.9288077876376009,1.769021725402556,0.159786062235045,1.3205836336300683,0.7923501801780406,0.5282334534520277,0.07667437297756974,0.05327726275141895,0.06716556472246964,1.1971456535634637,0.13787069355439066,0.007117517430341289,0.6722774183305559,0.34382497528250494,-0.0006110957187933988,0.04112588997021491,2.652405703491172,2.0000705984151783,1.8456728020694126,0.1543977963457658,1.3445548357029324,0.8067329014217594,0.5378219342811731,0.0743958795390343,0.05134702913919431,0.06513013573696944,1.2106889726599934,0.1303462386914434,0.00721177196141555
2336,0.6602918178386918,0.34151548961299033,0.006272855487181629,0.04039268300270733,2.5613719084124438,1.928807789914082,1.7690217276699773,0.1597860622441047,1.320583634570778,0.7923501807424664,0.5282334538283115,0.07667437289966247,0.053277262685419526,0.06716556465497858,1.1971456540180534,0.13787069366737795,0.007117517435889547,0.6722774188949961,0.3438249755238923,-0.0006110954045364173,0.04112589000382438,2.6524057064261477,2.000070600777215,1.8456728044294808,0.15439779634773437,1.3445548366611118,0.806732901996667,0.5378219346644447,0.0743958794596949,0.051347029071981666,0.06513013566817388,1.210688973136705,0.1303462387982912,0.007211771967039408
2337,0.6602918184959882,0.34151548989669006,0.006272855848838285,0.04039268305619694,2.561371911780554,1.928807792627504,1.7690217303741242,0.15978606225337968,1.3205836356773837,0.7923501814064299,0.5282334542709538,0.07667437280368888,0.05327726260411516,0.06716556457184306,1.197145654578531,0.1378706938015499,0.007117517442476729,0.6722774195664968,0.34382497581062943,-0.000611095036655511,0.041125890056605566,2.652405709921878,2.000070603596461,1.8456728072478827,0.1543977963485783,1.3445548377899923,0.8067329026739954,0.5378219351159969,0.0743958793622026,0.05134702898939072,0.06513013558365349,1.2106889737230084,0.13034623892535221,0.0072117719737260005
2338,0.6602918192849658,0.34151549023741645,0.006272856279657138,0.04039268313242938,2.5613719158180572,1.928807795887287,1.7690217336228717,0.15978606226441522,1.3205836369919763,0.7923501821951856,0.5282334547967907,0.07667437268667443,0.05327726250498597,0.06716556447055405,1.1971456552623172,0.13787069396260088,0.007117517450385262,0.6722774203736379,0.34382497615549695,-0.0006110946001119458,0.041125890133370875,2.652405714117964,2.0000706069877108,1.845672810638168,0.15439779634954273,1.3445548391329936,0.8067329034797963,0.5378219356531972,0.07439587924354191,0.0513470288888669,0.06513013548086363,1.2106889744370943,0.13034623907807857,0.007211771981765183
2339,0.6602918202425294,0.341515490652108,0.006272856800056709,0.04039268323740352,2.561371920698676,1.9288077998365778,1.769021737556717,0.1597860622798607,1.3205836385699317,0.7923501831419588,0.5282334554279728,0.0766743725451649,0.05327726238510569,0.06716556434822928,1.197145656089644,0.13787069415814868,0.0071175174599939295,0.6722774213545257,0.34382497657579686,-0.0006110940745012658,0.04112589024046191,2.6524057191967647,2.0000706111012776,1.845672814748399,0.15439779635287865,1.3445548407472758,0.8067329044483658,0.5378219362989101,0.07439587910020073,0.051347028767434924,0.06513013535687166,1.2106889753001489,0.13034623926376607,0.007211771991545793
2340,0.6602918214183096,0.341515491163873,0.006272857437651047,0.04039268337910257,2.5613719266516353,1.9288078046646038,1.7690217423606,0.15978606230400363,1.320583640485059,0.7923501842910352,0.5282334561940238,0.07667437237517019,0.053277262241094074,0.06716556420158283,1.1971456570838808,0.13787069439847527,0.007117517471815044,0.6722774225604162,0.34382497709512544,-0.0006110934322153885,0.041125890386316324,2.652405725399086,2.000070616135996,1.845672819773655,0.15439779636234102,1.3445548427090515,0.8067329056254311,0.5378219370836204,0.07439587892810984,0.05134702862164753,0.06513013520832348,1.2106889763367208,0.1303462394922638,0.007211772003593807
2341,0.660291822879763,0.34151549180453833,0.006272858230352438,0.04039268356827419,2.561371933982673,1.9288078106243047,1.7690217482807016,0.15978606234360315,1.320583642836619,0.7923501857019712,0.5282334571346479,0.07667437217213177,0.053277262069089365,0.06716556402693039,1.197145658271727,0.13787069469760097,0.007117517486548634,0.672277424060967,0.34382497774596454,-0.0006110926353620622,0.041125890582290096,2.6524057330462902,2.000070622357758,1.8456728259737907,0.15439779638396708,1.3445548451208325,0.8067329070724997,0.5378219380483328,0.07439587872260518,0.05134702844755354,0.06513013503144414,1.210688977574946,0.1303462397770004,0.0072117720186278145
2342,0.6602918247194395,0.34151549261829856,0.006272859230492617,0.04039268381955233,2.5613719431040147,1.9288078180574006,1.7690217556482994,0.15978606240910126,1.320583645759526,0.7923501874557153,0.5282334583038106,0.07667437193094057,0.0532772618647634,0.06716556382025268,1.1971456596831065,0.13787069507481978,0.007117517505159803,0.6722774259517179,0.34382497857338556,-0.0006110916316627024,0.04112589084384048,2.6524057425718,2.000070630125847,1.8456728336986394,0.15439779642720777,1.344554848121934,0.8067329088731606,0.5378219392487734,0.07439587847844109,0.051347028240709094,0.06513013482209837,1.2106889790464694,0.13034624013644988,0.007211772037638138
2343,0.6602918270655312,0.3415154936670383,0.0062728605109223096,0.04039268415311016,2.5613719545773974,1.9288078274305107,1.7690217649140705,0.15978606251644017,1.3205836494388787,0.7923501896633269,0.5282334597755518,0.07667437164608298,0.053277261623445316,0.0671655635774002,1.1971456613503124,0.13787069555693002,0.007117517528991268,0.6722774283649302,0.3438249796404411,-0.0006110903484295924,0.041125891192270794,2.6524057545662947,2.0000706399308545,1.845672843424233,0.15439779650662136,1.3445548519034358,0.8067329111420616,0.5378219407613742,0.07439587818993373,0.05134702799629908,0.06513013457599434,1.2106889807855805,0.1303462405962572,0.007211772062001758
2344,0.6602918300975276,0.3415154950383141,0.006272862174068847,0.040392684597192044,2.5613719691767116,1.9288078393880075,1.7690217766980747,0.15978606268993278,1.320583654131062,0.7923501924786369,0.5282334616524251,0.0766743713121789,0.05327726134057732,0.0671655632946964,1.1971456633048572,0.13787069618155334,0.007117517559931081,0.6722774314856276,0.34382498103622083,-0.0006110886836954987,0.04112589165740637,2.6524057698434684,2.000070652450092,1.8456728558055522,0.15439779664454012,1.3445548567298602,0.8067329140379162,0.5378219426919439,0.07439587785150356,0.05134702770959679,0.06513013428929396,1.2106889828259388,0.1303462411923923,0.007211772093652991
2345,0.6602918340699087,0.3415154968575561,0.006272864364517537,0.040392685192309465,2.56137198798129,1.9288078548310992,1.7690217918642572,0.15978606296684195,1.3205836601950554,0.7923501961170328,0.5282334640780225,0.07667437092583475,0.05327726101328453,0.06716556297082504,1.1971456655666184,0.13787069700217358,0.00711751760066757,0.6722774355757544,0.3438249828880776,-0.0006110864942011837,0.04112589228204043,2.652405789537863,2.000070668630375,1.8456728717551096,0.15439779687526548,1.3445548629712554,0.8067329177827534,0.537821945188502,0.07439587745956566,0.051347027377565246,0.06513013396054063,1.2106889851891727,0.13034624197591219,0.007211772135341528
