Year,GDP ($Y_t$): Baseline,Labor ($L_t$): Baseline,Government Expenditures ($G_t$): Baseline,Lump sum transfers ($TR_t$): Baseline,Wealth ($B_t$): Baseline,Capital Stock ($K_t$): Baseline,Domestically-owned Capital Stock ($K^d_t$): Baseline,Foreign-owned Capital Stock ($K^f_t$): Baseline,Government Debt ($D_t$): Baseline,Domestically-owned Gov Debt ($D^d_t$): Baseline,Foreign-owned Gov Debt ($D^f_t$): Baseline,Real interest rate ($r_t$): Baseline,"Real interest rate on gov debt ($r_{gov,t}$): Baseline","Real interest rate on HH portfolio ($r_{p,t}$): Baseline",Wage rate: Baseline,Total tax revenue ($REV_t$): Baseline,Business tax revenue: Baseline,GDP ($Y_t$): Reform,Labor ($L_t$): Reform,Government Expenditures ($G_t$): Reform,Lump sum transfers ($TR_t$): Reform,Wealth ($B_t$): Reform,Capital Stock ($K_t$): Reform,Domestically-owned Capital Stock ($K^d_t$): Reform,Foreign-owned Capital Stock ($K^f_t$): Reform,Government Debt ($D_t$): Reform,Domestically-owned Gov Debt ($D^d_t$): Reform,Foreign-owned Gov Debt ($D^f_t$): Reform,Real interest rate ($r_t$): Reform,"Real interest rate on gov debt ($r_{gov,t}$): Reform","Real interest rate on HH portfolio ($r_{p,t}$): Reform",Wage rate: Reform,Total tax revenue ($REV_t$): Reform,Business tax revenue: Reform
2026,0.8538359256952102,0.413672019549735,0.009589531316181553,0.052232521370073094,3.1062412930926646,2.7739133071379376,2.628987178464186,0.14492612867375146,0.7954235243807976,0.4772541146284785,0.31816940975231905,0.0639971451097819,0.04253770523223484,0.05921491586180992,1.2780259542214631,0.17010476412671716,0.008934160567305874,0.8603191747676242,0.4183308479852136,0.009662345446085843,0.05262912457010811,3.1062412930926646,2.778506283945339,2.628987178464186,0.14951910548115296,0.7954235243807976,0.4772541146284785,0.31816940975231905,0.06466715327973235,0.04310530497521886,0.0598682762107938,1.2733890128637686,0.15993889636033176,0.009017873452226549
2027,0.852747849613371,0.4148635727740922,0.00957731100622834,0.05216596435759108,3.0537530004033298,2.7517411382078305,2.603046200927678,0.14869493728015232,0.7511779991260864,0.4507067994756518,0.3004711996504346,0.06476270603372553,0.043186252821887566,0.06013576448869888,1.2727313114557846,0.16985627683573978,0.008940739878390436,0.8592766429081785,0.41921363921137805,0.009650636648630253,0.05256535316331612,3.064629760818404,2.760196366139851,2.6076758107414566,0.15252055539839457,0.7615899167949122,0.4569539500769473,0.3046359667179649,0.06528270905645985,0.04362677518458761,0.06059957702946061,1.2691676472260465,0.15972227930541152,0.009021349114164552
2028,0.8518519734279267,0.415681017393305,0.009567249315829515,0.052111147536097864,3.0088778987375657,2.735387237016655,2.583979766049132,0.15140747096752305,0.7081635544807228,0.42489813268843357,0.2832654217922892,0.06532280322329913,0.0436607410969657,0.06086800223874687,1.2688939839443454,0.16960282386267717,0.008944323929248642,0.8585068077933736,0.4197770176514482,0.009641990540262645,0.05251825168797124,3.030554785406624,2.747700829803678,2.5931747534833884,0.1545260763202895,0.7289667198720595,0.4373800319232357,0.2915866879488238,0.06569970574895956,0.04398003537767679,0.06114564089100455,1.2663287765143534,0.15951786199840082,0.009022927619522284
2029,0.851368372306918,0.4162141187718323,0.009561817934981166,0.05208156014933243,2.972203253454768,2.7256253783002418,2.5725492940365795,0.15307608426366243,0.6660899323636478,0.39965395941818854,0.26643597294545923,0.06566722682768333,0.04395252074696692,0.061402718145078514,1.2665493059662727,0.1693705578732973,0.008947158800875689,0.8579281261959409,0.4200687970484446,0.00963549129944403,0.052482848624103504,3.0023759273731008,2.7397428850755277,2.5840129758384114,0.1557299092371162,0.697271585891149,0.41836295153468944,0.2789086343564596,0.0659554086985361,0.0441966550175099,0.06154116637145845,1.2645962003792084,0.1593106388818651,0.009022731076309808
2030,0.8511180520345066,0.4165346137511027,0.009559006558674402,0.05206624557796467,2.940899596183008,2.720114976338598,2.5660755531397887,0.15403942319880948,0.6247067384053652,0.37482404304321904,0.24988269536214616,0.06586579778808462,0.04412074082418806,0.06180449422722345,1.2652026856068086,0.16915241002411568,0.008949067154425434,0.8575124632887156,0.42017479493230564,0.009630822940634264,0.05245741979685338,2.978551325248274,2.735136293830909,2.578778430428258,0.15635786340265084,0.6662881580333595,0.39977289482001577,0.26651526321334373,0.06609327260673696,0.04431344690508846,0.06182691459691912,1.2636646495175579,0.159110324327836,0.009021520408105797
2031,0.851225361036029,0.4167441687737792,0.009560211758642731,0.05207280949444998,2.9148152845909636,2.7187913010794595,2.56437525507025,0.15441604600920988,0.5840667158678566,0.35044002952071385,0.23362668634714276,0.06593623063735526,0.04418040825652192,0.062088985607859096,1.2647259445501156,0.16897880605790003,0.008951801906128397,0.8573918464610876,0.42019350817585616,0.009629468278911809,0.05245004086304485,2.95907640567969,2.7339281594381335,2.5774155602857123,0.15651259915242105,0.6361014089899628,0.3816608453939777,0.2544405635959851,0.06612794540426473,0.04434282008566738,0.0620159330424602,1.2634306482910906,0.15894539644752045,0.009021045130496109
2032,0.8518450498638064,0.4169436031791428,0.00956717155646972,0.052110718310070706,2.894134002345747,2.72187361701207,2.5675815889519518,0.15429202806011819,0.5442540223229918,0.3265524133937949,0.21770160892919685,0.06588963463045984,0.04414093428780916,0.06226550529704452,1.2650412901853596,0.16888203013429237,0.008957255547522757,0.857730559536772,0.4202235088944636,0.00963327240514816,0.05247076171892308,2.9442818973575635,2.736447521188467,2.580181988159059,0.15626553302940824,0.6068331819975075,0.3640999091985045,0.24273327279900297,0.06606736821249676,0.044291501907740186,0.062114851792572014,1.2638395508322682,0.1588470068986158,0.009023221528221185
2033,0.8529796439978283,0.41717601801015564,0.009579914316117016,0.052180126306838534,2.8782216611847145,2.7289300906738214,2.5751675266951572,0.153762563978664,0.5050902241492621,0.30305413448955715,0.20203608965970493,0.06574513239158199,0.044018518715393445,0.062351848211911795,1.266020542828917,0.1688680923582025,0.008965878657081225,0.8585370747580271,0.42030463944101204,0.00964233047208872,0.05252009921562247,2.933647715675869,2.742348488296827,2.5866497474104007,0.15569874088642646,0.5783299471091138,0.3469979682654683,0.23133197884364548,0.06592768461049035,0.04417316846024838,0.06213889828826277,1.2647837552509642,0.15882001685405708,0.009028498186119085
2034,0.8545317389523809,0.41744797917695053,0.009597346076393735,0.05227507470699022,2.86590441045275,2.739084877102818,2.586152714895229,0.1529321622075892,0.4662528259292017,0.2797516955575209,0.18650113037168078,0.06552767587375652,0.043834299672755414,0.062372112649685625,1.2674979448830352,0.16892413482186602,0.008977191243803731,0.8597207692056421,0.4204411408624875,0.00965562468311053,0.052592510018366546,2.9260971561582956,2.750835525922603,2.5959302647717073,0.15490526115089576,0.5502781523109802,0.33016689138658817,0.22011126092439207,0.06573100426064371,0.04400655002031021,0.0621096371820698,1.2661163799264363,0.15885293286487198,0.009036409897715043
2035,0.8563672841865076,0.4177221095868159,0.009617961299969148,0.0523873630761371,2.8562605838684236,2.751623301052098,2.599784013027566,0.15183928802453212,0.42746095140142987,0.25647657084085784,0.17098438056057205,0.06525059776718453,0.04359957199460131,0.062339377812272216,1.2693869914589748,0.16902673462737414,0.008990059760489253,0.8611422101861294,0.42059236565134434,0.009671589053297212,0.05267946634155252,2.9206955706926028,2.7611798649164303,2.60725832225811,0.15392154265832056,0.5223954140574879,0.3134372484344927,0.20895816562299516,0.06549008455357594,0.04380245405559749,0.0620397086883679,1.2677537869480777,0.1589224668684357,0.00904576353010302
2036,0.858400424786226,0.41797702508962126,0.009640795740245626,0.05251173911981667,2.8487203892189665,2.7660660167023687,2.6155522389477923,0.1505137777545765,0.38861358378529015,0.233168150271174,0.15544543351411616,0.06492377441538115,0.04332270245956489,0.06226280285584834,1.2716247180997087,0.16915872595876286,0.009003779047484846,0.8627204774199311,0.42073645656928715,0.0096893147575085,0.05277601641423915,2.916919245051958,2.772943732690755,2.620171448428448,0.1527722842623069,0.4945796610391828,0.2967477966235097,0.19783186441567313,0.06521322573062853,0.04356791214432582,0.061936927788082984,1.2696423368628706,0.15901460010686375,0.00905588093812568
2037,0.8605836527335519,0.4182124558907649,0.009665315829107192,0.05264529672027896,2.84286104444045,2.7820298101804104,2.633031894998006,0.1489979151824048,0.34971524907074036,0.20982914944244413,0.13988609962829623,0.0645580263010805,0.043012857677091135,0.062152110920681174,1.2741412805753596,0.1693148247277192,0.009018072611194864,0.86440700077185,0.4208702667639925,0.009708256298865557,0.05287918905429382,2.9143616485482595,2.785760436317134,2.6342656537757656,0.15149478254136858,0.46682665795415673,0.28009599477249403,0.18673066318166268,0.06490990142708675,0.043310949909456574,0.06180990369889833,1.2717199201933855,0.1591227109662502,0.009066455264117049
2038,0.8629178273901482,0.41844327522199715,0.009691531218145364,0.05278808842452001,2.838544639126451,2.799375731415588,2.6520522999869107,0.14732343142867718,0.3108205652325673,0.1864923391395403,0.12432822609302699,0.06416034658592064,0.042675961928295425,0.06201327159998983,1.2768924435756208,0.16949756924930223,0.009033086068752546,0.8662033829821331,0.42100648176626393,0.009728431677931875,0.052989081755104125,2.912913755448594,2.7995151399994045,2.649399447167316,0.1501156928320888,0.4391905138021303,0.2635143082812782,0.1756762055208521,0.06458568851502369,0.04303629181749227,0.06166343014534998,1.2739504762863767,0.15924929168331362,0.009077618987707186
2039,0.8655547173709317,0.4187527001298726,0.009721146438455355,0.05294939863696898,2.8361164026408345,2.81850515929201,2.672968274019196,0.14553688527281405,0.2719135477027312,0.16314812862163863,0.10876541908109255,0.06373562452410104,0.042316157161815846,0.06185100108337452,1.2798479773810925,0.1697365750146314,0.009050495831891686,0.8682651672050993,0.42122653331338017,0.009751587818096914,0.0531152101858845,2.9129845254726074,2.814654785707256,2.66598022999652,0.1486745557107362,0.4116738257934792,0.24700429547608754,0.16466953031739168,0.06424352276581784,0.042746424917329634,0.06150051816103849,1.276315722523675,0.15942201548240081,0.009091055917188093
2040,0.8686094640252955,0.4192009961365203,0.009755454656022063,0.05313627077979808,2.835758810102063,2.8397562556163276,2.6960895372347298,0.14366671838159806,0.2327821214455554,0.1396692728673332,0.09311284857822222,0.06328672113804867,0.04193586710271579,0.0616691253921342,1.282991387908778,0.17005493907024974,0.009071541298101457,0.8707058805575971,0.4215879408298034,0.009778999755710739,0.053264519526161666,2.9147840728019863,2.8315278234573458,2.6843321618389355,0.14719566161841044,0.38408651827175133,0.2304519109630508,0.15363460730870054,0.06388502129580184,0.04244271915467377,0.06132385027440296,1.2788063003315437,0.15966143034590743,0.009107973587592109
2041,0.8721014508936119,0.41979127916746994,0.009794673569658368,0.053349890735137545,2.837512025580925,2.8632748274331363,2.7215746842580266,0.1417001431751098,0.19322890220483077,0.1159373413228984,0.07729156088193237,0.062811962893832,0.041533674010925795,0.061466764582984175,1.2863379968832938,0.17045503414736818,0.00909634544404048,0.8735430383267934,0.422091619373289,0.0098108642070156,0.05343808092146274,2.918365676608026,2.850281290733973,2.704617615317569,0.14566367541640404,0.3562467688174286,0.21374806129045715,0.14249870752697147,0.06350757922912553,0.04212296779992136,0.06113172757000027,1.2814422996631276,0.15996964182966206,0.00912846839068869
2042,0.875989662411533,0.42049698179626244,0.00983834252875573,0.053587749415240735,2.841307131898629,2.8890178246730476,2.749404983790973,0.13961284088207476,0.15317024684609373,0.09190214810765618,0.061268098738437554,0.0623095448321823,0.04110804880894657,0.06124207087232072,1.2899046593741597,0.17092820043055146,0.009124392157427781,0.8767321590755921,0.42270801894493626,0.009846681595780062,0.0536331732316869,2.9236556704162937,2.8708676878555917,2.7268161822478696,0.14405150560772195,0.3280658136140399,0.19683948816842392,0.131226325445616,0.06310847521348079,0.0417848654500342,0.060921627424832495,1.2842451579220828,0.1603376276560917,0.00915198138440191
2043,0.8803662127863254,0.4213586823923183,0.009887496078767983,0.05385548181673043,2.8474752197601365,2.917347901252598,2.779938934849597,0.137408966403001,0.11256047485089946,0.06753628491053962,0.04502418994035984,0.061779167735220034,0.040658738013314544,0.06099454393895917,1.2936981138801638,0.17149275077317688,0.009156584172775057,0.8803600668647622,0.4234743010218367,0.009887427053202856,0.05385510778473903,2.930980121031966,2.893634189386518,2.7512729052492038,0.14236128413731414,0.2995120263046039,0.17970721578276228,0.11980481052184161,0.06268654394770118,0.04142742491609097,0.06069246306698181,1.2872259010703835,0.16078132477804372,0.009179358303918262
2044,0.8851958561628763,0.4223718822262062,0.00994173836936698,0.05415093179265863,2.85570084113013,2.9480276543038966,2.8129176844037658,0.1351099699001306,0.07130526121060758,0.0427831567263645,0.028522104484243083,0.061227522459828654,0.0401914098066247,0.06073072661580692,1.297674922278064,0.17214352086286677,0.009192671153918575,0.8843835070909567,0.4243811191132295,0.009932614781766118,0.05410123845224182,2.939985558820393,2.9183226429928864,2.777711186594991,0.14061145639789516,0.2704572870423372,0.16227437222540225,0.10818291481693493,0.06224766596274363,0.04105562791026987,0.060450248871694943,1.290345716894203,0.1612942036732235,0.009210259934065157
2045,0.8904003008276064,0.4235080338634954,0.010000190097144921,0.05446930995773376,2.8656114023990407,2.98071267507053,2.847989827081946,0.1327228479885841,0.029369292195157375,0.01762157531709438,0.011747716878062996,0.06065959909859148,0.03971029156310137,0.0604551972915402,1.30180278879177,0.1728659186779582,0.00923192069739974,0.8887127278683397,0.42539324549017676,0.009981236767524769,0.054366074678389845,2.9502384141982043,2.9445587982611015,2.8057537811499973,0.138805017111104,0.2408077217470116,0.1444846330482069,0.09632308869880468,0.061796019928591496,0.04067301440732787,0.060199153359984076,1.2935771111085708,0.16186021590239258,0.009243826834044585
2046,0.8960546896892518,0.42479429684351916,0.2403875857312836,0.05481521309304669,2.8776079469921316,3.0157686338775074,2.885531912529079,0.13023672134842834,-0.013206609228245418,-0.007923965536947297,-0.005282643691298121,0.0600729794802037,0.03921333472054392,0.060164732019952274,1.3061029420819987,0.17367341067943162,0.009275001904693379,0.8934057688588174,0.42652865901667397,0.2039727390942489,0.05465316682726622,2.9620733433474484,2.972654709295977,2.8357277215459358,0.13692698775004142,0.21057603633585456,0.1263456218015127,0.08423041453434187,0.06132823320753798,0.0402767272655443,0.059935635229346786,1.2969464847079948,0.16248849325600204,0.009280547266405871
2047,0.8855950817385972,0.42415191212147313,0.21787931899660165,0.05417536032273787,2.892895127847954,2.9314067285232515,2.7925001340684967,0.13890659445475462,0.16732498963242948,0.10039499377945764,0.06692999585297184,0.061902707297477176,0.040763394981588076,0.06076123108031249,1.2928118979204006,0.17270998291071465,0.009214119552384367,0.8843520521340706,0.42599469677475765,0.18399504768535857,0.05409931772834506,2.9766157724544913,2.900099763627562,2.755696020570072,0.14440374305749012,0.3681995864740326,0.22091975188441954,0.14727983458961308,0.06294292916279674,0.04164462253952278,0.060543503090368364,1.2854124994699383,0.16178781929797784,0.009227397332093627
2048,0.8760706957056914,0.4236500316530908,0.19737085311115857,0.053592718767511274,2.9045935084388947,2.854831765181287,2.7079666042287514,0.14686516095253588,0.327711507016906,0.19662690421014356,0.13108460280676243,0.06365328161587008,0.04224640008176128,0.061448983335369085,1.280423063585566,0.17189848222446613,0.009158445746297626,0.8761437956614662,0.42557652074596625,0.1658302618356048,0.053597188884430616,2.9881821753208495,2.83447001705393,2.6832321523687837,0.15123786468514624,0.5082500382534435,0.3049500229520661,0.20330001530137745,0.06447228947837788,0.04294022543063082,0.0611984034786559,1.2747330788448656,0.16119897946907658,0.009179066264644056
2049,0.8674438153569483,0.4232519249904507,0.1787586590061616,0.053064981196717584,2.9138549617267224,2.7858553798801466,2.6317622644529104,0.15409311542723608,0.47015449545635357,0.28209269727381214,0.18806179818254146,0.06530625659116567,0.043646723560214026,0.06217871095936743,1.269006931237259,0.1712131147637633,0.009107649296898964,0.8687465438010704,0.42524457163316454,0.14939008465875908,0.05314467249275391,2.997751596234669,2.775577210933551,2.6181593200984334,0.15741789083511756,0.6326537935603923,0.3795922761362353,0.253061517424157,0.06590205150291872,0.04415145328434147,0.06186458818590382,1.2649572227324652,0.16070354324811897,0.009135267100902353
2050,0.8596797855721169,0.42294325965219515,0.16189228460790855,0.05259002753945382,2.921440904866091,2.724082836987557,2.5634642194768262,0.16061861751073106,0.5966278089821079,0.3579766853892647,0.23865112359284318,0.06685250833831782,0.04495663608611211,0.06291850762245152,1.258566565757084,0.17063944323523297,0.0090616395522419,0.862127813882538,0.4249891477047052,0.13453392557362476,0.05273978135219656,3.0059583960228364,2.7230501953034234,2.560075762244096,0.16297443305932738,0.7431377229645671,0.44588263377874016,0.297255089185827,0.06722660800795903,0.04527355591763366,0.06251995387705393,1.2560743470097726,0.16029225850890327,0.009095915989239381
2051,0.8526972375866507,0.42270369174974626,0.14660603691057073,0.05216288000700769,2.9276664944528545,2.6688221708018522,2.5023259033338623,0.16649626746798984,0.7089009851983206,0.4253405911189923,0.28356039407932826,0.06829132953934916,0.046175538452579865,0.06364977183653556,1.2490516577646222,0.17016126177365726,0.00901997728644445,0.8562075410697377,0.4247928669058513,0.1211041579548955,0.05237761745994797,3.013017768719953,2.6762297574634215,2.508268060653182,0.16796169681023923,0.8412495134446182,0.5047497080667708,0.3364998053778474,0.06844826466909765,0.046308486591580905,0.06315325644240824,1.248025228841662,0.15995321875773427,0.009060559860110283
2052,0.8464151300053475,0.4225127946984212,0.13274323421734852,0.05177858103107098,2.9327764185570415,2.619422255278103,2.44764621803955,0.17177603723855267,0.8085503341958187,0.48513020051749123,0.32342013367832745,0.06962332463374635,0.04730394271262302,0.06435889115979943,1.2404096558769893,0.16976094980292128,0.008982188358842522,0.8509065642224953,0.42463737885914815,0.10895130378716293,0.052053338220544886,3.019098691173396,2.6345063567084015,2.4620790489849336,0.17242730772346784,0.9283660703141039,0.5570196421884622,0.37134642812564167,0.06957000347200032,0.04725877150567358,0.06375643783022708,1.2407525790308702,0.15967250021347415,0.009028710050886677
2053,0.8407594754780963,0.42235232231950404,0.12018869453885694,0.05143260454700095,2.936984751702904,2.5753004349821262,2.3987977556365205,0.1765026793456057,0.8969783267773062,0.5381869960663838,0.3587913307109224,0.07084982573149404,0.0483429773678313,0.06503573484972394,1.2325895147093664,0.16942268282091769,0.008947828529978464,0.8461534248190588,0.4245059709129226,0.09796703920671522,0.05176257227506287,3.0243580799854612,2.597344114979567,2.420931614309146,0.1764125006704209,1.0057107761271924,0.6034264656763153,0.4022843104508771,0.07059498365346335,0.048127087018311504,0.0643235816078299,1.2342037098758414,0.15943737771321453,0.008999911612916548
2054,0.8357175613399404,0.4222101216755393,0.10887173434822237,0.051124172877051746,2.9409144038523336,2.536331737545258,2.3556549703352165,0.1806767672100413,0.9754323891951948,0.585259433517117,0.39017295567807786,0.07196179204797072,0.04928498348618314,0.06566305410778157,1.2256104958779765,0.1691358066711166,0.008916845431612901,0.8419397257262462,0.4243878376844098,0.08808904872647386,0.05150480598070186,3.0293862882543143,2.564676851013495,2.3847640581673435,0.17991279284615153,1.0743703834782847,0.6446222300869707,0.429748153391314,0.07151543913555289,0.04890685406966086,0.06484061713478126,1.2283994328319214,0.15923961396979017,0.008974114179042626
2055,0.8312338576384392,0.4220749050617171,0.09866656362217342,0.050849888930786555,2.944739706302495,2.5020570567887788,2.317720108776297,0.1843369480124819,1.0450326625436634,0.6270195975261981,0.4180130650174653,0.07296123669942503,0.05013166648608473,0.06623526237179,1.219425506097295,0.16889534904136017,0.008888926664223043,0.8382133484634385,0.4242725591895452,0.07919825651425033,0.05127685091963661,3.034327149044304,2.536096486997976,2.3531343748788807,0.18296211211909502,1.1353212902757055,0.6811927741654231,0.4541285161102823,0.07233441897080226,0.04960065567514131,0.06530440388798467,1.2232948970787139,0.15907602000991222,0.008951002542605242
2056,0.8272228013233447,0.4219331423877918,0.08942273008287008,0.05060451869558816,2.9483517056436503,2.471826604461949,2.2842860049534592,0.18754059950848956,1.1067761678169852,0.6640657006901911,0.44271046712679407,0.07385737701240658,0.05089083485766377,0.06675437885740655,1.2139489838654753,0.16869176750329357,0.008863535325485896,0.8348918103154267,0.42414718461879347,0.07115051693831229,0.051073661253544386,3.039043475320446,2.510997886261607,2.3253843767559523,0.1856135095056545,1.189431830940823,0.7136590985644937,0.4757727323763293,0.07306181918206162,0.05021687528480345,0.06571875332508903,1.2188075818747333,0.15893888124338268,0.008930038638904025
2057,0.8236458579818374,0.42177030670463483,0.08104208849826963,0.05038570471417669,2.9520190621586972,2.44539254181204,2.255093195378724,0.19029934643331622,1.1615431112999555,0.6969258667799733,0.4646172445199822,0.07464868467775143,0.051561193888515926,0.06721381321558786,1.209166464020901,0.1685141879190687,0.008840386430307923,0.8319407504191433,0.42399773260814394,0.06385515374419283,0.050893135077889284,3.043790651870504,2.4891840089776665,2.3013104459246083,0.18787356305305813,1.2374670099098257,0.7424802059458953,0.4949868039639304,0.07369646343777032,0.05075451636528937,0.06607839102512542,1.2149275980696004,0.15881901783024374,0.008910945257290902
2058,0.8204621891810209,0.4215797280047043,0.07347686324932913,0.05019094871358838,2.9558573980364766,2.4224287345428923,2.22978661497668,0.19264211956621216,1.2101179717663275,0.7260707830597964,0.4840471887065311,0.07533856091491908,0.05214562493349274,0.06761225266473585,1.2050371191944502,0.16835858191438244,0.00881923913936739,0.8293232017465262,0.42381790433054073,0.05727118338974415,0.05073301094309516,3.048672593119839,2.4703740871518347,2.280607517718236,0.18976656943359882,1.280108459002672,0.768065075401603,0.5120433836010689,0.0742418785410649,0.051216566660097704,0.06638291904877949,1.2116189267943687,0.15871351279022589,0.008893490461768282
2059,0.8176448940124936,0.42136934642216906,0.06669408845776875,0.05001860504929745,2.9598996840253924,2.4025958380967043,2.2079805165698527,0.1946153215268515,1.2531986124258994,0.7519191674555395,0.5012794449703598,0.07593464623374836,0.05265060067698115,0.06795292818216031,1.2014988484678102,0.16822393102066568,0.008800054827941425,0.8270163179558458,0.42361599210915624,0.0513723506560574,0.05059189125105283,3.053713646062721,2.4542709275662933,2.2629362939916953,0.19133463357459798,1.31796225345171,0.7907773520710258,0.5271849013806841,0.07470557503777936,0.05160938875415841,0.06663611231349795,1.208824526158156,0.15862218980571,0.008877650119931814
2060,0.8151640616104834,0.4211482296316695,0.06064465338391391,0.049866843990968995,2.96411144851524,2.385535511307272,2.189266810523755,0.19626870078351685,1.2914077299858082,0.7748446379914848,0.5165630919943234,0.07644649776085134,0.053084217471909355,0.06824125374921645,1.1984822570381504,0.16810881033260688,0.008782772261629726,0.8249943752661838,0.42340141023113453,0.046116615063411845,0.05046820238087229,3.0588733735399862,2.4405553328378176,2.2479317985213614,0.1926235343164561,1.3515692916977082,0.8109415750186248,0.5406277166790834,0.07509675596475435,0.05194077903202274,0.06684362523447959,1.2064802485899824,0.15854442971148397,0.008863382190276742
2061,0.8129886052851297,0.42091885867142453,0.05525402736035508,0.049733763876162435,2.9684953748250598,2.3709532149047954,2.1733155132394653,0.1976377016653299,1.3252997693093245,0.7951798615855946,0.5301199077237299,0.07688132827546716,0.05345258564920456,0.06848090363317587,1.1959351573342087,0.16800997473564286,0.008767252722003665,0.8232305748598195,0.4231769619739437,0.04143679180268654,0.050360304989532076,3.064152580877408,2.4289706929394197,2.2353058383287037,0.19366485461071586,1.381411237581174,0.8288467425487044,0.5525644950324696,0.07542213555205485,0.05221642547695737,0.06700916752277698,1.2045393772698847,0.1584778257161082,0.008850569688167394
2062,0.8110868479952783,0.4206783721417467,0.05044663810095565,0.04961742691253556,2.9730820645585005,2.3586075665371506,2.15986155649725,0.19874601003990092,1.355367513435418,0.8132205080612507,0.5421470053741673,0.07724432987033433,0.0537601037082226,0.0686740663698358,1.1938196633865297,0.16792397859703284,0.00875329822682884,0.8216974038987066,0.4229400601577256,0.03726449269971983,0.05026651602276648,3.069582604657623,2.419311465830722,2.224832867380611,0.19447859845011117,1.4079162287950207,0.8447497372770123,0.5631664915180083,0.07568632854033755,0.05244023748250132,0.06713482754829195,1.2029694987412407,0.15841968840092205,0.008839036697400094
2063,0.8094245020420263,0.4204224966703996,0.04615543266522169,0.04951573558344982,2.9778697411760278,2.3482566829133065,2.1486408621614688,0.19961582075183762,1.3820481316909317,0.8292288790145589,0.5528192526763728,0.07754100806134998,0.05401143566583424,0.0688234925979188,1.192097967651113,0.1678473902026971,0.008740675784721446,0.8203644435073535,0.4226866651470604,0.03353958498035114,0.050184974635508924,3.0751625850157134,2.4113677915650884,2.2162841329985574,0.19508365856653076,1.43146408669526,0.8588784520171558,0.5725856346781041,0.0758942065813108,0.05261634208528125,0.06722314818809638,1.201738023388581,0.1583672617434036,0.008828571956097278
2064,0.807972250397959,0.42015099589105037,0.042312097193904406,0.04942689646206955,2.9828292616971797,2.3396653411041415,2.1393923303390334,0.20027301076510806,1.4057282189302436,0.843436931358146,0.5622912875720976,0.07777787114777848,0.05421209505031484,0.06893312230620652,1.1907280653378314,0.16777803203540792,0.008729213560860517,0.8192060553126858,0.42241677369733205,0.030200238968182788,0.050114112420942936,3.0808644543875396,2.4049330981955706,2.209430114351217,0.19550298384435336,1.4523905667272043,0.8714343400363225,0.5809562266908819,0.07605159584716215,0.052749674947255576,0.0672777708541494,1.2008078440621606,0.15831892465348443,0.008819026024207813
2065,0.8067011593830771,0.41986753959002054,0.0388448656654241,0.04934913956893946,2.987869530661252,2.3325704542493657,2.131819622391166,0.2007508318582,1.426749847116811,0.8560499082700864,0.5706999388467245,0.07796349019790405,0.05436934287186304,0.06900896307880597,1.1896574186100177,0.16771481365749713,0.00871877179009287,0.8181967098446316,0.42213426919856084,0.027180596530051476,0.050052367680354204,3.086597145985348,2.3997688459101223,2.2040015133151356,0.19576733259498674,1.470992721117021,0.8825956326702125,0.5883970884468086,0.07616633115172522,0.05284687335811378,0.0673043165505107,1.200130942338368,0.1582740280128627,0.008810281756044737
2066,0.8055992845119625,0.419579065296304,0.03569699905293297,0.04928173426302225,2.992986475559598,2.3268120744227754,2.125737418990551,0.2010746554322244,1.4454150942817454,0.867249056569047,0.5781660377126984,0.0781038925246195,0.05448828518948273,0.06905503520496044,1.1888492582541523,0.16765761671868587,0.008709342260466157,0.8173277513284519,0.42184628159877563,0.02442935131103928,0.04999921089943117,3.0923589288831743,2.3957388958438357,2.1998392542986274,0.19589964154520834,1.4875327909742455,0.8925196745845471,0.5950131163896984,0.07624374615648116,0.05291245574766259,0.06730642334474801,1.1996747841743893,0.15823278879893635,0.008802352700256654
2067,0.8046588453888364,0.419288123764537,0.03281692349924734,0.04922420456507905,2.9982429587912667,2.322303772565039,2.121046893737689,0.20125687882735008,1.4619934417559635,0.8771960650535778,0.5847973767023856,0.07820200438493984,0.05457140099194471,0.06907275897765386,1.1882853781389813,0.16760646180489389,0.008700902506171998,0.8165943739488443,0.421555483209682,0.021899826225723826,0.04995434810450651,3.098216563417818,2.3927794524833703,2.1968695261323115,0.19590992635105903,1.5022450621425112,0.9013470372855064,0.6008980248570048,0.07628614586547625,0.05294837480806745,0.06728516407824583,1.19942514203313,0.15819547886581226,0.008795235014091558
2068,0.8038545282694387,0.4189901278707643,0.030194626694206195,0.049175001923129014,3.0036181583666615,2.3188921589555815,2.117582638371781,0.2013095205838008,1.4767258666581344,0.8860355199948804,0.590690346663254,0.07826183198462534,0.05462208415034166,0.06906453701712885,1.1879418743234333,0.16755988885202103,0.008693256238161133,0.8159737149986198,0.4212573288506051,0.01958681685176228,0.04991638068781383,3.1041508953439094,2.3907554521805054,2.1949472369130927,0.19580821526741268,1.5153394307180288,0.9092036584308169,0.6061357722872119,0.07629691196712222,0.05295749534838512,0.06724256662379402,1.1993617746516265,0.15816091205747573,0.00878874806594347
2069,0.8031569101969861,0.4186814818892613,0.02783068305089681,0.049132326438675974,3.009029669247671,2.3163851431639655,2.115135157859946,0.2012499853040195,1.4898241856462087,0.893894511387725,0.5959296742584836,0.07828901491738603,0.054645112266028154,0.06903433470589605,1.1877858878767684,0.16751502648671676,0.008686188606077715,0.8154386272052089,0.4209482825595267,0.017495599434590836,0.049883647950200186,3.1100802719535228,2.389490381185837,2.193880133565953,0.195610247619884,1.5270002306459503,0.9162001383875698,0.6108000922583805,0.07628103632867433,0.05294404624625942,0.06718218052601696,1.1994552184314617,0.15812658498796528,0.008782692929110183
2070,0.8025394974694425,0.41835989440599414,0.025668209808720824,0.04909455742415446,3.0143901211868447,2.3146020677257084,2.113506231714254,0.20109583601145414,1.501473149120985,0.9008838894725908,0.6005892596483942,0.07828914935239077,0.05464522615310828,0.06898621201055676,1.187785116367777,0.16746849015786303,0.008679513562672728,0.8149648506674398,0.42062616066009156,0.015573317692227827,0.04985466585777341,3.1159186353277266,2.3888179801699043,2.1934858755142885,0.19533210465561587,1.5373879330223972,0.9224327598134379,0.6149551732089593,0.07624348138167843,0.052912231442770914,0.06710764455158322,1.1996763427177894,0.15808952899760728,0.008776900046589226
2071,0.8019897283909488,0.4180224179263611,0.023682081825356013,0.04906092646030148,3.0197230684421297,2.313474298265651,2.1126228282204647,0.20085147004518636,1.511833733702775,0.9071002402216648,0.6047334934811102,0.07826395526591264,0.054623882895442094,0.0689209554288455,1.1879296875602618,0.16741798788388657,0.008673126487859055,0.8145418889141848,0.4202881053975019,0.013798616370339294,0.04982879232593486,3.1216930572559143,2.38868442749878,2.1937077913437273,0.1949766361550525,1.5466421098536458,0.927985265912187,0.6186568439414588,0.07618546455859641,0.05286308229004858,0.06701942128216283,1.2000181575700943,0.1580477569740275,0.008771278597102614
2072,0.8015110218962055,0.41767376620437136,0.02186872175456943,0.0490316426828563,3.0250908859162378,2.312985741347936,2.1124619023098257,0.20052383903811039,1.5210483060106874,0.9126289836064123,0.6084193224042751,0.07821484522213593,0.05458227915167331,0.06883927155944347,1.188211628716711,0.1673649876700908,0.008667089374691513,0.8141750952731859,0.4199389051337684,0.012171178674475862,0.04980635481802713,3.127469993723477,2.3890875558625977,2.1945382277328065,0.19454932812979103,1.5548862766511182,0.9329317659906705,0.6219545106604477,0.07610795806702303,0.05279742239712535,0.06691793076277232,1.2004751980871717,0.1580027806787679,0.008765903448460224
2073,0.8011110494469722,0.417323509678322,0.020186876826051935,0.04900717531803092,3.0305300751832043,2.313109124129384,2.1129826673098884,0.20012645681949573,1.52924567978886,0.9175474078733159,0.6116982719155442,0.07814456221717489,0.05452273866046562,0.06874314872703388,1.1886154299450942,0.16731299522107052,0.008661532805338715,0.8138738751505817,0.41958817358598155,0.010652184570225015,0.04978792864503041,3.133289150581652,2.3900119716586046,2.195949549757266,0.19406242190133857,1.5622326680406435,0.9373396008243857,0.6248930672162578,0.07601327453645013,0.05271721091608927,0.06680487006556417,1.2010341489993657,0.15795799843072542,0.008760917305470402
2074,0.8007912022876684,0.41698137222812676,0.01862113356087964,0.048987609429964184,3.036015857899086,2.3137683005377006,2.114089864879465,0.19967843565823593,1.5365433216993687,0.9219259930196211,0.6146173286797476,0.07805756873309735,0.05444904182896678,0.06863611841452279,1.1891157383449873,0.16726587592463307,0.008656549091042366,0.8136410048065376,0.4192456174116547,0.009228514075947741,0.04977368357779944,3.139126749081046,2.3913902816561414,2.1978562433210294,0.19353403833511204,1.5687841762666954,0.9412705057600168,0.6275136705066786,0.07590544310228661,0.052625861142964345,0.06668346658802782,1.2016715497982586,0.15791710564853015,0.008756422871853898
2075,0.8005419795123082,0.41665756272152416,0.017219513761696954,0.04897236378391278,3.0414191424593837,2.3147999136440616,2.115590804467205,0.19920910917685686,1.5430472299869653,0.925828337992179,0.6172188919947863,0.07796139401053544,0.0543675670794697,0.06852442465237743,1.1896694931143146,0.1672262675560106,0.008652166526334557,0.813468161729606,0.418921418926734,0.007950950152748965,0.04976311047924942,3.144852178005117,2.39306466868431,2.2000718022443175,0.19299286643999247,1.5746339596013335,0.9447803757607997,0.6298535838405338,0.07579150237138466,0.05252933585793665,0.06655960314242812,1.2023460292780983,0.1578826515337864,0.008752459122686287
2076,0.8003515037411526,0.41635609156084896,0.016028984930038438,0.04896071185285143,3.0466517271040883,2.316078046531437,2.11734118536965,0.19873686116178718,1.5488509028907305,0.9293105417344381,0.6195403611562924,0.07786111215622965,0.05428261295908318,0.06841214765539963,1.1902476176763697,0.16719292027774882,0.008648345009051981,0.8133446555984701,0.41861958665484056,0.0068693175527486106,0.04975555544055754,3.1503776577187352,2.394915706846434,2.202459140126463,0.19245656671997097,1.5798641959871214,0.9479185175922723,0.631945678394849,0.0756760869100905,0.05243156124994675,0.06643703674811333,1.2030302529735346,0.1578535689913114,0.00874899583721425
2077,0.8002130839192302,0.41607836397495873,0.015047695144178877,0.048952244358324896,3.051690777100244,2.31753937591921,2.1192691090903115,0.19827026682889862,1.554036113349888,0.9324216680099325,0.6216144453399554,0.07775916614664301,0.05419624904378361,0.0683010988721936,1.1908360929147992,0.16716437858547145,0.00864505461133658,0.8132649837173833,0.41834154551762087,0.005983948761643806,0.04975068188006606,3.15568280124671,2.396887668720116,2.204954776741849,0.1919328919782672,1.5845467075081028,0.9507280245048612,0.6338186830032416,0.07556127940013804,0.05233430167004272,0.0663173172545518,1.2037118878773594,0.1578285976976769,0.008746011921721539
2078,0.8001065556333841,0.41581778243263545,0.014232017529263508,0.04894572775180095,3.056482955772802,2.319090375508904,2.1212778844935554,0.19781249101534884,1.5586751187987449,0.9352050712792468,0.6234700475194981,0.07765749967112627,0.05411012193674003,0.06819258752265547,1.1914237160705425,0.1671379956712617,0.008642111347148332,0.8132099280926127,0.41808070283405313,0.005252842043151559,0.04974731414477857,3.1607158358379093,2.398893148092866,2.2074688157374482,0.19142433235541778,1.5887450335007691,0.9532470201004609,0.6354980134003082,0.07544868952488576,0.0522389207670598,0.06620151081008899,1.2043813421302407,0.15780532256401747,0.008743330357625291
2079,0.8000077454919415,0.4155653950876974,0.013528859488014355,0.0489396832459829,3.0609603689672116,2.3206281758913834,2.1232630181398835,0.19736515775149976,1.5628289180455472,0.9376973508273282,0.625131567218219,0.07755791034652731,0.05402575449529451,0.0680878090091008,1.1920000723306423,0.167110417171123,0.00863928573403676,0.8131560871234729,0.41782810956768,0.004624250842692579,0.04974402066092554,3.1654096745458244,2.400834139595037,2.209902165084296,0.1909319745107408,1.5925125157692148,0.9555075094615283,0.6370050063076865,0.07533981419464589,0.05214668665375635,0.06609059351827867,1.2050296405443341,0.15778064783021747,0.008740727466554705
2080,0.7999046437035917,0.4153160643803002,0.0129070880983067,0.04893337616712855,3.065108698547788,2.322107791108583,2.12518015334416,0.19692763776442324,1.5665475753393807,0.9399285452036282,0.6266190301357525,0.07746094371024417,0.05394360887334424,0.06798696889974834,1.1925619542651966,0.16707950508636582,0.008636457860353964,0.8130921494277642,0.41757862723558786,0.004068272151080236,0.04974010947946886,3.1697515036786537,2.4026706483086278,2.2122160147084617,0.1904546336001658,1.595892481616988,0.9575354889701921,0.6383569926467958,0.07523497543579787,0.05205787213589562,0.06598461155833008,1.205654769968807,0.15775261069665392,0.008738088020896501
2081,0.7998053751817961,0.41507603279811656,0.012344045897065836,0.048927303548371825,3.068952245223239,2.323534211882077,2.1270279972955426,0.19650621458653475,1.569873746546161,0.9419242479276964,0.6279494986184646,0.0773676000522045,0.053864532469967814,0.06789085145173487,1.1931035000325343,0.1670472478961593,0.008633733374096701,0.8130269979412487,0.41733852004407973,0.003563083396398395,0.04973612400469403,3.1737676030213726,2.404412666262841,2.214414605016868,0.18999806124597352,1.5989216633408423,0.9593529980045047,0.6395686653363376,0.07513499097631862,0.05197316995456697,0.06588421803658283,1.206251748326282,0.15772312595794177,0.008735523153229428
2082,0.7997277085627392,0.4148557602761417,0.011837649244273218,0.048922552353267146,3.072548116564646,2.3249475388702123,2.128839648407904,0.1961078904623086,1.572847446927904,0.9437084681567421,0.6291389787711618,0.0772784941479939,0.053789046094432955,0.06779997649546096,1.1936210627939348,0.16701766623931938,0.008631315187612487,0.8129791271831811,0.41711826577602695,0.003107298996505456,0.04973319560529733,3.177517511296082,2.406105296735747,2.216536573339078,0.18956872339666894,1.6016348965950076,0.9609809379570039,0.6406539586380037,0.07504033527636988,0.05189298205034059,0.06578983328850213,1.2068176260174963,0.15769600254260926,0.00873324082228442
2083,0.7996843176517214,0.4146618709073814,0.011415396220243908,0.048919897866577765,3.0759529413002964,2.326383901961146,2.1306479949316994,0.19573590702944682,1.5755082439476615,0.9453049463685967,0.6302032975790648,0.07719365692680567,0.05371717594851299,0.06771430982444476,1.1941143795934133,0.1669938967008546,0.008629340776229713,0.8129617687748139,0.41692445963603897,0.002729311409527882,0.049732133690028116,3.1810601482149714,2.4077891419149617,2.218619808791686,0.18916933312327583,1.6040672323721432,0.9624403394232853,0.6416268929488579,0.07495091849808852,0.051817232316759415,0.06570133803329914,1.2073528247654766,0.15767419265015523,0.008731381776069726
2084,0.7996680861977131,0.4144919126959474,0.011096857432603094,0.04891890474143365,3.0791564487115064,2.3278110416126423,2.1324198788615627,0.1953911627510797,1.5778942830832396,0.9467365698499436,0.6311577132332961,0.07711370861958275,0.05364944746300051,0.06763421089720024,1.1945797583508808,0.16697572394293977,0.008627744489189872,0.8129681650994522,0.4167545810497223,0.0024497089970802327,0.04973252485134058,3.184386291675548,2.4094349531641477,2.220634573941614,0.1888003792225341,1.6062528628898916,0.9637517177339344,0.6425011451559571,0.07486720284735324,0.051746312313135284,0.06561897461187875,1.2078544650768528,0.15765749031767462,0.00872988233726182
2085,0.7996618500645897,0.4143403029868268,0.010882535379481362,0.048918522988729556,3.082095022235241,2.329148429025589,2.134071939026566,0.19507648999902308,1.5800384720144587,0.948023083208675,0.6320153888057837,0.07704029209349492,0.053587252398511497,0.06756090222756089,1.1950075353855192,0.1669609103345601,0.00862637060104386,0.8129814761770733,0.41660300275123013,0.002269968374068919,0.049733338930364385,3.187432482075661,2.4109641815206517,2.222499756303186,0.188464425217466,1.6082212096207928,0.9649327257724752,0.6432884838483176,0.0747906419560997,0.05168145348879982,0.06554382084808563,1.2083137121473315,0.15764381184915646,0.008728589278961706
2086,0.7996568958805566,0.414205902602989,0.010751039684438968,0.04891821960967398,3.084722735572156,2.3303394680498997,2.1355425386765976,0.19479692937330192,1.581966994825931,0.9491801968955584,0.6327867979303725,0.07697507487199566,0.053532003403318124,0.06749571331724354,1.1953878749896012,0.16694806470964513,0.008625155206162138,0.8129934322303798,0.41646860483067216,0.0021693443046850377,0.04973407006496515,3.1901534766450474,2.412322524293242,2.2241562463085707,0.1881662779846713,1.6099953838941288,0.9659972303364768,0.643998153557652,0.07472273805479877,0.05162392846350221,0.0654770793647775,1.20872141456065,0.15763190085672724,0.008727442515559613
2087,0.7996478894618978,0.4140864245124871,0.010705929393847922,0.048917668316448254,3.0870326544521274,2.331363878716296,2.1368116497404577,0.19455222897583813,1.5837016745194494,0.9502210047116696,0.6334806698077798,0.076918287530121,0.053483895809861196,0.06743873029789066,1.1957193114960454,0.16693599310375923,0.008624045333957994,0.8129990996728236,0.41634912339107916,0.0021521198984757947,0.04973441647338818,3.19254372355743,2.413492413970958,2.2255870043869557,0.18790540958400268,1.6115945319507918,0.9669567191704745,0.6446378127803173,0.07466361181769506,0.05157383946684689,0.06541875488504098,1.2090767092853136,0.1576206751098166,0.008726391908064589
2088,0.7996318626453206,0.4139813102460483,0.010703106557429037,0.04891668754862395,3.089016583225284,2.332203704477446,2.137859932249354,0.19434377222809218,1.5852610849598838,0.9511566509759302,0.6341044339839537,0.07687040882335693,0.05344333519750969,0.06739029015346469,1.195998940771898,0.16692412742558838,0.008623017940449737,0.8129959462900125,0.41624405191115615,0.0021743694482489057,0.04973422326395391,3.1945964520537,2.414458485263159,2.226775512839534,0.18768297242362528,1.6130348986902776,0.967820939214166,0.6452139594761116,0.07461363838915436,0.0515315043036834,0.06536910669220537,1.2093772179295381,0.15760964908929065,0.008725417841525307
2089,0.7996066468247303,0.41388938979785805,0.01067975616663245,0.04891514464782827,3.090678594250484,2.3328527506516186,2.1386817848547084,0.1941709657969103,1.5866613489929597,0.9519968093957758,0.6346645395971839,0.07683141063003673,0.053410297742896254,0.06735029208561447,1.196226831526309,0.16691226153387903,0.008622049514409206,0.8129821532739954,0.41615226406218164,0.0021731417327879726,0.049733379176859646,3.196317020936462,2.415216829141904,2.227718662088911,0.18749816705299294,1.6143305980792524,0.9685983588475509,0.6457322392317015,0.07457271765426464,0.05149683816131704,0.06532798192666318,1.2096234355032978,0.15759865863985625,0.008724499357091523
2090,0.7995716484016203,0.4138084051267481,0.010611961303842204,0.04891300330983399,3.092047281275774,2.333326923994294,2.1392973552006085,0.1940295687936856,1.58791654345861,0.952749926075166,0.635166617383444,0.07680032469170593,0.05338396318251576,0.06731781445218873,1.1964085677432637,0.16690029813038443,0.008621116653328115,0.8129573414219625,0.4160715107971376,0.0021246269636418028,0.04973186102332166,3.197735286191225,2.4157854357804305,2.2284389048355497,0.18734653094488088,1.6154939689261263,0.9692963813556753,0.646197587570451,0.0745398526172819,0.05146899643134836,0.06529444235131952,1.2098212777796045,0.15758761467302637,0.008723613958766304
2091,0.7995330654329762,0.4137369494051973,0.010533008199634583,0.04891064271381905,3.09319864057597,2.333686456974948,2.1397751093001265,0.19391134767482132,1.5890392187930729,0.9534235312758437,0.6356156875172292,0.07677486724738894,0.053362396820343744,0.06729081445022908,1.196557452385304,0.1668884376461466,0.008620245561987731,0.8129278786713856,0.41600037170711074,0.002062648717500476,0.04973005837481072,3.1989293243624206,2.4162272180300324,2.2290077001716773,0.18721951785835494,1.6165360403179065,0.9699216241907435,0.6466144161271631,0.07451278066018524,0.05144606232908022,0.06526646931466741,1.209984310484896,0.15757669818341677,0.00872278757724259
2092,0.799495154810769,0.41367225715948464,0.010449502889024964,0.048908323271840706,3.0942075564370892,2.333989250164538,2.1401824104368727,0.19380683972766516,1.5900419100003609,0.9540251460002166,0.6360167640001443,0.07675258114241723,0.05334351706928788,0.0672670813405431,1.1966878297998758,0.1668764560193661,0.008619438302668076,0.8128981827206131,0.4159360640543897,0.001994107458552094,0.049728241480516126,3.1999762969781114,2.4166028299881743,2.229495489765876,0.18710734022229847,1.6174680120203928,0.9704808072122353,0.6469872048081575,0.07448906524150087,0.051425971729959594,0.06524187530163542,1.2101271768672048,0.15756569281918703,0.008722021806845087
2093,0.7994645109112788,0.4136146928896203,0.01036494942907551,0.04890644836449094,3.0951333154647283,2.334282469099693,2.140571265487241,0.19371120361245164,1.5909367499624785,0.9545620499774872,0.6363746999849913,0.07673195969486891,0.053326047538536876,0.06724527177111732,1.1968085019281869,0.16686540407639186,0.008618739063346733,0.8128750176279359,0.4158789431083535,0.0019226686648460556,0.04972682410123198,3.2009372757764867,2.416961666269343,2.2299567673590013,0.1870048989103418,1.618300847362476,0.9709805084174853,0.6473203389449907,0.07446720653866999,0.05140745405410845,0.06521932730904999,1.21025889726419,0.1575555777331034,0.00872136099377686
2094,0.7994417684832557,0.4135636466921718,0.010280593744218906,0.048905056792768145,3.09599553002992,2.3345765548584825,2.1409539437408283,0.19362261111765425,1.5917359771484862,0.9550415862890917,0.6366943908593945,0.07671253949979574,0.05330959565298292,0.06722493212657538,1.1969221738162679,0.166855945137329,0.008618146409313902,0.8128591167150104,0.41582837616636004,0.0018497476183041012,0.04972585106828836,3.2018326589298263,2.4173154027729393,2.230405199238737,0.1869102035342026,1.6190457661518158,0.9714274596910892,0.6476183064607266,0.07444671825794813,0.05139009733609591,0.0651983565737567,1.2103823936975797,0.1575469615951428,0.008720803853186321
2095,0.7994225395292229,0.41351774683432985,0.010195008615408611,0.04890388011358669,3.0967789685107765,2.3348504301887445,2.141308528632603,0.19354190155614157,1.5924507331302888,0.9554704398781733,0.6369802932521156,0.07669476500438012,0.05329453792759678,0.06720638829765209,1.1970262378148204,0.1668479751995304,0.008617621001925356,0.8128461463702771,0.4157829670983609,0.0017741211157494274,0.04972505726588075,3.2026471568636063,2.417643370460608,2.230819349135825,0.18682402132478299,1.6197130128796362,0.9718278077277814,0.6478852051518548,0.07442799696372795,0.05137423752682155,0.06517925244155978,1.2104952682744377,0.15753973797277418,0.008720311392330655
2096,0.7993988395825602,0.4134738758133329,0.010105792827422196,0.048902429895370636,3.0974562697485672,2.335071455709934,2.1416021691147042,0.19346928659522947,1.5930901677231046,0.9558541006338628,0.6372360670892419,0.07667913673554376,0.053281298385494696,0.06718999805650416,1.197117755976104,0.16684032012726968,0.008617085753119251,0.8128281357379668,0.41573957360035113,0.001693647095925066,0.04972395509526614,3.2033530303542714,2.4179129953503082,2.2311664658348347,0.18674652951547335,1.620310940865728,0.9721865645194365,0.6481243763462914,0.07441149383825797,0.0513602568468906,0.06516233486672107,1.2105947919794087,0.1575328013489245,0.008719806645150511
2097,0.79937548958709,0.4134373412305363,0.010014589721197495,0.04890100107557333,3.0980125067455635,2.335227845215742,2.1418159554251797,0.19341188979056248,1.593660918867306,0.9561965513203837,0.6374643675469224,0.07666704554589468,0.05327105529228332,0.06717701368784276,1.1971885738372556,0.16683416193373615,0.0086166175645575,0.8128100724861085,0.4157035316235738,0.0016101105801056836,0.04972284969324285,3.2039351761596775,2.418112746191732,2.2314278918036283,0.18668485438810406,1.6208454739267486,0.9725072843560489,0.6483381895706997,0.0743985529840896,0.051349293957437314,0.06514881856407215,1.2106728480977405,0.15752728666513233,0.008719368534178455
2098,0.7993576504903709,0.41341199383658167,0.009923966612282877,0.04889990938674447,3.098452284504873,2.3353237928290476,2.141950329566077,0.19337346326297045,1.5941699248979933,0.956501954938796,0.6376679699591973,0.07665907550744908,0.053264303446595176,0.06716796827783184,1.1972352602204994,0.16683051802913423,0.00861628255683014,0.8127972625368383,0.415678714264509,0.0015262000679578391,0.04972206566115925,3.2043984628202904,2.4182474053792773,2.2316046982015134,0.1866427071777637,1.6213229410312955,0.972793764618777,0.6485291764125185,0.07438973402118051,0.05134182294244813,0.06513921788085131,1.2107260495395908,0.15752416649643136,0.008719064583905253
2099,0.7993458489129172,0.4133971015786408,0.009835104683770628,0.048899187056229754,3.098792705246776,2.335370039429502,2.142018027743015,0.19335201168648697,1.594624462506268,0.9567746775037608,0.6378497850025072,0.07665473021733532,0.05326062231901737,0.06716239609517949,1.1972607158075115,0.166829267958997,0.008616077536237396,0.8127902931583411,0.4156643878796486,0.0014432310421706035,0.049721638936573255,3.2047605267002663,2.418328473448753,2.2317104670389467,0.18661800640980597,1.6217500994355336,0.9730500596613199,0.6487000397742138,0.0743845377844612,0.051337420932504596,0.06513306728289456,1.2107573993376,0.15752332799641922,0.008718891692906343
2100,0.7993373026226825,0.41338830404291055,0.009749482191209483,0.048898663893362886,3.099063311359065,2.335385281039021,2.1420445997361304,0.1933406813028908,1.5950311860382245,0.9570187116229346,0.6380124744152899,0.0766525654868631,0.053258788460096296,0.06715896389740209,1.197273397774968,0.16682930341022234,0.008615946657128034,0.8127863671860528,0.41565617026300605,0.001362846975693631,0.04972139841552355,3.205051650310298,2.4183755369439592,2.2317717614361094,0.18660377550784993,1.6221331481236483,0.9732798888741887,0.6488532592494596,0.07438153925288427,0.05133488071608826,0.06512905266830041,1.2107754909753248,0.1575237174798296,0.008718792954148447
2101,0.7993341783414747,0.41338379654407886,0.009669520249301629,0.0488984724477942,3.099306225228618,2.3354027150982155,2.142068908453255,0.19333380664496042,1.5953955279589382,0.9572373167753628,0.6381582111835754,0.0766511352431894,0.05325757682421183,0.06715637612094022,1.1972817769842092,0.166830492269757,0.008615887377171593,0.8127876605321785,0.4156522434237551,0.0012875436403492618,0.04972147721008077,3.2053148313802065,2.4184227909153133,2.2318285673311102,0.1865942235842032,1.622477106748494,0.9734862640490961,0.6489908426993979,0.07437932353442059,0.051333003662513504,0.06512590699851328,1.2107888599679266,0.15752519826451414,0.008718764988649066
2102,0.7993400743941343,0.41338283352162997,0.009597162380008177,0.048898832837149214,3.0995637408448866,2.3354567969914455,2.142130054346083,0.19332674264536254,1.5957228108313393,0.9574336864988034,0.6382891243325358,0.07664915100208246,0.05325589586748199,0.06715348852544609,1.197293402080907,0.16683322031080527,0.008615915404209303,0.8127977721039613,0.415651847158511,0.0012192721227940462,0.049722095473717795,3.205593108886966,2.4185055464342278,2.231920951978918,0.18658459445530987,1.6227869281800802,0.9736721569080479,0.6491147712720323,0.07437663515530518,0.051330726192829725,0.06512251571814588,1.2108050813685636,0.15752811571284844,0.008718822687370774
2103,0.7993575733407776,0.4133838319803376,0.009533588564717012,0.0488999030387644,3.099879073392325,2.3355818843801552,2.142267946616106,0.19331393776404945,1.596018544627032,0.9576111267762191,0.638407417850813,0.07664517010163538,0.05325252343387306,0.067149011410085,1.1973167259057411,0.16683765083632435,0.00861603273091147,0.8128192377937196,0.4156533697542833,0.001159195747389763,0.04972340832919859,3.205930315747967,2.4186588684178045,2.2320896418782485,0.1865692265395559,1.6230677897828645,0.9738406738697184,0.6492271159131461,0.07437207016350422,0.051326858944206265,0.0651176236127301,1.2108326273502499,0.15753259827796606,0.008718966726809817
2104,0.7993874220968797,0.41338733745978873,0.009478603600565197,0.048901728733470734,3.100255715853501,2.335778702014455,2.1424827929540107,0.19329590906044422,1.5962882048324845,0.9577729228994906,0.6385152819329939,0.07663927167300978,0.05324752655962278,0.06714300133271313,1.197351286583257,0.16684446217516707,0.00861624881304307,0.8128527635490906,0.41565733957941653,0.0011070829200478458,0.04972545895146801,3.206329555049646,2.4188832804683007,2.2323346400316533,0.18654864043664743,1.6233248583633217,0.9739949150179928,0.6493299433453289,0.07436570979028764,0.051321470731994945,0.06511129043156014,1.210871009723315,0.157539263608538,0.008719206199658498
2105,0.7994254059010476,0.41339303070780276,0.009429647406209836,0.048904052097125894,3.100664397551462,2.3360178497921784,2.142742276290295,0.19327557350188346,1.5965368687686121,0.9579221212611672,0.638614747507445,0.07663237578735904,0.05324168468619712,0.06713623225004227,1.1973916949800651,0.16685341048129973,0.008616534689504416,0.8128940877698104,0.4156634264912667,0.0010604136548998527,0.04972798665135213,3.206760540340038,2.4191486119925134,2.2326227851979534,0.18652582679455995,1.623562925236808,0.9741377551420846,0.6494251700947234,0.07435844711243525,0.05131531812928458,0.06510426893509469,1.2109148410556425,0.15754787537138973,0.008719512250717484
2106,0.799470215898332,0.413399578606057,0.009386705354659255,0.04890679309113015,3.101111271394425,2.336301538672031,2.143050313551249,0.19325122512078205,1.5967682630719604,0.9580609578431761,0.6387073052287843,0.07662415846995274,0.05323472335728052,0.06712839238936066,1.1974398513518196,0.16686351925089135,0.008616870435216053,0.8129418687870933,0.41567028766547637,0.0010192629875154652,0.04973090938313334,3.2072292941075666,2.4194570910597926,2.2329580239473135,0.1864990671124791,1.6237854502670892,0.9742712701602532,0.649514180106836,0.07434996552250864,0.05130813292098661,0.06509625517937997,1.2109660339711432,0.15755751748333352,0.008719864492309388
2107,0.7995198069773557,0.4134050718787176,0.009350928011174924,0.04890982661484851,3.1016023498969476,2.336631627839494,2.1434110619302893,0.19322056590920478,1.596985479944431,0.9581912879666584,0.6387941919777725,0.07661419929853291,0.053226286410700235,0.06711908089643452,1.1974982224143729,0.16687403399520317,0.00861722645473871,0.812994019348721,0.4156760033125111,0.0009848588044965717,0.049734099468319505,3.2077416994330825,2.4198105831956562,2.2333445320344034,0.1864660511612527,1.6239952789977992,0.9743971673986791,0.6495981115991201,0.07433985408008256,0.051299566977495714,0.06508685793263279,1.2110270717221143,0.15756747602876087,0.008720232749977757
2108,0.7995730069114664,0.41340940073732496,0.00932393669264174,0.04891308095857372,3.102130316055421,2.3370001418166035,2.143815780048146,0.1931843617684573,1.597190893345459,0.9583145360072753,0.6388763573381837,0.07660274418852085,0.05321658217455759,0.06710850069560749,1.1975653704642202,0.16688475378922427,0.008617594499170319,0.8130493676462192,0.4156804691033732,0.0009588927633419064,0.0497374852228894,3.208290090841874,2.4202009291075703,2.2337733578612164,0.18642757124635373,1.6241945549677632,0.9745167329806576,0.6496778219871057,0.07432835217706601,0.051289823100497164,0.06507627582348181,1.2110965128119084,0.15757756411171317,0.008720608957685007
2109,0.7996327490363926,0.41341274984657483,0.009309154143612497,0.048916735567053865,3.1027192543148017,2.3374279115145082,2.144287411078878,0.19314050043563027,1.5973864053932063,0.9584318432359237,0.6389545621572826,0.07658913569749949,0.0532050536942307,0.0670960785822839,1.1976451541439945,0.16689558577381056,0.00861799436842448,0.8131108673892103,0.4156838726496879,0.0009448429953637025,0.0497412473380763,3.208898975968658,2.420649455421997,2.23426799216852,0.1863814632534771,1.6243849730002309,0.9746309838001381,0.6497539892000928,0.07431482234458231,0.05127836125602303,0.06506395341712432,1.211178210618828,0.15758769707984774,0.00872101271450917
2110,0.7997024274877758,0.41341570162227975,0.00930886382945964,0.04892099805049807,3.103392930785119,2.3379356593860297,2.144848341988421,0.193087317397609,1.5975743146611643,0.9585445887966983,0.6390297258644659,0.07657279583716232,0.05319121132492281,0.06708131413196722,1.197740969703399,0.16690706210553663,0.008618452231551823,0.8131819172754428,0.4156867896653368,0.0009449720373253395,0.04974559370325374,3.209592484692983,2.4211773039220708,2.234851295186153,0.18632600873591743,1.6245686491780502,0.9747411895068298,0.6498274596712205,0.07429870522226714,0.051264707580002324,0.06504940665432661,1.2112755502674815,0.15759836638773642,0.0087214698473309
2111,0.7997787395673085,0.4134189266585456,0.009320841093649467,0.04892566634125522,3.1041172659614507,2.3384918913187605,2.145462844745889,0.19302904657287168,1.5977573686926032,0.9586544212155617,0.6391029474770415,0.07655490086744815,0.05317605153931716,0.06706522475449452,1.1978459273906719,0.16691966244134607,0.008618953545405062,0.8132591949426559,0.4156898848244621,0.000957040792639613,0.04975032104800555,3.2103356128464866,2.421752230659748,2.235486712217287,0.18626551844246092,1.6247481677153335,0.9748489006291997,0.6498992670861338,0.07428114219914009,0.051249829004098274,0.06503362414864311,1.2113816458537245,0.15761001444203565,0.008721966268437673
2112,0.7998521922734705,0.4134217475092367,0.009339254585852184,0.04893015971719601,3.104820037293957,2.3390299605326663,2.1460576094518746,0.1929723510807918,1.5979373797368044,0.9587624278420823,0.6391749518947221,0.07653754060281025,0.05316134473096984,0.06704960344763924,1.197947772004043,0.16693260018160444,0.008619433493054066,0.8133331800266594,0.4156924818639715,0.0009753055246685474,0.049754846976550596,3.2110545092901277,2.4223062057927103,2.2360993953307293,0.18620681046198087,1.6249251899323314,0.9749551139593985,0.6499700759729329,0.07426415485519378,0.05123543811680713,0.06501834220503531,1.2114842870657332,0.1576219103102839,0.00872243812203693
2113,0.7999144782545177,0.4134230014592776,0.009359056568822341,0.048933970013709416,3.1054433468180758,2.3394967570703282,2.146574898687385,0.19292185838294326,1.598114080217818,0.9588684481306905,0.6392456320871275,0.07652226061508463,0.053148400236417634,0.06703577295075364,1.1980374314107856,0.16694436822672912,0.00861983032838393,0.8133955749739245,0.4156934346870208,0.0009948688520530768,0.04975866392383273,3.21169013120777,2.4227851816871366,2.236630547041112,0.18615463464602458,1.6250993069444302,0.9750595841666578,0.6500397227777723,0.074249234913824,0.051222798636772954,0.06500483903139848,1.2115744554183174,0.15763266298899753,0.00872282469904772
2114,0.7999615753163151,0.4134213431452316,0.009377308633246373,0.048936851204112806,3.105966931301269,2.339873744911375,2.1469955905931055,0.1928781543182697,1.5982855678469396,0.9589713407081636,0.6393142271387761,0.07650942155577012,0.05313752358282755,0.06702403378471361,1.1981127816373185,0.1669536168360165,0.008620107236364392,0.813442399781905,0.41569142179546437,0.0010129131028715904,0.04976152844423598,3.212222007462686,2.4231705263546486,2.2370609127158234,0.18610961363882517,1.625268491244772,0.9751610947468629,0.650107396497909,0.07423672445944365,0.05121220036199159,0.06499340026230382,1.2116500756649629,0.15764103015280795,0.008723089850540294
2115,0.7999945533539332,0.41341661062911644,0.009393710278560743,0.04893886874670621,3.1064002208647903,2.340170610425191,2.1473306251894853,0.19283998523570556,1.5984493261255084,0.9590695956753048,0.6393797304502036,0.07649866904733686,0.05312841455804715,0.06701408592171722,1.1981758958260404,0.1669598945236033,0.008620269425575516,0.8134748027103875,0.41568631146912693,0.0010291896507711312,0.04976351078992789,3.212660052522607,2.423472448166474,2.2374019792766013,0.18607046888987255,1.6254301220766758,0.9752580732460052,0.6501720488306706,0.07422627566929775,0.0512033486332108,0.06498373180741385,1.2117132435418287,0.15764660821464604,0.008723239347309206
2116,0.800015364650296,0.4134086869812045,0.00940886727159082,0.04894014205972971,3.106759955083005,2.340403411421437,2.1475979725727585,0.19280543884867862,1.5986033041837444,0.9591619825102464,0.639441321673498,0.07648944627941086,0.053120601458238555,0.06700545308861905,1.1982300378211732,0.1669632126450243,0.008620327959267402,0.8134948115688306,0.41567800996450327,0.0010443204188891955,0.049764734999397264,3.2130216884146297,2.423707684204233,2.237672446167979,0.18603523803625416,1.6255820704110855,0.975349242246651,0.6502328281644345,0.0742173428076513,0.05119578112851156,0.06497536696651207,1.211767253765926,0.15764941907385896,0.00872328462464117
2117,0.8000278070526472,0.4133982082341853,0.00942443254970747,0.048940903452737154,3.1070704661974538,2.34059545983615,2.1478228381801965,0.19277262165595377,1.5987460466954293,0.9592476280172574,0.6394984186781719,0.07648109777243584,0.05311352899162419,0.0669975817717891,1.1982790530301646,0.16696401959785118,0.008620311998961641,0.813506304637604,0.41566717088757743,0.0010599499151559902,0.049765438302654036,3.2133321115723543,2.4239003713302547,2.2378984161621087,0.1860019551681462,1.6257228256837433,0.9754336954102457,0.6502891302734976,0.07420928500626277,0.051188954934142175,0.06496776447122726,1.211815978586639,0.15764989070447022,0.008723255142403435
2118,0.8000355471973107,0.4133864455524977,0.009441888025483958,0.04894137719868534,3.1073483232248207,2.3407632181021634,2.1480221211629713,0.19274109693919206,1.598877003436416,0.9593262020618494,0.6395508013745665,0.07647331542143215,0.05310693614600287,0.0669902245620948,1.198324749002905,0.16696315302611237,0.008620255524595569,0.8135130181857754,0.4156550753784717,0.0010775286043354093,0.0497658492324273,3.2136085476358827,2.4240675909320393,2.238097465210149,0.1859701257218902,1.6258518040428902,0.9755110824257339,0.6503407216171563,0.07420179925158071,0.05118261335112255,0.06496068088148252,1.2118612489007279,0.15764881128272407,0.008723185230583394
2119,0.8000391042793238,0.4133749876289304,0.009461026119006025,0.048941595029709684,3.107580104266164,2.3408960441595688,2.1481822567468223,0.19271378741274667,1.5989964125322367,0.9593978475193419,0.6395985650128948,0.07646675088256201,0.05310137497415063,0.06698396623943562,1.1983632978511998,0.16696146140264112,0.008620175852525516,0.8135155266546517,0.41564331999731174,0.0010968324596629803,0.049766002900588226,3.213837548735979,2.4241986941552303,2.2382560123705257,0.18594268178470444,1.6259692272757562,0.9755815363654535,0.6503876909103027,0.07419551354734631,0.05117728839499822,0.06495468061600276,1.2118992653041367,0.15764697944514133,0.008723092963162286
2120,0.8000363039102005,0.4133645948466111,0.009479392853242896,0.048941423918704235,3.107738817221703,2.340970222951752,2.148276061940776,0.19269416101097592,1.599104592134878,0.9594627552809267,0.6396418368539514,0.07646233391782208,0.05309763312716488,0.0669796207002205,1.1983892373580773,0.1669591694048073,0.008620066280783314,0.8135116941147892,0.4156326699471565,0.001115424401890719,0.04976576863286841,3.2139918238357152,2.4242697036254004,2.238346577908249,0.1859231257171513,1.6260754098791106,0.9756452459274662,0.6504301639516444,0.07419132266013655,0.05117373807037561,0.06495054776978705,1.2119246138336925,0.1576446122597678,0.00872297241387275
2121,0.8000245111981263,0.41335542729087377,0.009493693935468311,0.04894070268237255,3.1078000563359596,2.3409640273334333,2.1482792201139014,0.1926848072195321,1.5992013937034306,0.9595208362220582,0.6396805574813724,0.07646081542442404,0.05309634673022062,0.06697784049601402,1.1983981553423773,0.16695606666240875,0.00861991193068927,0.8134989234067738,0.4156232923152822,0.0011300453608447947,0.0497649875543192,3.2140467529089367,2.424258703879491,2.2383446282804424,0.18591407559904882,1.6261702077141573,0.9757021246284941,0.6504680830856632,0.074189946644633,0.051172572374073404,0.06494890870576679,1.211932936936566,0.15764152296312323,0.008722809398528555
2122,0.8000034337330619,0.41334747490974605,0.009502349974073343,0.04893941344239245,3.1077610390792803,2.340875299877233,2.148189345135653,0.19268595474157993,1.5992861565727128,0.9595716939436275,0.6397144626290853,0.07646226505037758,0.05309757478587063,0.06697868806074214,1.198389641771144,0.1669519332157364,0.008619710906452064,0.8134769610717318,0.41561518418214166,0.00113914481339622,0.04976364416948639,3.213999773301609,2.4241637361952635,2.2382479903271513,0.18591574586811233,1.6262529716240965,0.9757517829744576,0.6505011886496389,0.07419144656200749,0.05117384303427493,0.06494981844832708,1.2119238643530768,0.15763751471850582,0.008722602359349622
2123,0.7999704043764396,0.41334015122472056,0.009503342051065969,0.04893739304274039,3.107605249632803,2.340688950820988,2.147990313035571,0.19269863778541707,1.599358227662054,0.9596149365972322,0.6397432910648218,0.0764670739275008,0.05310164864278999,0.06698249616487426,1.1983614006871566,0.16694654336097342,0.008619441493224295,0.8134431671965417,0.4156077682261637,0.0011407368936668522,0.04976157698783218,3.2138342705276672,2.4239696212377786,2.2380404305220476,0.18592919071573097,1.6263230666760333,0.9757938400056198,0.6505292266704136,0.0741961946674826,0.05117786540828201,0.06495359385864849,1.2118951456020257,0.15763238221038262,0.008722330037959152
2124,0.7999267026267048,0.4133327930199686,0.00949622979878225,0.04893471977198941,3.1073504617594705,2.340420928158116,2.147700570296789,0.19272035786132735,1.5994164857711366,0.9596498914626818,0.6397665943084548,0.07647458894740496,0.053108015017943946,0.06698869443619607,1.1983172707525283,0.1669395596749991,0.008619105713564255,0.8133988649625162,0.4156003916184581,0.001134403085028858,0.04975886697022159,3.2135686950471185,2.423692914507764,2.2377410589784756,0.18595185552928864,1.6263793934477384,0.9758276360686429,0.6505517573790955,0.07420355097055899,0.0511840973259253,0.06495967562164907,1.2118506547981043,0.1576258168840561,0.008721994465209874
2125,0.7998790194224665,0.4133254137147816,0.009483370857967716,0.048931802943624855,3.107053201980331,2.340122525704696,2.1473770953487135,0.1927454303559823,1.5994601777193636,0.959676106631618,0.6397840710877456,0.07648311045483254,0.0531152340424912,0.06699581472215545,1.198267235655719,0.16693134372376162,0.008618745088953113,0.8133507916252789,0.4155930716097127,0.0011224504309920377,0.04975592626347236,3.2132609971013295,2.423386179644926,2.237408260844049,0.18597791880087683,1.6264212270954679,0.9758527362572805,0.6505684908381874,0.0742118647132618,0.051191140341866004,0.06496663662899177,1.211800378579822,0.15761815675257612,0.008721636568281996
2126,0.799834466979702,0.4133186814751525,0.009467741464459799,0.04892907761940493,3.1067670141740433,2.339842235097516,2.1470730358748913,0.19276919922262492,1.5994899638319209,0.9596939782991523,0.6397959855327686,0.0764911538825965,0.0531220480601947,0.06700257900688356,1.1982200126965694,0.16692298079567516,0.008618409569177305,0.8133060781497756,0.41558646863981735,0.001107745894678304,0.04975319107622102,3.212965908445747,2.4230989509843184,2.237096350819161,0.18600260016515732,1.626449262710977,0.975869557626586,0.650579705084391,0.07421969757762802,0.05119777598005741,0.06497323754688952,1.2117530154184823,0.15761040573358936,0.00872130554679831
2127,0.7997943538749785,0.4133130589051051,0.009449794300835625,0.04892662382642682,3.1064990364991014,2.3395858477070637,2.1467943199923,0.1927915277147638,1.5995078608446691,0.9597047165068012,0.6398031443378679,0.07649861352811738,0.05312836752474796,0.06700889503300266,1.1981762214910399,0.16691537562279074,0.008618111362084086,0.8132660181197964,0.4155810323944736,0.001090664015839328,0.049750740518411614,3.212690672224478,2.4228370827263133,2.2368113409825776,0.18602574174373585,1.6264655520698343,0.9758793312419004,0.6505862208279339,0.07422694744030561,0.05120391772634804,0.06497938895060981,1.2117091818393355,0.15760339626413603,0.00872101334421707
2128,0.7997595505943796,0.41330884428359504,0.009429658063060946,0.04892449481577466,3.106254563945181,2.3393573016269897,2.1465449966240624,0.19281230500292756,1.599515945535198,0.9597095673211186,0.6398063782140794,0.0765054142688483,0.05313412879582509,0.06701469455839872,1.19813630199174,0.16690881606317298,0.00861785850603309,0.8132314665549067,0.41557704856891353,0.0010713075657107218,0.04974862689507934,3.212440657903261,2.422604552177086,2.2365573376111754,0.18604721456591056,1.6264722004868102,0.9758833202920859,0.6505888801947243,0.07423354110290672,0.051209503570469876,0.06498502410476668,1.2116693193438446,0.1575973903821721,0.00872076775083314
2129,0.7997306994224965,0.41330621077475016,0.009407708498403423,0.04892272988088863,3.106038339949318,2.339159933340708,2.1463285832889856,0.19283135005172244,1.5995162611005542,0.9597097566603324,0.6398065044402218,0.07651147741439243,0.053139265210583715,0.06701990466397338,1.1981007150287297,0.16690346524232247,0.008617656516867704,0.813203045631563,0.41557467820246946,0.001050038418713574,0.04974688826957836,3.2122206365627592,2.4224046965472135,2.236337872313293,0.18606682423392049,1.6264712737491105,0.9758827642494662,0.6505885094996443,0.07423940261590162,0.051214469171515696,0.06499007236431142,1.21163388600611,0.15759253470870965,0.008720574008418204
2130,0.7997082708514164,0.41330523123311924,0.009384597498879613,0.04892135780717355,3.105854731741376,2.3389966828193587,2.146148266816377,0.19284841600298164,1.5995107748749984,0.9597064649249989,0.6398043099499995,0.07651671858025814,0.05314370528240929,0.06702444639950264,1.1980699548205056,0.1668994272348197,0.008617508957103765,0.813181201193085,0.4155739823418994,0.0010275001972463796,0.04974555191943811,3.2120349598627973,2.422240421346774,2.23615610656249,0.18608431478428364,1.6264647555005123,0.9758788533003072,0.6505859022002051,0.07424445126594889,0.05121874615289855,0.06499445790346292,1.21160336867314,0.15758892047895157,0.008720435377604203
2131,0.7996925536412686,0.4133058918258383,0.009361158341157944,0.04892039626353345,3.1057074754035074,2.338869891961944,2.1460066644688385,0.19286322749310575,1.5995013515577818,0.959700810934669,0.6398005406231129,0.07652105697240989,0.05314738056635469,0.06702824309793312,1.1980444945250213,0.16689675886137456,0.008617417495085966,0.8131661935074068,0.4155749357122541,0.0010045218631883276,0.04974463377055936,3.211887304703246,2.4221139986660036,2.2360145925897994,0.18609940607620407,1.626454520189078,0.9758727121134467,0.6505818080756314,0.07424861046645312,0.05122226963401878,0.0649981076891638,1.2115782292676982,0.15758659452393017,0.008720353206672018
2132,0.7996836334610741,0.4133081032040726,0.009338281706817844,0.04891985049556265,3.1055993517225007,2.3387810379607368,2.1459055154443463,0.19287552251639073,1.5994897271302573,0.9596938362781543,0.639795890852103,0.07652442637730156,0.05315023496938481,0.06703123013006237,1.1980247218077196,0.16689547118550993,0.008617381871618562,0.8131580768903858,0.4155774380984093,0.0009819929119829485,0.049744137150509696,3.2117803483313785,2.4220268001381493,2.2359149642083875,0.1861118359297619,1.6264423068716516,0.9758653841229908,0.6505769227486607,0.0742518182889236,0.051224987151940876,0.065000960842533,1.211558841197866,0.15758556085627992,0.008720326911926738
2133,0.7996813816594793,0.413311707115671,0.009316803811060002,0.048919712638519096,3.1055319991252817,2.3387305864454913,2.1458455104596137,0.1928850759858774,1.5994774811094465,0.9596864886656679,0.6397909924437787,0.0765267813117019,0.053152229960222744,0.06703336041450526,1.1980109028245547,0.16689552797774113,0.008617399888857359,0.8131566896084834,0.4155813212273152,0.000960750988944617,0.049744052170744485,3.2117155842483824,2.421979152972,2.2358577693108446,0.1861213836611551,1.6264296915625636,0.975857814937538,0.6505718766250256,0.07425403328738898,0.05122686359556656,0.06500297386904746,1.2115454542249204,0.1575857794671779,0.008720353979194486
2134,0.7996854730285996,0.4133164830285437,0.009297441636118675,0.048919962803887204,3.1055059741757387,2.338718067157868,2.1458263685775,0.19289169858036775,1.5994660093303978,0.9596796055982386,0.6397864037321592,0.07652809576978475,0.053153343507942666,0.06703460351998033,1.1980031896339365,0.1668968461739541,0.008617467578867395,0.813161672873919,0.4155863556470614,0.0009415167553175757,0.04974435688849615,3.211693391384976,2.421970423520804,2.2358425551881735,0.18612786833263062,1.626418060328004,0.9758508361968024,0.6505672241312017,0.07425523314313554,0.051227880057520145,0.06500411966826544,1.2115382027114987,0.15758716696942834,0.008720430141510326
2135,0.7996954356301385,0.4133221645649399,0.009280781699801621,0.04892057212719016,3.1055209783044817,2.3387423055194807,2.145847076502635,0.19289522901684553,1.5994565030030778,0.9596739018018465,0.6397826012012313,0.07652835862322908,0.053153566185148916,0.06703494198315516,1.198001647225654,0.1668993031803047,0.008617579657802712,0.8131725219975894,0.415592267376953,0.0009248822255201461,0.049745020435751644,3.211713272969728,2.4219992597031568,2.2358681196477357,0.18613114005542106,1.6264085888699875,0.9758451533219924,0.6505634355479951,0.07425541008754155,0.05122802995658689,0.06500438386145292,1.2115371333183724,0.15758960360711424,0.00872054984087486
2136,0.7997107089123611,0.4133284633967884,0.009267296611715756,0.04892150632286901,3.105576078002315,2.3388016491607346,2.145906114105036,0.1928955350556986,1.599449939828798,0.9596699638972787,0.6397799759315194,0.07652757058379794,0.053152898594813994,0.06703436903812833,1.198006271360373,0.16690274946851294,0.008617730097657903,0.8131886457595432,0.41559876193754364,0.0009113268296476601,0.04974600665081548,3.2117740883131716,2.4220638276967437,2.235932747683668,0.1861310800130757,1.6264022343825066,0.9758413406295039,0.6505608937530027,0.07425456785292273,0.05122731645461091,0.06500376249930098,1.211542223445584,0.15759294516211736,0.008720706807249241
2137,0.7997306819178257,0.4133350929815576,0.009257358421453844,0.0489227280212171,3.1056697643832445,2.3388940429686773,2.1460015118062103,0.19289253116246718,1.5994470876283904,0.9596682525770341,0.6397788350513562,0.07652574616568557,0.05315135303268786,0.06703289062650769,1.1980169770550357,0.16690702169468313,0.008617912573365097,0.8132094056168403,0.4156055481259875,0.0009012303642554828,0.04974727647642685,3.211874119888271,2.4221618932959563,2.2360342758305727,0.18612761746538364,1.6263997400961645,0.9758398440576986,0.6505598960384659,0.07425272346710987,0.05122575397677813,0.06500226391822485,1.2115533703841903,0.15759703530412175,0.00872089451316697
2138,0.7997546990249667,0.4133417880501401,0.009251234416780718,0.04892419711933221,3.1057997880918835,2.339016893826359,2.1461306789424137,0.19288621488394542,1.5994485152491165,0.9596691091494698,0.6397794060996467,0.0765229218342375,0.05314896039051434,0.06703053267761547,1.1980335507483209,0.16691195260301714,0.008618120671228646,0.8132341221634136,0.41561235748823727,0.0008948686575411952,0.04974878835465109,3.212010910204588,2.422290687852463,2.2361699218786386,0.1861207659738242,1.6264016472099159,0.9758409883259495,0.6505606588839664,0.07424991504188061,0.05122337480961299,0.06499991570544554,1.2115703442248995,0.1576017149198906,0.008721106390775737
2139,0.7997820415568604,0.41334831926554166,0.009249066466676475,0.04892586965595437,3.1059628428624646,2.3391667943465877,2.1462900807449454,0.19287671360164244,1.5994546035291985,0.959672762117519,0.6397818414116796,0.07651916792485461,0.053145780253172015,0.06702735158540517,1.1980555803108148,0.16691737610750715,0.008618347905188315,0.8132620572985804,0.41561895897527046,0.0008923930955632431,0.049750497135961955,3.212180943508472,2.422446629757951,2.2363359593555074,0.18611067040244336,1.6264083069216069,0.9758449841529642,0.6505633227686427,0.07424621322159985,0.05122023879973407,0.06499677476971688,1.21159271861422,0.1576068269586453,0.00872133585788017
2140,0.7998119072397157,0.4133545008862551,0.009250845234386268,0.04892769655496093,3.10615430687997,2.339339294309493,2.14647497598738,0.19286431832211348,1.5994655514876508,0.9596793308925903,0.6397862205950605,0.07651459764891073,0.05314190852806858,0.06702344208592087,1.1980824021035774,0.16692312767469084,0.008618587657867775,0.8132923941706294,0.4156251666321548,0.0008938052073712843,0.04975235285241311,3.2123793861160346,2.4226250944031467,2.236527453502537,0.1860976409006098,1.6264198876891622,0.9758519326134975,0.6505679550756648,0.07424172981358584,0.05121644066509843,0.0649929348946394,1.2116198184996076,0.15761221690222227,0.00872157626701037
2141,0.7998434090103298,0.41336019322177825,0.009256393686733644,0.0489296235526127,3.1063682052116555,2.3395288684819286,2.146679378539558,0.1928494899423704,1.599481377786829,0.9596888266720973,0.6397925511147318,0.07650936858311407,0.05313747870685839,0.0670189385754267,1.1981130921031116,0.166929043324431,0.008618833195380565,0.8133242364407305,0.4156308420959171,0.0008989404408972224,0.04975430067280744,3.2126000520086992,2.4228203843135248,2.236738225356076,0.18608215895744876,1.6264363777543718,0.9758618266526232,0.6505745511017486,0.07423661914772382,0.051212111146803185,0.064988527941714,1.2116507117778785,0.15761773192678918,0.008721820924200721
2142,0.7998756105586368,0.4133653054764105,0.009265375853308055,0.04893159337202013,3.1065974810332087,2.339729162942613,2.1468963279470814,0.19283283499553164,1.5995019218102122,0.9597011530861272,0.639800768724085,0.0765036749741179,0.053132655346266974,0.06701400848631225,1.198146510909708,0.1669349614622315,0.00861907791309963,0.8133566442833915,0.41563589746747315,0.000907476836667212,0.04975628310517471,3.2128356830579725,2.4230259830358762,2.2369611306977237,0.1860648523381525,1.6264575872670808,0.9758745523602487,0.6505830349068321,0.07423107056233685,0.051207410643464846,0.06498371737390278,1.211684254562964,0.15762322266372944,0.00872206333369625
2143,0.7999076062672715,0.4133698030485391,0.009277336088116248,0.04893355061344927,3.1068345995888755,2.3399335414799585,2.1471184885443244,0.1928150529356342,1.599526851740919,0.9597161110445512,0.6398107406963677,0.07649773092022044,0.05312761982040955,0.06700883780343281,1.1981814023220552,0.16694073047514355,0.008619315895766077,0.8133887147138816,0.41564030255297973,0.0009189736493852782,0.04975824491080383,3.2130785679957765,2.423235114430201,2.2371886735575455,0.18604644087265554,1.6264831573970515,0.9758898944382312,0.6505932629588204,0.074225292080798,0.05120251538280477,0.06497868418332997,1.2117191897284392,0.15762855026240846,0.00872229775090574
2144,0.799938633192579,0.41337372182621984,0.009291757836809786,0.048935448604562864,3.1070723557462414,2.340135813925257,2.1473389430540726,0.19279687087118463,1.5995556878202812,0.9597334126921686,0.6398222751281126,0.0764917488464244,0.05312255208586326,0.06700361254843806,1.1982165196036356,0.16694622341186025,0.00861954273783531,0.8134196937171693,0.4156440989347083,0.0009329288122949669,0.04976013996353214,3.2133213677231263,2.423441486215773,2.2374138169630524,0.18602766925272066,1.6265125846001227,0.9759075507600738,0.6506050338400489,0.07421948955974939,0.051197599756990675,0.06497360893560203,1.2117542728916568,0.15763359995762538,0.008722519990095318
2145,0.7999681920700054,0.413377192037728,0.009308127200013193,0.048937256802583054,3.107304662741332,2.3403309461390833,2.147551955335271,0.1927789908038125,1.599587845676769,0.9597527074060612,0.6398351382707077,0.07648592041310226,0.053117614508376876,0.0669985024291316,1.1982507375500164,0.1669513587194064,0.008619756504194477,0.8134490970168182,0.4156474233807252,0.0009488406863652696,0.04976193863743941,3.213557919436774,2.4236400128606315,2.237630760506647,0.18600925235398436,1.6265452648835443,0.9759271589301268,0.6506181059534175,0.07421384822903203,0.0511928206841243,0.06496865594131022,1.2117883840234263,0.15763830018889938,0.0087227283694534
2146,0.7999961645028697,0.4133804739056347,0.00925863407316345,0.04893896796294902,3.107527186885064,2.340515632270773,2.147753567171208,0.192762065099565,1.5996226995230933,0.9597736197138559,0.6398490798092374,0.07648040424164194,0.05311294146460882,0.0669936504789918,1.1982831246114556,0.16695612456685385,0.008619958771747772,0.8134768266220533,0.4156505428418434,0.000897772000427885,0.049763634936248205,3.2137838814108624,2.4238273958313514,2.2378355467317297,0.18599184909962194,1.626580557798554,0.9759483346791326,0.6506322231194214,0.07420852087303506,0.05118830759603034,0.06496396326657569,1.2118205989747504,0.1576426450070965,0.008722924736250174
2147,0.7999808694348378,0.413383972593009,0.009244886075880983,0.048938032285188324,3.1073791858308573,2.3403659205640372,2.1475833883480426,0.19278253221599462,1.5996596624713577,0.9597957974828145,0.6398638649885432,0.07648603334806144,0.0531177101816189,0.06699843958438692,1.1982500744565299,0.16695513835624542,0.008619895141867125,0.8134614821034085,0.41565402394754125,0.0008842275819439388,0.049762696226317224,3.2136323846527772,2.423674333495965,2.2376616642469114,0.18601266924905394,1.6266178673431093,0.9759707204058659,0.6506471469372435,0.07421397905621081,0.05119293151482219,0.06496861016660013,1.2117875928816084,0.15764174085821656,0.008722863663736834
2148,0.7999675490173064,0.4133869505932584,0.009233034056517778,0.048937217406310046,3.1072498904184687,2.3402361784741776,2.1474359683517554,0.1928002101224221,1.5996898701111892,0.9598139220667133,0.6398759480444759,0.07649090188902234,0.0531218345829651,0.06700258715108491,1.1982214917351923,0.1669541102824199,0.008619839108730203,0.8134481230044016,0.41565698765303993,0.0008725684304502282,0.049761878973965855,3.2135000924465853,2.423541717093854,2.237511066228897,0.18603065086495688,1.62664837702948,0.9759890262176882,0.6506593508117917,0.07421869894105149,0.051196929981621,0.0649726338314725,1.2117590532412539,0.15764080277389306,0.008722809875253618
2149,0.7999560219074386,0.41338954175551723,0.009222978664726246,0.04893651222771106,3.1071368766619383,2.3401237783221225,2.1473082409198194,0.19281553740230312,1.5997143929035316,0.9598286357421187,0.6398857571614128,0.0764951221162209,0.05312540976306092,0.06700618838636797,1.1981967166461622,0.16695322048610312,0.00861979073979384,0.8134365627817747,0.4156595654642312,0.0008626774673335114,0.049761171762624554,3.213384497261287,2.4234268378765362,2.237380598904839,0.1860462389716974,1.6266731639274123,0.9760038983564477,0.6506692655709646,0.07422278979384785,0.05120039556174365,0.06497612699334024,1.2117343185828064,0.15763999111524626,0.008722763445700157
2150,0.7999460890689277,0.41339182902520805,0.009214468913224784,0.04893590457352718,3.1070380607808175,2.3400264258194827,2.147197565984018,0.19282885983546472,1.5997341579946662,0.9598404947967996,0.6398936631978667,0.07649878568957998,0.05312851337192761,0.0670093204857832,1.1981752105144399,0.16695246042190448,0.00861974954061558,0.8134266009744734,0.41566183953766167,0.0008543070215705911,0.04976056232928264,3.2132834583103804,2.4233273468222167,2.2372675622557643,0.18605978456645242,1.6266931600910264,0.9760158960546161,0.6506772640364102,0.07422634054189726,0.05120340359025829,0.06497916460286468,1.2117128506499624,0.15763929809918512,0.008722723914021983
2151,0.7999375663106949,0.4133938712007293,0.009207286948651167,0.04893538317610144,3.1069516801975636,2.339942163516592,2.1471017041921727,0.19284045932441918,1.599749960008985,0.9598499760053909,0.6398999840035942,0.07650196858041867,0.05313120976893143,0.06701204720339914,1.198156526935296,0.16695181934818526,0.008619714893895396,0.8134180523125326,0.415663868296689,0.0008472422693928394,0.049760039340290774,3.213195163475591,2.423241239293494,2.2371696649094996,0.1860715743839944,1.6267091642768183,0.9760254985660912,0.6506836657107271,0.07422942494726353,0.051206016554952855,0.0649818086115814,1.2116942030476872,0.15763871389750567,0.008722690693735772
2152,0.7999302823308059,0.41339571068591885,0.009201242238760968,0.04893493755630399,3.1068761986261544,2.3398692842656805,2.1470187122640194,0.19285057200166095,1.5997624772702255,0.9598574863621351,0.6399049909080904,0.07650473539261377,0.053133553683470475,0.06701442264050012,1.1981402863585289,0.16695128532079256,0.008619686116295563,0.813410744684316,0.4156656940031794,0.0008412954756766844,0.04975959226699102,3.2131180332356086,2.423166767199191,2.2370849182486223,0.18608184895056867,1.626721858311643,0.9760331149869861,0.6506887433246569,0.07423210575293485,0.051208287608767236,0.0649841116085486,1.2116779961256925,0.15763822755997278,0.008722663129961197
2153,0.7999240771665374,0.4133973779679394,0.009196167299115397,0.048934557928703076,3.1068102505494037,2.3398062779927855,2.1469468789437856,0.19285939904899985,1.5997722860093642,0.9598633716056183,0.6399089144037459,0.07650714196493952,0.05313559241955583,0.06701649350907163,1.198126160778221,0.1669508456439307,0.008619662488675883,0.8134045175443165,0.41566734714769227,0.0008363017647423782,0.04975921128830248,3.2130506642494225,2.423102384812185,2.237011571399017,0.18609081341316794,1.626731821417342,0.9760390928504056,0.6506927285669365,0.07423443718798636,0.051210262692050354,0.06498611900016715,1.211663901798735,0.15763782743718385,0.008722640530001137
2154,0.799918801743391,0.41339889483238484,0.009191914613579107,0.04893423517396685,3.1067526083690162,2.3397517985648197,2.1468846846639753,0.19286711390084427,1.5997798728417352,0.9598679237050409,0.6399119491366942,0.07650923707056403,0.05313736729554591,0.06701830060272701,1.198113863732106,0.16695048720703062,0.008619643281899372,0.8133992214312794,0.4156688496149661,0.0008321160660577226,0.04975888726123345,3.2129917958163463,2.423046714914359,2.236948070145663,0.1860986447686963,1.6267395427844713,0.9760437256706832,0.6506958171137881,0.07423646660968289,0.05121198192367321,0.06498787043205287,1.2116516335945562,0.1576375014987958,0.00872262218942348
2155,0.7999143182681834,0.4134002767679449,0.009188354539872635,0.04893396086290176,3.106702165155608,2.339704644620091,2.1468307776118642,0.1928738670082268,1.5997856459062398,0.9598713875437438,0.639914258362496,0.07651106350173892,0.053138914563044926,0.06701987972916182,1.198103143916388,0.16695019688178753,0.008619627780653859,0.8133947183301107,0.41567021705747687,0.000828611018081675,0.04975861174301336,3.212940292089954,2.4229985290703686,2.236893032414586,0.18610549665578263,1.6267454327922801,0.9760472596753684,0.6506981731169117,0.0742382355565359,0.05121348049312975,0.06498940069472636,1.2116409402695094,0.15763723770404875,0.00872260741599544
2156,0.799910501340372,0.41340153498314214,0.009185373899448762,0.0489337273244313,3.106657927315536,2.339663749500571,2.146783960333985,0.19287978916658644,1.5997899449692525,0.9598739669815514,0.6399159779877012,0.07651265878019685,0.05314026600871876,0.06702126231699705,1.1980937810021608,0.16694996198267645,0.008619615308264772,0.8133908827450412,0.4156714608841658,0.0008256755377793745,0.04975837705673654,3.2128951343355485,2.4229567371279765,2.236845234428104,0.1861115026998729,1.6267498331790742,0.9760498999074448,0.6506999332716293,0.07423978044105844,0.051214789247406585,0.06499074031564095,1.2116316016069508,0.1576370244277669,0.008722595554393902
2157,0.7999072386803772,0.41340267793265306,0.009182874673048971,0.04893352769014443,3.1066190090800414,2.339628172766349,2.1467431786358007,0.19288499413054816,1.5997930507404017,0.9598758304442409,0.6399172202961608,0.07651405572354535,0.053141449434117326,0.06702247589405036,1.1980855823004666,0.16694977063951147,0.008619605244776006,0.8133876023932549,0.415672589764191,0.0008232134990110301,0.049758176333789386,3.2128554150583275,2.4229203783572104,2.236803599212222,0.1861167791449881,1.626753026410175,0.9760518158461053,0.6507012105640697,0.07424113310258826,0.05121593515930901,0.06499191602625104,1.2116234250649236,0.15763685080305753,0.008722586004176325
2158,0.799904431326269,0.4134037125391293,0.009180772714774098,0.04893335590632168,3.1065846254420513,2.339597090437175,2.1467075094005894,0.19288958103658546,1.599795193402437,0.9598771160414621,0.639918077360975,0.07651528299730558,0.053142489123336245,0.06702354455177213,1.198078379514238,0.1669496121496934,0.008619597039030012,0.8133847783694561,0.4156736108263899,0.000821142430896156,0.04975800352391199,3.212820330601547,2.42288861134347,2.2367671840528613,0.18612142729060877,1.6267552442478086,0.9760531465486855,0.6507020976991231,0.07424232134407471,0.05121694178220193,0.06499295121382695,1.2116162425233765,0.1576367070427966,0.008722578231760071
2159,0.7999019936197007,0.41340464500700286,0.009178996624911583,0.04893320673306986,3.1065540874320154,2.3395697873762593,2.146676151235547,0.19289363614071242,1.5997965603274475,0.9598779361964683,0.6399186241309792,0.07651636551952258,0.053143406185783684,0.06702448927937515,1.1980720263575024,0.16694947726349774,0.008619590215817884,0.8133823251015015,0.41567453045629843,0.0008193923751370069,0.049757853392479616,3.2127891761202876,2.422860706066937,2.236735170822136,0.18612553524480108,1.6267566754969192,0.9760540052981518,0.6507026701987674,0.07424336932654514,0.05121782958418338,0.06499386624742846,1.2116099078936673,0.1576365846976452,0.008722571777453902
2160,0.7998998531857426,0.41340548133556704,0.009177486704132515,0.0489330757430858,3.1065268002864075,2.3395456523991904,2.146648418475222,0.1928972339239685,1.5997973030186428,0.9598783818111855,0.6399189212074573,0.07651732471863545,0.05314421877463611,0.06702532816958445,1.1980663970372865,0.1669493583011319,0.00861958438031968,0.813380170303698,0.4156753547989696,0.0008179048360185404,0.049757721517643294,3.212761343490572,2.4228360387568135,2.2367068597100555,0.18612917904675796,1.6267574729675274,0.9760544837805166,0.6507029891870107,0.0742442978224711,0.051218616162724606,0.06499467868040343,1.2116042955824304,0.15763647676081996,0.008722566259783064
2161,0.7998979503603655,0.4134062275608825,0.009176193751555331,0.04893295928663195,3.106502259557182,2.3395241716394004,2.1466237335448257,0.1929004380945748,1.599797543353927,0.9598785260123561,0.639919017341571,0.0765181787985582,0.05314494231140236,0.06702607662937665,1.198061384694324,0.1669492491109104,0.008619579216716067,0.8133782543862024,0.4156760899971287,0.0008166315892985457,0.04975760425419932,3.212736317148915,2.422814085003046,2.2366816613100062,0.18613242369303992,1.6267577597315146,0.9760546558389089,0.6507031038926057,0.07424512447569201,0.05121931646486537,0.0649954034574298,1.2115992989169253,0.15763637762759683,0.008722561374099633
2162,0.7998962370520499,0.41340688982846596,0.009175077784474475,0.04893285442189491,3.10648004386744,2.3395049191273865,2.1466016164130757,0.1929033027143106,1.5997973790906073,0.9598784274543642,0.639918951636243,0.07651894306474102,0.053145589762147574,0.06702674764377911,1.1980568994867733,0.16694914499826963,0.00861957448179257,0.8133765293070254,0.4156767422643734,0.0008155334177537624,0.04975749866336025,3.21271366656207,2.422794410074252,2.2366590857807074,0.18613532429354462,1.6267576346356036,0.9760545807813624,0.6507030538542412,0.07424586411927692,0.05121994305649143,0.06499605317206233,1.2115948282210527,0.15763628302788243,0.008722556886308063
2163,0.7998946755225774,0.41340747438469305,0.009174106849817815,0.048932758840401824,3.106459807433081,2.339487547499374,2.146581674277907,0.19290587322146668,1.5997968885919567,0.9598781331551739,0.6399187554367828,0.07651963023081373,0.05314617189726734,0.06702735202449046,1.1980528667885881,0.16694904263794663,0.008619569997320251,0.8133749573466501,0.41567731787922346,0.000814578939190902,0.049757402437793724,3.2126930384783137,2.422776659382682,2.2366387322582444,0.18613792712443777,1.6267571770334484,0.9760543062200693,0.6507028708133791,0.07424652907437984,0.05122050637551118,0.0649966383094138,1.211590809006942,0.1576361899434967,0.008722552625396838
2164,0.7998932371889981,0.41340798749115554,0.009173255892835117,0.04893267079373405,3.1064412732092244,2.339471779579233,2.1465635923068582,0.19290818727237466,1.5997961348372767,0.9598776809023659,0.6399184539349108,0.07652025068185035,0.05314669751451309,0.06702789862242929,1.1980492256429913,0.16694893990336798,0.008619565641882617,0.8133735099074199,0.41567782310442347,0.0008137434983447045,0.049757313828178315,3.212674149833877,2.4227605498529976,2.2366202793542165,0.1861402704987812,1.6267564507994334,0.9760538704796604,0.650702580319773,0.07424712940701539,0.051221014949383734,0.06499716745383344,1.211587180421401,0.15763609645071777,0.00872254847543577
2165,0.7998919012870479,0.41340843535842364,0.009172505604248996,0.04893258901176535,3.106424224251696,2.3394573987190106,2.146547122976887,0.1929102757421237,1.5997951687913485,0.959877101274809,0.6399180675165396,0.07652081278263095,0.05314717370013727,0.067028394581742,1.198045926952273,0.1669488356581833,0.008619561342015494,0.8133721661777777,0.4156782641252163,0.0008130080423961669,0.04975723156149173,3.2126567788807803,2.422745860055429,2.2366034742601952,0.1861423857952336,1.626755507700974,0.9760533046205848,0.6507022030803893,0.07424767322734088,0.051221475648657006,0.06499764753583184,1.2115838934358356,0.15763600152877705,0.008722544366926904
2166,0.799890653331122,0.413408824076122,0.00917184128491872,0.04893251260845251,3.1064084930226885,2.3394442376118856,2.146532073720915,0.19291216389097074,1.5997940321696231,0.9598764193017737,0.6399176128678494,0.07652132323605207,0.053147606132521855,0.06702884563928566,1.1980429313736176,0.16694872956831608,0.008619557062053446,0.8133709115970479,0.4156786469839742,0.0008123580138872655,0.049757154747095675,3.2126407542620385,2.4227324188143387,2.236588120162179,0.18614429865215956,1.6267543901664323,0.9760526340998597,0.6507017560665727,0.07424816703638124,0.05122189398069675,0.06499808412210017,1.2115809087497342,0.15763590488718507,0.008722540266913357
2167,0.7998894836839607,0.41340915959054436,0.009171251835859554,0.048932440994337634,3.1063939507447573,2.339432167511138,2.1465182949734265,0.19291387253771122,1.5997927596188852,0.9598756557713309,0.6399171038475543,0.07652178743704473,0.0531479993820014,0.06702925642292895,1.1980402072415421,0.16694862194354354,0.008619552795076474,0.8133697364312918,0.41567897756128275,0.0008117823664205992,0.04975708278961555,3.2126259441627902,2.422720094246184,2.2365740640812706,0.18614603016491338,1.626753133469199,0.9760518800815197,0.6507012533876793,0.07424861606781226,0.05122227437922959,0.06499848170385217,1.2115781947242605,0.15763580682050432,0.00872253617018434
2168,0.7998883861809425,0.4134094476645412,0.009170728810536752,0.04893237379239134,3.106380497119636,2.339421088032207,2.1465056688833624,0.19291541914884486,1.5997913803937889,0.9598748282362732,0.6399165521575156,0.07652220980382643,0.053148357191484176,0.06702963073177078,1.198037728623539,0.16694851354514156,0.008619548554036974,0.8133686344054422,0.4156792615399626,0.0008112726449153243,0.04975701530526308,3.212612245847583,2.4227087833999517,2.2365611854024605,0.18614759799749114,1.6267517674085374,0.9760510604451228,0.6507007069634146,0.07424902460767122,0.05122262047518683,0.06499884396753214,1.2115757254494488,0.15763570803262586,0.00872253209066452
2169,0.7998873570632183,0.4134096938418204,0.009170265685332357,0.048932310772749225,3.1063680523674218,2.339410919286549,2.146494100613063,0.19291681867348634,1.5997899195905982,0.9598739517543587,0.6399159678362395,0.07652259403252598,0.053148682692158486,0.06702997175166395,1.198035473825538,0.1669484054312381,0.008619544364837844,0.8133676016431326,0.4156795043735531,0.0008108222779526636,0.04975695205698244,3.212599577555468,2.422698404262506,2.236549387026204,0.18614901723630206,1.6267503175487725,0.9760501905292639,0.6507001270195086,0.07424939624040186,0.05122293530514244,0.06499917400328194,1.2115734792567772,0.1576356094958726,0.008722528054707029
2170,0.7998863941969167,0.4134099034026203,0.009169857294300615,0.04893225180494871,3.106356551602855,2.339401596292203,2.1464835121763457,0.1929180841158571,1.5997883990441821,0.9598730394265091,0.639915359617673,0.0765229432745464,0.05314897855374631,0.06703028220494384,1.1980334243508586,0.16694829880229914,0.008619540261105183,0.8133666358909909,0.4156797112462761,0.0008104260315082573,0.049756892906998126,3.2125878727650403,2.422688890069914,2.236538589091527,0.18615030097838733,1.6267488061225217,0.9760492836735134,0.6506995224490083,0.07424973402069787,0.05122322145689073,0.06499947445017062,1.2115714376803193,0.15763551231045325,0.008722524096030984
2171,0.799885496512363,0.41341008132597523,0.00916949941506412,0.04893219682362468,3.106345940867155,2.3393930650136348,2.146473838079667,0.19291922693396812,1.5997868379791473,0.9598721027874882,0.6399147351916591,0.07652326026103709,0.05314924708995037,0.06703056445534046,1.1980315641696095,0.1669481948799084,0.008619536280381656,0.8133657359612274,0.41567988703921394,0.0008100796087301826,0.04975683778271675,3.2125770761373986,2.422680185267565,2.2365287245243177,0.1861514607432473,1.6267472526884676,0.9760483516130809,0.6506989010753867,0.07425004059454793,0.05122348117199019,0.064999747598345,1.2115695847249794,0.1576354175943507,0.008722520252037486
2172,0.7998846635450952,0.4134102322659342,0.009169188447173238,0.04893214580043222,3.106336173764404,2.3393852790551497,2.1464650216741807,0.19292025738096888,1.5997852534837056,0.9598711520902232,0.6399141013934824,0.07652354740827957,0.0531494903477319,0.06703082059718715,1.1980298791001323,0.16694809482083395,0.0086195324610738,0.8133649012752955,0.4156800363096561,0.0008097793382468715,0.049756786648811446,3.2125671400781757,2.4226722421361626,2.2365197353110555,0.18615250682510723,1.6267456746118667,0.9760474047671203,0.6506982698447464,0.07425031830172735,0.05122371643258959,0.06499999547588872,1.2115679062469131,0.15763532640530534,0.008722516560857891
2173,0.7998838950223436,0.41341036052801,0.009168921158131602,0.04893209871875,3.106327208399863,2.339378196701429,2.1464570118932507,0.1929211848081784,1.5997836608443539,0.9598701965066122,0.6399134643377417,0.0765238069115877,0.05314971018685866,0.06703105253518317,1.19802835625788,0.166947999662434,0.0086195288396828,0.813364131453023,0.41568016327016755,0.0008095219269683152,0.049756739482087635,3.21255802161452,2.422665017776131,2.2365115691710766,0.18615344860505456,1.626744087405739,0.9760464524434436,0.6506976349622955,0.07425056926695237,0.05122392903864964,0.06500021992633237,1.211566389402499,0.15763523969121154,0.008722513058674743
2174,0.7998831905317574,0.413410470048884,0.009168694497180545,0.048932055553415114,3.106319004913684,2.339371778559868,2.146449760655052,0.19292201790481617,1.5997820737643875,0.9598692442586324,0.6399128295057551,0.07652404081982633,0.0531499083430336,0.06703126204783677,1.1980269836180537,0.16694791028904452,0.008619525448573383,0.8133634259839408,0.41568027177045563,0.0008093042783218901,0.04975669625137702,3.2125496798841846,2.4226584717084703,2.2365041769107226,0.1861542947977477,1.6267425049557698,0.9760455029734619,0.6506970019823078,0.07425079547212944,0.05122412066914929,0.06500042267022253,1.2115650222116012,0.15763515825962032,0.008722509777565998
2175,0.7998825491808309,0.4134105643555779,0.009168505417721531,0.04893201624988896,3.1063115231148406,2.339365985320443,2.1464432204182606,0.19292276490218252,1.5997805044943003,0.9598683026965801,0.6399122017977202,0.07652425110216671,0.05315008648444693,0.06703145084422008,1.1980257496238134,0.16694782738898403,0.008619522313502957,0.8133627838896681,0.4156803652588077,0.0008091233197587352,0.049756656896884494,3.212542073731525,2.422652563599335,2.2364975099373363,0.18615505366199883,1.626740939656981,0.9760445637941887,0.6506963758627923,0.07425099882095859,0.051224292936814575,0.06500060536009655,1.211563793167052,0.15763508273861665,0.00872250674310844
2176,0.7998819694118953,0.41341064654137505,0.009168350797493452,0.04893198071293962,3.1063047212043307,2.3393607765562634,2.146437342875709,0.19292343368055473,1.5997789638810365,0.9598673783286218,0.6399115855524147,0.07652443968340925,0.05315024624170006,0.06703162059403633,1.1980246429789547,0.1669477514440924,0.008619519452262563,0.8133622035404756,0.415680446759495,0.0008089759240796496,0.04975662131896673,3.2125351604091237,2.422647252039258,2.236491518927594,0.18615573311166417,1.6267394024692163,0.9760436414815299,0.6506957609876864,0.07425118117323962,0.05122444741718135,0.06500076960970598,1.2115626910272688,0.15763501356739412,0.008722503973060531
2177,0.7998814489125707,0.4134107192451569,0.009168227393873407,0.048931948801163985,3.1062985552491873,2.339356110225854,2.1464320784240005,0.19292403180185363,1.5997774613753117,0.959866476825187,0.6399109845501247,0.07652460845662931,0.05315038921851831,0.06703177293825632,1.198023652573663,0.1669476827118878,0.008619516873939205,0.813361682566537,0.41568051885332485,0.0008088588658106063,0.04975658937270322,3.2125288950404007,2.422642494033171,2.2364861532821667,0.18615634075100448,1.62673790293039,0.9760427417582339,0.650695161172156,0.07425134435736128,0.05122458565917552,0.06500091700452976,1.211561704740731,0.1576349509801228,0.008722501476647451
2178,0.799880984712637,0.4134107846599875,0.009168131896202233,0.048931920332913784,3.10629297990502,2.339351943338017,2.1464273768928432,0.19292456644517417,1.599776005020295,0.9598656030121769,0.639910402008118,0.07652475926268741,0.053150516974393006,0.06703190947154333,1.198022767604722,0.16694762124138357,0.008619514579591966,0.8133612179536298,0.4156805836865564,0.0008087688704539464,0.049756560873750674,3.2125232313440533,2.42263824566434,2.236481361853658,0.18615688381068193,1.6267364491506586,0.9760418694903952,0.6506945796602635,0.0742514901510099,0.05122470916877017,0.06500104908520436,1.2115608235625481,0.15763489502054903,0.008722499255222175
2179,0.7998805732823328,0.4134108445488628,0.00916806096373491,0.04893189509230868,3.106287949081993,2.339348232561782,2.1464231882055174,0.19292504435626448,1.5997746014607925,0.9598647608764754,0.6399098405843171,0.0765248938729121,0.053150631009911325,0.0670320317274494,1.1980219776770997,0.16694756688023313,0.00861951256300046,0.8133608061402197,0.41568064298673674,0.0008087026503983269,0.04975653560428203,3.212518122301928,2.422634462703555,2.236477093606137,0.18615736909741792,1.6267350478263185,0.9760410286957911,0.6506940191305274,0.07425162026487399,0.05122481939518102,0.06500116733357439,1.2115600371529147,0.15763484554868654,0.008722497302998155
2180,0.7998802106613806,0.4134109002784067,0.009168011294924588,0.04893187283712913,3.106283416681086,2.3393449349071744,2.146419463098378,0.1929254718087961,1.59977325597118,0.9598639535827078,0.6399093023884721,0.07652501397280453,0.05315073275295139,0.0670321411646741,1.1980212728995485,0.166947519312251,0.008619510811762713,0.8133604431448079,0.41568069809577585,0.0008086569696242191,0.049756513320776526,3.212513520900318,2.4226311012916666,2.2364732983372795,0.1861578029543873,1.6267337042717305,0.9760402225630384,0.6506934817086921,0.0742517363272041,0.05122491771778617,0.06500127315965162,1.2115593356704037,0.157634802275123,0.008722495608122702
2181,0.7998798925776691,0.4134109528560988,0.009167979682774774,0.04893185330607644,3.1062793372159723,2.3393420082941034,2.1464161537121695,0.19292585458193373,1.5997719725063382,0.9598631835038027,0.6399087890025354,0.07652512115012608,0.05315082354859074,0.0670322391570838,1.1980206439544827,0.16694747808996876,0.008619509308360335,0.8133601246831482,0.4156807500062737,0.0008086286952878746,0.04975649376119029,3.212509380758796,2.422628118512084,2.236469927274684,0.18615819123739988,1.6267324224735191,0.9760394534841116,0.6506929689894075,0.07425183987243786,0.051225005436489765,0.06500136789206243,1.2115587098406926,0.15763476479073693,0.008722494153718731
2182,0.7998796145639491,0.4134110029709291,0.009167963066977758,0.04893183622591166,3.1062756663903297,2.3393394120744455,2.1464132141275867,0.19292619794685895,1.5997707537712385,0.9598624522627429,0.6399083015084955,0.07652521688518618,0.05315090465087866,0.06703232698561591,1.1980200821549518,0.1669474426689347,0.008619508031241731,0.8133598462834244,0.41568079940102143,0.0008086148461615705,0.04975647665200236,3.212505656715251,2.4226254729172463,2.2364669336175726,0.18615853929967374,1.6267312051627967,0.9760387230976781,0.6506924820651185,0.07425193233185824,0.05122508376380815,0.06500145277023735,1.2115581510129998,0.15763473259796923,0.008722492918943133
2183,0.7998793722802725,0.4134110510596968,0.009167958680324474,0.04893182133118061,3.106272363150419,2.339337108898309,2.146410602366277,0.1929265065320323,1.599769601306904,0.9598617607841423,0.6399078405227617,0.07652530250128146,0.053150977180850476,0.06703240579598964,1.1980195797354483,0.16694741246774522,0.008619506957406835,0.8133596036018851,0.4156808467171021,0.000808612730186245,0.04975646172752343,3.212502306876545,2.4226231263898694,2.2364642745346237,0.18615885185524578,1.626730053903202,0.9760380323419212,0.6506920215612807,0.07425201498671147,0.05122515378515348,0.0650015289043604,1.21155765144342,0.15763470516519829,0.008722491881483798
2184,0.7998791614937188,0.41341109733731096,0.009167963986725577,0.048931808362973866,3.106269389254175,2.339335064279482,2.146408279874814,0.19292678440466773,1.599768515632268,0.9598611093793608,0.6399074062529073,0.0765253791848304,0.05315104214358468,0.06703247661604397,1.1980191297337415,0.16694738684800361,0.00861950606255029,0.8133593924073036,0.4156808921758725,0.0008086198879718315,0.049756448728945434,3.2124992922203033,2.422621043737241,2.236461910680348,0.1861591330568929,1.6267289692332587,0.9760373815399553,0.6506915876933034,0.07425208898649184,0.05122521647432387,0.06500159729112058,1.2115572041843945,0.15763468190963048,0.00872249101773938
2185,0.7998789782316699,0.4134111418701086,0.009167976773638953,0.0489317970783031,3.1062667098234193,2.339333247097958,2.1464062120027485,0.1929270350952096,1.5997674963677848,0.9598604978206708,0.639906998547114,0.07652544798245622,0.053151100425731804,0.06703254035377773,1.198018726007981,0.166947365197597,0.008619505322660885,0.8133592087308967,0.41568093585343796,0.0008086341761864707,0.04975643741351264,3.212496577153519,2.422619193195934,2.236459806678683,0.18615938651725109,1.6267279507913937,0.9760367704748363,0.6506911803165574,0.07425215534597633,0.051225272690991114,0.06500165881165658,1.2115568031026194,0.15763466227187237,0.008722490304371002
2186,0.7998788188492645,0.41341118461578835,0.009167995139609551,0.04893178725422788,3.106264293552591,2.3393316297505304,2.146404368126187,0.1929272616243437,1.5997665423773402,0.9598599254264042,0.639906616950936,0.07652550980348866,0.05315115279763366,0.06703259779955886,1.1980183632220065,0.166947346929393,0.008619504714793445,0.8133590489330185,0.4156809777195738,0.0008086537561638463,0.04975642755860192,3.2124941297251723,2.4226175465845867,2.2364579312501123,0.18615961533447428,1.6267269974584335,0.9760361984750602,0.6506907989833733,0.07425221494755484,0.05122532318267488,0.06500171423360834,1.2115564428649548,0.15763464571546518,0.008722489719061633
2187,0.7998786800702963,0.413411225464009,0.009168017491166087,0.048931778690357725,3.1062621126829195,2.3393301880913207,2.146402721537244,0.192927466554077,1.5997656519094592,0.9598593911456755,0.6399062607637837,0.07652556542957242,0.05315119992146328,0.06703264963449596,1.1980180367889526,0.16694733150034746,0.008619504217682136,0.8133589097429955,0.4156810176771806,0.0008086770895022952,0.04975641896415968,3.212491921598697,2.422616079241562,2.2364562570991806,0.18615982214238125,1.6267261074991939,0.9760356644995163,0.6506904429996776,0.07425226855043808,0.051225368592543175,0.06500176421913581,1.2115561188827637,0.15763463174433137,0.008722489241117801
2188,0.7998785590021522,0.4134112642731243,0.009168042524818912,0.04893177120976585,3.106260142795253,2.339328901208496,2.1464012491557094,0.1929276520527865,1.5997648227325725,0.9598588936395436,0.6399059290930289,0.07652561552899459,0.05315124236336238,0.06703269644286167,1.198017742787173,0.16694731842353527,0.008619503812158794,0.8133587882732686,0.4156810555979679,0.0008087029195604084,0.04975641145356695,3.2124899278412915,2.422614769797394,2.2364547606225673,0.186160009174827,1.6267252786978736,0.9760351672187241,0.6506901114791496,0.07425231680437927,0.05122540947103667,0.06500180933681764,1.2115558272289733,0.1576346199137438,0.008722488851881151
2189,0.7998784531382876,0.4134113009015055,0.009168069203584275,0.04893176465914051,3.1062583625514884,2.3393277511550803,2.1463999311956408,0.19292781995943958,1.5997640522597458,0.9598584313558476,0.6399056209038982,0.07652566067151985,0.053151280606009106,0.06703273872491874,1.1980174778731738,0.1669473072756753,0.008619503481446054,0.8133586820213218,0.4156810913528641,0.0008087302479511671,0.04975640487375729,3.212488126661971,2.4226135999016862,2.2364534215723273,0.1861601783293588,1.6267245084827402,0.9760347050896441,0.6506898033930961,0.07425236026386337,0.05122544628788923,0.06500185007392129,1.2115555645523124,0.15763460983717836,0.008722488535017918
2190,0.7998783603428247,0.4134113352310739,0.009168096725538664,0.048931758907842834,3.106256753364423,2.339326722614139,2.1463987507675655,0.19292797184657373,1.5997633376614289,0.9598580025968575,0.6399053350645714,0.07652570134394224,0.053151315061792666,0.06703277691030243,1.198017239190356,0.16694729769844732,0.008619503211270665,0.8133585888541038,0.41568112483487546,0.0008087583036854445,0.0497563990942638,3.2124864990780027,2.422612553884629,2.2364522226547643,0.18616033122986475,1.6267237940387305,0.9760342764232383,0.6506895176154922,0.07425239940296954,0.051225479444718655,0.06500188684919654,1.211555327987482,0.15763460118750416,0.008722488276633418
2191,0.7998782788190621,0.4134113671829615,0.00916812448873558,0.048931753845980586,3.1062552990108174,2.3393258025128403,2.146397693432507,0.19292810908033356,1.5997626759638508,0.9598576055783107,0.6399050703855401,0.0765257379658557,0.05315134608617356,0.06703281137153522,1.1980170242764667,0.16694728939687103,0.008619502989807416,0.8133585069766328,0.4156811559743095,0.0008087865089517338,0.04975639400529864,3.2124850285240303,2.422611618367186,2.236451149080623,0.18616046928656305,1.6267231324056783,0.9760338794434069,0.6506892529622714,0.07425243463044962,0.051225509287800466,0.06500192002580368,1.2115551150640202,0.1576345936954938,0.008722488065220947
2192,0.799878207061397,0.4134113967247404,0.00916815205201954,0.04893174938146695,3.106253985188662,2.339324979586701,2.1463967467098946,0.19292823287680647,1.5997620641312784,0.9598572384787672,0.6399048256525112,0.07652577090549463,0.053151373991102834,0.06703284243754425,1.1980168309706425,0.1669472821339575,0.008619502807445514,0.8133584348841539,0.4156811847458079,0.0008088144410618309,0.04975638951482622,3.2124837004037965,2.422610781820225,2.2364501880675345,0.18616059375269084,1.6267225205604365,0.9760335123362618,0.6506890082241747,0.07425246630491074,0.05122553612092999,0.0650019499242772,1.2115549236145398,0.15763458714492476,0.008722487891436322
2193,0.7998781437884869,0.4134114238691551,0.009168179091068034,0.04893174543593186,3.1062527989998125,2.3393242438779285,2.146395899521554,0.1929283443563741,1.59976149913043,0.9598568994782581,0.639904599652172,0.07652580049616756,0.05315139905894394,0.06703287040763886,1.1980166573169768,0.16694727572160384,0.008619502656363466,0.8133583712954795,0.41568121116709866,0.0008088417898162101,0.049756385544485485,3.212482501563958,2.4226100340549768,2.236449328275224,0.18616070577975294,1.6267219554812238,0.9760331732887342,0.6506887821924896,0.07425249475064205,0.051225560218829826,0.0650019768359979,1.21155475167907,0.15763458136423447,0.008722487747682797
2194,0.7998780879099132,0.41341144867111695,0.009168205375763919,0.04893174194268273,3.106251728726319,2.3393235865070623,2.1463951419412686,0.19292844456579375,1.5997609779750845,0.9598565867850508,0.6399043911900337,0.07652582704328018,0.05315142154842239,0.0670328955573902,1.1980165015233029,0.1669472700157525,0.00861950253029601,0.8133583151196503,0.41568123529610745,0.000808868335511817,0.04975638202755034,3.2124814200646576,2.422609365989631,2.2364485595493395,0.1861608064402914,1.6267214341921974,0.9760328605153183,0.650688573676879,0.07425252026443811,0.05122558183293059,0.06500200102891254,1.2115545974638189,0.1576345762221094,0.008722487627882775
2195,0.7998780384943651,0.41341147121979094,0.009168230744497838,0.048931738844758155,3.1062507636685637,2.3393229995014186,2.146394465012828,0.19292853448859068,1.599760497759559,0.9598562986557355,0.6399041991038235,0.07652585082854843,0.053151441698194815,0.06703291814205152,1.1980163619364719,0.16694726490393544,0.008619502424266892,0.8133582654240952,0.4156812572233072,0.0008088939243770799,0.04975637890698194,3.212480445011815,2.4226087694727916,2.2364478727336703,0.18616089673912128,1.6267209537969078,0.9760325722781447,0.6506883815187632,0.07425254311975682,0.05122560119489303,0.06500202275091926,1.2115544593160417,0.1576345716160959,0.00872248752721513
2196,0.7998779947484563,0.4134114916319785,0.009168255089686543,0.04893173609363228,3.1062498940536623,2.3393224756932978,2.1463938606441766,0.19292861504912107,1.599760055682476,0.9598560334094858,0.6399040222729903,0.07652587211213654,0.053151459728660255,0.06703293839823432,1.1980162370298066,0.16694726029911108,0.008619502334399034,0.8133582214135056,0.4156812770653609,0.0008089184546527101,0.049756376134136554,3.212479566461683,2.4226082371784936,2.236447259560461,0.1861609776180324,1.6267205115020362,0.9760323069012218,0.6506882046008144,0.07425256356885926,0.051225618518421015,0.06500204223155562,1.211554335711106,0.15763456746697796,0.008722487441929185
2197,0.799877955993084,0.4134115100455744,0.009168278343107801,0.04893173364776868,3.10624911091807,2.3393220085986086,2.146393321479718,0.1929286871188903,1.5997596490639197,0.9598557894383519,0.6399038596255677,0.07652589113545931,0.05315147584433406,0.06703295654618385,1.1980161253866568,0.16694725613350714,0.008619502257710101,0.8133581824064572,0.41568129495883765,0.0008089418625607248,0.04975637366733553,3.2124787753009967,2.4226077624828832,2.2364467125202765,0.18616104996260685,1.6267201046345339,0.9760320627807203,0.6506880418538136,0.07425258184554082,0.05122563400157512,0.06500205968422194,1.2115542252359865,0.15763456371313866,0.008722487369145767
2198,0.7998779216381445,0.4134115266131408,0.00916830046330809,0.04893173147107396,3.1062484059709927,2.3393215922818245,2.1463928407573056,0.1929287515245186,1.5997592753561447,0.959855565213687,0.6399037101424577,0.07652590812446103,0.05315149023662574,0.06703297279249137,1.1980160256811545,0.16694725235442523,0.008619502191898942,0.8133581478104587,0.4156813110540329,0.0008089641101887701,0.04975637147033911,3.212478063108422,2.422607339327626,2.2364462247169987,0.18616111461062737,1.626719730652372,0.9760318383914232,0.6506878922609488,0.07425259816829984,0.051225647829457,0.06500207530880694,1.2115541265701122,0.15763456030671338,0.008722487306649625
2199,0.7998778911616886,0.4134115414951971,0.009168321426379425,0.048931729531622635,3.1062477714951955,2.33932122125762,2.1463924122063,0.19292880905132057,1.5997589321481591,0.9598553592888956,0.6399035728592635,0.07652592329162201,0.05315150308553873,0.067032987331723,1.1980159366664433,0.16694724892068005,0.008619502135157024,0.8133581171013959,0.4156813255085191,0.0008089851766420048,0.04975636951108928,3.2124774220536936,2.4226069621202444,2.236445789764158,0.1861611723560864,1.6267193871492265,0.9760316322895359,0.6506877548596905,0.07425261274229296,0.05122566017586577,0.06500208929327932,1.2115540384735484,0.157634557210338,0.008722487252706064
2200,0.7998778640962287,0.41341155485303605,0.009168341220292656,0.04893172780081975,3.1062472003114494,2.3393208904518152,2.1463920300120405,0.19292886043977495,1.599758617165681,0.9598551702994088,0.6399034468662722,0.07652593683590533,0.05315151455962526,0.06703300034627567,1.1980158571749882,0.16694724579884807,0.008619502086019899,0.8133580898099769,0.41568133848023264,0.0008090050526511905,0.04975636776088048,3.212476844860231,2.422606625693596,2.2364454017474813,0.18616122394611498,1.626719071854583,0.9760314431127498,0.6506876287418332,0.0742526257593419,0.0512256712033039,0.0650021018136013,1.2115539597869576,0.15763455439373183,0.008722487205915709
2201,0.7998778400232608,0.41341156684224156,0.009168359843255341,0.04893172625306588,3.1062466858034883,2.339320595218945,2.146391688842473,0.1929289063764722,1.5997583282683587,0.9598549969610154,0.6399033313073433,0.07652594894095285,0.053151524814458215,0.06703301200473757,1.198015786129161,0.16694724296019986,0.008619502043275823,0.8133580655162435,0.41568135012124763,0.000809023739047468,0.049756366194024175,3.2124763248282577,2.4226063253219614,2.2364450552495856,0.18616127007237604,1.62671878263112,0.976031269578672,0.650687513052448,0.07425263739628285,0.05122568106157875,0.06500211303222514,1.2115538894415705,0.15763455183091143,0.008722487165124403
2202,0.7998778185711612,0.41341157760772973,0.009168377303555048,0.048931724865628586,3.10624622195402,2.3393203313717232,2.146391383886315,0.19292894748540804,1.5997580634461748,0.959854838067705,0.6399032253784698,0.07652595977317335,0.05315153399101134,0.06703302246017839,1.1980157225524601,0.16694724037841463,0.008619502005908742,0.8133580438473871,0.41568136057302646,0.0008090412466331617,0.0497563647877153,3.2124758558689526,2.4226060567489585,2.2364447453861986,0.18616131136275973,1.6267185174712566,0.9760311104827539,0.6506874069885027,0.074252647813214,0.05122568988631808,0.06500212309652358,1.2115538264697825,0.15763454949811065,0.008722487129366564
2203,0.7998777994131195,0.4134115872811691,0.00916839361959585,0.04893172361851624,3.1062458033540974,2.339320095188908,2.1463911108646236,0.19292898432428446,1.5997578208157897,0.959854692489474,0.6399031283263157,0.07652596948099546,0.05315154221502651,0.06703303184948073,1.1980156655738936,0.16694723802867825,0.008619501973062615,0.8133580244756742,0.415681369963981,0.0008090575962067525,0.0497563635219056,3.2124754325126355,2.422605816194418,2.2364444678164705,0.18616134837794773,1.6267182744936084,0.976030964696165,0.6506873097974434,0.0742526571528306,0.05122569779840663,0.06500213213819372,1.2115537700091688,0.1576345473729632,0.008722487097830404
2204,0.799877782261002,0.4134115959802247,0.00916840881794248,0.04893172249410278,3.1062454251570895,2.3393198833751327,2.1463908659869886,0.19292901738814405,1.5997575986168344,0.9598545591701008,0.6399030394467337,0.07652597819605997,0.053151549598023595,0.06703304029437444,1.1980156144209824,0.1669472358873583,0.008619501943996709,0.8133580071122704,0.4156813784087667,0.0008090728165809219,0.04975636237892603,3.2124750498611476,2.422605600312781,2.236444218697518,0.18616138161526324,1.6267180519393827,0.9760308311636297,0.650687220775753,0.07425266554160598,0.05122570490498678,0.06500214027428285,1.2115537192953467,0.15763454543418215,0.008722487069814037
2205,0.7998777668600376,0.4134116038092377,0.009168422932017278,0.048931721476802775,3.1062450830228934,2.3393196930138287,2.1463906458984825,0.19292904711534614,1.5997573952073516,0.9598544371244111,0.6399029580829405,0.07652598603491215,0.05315155623873439,0.06703304790292677,1.1980155684098293,0.16694723393262043,0.00861950191805873,0.8133579915018984,0.4156813860089672,0.0008090869432217582,0.04975636134316009,3.212474703530775,2.4226054061448203,2.2364439946300356,0.1861614115147847,1.6267178481678983,0.9760307089007391,0.6506871392671593,0.07425267309143833,0.051225711300853405,0.06500214760863876,1.2115536736520247,0.15763454366211635,0.008722487044699401
2206,0.7998777529859912,0.4134116108603048,0.009168436001218166,0.04893172055289871,3.106244773078511,2.3393195215355993,2.146390447643337,0.19292907389226238,1.599757209058624,0.9598543254351746,0.6399028836234495,0.07652599310025557,0.053151562224164534,0.06703305477066025,1.1980155269377613,0.16694723214457619,0.00861950189467687,0.8133579774200101,0.4156813928541675,0.0008091000173532717,0.049756360400870996,3.2124743896121424,2.4226052310853574,2.2364437926212495,0.18616143846410807,1.6267176616514882,0.976030596990893,0.6506870646605952,0.07425267990086491,0.05122571706948273,0.06500215423299328,1.2115536324836618,0.15763454203888252,0.00872248702194493
2207,0.7998777404423771,0.41341161721420067,0.009168448069619438,0.048931719710370525,3.1062444918806946,2.339319366688328,2.146390268630719,0.1929290980576089,1.5997570387499598,0.959854223249976,0.6399028154999837,0.0765259994821191,0.05315156763058235,0.06703306098159353,1.1980154894764818,0.1669472305049129,0.008619501873350774,0.8133579646699755,0.4156813990228727,0.000809112084685204,0.049756359540029785,3.212474104632002,2.422605072852562,2.236443610049797,0.18616146280276505,1.6267174909703415,0.9760304945822049,0.6506869963881365,0.07425268605619807,0.051225722283994565,0.06500216022797593,1.2115535952686018,0.1576345405480245,0.008722487001076914
2208,0.7998777290609417,0.4134116229418346,0.009168459186506037,0.048931718938925284,3.1062442364004172,2.339319226527474,2.1463901066223534,0.19292911990512038,1.5997568829634394,0.9598541297780638,0.6399027531853756,0.0765260052584532,0.05315157252402379,0.06703306660879596,1.1980154555685725,0.1669472289972955,0.008619501853667387,0.8133579530835394,0.41568140458395386,0.0008091231959041906,0.04975635875034335,3.212473845537284,2.422604929477833,2.2364434446529025,0.18616148482493086,1.6267173348073023,0.9760304008843814,0.6506869339229209,0.07425269163210985,0.051225727007647534,0.06500216566365702,1.211553561555542,0.15763453917488815,0.00872248698170549
2209,0.7998777186993044,0.41341162810557397,0.009168469404960036,0.04893171822985288,3.106244003985001,2.3393190993857944,2.146389959697431,0.19292913968836356,1.5997567404792834,0.9598540442875703,0.6399026961917131,0.07652601049638519,0.05315157696135604,0.06703307171550806,1.1980154248201238,0.16694722760698544,0.008619501835298145,0.8133579425184416,0.41568140959795247,0.0008091334052996585,0.04975635802310892,3.2124736096564903,2.4226047992748176,2.236443294490522,0.1861615047842956,1.6267171919432801,0.976030315165968,0.6506868767773121,0.07425269669284755,0.051225731294869015,0.0650021706006336,1.211553530956183,0.15763453790627407,0.00872248696352213
2210,0.7998777092363232,0.41341163276066906,0.009168478780036793,0.04893171757574256,3.106243792299648,2.3393189838246293,2.1463898261969185,0.192929157627711,1.5997566101712157,0.9598539661027297,0.6399026440684861,0.07652601525410639,0.05315158099187604,0.0670330763568106,1.1980153968896663,0.16694722632102832,0.008619501817982864,0.81335793285375,0.4156814141184785,0.0008091427689451425,0.049756357350928544,3.212473394640122,2.422604680789661,2.2364431578885378,0.1861615229011233,1.6267170612526405,0.9760302367515843,0.6506868245010562,0.07425270129405839,0.05122573519280073,0.06500217509164405,1.2115535031342035,0.1576345367306067,0.00872248694628416
2211,0.7998777005688348,0.4134116369566586,0.009168487367702802,0.04893171697028359,3.106243599280664,2.3393188785959467,2.1463897046798484,0.1929291739160981,1.5997564910013589,0.9598538946008155,0.6399025964005434,0.07652601958239759,0.05315158465860293,0.0670330805809819,1.1980153714792139,0.1669472251285722,0.008619501801522048,0.8133579239865772,0.4156814181935832,0.0008091513436261355,0.04975635672750839,3.21247319841314,2.4226045727623187,2.236443033394264,0.1861615393680546,1.6267169416981264,0.9760301650188757,0.6506867766792507,0.07425270548426066,0.051225738742545116,0.06500217918287773,1.2115534777963686,0.15763453563822574,0.0087224869298074
2212,0.7998776926090527,0.41341164073829134,0.009168495223657348,0.04893171640810608,3.1062434230996683,2.3393187826138697,2.146389593890674,0.19292918872319562,1.59975638201499,0.9598538292089942,0.6399025528059958,0.07652602352574914,0.05315158799922685,0.0670330844304981,1.1980153483276936,0.16694722402054055,0.008619501785768946,0.8133579158294599,0.4156814218666627,0.0008091591857013608,0.049756356147498265,3.212473019138545,2.422604474097493,2.2364429197431677,0.1861615543543255,1.6267168323256294,0.9760300993953774,0.6506867329302519,0.07425270930592577,0.05122574198008194,0.065002182914942,1.2115534546859899,0.1576345346210841,0.008722486913958565
2213,0.7998776852823555,0.41341164414610654,0.009168502402480343,0.048931715884645635,3.106243262135011,2.3393186949323566,2.1463894927338303,0.1929292021985264,1.5997562823353013,0.959853769401181,0.6399025129341204,0.07652602712321185,0.053151591046829864,0.06703308794279604,1.1980153272059533,0.166947222989297,0.008619501770620984,0.8133579083081226,0.41568142517702544,0.0008091663502740043,0.04975635560635505,3.2124728551882216,2.422604383841776,2.236442815832847,0.18616156800892897,1.6267167322589584,0.9760300393553749,0.6506866929035835,0.07425271279630252,0.05122574493696671,0.06500218632360155,1.2115534335779414,0.1576345336724409,0.008722486898646893
2214,0.7998776785253455,0.41341164721686174,0.00916850895702731,0.04893171539602467,3.1062431149472802,2.339318614726361,2.1463894002523345,0.19292921447402664,1.5997561911582425,0.9598537146949456,0.6399024764632969,0.07652603040910366,0.0531515938304845,0.06703309115090877,1.1980153079126121,0.16694722202838286,0.008619501756011564,0.8133579013595205,0.4156814281603124,0.0008091728906131357,0.049756355100222735,3.2124727051179405,2.422604301164348,2.2364427207011284,0.18616158046321962,1.626716640694687,0.976029984416812,0.6506866562778749,0.07425271598810315,0.05122574764091166,0.06500218944039549,1.2115534142745181,0.1576345327866214,0.008722486883816133
2215,0.7998776722840556,0.4134116499838991,0.009168514937949984,0.04893171493894259,3.1062429802568157,2.3393185412746766,2.146389315608323,0.19292922566635365,1.5997561077474876,0.9598536646484926,0.6399024430989949,0.07652603341364896,0.05315159637579545,0.06703309408404148,1.1980152902703118,0.16694722113230476,0.00861950174190219,0.813357894930028,0.4156814308488555,0.0008091788576883238,0.04975635462582174,3.2124725676444323,2.422604225339417,2.2364426335061593,0.18616159183325753,1.626716556897122,0.9760299341382731,0.6506866227588489,0.07425271891012197,0.051225750116310045,0.06500219229319529,1.2115533966016918,0.15763453195882007,0.008722486869436864
2216,0.7998776665122433,0.4134116524774696,0.009168520393293467,0.048931714510571614,3.1062428569225724,2.3393184739438686,2.1463892380648426,0.192929235879026,1.5997560314295498,0.9598536188577299,0.6399024125718199,0.07652603616357348,0.05315159870540355,0.06703309676810816,1.1980152741222234,0.166947220296357,0.008619501728274791,0.8133578889737211,0.41568143327199186,0.0008091842997804549,0.049756354180343736,3.212472441623882,2.422604155729809,2.2364425535078327,0.186161602221976,1.6267164801934155,0.9760298881160492,0.6506865920773663,0.07425272158781088,0.051225752384723475,0.06500219490672385,1.211553380405637,0.1576345311849373,0.008722486855498932
2217,0.7998776611699814,0.41341165472503105,0.009168525368245514,0.04893171410847025,3.106242743923858,2.3393184121746913,2.146389166970432,0.1929292452042597,1.5997559615890435,0.9598535769534262,0.6399023846356173,0.07652603868261201,0.05315160083941576,0.06703309922619147,1.1980152593290703,0.16694721951648792,0.008619501715125634,0.8133578834509554,0.4156814354563517,0.0008091892622480445,0.04975635376136474,3.2124723260333705,2.422604091773116,2.23644248005208,0.1861616117210357,1.626716409968818,0.9760298459812906,0.6506865639875274,0.07425272404376831,0.05122575446529633,0.06500219730299903,1.2115533655497728,0.15763453046145512,0.008722486842005493
2218,0.7998776562223633,0.4134116567514744,0.009168529904923617,0.048931713730504395,3.106242640344013,2.3393183554700814,2.1463891017455317,0.1929292537245497,1.5997558976641355,0.9598535385984813,0.6399023590656542,0.07652604099195004,0.053151602795779476,0.06703310147894431,1.198015245766534,0.166947218789139,0.008619501702459299,0.813357878327071,0.41568143742607855,0.0008091937873239974,0.04975635336676576,3.212472219954331,2.4226040329694785,2.236442412557055,0.18616162041242335,1.6267163456621272,0.9760298073972761,0.6506865382648511,0.07425272629816505,0.05122575637511634,0.06500219950172091,1.2115533519121904,0.15763452978528925,0.008722486828967188
2219,0.7998776516386513,0.41341165857933976,0.009168534042388043,0.048931713374795,3.10624254535808,2.3393183033866185,2.146389041872763,0.19292926151385537,1.5997558391421949,0.959853503485317,0.6399023356568779,0.07652604311054817,0.05315160459055723,0.06703310354488867,1.1980152333233525,0.1669472181111542,0.008619501690285341,0.8133578735715336,0.41568143920303613,0.000809197914141295,0.049756352994680335,3.2124721225600625,2.4226039788729086,2.236442350503266,0.1861616283696429,1.6267162867613287,0.976029772056797,0.6506865147045318,0.07425272836905561,0.05122575812947844,0.06500220152055897,1.2115533393837725,0.1576345291537064,0.0087224868163988
2220,0.7998776473915116,0.4134116602289863,0.009168537816642175,0.04893171303967135,3.106242458221895,2.339318255527085,2.1463889868884714,0.19292926863861368,1.599755785555706,0.9598534713334237,0.6399023142222824,0.07652604505542152,0.05315160623816341,0.06703310544067415,1.1980152218996802,0.16694721747965055,0.008619501678615062,0.8133578691571721,0.41568144080697333,0.0008092016787458189,0.04975635264344781,3.212472033104736,2.4226039290837664,2.2364422934250348,0.18616163565873187,1.6267162327995022,0.9760297396797011,0.6506864931198011,0.07425273027264591,0.05122575974211156,0.06500220337540004,1.211553327866574,0.15763452856420584,0.008722486804316178
2221,0.799877643456393,0.4134116617187613,0.009168541260728184,0.048931712723633,3.1062423782625865,2.3393182115341498,2.1463889363755237,0.19292927515862585,1.5997557364784378,0.9598534418870628,0.639902294591375,0.07652604684188152,0.053151607751569206,0.0670331071813032,1.198015211405668,0.16694721689195643,0.00861950166745913,0.8133578650595589,0.41568144225568826,0.000809205114194092,0.049756352311575436,3.2124719509137893,2.422603883242351,2.2364422409031977,0.1861616423391532,1.6267161833509864,0.9760297100105917,0.6506864733403948,0.07425273202352502,0.05122576122537487,0.06500220508056435,1.2115533172724207,0.1576345280144644,0.008722486792733946
2222,0.7998776398110302,0.4134116630651667,0.009168544404851986,0.04893171242531941,3.106242304870296,2.3393181710850075,2.1463888899571724,0.1929292811278351,1.5997556915218725,0.9598534149131236,0.6399022766087489,0.07652604848374538,0.05315160914247985,0.06703310878032698,1.1980152017602361,0.1669472163455643,0.00861950165682603,0.8133578612565139,0.4156814435651889,0.0008092082506920839,0.04975635199770806,3.212471875375618,2.4226038410235087,2.2364421925589384,0.18616164846457017,1.6267161380277995,0.9760296828166796,0.6506864552111199,0.0742527336348649,0.05122576259042705,0.06500220664899277,1.2115533075217044,0.1576345275022933,0.008722486781664013
2223,0.799877636435043,0.4134116642830162,0.009168547276532497,0.04893171214348534,3.1062422374910046,2.3393181338868705,2.1463888472918695,0.1929292865950009,1.5997556503318915,0.959853390199135,0.6399022601327565,0.07652604999351546,0.05315161042148682,0.06703311025001465,1.1980151928900193,0.166947215838095,0.008619501646720922,0.8133578577277087,0.41568144474984475,0.0008092111157455423,0.04975635170060376,3.212471805934369,2.422603802132093,2.2364421480485754,0.18616165408351748,1.6267160964763225,0.9760296578857933,0.6506864385905292,0.07425273511859141,0.051225763847371084,0.06500220809240814,1.2115532985423472,0.1576345270256073,0.008722486771114516
2224,0.7998776333095711,0.4134116653855767,0.009168549900744803,0.04893171187697866,3.106242175619965,2.339318099672848,2.1463888080685383,0.19292929160431005,1.599755612585711,0.9598533675514268,0.6399022450342843,0.07652605138254302,0.053151611598206326,0.06703311160150761,1.1980151847284084,0.16694721536726556,0.008619501637144675,0.8133578544543034,0.41568144582252536,0.0008092137343073541,0.04975635141911179,3.2124717420833377,2.422603766298812,2.2364421070587985,0.1861616592400136,1.6267160583742322,0.9760296350245391,0.6506864233496931,0.07425273648554045,0.05122576500538671,0.06500220942146293,1.2115532902688593,0.15763452658239654,0.008722486761088916
2225,0.7998776304171046,0.41341166638471655,0.009168552300142137,0.04893171162472975,3.106242118796893,2.339318068199295,2.1463887720034602,0.19292929619583504,1.5997555779890542,0.9598533467934327,0.6399022311956215,0.07652605266114411,0.05315161268137768,0.06703311284493196,1.1980151772148677,0.16694721493088885,0.008619501628094113,0.813357851418781,0.41568144679474206,0.000809216129002692,0.04975635115216229,3.212471683360182,2.4226037332775903,2.2364420693035805,0.18616166397401002,1.6267160234276696,0.9760296140566016,0.650686409371068,0.07425273774556723,0.05122576607282277,0.06500221064584533,1.211553282641678,0.1576345261707275,0.008722486751586277
2226,0.7998776277412816,0.41341166729102624,0.009168554495210146,0.04893171138573928,3.1062420666013097,2.3393180392431314,2.146388738837168,0.19292930040596346,1.5997555462735695,0.9598533277641419,0.6399022185094276,0.0765260538387115,0.053151613678957974,0.06703311398950595,1.1980151702942798,0.16694721452684114,0.008619501619561844,0.8133578486047499,0.4156814476767667,0.0008092183202862493,0.049756350898754256,3.212471629342285,2.4226037028429057,2.2364420345210894,0.18616166832181652,1.626715991368659,0.9760295948211952,0.6506863965474639,0.07425273890765212,0.051225767057287,0.06500221177438126,1.2115532756065273,0.15763452578871334,0.008722486742601156
2227,0.7998776252668517,0.413411668113953,0.009168556504506847,0.048931711159075894,3.1062420186493056,2.3393180126003363,2.1463887083326236,0.1929293042677127,1.5997555171944693,0.9598533103166818,0.6399022068777875,0.07652605492378992,0.05315161459818591,0.06703311504361531,1.198015163916504,0.16694721415308092,0.008619501611537208,0.8133578459969157,0.41568144847776134,0.0008092203266887935,0.04975635065795386,3.2124715796435677,2.4226036747883275,2.2364420024719216,0.18616167231640607,1.6267159619527434,0.9760295771716458,0.6506863847810975,0.0742527399799704,0.051225767965705146,0.06500221281510463,1.2115532691139974,0.15763452543453482,0.008722486734124617
2228,0.7998776229798874,0.41341166886195446,0.009168558344980371,0.04893171094388911,3.106241974592312,2.3393179880861528,2.1463886802752765,0.19292930781087603,1.5997554905283922,0.9598532943170354,0.6399021962113568,0.07652605592409828,0.0531516154456006,0.06703311601484219,1.1980151580362446,0.1669472138076782,0.008619501604008966,0.8133578435813215,0.4156814492059328,0.0008092221651353274,0.04975635042890905,3.21247153391352,2.422603648926945,2.2364419729394087,0.1861616759875363,1.6267159349568523,0.9760295609741112,0.6506863739827411,0.07425274096990733,0.05122576880433366,0.0650022137752796,1.2115532631194532,0.1576345251064697,0.008722486726147097
2229,0.7998776208674193,0.4134116695425725,0.009168560031949227,0.04893171073938711,3.106241934112036,2.339317965531607,2.1463886544691175,0.1929293110624896,1.5997554660715305,0.9598532796429184,0.6399021864286121,0.07652605684665917,0.05315161622715125,0.06703311691008462,1.198015152612293,0.16694721348874494,0.008619501596963692,0.8133578413449581,0.41568144986860045,0.0008092238509245092,0.049756350210825674,3.2124714918318853,2.422603625087662,2.2364419457254265,0.1861616793622355,1.6267159101774313,0.9760295461064586,0.6506863640709727,0.07425274188418719,0.051225769578869,0.06500221466151963,1.2115532575822552,0.1576345248028248,0.008722486718656672
2230,0.7998776189173589,0.41341167016255165,0.009168561579329632,0.04893171054483186,3.106241896917395,2.3393179447818273,2.146388630734678,0.19292931404714944,1.5997554436378616,0.959853266182717,0.6399021774551445,0.07652605769787713,0.05315161694826351,0.0670331177356324,1.1980151476070664,0.16694721319452252,0.008619501590386342,0.8133578392756861,0.4156814504723115,0.0008092253979516267,0.04975635000296284,3.2124714531055987,2.4226036031135076,2.236441920648391,0.18616168246511672,1.6267158874286798,0.9760295324572078,0.650686354971472,0.0742527427289479,0.05122577029451096,0.06500221547985977,1.2115532524653063,0.15763452452202337,0.008722486711639627
2231,0.7998776171184026,0.4134116707279249,0.009168562999724322,0.04893171035953334,3.1062418627417654,2.3393179256945125,2.146388608907237,0.19292931678727532,1.5997554230575473,0.9598532538345285,0.6399021692230188,0.07652605848360561,0.0531516176138961,0.06703311849723156,1.1980151429862176,0.16694721292334644,0.008619501584260423,0.8133578373621428,0.41568145102292514,0.0008092268187966517,0.049756349804627106,3.2124714174660323,2.422603582860103,2.2364418975414626,0.18616168531864039,1.6267158665409491,0.9760295199245694,0.6506863466163797,0.07425274350980461,0.051225770956016436,0.06500221623581809,1.2115532477346698,0.15763452426256985,0.008722486705080674
2232,0.7998776154599584,0.4134116712440911,0.009168564304534207,0.04893171018284499,3.1062418313406153,2.3393179081386677,2.1463885888353316,0.19292931930333612,1.599755404175473,0.9598532425052838,0.6399021616701891,0.07652605920920356,0.05315161822858892,0.06703311920013973,1.1980151387182985,0.1669472126736402,0.008619501578568228,0.813357835593668,0.4156814515256866,0.0008092281248371358,0.049756349615167964,3.212471384666616,2.4226035641943833,2.2364418762510465,0.18616168794333698,1.6267158473592829,0.9760295084155697,0.6506863389437132,0.07425274423190371,0.05122577156774518,0.06500221693444863,1.2115532433592422,0.15763452402304515,0.008722486698963161
2233,0.799877613932089,0.41341167171588433,0.009168565504069012,0.04893171001416026,3.1062418024894165,2.339317891993513,2.146388570379466,0.19292932161404727,1.5997553868499175,0.9598532321099505,0.6399021547399669,0.0765260598795847,0.05315161879650464,0.06703311984917432,1.1980151347744756,0.16694721244391106,0.008619501573291086,0.8133578339602463,0.4156814519852936,0.0008092293263595243,0.049756349433974265,3.212471354480764,2.4226035469935123,2.236441856635511,0.18616169035800104,1.626715829742088,0.9760294978452528,0.6506863318968352,0.07425274489996919,0.05122577213369918,0.06500221758038675,1.2115532393104722,0.15763452380210227,0.008722486693269344
2234,0.7998776125254585,0.4134116721476339,0.009168566607646228,0.04893170985290933,3.1062417759818013,2.3393178771475363,2.146388553410995,0.19292932373654123,1.5997553709513435,0.9598532225708062,0.6399021483805373,0.07652606049926042,0.053151619321465074,0.06703312044875474,1.1980151311282763,0.16694721223274642,0.008619501568409581,0.8133578324524552,0.41568145240595494,0.0008092304326550864,0.049756349260471136,3.212471326700024,2.422603531143928,2.236441838564067,0.18616169257986084,1.6267158135599287,0.9760294881359572,0.6506863254239714,0.0742527455183434,0.05122577265755704,0.06500221817788945,1.211553235562116,0.1576345235984638,0.008722486687980605
2235,0.799877611231291,0.4134116725432192,0.009168567623684683,0.04893170969855662,3.1062417516279286,2.3393178634976675,2.1463885378111476,0.19292932568651971,1.5997553563613012,0.9598532138167809,0.6399021425445203,0.07652606107237735,0.05315161980698306,0.06703312100293954,1.198015127755367,0.16694721203881036,0.008619501563903773,0.8133578310614259,0.415681452791443,0.0008092314521191968,0.049756349094117525,3.2124713011324633,2.422603516540533,2.236441821915807,0.18616169462472612,1.6267157986944267,0.9760294792166562,0.6506863194777706,0.07425274609102248,0.05122577314270409,0.06500221873087043,1.2115532320900213,0.1576345234109191,0.008722486683077693
2236,0.7998776100413361,0.4134116729061181,0.00916856855979381,0.04893170955059856,3.1062417292530315,2.3393178509485604,2.146388523470174,0.19292932747838648,1.5997553429714295,0.9598532057828579,0.6399021371885716,0.07652606160275044,0.05315162025629046,0.06703312151545929,1.1980151246333621,0.16694721186084113,0.008619501559753415,0.8133578297788057,0.41568145314514,0.0008092323923325206,0.04975634893440381,3.212471277601203,2.4226035030859614,2.236441806578841,0.18616169650712022,1.6267157850372695,0.9760294710223618,0.6506863140149077,0.07425274662168743,0.051225773592258744,0.06500221924293115,1.2115532288719408,0.1576345232383215,0.00872248667854092
2237,0.7998776089478334,0.4134116732394487,0.009168569422848848,0.04893170940856157,3.106241708696113,2.3393178394119456,2.146388510286581,0.19292932912536487,1.5997553306825538,0.9598531984095324,0.6399021322730214,0.07652606209389229,0.05315162067236299,0.06703312198974554,1.1980151217416486,0.16694721169764748,0.008619501555938108,0.8133578285967267,0.415681453470079,0.0008092332601442945,0.049756348780850085,3.212471255943137,2.42260349068995,2.236441792449555,0.186161698240395,1.6267157724893035,0.9760294634935821,0.6506863089957214,0.07425274711373203,0.05122577400909603,0.06500221971738829,1.2115532258873636,0.15763452307958659,0.00872248667435034
2238,0.7998776079434866,0.41341167354600855,0.009168570219064351,0.048931709272000364,3.106241689808784,2.3393178288060676,2.1463884981664645,0.19292933063960316,1.5997553194038654,0.9598531916423194,0.639902127761546,0.07652606254903914,0.05315162105794222,0.06703312242895684,1.1980151190612367,0.16694721154810674,0.008619501552437478,0.8133578275077791,0.41568145376898114,0.0008092340617421728,0.049756348633004294,3.2124712360077696,2.4226034792687727,2.2364417794319387,0.18616169983683384,1.6267157609597187,0.9760294565758312,0.6506863043838875,0.07425274757028709,0.05122577439586823,0.06500222015729842,1.2115532231173674,0.15763452293368954,0.008722486670485936
2239,0.7998776070214386,0.41341167382830735,0.009168570954063052,0.048931709140496424,3.1062416724542277,2.339317819055188,2.146388487022922,0.19292933203226592,1.5997553090521759,0.9598531854313058,0.6399021236208701,0.0765260629711737,0.053151621415554975,0.06703312283600167,1.1980151165746236,0.1669472114111617,0.008619501549231315,0.8133578265049858,0.4156814540442873,0.0008092348027197091,0.04975634849044089,3.212471217656184,2.422603468744745,2.2364417674370025,0.18616170130774212,1.6267157503653027,0.9760294502191815,0.6506863001461212,0.074252747994242,0.0512257747550231,0.06500222056547941,1.2115532205444892,0.15763452279966297,0.008722486666927745
2240,0.7998776061752474,0.4134116740885974,0.009168571632930889,0.04893170901365664,3.1062416565062563,2.3393178100891268,2.1463884767755084,0.19292933331361828,1.5997552995512458,0.9598531797307478,0.639902119820498,0.07652606336304589,0.05315162174753085,0.0670331232135589,1.198015114265672,0.16694721128581813,0.00861950154629971,0.8133578255817833,0.41568145429818837,0.0008092354881360647,0.04975634835275948,3.212471200760116,2.4226034590457837,2.2364417563822543,0.18616170266352927,1.6267157406297696,0.9760294443778617,0.650686296251908,0.07425274838826422,0.05122577508882039,0.06500222094452997,1.2115532181526079,0.15763452267659522,0.008722486663656038
2241,0.7998776053988681,0.4134116743289004,0.009168572260276994,0.04893170889111209,3.1062416418484826,2.3393178018428773,2.1463884673497797,0.19292933449309746,1.5997552908311707,0.9598531744987028,0.639902116332468,0.07652606372719077,0.05315162205601744,0.06703312356409616,1.1980151121195064,0.16694721117114195,0.008619501543623152,0.8133578247320001,0.41568145453265,0.0008092361225719921,0.04975634821958363,3.212471185201118,2.422603450105008,2.2364417461912285,0.1861617039137794,1.6267157316831493,0.9760294390098894,0.65068629267326,0.07425274875481619,0.05122577539934617,0.06500222129684684,1.21155321592684,0.15763452256362742,0.008722486660651398
2242,0.7998776046866359,0.413411674551032,0.009168572840280179,0.048931708772517,3.1062416283735548,2.3393177942562393,2.146388458676858,0.1929293355793815,1.5997552828278274,0.9598531696966969,0.6399021131311305,0.07652606406594532,0.05315162234299454,0.06703312388988639,1.1980151101224132,0.16694721106625762,0.008619501541182675,0.8133578239498409,0.41568145474943635,0.000809236710177505,0.04975634809055986,3.2124711708698084,2.4226034418603852,2.2364417367930676,0.18616170506731755,1.6267157234612346,0.9760294340767406,0.650686289384494,0.07425274909617108,0.05122577568852614,0.06500222162464048,1.2115532138534482,0.1576345224599528,0.00872248665789483
2243,0.7998776040332458,0.41341167475662216,0.009168573376733463,0.048931708657547604,3.1062416159824706,2.339317787273494,2.1463884506930473,0.19292933658044673,1.5997552754823718,0.9598531652894234,0.6399021101929484,0.0765260643814631,0.05315162261028651,0.06703312419302268,1.1980151082617554,0.1669472109703447,0.008619501538959868,0.8133578232298712,0.41568145495013165,0.0008092372547191598,0.04975634796535666,3.212471157665193,2.4226034342544143,2.236441728122146,0.1861617061322683,1.6267157159050794,0.9760294295430474,0.650686286362032,0.07425274941442647,0.0512257759581373,0.06500222192994906,1.211553211919754,0.15763452236481365,0.008722486655367902
2244,0.7998776034337413,0.4134116749471357,0.00916857387308713,0.04893170854590134,3.1062416045839574,2.33931778084311,2.146388443339487,0.19292933750362337,1.5997552687407837,0.9598531612444705,0.6399021074963132,0.07652606467572767,0.05315162285957377,0.06703312447543176,1.1980151065258928,0.1669472108826367,0.008619501536937038,0.8133578225670018,0.4156814551361583,0.0008092377596184627,0.049756347843663624,3.2124711454940433,2.422603427233825,2.2364417201177162,0.18616170711610835,1.6267157089605455,0.9760294253763271,0.6506862835842184,0.07425274971151728,0.05122577620981881,0.06500222221465132,1.2115532101140636,0.15763452227750022,0.00872248665305279
2245,0.7998776028834975,0.4134116751238895,0.009168574332483213,0.0489317084372959,3.106241594093895,2.339317774917468,2.1463884365618227,0.19292933835564524,1.5997552625534537,0.9598531575320726,0.6399021050213811,0.0765260649505653,0.05315162309240341,0.06703312473888674,1.1980151049041092,0.1669472108024185,0.00861950153509723,0.8133578219564759,0.4156814553087942,0.0008092382279910465,0.04975634772519055,3.2124711342703325,2.4226034207493137,2.2364417127235976,0.18616170802571597,1.6267157025778913,0.9760294215467347,0.6506862810311567,0.07425274998922723,0.05122577644508175,0.06500222248047818,1.2115532084255967,0.15763452219734875,0.00872248665093235
2246,0.7998776023782075,0.4134116752880684,0.009168574757787165,0.048931708331468315,3.1062415844347933,2.3393177694526033,2.146388430309908,0.19292933914269494,1.599755256874808,0.9598531541248851,0.6399021027499228,0.07652606520765609,0.05315162331019878,0.06703312498501815,1.1980151033865456,0.16694721072902405,0.008619501533424268,0.8133578213938544,0.4156814554691883,0.0008092386626756404,0.04975634760966663,3.212471123914709,2.422603414755286,2.2364417058878705,0.18616170886741565,1.6267156967113976,0.9760294180268384,0.6506862786845592,0.0742527502491998,0.051225776665318426,0.06500222272902374,1.2115532068444201,0.15763452212373985,0.008722486648990202
2247,0.7998776019138677,0.4134116754407389,0.009168575151620326,0.048931708228174144,3.1062415755353046,2.3393177644079692,2.1463884245375233,0.19292933987044603,1.5997552516629685,0.9598531509977815,0.639902100665187,0.07652606544854475,0.053151623514268435,0.06703312521532474,1.1980151019641367,0.16694721066183485,0.008619501531902832,0.8133578208750025,0.4156814556183744,0.0008092390662675641,0.049756347496839624,3.212471114354019,2.422603409209622,2.2364416995626017,0.18616170964701986,1.6267156913190286,0.976029414791417,0.6506862765276116,0.07425275049294806,0.0512257768718106,0.06500222296175501,1.2115532053613893,0.15763452205609665,0.008722486647210741
2248,0.7998776014867658,0.413411675582863,0.00916857551638104,0.04893170812718666,3.1062415673297816,2.3393177597462165,2.1463884192021143,0.19292934054410213,1.5997552468794451,0.9598531481276674,0.6399020987517777,0.07652606567465031,0.05315162370581454,0.06703312543118319,1.1980151006285569,0.1669472106002776,0.008619501530518455,0.8133578203960787,0.41568145575728366,0.0008092394411397738,0.049756347386475094,3.21247110552087,2.4226034040734605,2.2364416937035942,0.18616171036986648,1.6267156863621264,0.9760294118172758,0.6506862745448506,0.07425275072186387,0.051225777065737416,0.06500222318002126,1.211553203968092,0.15763452199388342,0.008722486645579215
2249,0.7998776010934654,0.4134116757153086,0.009168575854271124,0.04893170802829594,3.106241559757862,2.3393177554329814,2.1463884142645493,0.19292934116843213,1.599755242488854,0.9598531454933127,0.6399020969955412,0.0765260658872751,0.05315162388594037,0.06703312563385687,1.1980150993721628,0.16694721054382217,0.00861950152925756,0.8133578199535201,0.415681455886756,0.00080923978947018,0.049756347278355616,3.212471097353211,2.4226033993109883,2.2364416882701335,0.1861617110408548,1.6267156818051296,0.9760294090830778,0.6506862727220518,0.07425275093722657,0.05122577724818269,0.06500222338506251,1.2115532026567963,0.15763452193660366,0.008722486644081717
2250,0.7998776007307951,0.413411675838861,0.009168576167314826,0.048931707931308174,3.10624155276409,2.3393177514366963,2.1463884096888926,0.19292934174780377,1.599755238458662,0.9598531430751975,0.6399020953834644,0.07652606608761331,0.05315162405565758,0.06703312582450446,1.1980150981879472,0.1669472104919797,0.008619501528107469,0.8133578195440309,0.4156814560075504,0.0008092401132604801,0.04975634717227995,3.212471089793961,2.4226033948892467,2.2364416832247684,0.18616171166447834,1.6267156776153207,0.9760294065691923,0.6506862710461283,0.07425275114021081,0.05122577742014148,0.06500222357801735,1.2115532014204027,0.1576345218837984,0.00872248664270522
2251,0.7998776003958334,0.4134116759542306,0.009168576457376454,0.04893170783604475,3.106241546297555,2.339317747728396,2.146388405442182,0.19292934228621372,1.5997552347589548,0.9598531408553732,0.6399020939035815,0.07652606627675884,0.05315162421589287,0.06703312600418761,1.1980150970694916,0.16694721044430072,0.008619501527056393,0.8133578191645684,0.41568145612035323,0.0008092404143529852,0.049756347068062284,3.2124710827906493,2.422603390777947,2.2364416785330925,0.18616171224485434,1.6267156737625947,0.9760294042575567,0.650686269505038,0.07425275133189416,0.051225777582526694,0.06500222375993046,1.211553200252398,0.15763452183504448,0.008722486641437568
2252,0.799877600085897,0.41341167606206275,0.009168576726178768,0.04893170774234147,3.1062415403115664,2.3393177442815474,2.1463884014942307,0.19292934278731677,1.5997552313622259,0.9598531388173358,0.63990209254489,0.07652606645571258,0.05315162436749415,0.06703312617387804,1.198015096010922,0.16694721040037264,0.008619501526093438,0.813357818812333,0.4156814562257875,0.0008092406944484598,0.04975634696553148,3.2124710762950923,2.4226033869492962,2.236441674163543,0.18616171278575322,1.626715670219249,0.9760294021315492,0.6506862680876997,0.07425275151326394,0.05122577773617474,0.06500222393175936,1.2115531991468163,0.15763452178995302,0.008722486640267493
2253,0.799877599798527,0.41341167616294383,0.009168576975312953,0.048931707650047784,3.1062415347633414,2.3393177410718833,2.1463883978174314,0.19292934325445188,1.5997552282431824,0.9598531369459098,0.6399020912972726,0.07652606662538938,0.053151624511236444,0.06703312633446447,1.1980150950068698,0.16694721035981822,0.00861950152520858,0.8133578184847519,0.4156814563244182,0.0008092409551188201,0.04975634686453019,3.2124710702630788,2.422603383377828,2.2364416700872045,0.1861617132906237,1.6267156669597909,0.9760294001758744,0.6506862667839165,0.07425275168522394,0.05122577788185125,0.06500222409438086,1.2115531980981942,0.15763452174816744,0.008722486639184582
2254,0.7998775995314779,0.4134116762574085,0.009168577206253886,0.04893170755902593,3.106241529613722,2.3393177380772463,2.14638839438658,0.19292934369066647,1.5997552253785696,0.9598531352271421,0.6399020901514275,0.07652606678662448,0.05315162464782733,0.0670331264867588,1.1980150940524346,0.16694721032229357,0.008619501524392652,0.8133578181794708,0.41568145641676135,0.0008092411978203456,0.04975634676491418,3.212471064654089,2.4226033800402504,2.236441666277632,0.1861617137626188,1.6267156639607623,0.9760293983764572,0.6506862655843051,0.07425275184860042,0.051225778020256185,0.0650022242485971,1.211553197101538,0.15763452170936187,0.008722486638179289
2255,0.7998775992827019,0.41341167634594445,0.009168577420371402,0.04893170746915013,3.1062415248269017,2.3393177352774357,2.1463883911786965,0.1929293440987393,1.599755222747008,0.9598531336482051,0.6399020890988029,0.07652606694017942,0.053151624777911924,0.06703312663150192,1.198015093143147,0.16694721028748577,0.008619501523637304,0.8133578178943387,0.4156814565032869,0.000809241423905413,0.04975634666655143,3.2124710594310253,2.422603376915294,2.236441662710677,0.1861617142046168,1.6267156612005802,0.976029396720348,0.6506862644802321,0.0742527520041479,0.05122577815202878,0.06500222439514106,1.2115531961522885,0.15763452167323924,0.008722486637242878
2256,0.7998775990503405,0.4134116764289989,0.009168577618937149,0.04893170738030583,3.1062415203701783,2.3393177326540724,2.14638838817287,0.19292934448120244,1.5997552203288474,0.9598531321973087,0.6399020881315387,0.07652606708674793,0.053151624902077935,0.06703312676936932,1.198015092274936,0.16694721025511114,0.008619501522934985,0.8133578176273957,0.41568145658442557,0.0008092416346293096,0.049756346569321375,3.212471054559949,2.4226033739835597,2.236441659364315,0.18616171461924488,1.62671565865939,0.9760293951956339,0.6506862634637561,0.0742527521525548,0.051225778277752196,0.0650022245346821,1.2115531952462837,0.15763452163952976,0.008722486636367412
2257,0.7998775988327093,0.41341167650698224,0.009168577803135437,0.04893170729238884,3.1062415162137076,2.33931773019045,2.1463883853500887,0.1929293448403616,1.5997552181060306,0.9598531308636187,0.6399020872424119,0.07652606722696137,0.05315162502086024,0.06703312690097644,1.1980150914440972,0.1669472102249137,0.008619501522278911,0.8133578173768632,0.41568145666057305,0.0008092418311614821,0.04975634647311407,3.2124710500098566,2.4226033712273964,2.2364416562184988,0.18616171500889764,1.62671565631893,0.9760293937913579,0.6506862625275721,0.07425275229444847,0.051225778397957916,0.0650022246678307,1.2115531943797329,0.15763452160798905,0.00872248663554574
2258,0.7998775986282866,0.4134116765802721,0.009168577974068517,0.04893170720530446,3.106241512330287,2.3393177278714186,2.1463883826931047,0.19292934517831392,1.5997552160619695,0.959853129637182,0.6399020864247875,0.07652606736139367,0.05315162513474503,0.0670331270268834,1.1980150906472624,0.16694721019666253,0.008619501521663008,0.8133578171411291,0.4156814567320932,0.0008092420145897408,0.049756346377829344,3.212471045752442,2.4226033686307535,2.2364416532549964,0.18616171537575707,1.6267156541624095,0.9760293924974456,0.6506862616649639,0.07425275243040025,0.05122577851312993,0.06500222479514342,1.2115531935491823,0.1576345215783963,0.008722486634771418
2259,0.7998775984357017,0.41341167664921724,0.009168578132764602,0.048931707118966716,3.1062415086951436,2.339317725683252,2.1463883801862855,0.19292934549696647,1.5997552141814297,0.9598531285088581,0.6399020856725717,0.0765260674905664,0.053151625244174154,0.06703312714759968,1.198015089881371,0.16694721017015046,0.008619501521081877,0.8133578169187371,0.4156814567993223,0.000809242185930592,0.04975634628337595,3.2124710417618907,2.422603366179064,2.236441650457254,0.18616171572181012,1.6267156521743944,0.9760293913046366,0.6506862608697578,0.07425275256093014,0.05122577862370878,0.06500222491712739,1.21155319275149,0.15763452155055313,0.008722486634038703
2260,0.7998775982537224,0.41341167671413964,0.00916857828018177,0.048931707033297356,3.106241505285735,2.3393177236135303,2.1463883778154784,0.19292934579805188,1.5997552124504273,0.9598531274702565,0.6399020849801708,0.0765260676149532,0.05315162534954887,0.06703312726358862,1.1980150891436439,0.1669472101451921,0.008619501520530745,0.8133578167083738,0.4156814568625712,0.0008092423461295017,0.049756346189670606,3.2124710380146744,2.422603363859118,2.2364416478102527,0.18616171604886514,1.6267156503407025,0.9760293902044215,0.6506862601362811,0.07425275268651117,0.05122577873009519,0.06500222503424433,1.2115531919837963,0.15763452152428126,0.008722486633342474
2261,0.7998775980812441,0.41341167677533813,0.009168578417214468,0.04893170694822505,3.1062415020815606,2.339317721651028,2.146388375567883,0.19292934608314494,1.599755210856129,0.9598531265136775,0.6399020843424515,0.07652606773498426,0.053151625451233586,0.06703312737527142,1.1980150884315561,0.16694721012162164,0.00861950152000542,0.8133578165088585,0.41568145692212843,0.0008092424960713385,0.04975634609663713,3.212471034489371,2.422603361658954,2.236441645300387,0.18616171635856715,1.626715648648307,0.9760293891889842,0.6506862594593228,0.07425275280757364,0.05122577883265368,0.06500222514691467,1.2115531912435005,0.15763452149942103,0.00872248663267822
2262,0.7998775979172779,0.41341167683308955,0.00916857854469666,0.04893170686368436,3.106241499063995,2.339317719785611,2.146388373431936,0.19292934635367476,1.599755209386765,0.959853125632059,0.639902083754706,0.07652606785105023,0.05315162554955928,0.067033127483031,1.1980150877428157,0.16694721009929148,0.008619501519502238,0.8133578163191303,0.41568145697826164,0.0008092426365795477,0.049756346004205365,3.2124710311664817,2.4226033595677454,2.236441642915333,0.1861617166524123,1.6267156470852477,0.9760293882511487,0.650686258834099,0.07425275292450917,0.05122577893171602,0.0650022252555214,1.2115531905282366,0.1576345214758299,0.008722486632041962
2263,0.7998775977609397,0.41341167688765074,0.009168578663404377,0.0489317067796147,3.1062414962161182,2.3393177180081306,2.1463883713971916,0.1929293466109391,1.5997552080315443,0.9598531248189265,0.6399020832126178,0.0765260679635064,0.053151625644826915,0.06703312758721583,1.198015087075338,0.16694721007807029,0.008619501519018,0.8133578161382375,0.4156814570312194,0.0008092427684234654,0.04975634591231019,3.212471028028268,2.4226033575757,2.236441640643939,0.18616171693176098,1.6267156456405487,0.9760293873843292,0.6506862582562195,0.07425275303767441,0.05122577902758435,0.06500222536041356,1.2115531898358483,0.15763452145338067,0.008722486631430208
2264,0.7998775976114392,0.4134116769392595,0.009168578774062325,0.048931706695959185,3.1062414935225684,2.339317716310337,2.146388369454222,0.1929293468561154,1.5997552067805778,0.9598531240683467,0.6399020827122311,0.07652606807267615,0.05315162573731046,0.06703312768814318,1.1980150864272252,0.1669472100578412,0.008619501518549916,0.8133578159653265,0.4156814570812322,0.0008092428923188386,0.04975634582089019,3.2124710250585964,2.422603355673961,2.2364416384761117,0.18616171719784957,1.6267156443041413,0.9760293865824848,0.6506862577216564,0.07425275314739477,0.051225779120534325,0.06500222546190948,1.2115531891643692,0.1576345214319597,0.008722486630839892
2265,0.7998775974680689,0.4134116769881355,0.009168578877343903,0.04893170661266337,3.1062414909693943,2.3393177146847814,2.1463883675945095,0.19292934709027182,1.5997552056248079,0.9598531233748847,0.6399020822499232,0.07652606817885474,0.053151625827260005,0.06703312778610271,1.198015085796744,0.16694721003849974,0.008619501518095561,0.8133578157996303,0.4156814571285134,0.0008092430089339797,0.04975634572988641,3.21247102224279,2.422603353854517,2.2364416364027146,0.18616171745180213,1.6267156430667924,0.9760293858400756,0.6506862572267168,0.07425275325396796,0.051225779210818195,0.06500222556030046,1.2115531885119994,0.15763452141146536,0.008722486630268316
2266,0.7998775973301937,0.41341167703448045,0.009168578973874159,0.04893170652967371,3.10624148854392,2.3393177131247325,2.1463883658103553,0.19292934731437708,1.5997552045559411,0.9598531227335646,0.6399020818223765,0.07652606828231287,0.05315162591490491,0.06703312788135955,1.1980150851823068,0.16694721001995255,0.008619501517652789,0.8133578156404574,0.4156814571732586,0.0008092431188894064,0.049756345639240626,3.212471019567492,2.422603352110108,2.2364416344154683,0.1861617176946395,1.626715641920039,0.9760293851520236,0.6506862567680154,0.07425275335766757,0.05122577929866766,0.06500222565585363,1.2115531878770864,0.15763452139180645,0.008722486629713078
2267,0.799877597197239,0.4134116770784776,0.009168579064233795,0.04893170644693561,3.1062414862346155,2.3393177116240933,2.146388364094784,0.19292934752930946,1.599755203566386,0.9598531221398315,0.6399020814265545,0.07652606838330012,0.053151626000456614,0.06703312797415761,1.1980150845824484,0.16694721000211502,0.00861950151721966,0.8133578154871809,0.415681457215646,0.0008092432227604154,0.0497563455488934,3.2124710170205324,2.4226033504341453,2.2364416325068563,0.18616171792728894,1.6267156408561263,0.976029384513676,0.6506862563424503,0.07425275345874638,0.051225779384296934,0.06500222574881528,1.2115531872581013,0.15763452137289988,0.008722486629172015
2268,0.7998775970686792,0.4134116771202903,0.009168579148958356,0.04893170636439126,3.106241484030974,2.3393177101773213,2.1463883624414573,0.19292934773586384,1.5997552026491952,0.9598531215895171,0.6399020810596782,0.07652606848204893,0.05315162608411202,0.06703312806472296,1.1980150839958055,0.16694720998490936,0.00861950151679438,0.8133578153392241,0.41568145725583394,0.0008092433210810795,0.049756345458781596,3.2124710145907946,2.422603348820617,2.2364416306700248,0.18616171815059204,1.6267156398679496,0.97602938392077,0.6506862559471797,0.07425275355744052,0.05122577946790601,0.06500222583941426,1.2115531866536178,0.15763452135466915,0.008722486628643078
2269,0.7998775969440217,0.4134116771600597,0.009168579228541342,0.048931706281976343,3.1062414819233815,2.339317708779334,2.1463883608445746,0.19292934793475944,1.5997552017980117,0.959853121078807,0.6399020807192046,0.07652606857877833,0.05315162616605666,0.06703312815326708,1.198015083421092,0.16694720996826162,0.008619501516375139,0.8133578151960467,0.4156814572939589,0.0008092434143425406,0.04975634536883494,3.212471012268088,2.4226033472640003,2.2364416288986884,0.1861617183653117,1.6267156389489994,0.9760293833693998,0.6506862555795996,0.07425275365397312,0.051225779549683936,0.06500222592786527,1.2115531860622868,0.15763452133704156,0.008722486628124242
2270,0.7998775968227926,0.4134116771979011,0.009168579303432955,0.04893170619961628,3.106241479902986,2.3393177074254226,2.146388359298777,0.1929293481266457,1.599755201007015,0.9598531206042091,0.6399020804028059,0.07652606867369884,0.0531516262464689,0.06703312823999111,1.198015082857073,0.16694720995209952,0.00861950151596003,0.8133578150571279,0.4156814573301314,0.0008092435029957434,0.04975634527897192,3.212471010043016,2.4226033457591694,2.2364416271870304,0.18616171857213873,1.6267156380933088,0.9760293828559854,0.6506862552373234,0.0742527537485592,0.05122577962981287,0.06500222601437296,1.2115531854828092,0.15763452131994563,0.008722486627613357
2271,0.7998775967045137,0.41341167723389655,0.009168579374039351,0.04893170611722063,3.106241477961563,2.339317706111146,2.1463883577990397,0.19292934831210606,1.599755200270872,0.9598531201625232,0.6399020801083487,0.07652606876701744,0.05315162632552408,0.06703312832508994,1.198015082302534,0.16694720993634787,0.00861950151554682,0.8133578149219429,0.4156814573644282,0.0008092435874480011,0.04975634518909374,3.2124710079068204,2.422603344301274,2.2364416255295785,0.18616171877169596,1.6267156372954035,0.9760293823772421,0.6506862549181613,0.074252753841411,0.051225779708472585,0.06500222609913635,1.2115531849139018,0.15763452130330688,0.008722486627107956
2272,0.7998775965886763,0.41341167726808625,0.009168579440722836,0.04893170603467564,3.1062414760913484,2.3393177048321987,2.1463883563405357,0.1929293484916629,1.5997551995846875,0.9598531197508126,0.6399020798338749,0.07652606885894417,0.053151626403400126,0.0670331284087574,1.1980150817562423,0.16694720992092354,0.008619501515132718,0.8133578147899339,0.41568145739688306,0.0008092436680650905,0.04975634509907623,3.2124710058512167,2.422603342885609,2.2364416239210656,0.1861617189645433,1.626715636550252,0.9760293819301512,0.6506862546201008,0.07425275393274441,0.051225779785846,0.06500222618235398,1.2115531843542602,0.15763452128704275,0.008722486626604964
2273,0.7998775964747009,0.413411677300453,0.009168579503793281,0.04893170595183384,3.106241474284849,2.3393177035842543,2.1463883549184763,0.19292934866577807,1.599755198943954,0.9598531193663725,0.6399020795775815,0.07652606894969996,0.05315162648028421,0.0670331284911926,1.1980150812169013,0.16694720990572798,0.008619501514713976,0.8133578146604686,0.4156814574274697,0.0008092437451630088,0.04975634500875853,3.2124710038681883,2.4226033415074384,2.23644162235626,0.1861617191511782,1.6267156358532135,0.9760293815119281,0.6506862543412855,0.07425275402278728,0.05122577986212613,0.06500222626423037,1.2115531838025069,0.15763452127105587,0.008722486626100312
2274,0.7998775963618802,0.41341167733089806,0.009168579563504614,0.0489317058684984,3.1062414725345806,2.3393177023627336,2.146388353527881,0.19292934883485235,1.5997551983444989,0.9598531190066995,0.6399020793377994,0.07652606903952634,0.053151626556380935,0.06703312857260715,1.198015080683094,0.16694720989063688,0.008619501514285342,0.8133578145327802,0.41568145745607765,0.0008092438190059267,0.04975634491792624,3.2124710019497087,2.422603340161753,2.236441620829717,0.1861617193320361,1.6267156351999859,0.9760293811199915,0.6506862540799944,0.07425275411178928,0.051225779937524474,0.06500222634498357,1.2115531832571333,0.1576345212552226,0.008722486625588347
2275,0.7998775962493007,0.41341167735920775,0.00916857962004209,0.048931705784401786,3.1062414708327317,2.339317701162499,2.1463883521632767,0.1929293489992223,1.599755197782425,0.9598531186694551,0.6399020791129698,0.07652606912869997,0.05315162663192469,0.06703312865323632,1.1980150801531968,0.16694720987548398,0.008619501513839263,0.8133578144058803,0.41568145748247465,0.0008092438897891602,0.04975634482628824,3.2124710000873704,2.4226033388429316,2.2364416193354444,0.18616171950748728,1.6267156345865434,0.976029380751926,0.6506862538346174,0.0742527542000371,0.051225780012283936,0.06500222642485669,1.2115531827164068,0.15763452123937802,0.00872248662506096
2276,0.7998775961357134,0.41341167738499596,0.009168579673498795,0.04893170569917288,3.106241469170661,2.3393176999773853,2.1463883508182353,0.19292934915915008,1.5997551972540425,0.9598531183524256,0.6399020789016169,0.07652606921755052,0.05315162670719474,0.06703312873335196,1.198015079625275,0.1669472098600373,0.008619501513364585,0.8133578142784254,0.41568145750624824,0.0008092439576274299,0.04975634473344108,3.2124709982718547,2.4226033375442433,2.2364416178664155,0.1861617196778277,1.6267156340090652,0.9760293804054391,0.6506862536036261,0.0742527542878727,0.05122578008669415,0.06500222650413094,1.21155318217826,0.15763452122329202,0.008722486624506254
2277,0.7998775960193498,0.413411677407622,0.00916857972384924,0.04893170561228907,3.106241467538177,2.3393176987995172,2.1463883494847082,0.19292934931480912,1.5997551967557808,0.9598531180534686,0.6399020787023122,0.07652606930648742,0.05315162678253793,0.0670331288132819,1.1980150790969262,0.16694720984396316,0.008619501512844671,0.8133578141485168,0.415681457526717,0.0008092440225203681,0.04975634463881727,3.2124709964921374,2.422603336257097,2.236441616413831,0.18616171984326552,1.626715633463844,0.9760293800783063,0.6506862533855376,0.07425275437572114,0.05122578016111527,0.06500222658314617,1.2115531816401244,0.1576345212066335,0.008722486623906494
2278,0.7998775958976305,0.4134116774260581,0.009168579770901825,0.04893170552300335,3.106241465922453,2.339317697618264,2.1463883481520094,0.19292934946625442,1.5997551962840724,0.9598531177704436,0.6399020785136288,0.07652606939603561,0.05315162685839899,0.06703312889343513,1.19801507856507,0.1669472098267699,0.008619501512254433,0.8133578140133942,0.41568145754279184,0.0008092440843150694,0.049756344541606476,3.2124709947343275,2.422603334969923,2.23644161496603,0.18616172000389333,1.6267156329471628,0.9760293797682976,0.6506862531788652,0.07425275446412738,0.05122578023600892,0.0650022266623262,1.2115531810987064,0.15763452118891502,0.008722486623235031
2279,0.7998775957667165,0.413411677438683,0.009168579814231956,0.04893170543023204,3.1062414643063847,2.339317696418645,2.14638834680527,0.19292934961337488,1.5997551958351912,0.9598531175011149,0.6399020783340763,0.07652606948688448,0.05315162693536193,0.06703312897433464,1.1980150780256613,0.16694720980772126,0.008619501511555723,0.8133578138689534,0.4156814575527577,0.0008092441426426761,0.04975634444063441,3.2124709929798705,2.422603333666437,2.2364416135067953,0.18616172015964172,1.6267156324551255,0.9760293794730752,0.6506862529820503,0.07425275455380677,0.05122578031198112,0.06500222674221312,1.2115531805496826,0.1576345211694064,0.008722486622451339
2280,0.7998775956207874,0.4134116774429444,0.009168579853094286,0.048931705332376355,3.1062414626660386,2.3393176951788295,2.1463883454230293,0.19292934975580012,1.5997551954050153,0.9598531172430094,0.639902078162006,0.07652606957995074,0.05315162701420334,0.06703312905665634,1.19801507747332,0.16694720978569594,0.008619501510689857,0.8133578137089835,0.4156814575539192,0.00080924419684264,0.04975634433417073,3.212470991202796,2.422603332322945,2.236441612012754,0.186161720310191,1.6267156319834037,0.9760293791900421,0.6506862527933617,0.07425275464570988,0.05122578038983717,0.06500222682350701,1.2115531799873076,0.15763452114699664,0.008722486621493181
2281,0.7998775954508552,0.41341167743479357,0.00916857988631873,0.048931705227024835,3.1062414609665887,2.3393176938661147,2.1463883439733857,0.19292934989272884,1.5997551949886712,0.9598531169932029,0.6399020779954684,0.07652606967645056,0.05315162709595349,0.06703312914126422,1.1980150769009104,0.1669472097589556,0.008619501509565284,0.8133578135239043,0.4156814575420064,0.000809244245877902,0.04975634421960903,3.212470989365307,2.422603330903994,2.2364416104491913,0.18616172045480286,1.62671563152686,0.9760293789161159,0.6506862526107442,0.07425275474109644,0.05122578047064422,0.06500222690710176,1.211553179403968,0.15763452111996426,0.008722486620263542
2282,0.799877595242696,0.41341167740767437,0.009168576128364914,0.048931705110423045,3.106241459155602,2.3393176924301864,2.1463883424076164,0.19292935002256992,1.5997551945799755,0.9598531167479853,0.6399020778319902,0.0765260697779476,0.05315162718193707,0.0670331292292001,1.1980150762992565,0.16694720972473848,0.008619501508035763,0.8133578132985848,0.4156814575101205,0.0008092401466150423,0.04975634409289867,3.2124709874105184,2.422603329355118,2.236441608763146,0.1861617205919721,1.6267156310789548,0.9760293786473727,0.6506862524315821,0.07425275484158426,0.051225780555772836,0.06500222699407393,1.211553178789886,0.15763452108557904,0.008722486618607778
2283,0.7998775959804071,0.4134116778324698,0.009168582177635241,0.04893170538435172,3.106241457151276,2.339317693256159,2.1463883428600408,0.19292935039611842,1.599755190485392,0.9598531142912352,0.6399020761941567,0.07652606951253593,0.05315162695709264,0.06703312913318529,1.198015077850279,0.16694720983319788,0.008619501516371263,0.8133578140667266,0.41568145794769745,0.0008092466442046961,0.049756344384002095,3.2124709852497824,2.4226033302620116,2.236441609291481,0.18616172097053052,1.6267156265971696,0.9760293759583015,0.6506862506388681,0.07425275456939867,0.05122578032518988,0.06500222689813186,1.2115531804277586,0.15763452119145052,0.00872248662725643
2284,0.7998775955609067,0.41341167769567505,0.009168579689798409,0.04893170518175713,3.1062414565194296,2.339317691755908,2.146388341342941,0.19292935041296722,1.5997551919608142,0.9598531151764885,0.6399020767843256,0.07652606971760129,0.05315162713081447,0.0670331292614623,1.1980150766410773,0.16694720977919253,0.00861950151256038,0.8133578136313395,0.4156814578056089,0.0008092440853190441,0.04975634416846656,3.212470984573361,2.422603328683559,2.2364416076932896,0.1861617209902695,1.626715628133453,0.9760293768800716,0.6506862512533813,0.07425275477154546,0.05122578049643921,0.06500222702248626,1.2115531791994887,0.15763452113866047,0.008722486623321916
2285,0.7998775956579574,0.41341167780422955,0.009168580861949924,0.04893170515439208,3.1062414552836723,2.3393176912038074,2.146388340610584,0.19292935059322305,1.5997551911218133,0.959853114673088,0.6399020764487253,0.07652606972334391,0.05315162713567937,0.06703312928682983,1.1980150766015558,0.16694720979578084,0.008619501514124066,0.8133578137236491,0.4156814579137289,0.0008092452885223936,0.04975634413621218,3.212470983257365,2.4226033280759722,2.2364416068997577,0.18616172117621443,1.626715627262679,0.9760293763576073,0.6506862509050717,0.07425275477565647,0.051225780499921866,0.06500222704659339,1.2115531791681566,0.15763452115392454,0.008722486624868507
2286,0.7998775955225432,0.4134116778112481,0.009168580381333655,0.04893170506372345,3.106241454230182,2.339317690157771,2.1463883394406333,0.19292935071713752,1.5997551913159145,0.9598531147895487,0.6399020765263658,0.07652606981820631,0.05315162721604237,0.06703312936430093,1.1980150760391537,0.16694720978200409,0.00861950151334777,0.8133578135813704,0.41568145791934646,0.0008092448183054102,0.049756344038709585,3.212470982134232,2.422603326970996,2.236441605665853,0.1861617213051431,1.6267156274472983,0.9760293764683788,0.6506862509789194,0.0742527548675271,0.051225780577750395,0.06500222712148804,1.2115531786065117,0.15763452114025592,0.008722486624058192
2287,0.7998775954756998,0.4134116778539041,0.009168580601715888,0.04893170499281531,3.106241453075426,2.3393176893067906,2.146388338448374,0.19292935085841645,1.5997551910450865,0.9598531146270518,0.6399020764180346,0.07652606988440662,0.053151627272124184,0.06703312942574562,1.1980150756450232,0.1669472097785425,0.008619501513435986,0.8133578135273879,0.4156814579603119,0.0008092450498685122,0.04975634396119319,3.212470980908099,2.4226033260615236,2.2364416046104543,0.18616172145106935,1.6267156271627408,0.9760293762976444,0.6506862508650963,0.07425275493177903,0.05122578063218164,0.0650022271811796,1.2115531782118778,0.15763452113628068,0.008722486624105458
2288,0.7998775953910469,0.41341167788271843,0.009168580541907452,0.04893170491466185,3.1062414519227333,2.3393176883483653,2.1463883373518935,0.19292935099647157,1.5997551909513996,0.9598531145708397,0.63990207638056,0.07652606996459121,0.053151627340052854,0.0670331294965667,1.1980150751689114,0.16694720977051855,0.00861950151316732,0.8133578134361589,0.41568145798756506,0.0008092450041341098,0.04975634387639312,3.212470979685403,2.422603325046267,2.236441603452538,0.18616172159372893,1.6267156270547758,0.9760293762328655,0.6506862508219103,0.07425275500957289,0.05122578069808498,0.06500222724993998,1.2115531777354882,0.15763452112805654,0.00872248662380191
2289,0.7998775953154752,0.41341167791444555,0.009168580581886562,0.04893170483779645,3.1062414507435334,2.339317687409789,2.1463883362742773,0.19292935113551182,1.5997551907820937,0.9598531144692561,0.6399020763128376,0.07652607004322959,0.05315162740667162,0.06703312956698955,1.1980150747019522,0.16694720976313768,0.008619501512980719,0.813357813353722,0.4156814580175105,0.000809245055938726,0.04975634379280844,3.2124709784373677,2.4226033240510843,2.236441602313977,0.18616172173710718,1.6267156268723177,0.9760293761233906,0.6506862507489272,0.07425275508604884,0.05122578076287184,0.06500222731846736,1.211553177267152,0.15763452112040455,0.008722486623576203
2290,0.7998775952336257,0.4134116779440231,0.009168580586433717,0.04893170475986924,3.1062414495507142,2.3393176864470284,2.146388335172144,0.1929293512748847,1.5997551906309506,0.9598531143785703,0.6399020762523803,0.07652607012462226,0.053151627475623686,0.06703312963960083,1.1980150742189104,0.16694720975485047,0.008619501512736178,0.8133578132652485,0.41568145804527923,0.0008092450735843193,0.049756343708149624,3.2124709771770683,2.422603323033223,2.236441601152602,0.1861617218806209,1.626715626707444,0.9760293760244664,0.6506862506829777,0.07425275516519986,0.051225780829924905,0.06500222738913035,1.2115531767827368,0.15763452111191675,0.008722486623294053
2291,0.7998775951508555,0.41341167797305467,0.009168580601072104,0.04893170468165496,3.106241448344403,2.3393176854783673,2.1463883340640524,0.19292935141431503,1.5997551904672513,0.9598531142803507,0.6399020761869006,0.07652607020694312,0.0531516275453621,0.06703312971312976,1.198015073730501,0.166947209746211,0.008619501512481094,0.8133578131758876,0.4156814580724075,0.0008092451008608545,0.04975634362317434,3.2124709759048535,2.4226033220105263,2.2364415999865557,0.1861617220239704,1.626715626530497,0.9760293759182981,0.6506862506121989,0.07425275524528982,0.05122578089777339,0.06500222746071618,1.2115531762927354,0.15763452110309686,0.008722486623000677
2292,0.7998775950660201,0.41341167800121936,0.009168580612099422,0.04893170460305539,3.106241447127948,2.3393176845007164,2.1463883329469216,0.19292935155379473,1.5997551903017109,0.9598531141810265,0.6399020761206844,0.07652607029026649,0.05315162761594979,0.06703312978754214,1.1980150732362889,0.16694720973714733,0.008619501512205537,0.8133578130845983,0.4156814580986064,0.0008092451247999968,0.049756343537799536,3.212470974624193,2.42260332098027,2.236441598813128,0.18616172216714172,1.6267156263517752,0.976029375811065,0.6506862505407103,0.07425275532634547,0.05122578096643997,0.06500222753315538,1.2115531757969857,0.1576345210938871,0.00872248662268714
2293,0.7998775949798682,0.4134116780287187,0.009168580623938688,0.04893170452419149,3.1062414459036503,2.339317683517581,2.146388331824426,0.19292935169315492,1.5997551901320402,0.9598531140792241,0.639902076052816,0.07652607037420592,0.053151627687059375,0.06703312986251811,1.19801507273854,0.16694720972775992,0.008619501511915924,0.8133578129921162,0.4156814581240761,0.0008092451495714387,0.04975634345214889,3.2124709733375285,2.4226033199459738,2.2364415976360106,0.18616172230996317,1.6267156261691966,0.9760293757015178,0.6506862504676788,0.07425275540798139,0.05122578103559812,0.06500222760612641,1.2115531752978177,0.15763452108438145,0.008722486622359717
2294,0.7998775948925545,0.4134116780556008,0.0091685806355805,0.04893170444511139,3.1062414446736435,2.339317682530121,2.1463883306978015,0.19292935183231946,1.5997551899597366,0.959853113975842,0.6399020759838946,0.07652607045856363,0.0531516277585233,0.06703312993787264,1.1980150722384164,0.1669472097180914,0.008619501511613642,0.8133578128986145,0.4156814581488717,0.0008092451742470891,0.049756343366275366,3.212470972047084,2.4226033189088994,2.2364415964565447,0.18616172245235482,1.6267156259842321,0.9760293755905391,0.650686250393693,0.07425275548998972,0.051225781105071776,0.06500222767943567,1.2115531747964874,0.15763452107462225,0.00872248662201996
2295,0.7998775948044005,0.4134116780819621,0.009168580647619114,0.04893170436587772,3.1062414434399472,2.339317681540082,2.146388329568882,0.19292935197120015,1.599755189785109,0.9598531138710654,0.6399020759140436,0.07652607054313273,0.0531516278301663,0.06703313001342263,1.1980150717371318,0.16694720970820065,0.008619501511301537,0.813357812804424,0.4156814581730942,0.0008092451994034938,0.04975634328024531,3.2124709707549632,2.422603317870853,2.236441595276626,0.1861617225942269,1.626715625797229,0.9760293754783372,0.6506862503188918,0.07425275557215899,0.05122578117468173,0.06500222775289563,1.2115531742942725,0.15763452106466613,0.0087224866216708
2296,0.7998775947156503,0.4134116781078819,0.009168580660080819,0.048931704286539895,3.106241442204372,2.339317680548824,2.1463883284390914,0.1929293521097326,1.5997551896088007,0.9598531137652805,0.6399020758435202,0.07652607062775357,0.05315162790185314,0.06703313008902405,1.198015071235623,0.1669472096981374,0.008619501510981826,0.8133578127097967,0.4156814581968278,0.0008092452250694215,0.049756343194111194,3.212470969463034,2.42260331683324,2.2364415940977254,0.186161722735515,1.626715625608848,0.9760293753653085,0.6506862502435394,0.07425275565432574,0.05122578124428959,0.06500222782635869,1.2115531737921612,0.15763452105456108,0.008722486621314526
2297,0.7998775946265859,0.41341167813345747,0.009168580673212919,0.04893170420715023,3.106241440968706,2.3393176795577886,2.1463883273099253,0.19292935224786328,1.5997551894313007,0.9598531136587805,0.6399020757725202,0.0765260707122816,0.053151627973461346,0.06703313016454811,1.1980150707347377,0.16694720968795745,0.008619501510657119,0.8133578126150243,0.4156814582201752,0.0008092452514974757,0.049756343107928404,3.212470968173142,2.422603315797552,2.236441592921386,0.1861617228761664,1.6267156254195934,0.9760293752517558,0.6506862501678375,0.07425275573634284,0.05122578131377065,0.06500222789969368,1.2115531732910432,0.15763452104436107,0.008722486620953849
2298,0.799877594537452,0.41341167815877944,0.00916858068707041,0.04893170412775344,3.1062414397345535,2.339317678568205,2.14638832618265,0.19292935238555484,1.5997551892531718,0.9598531135519032,0.6399020757012687,0.0765260707966038,0.05315162804489519,0.06703313023989299,1.1980150702351398,0.1669472096777115,0.00861950151032973,0.8133578125203572,0.41568145824323194,0.000809245278734147,0.049756343021744004,3.2124709668869236,2.4226033147650408,2.2364415917488945,0.1861617230161463,1.6267156252300485,0.976029375138029,0.6506862500920195,0.07425275581809601,0.051225781383028135,0.06500222797279753,1.2115531727916078,0.1576345210341146,0.008722486620591151
2299,0.7998775944485185,0.41341167818395225,0.009168580701822485,0.04893170404839632,3.1062414385035044,2.339317677581343,2.1463883250585623,0.19292935252278065,1.5997551890749038,0.9598531134449423,0.6399020756299615,0.0765260708806191,0.05315162811606905,0.06703313031496874,1.1980150697374217,0.16694720966745488,0.008619501510002257,0.8133578124260722,0.4156814582661071,0.0008092453069481198,0.049756342935607115,3.2124709656059984,2.4226033137370004,2.23644159058157,0.1861617231554306,1.6267156250407142,0.9760293750244284,0.6506862500162858,0.07425275589948374,0.05122578145197604,0.06500222804557976,1.2115531722944697,0.15763452102387474,0.008722486620229111
2300,0.7998775943600407,0.41341167820908065,0.009168580717527956,0.048931703969122796,3.1062414372770553,2.33931767659836,2.146388323938833,0.19292935265952674,1.599755188897037,0.9598531133382222,0.6399020755588147,0.07652607096424704,0.053151628186914754,0.06703313038970311,1.198015069242056,0.16694720965724144,0.008619501509677217,0.8133578123324295,0.4156814582889099,0.0008092453361933441,0.049756342849563664,3.2124709643318834,2.4226033127146054,2.236441589420597,0.1861617232940084,1.6267156248521444,0.9760293749112865,0.6506862499408579,0.07425275598042572,0.05122578152054632,0.06500222811796824,1.2115531718001138,0.1576345210136929,0.008722486619870299
2301,0.7998775942722893,0.4134116782342766,0.009168580734301157,0.04893170388997781,3.1062414360567208,2.3393176756204546,2.146388322824672,0.19292935279578272,1.5997551887200812,0.9598531132320487,0.6399020754880325,0.07652607104741424,0.05315162825737013,0.0670331304640307,1.198015068749473,0.1669472096471276,0.008619501509357272,0.8133578122397046,0.41568145831175746,0.0008092453665789201,0.04975634276366049,3.2124709630661017,2.4226033116990604,2.236441588267186,0.1861617234318741,1.626715624664859,0.9760293747989153,0.6506862498659438,0.07425275606084947,0.05122578158867756,0.06500222818989829,1.2115531713089784,0.157634521003623,0.008722486619517456
2302,0.7998775941855507,0.4134116782596625,0.009168580752243659,0.048931703811008684,3.106241434844057,2.339317674648856,2.14638832171731,0.192929352931546,1.5997551885445784,0.959853113126747,0.6399020754178314,0.0765260711300553,0.053151628327379775,0.0670331305378934,1.198015068260057,0.16694720963717366,0.008619501509045283,0.8133578121481898,0.4156814583347766,0.0008092453982049413,0.04975634267794682,3.2124709618102285,2.422603310691611,2.236441587122583,0.1861617235690282,1.6267156244794092,0.9760293746876454,0.6506862497917638,0.07425275614069074,0.051225781656315375,0.0650022282613128,1.2115531708214515,0.1576345209937225,0.008722486619173506
2303,0.7998775941001258,0.41341167828536685,0.009168580771447866,0.048931703732263535,3.106241433640696,2.3393176736848496,2.146388320618035,0.19292935306681447,1.5997551883711014,0.9598531130226607,0.6399020753484407,0.07652607121211041,0.05315162839689306,0.06703313061123792,1.1980150677741581,0.16694720962744272,0.008619501508744251,0.8133578120581897,0.41568145835809994,0.0008092454311545913,0.049756342592472504,3.212470960565904,2.422603309693549,2.2364415859880764,0.18616172370547257,1.6267156242963794,0.9760293745778275,0.6506862497185519,0.07425275621989137,0.051225781723410475,0.06500222833215982,1.2115531703378843,0.15763452098405123,0.008722486618841507
2304,0.799877594016355,0.41341167831153447,0.009168580792059747,0.04893170365379714,3.106241432448441,2.3393176727298766,2.14638831952829,0.19292935320158675,1.5997551882002516,0.9598531129201509,0.6399020752801008,0.07652607129351685,0.053151628465856804,0.06703313068400896,1.1980150672921448,0.16694720961800577,0.008619501508457575,0.8133578119700519,0.4156814583818777,0.0008092454655737047,0.049756342507294396,3.212470959334954,2.4226033087063357,2.2364415848651267,0.18616172384120913,1.6267156241163792,0.9760293744698273,0.6506862496465519,0.07425275629839033,0.05122578178991115,0.06500222840238559,1.2115531698586461,0.15763452097467703,0.00872248661852494
2305,0.7998775939345592,0.41341167833830356,0.009168580814088341,0.04893170357566051,3.10624143126907,2.339317671785306,2.146388318449444,0.19292935333586203,1.59975518803271,0.9598531128196259,0.6399020752130842,0.07652607137422225,0.05315162853422666,0.06703313075615935,1.1980150668143241,0.16694720960893097,0.008619501508188462,0.8133578118840997,0.4156814584062515,0.0008092455014550581,0.049756342422465044,3.212470958119166,2.4226033077313445,2.236441583755104,0.18616172397624073,1.6267156239401037,0.976029374364062,0.6506862495760417,0.07425275637613762,0.051225781855775025,0.06500222847194495,1.2115531693840391,0.15763452096566413,0.008722486618227047
2306,0.7998775938551288,0.4134116783658361,0.009168580837745542,0.048931703497915216,3.106241430104652,2.3393176708528127,2.146388317383181,0.1929293534696317,1.5997551878691185,0.959853112721471,0.6399020751476475,0.0765260714541589,0.053151628601945264,0.06703313082762984,1.1980150663410938,0.16694720960029838,0.008619501507940766,0.8133578118007304,0.4156814584313879,0.0008092455390127165,0.04975634233804808,3.2124709569206327,2.422603306770274,2.2364415826597135,0.18616172411056084,1.6267156237681992,0.9760293742609193,0.6506862495072799,0.07425275645306774,0.05122578192094665,0.0650022285407806,1.2115531689144592,0.15763452095708846,0.008722486617951766
2307,0.7998775937784571,0.41341167839429505,0.009168580863098783,0.04893170342062364,3.106241428957381,2.3393176699341103,2.1463883163312265,0.19292935360288382,1.5997551877102576,0.9598531126261545,0.6399020750841031,0.07652607153326127,0.05315162866895712,0.067033130898362,1.198015065872838,0.16694720959218984,0.008619501507718369,0.8133578117203419,0.41568145845745397,0.0008092455783010738,0.04975634225410778,3.212470955741572,2.422603305824856,2.2364415815806957,0.18616172424416028,1.6267156236014606,0.9760293741608761,0.6506862494405845,0.0742527565291178,0.05122578198537271,0.0650022286088364,1.2115531684502858,0.15763452094902747,0.008722486617703029
2308,0.7998775937049748,0.41341167842385423,0.009168580890296249,0.048931703343853855,3.106241427829655,2.3393176690311037,2.1463883152955066,0.19292935373559722,1.5997551875569143,0.9598531125341485,0.6399020750227657,0.07652607161145444,0.05315162873519874,0.0670331309682896,1.1980150654099964,0.16694720958469367,0.008619501507525478,0.8133578116433698,0.41568145848462723,0.0008092456194613434,0.049756342170714216,3.2124709545844095,2.422603304897019,2.2364415805199998,0.18616172437701903,1.6267156234406837,0.9760293740644098,0.6506862493762738,0.07425275660421558,0.051225782048992065,0.06500222867604849,1.2115531679919556,0.15763452094156435,0.008722486617485092
2309,0.7998775936351425,0.41341167845469584,0.009168580919479953,0.04893170326767883,3.1062414267240945,2.339317668145866,2.146388314278125,0.19292935386774102,1.5997551874099496,0.9598531124459697,0.6399020749639799,0.07652607168865534,0.053151628800599746,0.067033131037339,1.198015064953056,0.16694720957790377,0.008619501507366565,0.81335781157028,0.41568145851309335,0.000809245662625746,0.049756342087942454,3.2124709534518003,2.4226033039888644,2.236441579479757,0.18616172450910706,1.6267156232867395,0.9760293739720433,0.6506862493146962,0.07425275667828107,0.051225782111736895,0.06500222874234587,1.2115531675399525,0.15763452093478764,0.008722486617302475
2310,0.7998775935694613,0.4134116784870128,0.009168580950823499,0.048931703192177635,3.106241425643593,2.3393176672806937,2.146388313281422,0.1929293539992715,1.5997551872702849,0.959853112362171,0.6399020749081139,0.07652607176476928,0.05315162886507993,0.06703313110542634,1.1980150645025738,0.1669472095719213,0.008619501507246441,0.8133578115015795,0.415681458543049,0.0008092457079608151,0.04975634200587376,3.2124709523466786,2.422603303102724,2.236441578462343,0.18616172464038067,1.6267156231405597,0.9760293738843355,0.6506862492562242,0.07425275675122292,0.05122578217352985,0.06500222880764762,1.2115531670948283,0.15763452092879257,0.008722486617160047
2311,0.7998775935084782,0.4134116785210117,0.009168580984527303,0.048931703117437414,3.1062414245913548,2.339317666438133,2.146388312308001,0.19292935413013193,1.5997551871389226,0.9598531122833537,0.6399020748555689,0.07652607183968743,0.05315162892854711,0.06703313117245539,1.1980150640591865,0.16694720956685616,0.008619501507170325,0.8133578114378199,0.41568145857470357,0.0008092457556517149,0.049756341924597644,3.2124709512722913,2.422603302241179,2.236441577470396,0.18616172477078258,1.6267156230031592,0.9760293738018951,0.650686249201264,0.07425275682293583,0.05122578223428168,0.06500222887186055,1.2115531666572197,0.15763452092368246,0.008722486617063055
2312,0.7998775934527493,0.41341167855689664,0.009168581020721087,0.04893170304354688,3.106241423570764,2.339317665620841,2.14638831136059,0.1929293542602508,1.5997551870169564,0.959853112210174,0.6399020748067824,0.07652607191329372,0.053151628990902935,0.06703313123832268,1.1980150636235765,0.16694720956281978,0.008619501507143471,0.8133578113795613,0.4156814586082636,0.0008092458058169966,0.04975634184420502,3.2124709502320705,2.422603301406926,2.236441576506687,0.1861617249002391,1.62671562287564,0.9760293737253836,0.6506862491502565,0.07425275689330768,0.05122578229389744,0.06500222893488461,1.2115531662278036,0.1576345209195616,0.008722486617016786
2313,0.7998775934029262,0.413411678594901,0.009168581059745329,0.04893170297061043,3.1062414225857062,2.339317664831943,2.146388310442407,0.1929293543895363,1.5997551869054987,0.9598531121432994,0.6399020747621993,0.07652607198544281,0.05315162905202428,0.06703313130290019,1.1980150631965958,0.16694720955994005,0.008619501507171985,0.8133578113274615,0.41568145864396544,0.0008092458587889567,0.049756341764803126,3.2124709492299606,2.4226033006031438,2.2364415755744873,0.18616172502865624,1.6267156227591226,0.9760293736554732,0.6506862491036495,0.07425275696219728,0.0512257823522575,0.06500222899659541,1.2115531658074337,0.15763452091655,0.008722486617027375
2314,0.7998775933596842,0.41341167863526224,0.009168581101799834,0.048931702898736995,3.1062414216403886,2.339317664074757,2.146388309556877,0.19292935451787996,1.5997551868058524,0.9598531120835117,0.6399020747223407,0.07652607205597957,0.05315162911177974,0.06703313136604994,1.1980150627791553,0.16694720955835052,0.008619501507262152,0.8133578112822003,0.41568145868204887,0.0008092459147489572,0.04975634168650371,3.212470948270234,2.4226032998332028,2.2364415746772806,0.1861617251559221,1.6267156226549233,0.9760293735929535,0.6506862490619698,0.07425275702945397,0.05122578240923424,0.06500222905685887,1.2115531653970204,0.15763452091477237,0.00872248661710113
2315,0.7998775933237944,0.41341167867824696,0.009168581147263773,0.04893170282805161,3.106241420739551,2.3393176633530812,2.1463883087079294,0.1929293546451519,1.5997551867193684,0.9598531120316214,0.6399020746877471,0.07652607212471924,0.05315162917001279,0.06703313142760878,1.1980150623723387,0.16694720955820172,0.008619501507421115,0.8133578112445565,0.41568145872278334,0.0008092459740702829,0.04975634160943533,3.2124709473577147,2.422603299100976,2.2364415738190746,0.18616172528190142,1.6267156225644008,0.97602937353864,0.6506862490257608,0.07425275709489763,0.05122578246467506,0.06500222911551581,1.211553164997652,0.15763452091436997,0.008722486617245236
2316,0.7998775932960518,0.41341167872412665,0.009168581196376535,0.048931702758684456,3.1062414198882555,2.339317662670908,2.146388307899702,0.19292935477120576,1.5997551866475888,0.9598531119885535,0.6399020746590353,0.0765260721914668,0.05315162922655821,0.06703313148740317,1.1980150619772902,0.16694720955964948,0.008619501507656205,0.8133578112153297,0.4156814587664419,0.0008092460369681365,0.04975634153373161,3.2124709464975405,2.4226032984105164,2.236441573004073,0.18616172540644293,1.6267156224891128,0.9760293734934673,0.6506862489956455,0.07425275715833889,0.05122578251841953,0.06500222917239762,1.2115531646104738,0.15763452091548844,0.008722486617467018
2317,0.7998775932773611,0.4134116787732044,0.009168581249591023,0.04893170269078396,3.1062414190921763,2.3393176620327827,2.146388307136914,0.1929293548958686,1.5997551865921034,0.9598531119552622,0.6399020746368411,0.07652607225599237,0.05315162928122128,0.06703313154522988,1.1980150615953595,0.16694720956286885,0.008619501507975707,0.8133578111954309,0.41568145881333063,0.0008092461038807577,0.049756341459545064,3.2124709456954803,2.422603297766453,2.236441572237085,0.18616172552936772,1.6267156224306596,0.9760293734583954,0.6506862489722642,0.07425275721955349,0.0512257825702777,0.06500222922730595,1.2115531642368396,0.1576345209182911,0.008722486617774795
2318,0.7998775932687037,0.4134116788258083,0.009168581307312726,0.04893170262451305,3.106241418357565,2.339317661443679,2.1463883064247313,0.19292935501894726,1.5997551865547222,0.9598531119328335,0.6399020746218886,0.07652607231804213,0.053151629333786955,0.06703313160086397,1.1980150612280351,0.1669472095680502,0.00861950150838861,0.8133578111858488,0.41568145886377916,0.0008092461751978142,0.04975634138704328,3.2124709449578916,2.422603297173849,2.236441571523375,0.18616172565047423,1.6267156223908619,0.9760293734345168,0.6506862489563451,0.07425275727829389,0.05122578262003982,0.06500222928002125,1.2115531638782469,0.15763452092295602,0.008722486618177566
2319,0.799877593271157,0.413411678882294,0.009168581370015805,0.04893170256004947,3.106241417691318,2.339317660909093,2.146388305768873,0.1929293551402204,1.5997551865374076,0.9598531119224448,0.6399020746149627,0.0765260723773353,0.053151629384017365,0.06703313165405633,1.1980150608769644,0.16694720957540157,0.008619501508904745,0.813357811187669,0.41568145891814584,0.000809246251372138,0.04975634131640923,3.2124709442917934,2.4226032966383078,2.2364415708687755,0.18616172576953238,1.6267156223716974,0.9760293734230181,0.6506862489486793,0.07425275733428603,0.05122578266747378,0.06500222933030031,1.2115531635363508,0.1576345209296775,0.008722486618685174
2320,0.7998775932859685,0.41341167894307784,0.009168581438373583,0.04893170249760289,3.106241417101262,2.339317660435318,2.146388305175873,0.19292935525944507,1.599755186542314,0.9598531119253887,0.6399020746169254,0.07652607243354384,0.053151629431634616,0.06703313170451777,1.198015060544073,0.16694720958516432,0.008619501509535521,0.8133578112021492,0.41568145897685005,0.0008092463330570954,0.04975634124785899,3.2124709437051577,2.4226032961662436,2.236441570279955,0.18616172588628882,1.6267156223753383,0.9760293734252026,0.6506862489501357,0.07425275738720905,0.051225782712307676,0.06500222937786003,1.2115531632130914,0.15763452093868138,0.008722486619309073
2321,0.7998775933143635,0.41341167900856246,0.009168581512650195,0.04893170243738085,3.106241416595509,2.339317660028703,2.1463883046523464,0.19292935537635675,1.599755186571937,0.9598531119431625,0.6399020746287746,0.07652607248633991,0.053151629476361,0.06703313175195526,1.1980150602312838,0.16694720959757625,0.008619501510292102,0.8133578112305215,0.4156814590402963,0.0008092464204852295,0.04975634118160645,3.2124709432062253,2.422603295764116,2.2364415697636466,0.1861617260004692,1.6267156224042985,0.9760293734425788,0.6506862489617197,0.07425275743674312,0.05122578275427064,0.06500222942241439,1.2115531629104006,0.1576345209501893,0.008722486620060414
2322,0.7998775933579445,0.4134116790792788,0.009168581594053843,0.048931702379652386,3.1062414161838947,2.3393176596973007,2.1463883042066585,0.1929293554906423,1.5997551866287267,0.9598531119772362,0.6399020746514905,0.07652607253529387,0.053151629517832505,0.06703313179599214,1.198015059941119,0.16694720961294232,0.008619501511189115,0.8133578112744033,0.41568145910901955,0.0008092465148485384,0.049756341117929426,3.2124709428050258,2.4226032954401457,2.2364415693284,0.1861617261117457,1.626715622461043,0.9760293734766256,0.6506862489844175,0.07425275748246696,0.05122578279300576,0.06500222946359396,1.211553162630825,0.15763452096448655,0.008722486620953878
2323,0.7998775934184162,0.4134116791558001,0.0091685816832245,0.04893170232470853,3.1062414158773324,2.3393176594497667,2.1463883038477984,0.19292935560196803,1.5997551867158892,0.9598531120295337,0.6399020746863555,0.07652607257995502,0.05315162955566735,0.06703313183622857,1.198015059676222,0.16694720963159354,0.008619501512242209,0.813357811335516,0.4156814591835976,0.0008092466167595319,0.04975634105712906,3.2124709425126956,2.42260329520318,2.2364415689834116,0.18616172621976837,1.6267156225488066,0.9760293735292838,0.6506862490195229,0.07425275752393846,0.051225782828138486,0.06500222950100623,1.2115531623770361,0.15763452098188316,0.008722486622005171
2324,0.7998775934977872,0.4134116792388064,0.009168581781297647,0.04893170227289004,3.1062414156883142,2.3393176592961735,2.1463883035862144,0.1929293557099594,1.5997551868368327,0.9598531121020998,0.6399020747347329,0.07652607261980081,0.053151629589422864,0.06703313187220354,1.1980150594396597,0.1669472096539167,0.008619501513469845,0.8133578114158904,0.41568145926471683,0.0008092467273247347,0.04975634099955829,3.212470942341996,2.422603295063522,2.2364415687393775,0.1861617263241445,1.626715622671032,0.9760293736026189,0.6506862490684131,0.07425275756064427,0.051225782859233945,0.06500222953419817,1.2115531621521365,0.15763452100274172,0.008722486623232861
2325,0.7998775935983643,0.41341167932909006,0.009168581889452423,0.04893170222458949,3.106241415631156,2.3393176592480187,2.1463883034338114,0.19292935581420728,1.5997551869955744,0.9598531121973448,0.6399020747982296,0.0765260726542434,0.05315162961860101,0.0670331319033981,1.1980150592348808,0.16694720968035848,0.008619501514893338,0.81335781151786,0.4156814593531764,0.000809246847688419,0.04975634094562437,3.212470942307566,2.4226032950329395,2.2364415686084977,0.18616172642444162,1.6267156228317807,0.9760293736990681,0.6506862491327127,0.07425275759200606,0.05122578288580218,0.06500222956265897,1.2115531619596216,0.1576345210274814,0.008722486624658373
2326,0.799877593722854,0.4134116794275932,0.009168582009155976,0.048931702180266504,3.1062414157224363,2.339317659318658,2.146388303404399,0.19292935591425936,1.5997551871967288,0.9598531123180374,0.6399020748786914,0.07652607268261026,0.053151629642632106,0.06703313192921939,1.198015059065832,0.1669472097114436,0.008619501516537797,0.8133578116441683,0.4156814594499291,0.0008092469792892187,0.04975634089580478,3.2124709424263838,2.4226032951251337,2.236441568604952,0.18616172652018137,1.62671562303572,0.9760293738214317,0.6506862492142883,0.07425275761736116,0.05122578290728186,0.06500222958580422,1.211553161803496,0.15763452105659514,0.008722486626307029
2327,0.7998775938744506,0.41341167953544566,0.009168582142146997,0.048931702140462066,3.1062414159815,2.3393176595236946,2.146388303514075,0.19292935600961966,1.599755187445708,0.9598531124674249,0.6399020749782832,0.07652607270413275,0.05315162966086497,0.0670331319489904,1.198015058937024,0.16694720974779298,0.008619501518433034,0.8133578117980559,0.4156814595561176,0.0008092471238255877,0.04975634085066241,3.2124709427182943,2.4226032953561276,2.2364415687452928,0.18616172661083488,1.6267156232883366,0.9760293739730017,0.6506862493153349,0.07425275763595075,0.05122578292303008,0.06500222960296526,1.2115531616883457,0.15763452109066717,0.008722486628208893
2328,0.7998775940569668,0.4134116796540188,0.009168582290540371,0.048931702105818806,3.1062414164311343,2.3393176598815386,2.1463883037817935,0.192929356099745,1.5997551877489011,0.9598531126493407,0.6399020750995604,0.07652607271792614,0.05315162967255006,0.06703313196193268,1.1980150588536476,0.1669472097901498,0.00861950152061481,0.8133578119833982,0.4156814596731302,0.0008092472833775566,0.049756340810866925,3.21247094320671,2.4226032957448616,2.236441569049043,0.1861617266958184,1.6267156235961118,0.9760293741576668,0.650686249438445,0.07425275764689998,0.05122578293230575,0.06500222961337207,1.211553161619458,0.1576345211303979,0.008722486630400109
2329,0.7998775942749912,0.41341167978498927,0.00916858245690294,0.04893170207710576,3.106241417098409,2.3393176604140873,2.1463883042300487,0.19292935618403867,1.5997551881139336,0.9598531128683603,0.6399020752455733,0.07652607272296669,0.05315162967682019,0.06703313196714664,1.19801505882171,0.16694720983941114,0.008619501523126414,0.8133578122048639,0.4156814598026663,0.0008092474604662614,0.04975634077722075,3.212470943919485,2.422603296313895,2.2364415695394078,0.18616172677448709,1.6267156239667961,0.9760293743800774,0.6506862495867187,0.07425275764919471,0.05122578293424976,0.06500222961613311,1.2115531616029618,0.157634521176634,0.008722486632924478
2330,0.7998775945340995,0.4134116799304293,0.0091685826443893,0.0489317020552503,3.106241418015762,2.3393176611476227,2.146388304885772,0.19292935626185065,1.5997551885499823,0.9598531131299896,0.6399020754199928,0.07652607271806537,0.053151629672668024,0.06703313196358866,1.1980150588481888,0.1669472098966707,0.008619501526020751,0.8133578124681357,0.4156814599468279,0.0008092476582054475,0.049756340750692865,3.212470944890061,2.422603297090354,2.236441570244225,0.18616172684612928,1.6267156244097276,0.9760293746458363,0.6506862497638913,0.07425275764165465,0.05122578292786216,0.06500222961021206,1.2115531616459905,0.1576345212304089,0.008722486635835608
2331,0.7998775948411472,0.4134116800929282,0.009168582856948382,0.048931702041382696,3.106241419222492,2.3393176621140457,2.146388305781573,0.19292935633247255,1.5997551890681987,0.9598531134409193,0.6399020756272794,0.07652607270182765,0.05315162965891218,0.06703313195003677,1.1980150589412666,0.1669472099632771,0.008619501529363235,0.813357812780211,0.4156814601082441,0.0008092478804987979,0.049756340732465855,3.21247094615903,2.422603298107227,2.2364415711972674,0.18616172690995958,1.626715624936271,0.9760293749617625,0.6506862499745086,0.0742527576228929,0.05122578291196807,0.0650022295943932,1.2115531617569255,0.15763452129299937,0.008722486639199898
2332,0.7998775952046201,0.41341168027574615,0.009168583099469385,0.048931702036888125,3.10624142076655,2.339317663352319,2.146388306957173,0.19292935639514633,1.5997551896822944,0.9598531138093768,0.6399020758729176,0.07652607267261895,0.05315162963416793,0.06703313192506062,1.1980150591105347,0.1669472100409056,0.008619501533235324,0.8133578131497623,0.41568146029022746,0.0008092481321871764,0.04975634072399056,3.2124709477759894,2.4226032994048605,2.2364415724397366,0.18616172696512384,1.626715625560422,0.976029375336253,0.650686250224169,0.07425275759128083,0.05122578288518781,0.06500222956725087,1.2115531619456106,0.15763452136599332,0.008722486643100116
2333,0.7998775956351346,0.41341168048302507,0.009168583378156021,0.048931702043480615,3.106241422707034,2.3393176649105536,2.14638830846149,0.19292935644906373,1.5997551904092402,0.9598531142455442,0.639902076163696,0.07652607262850251,0.05315162959679454,0.06703313188696852,1.198015059367359,0.1669472101316589,0.008619501537739495,0.8133578135876546,0.4156814604969901,0.0008092484194287056,0.049756340727064266,3.212470949802191,2.422603301033166,2.2364415740224763,0.1861617270106899,1.6267156262995246,0.9760293757797145,0.6506862505198101,0.07425275754488483,0.051225782845883285,0.0650022295270955,1.2115531622237317,0.1576345214513862,0.008722486647640538
2334,0.799877596146088,0.41341168072007517,0.00916858370088873,0.04893170206329821,3.10624142511742,2.339317666848645,2.146388310355259,0.1929293564933863,1.5997551912702692,0.9598531147621616,0.6399020765081076,0.0765260725671759,0.05315162954484147,0.0670331318337532,1.1980150597252495,0.16694721023819908,0.008619501543005802,0.8133578141076158,0.4156814607339361,0.0008092487500578616,0.04975634074393105,3.2124709523138937,2.422603303054372,2.2364415760087084,0.18616172704566347,1.626715627175309,0.9760293763051852,0.6506862508701238,0.07425275748140202,0.0512257827921036,0.06500222947191867,1.2115531626052063,0.15763452155170782,0.008722486652953661
2335,0.799877596754549,0.41341168099376935,0.009168584077799025,0.04893170209903129,3.106241428089845,2.339317669241823,2.1463883127145396,0.1929293565272838,1.599755192292176,0.9598531153753056,0.6399020769168704,0.07652607248588886,0.05315162947597889,0.06703313176302225,1.1980150602003445,0.1669472103639294,0.008619501549200891,0.8133578147271552,0.41568146100806325,0.0008092491341614577,0.04975634077741715,3.2124709554068858,2.4226033055467586,2.2364415784777467,0.1861617270690121,1.6267156282152317,0.9760293769291389,0.6506862512860928,0.07425275739807646,0.051225782721514054,0.06500222939932215,1.2115531631066911,0.15763452167019595,0.008722486659209432
2336,0.7998775974824541,0.41341168131307776,0.00916858452199762,0.04893170215409409,3.106241431740879,2.3393176721854108,2.14638831563542,0.19292935654999077,1.599755193509098,0.9598531161054586,0.6399020774036392,0.07652607238133906,0.053151629387409166,0.06703313167191001,1.1980150608120221,0.16694721051323885,0.008619501556540163,0.8133578154687993,0.41568146132850975,0.0008092495848179421,0.04975634083111172,3.2124709592025296,2.422603308609653,2.2364415815299434,0.18616172707970946,1.6267156294543101,0.9760293776725859,0.6506862517817242,0.07425275729159288,0.051225782631306116,0.06500222930642792,1.2115531637482224,0.15763452181103027,0.008722486666627746
2337,0.7998775983583356,0.4134116816898677,0.009168585050771644,0.04893170223286857,3.1062414362193507,2.339317675801362,2.1463883192404056,0.19292935656095633,1.5997551949649083,0.9598531169789449,0.6399020779859633,0.07652607224955937,0.05315162927577154,0.0670331315569852,1.198015061583562,0.16694721069185656,0.00861950156530553,0.8133578163618712,0.4156814617073676,0.0008092501192864116,0.04975634090962343,3.2124709638559805,2.422603312370286,2.236441585293422,0.1861617270768644,1.6267156309375985,0.9760293785625589,0.6506862523750396,0.07425275715796119,0.051225782518099575,0.0650022291897834,1.2115531645539157,0.15763452197967157,0.008722486675496627
2338,0.7998775994195746,0.4134116821399192,0.009168585686830752,0.04893170234102023,3.106241441717164,2.3393176802471323,2.1463883236871615,0.19292935655997082,1.5997551967166712,0.9598531180300027,0.6399020786866685,0.07652607208574433,0.05315162913699506,0.0670331314141043,1.1980150625431627,0.16694721090731546,0.008619501575868434,0.8133578174448141,0.41568146216071894,0.0008092507602641755,0.049756341018913366,3.212470969567533,2.422603316993109,2.236441589933288,0.18616172705982104,1.6267156327237422,0.9760293796342451,0.6506862530894971,0.07425275699233974,0.05122578237779279,0.06500222904521201,1.2115531655530327,0.15763452218330415,0.008722486686195782
2339,0.7998776007157248,0.41341168268446943,0.009168586460700942,0.04893170248595862,3.106241448484209,2.3393176857281883,2.14638832918072,0.19292935654746812,1.599755198839149,0.9598531193034894,0.6399020795356596,0.07652607188405303,0.05315162896613158,0.06703313123825219,1.1980150637250988,0.1669472111696339,0.008619501588724064,0.8133578187686143,0.41568146271020656,0.0008092515382828944,0.04975634116677938,3.2124709765982646,2.42260332269291,2.236441595664488,0.18616172702842176,1.6267156348896281,0.9760293809337767,0.6506862539558514,0.07425275678883465,0.05122578220539274,0.06500222886765061,1.2115531667811954,0.1576345224314883,0.00872248669923166
2340,0.7998776023130645,0.4134116833523199,0.009168587413493468,0.04893170267746612,3.1062414568492844,2.3393176925153236,2.1463883359904146,0.1929293565249092,1.5997552014314496,0.9598531208588698,0.6399020805725798,0.07652607163734718,0.05315162875713385,0.06703313102332756,1.1980150651712589,0.16694721149225508,0.008619501604538263,0.8133578204014866,0.4156814633851782,0.0008092524944778301,0.04975634136351777,3.212470985291961,2.422603329752963,2.236441602769624,0.18616172698333924,1.6267156375372285,0.976029382522337,0.6506862550148915,0.07425275654023333,0.05122578199478928,0.06500222865093118,1.2115531682819947,0.15763452273705575,0.008722486715285437
2341,0.7998776043010986,0.4134116841828664,0.009168588601225505,0.04893170292859207,3.106241467249403,2.3393177009691106,2.1463883444737255,0.192929356495385,1.599755204626129,0.9598531227756774,0.6399020818504516,0.07652607133685636,0.05315162850257202,0.06703313076187462,1.1980150669331082,0.16694721189338704,0.008619501624214673,0.8133578224355628,0.4156814642257658,0.0008092536849076473,0.04975634162286492,3.2124709961058366,2.422603338550655,2.236441611624053,0.18616172692660246,1.626715640802973,0.9760293844817838,0.6506862563211893,0.07425275623766558,0.051225781738467965,0.06500222838750896,1.2115531701090414,0.1576345231173893,0.008722486735281613
2342,0.7998776068017719,0.4134116852304205,0.009168590100753354,0.0489317032569226,3.1062414802711436,2.3393177115743478,2.1463883551098255,0.19292935646452214,1.5997552086021969,0.9598531251613182,0.6399020834408787,0.07652607097176305,0.053151628193281966,0.0670331304447557,1.1980150690741251,0.16694721239790591,0.008619501648990086,0.8133578249963647,0.4156814652872746,0.0008092551864719716,0.049756341963336045,3.2124710096538527,2.422603349593572,2.2364416227311774,0.18616172686239457,1.6267156448711253,0.9760293869226753,0.65068625794845,0.07425275587018478,0.05122578142715532,0.06500222806813243,1.2115531723284945,0.15763452359623756,0.00872248676048551
2343,0.7998776099827429,0.41341168657048716,0.009168592018474489,0.04893170368642177,3.106241496709424,2.3393177249891974,2.1463883685472975,0.1929293564419,1.599755213603544,0.9598531281621264,0.6399020854414176,0.07652607052871707,0.053151627817954024,0.0670331300607836,1.1980150716726503,0.1669472130401053,0.008619501680572319,0.813357828256441,0.41568146664655203,0.0008092571055718159,0.049756342410170566,3.2124710267682817,2.422603363570956,2.236441636772644,0.18616172679831222,1.6267156499927293,0.9760293899956377,0.6506862599970916,0.07425275542428168,0.051225781049406977,0.06500222768147615,1.211553175022003,0.15763452420633436,0.008722486792643985
2344,0.7998776140770684,0.41341168830924396,0.009168594503575989,0.04893170425021243,3.1062415176522404,2.3393177421164637,2.146388385672949,0.19292935644351467,1.5997552199654859,0.9598531319792915,0.6399020879861944,0.07652606999143019,0.053151627362789576,0.06703312959646765,1.1980150748242653,0.16694721386778777,0.008619501721346194,0.8133578324555516,0.4156814684115772,0.0008092595912036621,0.049756342998278656,3.212471048588452,2.4226033814283037,2.2364416546807226,0.18616172674758125,1.6267156565128815,0.976029393907729,0.6506862626051525,0.07425275488348786,0.0512257805912716,0.06500222721389784,1.2115531782890994,0.15763452499329092,0.008722486834195306
2345,0.7998776194134701,0.41341169059848426,0.009168597768085304,0.048931704995152155,3.1062415446059655,2.339317764209827,2.1463884077134834,0.19292935649634357,1.5997552281541367,0.959853136892482,0.6399020912616548,0.0765260693410627,0.0531516268118285,0.06703312903656598,1.1980150786395245,0.16694721494860082,0.008619501774693467,0.8133578379315957,0.4156814707364999,0.0008092628545136801,0.04975634377710964,3.2124710766919375,2.422603404478462,2.2364416777452756,0.1861617267331863,1.6267156649111032,0.976029398946662,0.6506862659644412,0.07425275422880842,0.05122578003665765,0.06500222665003873,1.211553182244588,0.15763452602159922,0.00872248688859377
