Year,GDP ($Y_t$): Baseline,Labor ($L_t$): Baseline,Government Expenditures ($G_t$): Baseline,Lump sum transfers ($TR_t$): Baseline,Wealth ($B_t$): Baseline,Capital Stock ($K_t$): Baseline,Domestically-owned Capital Stock ($K^d_t$): Baseline,Foreign-owned Capital Stock ($K^f_t$): Baseline,Government Debt ($D_t$): Baseline,Domestically-owned Gov Debt ($D^d_t$): Baseline,Foreign-owned Gov Debt ($D^f_t$): Baseline,Real interest rate ($r_t$): Baseline,"Real interest rate on gov debt ($r_{gov,t}$): Baseline","Real interest rate on HH portfolio ($r_{p,t}$): Baseline",Wage rate: Baseline,Total tax revenue ($REV_t$): Baseline,Business tax revenue: Baseline,GDP ($Y_t$): Reform,Labor ($L_t$): Reform,Government Expenditures ($G_t$): Reform,Lump sum transfers ($TR_t$): Reform,Wealth ($B_t$): Reform,Capital Stock ($K_t$): Reform,Domestically-owned Capital Stock ($K^d_t$): Reform,Foreign-owned Capital Stock ($K^f_t$): Reform,Government Debt ($D_t$): Reform,Domestically-owned Gov Debt ($D^d_t$): Reform,Foreign-owned Gov Debt ($D^f_t$): Reform,Real interest rate ($r_t$): Reform,"Real interest rate on gov debt ($r_{gov,t}$): Reform","Real interest rate on HH portfolio ($r_{p,t}$): Reform",Wage rate: Reform,Total tax revenue ($REV_t$): Reform,Business tax revenue: Reform
2026,0.7142310549880897,0.3426336100910955,0.008021612657280694,0.04369233812799267,2.6438356329853088,2.35794321723787,2.2446140735141937,0.11332914372367653,0.6653692657851917,0.39922155947111504,0.2661477063140767,0.062195971876958266,0.04101183508635888,0.05753376466525946,1.2907144531081916,0.13683875353807531,0.007437180001345469,0.7203665730490044,0.3470094157892417,0.00809052137945496,0.04406766942731109,2.6438356329853088,2.3622571717789365,2.2446140735141937,0.1176430982647426,0.6653692657851917,0.39922155947111504,0.2661477063140767,0.0629466249632216,0.041647753449659944,0.058265844444026486,1.2853863671874453,0.1329304250942585,0.007516434416954978
2027,0.7132676466099336,0.3439288432149623,0.008010792504913508,0.04363340754593318,2.6004103138850057,2.335229889046719,2.217958236349389,0.11727165269733,0.6374201292260279,0.3824520775356168,0.2549680516904111,0.06312635798773289,0.04180001490421188,0.05855337559778778,1.2841191831032237,0.13672130368287286,0.007445975797149205,0.719490308599769,0.3480721024722144,0.008080679950763192,0.04401406910579633,2.607238742382097,2.343040969793935,2.222098664847853,0.12094230494608199,0.6419001292237398,0.38514007753424395,0.2567600516894959,0.06372770338430864,0.04230944674079121,0.059121775992048584,1.2799032157403967,0.13281691100388937,0.00752304405749643
2028,0.7123738272055508,0.34483129097754106,0.008000753914463754,0.043578718375399284,2.563814428983754,2.317657040539964,2.1974443026306743,0.1202127379092895,0.6106168772551327,0.3663701263530797,0.244246750902053,0.0638351738412651,0.04240049071082425,0.05936550360017241,1.27915359390787,0.13657526364498743,0.0074507627521949536,0.7187311483566046,0.34878220174252433,0.008072153733129637,0.04396762015833766,2.5772581691212957,2.328824689443117,2.2055249509512667,0.1232997384918503,0.6195553636167151,0.37173321817002913,0.24782214544668602,0.0642963624037628,0.04279118819972237,0.05977737614383305,1.2759496925017966,0.13268793631252002,0.007526426312407109
2029,0.7117281976134316,0.3454453742375529,0.007993502772873246,0.04353921964240896,2.534063592587507,2.3054659579661982,2.1832259849783524,0.12223997298784593,0.5847293460152573,0.35083760760915444,0.23389173840610283,0.06432918922063928,0.04281899755139558,0.059977344791120844,1.2757224557878377,0.1364254121841009,0.0074537363684021,0.718102784589918,0.34921509941169243,0.008065096506047411,0.04392917865256411,2.5527777901944457,2.3188006270621124,2.1939129052553237,0.12488772180678875,0.5981081415652034,0.3588648849391221,0.2392432566260813,0.06468678119479032,0.04312193283147773,0.06026492383700306,1.2732538528950954,0.13254474359367427,0.007527545867706093
2030,0.7112320626226002,0.345853310044246,0.007987930622664459,0.04350886823667573,2.5089212524235966,2.2968363881998406,2.1731907188891664,0.1236456693106741,0.5595508892240503,0.3357305335344303,0.22382035568962003,0.06467579623148711,0.04311262688174872,0.060451673635598606,1.2733295073232787,0.13627550509298922,0.007455309426331425,0.7175874054279503,0.3494625292094228,0.008059308222297962,0.04389765030489626,2.5322507462943222,2.3117692249038106,2.1858292001616904,0.1259400247421202,0.5773692435543865,0.34642154613263193,0.23094769742175453,0.06495080848514809,0.043345604465450376,0.06063318127827886,1.2714392012780644,0.13240002071761967,0.0075273168272044725
2031,0.7109977616169367,0.34614502853309476,0.007985299160619344,0.043494535029231986,2.4882544816284993,2.2917061919296446,2.1671709506943864,0.12453524123525815,0.5351392182235216,0.321083530934113,0.21405568728940857,0.0648928041824432,0.04329646591940892,0.06080447098796996,1.2718372882083948,0.13615195064736804,0.007457069081624288,0.7173029944523722,0.3496120342169551,0.008056113969309893,0.04388025183968629,2.5156562155624513,2.3077584382172502,2.181209001861609,0.12654943635564134,0.5574120228347369,0.3344472137008422,0.22296480913389471,0.06510365380644381,0.043475087909048055,0.06089585382117782,1.2703917988833866,0.1322789956390106,0.0075273162372210154
2032,0.7111658952580742,0.3464116959376432,0.007987187489241354,0.043504820855850584,2.4722265028382537,2.290260020124336,2.165271984118511,0.12498803600582487,0.5115908645329047,0.3069545187197429,0.2046363458131618,0.0649916990332129,0.04338024503494339,0.0610456434633431,1.2711587759087948,0.13608322834310507,0.007460748821417471,0.7173871959524236,0.3497517084286313,0.008057059646221948,0.04388540328502432,2.503191870484631,2.3069710953710314,2.180181176539108,0.12678991883192364,0.5383511565758724,0.3230106939455235,0.21534046263034892,0.06515600825517115,0.04351944016171373,0.06106223233993015,1.2700335504787028,0.13220811411545844,0.007529219871641046
2033,0.7117514785188446,0.34669961332172844,0.00799376424344951,0.043540644041953944,2.460278508197471,2.292117058141484,2.167019973328437,0.1250970848130466,0.4887642247817227,0.29325853486903364,0.19550568991268905,0.06499312764600014,0.04338145528921675,0.061194674462923024,1.2711489815605415,0.136077111150105,0.007466919842301187,0.7178701835050468,0.34992752528450266,0.008062484136011874,0.043914950327237565,2.4944605115560377,2.309164228973737,2.1824254008543074,0.12673882811942938,0.5200585178362168,0.3120351107017301,0.2080234071344867,0.06512435847792761,0.04349262794324442,0.061148070483246546,1.2702500904920724,0.1321973799524329,0.007533672137923627
2034,0.7126988149530149,0.3470261304606126,0.008004403889930815,0.043598597289450466,2.451490505919676,2.2966191086578593,2.171664582921039,0.12495452573682067,0.4663765383310621,0.2798259229986373,0.18655061533242479,0.0649210674291756,0.04332040922682021,0.06127499824546128,1.2716432795994912,0.13612859550282533,0.0074754593852374715,0.7186919515296889,0.3501516144356659,0.00807171350897428,0.043965221968022786,2.4885757332694824,2.313702453295816,2.187222403773427,0.12648004952238928,0.5022555491600925,0.30135332949605553,0.200902219664037,0.065030860945028,0.043413421184247146,0.06117515140089483,1.2708903442203499,0.13223822087778728,0.007540469706054562
2035,0.7139024977579983,0.3473637491772749,0.008017922592536048,0.043672232313372986,2.445080351081339,2.303174142062077,2.1785781238788546,0.12459601818322247,0.44417037867080733,0.26650222720248445,0.17766815146832288,0.06478864688271452,0.043208228702002624,0.06129967293774681,1.2725529374072604,0.13621852087099762,0.0074855050976871396,0.7197430122145634,0.350395323518496,0.00808351809466749,0.04402952046103273,2.4847348230492963,2.3199724325310207,2.193922087031827,0.12605034549919403,0.48468789336244883,0.29081273601746926,0.19387515734497954,0.06488894676763507,0.04329319809708693,0.061156860884691126,1.2718637674234687,0.13231326639545474,0.0075487152790141045
2036,0.7153116773055589,0.34770362112818076,0.008033749253132992,0.04375843840636495,2.4406345340016964,2.3114531887226115,2.1874047669156687,0.12404842180694298,0.4220496118100464,0.2532297670860279,0.1688198447240185,0.06460482625374694,0.04305250441917057,0.061277162680904496,1.2738185228582628,0.1363384169863089,0.007496682770654461,0.7209722652269991,0.35064875249703864,0.008097323979268404,0.044104719792813094,2.482535938463734,2.3276537503986505,2.202179277096378,0.12547447330227277,0.4672611022789273,0.2803566613673564,0.18690444091157093,0.06470691855682058,0.0431389922675046,0.06110112485445328,1.2731152131089507,0.13241479808247106,0.007558022994892359
2037,0.7169104574727494,0.3480571779766721,0.008051705340502447,0.04385624312380944,2.437856161318856,2.321205354640342,2.197853218611326,0.12335213602901576,0.40000490451254944,0.24000294270752973,0.16000196180501972,0.06438030807766937,0.04286230306827317,0.06121725455401156,1.275368799137159,0.13648768078715354,0.007509018132415864,0.7223620246504739,0.3509203871784534,0.008112932530176496,0.04418973792549013,2.4817016562234318,2.3365107218567065,2.211722806296041,0.12478791556066567,0.4499647498789844,0.26997884992739063,0.17998589995159375,0.06449417321549114,0.042958764314361034,0.061016587889386784,1.2745819450108373,0.13254100632171745,0.007568379589734056
2038,0.7187300316458431,0.3484521432605121,0.008072141191220242,0.04396755469754217,2.4367068261693974,2.3324028246077897,2.2098622046564254,0.12254061995136414,0.378074369188287,0.22684462151297224,0.15122974767531477,0.06412228876478648,0.0426437211132381,0.06112631468848312,1.2771565298805316,0.136674680306494,0.007522962069447466,0.7239438192085654,0.35123501998760487,0.00813069785018014,0.04428650355881554,2.4822348248943977,2.346548232347442,2.2225309451346624,0.12401728721277974,0.4328397995995591,0.2597038797597354,0.17313591983982365,0.0642560765184015,0.04275705987233398,0.06090798005931438,1.2762287299582513,0.13269941984323594,0.007580208988768297
2039,0.7209549264887263,0.3489863678623067,0.00809712924586747,0.04410366138253011,2.4376421363723844,2.3455605603886536,2.2238967183667073,0.1216638420219463,0.35624236334279497,0.213745418005677,0.14249694533711796,0.06383583474632809,0.04240105059883863,0.06100957429110285,1.2791490029177113,0.13693445170073232,0.007540526857878527,0.7258980522160836,0.35168681922063944,0.008152646070043873,0.044406052472622325,2.484605125671397,2.3582841141076103,2.235075910268955,0.12320820383865538,0.41588202567073645,0.24952921540244186,0.1663528102682946,0.06399658234759018,0.042537228486293946,0.06077954847005328,1.2780298870219977,0.13292239984842427,0.00759546464415075
2040,0.7237476392830097,0.34974201882851513,0.008128494530451948,0.04427450340754141,2.441007173318886,2.3611762711808333,2.2404197637050154,0.12075650747581786,0.33431234935645054,0.20058740961387037,0.13372493974258018,0.06352368142993739,0.04213660883513885,0.060871108552855144,1.2813295507020714,0.137297110838258,0.007563441913180068,0.728382355258887,0.3523545862642437,0.008180547568576451,0.044558027537068154,2.4891618188964513,2.372209047173768,2.249816582245638,0.12239246492813005,0.39890872775135566,0.2393452366508134,0.15956349110054227,0.06371764481648076,0.04230092559019941,0.06063465036976737,1.2799734635600049,0.1332383702435673,0.007615816597323792
2041,0.7272115341260253,0.3507617126762743,0.14921203386815482,0.044486403954492756,2.4471124570992355,2.3796757141863782,2.2598577218502847,0.11981799233609361,0.31209122541491785,0.18725473524895073,0.12483649016596712,0.06318317437856753,0.04184814710659593,0.06070952449595219,1.2837193283476047,0.13778101756941724,0.007592702087036111,0.7314909549112278,0.3532754344745498,0.13765767632046375,0.044748192844220255,2.4962054986732385,2.3887282140724393,2.267162509687397,0.12156570438504236,0.3817383149764025,0.2290429889858415,0.152695325990561,0.06341578118298723,0.04204520076702327,0.06047115392765175,1.28208555225716,0.1336631800199003,0.007642155306891355
2042,0.7201566619995513,0.350189367133469,0.1343100732844344,0.04405483168788768,2.456303595303698,2.3256975635066084,2.2005089494845196,0.12518861402208892,0.42632440969863106,0.25579464581917866,0.1705297638794524,0.0646737832495543,0.04311092157712866,0.06133340804303754,1.2733433728134744,0.13721072369284093,0.007548820353477877,0.7249241256899436,0.3527325427842243,0.12348408603451332,0.044346476116267824,2.5060514058014025,2.3386671583435588,2.2121338011247977,0.12653335721876102,0.48986267446100784,0.2939176046766047,0.19594506978440313,0.06479177667646935,0.04321088011762786,0.06105425407059177,1.2725314083712154,0.13317328992507732,0.007601132847407327
2043,0.7140153541679496,0.34983134452574405,0.12093053314388805,0.04367914592653955,2.464274170188719,2.2777627175026627,2.1476401895115123,0.1301225279911502,0.5277233011286783,0.31663398067720694,0.2110893204514713,0.06607667764471646,0.044299388425505515,0.06198027786594626,1.2637766830591288,0.13676882659104583,0.007511533422450767,0.7192380461955865,0.3523964656098425,0.11079099531406825,0.0439986385868071,2.5147853630129826,2.2943571718910603,2.1632686237212453,0.13108854816981502,0.5858612321528957,0.35151673929173743,0.23434449286115824,0.0660800132680024,0.0443022142103313,0.061650216026316096,1.263754153906576,0.13279904418772528,0.007566540760902525
2044,0.7086322655371697,0.34962629136024265,0.10901041694773865,0.04334984350246561,2.4710856491960054,2.2350742938408885,2.1004332240863652,0.13464106975452342,0.6177540418494003,0.3706524251096402,0.2471016167397601,0.06739082208660893,0.0454126704434206,0.06263165063567983,1.2549844576490994,0.13642430915448894,0.007479497485894599,0.7142781868139553,0.3522081714652026,0.09951997245211079,0.043695226910490055,2.5224194520942262,2.2550010169675527,2.119745821188192,0.13525519577936068,0.6711227181767233,0.40267363090603403,0.2684490872706893,0.06728141955846689,0.0453199897125874,0.06224443947380945,1.2557102782490115,0.1325119276933351,0.007537046668386923
2045,0.7037986081738289,0.3494908203670245,0.09827898340848153,0.04305415199801461,2.4765057178664653,2.1966452330889115,2.057882663403329,0.13876256968558273,0.6977050907718941,0.41862305446313647,0.27908203630875766,0.06861958967444318,0.04645362516355987,0.06327631409689251,1.2469072206959608,0.1361373064666762,0.007450825489762363,0.7098352369527181,0.3520853183758167,0.0893910237570588,0.0434234366750442,2.5286796261489695,2.2196126396374445,2.080559975915864,0.13905266372158037,0.7468660837218419,0.44811965023310524,0.2987464334887367,0.06840087255759696,0.046268338200093004,0.06282859287597305,1.2483349500306529,0.13227439572028613,0.00751075544103549
2046,0.6994115691718008,0.3493781726970464,0.08840871021854638,0.04278578189350912,2.480732620647686,2.162004215393708,2.0195160386500035,0.14248817674370412,0.7686943033294705,0.4612165819976823,0.30747772133178825,0.06975960085375874,0.047419389584650834,0.06389997515069987,1.2395343131065466,0.13588690183464172,0.007424573993597134,0.7058071806739803,0.3519819921042642,0.08006797386202932,0.04317702710968596,2.5337399732382404,2.187733649172946,2.0452520595941195,0.14248158957882695,0.8141465227402014,0.48848791364412086,0.3256586090960805,0.06943600438356466,0.04714525371355203,0.06339047839152323,1.2416154860705042,0.13206705834135665,0.007486722010812104
2047,0.6954974145308895,0.3492960828429272,0.07944387948205692,0.04254633990748904,2.4843926840035304,2.1311903857931065,1.9853683719050004,0.14582201388810598,0.8317071868308836,0.49902431209853015,0.3326828747323535,0.07080277323966254,0.04830311668632306,0.06448695329409984,1.232887122793953,0.13567862513434345,0.007401062353011311,0.7022228337387257,0.3519068985735505,0.0716051429238746,0.04295776091377268,2.538219950352757,2.1594283331928374,2.0138839663921706,0.14554436680066696,0.8738933066009773,0.5243359839605863,0.3495573226403909,0.07037937885151282,0.04794443666319377,0.06391591950220638,1.235573717422419,0.1318960537037553,0.00746527616249503
2048,0.6919955600628449,0.34922505350563204,0.07135883235298393,0.042332119865072154,2.48761956966287,2.1038230248545284,1.9550379990304858,0.14878502582404263,0.8876359510539732,0.5325815706323839,0.3550543804215893,0.0717504417540637,0.049105937352297804,0.0650312868638824,1.2269289904993794,0.13550298691864357,0.007379833898967866,0.6990228042222137,0.35184095079668337,0.06397972212537134,0.04276200476488917,2.5422422009080683,2.1343335155873393,1.9860730752948934,0.14826044029244584,0.9269485426886249,0.5561691256131749,0.37077941707545,0.07123285267847708,0.048667459973289084,0.0644001071527521,1.2301737486801088,0.13175277128353424,0.007445960525899908
2049,0.688895991529954,0.3491651423079739,0.06412854571940546,0.042142509171159796,2.4907161828254925,2.0797477332064105,1.9283533020488055,0.15139443115760517,0.937271467961145,0.562362880776687,0.3749085871844581,0.07260138707490874,0.04982681862967209,0.0655262077575947,1.2216429426349305,0.13535591172685185,0.007360901313129433,0.6961988582498372,0.35178466370069456,0.05716909452597384,0.04258925502197641,2.546104927484323,2.1123152364662507,1.9616699779257996,0.1506452585404513,0.9740582492642055,0.5844349495585233,0.38962329970568216,0.07199557441730978,0.04931360233743633,0.06483715245379923,1.225400075578697,0.13163378669799755,0.007428792285159191
2050,0.6861892128136453,0.34912655471795145,0.05767242705550586,0.04197692683661303,2.493834140973992,2.058727745562737,1.9050400292913794,0.1536877162713577,0.9813235194710213,0.5887941116826128,0.39252940778840856,0.07336051561462224,0.050469917002733844,0.0659714690733742,1.216977412836667,0.13523912683946412,0.007344363713500609,0.6937432772154848,0.35174861730504087,0.05109450029982884,0.042439039423158006,2.5499562821808395,2.0931555875754944,1.9404209645881882,0.15273462298730606,1.0158921959877518,0.6095353175926512,0.40635687839510065,0.07267263285567513,0.04988717473973967,0.06522740492617603,1.2212030714419995,0.13154121586249168,0.007413876547321273
2051,0.6838206280386646,0.3491048148259671,0.05189037287918953,0.04183203289080824,2.4968746374432484,2.040325794849763,1.8846172313912595,0.15570856345850342,1.0204290100866482,0.612257406051989,0.4081716040346593,0.07403812731548444,0.05104395810327861,0.0663720725719096,1.2128521790149533,0.13514937728351673,0.007329900348638226,0.6916028160554064,0.35172848869026424,0.04565787148960831,0.04230810072258356,2.5536926716248893,2.0764323986184587,1.921861692525645,0.15457070609281387,1.0530516318320735,0.6318309790992441,0.4212206527328294,0.07327430940400684,0.05039688711267662,0.06557620142032015,1.2175048697118975,0.1314722632922011,0.007400896373477901
2052,0.681736133486862,0.3490907797572538,0.046687492126721686,0.041704517642386196,2.4997677786062593,2.024166323927212,1.8666776377948295,0.15748868613238232,1.0551502346857162,0.6330901408114298,0.4220600938742865,0.07464249969615205,0.05155595425992092,0.0667317281963659,1.209203646439504,0.135079923614335,0.007317137675763049,0.6897247714396982,0.3517152466148396,0.040766580493224236,0.04219321500695057,2.557241205035375,2.0617847077715643,1.9056009859194067,0.1561837218521574,1.0860670318599475,0.6516402191159685,0.434426812743979,0.07380875514616389,0.05084964467518466,0.0658874382889568,1.2142444562086172,0.13142072000544663,0.007389483190761022
2053,0.6798881323573321,0.34907419840914394,0.04200459718322126,0.04159146946306892,2.502483523679571,2.0099447577756404,1.8508940609308608,0.15905069684477946,1.085982437914517,0.6515894627487102,0.4343929751658068,0.07517996939510647,0.052011273577908905,0.06705290746864671,1.2059831042638072,0.1350238708283344,0.007305722194236959,0.6880630182001783,0.35169876629533786,0.03636393998095812,0.04209156052194332,2.5605703350814015,2.0489220218445263,1.8913271653042663,0.1575948565402602,1.1154052829618923,0.6692431697771354,0.44616211318475696,0.07428212036441467,0.05125065766020032,0.06616367687283095,1.2113757398593654,0.13138019260438913,0.00737928993198589
2054,0.6782854354419082,0.34905032421482596,0.03782607991137599,0.04149342742413997,2.5053863248318873,1.9977488754282628,1.8373692324751683,0.1603796429530946,1.113361820594532,0.6680170923567191,0.4453447282378128,0.07564368440597175,0.05240411135629664,0.06732702494762093,1.2032225345337901,0.13497773558344972,0.007295689076958485,0.6866282549976137,0.35167446451639456,0.03243717096009337,0.042003791832567125,2.56404985902048,2.0379507144259654,1.8791634440370366,0.15878727038892873,1.1414773583057387,0.6848864149834433,0.4565909433222955,0.07468747414503599,0.05159405452014499,0.06639648231773077,1.2089332886699762,0.13134755565973472,0.00737035951241187
2055,0.6768989198399078,0.34901379090723117,0.03408136252715742,0.04140860992696903,2.508499347582466,1.9873812902717196,1.8258897122083897,0.16149157806332998,1.1376827256234603,0.6826096353740762,0.45507309024938414,0.07603790964554255,0.052738080634126105,0.06755558500688705,1.200888656563999,0.13494216251119504,0.007286832657837562,0.6853927344107227,0.3516370224552616,0.028917710874650157,0.04192821137524706,2.5677038815093156,2.028686347649758,1.868910717424503,0.15977563022525484,1.1646552734746876,0.6987931640848125,0.46586210938987505,0.07502883568951668,0.051883240135487854,0.06658732232937682,1.2068864238921588,0.1313235934039867,0.0073624924843465195
2056,0.6756717865025188,0.34895493409110034,0.030674602156921443,0.04133354224723739,2.5116367403725364,1.9784767027371852,1.8160601981550788,0.16241650458210635,1.159294237029096,0.6955765422174576,0.4637176948116384,0.07637307077853993,0.0530220135493943,0.06774569135357487,1.1989137717845277,0.13491293875857127,0.007278732863676431,0.6843007648970995,0.3515767886174695,0.02571159195560533,0.04186141228854083,2.571344793788079,2.0207727557076356,1.860183817982461,0.1605889377251747,1.1852682930093636,0.7111609758056182,0.47410731720374544,0.07531625504000689,0.05212672843426329,0.06674312515498916,1.2051700464439914,0.1313043849524664,0.007355275027133185
2057,0.6745881355871939,0.3488625704132491,0.027558200143500876,0.04126725201328678,2.5149571122199474,1.9710033151218114,1.8078576098439334,0.16314570527787803,1.17849917062669,0.707099502376014,0.47139966825067603,0.07664668610159961,0.05325380771849622,0.06789340454978592,1.1973078450213022,0.13488390758921454,0.007271204185250424,0.6833377121394363,0.3514825788026968,0.022773379161433918,0.041802499438838285,2.575134633659324,2.0141907386278946,1.8529736636466156,0.16121707498127893,1.2036016166878472,0.7221609700127083,0.4814406466751388,0.07554703760868921,0.05232223668706408,0.06685990048119572,1.203796516725348,0.1312841081036754,0.007348526693459007
2058,0.6736318901140053,0.34873376453047805,0.024727934386155753,0.04120875555336915,2.5185067197787996,1.9648544132583738,1.8011665913699237,0.16368782188845013,1.1955668806814597,0.7173401284088758,0.4782267522725838,0.07686128841944365,0.05343560881572919,0.06799950757259655,1.1960522281508208,0.13485476256916706,0.007264130917162673,0.6824885853689588,0.35135143320420437,0.020100862347390197,0.04175055576381462,2.5791213872063823,2.0088435393292055,1.8471759887382124,0.16166755059099283,1.2199089974469497,0.7319453984681699,0.4879635989787798,0.07572343640973253,0.0524716735426509,0.0669383004134525,1.202749426127181,0.13126255532742842,0.007342136947340858
2059,0.6728014175467665,0.34858025799747977,0.022192139288138693,0.04115795294481652,2.5222744524367062,1.9599024033267762,1.7958325100550372,0.1640698932717391,1.2107365706361148,0.7264419423816689,0.4842946282544459,0.07702378768480797,0.05357327063149885,0.06806900187636963,1.1951037583717161,0.13482804531923404,0.007257613852706427,0.6817529737709334,0.35119516610481377,0.01770430992868846,0.041705556186604036,2.5832952090330936,2.004612239321007,1.8426457201674658,0.1619665191535411,1.2344158147760464,0.740649488865628,0.49376632591041847,0.0758520232319461,0.05258060631468704,0.06698312800158882,1.2019876494888573,0.13124230420495922,0.007336214829270292
2060,0.6720898800698285,0.3484129396918306,0.019943197027575563,0.04111442599149118,2.5262031415208384,1.9559904919276472,1.7916692232717244,0.16432126865592284,1.2242231970818567,0.734533918249114,0.48968927883274266,0.07714231991977985,0.05367368562511056,0.06810807135640354,1.1944131582733746,0.1348052146380041,0.007251711164640576,0.681125278364273,0.3510247851806367,0.015577981071097986,0.04166715818547224,2.5876000038082365,2.001347714826119,1.8392051069766593,0.16214260784945977,1.2473248280526286,0.7483948968315772,0.4989299312210513,0.07594056404129103,0.05265561396814818,0.06700033033008525,1.2014638502014987,0.1312249019560802,0.007330827961280465
2061,0.671486041708439,0.3482348516932375,0.01794857889736235,0.04107748736877728,2.530275051123588,1.953001985405411,1.788543739091006,0.16445824631440506,1.2362188533876368,0.741731312032582,0.4944875413550548,0.07722186257901506,0.05374107046452454,0.06812014337819869,1.1939503088692403,0.13478533111885566,0.007246382580435789,0.6805954310854996,0.3508434245390722,0.013691066605746129,0.0416347458978225,2.5920201502848923,1.9989410601622164,1.8367297097327597,0.16221135042945656,1.2588174009202207,0.7552904405521325,0.5035269603680882,0.075993696148913,0.0527006250172413,0.0669931151820608,1.2011498131143856,0.131209563964191,0.007325944441813141
2062,0.6709755766743043,0.34804303605541714,0.016172313716676635,0.04104626075490181,2.534502166975887,1.9508526108895778,1.7863656611415504,0.16448694974802736,1.2468941763905612,0.7481365058343367,0.49875767055622455,0.07726488271022315,0.05377751511775712,0.06810647878773352,1.1937001758763315,0.134766649434385,0.007241514571022383,0.6801501328169813,0.3506481729091561,0.012009152364080067,0.04160750578436685,2.5965702738277114,1.9973155126568682,1.8351374256005322,0.16217808705633607,1.2690547470452986,0.7614328482271793,0.5076218988181194,0.07601358389289042,0.05271747298846968,0.06696254759001377,1.2010323220224979,0.13119469534710904,0.007321457460348554
2063,0.670540153326351,0.3478326615789009,0.014583580572344691,0.04101962470274276,2.5388725831846575,1.9494455078472699,1.7850326587328378,0.164412849114432,1.256399874086366,0.7538399244518196,0.5025599496345464,0.07727402656367119,0.05378526136489224,0.06806856803131789,1.193647028150244,0.1347470533696813,0.007236951280846629,0.6797719405011082,0.35043423291703,0.010502891124442075,0.04158437076872444,2.6012405399121428,1.9963805781368573,1.8343329605696437,0.16204761756721375,1.278179298904165,0.7669075793424991,0.5112717195616658,0.07600258199861942,0.05270815269561264,0.06690992397270291,1.2010973140851515,0.1311783273670055,0.007317217105123121
2064,0.670165679689585,0.3476030667734817,0.013147954125947693,0.04099671715878224,2.5433531438262547,1.9486789195383427,1.784432393420455,0.16424652611788776,1.2648679173429995,0.7589207504057998,0.5059471669371998,0.07725314914029009,0.05376757498332746,0.06800911252960982,1.1937683846386347,0.134725521743421,0.007232599212243269,0.6794476289322086,0.35020101300791484,0.009139153605975482,0.041564531832070595,2.6059993805606183,1.9960399238958435,1.8342099262922362,0.1618299976036072,1.28631575711397,0.7717894542683822,0.5145263028455879,0.07596425795106934,0.05267568634592447,0.06683774774271616,1.2013237802554715,0.13115955783939687,0.007313136434008053
2065,0.6698391538052932,0.34735800648090653,0.011825763971406236,0.04097674273908441,2.54786131846631,1.9484196544311347,1.78441276153834,0.16400689289279474,1.2724142615466165,0.76344855692797,0.5089657046186465,0.07720841461135389,0.05372967797211849,0.06793296740534088,1.1940285272529385,0.13470215133709204,0.007228409986362116,0.6791650105637667,0.3499523612404906,0.007879359751148854,0.04154724341027428,2.6107648776486356,1.9961644411111752,1.8346206533352265,0.16154378777594866,1.293573707189015,0.7761442243134091,0.5174294828756059,0.07590447052765825,0.05262503722299765,0.06675065411631678,1.201677302866006,0.13113856685021852,0.00730917420479763
2066,0.6695628126118125,0.3471050903008084,0.010589063356453085,0.04095983831812297,2.5523923449131694,1.9486159784864587,1.7849079452213612,0.16370803326509764,1.2791406661530134,0.7674843996918082,0.5116562664612052,0.07714361978547563,0.05367478681083921,0.06784306283084687,1.1944055897427173,0.1346780576949295,0.007224463880925552,0.6789271339262252,0.34969597912975353,0.00669651845585055,0.041532692023055415,2.6155339050872093,1.9967069666534287,1.835504301937489,0.16120266471593966,1.3000493385828669,0.7800296031497203,0.5200197354331466,0.07582677540995553,0.05255921753479527,0.06665140215532549,1.2021371220221213,0.13111651611961048,0.007305417322943184
2067,0.6693405224627913,0.3468472954110161,0.00941216618368381,0.04094624044309624,2.5570016621094234,1.949271025163792,1.7859181648733784,0.16335286029041346,1.2851391620600747,0.771083497236045,0.5140556648240298,0.07705934181237206,0.05360339043387214,0.06773951035641987,1.1948964992948596,0.13465410616709242,0.007220810438847502,0.678738517830524,0.3494348669716681,0.005565718728010018,0.041521154100384206,2.6203642620940477,1.9976754003901882,1.8368663631881526,0.16080903720203577,1.305829831509825,0.783497898905895,0.5223319326039298,0.07573157323214114,0.052478566679951266,0.06653998305865966,1.202701182774141,0.13109428886870206,0.00730191960720142
2068,0.6691583268575229,0.3465797536752715,0.008305553546070842,0.040935095288398754,2.5616766534352657,1.9503234955966375,1.7873806432272903,0.16294285236934725,1.2904933503466256,0.7742960102079756,0.51619734013865,0.07695699194501847,0.05351668438906579,0.06762306200665222,1.195493388594587,0.13462936708234574,0.007217319006904335,0.6785855981013373,0.3491641097800632,0.004498452687380174,0.04151179984369212,2.625244355081074,1.9990116049626498,1.8386476239261054,0.1603639810365444,1.310994551924947,0.7865967311549684,0.5243978207699787,0.07562008390695603,0.05238411811177155,0.06641701299770199,1.20336262711862,0.1310709971820434,0.007298552690644694
2069,0.6689978796531448,0.34629850824571656,0.007287920883164989,0.04092528056762264,2.5663504749478,1.9516702064955684,1.7891850665377196,0.16248513995784883,1.2952756806834673,0.7771654084100806,0.5181102722733867,0.07683986478803886,0.05341745971214433,0.06749617095204635,1.1961774184631755,0.13460170014081682,0.007213839626888169,0.6784504103512184,0.3488797373521739,0.003514518639978259,0.04150353034684312,2.6301075926792996,2.0006146271307754,1.8407402628676675,0.1598743642631078,1.3156122163527197,0.789367329811632,0.5262448865410877,0.07549538794964031,0.05227848149941684,0.06628478680924768,1.204103556646353,0.1310446034195928,0.007295169655499852
2070,0.6688422216371803,0.3460007000176406,0.0063231521678987004,0.0409157588543613,2.5709489877116503,1.9532083849703397,1.7912203745842001,0.16198801038613958,1.2995476885457498,0.7797286131274501,0.5198190754182996,0.07671147169589998,0.053308691059212314,0.06736154640027033,1.1969284240947013,0.13456845660880695,0.007210240800386289,0.6783164360186114,0.34857892818219144,0.002578453298131139,0.041495335114497996,2.6348801723841464,2.002383806939011,1.8430355263115312,0.15934828062748016,1.3197410767876916,0.7918446460726152,0.5278964307150764,0.07536079085378251,0.05216445710323533,0.06614585983385554,1.2049046635188279,0.13101260198325115,0.007291642957367598
2071,0.6686850239738011,0.34568260556982544,0.005401897914760007,0.04090614299994284,2.575492491073547,1.9549245549956467,1.79347567266238,0.16144888233326662,1.3033613640186112,0.7820168184111669,0.5213445456074444,0.07657155402722524,0.05319015932133129,0.06721865982073691,1.1977482514906348,0.13452770985701024,0.007206449476162928,0.6781777514582055,0.34825797922496243,0.0016816072555470574,0.04148685180321196,2.639583985965451,2.0043086698121737,1.8455258321778638,0.15878283763430995,1.323430256312645,0.7940581537875873,0.5293721025250577,0.07521591635132718,0.052041726166439956,0.06599962191513187,1.2057685061709646,0.1309731678376631,0.0072879021604956365
2072,0.6685355833696728,0.34534916984475256,0.004533201529221292,0.040897001701313884,2.580032747596795,1.956845594258043,1.7959754081498884,0.16087018610815443,1.3067622324115105,0.7840573394469065,0.522704892964604,0.07642020173871122,0.05306194070562854,0.06706745713059031,1.19863674063794,0.13448117680497249,0.007202566135952854,0.6780441044295392,0.34792187254933366,0.0008336317056577766,0.04147867668842224,2.6442727024363815,2.006419195445854,1.8482390338525683,0.1581801615932856,1.3267227809730215,0.7960336685838132,0.5306891123892084,0.07506075758639424,0.05191028288104811,0.06584595071301529,1.2066954765846591,0.13092799550227102,0.007284050888677681
2073,0.6684083610082526,0.34501102523005783,0.0036904201781084237,0.0408892195668705,2.584599577664537,1.9589856938585577,1.7987237021579605,0.16026199170059718,1.309793125844294,0.7858758755065766,0.5239172503377175,0.07625929913931459,0.05292563151096641,0.06690954606789024,1.1995831937462687,0.1344326707438596,0.0071987737013696216,0.6779303858588797,0.3475812732395784,8.049761648198928e-06,0.04147172065180331,2.648977565263384,2.0087320538791325,1.8511819710064072,0.15755008287272534,1.3296593237616272,0.7977955942569767,0.5318637295046506,0.0748970837822073,0.05177162605064469,0.06568636683569529,1.2076753495820296,0.13088080067925217,0.007280275516450534
2074,0.6683129961950172,0.34467922392940503,0.00287006518416473,0.04088338619749471,2.589175709517858,1.9613178269790366,1.8016784182409487,0.15963940873808785,1.3124954854615152,0.7874972912769092,0.524998194184606,0.07609246043646739,0.052784293525695476,0.06674804812758689,1.2005666390438894,0.1343864135417104,0.0071952292703386135,0.6778465292534825,0.3472472279131441,-0.0007983465311308946,0.04146659130279301,2.653681632325331,2.0112215123841275,1.8543139511909867,0.1569075611931406,1.33227946855724,0.7993676811343443,0.5329117874228958,0.07472837092554396,0.05162870036947384,0.06552388296062855,1.2086875799897454,0.13083567583364883,0.007276735894048826
2075,0.6682504568938025,0.34436548252774496,0.002127131475529953,0.040879560791576106,2.593660121621589,1.9637414437698992,1.8047149999289687,0.15902644384093056,1.314908536154367,0.7889451216926203,0.5259634144617468,0.07592633487235345,0.05264355967837371,0.06658873620586817,1.2015479871124342,0.13434577388317046,0.007192042922366561,0.6777937357487906,0.34693145397635394,-0.0015297530210894653,0.04146336210204793,2.658282793398908,2.0137869129590626,1.8575102968675803,0.15627661609148213,1.3346208275522127,0.8007724965313278,0.5338483310208849,0.0745610787358528,0.05148697821125155,0.06536411842539895,1.2096934896179563,0.1307958966618557,0.0072735453752042975
2076,0.6682169365032337,0.34407476895446715,0.0015144081176207275,0.0408775105356681,2.5979846444829633,1.966180921559121,1.8077439801323485,0.15843694142677256,1.317067773917691,0.7902406643506147,0.5268271095670763,0.07576503192172554,0.05250691132477865,0.06643509012659221,1.202502864930636,0.13431047821240974,0.0071892357992338,0.677768439881511,0.34663892165494353,-0.0021324721901833793,0.041461814989660783,2.6627127356435305,2.016353264771869,1.8606822404754806,0.15567102429638835,1.3367174919467493,0.8020304951680498,0.5346869967786995,0.07439916188747273,0.051349809792048395,0.06521042936215381,1.2106691741745346,0.13076123365719072,0.007270727770948231
2077,0.6682111020569396,0.34380923260631363,0.0010380126356199018,0.040877153920971264,2.602131438420067,1.9686054837078755,1.8107288081241255,0.15787667558374988,1.3190043838265688,0.7914026302959414,0.5276017535306274,0.07561023754524632,0.05237577673232813,0.06628846419705864,1.2034210894861628,0.13427980490107222,0.007186819444807608,0.6777695791737703,0.346371788316052,-0.0025999154682794165,0.04146188500351882,2.666954532640656,2.0188912776657717,1.8637948742036299,0.15509640346214193,1.3385994307283764,0.8031596584370261,0.5354397722913503,0.07424419536597288,0.051218529366347104,0.06506408304074626,1.2116049149708334,0.1307310247568037,0.007268296869629884
2078,0.6682167503437325,0.3435619542885741,0.0006642339302167372,0.0408774997191098,2.606056365450521,1.970953572652652,1.813608665937341,0.15734490671531107,1.3207461658553001,0.7924476995131802,0.52829846634212,0.07546279368088903,0.05225086915169376,0.06614935035469541,1.2042974257166508,0.13425131661045975,0.007184632911084156,0.6777810711726302,0.34612310454577677,-0.002965658461434005,0.04146258830194259,2.670964486053819,2.0213403217723274,1.8667884439596432,0.1545518778126841,1.340293403490293,0.8041760420941759,0.536117361396117,0.07409691810452228,0.05109376292394247,0.06492549184623386,1.2124959877058377,0.13070292328777505,0.007266092470753114
2079,0.6682129347511797,0.3433231568589344,0.0003498819378999346,0.040877266536333334,2.609703529096653,1.9731534817785228,1.8163145894935426,0.15683889228498005,1.3223148993385168,0.7933889396031101,0.5289259597354067,0.07532327796252897,0.05213267792741472,0.06601799224833332,1.205128185586314,0.13422171696721302,0.007182460545987644,0.6777820172642174,0.34588305557138843,-0.0032728586939814036,0.041462646427230826,2.6746867626524407,2.023629202883799,1.8695945962269667,0.15403460665683233,1.3418202773757897,0.805092166425474,0.5367281109503157,0.07395781747429639,0.05097592334301473,0.06479483028792918,1.2133391713412336,0.13067374433160506,0.007263899080874629
2080,0.66819008640765,0.3430873468602372,7.12426428764179e-05,0.040875869016685315,2.61306205977871,1.9751816901330068,1.8188264619657695,0.15635522816723735,1.323725996354901,0.7942355978129407,0.5294903985419603,0.07519133281724988,0.052020900140355895,0.06589392102404606,1.2059152518460248,0.13418900628255306,0.007180194932150002,0.6777629210007753,0.3456461199537737,-0.003545144076609427,0.04146147845381688,2.6781110181227015,2.0257352833417563,1.8721942262680689,0.1535410570736877,1.3431946530910541,0.8059167918546326,0.5372778612364215,0.073826484270162,0.050864663964017204,0.0646715911803591,1.2141366860295988,0.13064155759403118,0.007261609415824294
2081,0.6681591058950157,0.3428613962879142,-0.00018781907284103755,0.040873973989812,2.6161534518005274,1.9770578606185731,1.821158603399963,0.15589925721861017,1.324991414000941,0.7949948484005646,0.5299965656003763,0.07506769096891909,0.05191615652008061,0.06577782846094615,1.2066540144069893,0.13415536968783634,0.007177965310375021,0.6777349024405991,0.3454191983854457,-0.0037986946891328324,0.04145976463737043,2.6812596061813037,2.027679414316957,1.8746029429920412,0.1530764713249161,1.344427771982104,0.8066566631892625,0.5377711087928415,0.073703610483182,0.05076057100957685,0.06455643422359444,1.214884078949388,0.1306084955321043,0.0072593545548248675
2082,0.6681399021843164,0.34265634252811095,-0.0004248572498310871,0.04087279935162516,2.6190295705354707,1.9788325650343679,1.8233551142675606,0.1554774507668074,1.32612409377985,0.79567445626791,0.53044963751194,0.07495282618419057,0.051818848419651564,0.0656702460785977,1.2073413997303777,0.13412484809711114,0.007175993597813557,0.67771813076193,0.34521336864869784,-0.004031072579614915,0.041458738791511796,2.6841856272643083,2.029513643141405,1.8768664421011,0.15264720104030485,1.3455319752720134,0.8073191851632082,0.5382127901088052,0.07358964703402181,0.05066402647869796,0.0644498727672208,1.2155783547109005,0.1305784833570171,0.007257358530288513
2083,0.6681469521730787,0.3424791713781883,-0.000610600786487274,0.04087323068998197,2.621743676601279,1.9805521852514059,1.8254598776980422,0.1550923075533636,1.3271396648387281,0.7962837989032369,0.5308558659354913,0.07484648024583763,0.05172875708945035,0.06557099491118745,1.207978723224598,0.13410051744136384,0.007174431901016623,0.6777272407255387,0.34503560605870703,-0.004212787731959863,0.041459296161101084,2.6869435909013366,2.0312857290065565,1.8790301485630176,0.15225558044353887,1.346522403897198,0.807913442338319,0.5386089615588789,0.0734843163026529,0.0505747951846113,0.06435171253881061,1.216220966459151,0.13055449361762292,0.0072557742673240895
2084,0.6681754540128525,0.34232745514195934,-0.0007235007245847899,0.040874974239383875,2.6242918179948087,1.9822016118152563,1.827458764721126,0.1547428470941304,1.328055088789471,0.7968330532736826,0.5312220355157885,0.07474867609596061,0.05164590196495675,0.0654799819492877,1.2085656368805022,0.1340821796079848,0.007173229502651945,0.6777574193580701,0.3448834097492904,-0.004321998188419107,0.041461142300036974,2.6895300252002654,2.032981142643311,1.8810806582087136,0.1519004844345973,1.3474156116525862,0.8084493669915519,0.5389662446610343,0.07338759162256366,0.050492854536689155,0.0642618207463182,1.2168118599471112,0.13053631537606752,0.007254550338114726
2085,0.6682106384413764,0.3421952606256773,-0.0007599642410071467,0.04087712651267145,2.6266227110484994,1.983721115352153,1.8292919086206427,0.15442920673151028,1.328884670713095,0.7973308024278568,0.5315538682852382,0.07466037244775867,0.051571095223379736,0.06539787972276406,1.2090961826188846,0.13406771029341089,0.0071722431871115355,0.6777938598079696,0.3447507838403208,-0.004354860461196916,0.041463371421724654,2.691893504183446,2.0345401641990364,1.8829581835680806,0.15158198063095585,1.3482255343589418,0.8089353206153652,0.5392902137435766,0.0733003589256302,0.05041895505519045,0.0641808111793216,1.217345413670732,0.13052188545581778,0.00725354300684662
2086,0.6682449867311093,0.3420807954004259,-0.0007370942156367105,0.040879227587553656,2.6286973154943456,1.9850684353385566,1.8309143166963093,0.15415411864224726,1.3296383313300608,0.7977829987980363,0.5318553325320245,0.07458277095096924,0.0515053548464585,0.06532565715426604,1.209562932948359,0.13405577742974467,0.007171411471890322,0.6778291301918281,0.34463594024056793,-0.004328425390036611,0.04146552891653836,2.693995087533245,2.0359208109020295,1.8846180358024598,0.15130277509956958,1.3489617528846414,0.8093770517307849,0.5395847011538565,0.07322375946321563,0.05035406355516228,0.0641096040680625,1.217814436751591,0.13050993296548408,0.007252691703939074
2087,0.6682731961960071,0.34198099463863885,-0.0006494792169829816,0.04088095309892434,2.6305090405897333,1.9862306091517161,1.8323149432637675,0.15391566588794853,1.3303234955432766,0.7981940973259658,0.5321293982173108,0.07451565558602814,0.051448497832470644,0.065263045221759,1.2099669940385027,0.13404509569836345,0.007170674761418473,0.6778580073347213,0.3445358176984695,-0.004237090850677756,0.04146729528330919,2.695828718236587,2.0371107598005285,1.8860498760558615,0.15106088374466686,1.3496314036345427,0.8097788421807257,0.539852561453817,0.07315754910280453,0.05029797321889817,0.06404790897178406,1.2182202293103468,0.13049922680365478,0.007251937298200155
2088,0.6682921551907028,0.34189466083368136,-0.0005360221069456717,0.04088211270653984,2.6320476589323434,1.9871942157367108,1.8334801877954532,0.15371402794125766,1.3309457852281505,0.7985674711368901,0.5323783140912605,0.07445924823518754,0.051400712149735,0.06521019226573688,1.2103068629078486,0.13403497554342844,0.00717000368930278,0.6778775116678021,0.34444925166858825,-0.004119963294482755,0.04146848826138646,2.697384707078139,2.038097238326048,1.887240788235319,0.1508564500907289,1.3502398647380331,0.81014391884282,0.5400959458952131,0.07310191962869933,0.05025084651713455,0.06399585078735982,1.2185614479571591,0.13048912171936486,0.007251251593746187
2089,0.6682991486075511,0.34181976688828924,-0.0004533327452663702,0.040882540319294135,2.6333153650148833,1.9879568355185886,1.834409582368798,0.15354725314979045,1.3315096377434759,0.7989057826460852,0.5326038550973906,0.0744131651344456,0.051361672691247556,0.0651667136466557,1.2105847116423165,0.134024937675976,0.00716936367577231,0.6778850227536005,0.3443742385749014,-0.0040340456630632085,0.04146894755095676,2.6986657986892313,2.0388784494134726,1.888190970330557,0.15068747908291547,1.3507913805977902,0.8104748283586742,0.540316552239116,0.07305647467482387,0.05021234766697643,0.06395303609725375,1.2188403833892094,0.13047916579621419,0.007250600697813779
2090,0.6682930635025337,0.34175332032188827,-0.00042230177196106444,0.04088216786105282,2.63433896853809,1.9885377837208162,1.835127866323707,0.15340991739710927,1.3320185036906385,0.7992111022143827,0.5328074014762557,0.07437597615289074,0.051330167916650654,0.06513130692737047,1.2108090572542807,0.13401461138129278,0.0071687209723669204,0.6778794509315723,0.3443077790109045,-0.004000371550000971,0.041468606500185426,2.6996994484041803,2.0394743660807504,1.8889259001509413,0.15054846592980928,1.3512892470887314,0.810773548253239,0.5405156988354924,0.07301979727781034,0.050181276282996526,0.06391817512028124,1.2190656269658402,0.13046899533676773,0.007249950544434246
2091,0.6682794379755131,0.3416938013690028,-0.000411181784897921,0.04088133413624438,2.63518570656399,1.9889945186210112,1.8357005469507413,0.15329397167026992,1.3324752660220816,0.7994851596132486,0.5329901064088329,0.0743451214489137,0.05130402924725427,0.06510171744544324,1.2109952737037526,0.13400409833253737,0.007168095485761247,0.6778663570657522,0.3442483344928766,-0.003986942882392375,0.0414678053060615,2.7005540508814754,2.0399435426710975,1.8895123233417717,0.1504312193293258,1.3517362125661727,0.8110417275397037,0.540694485026469,0.07298936810613331,0.05015549810476272,0.06388904829513978,1.2192525818683952,0.13045869922830114,0.0072493202932642446
2092,0.6682616976699478,0.3416385215356378,-0.0004132183877664855,0.04088024870575349,2.6359186453983017,1.9893791501719886,1.8361884691893164,0.15319068098267227,1.332883627014976,0.7997301762089852,0.5331534508059907,0.07431799200823808,0.051281046447573,0.06507562578049818,1.2111590693352587,0.13399310252549496,0.007167483558948215,0.6778491854307395,0.3441931917505347,-0.00398694056124347,0.04146675466911007,2.701293895590067,2.0403392285138304,1.8900123779564435,0.15032685055738676,1.3521358627227058,0.8112815176336236,0.5408543450890823,0.07296261305865759,0.05013283247357816,0.0638633666842546,1.2194170254028744,0.13044798201559898,0.007248705442342655
2093,0.6682459327903131,0.3415880178951677,-0.00042457093498343007,0.040879284110649804,2.6365867936707086,1.9897341463462124,1.8366382313622283,0.1530959149839841,1.3332476038474679,0.7999485623084803,0.5332990415389876,0.07429307441259343,0.051259937420074536,0.06505171263994841,1.2113095620865573,0.13398252536828503,0.007166927053645708,0.6778340757249042,0.3441428811763827,-0.003996520247326836,0.04146583015804467,2.7019689287132467,2.0407047834411647,1.8904736605912968,0.15023112284986795,1.352492113536583,0.8114952681219499,0.5409968454146331,0.0729380402697258,0.05011201555028136,0.06383982963353782,1.2195681075251215,0.13043770987776837,0.007248147666595142
2094,0.6682329422606217,0.34154175863400027,-0.00044342928476865523,0.04087848919864556,2.637206135628738,1.9900707585792834,1.8370629176162683,0.1530078409630151,1.3335720300207836,0.8001432180124698,0.5334288120083138,0.07426981665632713,0.05124023453125735,0.06502947091992511,1.2114500743591279,0.13397287883877504,0.007166425986006312,0.6778218242596533,0.3440968495051874,-0.004013859254779151,0.04146508046073273,2.70259549332754,2.0410518045241814,1.8909096629307962,0.15014214159338538,1.3528097173279057,0.8116858303967435,0.5411238869311622,0.07291509784630074,0.05009257979677337,0.06381793057880941,1.219709209968999,0.13042836702502955,0.0072476466134976094
2095,0.6682190397353602,0.34149834968104703,-0.000470288626869618,0.040877638450745615,2.6377635188411306,1.9903733399515124,1.8374466695586333,0.15292667039287902,1.3338614154708293,0.8003168492824971,0.5335445661883321,0.07424850631359312,0.051222181400562505,0.0650091082078208,1.211578858872282,0.13396399767676437,0.007165945322074159,0.6778087085166167,0.34405367716852053,-0.004039422282480595,0.04146427784540611,2.703160284156032,2.041364521881351,1.8913044178878047,0.1500601039935465,1.3530931104470458,0.8118558662682275,0.5412372441788184,0.0728940566276767,0.050074754655500896,0.06379786352110536,1.2198386571579607,0.13041978398798074,0.0072471668758454615
2096,0.6681969748697174,0.34145456534786595,-0.0005066076261137017,0.04087628834299522,2.6382353930947966,1.9906157214736164,1.837763943972306,0.15285177750131043,1.3341190818708184,0.8004714491224906,0.5336476327483278,0.07422942435905126,0.051206016056646785,0.06499080167329595,1.2116942071114527,0.13395474670467836,0.007165411717392739,0.6777874093761422,0.34401010707344226,-0.004074606022196427,0.04146297458097127,2.7036393847829987,2.041616445649655,1.8916320601196,0.14998438553005475,1.3533455411056645,0.8120073246633986,0.5413382164422659,0.0728751799984044,0.050058763253598794,0.06377979162832184,1.2199548183336844,0.13041085398239188,0.007246634483475449
2097,0.6681724545247715,0.3414159485715839,-0.0005499854856468936,0.04087478800508547,2.6386077999113606,1.9907899738079113,1.8379998587167532,0.1527901150911581,1.33434656865768,0.8006079411946075,0.5337386274630725,0.0742141118186888,0.05119304398501547,0.06497596939372183,1.2117867905329378,0.13394642281282151,0.007164910400069346,0.6777637226535356,0.3439717244851234,-0.0041169871974809855,0.04146152523890962,2.704018570125523,2.041799491407063,1.8918774888033267,0.14992200260373664,1.353568468870327,0.8121410813221961,0.5414273875481308,0.07285999047769956,0.050045895398496736,0.06376511708743464,1.2200483112338376,0.13040284887256468,0.007246136023317119
2098,0.6681511833544731,0.34138660426109224,-0.000597447978591896,0.040873486428066076,2.638884065706092,1.9909017731076026,1.838156224087973,0.15274554901962975,1.334546402696866,0.8007278416181192,0.5338185610787469,0.0742032669793922,0.051183856741824234,0.06496527208933842,1.2118523723667125,0.133940125820302,0.007164513453874527,0.6777434295255124,0.343942667063862,-0.004163571057256975,0.04146028349154711,2.7043011913326263,2.041919419065573,1.8920425714242255,0.14987684764134754,1.3537643665140013,0.8122586199084008,0.5415057466056006,0.0728491814008112,0.050036738451553577,0.06375449640133629,1.2201148535618982,0.13039684463533388,0.0072457445387361505
2099,0.6681339484765481,0.341366040993709,-0.0006475578319427855,0.04087243177361864,2.639078765266678,1.9909619080458543,1.8382455658078343,0.15271634223802008,1.3347219990980739,0.8008331994588438,0.5338887996392301,0.07419636546601252,0.051178010100848506,0.06495823331219683,1.2118941126425664,0.133935799479731,0.007164221180508878,0.6777273215748444,0.3439224414930148,-0.004212893336238345,0.04145929777377649,2.704502033229996,2.0419872224898445,1.8921400637693737,0.1498471587204708,1.3539366157677037,0.8123619694606222,0.5415746463070815,0.07284223716061367,0.050030855614406025,0.06374746111938892,1.220157608397532,0.13039278505390833,0.007245460194351535
2100,0.6681178846620807,0.3413501347323792,-0.000698948177327588,0.040871448773070904,2.63921687935045,1.9909870508076386,1.8382909260203049,0.15269612478733383,1.334876588883576,0.8009259533301452,0.5339506355534309,0.07419184601747192,0.05117418143435587,0.06495342043830972,1.2119214482650107,0.1339323971307251,0.007163978556749555,0.6777124764008136,0.3439068937349492,-0.004263539457342577,0.04145838931956644,2.704646416189787,2.0420198656814805,1.8921933650862455,0.1498265005952351,1.3540884185059023,0.8124530511035414,0.541635367402361,0.07283761882824863,0.05002694317813887,0.06374259854088771,1.2201860450841369,0.13038964490753785,0.007245226908405307
2101,0.6681050545186411,0.3413375545119795,-0.0007493589331401818,0.040870663607235846,2.6393332191289587,1.9910059584630582,1.8383257149723784,0.15268024349067982,1.3350125069276344,0.8010075041565802,0.5340050027710542,0.07418830892430898,0.05117118497362565,0.06494958978450716,1.2119428432966672,0.13392984722835752,0.0071637859048997166,0.6777009382496977,0.3438946799746938,-0.004313240576907913,0.04145768318655327,2.7047695708257673,2.042046490880749,1.8922363276644822,0.1498101632162667,1.354222071935475,0.8125332431612851,0.5416888287741899,0.07283395443361476,0.0500238388735264,0.06373868903160809,1.2202086092797764,0.13038734607755095,0.007245044382312585
2102,0.6680990340866383,0.34132809160758043,-0.0007968724143109715,0.04087029503189814,2.6394628134651974,1.9910485937036548,1.8383834531820384,0.15266514052161628,1.3351322671385988,0.8010793602831588,0.5340529068554399,0.0741845593523189,0.05116800851072067,0.0649456926003062,1.2119655246407424,0.13392856531679803,0.0071636629603477105,0.6776962685315139,0.3438855812325484,-0.004360102419701403,0.041457397235561536,2.7049068811639096,2.0420973906054196,1.8923028497287895,0.14979454087662997,1.354340052391867,0.8126040314351203,0.5417360209567467,0.07283007656102196,0.050020553720321215,0.06373470741763813,1.2202324891948608,0.13038628049672563,0.00724493183464143
2103,0.6681024081129295,0.3413207429858511,-0.0008402156378001582,0.04087050115987312,2.639641595421599,1.9911446994581439,1.838498287076359,0.1526464123817847,1.3352388472420667,0.8011433083452396,0.534095538896827,0.07417923359097728,0.051163496773544516,0.06494051909364376,1.2119977423408654,0.1339287562453314,0.007163616193632336,0.6777010057705042,0.3438785701919355,-0.004402888295513559,0.04145768675185273,2.7050945792661576,2.042202572784274,1.8924273987507678,0.14977517403350601,1.3544453008589827,0.8126671805153898,0.541778120343593,0.07282465120884626,0.05001595761442487,0.06372946945603718,1.2202659005330339,0.1303866305943782,0.0072448948520987076
2104,0.6681166843255789,0.341316541360913,-0.0008790046214343789,0.04087137421588051,2.639872584385316,1.9912962849645728,1.838671317901049,0.15262496706352374,1.335335444140446,0.8012012664842671,0.5341341776561788,0.07417248603164235,0.05115778055527129,0.06493420647529018,1.2120385643020768,0.13393113109304325,0.00716366416567937,0.6777166217051416,0.3438746710335196,-0.004441260555498573,0.04145864175859783,2.70533539354436,2.042363799213252,1.8926108103880488,0.14975298882520305,1.3545409719271853,0.8127245831563112,0.541816388770874,0.07281783856360252,0.05001018625839843,0.0637231175022907,1.2203078587368217,0.1303890734760779,0.007244951744839664
2105,0.6681388488810925,0.34131541818973676,-0.00091475628322088,0.040872729840220084,2.640132281412069,1.9914804170697005,1.8388771394571592,0.15260327761254122,1.3354252365915171,0.8012551419549099,0.5341700946366073,0.07416518055538923,0.051151591695747456,0.06492748871538317,1.212082765664086,0.13393556849254581,0.007163788008426724,0.6777400511201583,0.34387380754692193,-0.004476748889124624,0.041460074753633364,2.7056051586642593,2.0425575538796905,1.8928270392189623,0.14973051466072804,1.354630199075495,0.8127781194452971,0.5418520796301979,0.07281049125038021,0.05000396195654118,0.06371637654709296,1.220353114134516,0.13039348563726286,0.007245083508219027
2106,0.6681678186513114,0.34131616748159316,-0.0009469907976529315,0.04087450180019744,2.6404266588815997,1.9917000625898247,1.8391203692564497,0.15257969333337484,1.335510482708584,0.80130628962515,0.5342041930834339,0.07415693445716154,0.05114460598505829,0.06492000542783082,1.2121326632868008,0.13394127407966497,0.007163970136989066,0.6777701707244267,0.3438747635324223,-0.00450885167468032,0.041461917047507964,2.7059097083189187,2.0427866962708157,1.8930805946837324,0.1497061015870835,1.3547151893919773,0.8128291136351864,0.5418860757567909,0.07280223728695097,0.04999696958281925,0.06370889597798306,1.2204039592502025,0.13039909574676115,0.00724527211478878
2107,0.6682017826993557,0.3413170565495038,-0.000974305703439475,0.04087657932052742,2.6407612269430967,1.9919574919982035,1.8394054280423044,0.1525520639558991,1.335592998167988,0.8013557989007923,0.5342371992671956,0.0741472742388422,0.051136422297633044,0.06491131088534179,1.212191124691315,0.13394760765387442,0.007164183743098587,0.6778051249069169,0.34387579407046787,-0.004536143144530255,0.0414640551320643,2.706254426197663,2.043053400122206,1.8933758034390635,0.14967759668314237,1.3547977045976654,0.8128786227585992,0.5419190818390661,0.0727926142620115,0.04998881740389467,0.06370024021043749,1.2204632449220956,0.13040527858597173,0.007245490242179701
2108,0.6682400463336112,0.3413181273624793,-0.0009948355718896046,0.04087891990519711,2.641130226933901,1.9922468770367119,1.839725793999265,0.15252108303744674,1.3356740548910604,0.8014044329346358,0.5342696219564246,0.07413643329488367,0.05112723835439095,0.06490160264612854,1.2122567403894569,0.13395445820546328,0.0071644250002567,0.6778442107383832,0.3438769474662667,-0.0045567322377137315,0.04146644600739078,2.706633296665331,2.0433516431942094,1.8937059211937617,0.14964572200044754,1.3548789591192822,0.8129273754715693,0.5419515836477129,0.07278185594951775,0.04997970346218431,0.06369060768281015,1.2205295338423943,0.13041192742751595,0.007245734138881146
2109,0.6682852953803519,0.34131969930900535,-0.001005370740914821,0.04088168785877584,2.6415539186195773,1.9925862232412774,1.8401011234183717,0.15248509982290562,1.3357546586686766,0.8014527952012056,0.534301863467471,0.07412379473582917,0.051116531555290945,0.0648903473739828,1.2123332480750872,0.1339618060319509,0.007164713066854526,0.6778901256461506,0.34387854786599015,-0.0045673839083169784,0.04146925468777972,2.7070667923278426,2.043699656101552,1.894090849114824,0.1496088069867279,1.3549599053550307,0.8129759432130185,0.5419839621420123,0.07276936147616948,0.049969118725789644,0.06367947898050005,1.220606532239552,0.13041902454426496,0.007246022904047644
2110,0.6683406931479188,0.3413225134479602,-0.0010037456219711346,0.04088507667442094,2.642052077283735,1.9929932800677013,1.8405503261570075,0.15244295391069362,1.3358362518778797,0.8015017511267274,0.5343345007511523,0.07410884657956834,0.05110386817291405,0.06487710760516632,1.2124237533084015,0.13397014989252395,0.007165073839507676,0.6779460369314189,0.34388133389980796,-0.00456594684874935,0.041472674910603,2.707574890089209,2.044115392059944,1.8945497261199544,0.14956566593998996,1.3550419399487579,0.8130251639692546,0.5420167759795033,0.07275463197758,0.04995664058001675,0.06366642786777708,1.220697320581247,0.1304270483318656,0.007246382292173819
2111,0.6684038687216354,0.3413273206902077,-0.0009914904876306488,0.040888941289477995,2.6425965089221495,1.993442370576524,1.8410440497303449,0.1523983208461791,1.3359207653196752,0.8015524591918047,0.5343683061278705,0.07409274100030831,0.05109022427563249,0.06486288545674211,1.2125212861443513,0.13397993466161467,0.007165499835534648,0.6780095522135797,0.34388605378746595,-0.004553973472298002,0.04147656030005356,2.7081288425683585,2.0445726952327883,1.895052670564259,0.1495200246685293,1.355126953340166,0.8130761720040994,0.5420507813360665,0.07273879844100188,0.04994322714463591,0.06365243868186192,1.220794933671165,0.1304364249606182,0.007246804990356945
2112,0.6684669117824994,0.34133339004563784,-0.0009731544309571211,0.040892797801099376,2.6431276567961617,1.9938784907347398,1.8415219792769413,0.15235651145779852,1.3360094625320347,0.8016056775192204,0.5344037850128143,0.07407741914482427,0.05107724431266365,0.06484934524232322,1.2126140919973127,0.13399050118187086,0.007165936532199027,0.6780727202664368,0.3438919742752441,-0.0045359943486497425,0.041480424450971234,2.7086681088918025,2.0450156955680323,1.8955384078224835,0.149477287745549,1.3552161684488655,0.8131297010693191,0.5420864673795464,0.07272376123205296,0.04993048832096569,0.06363914168957138,1.2208876564115734,0.1304465189295026,0.007247236754481409
2113,0.6685225690940595,0.3413393645566802,-0.0009527331175773271,0.04089620252626183,2.6435979235770235,1.9942577054042339,1.8419367843958256,0.15232092100840822,1.3361018986353308,0.801661139181198,0.5344407594541328,0.07406425656515747,0.051066093587686025,0.06483765835261608,1.2126938338145883,0.1340005572908861,0.007166327670521407,0.6781282714064074,0.34389774660991773,-0.004515951670642164,0.04148382267436804,2.709144378839288,2.045399848572086,1.8959589214449286,0.14944092712715734,1.3553090956572662,0.8131854573943595,0.5421236382629067,0.07271086571579435,0.04991956383967977,0.06362768336983268,1.2209671877295962,0.13045609089706,0.007247621689326227
2114,0.6685669171855976,0.3413436363243512,-0.0009326321690071374,0.04089891547518345,2.643990761532392,1.994564536015286,1.8422730279780266,0.15229150803725924,1.3361962225906097,0.8017177335543654,0.5344784890362443,0.07405348376678586,0.051056967374214036,0.06482800612353971,1.2127591080494993,0.1340088987663873,0.00716663483054509,0.6781722937667826,0.343901776246087,-0.004496204055461923,0.04148651569041153,2.7095409482949386,2.0457095716138225,1.8962986440712462,0.1494109275425763,1.355403840372821,0.8132423042236925,0.5421615361491285,0.07270033465172607,0.04991064241226053,0.06361823911898962,1.2210321467000729,0.1304639878349375,0.007247921632996628
2115,0.6686003749069658,0.34134572742585856,-0.0009131505752698679,0.04090096227909079,2.644313897551135,1.9948067889401997,1.8425399072899344,0.15226688165026528,1.3362899837686684,0.8017739902612007,0.5345159935074677,0.07404469392280255,0.05104952102742371,0.06482003859326188,1.2128123740520138,0.1340150708907734,0.007166856181992682,0.6782052538420476,0.3439036073127547,-0.004477026602909211,0.04148853204493673,2.709865811367225,2.045952953217099,1.896567062313888,0.14938589090321086,1.3554979150888955,0.8132987490533372,0.5421991660355583,0.072691768304985,0.04990338540193349,0.06361046533674525,1.2210849933525956,0.1304697815470431,0.007248135130980283
2116,0.6686240946454844,0.3413452198858147,-0.0008939103085848776,0.04090241342569487,2.644580949732343,1.9949974541707778,1.8427523135084265,0.15224514066235137,1.3363810603731945,0.8018286362239164,0.5345524241492781,0.07403729621994165,0.05104325403780951,0.06481324602162192,1.2128572085069689,0.13401898422355324,0.007166994870569895,0.6782283511713212,0.34390283800576016,-0.0044580305146159765,0.04148994511006103,2.7101329862918195,2.046143372216102,1.8967794816827706,0.14936389053333185,1.3555891743484154,0.8133535046090491,0.5422356697393663,0.07268458455119352,0.049897299660014834,0.06360385982104037,1.2211293152754314,0.130473392676171,0.007248265595208555
2117,0.6686409340738935,0.3413424705891744,-0.0008736979506696607,0.04090344371357434,2.644811623194818,1.9951555248895754,1.8429309592358352,0.1522245656537401,1.336467773264972,0.8018806639589829,0.534587109305989,0.07403064411191587,0.05103761868144361,0.06480708108851749,1.2128975279304628,0.13402093675837057,0.007167071438933498,0.678244498018586,0.3438998389723524,-0.004437999528307944,0.041490933023873425,2.7103626971308232,2.04630030881686,1.8969571408421206,0.1493431679747393,1.3556759271478382,0.8134055562887027,0.5422703708591355,0.07267814639037853,0.04989184554976997,0.06359788323777832,1.221169040667561,0.13047511500144965,0.007248333841066641
2118,0.6686538261781569,0.3413384977471414,-0.0008514493009885438,0.04090423253947812,2.6450190187985596,1.995294303122582,1.8430895091466075,0.15220479397597445,1.3365491827532536,0.801929509651952,0.5346196731013017,0.07402445649824263,0.05103237682307809,0.0648013206596206,1.2129350351437067,0.13402157466648246,0.007167112939330628,0.6782566758257057,0.3438956377203127,-0.00441587787137214,0.04149167814729961,2.7105684514033204,2.0464374400739187,1.8971141109812575,0.14932332909266116,1.3557572340367718,0.8134543404220629,0.542302893614709,0.07267217493091566,0.049886786807192815,0.06359231399231444,1.2212058894051103,0.1304755765211125,0.007248367218071768
2119,0.6686632077680436,0.3413346209852039,-0.0008274635473282319,0.04090480659939584,2.645191399804461,1.9954046667046617,1.8432163819763254,0.15218828472833631,1.3366250297135598,0.8019750178281357,0.534650011885424,0.0740193760607935,0.051028072912887586,0.06479654384104644,1.2129658333055298,0.1340215696427091,0.007167134103061895,0.678265355532751,0.3438915619555401,-0.004391970234837048,0.04149220926418851,2.7107385143667257,2.0465456482351576,1.8972388068877843,0.14930684134737324,1.3558328457982358,0.8134997074789413,0.5423331383192945,0.07266729663195377,0.049882654139322254,0.06358771706673036,1.2212359946222526,0.13047542984276728,0.007248380917273806
2120,0.668667147265539,0.341331346939418,-0.0008039353907858607,0.04090504772123899,2.6453059500158798,1.9954666592927324,1.8432888490383923,0.15217781025434013,1.3366951682958124,0.8020171009774874,0.534678067318325,0.07401627755992445,0.05102544800713899,0.06479351713962918,1.2129846177544854,0.13402106349346168,0.007167127906156427,0.6782686212553379,0.3438881212497233,-0.004368468592403925,0.04149240916254364,2.7108498995235526,2.046604818079756,1.8973083201285752,0.14929649795118063,1.3559026323249628,0.8135415793949774,0.5423610529299854,0.07266436348785163,0.04988016931613176,0.0635848394209151,1.221254096727134,0.13047481571967937,0.007248368281199795
2121,0.6686631968108872,0.3413285812032007,-0.000783794729347996,0.040904806162661574,2.645342140848486,1.9954619915822964,1.8432866922968825,0.15217529928541387,1.3367590809193393,0.8020554485516035,0.5347036323677358,0.0740158379295543,0.05102507557274745,0.0647928275103573,1.2129872830286565,0.13401982446803065,0.0071670786989113154,0.6782640376889771,0.3438852241844669,-0.004348294736173423,0.04149212886814081,2.710881945119023,2.0465965340498444,1.8973022891129028,0.1492942449369418,1.3559660933435342,0.8135796560061204,0.5423864373374139,0.07266403321951098,0.049879889528162476,0.06358425159528869,1.2212561350269335,0.13047351523862197,0.007248313952531931
2122,0.6686507839152978,0.34132608052658303,-0.0007685984364745602,0.04090404691053098,2.645297249052243,1.9953884887497033,1.8432077617384937,0.15218072701120963,1.3368158121895826,0.8020894873137495,0.534726324875833,0.07401808589919082,0.05102697994801503,0.06479449982732918,1.2129736546780356,0.13401760598859988,0.007166980794623556,0.6782510502815076,0.3438826307273071,-0.004332995386127005,0.04149133446515954,2.7108320496146012,2.0465187242668557,1.8972186746864157,0.1493000495804401,1.3560222915469762,0.8136133749281856,0.5424089166187905,0.07266632952233544,0.04988183484905771,0.06358597406549539,1.2212419630726472,0.13047129469569926,0.007248212389187789
2123,0.6686272863162029,0.3413230395492952,-0.0007602479515168362,0.04090260955348043,2.645157250374669,1.995233261141603,1.843038617722459,0.15219464341914404,1.3368643877536839,0.8021186326522103,0.5347457551014736,0.07402333436122426,0.051031426200814384,0.06479879607563555,1.2129418373868326,0.13401413168659695,0.007166810967854143,0.6782270427711717,0.3438795388387993,-0.004324460394594151,0.04148986590932654,2.710686113868488,2.046358424223219,1.89704395039934,0.14931447382387877,1.35607027244858,0.813642163469148,0.542428108979432,0.07267155450303586,0.04988626120956445,0.06359025971427165,1.2212097180085517,0.13046788977251175,0.007248040519461709
2124,0.668593350941152,0.34131863281049163,-0.0007593792464225674,0.04090053368123436,2.6449365682096158,1.995009232759191,1.8427945244646824,0.1522147082945086,1.3369034062415557,0.8021420437449335,0.5347613624966222,0.07403090647616288,0.051037840944224644,0.06480512237655504,1.2128959374881858,0.13400904333737074,0.0071665655561611846,0.6781926850303531,0.3438751279705604,-0.004323316316424158,0.04148776419403971,2.710458936169895,2.046128889865942,1.8967937439151212,0.14933514595082098,1.3561086537579565,0.8136651922547739,0.5424434615031827,0.07267904115117403,0.049892603549478526,0.06359652300153777,1.22116351936047,0.13046295810403405,0.007247794672885324
2125,0.6685543261371754,0.34131282276480013,-0.0007643228057384183,0.04089814647527765,2.644681533742546,1.994758675852395,1.8425224922591679,0.15223618359322721,1.3369317358056303,0.8021590414833781,0.5347726943222522,0.07403918019024547,0.051044850049781,0.06481207777652692,1.2128457899215066,0.13400259718695495,0.007166276524325363,0.6781533621194268,0.3438693633135705,-0.00432791246030282,0.041485358746627336,2.710197675907211,2.0458731297744865,1.8965158806742721,0.1493572491002142,1.3561363253882315,0.8136817952329388,0.5424545301552927,0.07268719864816792,0.04989951420132545,0.06360338921356401,1.2211131862612428,0.13045674756764272,0.00724750660361084
2126,0.6685162029097548,0.34130634154970635,-0.0007728120669851443,0.04089581441070285,2.644435802021479,1.994521574209737,1.8422661455499778,0.15225542865975925,1.336949427452502,0.8021696564715012,0.5347797709810008,0.07404679168503225,0.05105129815396608,0.0648184926078791,1.2127996609208265,0.13399568671948983,0.00716598677994491,0.6781150883158377,0.3438629731326617,-0.004336028284790169,0.041483017465703015,2.709946695073075,2.045631745628878,1.8962546759090988,0.14937706971977915,1.3561533652732938,0.8136920191639763,0.5424613461093175,0.07269469107296658,0.04990586143495748,0.06360971190375832,1.221066961566147,0.13045011585092978,0.007247218940034253
2127,0.6684802814131604,0.3412997603426881,-0.0007845146042537304,0.04089361700184142,2.6442047778883553,1.994302683475162,1.8420301427148336,0.15227254076032853,1.3369577252892029,0.8021746351735216,0.5347830901156813,0.0740536864575097,0.05105713908436313,0.06482432378211024,1.2127578795490483,0.1339890713471944,0.007165709414703679,0.6780791557018861,0.3438565199737888,-0.0043473696943180165,0.04148081937174093,2.7097114640557023,2.0454095279551545,1.8960148362102232,0.14939469174493145,1.3561610464091318,0.8136966278454791,0.5424644185636527,0.07270146489012719,0.049911599897638714,0.0636154485040408,1.2210251742932599,0.13044378917478958,0.007246944630477828
2128,0.6684475120808364,0.34129350803996095,-0.0007992999969940462,0.04089161239010668,2.6439925612615216,1.9941053713563557,1.841817755835773,0.1522876155205827,1.3369580090429147,0.8021748054257487,0.534783203617166,0.07405983121265812,0.05106234463498082,0.06482954372023511,1.2127206463642053,0.1339830248844651,0.007165454103645668,0.678046504917493,0.3438504243119467,-0.004361821253827079,0.041478822007095996,2.709496121213403,2.0452098575865194,1.8957996574682454,0.14941020011827413,1.356160772908596,0.8136964637451576,0.5424643091634385,0.07270748731320484,0.049916701814218735,0.0636205716449639,1.220988025478729,0.13043802794097495,0.007246693204190515
2129,0.6684186694842581,0.341287912245204,-0.0008167867039609172,0.04088984796068292,2.6438029329574153,1.9939325903669538,1.8416319066245412,0.15230068374241257,1.3369517105547903,0.802171026332874,0.5347806842219164,0.07406518589100428,0.05106688086929758,0.06483411712838213,1.2126882029733834,0.1339777278699103,0.007165228531169887,0.6780178978584536,0.34384500571430976,-0.004379010263477222,0.04147707198153634,2.7093044555059556,2.045035675648972,1.8956120575452142,0.14942361810375737,1.3561539966012353,0.8136923979607412,0.542461598640494,0.07271271963054651,0.04992113438998652,0.06362504702608557,1.2209557527741,0.13043300295049082,0.007246472184221499
2130,0.6683943979562696,0.3412832220865348,-0.0008363269789679884,0.04088836313259814,2.6436394617525822,1.9937870184840685,1.8414752977148847,0.1523117207691838,1.3369402733961628,0.8021641640376974,0.5347761093584654,0.07406970340558981,0.05107070789743347,0.0648380013049964,1.2126608336344167,0.13397331691393172,0.007165038875701787,0.6779939635744642,0.3438405055648775,-0.004398294413247024,0.041475607779157056,2.7091400170667588,2.0448896273607478,1.8954547111590774,0.14943491620167024,1.3561421765128021,0.8136853059076813,0.5424568706051208,0.07271711690466998,0.049924859555998305,0.06362883367857253,1.2209286323103277,0.13042884248000042,0.007246287572797479
2131,0.6683751983790781,0.3412796171291193,-0.0008570934254340315,0.04088718855014041,2.6435052692858823,1.9936708710461062,1.8413501938972021,0.15232067714890407,1.3369251256478007,0.8021550753886801,0.5347700502591206,0.07407333884182435,0.051073787669837604,0.06484115436521118,1.212638809538533,0.13396989268870105,0.00716488981138732,0.6779751854269298,0.34383709597670986,-0.0044188493444079074,0.041474458972424744,2.7090058823559064,2.044773874192324,1.895329831410058,0.14944404278226595,1.3561267515764144,0.8136760509458486,0.5424507006305658,0.07272063686884206,0.049927841505844575,0.06363189192542919,1.2209069238483705,0.13042563998971618,0.007246143857791678
2132,0.6683614032813723,0.34127721181826526,-0.0008781906282052596,0.04088634455930186,2.6434027453895803,1.9935856635872191,1.8412581537342785,0.15232750985294055,1.3369076527588366,0.8021445916553017,0.5347630611035349,0.07407605953854104,0.05107609251748932,0.06484354415596982,1.2126223277757384,0.13396751955342492,0.007164784398141218,0.6779618766972787,0.3438348843508971,-0.0044397809961956095,0.0414736447298951,2.708904369374532,2.0446898567031897,1.8952389012720365,0.1494509554311533,1.3561091135041587,0.8136654681024952,0.5424436454016636,0.07272324969074967,0.04993005496697794,0.06363419202349979,1.2208908106021137,0.13042345386484663,0.007246043909719595
2133,0.6683531579458444,0.3412760540299161,-0.0008987572452248266,0.04088584005198448,2.6433333830318286,1.993532077736594,1.8411998821482922,0.15233219558830174,1.3368891681392274,0.8021335008835363,0.5347556672556911,0.07407784991137711,0.05107760923804164,0.0648451525314755,1.2126114821571874,0.13396622224885069,0.007164723954062714,0.6779541622987185,0.34383391207497555,-0.004460228214568644,0.041473172697383244,2.7088368746880347,2.044638162398269,1.8951825281921155,0.1494556342061537,1.3560905774931986,0.8136543464959191,0.5424362309972796,0.07272494257791184,0.04993148910220381,0.06363571825138317,1.2208803708774463,0.13042230434852836,0.007245988860482831
2134,0.6683504252296345,0.34127612343070973,-0.0009180276535727533,0.04088567276078793,2.6432978213118283,1.993510014629788,1.8411752915631445,0.15233472306664347,1.3368708829144733,0.8021225297486838,0.5347483531657895,0.07407870905725689,0.05107833706645094,0.06484597337679654,1.212606277755989,0.1339659841190664,0.007164708069486544,0.6779519843113647,0.34383415302437487,-0.004479424693969607,0.04147303933647206,2.708803921943237,2.0446185841279494,1.8951605106210638,0.1494580735068856,1.3560723522036222,0.8136434113221732,0.542428940881449,0.0727257173076763,0.04993214541720847,0.06363646686623031,1.2208755933316053,0.13042217194109257,0.007245978122327664
2135,0.6683530203415472,0.34127734063942683,-0.0009353464419817534,0.04088583138625407,2.643296025681025,1.9935187803183563,1.8411836978796536,0.1523350824387027,1.3368538796689526,0.8021123278013714,0.5347415518675812,0.07407864571553252,0.05107828340628964,0.06484600850075974,1.2126066614416884,0.13396675154402848,0.007164734901064375,0.6779551376220389,0.343835522873691,-0.004496713630336102,0.04147323210452451,2.708805349728215,2.044630312334562,1.8951720414208955,0.1494582709136666,1.356055513845533,0.8136333083073197,0.5424222055382133,0.07272558518368641,0.049932033487912586,0.0636364419860254,1.220876408083797,0.13042300178760866,0.007246009687063253
2136,0.6683606560423339,0.34127958526325414,-0.0009501579145803143,0.04088629836162762,2.6433274612033264,1.9935572684901728,1.8412240037411065,0.15233326474906625,1.3368390957703666,0.8021034574622198,0.5347356383081469,0.07407767530744598,0.051077461321716325,0.06484526543334002,1.2126125398111323,0.1339684433453181,0.0071648016101404245,0.6779633159768036,0.3438378972493402,-0.004511537333360953,0.04147373227157892,2.708840492179877,2.0446721242398507,1.8952158981886447,0.14945622605120584,1.3560409899853876,0.8136245939912324,0.5424163959941551,0.07272456403715835,0.04993116842009271,0.0636356533454214,1.2208827052022486,0.13042471284596346,0.007246080569790014
2137,0.6683729731339147,0.34128271502511703,-0.0009619977703753321,0.04088705171766163,2.643391131476556,1.9936240175783988,1.8412947410354783,0.1523292765429206,1.3368273174017966,0.8020963904410778,0.5347309269607188,0.07407582201809469,0.05107589130122009,0.06484375956412067,1.2126237665649517,0.13397096095270827,0.007164904722206359,0.6779761431233918,0.34384113090174295,-0.00452342898465375,0.04147451682511259,2.708908222791627,2.0447424450695,1.8952904902823011,0.14945195478719914,1.3560295541822098,0.8136177325093259,0.5424118216728839,0.07272268016590508,0.04992957249203223,0.06363411830312221,1.220894322733002,0.13042720776069602,0.007246187173267865
2138,0.6683895447019492,0.34128658163942227,-0.0009704991738042137,0.04088806534189367,2.6434854309909714,1.9937170931430757,1.8413939228179317,0.15232317032514409,1.3368191802883997,0.8020915081730398,0.53472767211536,0.0740731268289927,0.051073608062432566,0.06484152135458568,1.2126400938254973,0.13397419611089817,0.007165040297951446,0.6779931774593875,0.3438450735737605,-0.004532018724549967,0.04147555875413097,2.7090068082185725,2.0448392313653847,1.8953937117853723,0.14944551958001226,1.356021827388667,0.8136130964332002,0.5424087309554668,0.07271997610490749,0.04992728173738761,0.06363186882297557,1.220910998755392,0.13043038034644494,0.007246325463583666
2139,0.6684098604662742,0.34129104256640563,-0.0009754122861574191,0.040889308021205314,2.64360787277135,1.993833853525833,1.8415187700513804,0.15231508347445277,1.3368151711999496,0.8020891027199697,0.5347260684799799,0.07406965908612022,0.05107067035204123,0.06483860654282851,1.212661102013766,0.1339780347621156,0.007165203946391446,0.6780138966386392,0.3438495817514829,-0.004537053112099669,0.04147682610738683,2.7091336348728983,2.0449597353231646,1.8955226667878917,0.14943706853527297,1.3560182801416778,0.8136109680850067,0.5424073120566711,0.07271652187390708,0.04992435547362552,0.06362896139960783,1.2209323019718314,0.13043411938750638,0.007246490988029611
2140,0.6684333087173225,0.34129596655977756,-0.0009766283800178577,0.04089074233687993,2.6437548652379865,1.993970755453935,1.841665489534061,0.15230526591987412,1.3368156261732094,0.8020893757039256,0.5347262504692838,0.07406552514402401,0.05106716826866888,0.06483510372885391,1.2126861474038002,0.13398235708557923,0.007165390766671521,0.6780376797049379,0.3438545242207625,-0.004538419111110761,0.04147828090050514,2.709284985010296,2.0451003093459437,1.895673446137153,0.1494268632087906,1.3560192314552384,0.813611538873143,0.5424076925820954,0.07271242337444864,0.049920883415606576,0.06362548442880808,1.220957579842258,0.1304383087329527,0.0072466788206004065
2141,0.6684591741808009,0.34130123508729837,-0.0009741966618597719,0.040892324534139775,2.643921673614688,1.9941233235227644,1.8418292384350763,0.15229408508768807,1.3368207252993531,0.8020924351796118,0.5347282901197413,0.07406086981365734,0.051063224489416414,0.06483113567420709,1.2127143532399631,0.13398703646782426,0.007165595348452132,0.6780638051729015,0.34385978350846863,-0.0045361608267243045,0.04147987899874853,2.7094559997009493,2.0452563766066847,1.895841093150528,0.14941528345615684,1.3560248442507024,0.8136149065504213,0.542409937700281,0.07270782375599127,0.049916986832891155,0.06362155943365987,1.2209859500482307,0.13044282635114657,0.007246883564277546
2142,0.6684866679258742,0.3413067455834606,-0.0009683197965901155,0.04089400635190621,2.6441026389078663,1.9942863532476407,1.8420043463445195,0.15228200690312127,1.336830487605578,0.8020982925633467,0.5347321950422314,0.0740558692880896,0.051058988276853165,0.06482685324917602,1.212744652473655,0.13399194112700136,0.007165811982790342,0.6780914812330527,0.3438652591599265,-0.004530475059509084,0.04148157196493783,2.7096409027752046,2.0454226382585756,1.8960198302590774,0.14940280799949815,1.3560351208602122,0.8136210725161273,0.5424140483440849,0.07270289645916563,0.04991281265631051,0.06361733510696527,1.2210163432785346,0.13044754592543145,0.007247099561938435
2143,0.6685149970972595,0.34131242094584596,-0.0009593234067800799,0.040895739288655523,2.644291674732974,1.9944543668271932,1.8421848112748567,0.15226955555233646,1.3368447724301953,0.8021068634581171,0.5347379089720782,0.07405071581157532,0.0510546224913655,0.06482242230217629,1.2127758805494193,0.13399694102185283,0.007166035170840149,0.6781199158249865,0.3438708772140786,-0.0045216810391173826,0.04148331134617269,2.709833506217052,2.045593536553576,1.896203563204571,0.14938997334900506,1.3560499050208015,0.8136299430124809,0.5424199620083205,0.07269783019402223,0.04990852075223792,0.06361297443654455,1.2210475957840274,0.1304523435084776,0.007247321402604042
2144,0.6685434656738116,0.34131822820157465,-0.0009476083767569476,0.04089748076614257,2.644482935817075,1.9946222249989163,1.8423649590530984,0.1522572659458179,1.3368632946066277,0.8021179767639766,0.5347453178426511,0.07404559845004005,0.05105028730080747,0.06481800724299594,1.212806891871384,0.1340019213664667,0.007166260403902097,0.6781484176384598,0.34387660873745163,-0.0045101732644226705,0.04148505485238798,2.7100278889493685,2.0457638754840977,1.8963865503391375,0.14937732514496038,1.3560688976837185,0.8136413386102311,0.5424275590734874,0.07269281011770694,0.04990426797719111,0.0636086386246065,1.221078565433786,0.13045711048756128,0.007247544696316397
2145,0.6685715888642529,0.3413242092203709,-0.0009335971526508793,0.040899201127239174,2.6446714762302386,1.994785731465016,1.8425400812618022,0.15224565020321368,1.3368856582807274,0.8021313949684364,0.5347542633122909,0.07404068685920505,0.05104612642961123,0.06481375733978426,1.2128366581758843,0.13400680224598152,0.007166485136031952,0.6781765104984767,0.34388250024852696,-0.004496368628482593,0.04148677335353982,2.710219063992351,2.0459294326284683,1.8965640491265277,0.14936538350194078,1.3560916914430388,0.8136550148658233,0.5424366765772155,0.07268800196567972,0.049900194734539355,0.06360447367983577,1.221108229621703,0.13046177236910908,0.007247767039450751
2146,0.6685992118397989,0.3413305258332089,-0.0009739763399737034,0.0409008908990518,2.644853789370376,1.9949421345697114,1.842706943235073,0.15223519133463848,1.336911410225505,0.8021468461353032,0.5347645640902019,0.0740361222148661,0.05104225947534142,0.06480979937179153,1.212864323557319,0.1340115626373821,0.007166709914648927,0.6782040517498409,0.343888718369704,-0.004537758800239232,0.041488458121428685,2.7104035241560496,2.046087465209137,1.8967328295169912,0.14935463569214572,1.3561178243984306,0.8136706946390584,0.5424471297593723,0.07268354321800652,0.04989641749099688,0.06360060325327001,1.2211357398276124,0.13046631175685508,0.007247989136369019
2147,0.6685881662676593,0.34133395302307507,-0.000984108539468516,0.04090021516888878,2.6447349110528298,1.994823024104607,1.842570844110281,0.15225217999432586,1.3369401115709143,0.8021640669425487,0.5347760446283656,0.07404143736386383,0.051046762222233685,0.06481434009787067,1.2128321096323527,0.13401104691645752,0.007166674560252028,0.6781929663238487,0.3438921467599733,-0.004547841904336006,0.04148777994859881,2.710282756541809,2.0459664792154966,1.8965946451566755,0.14937183405882112,1.3561468523085558,0.8136881113851334,0.5424587409234224,0.07268875118965773,0.04990082944222863,0.06360505399092803,1.2211036070650685,0.13046582394031359,0.007247955047976354
2148,0.6685785143780453,0.34133685858945434,-0.000992863890254471,0.040899624698187045,2.644631202456301,1.9947197949324205,1.842452962255888,0.15226683267653238,1.3369637336673548,0.8021782402004131,0.5347854934669417,0.074046029780234,0.05105065270367598,0.06481826733992666,1.2128042778345032,0.1340104669923881,0.007166642845052404,0.6781832840771806,0.34389505426667266,-0.004556546119577773,0.04148718761611532,2.7101774431453554,2.0458616532300358,1.8964749869398734,0.1493866662901626,1.35617076034247,0.8137024562054819,0.5424683041369881,0.07269325011448843,0.049904640721989295,0.06360890260523831,1.2210758508487847,0.13046527733321509,0.00724792445923686
2149,0.668570155849078,0.3413393800665913,-0.0010003056254901874,0.04089911334533822,2.644540657325378,1.994630352216349,1.8423508194196407,0.15227953279670828,1.3369830631762283,0.8021898379057372,0.5347932252704911,0.07405001004450061,0.05105402459834244,0.06482167586159394,1.2127801572668537,0.13400996495960396,0.007166615424383486,0.678174901321748,0.34389757704016105,-0.004563943983852861,0.04148667477651858,2.7100855321769215,2.045770846851182,1.896371327502726,0.14939951934845622,1.356190341123659,0.8137142046741954,0.5424761364494637,0.07269714853120575,0.04990794327922073,0.06361224213125945,1.2210518008180746,0.13046480448665626,0.0072478980236400856
2150,0.6685629610573899,0.34134160172572875,-0.001006612806857675,0.04089867318071687,2.6444615764447583,1.9945528782600277,1.8422623036277055,0.15229057463232218,1.336998788028421,0.8021992728170528,0.5347995152113683,0.07405346630257562,0.051056952579347795,0.06482464053863954,1.2127592132183516,0.1340095403331874,0.0071665922880876035,0.6781676871360655,0.3438997989983793,-0.004570213948563162,0.04148623342078076,2.7100052914208956,2.0456922097999617,1.8962815190555102,0.1494106907444515,1.3562062872756424,0.8137237723653854,0.542482514910257,0.07270053288658798,0.04991081034761076,0.063615146030951,1.2210309231301426,0.1304644049988546,0.007247875744786749
2151,0.6685568038040173,0.3413435824807732,-0.0010119424667317592,0.040898296484229206,2.6443925295347284,1.994485823557797,1.842185628672494,0.1523001948853029,1.337011501437057,0.8022069008622343,0.5348046005748226,0.07405647082603997,0.05105949787181235,0.06482722247639619,1.212741007336757,0.1340091890857068,0.007166573214052776,0.6781615142957891,0.34390177896299695,-0.004575512414249236,0.04148585576608782,2.7099352616250814,2.045624164264124,1.8962037440399069,0.14942042022421717,1.356219195975291,0.8137315175851745,0.5424876783901165,0.0727034741216501,0.04991330202508603,0.06361767431344448,1.2210127797580803,0.13046407506964208,0.0072478574139094795
2152,0.6685515624869035,0.3413453642311419,-0.0010164330659015453,0.0408979758170277,2.6443322741970863,1.9944278365863624,1.8421192469645935,0.15230858962176896,1.3370217120541543,0.8022130272324929,0.5348086848216614,0.07405908454798306,0.05106171209541388,0.0648294730320599,1.2127251700949335,0.13400890503962914,0.007166557851826821,0.6781562603723174,0.3439035588745512,-0.0045799771990838595,0.04148553432303331,2.709874174911216,2.0455653340132183,1.8961364273690642,0.14942890664415426,1.3562295792369197,0.8137377475421517,0.542491831694768,0.07270603207470015,0.049915469003876584,0.06361987744017786,1.2209970012817934,0.13046380883279327,0.007247842693134417
2153,0.6685471204981877,0.34134697669467795,-0.0010202071362710938,0.04089770404580538,2.644279708588951,1.9943777209130589,1.8420617965812789,0.15231592433177996,1.3370298533461196,0.8022179120076721,0.5348119413384474,0.07406135977430342,0.05106363956127563,0.06483143620292223,1.2127113843288835,0.13400868058608556,0.007166545769361932,0.6781518080902846,0.343905168563988,-0.00458373018496281,0.04148526191747902,2.7098209070040227,2.0455145009921196,1.896078182971408,0.14943631802071153,1.3562378733876912,0.8137427240326146,0.5424951493550766,0.07270825812000226,0.049917354805868286,0.0636217986494598,1.2209832705785568,0.13046359904611848,0.007247831162180876
2154,0.6685433671083483,0.34134844091133676,-0.001023373160477084,0.0408974743968757,2.6442338433363473,1.9943344087728445,1.8420120680696597,0.15232234070318482,1.3370362921111452,0.8022217752666875,0.5348145168444577,0.07406334197078687,0.05106531878589558,0.06483315019601937,1.212699374385845,0.1340085072275579,0.007166536490503798,0.6781480461882293,0.3439066292235389,-0.004586879202868363,0.041485031743198536,2.7097744487946613,2.045470578506293,1.896027780194474,0.14944279831181895,1.356244447666979,0.8137466686001873,0.5424977790667918,0.07271019691181371,0.049918997260069944,0.06362347548854852,1.220971312041798,0.13046343761472623,0.0072478223559089405
2155,0.6685401986359274,0.34134977179765374,-0.0010260268434043665,0.04089728052772362,2.644193786607538,1.9942969459177158,1.8419689848145173,0.15232796110319846,1.3370413363217002,0.8022248017930205,0.5348165345286797,0.07406507090873939,0.05106678346167343,0.0648346484295499,1.2126888991655291,0.13400837607431407,0.007166529525497757,0.6781448705711717,0.34390795594311385,-0.004589519316457152,0.04148483743237984,2.7097338911456643,2.045432595774537,1.8959841238629083,0.149448471911629,1.356249612137927,0.813749767282756,0.542499844855171,0.07271188750594508,0.049920429452746815,0.06362494079416992,1.2209608846459619,0.13046331606921388,0.007247815794878442
2156,0.6685375200411857,0.3413509802625472,-0.0010282519247461,0.04089711662449151,2.644158737670259,1.9942644839663355,1.8419315922202295,0.1523328917461059,1.3370452424167156,0.8022271454500297,0.5348180969666859,0.07406658142694136,0.05106806310240271,0.06483596019709492,1.2126797474905557,0.1340082783534395,0.0071665244000288,0.6781421858855559,0.3439091598110464,-0.004591733652762817,0.041484673151966675,2.7096984182485975,2.0453996900524336,1.8959462432255765,0.14945344682685713,1.3562536250383685,0.813752175023021,0.5425014500153476,0.0727133641077152,0.049921680361053315,0.06362622334457113,1.2209517773202654,0.13046322605441008,0.007247811014352589
2157,0.6685352459462875,0.3413520747200929,-0.0010301210064797908,0.04089697746438384,2.6441279822465087,1.9942362739986168,1.8418990489365394,0.15233722506207742,1.3370482221832813,0.8022289333099691,0.5348192888733122,0.074067904012044,0.05106918353495561,0.06483711116648246,1.2126717345801548,0.13400820578453804,0.007166520675265211,0.6781399065230308,0.3439102494166498,-0.004593594243863797,0.04148453366506019,2.7096673027957903,2.0453711000255805,1.8959132829688046,0.1494578170567758,1.356256699711643,0.8137540198269856,0.5425026798846574,0.07271465664264803,0.049922775336500747,0.06362734835012292,1.2209438054189838,0.13046315968939937,0.0072478075843126965
2158,0.6685333011547224,0.3413530622789982,-0.0010316963956697872,0.0408968584474378,2.6441008869921636,1.994211659305358,1.8418706174996369,0.15234104180572117,1.3370504491542106,0.8022302694925267,0.5348201796616838,0.07406906533959795,0.05107016735761734,0.0648381238412948,1.2126646987648204,0.13400815091889806,0.007166517961908802,0.67813795712225,0.34391123202931184,-0.004595162883128043,0.04148441436161178,2.7096399002762523,2.045346158361562,1.8958844936492016,0.14946166471236047,1.356259011045085,0.8137554066270507,0.5425036044180342,0.07271579128778713,0.04992373655506227,0.0636283379066133,1.2209368074370575,0.13046310989103427,0.007247805123459326
2159,0.6685316208020097,0.3413539494684973,-0.0010330308994292853,0.040896755605739,2.6440768958521175,1.994190069658183,1.8418456571702766,0.15234441248790637,1.3370520644697341,0.8022312386818408,0.5348208257878934,0.0740700886538672,0.05107103426184669,0.06483901787742907,1.2126584991795484,0.1340081073791033,0.007166515927766924,0.678136272703422,0.34391211431763374,-0.004596491931247587,0.04148431126665096,2.709615645165084,2.0453242858060916,1.8958592243460686,0.1494650614600229,1.3562607013650263,0.8137564208190154,0.5425042805460109,0.07271679084567478,0.0499245833339906,0.06362921130706072,1.220930642697927,0.13046307060129783,0.007247803306732256
2160,0.6685301504101766,0.3413547426725332,-0.0010341685855256924,0.04089666560675221,2.644055528646789,1.994171017600388,1.8418236193368909,0.15234739826349705,1.3370531821831628,0.802231909309898,0.5348212728732649,0.07407099400557005,0.0510718012336791,0.0648398102741614,1.2126530143191667,0.1340080699594285,0.007166514302068384,0.6781347987093542,0.34391290278039044,-0.004597625082258958,0.04148422104279434,2.7095940493685835,2.045304987328973,1.895836917907059,0.14946806942191382,1.356261885769208,0.8137571314615244,0.5425047543076835,0.07271767497991243,0.049925332331373855,0.06362998523125037,1.2209251898964166,0.13046303688211905,0.007247801869583379
2161,0.668528845410517,0.3413554482942239,-0.001035145693871746,0.04089658572412573,2.644036377864211,1.9941540931375257,1.8418040414360815,0.1523500517014442,1.337053894046882,0.8022323364281294,0.5348215576187525,0.07407179849079609,0.05107248275612618,0.06484051556400018,1.2126481405875749,0.13400803458721555,0.0071665128740930565,0.6781334905181693,0.3439136039109955,-0.004598598273331957,0.041484140960435685,2.709574698863306,2.045287846665411,1.8958171047028114,0.1494707419625998,1.356262656934158,0.8137575941604944,0.5425050627736636,0.07271846045168029,0.04992599774650393,0.06363067393397187,1.2209203456367355,0.13046300487755105,0.007247800606613692
2162,0.6685276702003168,0.3413560727738182,-0.0010359916126021634,0.0408965137799862,2.644019102760827,1.9941389561713734,1.8417865385262484,0.15235241764512494,1.3370542737242972,0.8022325642345786,0.5348217094897186,0.07407251654365477,0.051073091057093706,0.0648411460490709,1.2126437905222864,0.13400799825843576,0.007166511487640935,0.6781323124924215,0.3439142242169989,-0.004599440657049821,0.04148406883957545,2.7095572476272967,2.0452725185895844,1.8957993940206712,0.14947312456891326,1.3562630893443763,0.8137578536066254,0.5425052357377509,0.07271916140824869,0.04992659156428992,0.0636312894783295,1.22091602265062,0.13046297175110771,0.007247799366093505
2163,0.6685265971411986,0.3413566225541035,-0.0010367297872106163,0.040896448083663564,2.644003423202362,1.9941253289774814,1.8417707949672033,0.15235453401027804,1.337054380391931,0.8022326282351588,0.5348217521567722,0.07407316021567167,0.05107363634607337,0.06484171202768632,1.2126398910998892,0.1340079589603724,0.007166510034665476,0.6781312369708494,0.34391477018742644,-0.0046001755061912675,0.04148400298814235,2.709541411318102,2.045258721239967,1.8957834655730488,0.14947525566691788,1.356263242908423,0.8137579457450533,0.5425052971633696,0.0727197896582939,0.04992712378849281,0.06363184195925237,1.220912148097508,0.13046293561083117,0.00724779804365289
2164,0.6685256055613362,0.34135710397847935,-0.001037378586888217,0.04089638737065385,2.6439891139878826,1.9941129893539014,1.841756556919296,0.15235643243460528,1.3370542617809775,0.8022325570685866,0.5348217047123909,0.07407373941460527,0.051074127016457097,0.06484222198699027,1.2126363822878357,0.13400791553200078,0.007166508448312596,0.6781302432656418,0.34391524819361297,-0.00460082107274578,0.04148394214065341,2.7095269614502113,2.0452462291327307,1.8957690618431613,0.14947716728956925,1.3562631660117506,0.8137578996070499,0.5425052664047006,0.07272035490738019,0.049927602641215055,0.0636323396936942,1.2209086621108471,0.13046289537530784,0.007247796575383847
2165,0.6685246806988177,0.3413575232366854,-0.0010379521705202108,0.040896330737981906,2.6439759978053847,1.9941017628572748,1.8417436237762963,0.15235813908097862,1.3370539567151472,0.8022323740290884,0.5348215826860587,0.0740742621888763,0.051074569886492394,0.06484268283795874,1.212633215320281,0.13400786750692137,0.007166506696039283,0.6781293166014969,0.3439156644369183,-0.004601391444894153,0.04148388539331353,2.709513718202838,2.0452348652618273,1.895755979364616,0.1494788858972115,1.3562628980637041,0.8137577388382221,0.542505159225482,0.07272086503746802,0.049928034799686744,0.06363278945176389,1.220905516073262,0.13046285062327126,0.0072477949310315
2166,0.6685238124925293,0.34135788630701325,-0.001038461336535533,0.04089627757023505,2.643963936623152,1.9940915138788111,1.8417318383131145,0.15235967556569666,1.337053497183396,0.8022320983100377,0.5348213988733583,0.07407473505562677,0.051074970477198695,0.06484310019005386,1.2126303507099068,0.1340078149713777,0.0071665047717774715,0.6781284469036835,0.34391602489297923,-0.00460189738777414,0.041483832129876164,2.70950154166068,2.0452244920374483,1.8957440587141003,0.14948043332334812,1.356262471577633,0.8137574829465796,0.5425049886310535,0.07272132642854631,0.049928425668737585,0.06363319672618353,1.2209026706322277,0.1304628014576599,0.0072477931062521605
2167,0.6685229945083165,0.3413581989601998,-0.0010389142605547672,0.04089622747387203,2.643952823271097,1.994082137194567,1.8417210772929598,0.1523610599016071,1.3370529099635624,0.8022317459781375,0.5348211639854249,0.07407516332447434,0.051075333286637006,0.06484347862500212,1.2126277562860608,0.13400775845444635,0.007166502689479838,0.6781276277220722,0.34391633531706295,-0.004602347073327816,0.04148378195582218,2.709490323258292,2.0452150027111937,1.8957331749779285,0.14948182773326538,1.3562619138006062,0.8137571482803635,0.5425047655202427,0.07272174427576866,0.049928779649459985,0.0636335660006336,1.2209000937436998,0.13046274840060088,0.007247791116250744
2168,0.6685222228860851,0.34135846673720405,-0.0010393171949962532,0.04089618021281338,2.6439425732828656,1.9940735499283209,1.8417112425615436,0.15236230736677736,1.3370522178688697,0.802231330721322,0.5348208871475477,0.07407555139970087,0.05107566204590999,0.06484382195302765,1.2126254053637135,0.13400769878760313,0.007166500476552578,0.6781268551777857,0.3439166012240293,-0.004602746770466105,0.04148373463392244,2.7094799774977103,2.045206313226343,1.8957232287187347,0.14948308450760817,1.3562612479649598,0.8137567487789756,0.5425044991859842,0.07272212288539193,0.04992910038991436,0.06363390100084777,1.2208977588466499,0.1304626922595624,0.007247788989315974
2169,0.6685214955391737,0.3413586949346136,-0.0010396749975755681,0.04089613565946437,2.643933118643824,1.9940656854182892,1.8417022542483041,0.1523634311699852,1.3370514406591998,0.80223086439552,0.5348205762636797,0.07407590301139394,0.051075959914974225,0.06484413340905615,1.2126232753429425,0.13400763699790377,0.0071664981688827215,0.6781261271626008,0.34391682787609984,-0.004603101366496817,0.041483690035262547,2.7094704355967285,2.045198355994754,1.8957141390743164,0.14948421692043787,1.3562604942040208,0.8137562965224122,0.5425041976816086,0.07272246590143236,0.04992939097714168,0.06363420488714547,1.220895643464989,0.13046263402573147,0.007247786761934652
2170,0.6685208115660297,0.3413588885756453,-0.0010399915419788755,0.040896093758725605,2.6439244034040477,1.9940584888838102,1.8416940459833788,0.1523644429004313,1.3370505957011145,0.802230357420669,0.5348202382804456,0.07407622137458009,0.051076229617450605,0.06484441578735287,1.2126213467447147,0.13400757419711415,0.007166495807016705,0.6781254427511354,0.3439170202565407,-0.004603414771249273,0.04148364810328472,2.709461641025635,2.0451910754954072,1.8957058388959518,0.1494852365994553,1.356259670216139,0.8137558021296831,0.5425038680864558,0.07272277646210283,0.04992965406968987,0.06363448038690434,1.2208937282426184,0.13046257476874898,0.0072477844750428845
2171,0.668520170829469,0.34135905238397246,-0.0010402700163642462,0.04089605450225533,2.643916380606844,1.9940519143779845,1.8416865615403186,0.15236535283766586,1.337049698444209,0.8022298190665256,0.5348198793776835,0.07407650929984197,0.05107647353433398,0.06484467153494279,1.2126196025406335,0.13400751149553913,0.007166493433377741,0.6781248017807424,0.34391718304614183,-0.0046036902107604236,0.041483608828088714,2.709453546376418,2.045184425174263,1.8956982713295671,0.14948615384469574,1.3562587917447522,0.8137552750468511,0.5425035166979011,0.07272305730890324,0.04992989199003006,0.06363472988678816,1.2208919962705203,0.13046251555503524,0.007247782171302931
2172,0.6685195736143914,0.3413591907684185,-0.0010405131539366619,0.040896017907530675,2.643909009694548,1.9940459222517315,1.8416797520351387,0.1523661702165928,1.337048762765682,0.8022292576594093,0.5348195051062726,0.07407676928681908,0.05107669378320257,0.06484490283092541,1.212618027586411,0.1340074499416239,0.007166491090056843,0.6781242045099544,0.34391732061017016,-0.0046039304544041385,0.04148357222553783,2.7094461107201004,2.0451783648650608,1.8956913869642453,0.14948697790081567,1.3562578729264256,0.8137547237558552,0.5425031491705704,0.07272331087881244,0.04993010680265733,0.06363495551102909,1.2208904325181025,0.13046245739063903,0.007247779892945852
2173,0.6685190203166987,0.34135930780387275,-0.001040723414622885,0.04089598399881767,2.6439022541682133,1.9940404768982039,1.841673573441018,0.15236690345718593,1.3370478012119922,0.8022286807271956,0.5348191204847966,0.07407700360615388,0.05107689228763904,0.06484511165614548,1.2126166081253653,0.13400739048336768,0.007166488816757804,0.6781236513082561,0.34391743698117133,-0.00460413799424176,0.041483538318281096,2.709439297227116,2.0451728584984465,1.8956851413056517,0.14948771719279488,1.356256926535774,0.8137541559214643,0.5425027706143097,0.0727235393849469,0.04993030038242101,0.06363515919006488,1.2208890233356962,0.13046240118474772,0.007247777679762099
2174,0.6685185112032538,0.3413594072162261,-0.0010409031139809316,0.040895952792486895,2.6438960797669817,1.9940355450155185,1.8416679846745019,0.1523675603410167,1.3370468251541325,0.8022280950924798,0.5348187300616527,0.07407721436252546,0.05107707083062956,0.0648452998469046,1.2126153314065111,0.13400733394569894,0.007166486649208377,0.6781231424168299,0.3439175358453361,-0.004604315172537184,0.041483507121117105,2.7094330713181787,2.0451678723387823,1.8956794928318703,0.14948837950691216,1.3562559641438476,0.8137535784863084,0.5425023856575393,0.07272374487855357,0.049930474467042005,0.06363534271340571,1.2208877560721838,0.13046234772833454,0.007247775567548399
2175,0.6685180461348252,0.3413594923397534,-0.001041054558321472,0.0408959242800649,2.6438904526082116,1.9940310938413197,1.8416629456805889,0.1523681481607309,1.3370458448793705,0.8022275069276227,0.5348183379517478,0.07407740355261067,0.05107723110366587,0.0648454691440957,1.2126141853333892,0.1340072809947347,0.0071664846170954154,0.6781226776725781,0.3439176205012274,-0.004604464314776395,0.04148347862411139,2.7094273987810396,2.045163373197404,1.8956744010533426,0.14948897214406176,1.3562549962128287,0.813752997727697,0.5425019984851317,0.0727239293058155,0.049930630705236054,0.06363550777782351,1.220886618724636,0.13046229766025513,0.007247773586078055
2176,0.668517624425071,0.3413595660960774,-0.0010411800990164435,0.04089589841960764,2.6438853382214265,1.994027090247931,1.8416584164503869,0.15236867379754396,1.3370448696183985,0.8022269217710395,0.534817947847359,0.07407757309496835,0.051077374732061684,0.06484562121863477,1.212613158282993,0.13400723213188015,0.007166482743019911,0.6781222563674876,0.3439176938394267,-0.00460458778378689,0.041483452783993194,2.7094222447917984,2.0451593275155195,1.8956698255161615,0.14948950199935812,1.3562540321260617,0.8137524192756368,0.5425016128504249,0.07272409453718781,0.04993077068156569,0.06363565601232937,1.220885599757355,0.13046225146166743,0.007247771758072983
2177,0.668517244760964,0.3413596309727502,-0.0010412821690807192,0.04089587513083269,2.643880701102915,1.99402350032241,1.8416543565779708,0.15236914374443922,1.337043907541573,0.8022263445249441,0.5348175630166289,0.07407772484130144,0.05107750328449363,0.06484575768088463,1.2126122390375103,0.13400718767752837,0.007166481041819968,0.6781218771695612,0.34391775832175575,-0.0046046880156704675,0.04148342951931856,2.7094175734643438,2.045155700938813,1.8956657253521723,0.14948997558664098,1.356253080186953,0.8137518481121716,0.5425012320747814,0.07272424237851648,0.04993089592585959,0.0636357889874836,1.2208846880332733,0.13046220944063536,0.007247770098538829
2178,0.6685169052865386,0.34135968903414454,-0.0010413632391924957,0.040895854300242215,2.6438765053060167,1.9940202899189703,1.8416507258622512,0.1523695640567191,1.3370429657396086,0.8022257794437655,0.5348171862958431,0.07407786055776311,0.051077618257164434,0.06484588006471949,1.2126114168975302,0.13400714778509407,0.0071664795211768715,0.6781215382063616,0.34391781599230803,-0.00460476747711086,0.04148340871558098,2.7094133484447256,2.04515245887233,1.8956620598834242,0.1494903989889061,1.3562521476021696,0.8137512885613015,0.5425008590408681,0.07272437455299349,0.04993100789792583,0.06363590820000131,1.2208838729252003,0.13046217174559405,0.007247768615365885
2179,0.6685166036721674,0.34135974193554164,-0.0010414257942082603,0.04089583578536069,2.643872714879458,1.9940174250677065,1.8416474847456845,0.15236994032202197,1.3370420502229552,0.8022252301337734,0.5348168200891817,0.07407798191247007,0.05107772106322499,0.06484598981694026,1.212610681757656,0.13400711244413235,0.0071664781821629,0.678121237134437,0.34391786849167405,-0.004604828642322825,0.04148339022945827,2.709409533354533,2.0451495668926847,1.8956587890645982,0.14949077782808648,1.3562512404832252,0.8137507442899349,0.5425004961932903,0.07272449268907319,0.04993110797731512,0.0636360150625011,1.2208831443903114,0.13046213836850437,0.007247767309875608
2180,0.668516337217982,0.34135979095753827,-0.0010414722804748533,0.04089581942106141,2.643869294374526,1.9940148724577935,1.8416445948134696,0.1523702776443238,1.3370411659350934,0.8022246995610564,0.534816466374037,0.07407809046470704,0.051077813023628696,0.0648460882884262,1.2126100241718747,0.1340070815108989,0.007166477020181633,0.6781209712425171,0.34391791709097597,-0.004604873942128503,0.0414833738951252,2.7094060923051697,2.0451469912361926,1.8956558739880958,0.14949111724809697,1.3562503638617902,0.813750218317074,0.5425001455447163,0.07272459830993191,0.04993119745439159,0.06363611089485022,1.2208824930351219,0.1304621091740171,0.007247766177753061
2181,0.6685161029473538,0.3413598370426088,-0.001041505066694516,0.04089580502528471,2.6438662092522347,1.9940125998223512,1.841642019181126,0.15237058064122522,1.3370403167851805,0.8022241900711087,0.5348161267140719,0.07407818765837217,0.05107789536157893,0.06484617672891471,1.2126094353932395,0.13400705473274455,0.007166476025867805,0.6781207375448192,0.34391796272789277,-0.004604905726115938,0.04148335952996131,2.709402990312988,2.045144699189422,1.8956532772785193,0.14949142191090256,1.3562495217241146,0.8137497130344686,0.542499808689646,0.07272469282696242,0.04993127752482153,0.06363619691896075,1.2208819101555841,0.13046208392276057,0.007247765209938962
2182,0.6685158976940948,0.34135988083420993,-0.0010415264092269935,0.040895792404372654,2.643863426215505,1.9940105762499958,1.841639722797825,0.15237085345217075,1.3370395056961333,0.8022237034176803,0.5348158022784529,0.07407827481879373,0.051077969199832096,0.06484625628467863,1.2126089073931348,0.13400703177371756,0.007166475185972534,0.678120532868073,0.3439180060450958,-0.004604926229183771,0.041483346939874606,2.709400193639792,2.04514265940673,1.8956509634033916,0.14949169600333817,1.3562487170606672,0.8137492302364002,0.542499486824267,0.07272477753648823,0.049931349286789876,0.06363627425635315,1.220881387757331,0.1304620622957515,0.007247764393506717
2183,0.6685157183572739,0.3413599227435746,-0.0010415383450733187,0.040895781368657125,2.643860914685107,1.9940087735462502,1.8416376738859033,0.1523710996603469,1.3370387346653387,0.8022232407992036,0.5348154938661351,0.07407835311559505,0.051078035529238654,0.0648463279671919,1.2126084330862106,0.13400701226192926,0.007166474485515266,0.6781203541037308,0.3439180474557583,-0.004604937468085685,0.04148333593473036,2.7093976712738197,2.04514084327421,1.8956489001168908,0.14949194315731917,1.3562479519282151,0.813748771156929,0.5424991807712861,0.07272485358383943,0.04993141371056696,0.06363634389781637,1.2208809187771972,0.13046204393930574,0.0072477637137765205
2184,0.6685155618854064,0.3413599629762969,-0.0010415427385638554,0.04089577173149271,2.6438586464157168,1.9940071658571823,1.8416358434935605,0.15237132236362183,1.33703800487026,0.8022228029221563,0.5348152019481036,0.07407842358301533,0.05107809522595794,0.06484639267072473,1.2126080062072726,0.13400699577530673,0.007166473907931633,0.6781201981951639,0.3439180871701761,-0.004604941285421042,0.0414833263275679,2.7093953945656795,2.0451392245508666,1.8956470580319957,0.1494921665188709,1.3562472275561397,0.8137483365336837,0.542498891022456,0.0727249219824119,0.04993147165465466,0.06363640671991858,1.2208804969656692,0.13046202845217825,0.00724776315448714
2185,0.668515425401491,0.3413600016033096,-0.0010415412162595034,0.04089576331690578,2.6438565958124016,1.9940057299745961,1.841634205756212,0.15237152421838412,1.3370373167603153,0.8022223900561896,0.5348149267041258,0.07407848712408888,0.05107814905499859,0.0648464511767326,1.2126076212859542,0.13400698190377175,0.007166473436479148,0.678120062261465,0.3439181252651533,-0.004604939288161677,0.04148331794217423,2.709393337552172,2.045137779678176,1.8956454108884369,0.14949236878973896,1.3562465444395586,0.8137479266637351,0.5424986177758235,0.07272498361746295,0.04993152386900175,0.06363646348902371,1.2208801168634686,0.13046201544407113,0.007247762699180683
2186,0.6685153062544824,0.3413600385983004,-0.0010415351775204251,0.040895755962743426,2.643854740007327,1.9940044453837988,1.8416327379085775,0.15237170747522139,1.3370366701645822,0.8022220020987497,0.5348146680658324,0.07407854451717238,0.05107819767574816,0.06484650415967064,1.2126072736071685,0.13400697025031016,0.007166473054890934,0.6781199436489669,0.34391816172097367,-0.004604932857656681,0.041483310616235634,2.7093914770370406,2.04513648783058,1.8956439355683032,0.14949255226227678,1.3562459024478957,0.8137475414687374,0.5424983609791583,0.07272503925235183,0.04993157100029066,0.06363651486684946,1.2208797737630608,0.13046200453706847,0.007247762331854247
2187,0.6685152020530108,0.3413600738752754,-0.001041525798317823,0.040895749522736294,2.643853058779964,1.9940032941709174,1.8416314201405515,0.1523718740303659,1.3370360643990202,0.8022216386394125,0.5348144257596077,0.07407859642787401,0.05107824165207893,0.06484655219749111,1.2126069591388389,0.13400696044574242,0.007166472747923474,0.6781198399646783,0.34391819645844707,-0.004604923153934404,0.041483304203383406,2.7093897925114194,2.0451353308220845,1.8956426119516796,0.14949271887040516,1.3562453009328996,0.8137471805597398,0.5424981203731598,0.07272508954010255,0.049931613601732934,0.06363656142064078,1.2208794636373421,0.13046199537975584,0.007247762037504579
2188,0.6685151106793621,0.3413601073217902,-0.0010415140455554348,0.04089574386735377,2.6438515343536024,1.994002260816769,1.84163023533177,0.15237202548499887,1.3370354983697204,0.8022212990218325,0.5348141993478879,0.0740786434243536,0.051078281465309475,0.06484659578500686,1.2126066744392097,0.13400695215811304,0.0071664725017453815,0.6781197490900015,0.3439182293716933,-0.004604911130225313,0.041483298574032684,2.7093882659487445,2.0451342928978926,1.8956414226492173,0.14949287024867536,1.3562447388325451,0.8137468432995272,0.542497895533018,0.07272513503827033,0.04993165214566344,0.06363660363615499,1.2208791830479568,0.13046198765619993,0.007247761802515379
2189,0.6685150302959432,0.3413601388270212,-0.0010415006937866747,0.040895738884199444,2.643850151182037,1.9940013319808647,1.8416291687808646,0.1523721632000002,1.3370349706686204,0.8022209824011726,0.5348139882674479,0.07407868599184807,0.051078317526509924,0.06484663534653144,1.2126064165688557,0.13400694509916858,0.0071664723042334745,0.6781196691869574,0.3439182603558333,-0.004604897549779524,0.04148329361576339,2.709386881589446,2.0451333605159467,1.8956403527290715,0.14949300778687516,1.3562442147672908,0.8137465288603746,0.5424976859069163,0.07272517622306432,0.04993168703550439,0.06363664192995228,1.2208789290582025,0.13046198109213525,0.00724776161495251
2190,0.6685149593367314,0.34136016830210203,-0.0010414863481325032,0.04089573447748808,2.6438488956907262,1.994000496241285,1.8416282078941577,0.15237228834712718,1.337034479660947,0.8022206877965685,0.5348137918643785,0.074078724547156,0.05107835018877266,0.06484667124839286,1.2126061830029342,0.134006939025718,0.007166472145107274,0.6781195986895254,0.34391828932708063,-0.004604883008621212,0.04148328923279046,2.7093856256796065,2.045132522084078,1.8956393894028345,0.14949313268124328,1.3562437271279533,0.813746236276772,0.5424974908511813,0.0727252135034412,0.04993171861770486,0.06363667666157406,1.220878699146115,0.13046197545627522,0.007247761464699616
2191,0.6685148964862759,0.3413601956932807,-0.0010414714692185065,0.04089573056676116,2.643847755986962,1.9939997438052308,1.8416273418496423,0.15237240195558843,1.3370340235621987,0.8022204141373196,0.5348136094248791,0.07407875945264095,0.051078379759075185,0.06484670381095736,1.2126059715463575,0.13400693373904088,0.0071664720159225195,0.6781195362825805,0.3439183162357582,-0.004604867960267593,0.04148328534467541,2.709384486177927,2.0451317676673355,1.895638521686089,0.14949324598124655,1.3562432741530632,0.813745964491838,0.5424973096612252,0.07272524723474667,0.04993174719329718,0.0636367081452596,1.220878491120342,0.13046197055975176,0.007247761343453887
2192,0.6685148406459378,0.3413602209874427,-0.0010414564008707425,0.04089572708482165,2.6438467215407795,1.9939990661921412,1.8416265612388383,0.1523725049533028,1.3370336005032344,0.8022201603019411,0.5348134402012933,0.07407879102957846,0.05107840650958722,0.0648467333200105,1.2126057802529389,0.13400692908133122,0.00716647190991765,0.6781194808680534,0.3439183410717788,-0.004604852743113563,0.041483281884256235,2.7093834524322964,2.045131088666983,1.8956377400357325,0.1494933486312505,1.356242853994273,0.8137457123965638,0.5424971415977092,0.07272527773175025,0.04993177302893943,0.06363673666106495,1.220878303039762,0.13046196625272033,0.007247761244575416
2193,0.6685147908821187,0.34136024420950395,-0.0010414414026710464,0.04089572397456699,2.64384578279586,1.993998455852949,1.8416258576466005,0.15237259820634855,1.3370332085820984,0.8022199251492594,0.534813283432839,0.07407881957212946,0.0510784306895082,0.06484676003860368,1.2126056073407472,0.13400692492870242,0.007166471821676979,0.6781194315129918,0.34391836386208247,-0.004604837612586808,0.04148327879447006,2.70938251478436,2.0451304774339487,1.8956370359232864,0.14949344151066227,1.3562424647684566,0.813745478861074,0.5424969859073826,0.0727253052823328,0.04993179636851092,0.06363676246647379,1.2208781331290726,0.13046196241767297,0.0072477611627536805
2194,0.6685147464062462,0.3413602654199954,-0.0010414266637060465,0.04089572118776476,2.6438449310452476,1.9939979060362478,1.8416252235050599,0.15237268253118794,1.3370328459003122,0.8022197075401877,0.5348131383601246,0.07407884535191654,0.05107845252894418,0.06484678421082893,1.2126054511643851,0.13400692118871155,0.007166471746987565,0.6781193874293718,0.34391838466829044,-0.004604822754807357,0.041483276027118286,2.709381664441532,2.045129927131613,1.8956364016850065,0.14949352544660657,1.3562421045942092,0.8137452627565256,0.5424968418376837,0.07272533015203021,0.04993181743696127,0.06363678580015028,1.220877979750771,0.13046195896707327,0.007247761093865347
2195,0.6685147065495652,0.34136028470695917,-0.0010414123220692587,0.040895718683510676,2.6438441583235663,1.9939974106678233,1.8416246519686479,0.15237275869917544,1.3370325105915304,0.8022195063549186,0.5348130042366118,0.07407886862081961,0.05107847224127603,0.06484680606399068,1.212605310198051,0.13400691779042953,0.007166471682612658,0.6781193479488071,0.3439184035787657,-0.004604808305682356,0.04148327354131938,2.7093808933657293,2.045129431612285,1.8956358303933316,0.14949360121895341,1.3562417716206627,0.8137450629723977,0.542496708648265,0.07272535258684609,0.04993183644269328,0.06363680688413438,1.220877841387809,0.1304619558338841,0.007247761034749486
2196,0.6685146707470891,0.34136030217986474,-0.001041398474708452,0.04089571642724689,2.6438434573506475,1.9939969642827151,1.8416241368452728,0.1523728274374424,1.3370322008422906,0.8022193205053746,0.534812880336916,0.07407888961221377,0.05107849002420836,0.06484682580949372,1.2126051830280415,0.1340069146805669,0.007166471626138971,0.678119312506486,0.3439184207026745,-0.004604794360605645,0.04148327130252649,2.7093801942148494,2.0451289853474037,1.8956353157858348,0.14949366956156881,1.3562414640483578,0.8137448784290148,0.542496585619343,0.07272537281452243,0.0499318535786394,0.06363682592476452,1.2208777166357552,0.13046195296786892,0.007247760983056495
2197,0.6685146385199836,0.34136031796362304,-0.0010413851877681748,0.04089571438968456,2.643842821457236,1.9939965619441007,1.841623672512748,0.15237288943135285,1.3370319149074794,0.8022191489444879,0.5348127659629915,0.0740789085427333,0.05107850606126356,0.06484684364421026,1.2126050683420666,0.13400691181908653,0.007166471575815387,0.6781192806236244,0.34391843616413925,-0.0046047809846074955,0.041483269281454044,2.7093795602669255,2.0451285833451025,1.8956348521800337,0.14949373116506892,1.3562411801448195,0.8137447080868918,0.5424964720579277,0.07272539104629643,0.04993186902374991,0.0636368431140442,1.2208776041919616,0.1304619503314,0.0072477609370890025
2198,0.6685146094569593,0.3413603321929648,-0.0010413725055024928,0.04089571254566575,2.6438422444947736,1.9939961991509434,1.8416232538223365,0.1523729453286068,1.337031651120728,0.8022189906724371,0.534812660448291,0.07407892561454592,0.05107852052370879,0.06484685975231579,1.212604964915468,0.1340069091761719,0.007166471530389007,0.6781192518889256,0.34391845009673255,-0.004604768221118556,0.04148326745294391,2.709378985328473,2.045128221056623,1.8956344343754354,0.14949378668118754,1.3562409182550625,0.8137445509530375,0.542496367302025,0.07272540747914258,0.04993188294489247,0.06363685863145535,1.2208775028417362,0.13046194789655874,0.007247760895640007
2199,0.6685145831986394,0.34136034500690293,-0.0010413604569686971,0.04089571087320726,2.643841720767226,1.9939958717681339,1.8416228760271975,0.15237299574093632,1.337031407900047,0.8022188447400284,0.5348125631600186,0.07407894101678672,0.05107853357177045,0.06484687430641821,1.2126048716025388,0.13400690672968216,0.007166471488959976,0.6781192259430139,0.343918462638052,-0.004604756098555013,0.041483265795013144,2.709378463665177,2.0451278943054767,1.8956340575807724,0.1494938367247042,1.3562406768073412,0.8137444060844047,0.5424962707229365,0.07272542229719461,0.0499318954980566,0.06363687264508104,1.2208774114495737,0.13046194564270888,0.007247760857849542
2200,0.6685145594265051,0.3413603565430106,-0.0010413490604981937,0.04089570935282456,2.643841245002713,1.9939955759942687,1.8416225347528508,0.15237304124141804,1.33703118374977,0.8022187102498621,0.5348124734999078,0.07407895492551153,0.051078545354594884,0.06484688746741668,1.2126047873367998,0.1340069044624867,0.007166471450862218,0.6781192024674021,0.3439184739240994,-0.004604744634692827,0.04148326428817936,2.709377989972597,2.045127599254427,1.8956337173834714,0.14949388187095566,1.3562404543152098,0.8137442725891258,0.5424961817260839,0.07272543567173005,0.04993190682834065,0.06363688531149447,1.2208773289592514,0.13046194355395482,0.007247760823086513
2201,0.6685145378575024,0.34136036693244226,-0.0010413383255086783,0.040895707967201905,2.6438408123642745,1.9939953083666784,1.841622226008218,0.15237308235846037,1.337030977260094,0.8022185863560565,0.5348123909040374,0.07407896750239286,0.051078556009143475,0.06484689938329347,1.2126047111389031,0.1340069023602939,0.007166471415585319,0.6781191811791092,0.3439184840843987,-0.00460473383843682,0.04148326291513148,2.7093775593863887,2.0451273324100665,1.895633409760087,0.14949392264997952,1.3562402493771692,0.8137441496263016,0.5424960997508677,0.07272544775993095,0.049931917068901925,0.06363689677460896,1.2208772544014703,0.13046194161707556,0.007247760790871114
2202,0.6685145182409714,0.34136037629621646,-0.0010413282533806023,0.04089570670100475,2.6438404184655613,1.9939950657726906,1.8416219462022103,0.15237311957048025,1.3370307871055844,0.8022184722633509,0.5348123148422336,0.0740789788934584,0.051078565659124116,0.06484691018796729,1.21260464212427,0.1340069004099896,0.0071664713827218765,0.6781191618275958,0.3439184932383545,-0.004604723710660383,0.04148326166054245,2.7093771674976055,2.0451270906337515,1.895633131092441,0.14949395954131056,1.356240060675274,0.8137440364051645,0.5424960242701096,0.07272545870368216,0.049931926339938704,0.06363690716458437,1.2208771869012645,0.13046193981994342,0.0072477607608226234
2203,0.6685145003564252,0.34136038474350294,-0.0010413188378649713,0.04089570554074392,2.643840059370279,1.993994845448499,1.8416216921443467,0.15237315330415235,1.3370306120432203,0.8022183672259323,0.534812244817288,0.07407898922875189,0.05107857441470383,0.06484692000097993,1.212604579505148,0.13400689859902415,0.007166471351938436,0.6781191441925749,0.343918501493593,-0.004604714244605804,0.04148326051093551,2.70937681035196,2.0451268711403072,1.8956328781680003,0.14949399297230695,1.356239886973266,0.8137439321839597,0.5424959547893062,0.07272546862925514,0.04993193474842223,0.06363691659753408,1.2208771256799542,0.13046193815094406,0.007247760732630895
2204,0.6685144840091195,0.3413603923713434,-0.0010413100666290878,0.040895704474504795,2.6438397315555586,1.9939946449471129,1.8416214610094483,0.15237318393766464,1.3370304509101834,0.8022182705461102,0.5348121803640732,0.07407899862349551,0.05107858237349344,0.0648469289285076,1.2126045225835669,0.1340068969151778,0.007166471322946118,0.6781191280795659,0.3439185089456994,-0.004604705427443824,0.041483259454412266,2.7093764844125308,2.0451266714653515,1.895632648143858,0.14949402332149353,1.3562397271144546,0.8137438362686729,0.5424958908457818,0.07272547764845468,0.049931942389068375,0.06363692517652332,1.2208770700480696,0.130461936598747,0.0072477607060273995
2205,0.668514469026584,0.341360399265558,-0.001041301922238197,0.040895703491735255,2.643839431869488,1.9939944621025807,1.8416212502968945,0.15237321180568622,1.3370303026209889,0.8022181815725935,0.5348121210483954,0.07407900717966023,0.05107858962187805,0.06484693706474778,1.2126044707418284,0.13400689534701532,0.00716647129548797,0.678119113316408,0.34391851567912557,-0.004604697241276219,0.0414832584804397,2.7093761865166752,2.0451264894289194,1.8956324385053218,0.14949405092359766,1.3562395800189222,0.8137437480113534,0.5424958320075688,0.07272548586015876,0.04993194934564195,0.06363693299292911,1.2208770193958585,0.1304619351527418,0.007247760680772894
2206,0.6685144552564983,0.34136040550188773,-0.0010412943829914562,0.04089570258311584,2.643839157497356,1.9939942950025045,1.8416210577988315,0.15237323720367293,1.3370301661642068,0.8022180996985243,0.5348120664656825,0.07407901498727135,0.05107859623612285,0.06484694449308187,1.2126044234345956,0.13400689388401257,0.007166471269336568,0.678119099751147,0.3439185217683311,-0.004604689663972754,0.04148325757972083,2.7093759138419773,2.045126323107677,1.8956322470337903,0.1494940760738866,1.3562394446803117,0.8137436668081871,0.5424957778721246,0.07272549335159312,0.049931955692036525,0.06363694012757581,1.2208769731854248,0.1304619338031632,0.007247760656655483
2207,0.6685144425638948,0.34136041114682586,-0.0010412874242488393,0.04089570174038865,2.6438389059255942,1.9939941419582325,1.8416208815661426,0.15237326039208987,1.3370300405990858,0.8022180243594518,0.534812016239634,0.07407902212573399,0.051078602283496206,0.06484695128725093,1.2126043801808644,0.13400689251630096,0.007166471244284734,0.6781190872492353,0.34391852727861627,-0.004604682670484889,0.04148325674402356,2.709375663869773,2.0451261708047044,1.895632071772267,0.14949409903243732,1.3562393201625098,0.813743592097506,0.5424957280650038,0.07272550019962769,0.04993196149337274,0.06363694665188532,1.2208769309427336,0.1304619325408469,0.007247760633481664
2208,0.6685144308320237,0.3413604162590352,-0.001041281017855493,0.04089570095641039,2.643838674930635,1.9939940014981685,1.8416207198994612,0.15237328159870725,1.3370299250519562,0.802217955031174,0.5348119700207822,0.07407902866440541,0.05107860782275436,0.06484695751188899,1.2126043405604974,0.13400689123512985,0.0071664712201637394,0.6781190756944181,0.343918532267539,-0.004604676232288198,0.04148325596623499,2.7093754343740435,2.045126031042811,1.89563191101638,0.14949412002643125,1.356239205596106,0.8137435233576636,0.5424956822384422,0.07272550647133368,0.049931966806470204,0.06363695262839646,1.220876892254176,0.13046193135768036,0.00724776061109483
2209,0.6685144199608755,0.3413604208903768,-0.0010412751332156064,0.040895700225061955,2.643838462552246,1.9939938723464437,1.8416205713243463,0.15237330102209726,1.3370298187131653,0.8022178912278995,0.5348119274852657,0.07407903466363999,0.05107861290502673,0.06484696322345752,1.2126043042078922,0.13400689003248223,0.0071664711968437815,0.6781190649872689,0.3439185367859459,-0.00460467031842933,0.0414832552402718,2.709375223394517,2.04512590254297,1.8956317632892898,0.14949413925368044,1.3562391001753789,0.8137434601052274,0.5424956400701515,0.07272551222500476,0.0499319716807126,0.0636369581116785,1.2208768567602721,0.13046193024623876,0.007247760589376142
2210,0.6685144098640687,0.341360425086971,-0.001041269738486221,0.040895699541058136,2.643838267052237,1.9939937533884482,1.8416204345518223,0.15237331883662583,1.3370297208340238,0.8022178325004147,0.5348118883336092,0.07407904017634426,0.05107861757513324,0.06484696847162222,1.2126042708025635,0.13400688890122053,0.007166471174224883,0.6781190550420382,0.3439185408790257,-0.004604664896738858,0.04148325456088747,2.709375029194662,2.0451257841891706,1.8956316273014848,0.1494941568876858,1.3562390031552949,0.813743401893177,0.5424956012621179,0.07272551751168375,0.04993197615934103,0.06363696314968298,1.2208768241462553,0.13046192919992514,0.007247760568235569
2211,0.6685144004670168,0.3413604288903133,-0.0010412648011182205,0.040895698899835395,2.643838086883492,1.9939936436458785,1.8416203084494307,0.1523733351964478,1.337029630723435,0.8022177784340615,0.5348118522893736,0.07407904524917991,0.05107862187260355,0.06484697330032693,1.2126042400618537,0.1340068878353764,0.007166471152236035,0.6781190457848059,0.34391854458741905,-0.004604659934377357,0.041483253923559386,2.709374850230294,2.0451256750030615,1.8956315019213903,0.1494941730816712,1.356238913848173,0.8137433483089038,0.5424955655392691,0.0727255223763408,0.04993198028045211,0.06363696778479572,1.2208767941348082,0.13046192821325217,0.007247760547611209
2212,0.6685143917053318,0.34136043233797553,-0.0010412602886052738,0.04089569829745439,2.643837920665877,1.9939935422575825,1.8416201920191795,0.1523733502384031,1.337029547744495,0.8022177286466975,0.5348118190977974,0.07407904992345292,0.05107862583243013,0.06484697774858914,1.2126042117355484,0.13400688682993342,0.0071664711308319536,0.6781190371518739,0.34391854794791554,-0.004604655398580522,0.04148325332439047,2.7093746851251623,2.045125574124482,1.895631386152972,0.14949418797150957,1.3562388316203169,0.8137432989721901,0.5424955326481268,0.07272552685874388,0.049931984077735414,0.06363697205461583,1.2208767664806932,0.13046192728163347,0.0072477605274662085
2213,0.6685143835233696,0.3413604354640551,-0.0010412561690260197,0.04089569773051076,2.6438377671663056,1.9939934484638884,1.841620084379638,0.15237336408425028,1.3370294713111117,0.8022176827866676,0.5348117885244441,0.07407905423581318,0.05107862948566106,0.06484698185112724,1.2126041856016379,0.13400688588063953,0.007166471109988426,0.6781190290882971,0.34391855099389834,-0.00460465125720045,0.04148325276001924,2.709374532650738,2.045125480795523,1.8956312791175423,0.14949420167798097,1.35623875588866,0.813743253533196,0.542495502355464,0.07272553099414411,0.049931987581054035,0.06363697599257015,1.2208767409665269,0.13046192640120444,0.00724776050778414
2214,0.6685143758729404,0.34136043829951446,-0.001041252411434615,0.04089569719605642,2.643837625281571,1.9939933615932839,1.8416199847507657,0.1523733768425182,1.3370294008846746,0.8022176405308052,0.5348117603538693,0.07407905821883948,0.0510786328598956,0.06484698563888651,1.2126041614627732,0.1340068849838668,0.0071664710896975755,0.6781190215465859,0.34391855375568103,-0.0046046474790865655,0.041483252227540506,2.709374391708825,2.0451253943469982,1.895631180038353,0.14949421430864535,1.3562386861174534,0.813743211670472,0.5424954744469813,0.07272553481384852,0.049931990816929867,0.06363697962842835,1.2208767173992485,0.13046192556868805,0.007247760488564422
2215,0.6685143687121449,0.34136044087247247,-0.0010412489861581081,0.04089569669152823,2.6438374940228724,1.9939932810505396,1.8416198924403946,0.1523733886101451,1.3370293359707952,0.8022176015824777,0.5348117343883175,0.0740790619015588,0.051078635979724035,0.06484698913950696,1.212604139143121,0.1340068841364905,0.00716647106996354,0.678119014485528,0.34391855626079315,-0.004604644034390322,0.04148325172443328,2.7093742613158747,2.045125314186357,1.8956310882268594,0.14949422595949755,1.3562386218150253,0.8137431730890152,0.5424954487260101,0.07272553834572805,0.049931993808973854,0.06363698298876062,1.2208766956069854,0.1304619247812789,0.007247760469817939
2216,0.6685143620042845,0.34136044320845665,-0.001041245865052047,0.04089569621468139,2.6438373725014817,1.993993206305765,1.8416198068317944,0.15237339947397063,1.3370292761161446,0.8022175656696873,0.5348117104464574,0.07407906530992137,0.05107863886713018,0.06484699237775207,1.2126041184854859,0.13400688333578703,0.007166471050798165,0.6781190078690925,0.34391855853422965,-0.004604640894809539,0.04148325124849367,2.7093741405884857,2.0451252397865836,1.895631003070109,0.1494942367164745,1.3562385625306281,0.8137431375183769,0.5424954250122512,0.07272554161468195,0.049931996578279486,0.06363698609735688,1.2208766754361926,0.13046192403654458,0.007247760451562847
2217,0.668514355716987,0.3413604453306427,-0.0010412430216342541,0.04089569576353588,2.6438372599165194,1.9939931368852974,1.8416197273732866,0.15237340951201075,1.3370292209053871,0.8022175325432328,0.5348116883621543,0.07407906846720219,0.05107864154183159,0.06484699537587316,1.2126040993488776,0.13400688257936152,0.00716647103221792,0.6781190016655453,0.34391856059868386,-0.004604638033732518,0.04148325079778081,2.7093740287310424,2.04512517067695,1.895630924020212,0.14949424665673777,1.356238507851384,0.8137431047108303,0.5424954031405536,0.0727255446430295,0.04993199914375458,0.06363698897558215,1.2208766567492324,0.1304619233323566,0.007247760433821462
2218,0.6685143498213676,0.3413604472600371,-0.0010412404312284823,0.040895695336325186,2.6438371555437583,1.9939930723633914,1.8416196535688103,0.15237341879458122,1.337029169958246,0.802217501974948,0.5348116679832979,0.07407907139435985,0.05107864402158334,0.06484699815393499,1.2126040816063377,0.13400688186505363,0.007166471014240503,0.6781189958466047,0.3439185624747263,-0.004604635426367992,0.04148325037056516,2.7093739250243996,2.045125106434592,1.8956308505847868,0.14949425584980522,1.3562384573993544,0.8137430744396127,0.5424953829597418,0.0727255474508599,0.04993200152241786,0.0636369916426945,1.2208766394222212,0.13046192266679957,0.0072477604166169066
2219,0.6685143442914917,0.341360449015663,-0.0010412380709441255,0.04089569493146331,2.643837058727095,1.9939930123562428,1.841619584971078,0.15237342738516488,1.3370291229266946,0.8022174737560173,0.5348116491706774,0.0740790741103065,0.05107864632240695,0.06484700073006461,1.2126040651433043,0.13400688119089807,0.007166470996883291,0.6781189903869019,0.3439185641809862,-0.004604633049731834,0.041483249965295454,2.7093738288173075,2.0451250466784834,1.8956307823200635,0.1494942643584198,1.35623841082874,0.813743046497244,0.5424953643314959,0.07272555005629447,0.04993200372962078,0.06363699411608632,1.2208766233434105,0.13046192203813387,0.007247760399971559
2220,0.6685143391038642,0.3413604506147075,-0.0010412359196899437,0.040895694547513683,2.643836968870818,1.9939929565165961,1.8416195211754234,0.15237343534117265,1.3370290794923236,0.8022174476953946,0.534811631796929,0.07407907663214701,0.05107864845879288,0.06484700312067145,1.2126040498561637,0.13400688055505067,0.007166470980161581,0.6781189852634711,0.3439185657342954,-0.0046046308826510965,0.04148324958056757,2.7093737395186475,2.045124991064009,1.8956307188246995,0.1494942722393097,1.3562383678232464,0.8137430206939479,0.5424953471292985,0.07272555247571816,0.049932005779243935,0.0636369964114979,1.2208766084117588,0.13046192144472474,0.00724776038390539
2221,0.6685143342370233,0.3413604520726715,-0.0010412339581146735,0.04089569418316415,2.6438368854328376,1.9939929045291378,1.8416194618145187,0.1523734427146191,1.3370290393638642,0.8022174236183188,0.5348116157455454,0.07407907897538851,0.051078650443878035,0.06484700534064164,1.2126040356509797,0.13400687995576002,0.007166470964087549,0.6781189804553404,0.3439185671498327,-0.004604628905708841,0.041483249215099424,2.709373656590633,2.0451249392783253,1.895630659734463,0.14949427954386227,1.356238328093616,0.8137429968561698,0.5424953312374463,0.07272555472398232,0.04993200768386871,0.06363699854320543,1.2208765945356828,0.13046192088501565,0.007247760368434835
2222,0.6685143296712114,0.3413604534035096,-0.0010412321685397685,0.04089569383720688,2.6438368079188015,1.9939928561065825,1.8416194065538716,0.15237344955271082,1.3370290022748825,0.8022174013649298,0.5348116009099527,0.07407908115412151,0.05107865228959925,0.0648470074035066,1.2126040224423982,0.13400687939134404,0.00716647094866951,0.678118975943206,0.34391856844126373,-0.004604627101167956,0.04148324886771107,2.7093735795429157,2.0451248910364357,1.8956306047177223,0.14949428631871325,1.3562382913753224,0.8137429748251935,0.5424953165501288,0.07272555681458005,0.04993200945492582,0.06363700052418432,1.2208765816319738,0.13046192035750642,0.007247760353572179
2223,0.668514325388113,0.3413604546197668,-0.0010412305348676681,0.04089569350852232,2.643836735876951,1.9939928109863354,1.8416193550879687,0.15237345589836665,1.3370289679816363,0.8022173807889821,0.5348115871926542,0.07407908318117785,0.05107865400682704,0.06484700932159097,1.2126040101526898,0.13400687886017262,0.0071664709339115795,0.6781189717091712,0.3439185696208715,-0.004604625452885806,0.04148324853730865,2.7093735079274435,2.045124846077846,1.8956305534715845,0.14949429260626126,1.3562382574264316,0.813742954455859,0.5424953029705726,0.0727255587597982,0.04993201110282412,0.06363700236625172,1.2208765696248634,0.13046191986073757,0.007247760339325209
2224,0.6685143213706061,0.3413604557326963,-0.0010412290425058715,0.04089569319606401,2.643836668893384,1.9939927689274157,1.8416193071367264,0.1523734617906894,1.3370289362610954,0.8022173617566576,0.5348115745044378,0.07407908506827471,0.0510786556054877,0.06484701110614743,1.2126039987108757,0.13400687836065148,0.007166470919813279,0.6781189677364978,0.3439185706996735,-0.0046046239462273,0.04148324822286928,2.7093734413337147,2.04512480416348,1.8956305057183411,0.14949429844513898,1.3562382260256225,0.8137429356153735,0.542495290410249,0.07272556057085688,0.04993201263706876,0.06363700408019723,1.2208765584451597,0.13046191939327514,0.007247760325696828
2225,0.6685143176026531,0.3413604567523872,-0.0010412276782283125,0.04089569289885185,2.6438366065885246,1.9939927297083941,1.8416192624430603,0.15237346726533377,1.3370289069091068,0.8022173441454644,0.5348115627636424,0.07407908682612212,0.05107865709465423,0.06484701276745941,1.2126039880520796,0.1340068778912277,0.007166470906370019,0.6781189640095,0.34391857168754547,-0.004604622567935222,0.04148324792343447,2.709373379385274,2.045124765073634,1.8956304612030581,0.14949430387057588,1.3562381969703599,0.8137429181822159,0.542495278788144,0.0727255622580118,0.049932014066347896,0.06363700567588093,1.2208765480296195,0.13046191895371695,0.007247760312685557
2226,0.6685143140691544,0.3413604576878651,-0.0010412264300918572,0.04089569261596311,2.643836548613668,1.9939926931252836,1.8416192207704318,0.15237347235485174,1.3370288797387269,0.8022173278432364,0.5348115518954905,0.07407908846452603,0.051078658482633765,0.064847014314939,1.2126039781169013,0.13400687745037157,0.007166470893573142,0.6781189605134015,0.343918572593321,-0.004604621306035936,0.041483247638101385,2.7093733217362796,2.045124728605885,1.8956304196911453,0.1494943089147397,1.356238170075224,0.8137429020451343,0.5424952680300896,0.07272556383065347,0.04993201539861674,0.06363700716232756,1.2208765383203337,0.1304619185406752,0.0072477603002856425
2227,0.6685143107559081,0.3413604585472049,-0.0010412252872933486,0.04089569234653005,2.6438364946484074,1.9939926589901646,1.8416191819011962,0.1523734770889685,1.3370288545786848,0.8022173127472112,0.5348115418314736,0.07407908999246605,0.05107865977703346,0.06484701575720231,1.2126039688509467,0.1340068770365915,0.007166470881410725,0.6781189572342992,0.34391857342490095,-0.0046046201497014355,0.04148324736602066,2.7093732680689597,2.0451246945737376,1.8956303809667308,0.1494943136070069,1.356238145170382,0.8137428871022291,0.5424952580681529,0.07272556529738097,0.049932016641160024,0.06363700854779852,1.2208765292642751,0.13046191815279268,0.0072477602884878384
2228,0.6685143076496999,0.341360459337652,-0.0010412242400020463,0.04089569208974532,2.6438364443991613,1.9939926271307284,1.8416191456359623,0.15237348149476618,1.337028831271998,0.802217298763199,0.534811532508799,0.07407909141813997,0.05107866098479806,0.06484701710211585,1.2126039602045557,0.13400687664845154,0.0071664708698692126,0.6781189541592706,0.3439185741893765,-0.004604619089071685,0.041483247106402894,2.7093732180922894,2.0451246628063005,1.8956303448321672,0.14949431797413307,1.3562381221002038,0.8137428732601222,0.5424952488400816,0.07272556666604088,0.04993201780062501,0.06363700983983292,1.2208765208130559,0.13046191778876093,0.007247760277281188
2229,0.6685143047380809,0.34136046006568566,-0.0010412232793529513,0.040895691844848425,2.643836397595769,1.9939925973879387,1.8416191117909257,0.15237348559701286,1.3370288096747385,0.8022172858048433,0.5348115238698952,0.0740790927490674,0.05107866211229784,0.06484701835689236,1.2126039521321788,0.13400687628453734,0.007166470858932661,0.6781189512761383,0.34391857489308814,-0.004604618115255747,0.04148324685850429,2.7093731715384646,2.0451246331458326,1.8956303111052422,0.1494943220405904,1.3562381007220374,0.8137428604332224,0.542495240288815,0.07272556794383078,0.04993201888310915,0.06363701104534332,1.2208765129222905,0.1304619174472856,0.0072477602666522044
2230,0.6685143020093223,0.3413604607371148,-0.0010412223973173124,0.0408956916111229,2.643836353989286,1.993992569614766,1.8416190801963577,0.15237348941840825,1.3370287896548807,0.8022172737929286,0.5348115158619521,0.07407909399215949,0.05107866316538761,0.06484701952815747,1.2126039445919508,0.13400687594350327,0.0071664708485833445,0.6781189485734244,0.3439185755417199,-0.004604617220203069,0.04148324662162385,2.709373128160712,2.0451246054464858,1.8956302796176752,0.1494943258288106,1.3562380809050616,0.8137428485430369,0.5424952323620247,0.07272556913736608,0.04993201989421671,0.06363701217067966,1.2208765055511839,0.13046191712713484,0.007247760256585427
2231,0.668514299452355,0.3413604613571487,-0.001041221586648211,0.04089569138789263,2.643836313350007,1.9939925436750412,1.8416190506952526,0.15237349297978864,1.3370287710912572,0.8022172626547546,0.5348115084365026,0.07407909515377853,0.051078664149457206,0.06484702062200688,1.2126039375453315,0.1340068756240553,0.007166470838802046,0.678118946040293,0.3439185761403696,-0.004604616396644182,0.041483246395099815,2.7093730877313176,2.0451245795731623,1.8956302502137734,0.14949432935938867,1.3562380625292403,0.8137428375175441,0.5424952250116962,0.07272557025273767,0.049932020839107624,0.06363701322168466,1.2208764986621754,0.13046191682712227,0.007247760247063771
2232,0.6685142970567238,0.34136046193046193,-0.0010412208408034987,0.040895691174519064,2.6438362754657403,1.9939925194424841,1.8416190231421785,0.1523734963003056,1.3370287538726024,0.8022172523235618,0.5348115015490407,0.07407909623978978,0.05107866506947541,0.06484702164405624,1.212603930956792,0.134006875324951,0.007166470829568351,0.6781189436665023,0.34391857669361076,-0.004604615638018873,0.04148324617830679,2.7093730500399027,2.0451245554005375,1.8956302227492778,0.14949433265125944,1.3562380454843748,0.8137428272906249,0.5424952181937499,0.07272557129556162,0.04993202172253955,0.06363701420374147,1.2208764922206328,0.13046191654610642,0.007247760238068808
2233,0.6685142948125469,0.3413604624612513,-0.0010412201538837207,0.040895690970398704,2.6438362401402737,1.9939924967998452,1.8416189974022612,0.1523734993975841,1.337028737896687,0.8022172427380124,0.5348114951586745,0.07407909725560669,0.0510786659300282,0.06484702259948472,1.2126039247935392,0.13400687504499834,0.007166470820860938,0.6781189414423681,0.3439185772055498,-0.004604614938412868,0.04148324597065345,2.709373014891909,2.0451245328122196,1.8956301970903664,0.14949433572185344,1.3562380296692378,0.8137428178015426,0.5424952118676952,0.07272557227102242,0.04993202254890454,0.06363701512181583,1.2208764861945838,0.1304619162829906,0.007247760229581076
2234,0.668514292710485,0.34136046295328837,-0.0010412195205682859,0.040895690774961205,2.6438362071920123,1.9939924756381584,1.8416189733502955,0.15237350228786287,1.3370287230695277,0.8022172338417168,0.5348114892278109,0.0740790982062315,0.051078666735353315,0.06484702349307438,1.2126039190252724,0.13400687478305678,0.007166470812657882,0.6781189393587287,0.3439185776798757,-0.004604614292491413,0.041483245771580454,2.709372982107234,2.0451245116999965,1.8956301731127612,0.14949433858723538,1.3562380149907878,0.8137428089944726,0.5424952059963152,0.07272557318391194,0.04993202332226206,0.06363701598049351,1.2208764805544794,0.1304619160367231,0.007247760221580335
2235,0.6685142907417094,0.3413604634099645,-0.0010412189360577556,0.040895690587667455,2.643836176452754,1.9939924558560693,1.8416189508699508,0.15237350498611849,1.337028709304672,0.8022172255828033,0.5348114837218687,0.07407909909629078,0.05107866748937012,0.0648470243292446,1.2126039136239661,0.1340068745380361,0.007166470804936858,0.6781189374069191,0.34391857811990517,-0.0046046136954449035,0.04148324558055876,2.709372951519026,2.045124491963179,1.895630150700953,0.14949434126222594,1.356238001363455,0.8137428008180729,0.542495200545382,0.07272557403866327,0.04993202404636761,0.06363701678401348,1.220876475272982,0.13046191580629718,0.007247760214045852
2236,0.6685142888978766,0.3413604638343325,-0.0010412183960241753,0.040895690408008,2.643836147766595,1.993992437359243,1.8416189298530665,0.1523735075061765,1.3370286965225469,0.8022172179135282,0.5348114786090187,0.07407909993006732,0.05107866819570681,0.06484702511208315,1.2126039085636757,0.13400687430889638,0.00716647079767537,0.6781189355787429,0.3439185785286223,-0.004604613142936288,0.041483245397088024,2.7093729229725962,2.0451244735080114,1.8956301297475002,0.1494943437605112,1.3562379887084934,0.813742793225096,0.5424951954833974,0.07272557483938133,0.0499320247246987,0.06363701753629745,1.2208764703247774,0.13046191559075104,0.007247760206956565
2237,0.6685142871711043,0.34136046422914246,-0.0010412178965603994,0.04089569023550157,2.643836120988937,1.9939924200598274,1.8416189101990164,0.15237350986081094,1.3370286846498676,0.8022172107899206,0.534811473859947,0.07407910071152896,0.05107866885772473,0.064847025845374,1.2126039038203666,0.13400687409464757,0.00716647079085095,0.678118933866449,0.34391857890871375,-0.0046046126310526625,0.041483245220695124,2.7093728963244357,2.04512445624714,1.8956301101524,0.14949434609474016,1.3562379769533928,0.8137427861720357,0.5424951907813571,0.07272557558987017,0.049932025360477916,0.06363701824097659,1.2208764656864073,0.13046191538916696,0.007247760200291312
2238,0.668514285553948,0.341360464596874,-0.0010412174341390829,0.04089569006969365,2.6438360959855984,1.9939924038759698,1.8416188918141372,0.15237351206183258,1.3370286736191017,0.8022172041714611,0.5348114694476406,0.07407910144435385,0.051078669478539895,0.0648470265326222,1.212603899371758,0.1340068738943484,0.007166470784441293,0.6781189322627127,0.3439185792626018,-0.0046046121562625525,0.041483245050932954,2.7093728714413357,2.045124440099143,1.8956300918225297,0.1494943482766131,1.3562379660313433,0.813742779618806,0.5424951864125372,0.07272557629365735,0.04993202595669365,0.06363701890141531,1.2208764613361187,0.13046191520067135,0.007247760194029004
2239,0.6685142840393818,0.3413604649397658,-0.0010412170055746767,0.04089568991015532,2.6438360726320065,1.9939923887313873,1.8416188746112176,0.15237351412016964,1.3370286633679813,0.802217198020789,0.5348114653471924,0.07407910213195368,0.05107867006104247,0.0648470271770762,1.2126038951971831,0.13400687370710565,0.007166470778424416,0.6781189307606126,0.3439185795924703,-0.004604611715376732,0.04148324488737909,2.7093728481995907,2.0451244249880975,1.8956300746711396,0.14949435031695799,1.3562379558807514,0.8137427735284509,0.5424951823523004,0.0727255769540156,0.049932026516118444,0.06363701952073242,1.220876457253729,0.1304619150244337,0.007247760188148727
2240,0.6685142826207782,0.34136046525983954,-0.0010412166079850765,0.04089568975648199,2.6438360508124688,1.9939923745549704,1.8416188585090327,0.15237351604593768,1.3370286538390594,0.8022171923034359,0.5348114615356235,0.0740791027774943,0.05107867060791444,0.0648470277817482,1.2126038912774653,0.1340068735320728,0.007166470772778769,0.6781189293536153,0.34391857990029145,-0.004604611305513165,0.04148324472963477,2.7093728264842794,2.045124410843202,1.8956300586174,0.1494943522258021,1.356237946444799,0.8137427678668795,0.5424951785779194,0.07272557757398293,0.04993202704132592,0.06363702010182071,1.2208764534205043,0.1304619148596658,0.007247760182629917
2241,0.6685142812918898,0.34136046555892424,-0.0010412162387626114,0.0408956896082923,2.6438360304195085,1.993992361280429,1.841618843431923,0.15237351784850586,1.3370286449793092,0.8022171869875857,0.5348114579917235,0.0740791033839143,0.05107867112164524,0.06484702834943208,1.2126038875948029,0.13400687336844902,0.007166470767483324,0.6781189280355557,0.34391858018784627,-0.004604610924063023,0.041483244577323816,2.7093728061886098,2.045124397598418,1.8956300435859843,0.14949435401243397,1.356237937671042,0.8137427626026255,0.5424951750684166,0.07272557815637996,0.049932027534705575,0.06363702064736387,1.2208764498190496,0.13046191470562055,0.00724776017745242
2242,0.6685142800468336,0.341360465838675,-0.001041215895544352,0.04089568946522714,2.6438360113532653,1.993992348845965,1.8416188293094113,0.15237351953655356,1.3370286367397564,0.802217182043854,0.5348114546959024,0.07407910395394206,0.05107867160454625,0.06484702888272018,1.2126038841326685,0.13400687321547752,0.007166470762517669,0.6781189268006239,0.3439185804567467,-0.0046046105686654015,0.041483244430091645,2.7093727872133218,2.0451243851921546,1.895630029506692,0.1494943556854628,1.3562379295110492,0.8137427577066297,0.5424951718044194,0.07272557870382643,0.04993202799847675,0.06363702115985274,1.2208764464332111,0.13046191456159123,0.007247760172596625
2243,0.6685142788800738,0.3413604661005924,-0.0010412155761849104,0.04089568932694862,2.643835993520942,1.993992337193978,1.8416188160758535,0.15237352111812458,1.3370286290751472,0.8022171774450885,0.5348114516300587,0.07407910449011108,0.05107867205876368,0.06484702938401805,1.212603880875716,0.1340068730724447,0.007166470757862075,0.6781189256433471,0.3439185807084509,-0.004604610237176891,0.041483244287604325,2.7093727694661522,2.0451243735669777,1.8956300163141107,0.1494943572528673,1.3562379219200689,0.8137427531520416,0.5424951687680273,0.07272557921875544,0.04993202843470064,0.06363702164159912,1.2208764432479842,0.13046191442691019,0.007247760168043495
2244,0.6685142777864068,0.34136046634603756,-0.0010412152787351858,0.04089568919313915,2.6438359768363027,1.9939923262707886,1.8416188036701142,0.15237352260067438,1.3370286219436471,0.8022171731661885,0.5348114487774587,0.07407910499477412,0.05107867248629072,0.06484702985555843,1.212603877809693,0.134006872938678,0.007166470753497554,0.6781189245585769,0.34391858094428096,-0.00460460992765116,0.04148324414954774,2.709372752861333,2.0451243626693394,1.8956300039472938,0.14949435872204564,1.3562379148567314,0.8137427489140391,0.5424951659426923,0.07272557970342716,0.04993202884529198,0.06363702209474922,1.2208764402494308,0.13046191430094747,0.007247760163774659
2245,0.6685142767609464,0.3413604665762476,-0.0010412150014215554,0.04089568906350051,2.643835961219207,1.9939923160263835,1.8416187920352685,0.152373523991115,1.337028615306564,0.8022171691839386,0.5348114461226254,0.07407910547011604,0.05107867288897827,0.06484703029941354,1.2126038749213643,0.13400687281354512,0.0071664707494058805,0.678118923541475,0.34391858116543644,-0.004604609638318012,0.04148324401562667,2.7093727373191374,2.04512435244933,1.8956299923494728,0.14949436009985725,1.3562379082827738,0.8137427449696645,0.5424951633131093,0.07272558015994088,0.04993202923202915,0.06363702252129527,1.220876437424605,0.13046191418311007,0.0072477601597724555
2246,0.6685142757991096,0.34136046679234766,-0.001041214742626237,0.040895688937752986,2.6438359465951873,1.9939923064141836,1.841618781118329,0.15237352529585446,1.337028609128097,0.8022171654768583,0.5348114436512387,0.07407910591816583,0.05107867326854522,0.0648470307175069,1.2126038721984393,0.13400687269645245,0.00716647074556966,0.6781189225874993,0.34391858137300746,-0.004604609367562629,0.04148324388556402,2.7093727227654547,2.045124342860443,1.8956299814677797,0.14949436139266356,1.3562379021627913,0.813742741297675,0.5424951608651163,0.07272558059024664,0.04993202959656416,0.06363702292308697,1.2208764347614827,0.13046191407284038,0.007247760156019965
2247,0.6685142748966012,0.34136046699536327,-0.0010412145008708087,0.04089568881563445,2.6438359328950445,1.9939922973908144,1.841618770869979,0.15237352652083552,1.337028603375109,0.8022171620250655,0.5348114413500435,0.07407910634080771,0.05107867362658774,0.06484703111162395,1.212603869629505,0.13400687258684327,0.007166470741972305,0.6781189216923905,0.34391858156798594,-0.004604609113910814,0.04148324375909991,2.7093727091314097,2.045124333859366,1.8956299712530023,0.1494943626063638,1.356237896464012,0.8137427378784075,0.5424951585856046,0.07272558099615536,0.049932029940431145,0.06363702330184134,1.220876432248895,0.13046191396961493,0.0072477601525010454
2248,0.6685142740494028,0.34136046718623114,-0.0010412142748032205,0.04089568869689962,2.643835920054494,1.993992288915912,1.841618761244343,0.1523735276715691,1.3370285980169183,0.8022171588101511,0.5348114392067672,0.07407910673979104,0.05107867396458786,0.0648470314834218,1.2126038672039625,0.1340068724841965,0.007166470738598109,0.6781189208521601,0.3439185817512765,-0.004604608876014424,0.04148324363599103,2.709372696352992,2.0451243254057685,1.8956299616593384,0.14949436374642996,1.3562378911560888,0.8137427346936535,0.5424951564624353,0.07272558137934898,0.04993203026505495,0.06363702365915241,1.2208764298764707,0.13046191387294348,0.007247760149200347
2249,0.6685142732537566,0.34136046736580733,-0.0010412140631832767,0.04089568858131919,2.6438359080138154,1.9939922809519173,1.841618752198751,0.15237352875316623,1.3370285930251071,0.8022171558150644,0.5348114372100428,0.07407910711674025,0.05107867428392168,0.06484703183443867,1.2126038649119737,0.1340068723880253,0.007166470735432187,0.6781189200630768,0.343918581923705,-0.0046046086526360455,0.041483243516009696,2.7093726843707335,2.0451243174621228,1.8956299526441862,0.14949436481793646,1.356237886210912,0.8137427317265473,0.5424951544843646,0.07272558174138904,0.04993203057175844,0.06363702399649962,1.2208764276345798,0.1304619137823672,0.007247760146103323
2250,0.6685142725061541,0.34136046753487675,-0.0010412138648713543,0.04089568846867896,2.6438358967175444,1.993992273463903,1.8416187436935356,0.15237352977036742,1.337028588373348,0.8022171530240089,0.5348114353493391,0.07407910747316318,0.05107867458586661,0.06484703216610196,1.2126038627444036,0.13400687229787536,0.0071664707324605136,0.678118919321655,0.3439185820860278,-0.0046046084426405315,0.04148324339894323,2.709372673129388,2.045124309993517,1.895629944167926,0.14949436582559092,1.356237881602436,0.8137427289614618,0.5424951526409743,0.07272558208372543,0.04993203086176989,0.06363702431525624,1.2208764255142817,0.13046191369745774,0.007247760143196244
2251,0.6685142718033229,0.3413604676941598,-0.001041213678819583,0.040895688358779186,2.643835886114175,1.9939922664193985,1.8416187356918288,0.15237353072756968,1.3370285840372438,0.8022171504223463,0.5348114336148975,0.07407910781045957,0.0510786748716084,0.06484703247973643,1.212603860692774,0.13400687221332336,0.007166470729669902,0.6781189186246414,0.34391858223893784,-0.004604608244982614,0.0414832432845931,2.709372662577648,2.0451243029674924,1.8956299361937337,0.1494943667737588,1.3562378773065238,0.8137427263839144,0.5424951509226094,0.07272558240770387,0.04993203113622935,0.06363702461669657,1.220876423507278,0.13046191361781573,0.007247760140466172
2252,0.6685142711422143,0.3413604678443195,-0.0010412135040605702,0.040895688251433616,2.6438358761558938,1.993992259788235,1.8416187281593834,0.15237353162885145,1.3370285799941841,0.8022171479965104,0.5348114319976737,0.07407910812992836,0.0510786751422475,0.06484703277657129,1.2126038587492154,0.13400687213397558,0.007166470727048,0.6781189179690048,0.3439185823830727,-0.004604608058698091,0.0414832431727742,2.709372652667874,2.0451242963538845,1.895629928687394,0.14949436766649035,1.3562378733007998,0.8137427239804801,0.5424951493203197,0.07272558271457337,0.04993203139619491,0.06363702490200314,1.2208764216058654,0.1304619135430694,0.007247760137900983
2253,0.6685142705199907,0.3413604679859672,-0.0010412133397021406,0.040895688146468906,2.6438358667983146,1.993992253542386,1.8416187210643895,0.15237353247799637,1.3370285762232086,0.8022171457339251,0.5348114304892835,0.07407910843277513,0.051078675398805194,0.06484703305774714,1.212603856906426,0.13400687205946626,0.007166470724583236,0.678118917351922,0.343918582519019,-0.004604607882896676,0.04148324306331413,2.7093726433558416,2.0451242901246705,1.8956299216171288,0.14949436850754158,1.356237869564521,0.8137427217387128,0.5424951478258082,0.072725583005493,0.0499320316426485,0.0636370251722731,1.220876419802897,0.13046191347287328,0.00724776013548931
2254,0.6685142699340142,0.3413604681196678,-0.0010412131849178302,0.04089568804372374,2.6438358580002466,1.9939922476558296,1.841618714377315,0.1523735332785146,1.3370285727048858,0.8022171436229314,0.5348114290819544,0.07407910872011852,0.051078675642229135,0.06484703332432214,1.2126038551576288,0.13400687198945616,0.0071664707222648455,0.6781189167707691,0.34391858264731867,-0.00460460771675391,0.04148324295605242,2.7093726346005087,2.0451242842538333,1.8956299149534366,0.14949436930039695,1.356237866078453,0.813742719647072,0.5424951464313811,0.07272558328153811,0.04993203187650107,0.06363702542852431,1.2208764180917413,0.13046191340690688,0.007247760133220566
2255,0.6685142693818351,0.3413604682459444,-0.0010412130389430285,0.04089568794304812,2.643835849723474,1.9939922421044165,1.841618708070754,0.1523735340336624,1.3370285694211999,0.8022171416527198,0.53481142776848,0.07407910899299637,0.05107867587339856,0.0648470335772781,1.212603853496537,0.13400687192363114,0.007166470720082803,0.6781189162231084,0.3439185827684733,-0.0046046075595059036,0.04148324285083986,2.7093726263637943,2.045124278717226,1.8956299086689372,0.14949437004828903,1.3562378628247616,0.8137427176948571,0.5424951451299045,0.07272558354370631,0.04993203209859776,0.06363702567170088,1.2208764164662462,0.13046191334487314,0.007247760131084894
2256,0.6685142688611797,0.3413604683652822,-0.0010412129010674703,0.04089568784430259,2.6438358419325416,1.9939922368657348,1.8416187021192734,0.15237353474646148,1.3370285663554469,0.8022171398132681,0.5348114265421787,0.07407910925237171,0.05107867609312927,0.06484703381752581,1.2126038519173175,0.13400687186170038,0.0071664707180278085,0.678118915706678,0.34391858288294785,-0.0046046074104441614,0.04148324274753769,2.7093726186103715,2.0451242734924437,1.895629902738227,0.14949437075421654,1.3562378597869071,0.8137427158721444,0.5424951439147627,0.07272558379292315,0.04993203230972268,0.06363702590267875,1.2208764149207045,0.13046191328649748,0.007247760129073137
2257,0.6685142683699412,0.3413604684781331,-0.0010412127706328211,0.04089568774735758,2.643835834594563,1.9939922319189967,1.84161869649928,0.15237353541971657,1.3370285634921382,0.8022171380952828,0.5348114253968553,0.07407910949913818,0.05107867630217835,0.06484703404591045,1.2126038504145562,0.1340068718033953,0.0071664707160912595,0.6781189152193813,0.3439185829911749,-0.004604607268910418,0.041483242646016966,2.7093726113074754,2.0451242685587063,1.895629897137744,0.14949437142096209,1.356237856949552,0.8137427141697312,0.5424951427798207,0.07272558403004727,0.04993203251060319,0.06363702612227042,1.2208764134498207,0.13046191323152598,0.007247760127176832
2258,0.668514267906167,0.34136046858491775,-0.0010412126470261615,0.04089568765209255,2.6438358276790344,1.9939922272449182,1.841618691188887,0.15237353605603113,1.3370285608169126,0.8022171364901475,0.5348114243267651,0.0740791097341251,0.051078676501248324,0.06484703426321624,1.2126038489832305,0.13400687174846815,0.007166470714265203,0.6781189147592762,0.3439185830935574,-0.004604607134290548,0.0414832425461577,2.7093726044247175,2.045124263896742,1.8956298918456338,0.14949437205110847,1.356237854298473,0.8137427125790838,0.5424951417193892,0.0727255842558754,0.04993203270191428,0.06363702633122978,1.220876412048682,0.13046191317972458,0.007247760125388155
2259,0.6685142674680493,0.3413604686860287,-0.001041212529678627,0.04089568755839529,2.6438358211576647,1.9939922228256144,1.841618686167792,0.1523735366578224,1.3370285583164547,0.8022171349898727,0.534811423326582,0.07407910995810238,0.05107867669099145,0.0648470344701712,1.2126038476186758,0.13400687169669032,0.007166470712542309,0.678118914324565,0.3439185831904715,-0.004604607006014776,0.041483242447848206,2.7093725979339185,2.045124259488683,1.89562988684163,0.14949437264705315,1.356237851820481,0.8137427110922886,0.5424951407281924,0.07272558447114688,0.04993203288428226,0.06363702653025634,1.2208764107127286,0.13046191313087743,0.007247760123699898
2260,0.6685142670539151,0.3413604687818338,-0.0010412124180587956,0.04089568746616111,2.643835815004212,1.993992218644497,1.8416186814171605,0.15237353722733646,1.3370285559784192,0.8022171335870514,0.5348114223913678,0.07407911017178495,0.05107867687201338,0.06484703466745118,1.2126038463165614,0.13400687164785122,0.007166470710915827,0.6781189139135846,0.34391858328226954,-0.004604606883551819,0.04148324235098423,2.7093725918089446,2.04512425531796,1.8956298821069373,0.14949437321102285,1.3562378495033458,0.8137427097020075,0.5424951398013383,0.07272558467654833,0.0499320330582888,0.06363702671999957,1.2208764094377271,0.13046191308478575,0.007247760122105427
2261,0.668514266662216,0.34136046887267696,-0.0010412123116739086,0.04089568737529201,2.643835809194333,1.9939922146861768,1.8416186769195169,0.15237353776665993,1.3370285537913604,0.8022171322748162,0.5348114215165443,0.07407911037583713,0.0510786770448769,0.06484703485568397,1.2126038450728633,0.13400687160175676,0.007166470709379546,0.6781189135247973,0.34391858336928127,-0.004604606766405547,0.04148324225546817,2.7093725860255606,2.04512425136921,1.8956298776241238,0.14949437374508603,1.3562378473357282,0.8137427084014368,0.5424951389342914,0.07272558487271735,0.04993203322447407,0.06363702690106252,1.2208764082197452,0.13046191304126675,0.0072477601205986515
2262,0.66851426629152,0.3413604689588808,-0.001041212210063959,0.04089568728569586,2.6438358037054446,1.9939922109363766,1.841618672658644,0.15237353827773256,1.3370285517446676,0.8022171310468005,0.5348114206978671,0.07407911057087668,0.05107867721010534,0.06484703503545325,1.2126038438838398,0.13400687155822852,0.0071664707079277645,0.6781189131567809,0.34391858345181614,-0.004604606654113053,0.041483242161208175,2.7093725805612885,2.0451242476281846,1.89562987337702,0.1494943742511647,1.3562378453071142,0.8137427071842684,0.5424951381228458,0.07272558506024676,0.049932033383340256,0.06363702707400556,1.220876407055127,0.1304619130001521,0.007247760119173975
2263,0.6685142659405007,0.34136046904074774,-0.0010412121127997415,0.04089568719728537,2.6438357985165877,1.9939922073818432,1.841618668619485,0.15237353876235826,1.3370285498285046,0.8022171298971027,0.5348114199314019,0.07407911075747846,0.05107867736818568,0.06484703520730177,1.2126038427460075,0.13400687151710178,0.007166470706555228,0.6781189128082195,0.3439185835301647,-0.00460460654624377,0.04148324206811713,2.70937257539527,2.045124244081661,1.8956298693506146,0.14949437473104635,1.356237843407759,0.8137427060446555,0.5424951373631036,0.07272558523968821,0.04993203353535471,0.06363702723934991,1.2208764059404704,0.130461912961287,0.007247760117826263
2264,0.6685142656079298,0.34136046911856155,-0.0010412120194828456,0.0408956871099771,2.643835793608304,1.9939922040102673,1.8416186647880517,0.15237353922221553,1.3370285480337543,0.8022171288202525,0.5348114192135017,0.07407911093617836,0.05107867751957192,0.0648470353717351,1.2126038416561211,0.1340068714782249,0.007166470705257113,0.6781189124778954,0.3439185836045993,-0.004604606442394903,0.04148324197611157,2.709372570508152,2.0451242407173686,1.8956298655309758,0.14949437518639272,1.3562378416286271,0.8137427049771763,0.5424951366514509,0.07272558541155578,0.04993203368095292,0.06363702739758087,1.2208764048726055,0.13046191292452877,0.007247760116550792
2265,0.6685142652926683,0.34136046919258767,-0.0010412119297405417,0.040895687023690064,2.6438357889625226,1.99399220081021,1.8416186611513439,0.15237353965886605,1.3370285463519647,0.8022171278111787,0.534811418540786,0.07407911110747666,0.05107867766468785,0.06484703552922465,1.2126038406111501,0.13400687144145765,0.007166470704028965,0.6781189121646809,0.3439185836753757,-0.004604606342188955,0.041483241885110406,2.709372565881964,2.0451242375239085,1.8956298619051581,0.14949437561875045,1.3562378399613433,0.8137427039768059,0.5424951359845374,0.07272558557632931,0.049932033820541386,0.06363702754915088,1.2208764038485738,0.13046191288974593,0.0072477601153432235
2266,0.6685142649936561,0.3413604692630737,-0.0010412118432249554,0.04089568693834442,2.643835784562442,1.9939921977710247,1.8416186576972606,0.15237354007376408,1.3370285447753019,0.8022171268651811,0.5348114179101208,0.07407911127184147,0.051078677803930064,0.06484703568021082,1.2126038396082583,0.13400687140667,0.007166470702866633,0.6781189118675269,0.34391858374273204,-0.004604606245274749,0.04148324179503324,2.7093725615000075,2.045124234490679,1.8956298584611204,0.14949437602955848,1.3562378383981453,0.8137427030388871,0.5424951353592582,0.07272558573445798,0.04993203395450063,0.06363702769448266,1.2208764028656047,0.13046191285681658,0.00724776011419952
2267,0.6685142647099058,0.3413604693302495,-0.0010412117596125606,0.040895686853859345,2.6438357803924366,1.9939921948827979,1.841618654414535,0.15237354046826296,1.337028543296503,0.8022171259779017,0.5348114173186013,0.0740791114297125,0.05107867793767107,0.06484703582510629,1.212603838644783,0.13400687137374098,0.007166470701766263,0.6781189115854569,0.3439185838068898,-0.004604606151321508,0.041483241705798424,2.7093725573467515,2.0451242316078067,1.89562985518765,0.14949437642015645,1.3562378369318362,0.8137427021591016,0.5424951347727346,0.07272558588636376,0.04993203408318814,0.06363702783397245,1.2208764019210965,0.13046191282562727,0.007247760113115932
2268,0.6685142644404894,0.34136046939432607,-0.0010412116785983166,0.0408956867701507,2.6438357764379394,1.9939921921362624,1.8416186512926391,0.15237354084362342,1.337028541908834,0.8022171251453003,0.5348114167635336,0.07407911158150463,0.0510786780662623,0.06484703596429912,1.2126038377182102,0.13400687134255646,0.0071664707007241734,0.6781189113175539,0.3439185838680522,-0.0046046060600210825,0.04148324161732039,2.7093725534077278,2.0451242288660727,1.8956298520742814,0.14949437679179117,1.3562378355557443,0.8137427013334465,0.5424951342222978,0.07272558603244511,0.04993203420694146,0.06363702796799289,1.2208764010125914,0.13046191279607142,0.007247760112088886
2269,0.6685142641845279,0.3413604694554933,-0.0010412115998990681,0.0408956866871276,2.6438357726853434,1.9939921895227326,1.841618648321714,0.1523735412010186,1.3370285406060487,0.8022171243636292,0.5348114162424195,0.07407911172761172,0.05107867819003743,0.06484703609815594,1.2126038368261547,0.1340068713130078,0.007166470699736786,0.6781189110629499,0.34391858392640207,-0.004604605971080589,0.04148324152950614,2.7093725496694243,2.045124226256839,1.895629849111216,0.14949437714562283,1.3562378342636805,0.8137427005582082,0.5424951337054723,0.0727255861730807,0.04993203432608138,0.06363702809689648,1.220876400137755,0.13046191276804722,0.007247760111114904
2270,0.6685142639411774,0.3413604695139171,-0.0010412115232480285,0.04089568660468811,2.6438357691218948,1.9939921870340247,1.8416186454924852,0.1523735415415394,1.3370285393823496,0.8022171236294097,0.5348114157529399,0.07407911186841143,0.05107867830931639,0.06484703622702595,1.2126038359663283,0.13400687128498937,0.0071664706988005195,0.6781189108208099,0.34391858398209807,-0.004604605884227085,0.04148324144225053,2.709372546119171,2.04512422377196,1.8956298462892296,0.14949437748273023,1.3562378330499023,0.8137426998299413,0.542495133219961,0.0727255863086343,0.04993203444091608,0.06363702822101931,1.2208763992943434,0.13046191274145552,0.007247760110190491
2271,0.668514263709609,0.34136046956973276,-0.0010412114483958762,0.04089568652271292,2.6438357657355662,1.9939921846623554,1.8416186427961563,0.15237354186619903,1.3370285382323501,0.80221712293941,0.5348114152929401,0.07407911200426996,0.05107867842440943,0.06484703635124461,1.2126038351365132,0.13400687125839456,0.007166470697911606,0.6781189105903137,0.34391858403526876,-0.004604605799201064,0.041483241355429704,2.7093725427450224,2.0451242214036927,1.8956298435995782,0.1494943778041145,1.356237831909074,0.8137426991454443,0.5424951327636297,0.07272558643945957,0.04993203455174517,0.0636370283406849,1.220876398480176,0.13046191271619623,0.007247760109311956
2272,0.6685142634889834,0.3413604696230364,-0.001041211375107265,0.04089568644105672,2.6438357625149167,1.99399218240023,1.8416186402242944,0.15237354217593546,1.3370285371510369,0.8022171222906221,0.5348114148604147,0.0740791121355485,0.05107867853562249,0.06484703647113854,1.2126038343345211,0.13400687123311203,0.00716647069706585,0.6781189103706262,0.34391858408600207,-0.004604605715758069,0.041483241268891746,2.7093725395356,2.045124219144564,1.8956298410338621,0.14949437811070232,1.3562378308362295,0.8137426985017376,0.5424951323344919,0.0727255865659066,0.0499320346588652,0.06363702845620915,1.2208763976930939,0.13046191269216353,0.007247760108475141
2273,0.6685142632784126,0.3413604696738689,-0.0010412113031633072,0.04089568635953583,2.6438357594489124,1.9939921802402858,1.8416186377686743,0.15237354247161147,1.33702853613373,0.802217121680238,0.534811414453492,0.07407911226261078,0.05107867864326374,0.06484703658703114,1.212603833558149,0.13400687120901833,0.00716647069625825,0.678118910160861,0.3439185841343304,-0.0046046056336650765,0.041483241182443654,2.709372536479914,2.045124216987221,1.8956298385838748,0.14949437840334628,1.356237829826732,0.813742697896039,0.5424951319306929,0.07272558668832976,0.04993203476257642,0.06363702856790612,1.2208763969309122,0.13046191266923965,0.0072477601076750605
2274,0.6685142630769054,0.3413604697221934,-0.0010412112323575293,0.040895686277909675,2.6438357565266846,1.993992178175075,1.8416186354210606,0.15237354275401427,1.3370285351760398,0.8022171211056239,0.5348114140704159,0.07407911238583179,0.05107867874765083,0.06484703669924824,1.2126038328051254,0.13400687118596763,0.007166470695482481,0.6781189099600192,0.34391858418020493,-0.004604605552700897,0.041483241095831534,2.7093725335671044,2.045124214924189,1.895629836241366,0.14949437868282325,1.356237828876231,0.8137426973257386,0.5424951315504923,0.07272558680709625,0.04993203486318986,0.06363702867609355,1.220876396191366,0.13046191264728363,0.007247760106905309
2275,0.6685142628832825,0.3413604697678568,-0.0010412111625013529,0.04089568619585482,2.6438357537371964,1.9939921761967536,1.841618633172906,0.15237354302384765,1.337028534273817,0.8022171205642903,0.5348114137095268,0.07407911250561174,0.051078678849122844,0.06484703680812806,1.2126038320730255,0.13400687116377646,0.007166470694730017,0.6781189097669037,0.3439185842234572,-0.004604605472657453,0.04148324100871309,2.7093725307860925,2.0451242129475538,1.8956298339977253,0.14949437894982823,1.3562378279806118,0.8137426967883672,0.5424951311922446,0.07272558692260091,0.04993203496104003,0.06363702878110336,1.2208763954720205,0.13046191262611634,0.007247760106157179
2276,0.6685142626960492,0.3413604698105325,-0.0010412110934249486,0.04089568611292489,2.6438357510687553,1.9939921742966207,1.8416186310148999,0.15237354328172073,1.3370285334230922,0.8022171200538555,0.5348114133692368,0.07407911262239122,0.051078678948052986,0.06484703691403015,1.2126038313591812,0.1340068711421996,0.007166470693988826,0.6781189095799821,0.34391858426373745,-0.004604605393339442,0.04148324092061498,2.7093725281250585,2.0451242110484613,1.8956298318434994,0.14949437920496172,1.3562378271359314,0.813742696281559,0.5424951308543724,0.07272558703528148,0.04993203505649775,0.06363702888329065,1.220876394770177,0.13046191260549586,0.00724776010541827
2277,0.668514262513195,0.34136046984962826,-0.0010412110249833559,0.0408956860284915,2.6438357485082764,1.9939921724644063,1.8416186289362806,0.15237354352812582,1.3370285326199929,0.8022171195719958,0.5348114130479971,0.07407911273667517,0.051078679044869034,0.06484703701735046,1.2126038306605336,0.13400687112089277,0.0071664706932413344,0.6781189093971801,0.34391858430041977,-0.004604605314569923,0.04148324083087032,2.709372525570667,2.045124209216375,1.8956298297676661,0.1494943794487089,1.3562378263383346,0.813742695803001,0.5424951305353336,0.07272558714564326,0.04993203514999113,0.06363702898304908,1.220876394082719,0.1304619125850801,0.007247760104670391
2278,0.6685142623318862,0.3413604698841417,-0.0010412109570668016,0.04089568594165359,2.643835746040176,1.9939921706871964,1.8416186269237964,0.15237354376339987,1.3370285318606325,0.8022171191163797,0.5348114127442528,0.07407911284906209,0.051078679140078,0.06484703711853723,1.2126038299734572,0.13400687109935483,0.007166470692461234,0.6781189092155551,0.34391858433245065,-0.004604605236196498,0.041483240738522595,2.7093725231068904,2.0451242074379286,1.8956298277565278,0.14949437968140084,1.3562378255839374,0.8137426953503626,0.5424951302335748,0.07272558725428925,0.04993203524203096,0.06363702908082733,1.220876393405928,0.13046191256436843,0.007247760103886176
2279,0.6685142621479789,0.34136046991243113,-0.0010412108896102612,0.04089568585109729,2.6438357436446656,1.9939921689477567,1.8416186249600974,0.15237354398765934,1.3370285311409467,0.8022171186845682,0.5348114124563784,0.07407911296028241,0.05107867923429868,0.06484703721810949,1.2126038292935277,0.13400687107683631,0.007166470691608446,0.6781189090307883,0.34391858435811057,-0.004604605158091288,0.041483240642177524,2.7093725207131967,2.045124205695154,1.8956298257920037,0.14949437990315048,1.3562378248686546,0.813742694921193,0.5424951299474616,0.07272558736195948,0.049932035333244175,0.06363702917714802,1.2208763927352408,0.13046191254260958,0.007247760103023857
2280,0.6685142619552403,0.34136046993184366,-0.0010412108225902675,0.040895685754872596,2.6438357412950806,1.9939921672218976,1.8416186230212117,0.15237354420068605,1.3370285304564478,0.8022171182738689,0.5348114121825789,0.07407911307124095,0.051078679328297585,0.06484703731666953,1.2126038286152638,0.134006871052192,0.0071664706906210025,0.6781189088363705,0.3439185843746282,-0.004604605080142925,0.041483240539767416,2.7093725183617194,2.0451242039626907,1.8956298238489508,0.1494943801137399,1.3562378241879471,0.8137426945127685,0.5424951296751787,0.07272558746957436,0.04993203542441049,0.06363702927262019,1.2208763920649819,0.13046191251865377,0.0072477601020188
2281,0.6685142617440698,0.34136046993809527,-0.001041210755979724,0.04089568565002308,2.643835738953614,1.9939921654742232,1.8416186210725032,0.15237354440172013,1.337028529801851,0.8022171178811107,0.5348114119207402,0.07407911318304808,0.051078679423015375,0.06484703741488808,1.21260382793194,0.13400687102363903,0.007166470689401647,0.6781189086222643,0.34391858437753775,-0.004604605002189441,0.04148324042816088,2.709372516012735,2.0451242022032945,1.895629821890879,0.1494943803124155,1.3562378235364263,0.8137426941218561,0.5424951294145702,0.07272558757826666,0.049932035516489545,0.06363702936792408,1.2208763913881655,0.13046191249070963,0.00724776010076955
2282,0.6685142614993144,0.3413604699241958,-0.0010412163930657165,0.04089568553193455,2.6438357365642826,1.9939921636510625,1.8416186190619945,0.152373544589068,1.33702852917048,0.8022171175022881,0.5348114116681919,0.07407911329698072,0.051078679519533814,0.06484703751339274,1.2126038272358213,0.1340068709883403,0.007166470687794782,0.6781189083726349,0.3439185843595695,-0.004604610618160622,0.04148324030247794,2.7093725136072333,2.0451242003603913,1.8956298198628911,0.14949438049750005,1.3562378229072365,0.8137426937443422,0.5424951291628943,0.0727255876893409,0.049932035610586484,0.06363702946369648,1.220876390696747,0.13046191245592886,0.007247760099113956
2283,0.668514262199937,0.34136047030430705,-0.0010412084987383025,0.04089568583425524,2.6438357340407728,1.9939921650874417,1.8416186202415954,0.15237354484584636,1.3370285229986285,0.8022171137991773,0.5348114091994512,0.07407911311127749,0.051078679362214684,0.06484703751742849,1.2126038283530547,0.1340068710800771,0.0071664706955101125,0.6781189090806444,0.3439185847460245,-0.004604602740638876,0.0414832406201085,2.709372511054083,2.0451242017710105,1.8956298210069211,0.14949438076408952,1.3562378167452698,0.8137426900471622,0.5424951266981076,0.07272558750006858,0.04993203545024376,0.06363702946947697,1.2208763918556387,0.13046191254703907,0.007247760106936337
2284,0.6685142617685645,0.34136047018350774,-0.0010412108225062375,0.04089568561578935,2.6438357329253686,1.9939921632078135,1.841618618285444,0.15237354492236965,1.337028524399874,0.8022171146399246,0.5348114097599495,0.0740791132994727,0.05107867952164491,0.0648470376152987,1.2126038272074369,0.13400687102631537,0.007166470691796439,0.6781189086466185,0.34391858462002556,-0.004604605064419523,0.04148324039061499,2.709372509983833,2.045124199918917,1.8956298190870593,0.1494943808318578,1.356237818161289,0.8137426908967738,0.5424951272645153,0.07272558768425609,0.04993203560627885,0.06363702956214287,1.2208763907137263,0.1304619124943793,0.0072477601031746665
2285,0.6685142618411941,0.3413604703174856,-0.0010412097096433731,0.04089568561105353,2.643835731230195,1.993992162280124,1.8416186171079176,0.15237354517220647,1.337028523537129,0.8022171141222776,0.5348114094148515,0.07407911331268895,0.05107867953284109,0.06484703765604183,1.2126038271216382,0.13400687104495765,0.0071664706934620554,0.6781189087248115,0.3439185847546353,-0.004604603927252926,0.0414832403836788,2.709372508300499,2.0451241990053717,1.8956298179245565,0.14949438108081511,1.356237817293237,0.8137426903759425,0.5424951269172945,0.07272558769354506,0.04993203561414805,0.06363702959981327,1.220876390650231,0.13046191251334976,0.007247760104895335
2286,0.6685142616622746,0.34136047032258865,-0.0010412102148953453,0.04089568551992109,2.643835729836129,1.9939921609520552,1.8416186156266958,0.15237354532535952,1.3370285236823884,0.8022171142094332,0.5348114094729552,0.07407911341721736,0.05107867962139269,0.06484703773783816,1.2126038264828076,0.13400687102738165,0.007166470692427153,0.6781189085467517,0.3439185847580496,-0.004604604430685014,0.04148324028757808,2.709372506926892,2.045124197688043,1.8956298164571181,0.14949438123092496,1.3562378174496228,0.813742690469774,0.5424951269798488,0.07272558779417737,0.04993203569939904,0.0636370296780967,1.220876390023553,0.13046191249653993,0.007247760103865675
2287,0.668514261605321,0.34136047038182793,-0.001041209917027018,0.040895685460000775,2.6438357283635847,1.9939921598784007,1.8416186143688553,0.15237354550954552,1.337028523324549,0.8022171139947295,0.5348114093298194,0.07407911348382426,0.05107867967781897,0.06484703780163417,1.2126038260737704,0.1340068710258155,0.0071664706926251745,0.6781189084916952,0.34391858481604987,-0.004604604121112431,0.041483240223276374,2.709372505469014,2.0451241966254377,1.8956298152129114,0.14949438141252608,1.3562378170935034,0.8137426902561024,0.5424951268374011,0.07272558785750911,0.04993203575305076,0.06363702973896096,1.220876389626984,0.13046191249534325,0.0072477601040780125
2288,0.668514261496637,0.3413604704165418,-0.001041209996098788,0.040895685388143324,2.6438357269620467,1.9939921587127494,1.8416186130356613,0.15237354567708805,1.337028523210642,0.8022171139263854,0.5348114092842566,0.07407911356874335,0.051078679749758465,0.06484703787596544,1.212603825553886,0.13400687101742376,0.00716647069228595,0.678118908384415,0.34391858484946286,-0.004604604191014425,0.04148324014686267,2.7093725040807892,2.0451241954684374,1.8956298138907548,0.14949438157768244,1.3562378169833902,0.8137426901900343,0.5424951267933559,0.07272558793903117,0.04993203582211245,0.06363702981030563,1.2208763891183283,0.1304619124874709,0.007247760103749878
2289,0.6685142614101403,0.34136047045779233,-0.0010412099165352032,0.04089568531944454,2.6438357255746934,1.9939921576221777,1.841618611778729,0.1523735458434488,1.337028522993274,0.8022171137959645,0.5348114091973094,0.07407911364854991,0.05107867981736687,0.0648470379477668,1.2126038250650515,0.13400687101136002,0.007166470692140696,0.6781189082989156,0.34391858488928034,-0.004604604102593619,0.04148324007354878,2.709372502704565,2.045124194384953,1.895629812643267,0.14949438174168592,1.35623781676883,0.8137426900612982,0.5424951267075319,0.07272558801578156,0.04993203588713181,0.06363702987938694,1.2208763886391845,0.13046191248178596,0.007247760103611273
2290,0.6685142613172733,0.3413604704946851,-0.001041209899314978,0.040895685249146434,2.6438357242201658,1.9939921565328906,1.8416186105279972,0.15237354600489328,1.3370285228202807,0.8022171136921685,0.5348114091281122,0.07407911373129358,0.05107867988746345,0.06484703802154973,1.212603824558505,0.13400687100434064,0.007166470691917034,0.6781189082069088,0.34391858492475424,-0.004604604075924397,0.041483239998602275,2.709372501359314,2.0451241933015387,1.8956298114006152,0.14949438190092357,1.3562378165978313,0.8137426899586989,0.5424951266391324,0.0727255880955262,0.049932035954687745,0.0636370299505217,1.2208763881416622,0.13046191247514657,0.007247760103393392
2291,0.6685142612283216,0.3413604705309871,-0.0010412098603413966,0.040895685178817545,2.6438357228919744,1.9939921554736035,1.8416186093112463,0.15237354616235727,1.3370285226345466,0.8022171135807281,0.5348114090538185,0.07407911381374915,0.051078679957315985,0.06484703809528666,1.212603824053783,0.13400687099751238,0.007166470691711633,0.6781189081185223,0.34391858495957645,-0.00460460402798047,0.04148323992357714,2.7093725000387585,2.0451241922467362,1.895629810190468,0.14949438205626828,1.3562378164138174,0.8137426898482906,0.5424951265655268,0.07272558817513691,0.04993203602213024,0.06363703002174095,1.2208763876450526,0.1304619124686458,0.007247760103191026
2292,0.6685142611400241,0.34136047056571456,-0.0010412098285074861,0.04089568510810988,2.6438357215917234,1.9939921544336823,1.8416186081177375,0.1523735463159447,1.3370285224566432,0.802217113473986,0.5348114089826571,0.07407911389652203,0.0510786800274373,0.06484703816925966,1.212603823547219,0.1340068709905621,0.007166470691495774,0.6781189080306127,0.34391858499280414,-0.004604603986991661,0.04148323984814173,2.7093724987446675,2.04512419121027,1.8956298090024406,0.14949438220782904,1.3562378162370443,0.8137426897422267,0.5424951264948176,0.07272558825515651,0.04993203608991913,0.06363703009328162,1.220876387146007,0.13046191246199437,0.007247760102976638
2293,0.668514261053527,0.34136047059930663,-0.0010412097941156426,0.04089568503721233,2.64383572031889,1.9939921534166107,1.841618606950861,0.1523735464657496,1.3370285222800482,0.802217113368029,0.5348114089120192,0.07407911397908878,0.05107868009738402,0.06484703824307346,1.212603823041983,0.13400687098362707,0.007166470691280402,0.6781189079443127,0.3439185850248689,-0.004604603943543818,0.04148323977248627,2.70937249747672,2.0451241901956707,1.8956298078399845,0.14949438235568618,1.3562378160612254,0.8137426896367355,0.5424951264244899,0.07272558833506286,0.04993203615761206,0.0636370301647456,1.2208763866477463,0.13046191245532515,0.007247760102761007
2294,0.6685142609685928,0.3413604706317725,-0.001041209759937739,0.04089568496614758,2.643835719073425,1.993992152421116,1.8416186058091926,0.15237354661192343,1.337028522107054,0.8022171132642324,0.5348114088428215,0.07407911406131612,0.0510786801670432,0.06484703831658647,1.2126038225388824,0.13400687097670466,0.0071664706910641715,0.6781189078594188,0.34391858505578765,-0.004604603900291174,0.04148323969663883,2.7093724962350283,2.045124189201834,1.8956298067018529,0.1494943824999811,1.3562378158886252,0.8137426895331754,0.5424951263554498,0.0727255884147055,0.04993203622508159,0.06363703023597699,1.2208763861511975,0.13046191244863992,0.007247760102543077
2295,0.668514260885421,0.34136047066324854,-0.0010412097248732877,0.040895684894981015,2.643835717855277,1.9939921514475432,1.841618604692966,0.15237354675457723,1.3370285219371856,0.8022171131623114,0.5348114087748742,0.07407911414299823,0.05107868023624047,0.06484703838962054,1.2126038220391644,0.13400687096983632,0.007166470690849531,0.6781189077761473,0.3439185850856999,-0.004604603856160926,0.041483239620668536,2.709372495019706,2.0451241882292184,1.895629805588403,0.1494943826408155,1.3562378157188375,0.8137426894313027,0.5424951262875348,0.0727255884938694,0.04993203629214557,0.06363703030678891,1.2208763856576872,0.1304619124419818,0.007247760102325439
2296,0.668514260804063,0.34136047069382386,-0.0010412096891029288,0.04089568482375473,2.6438357166643556,1.9939921504956826,1.8416186036018507,0.15237354689383192,1.3370285217708417,0.802217113062505,0.5348114087083368,0.07407911422399599,0.051078680304858015,0.06484703846204815,1.2126038215436705,0.1340068709630469,0.0071664706906376125,0.6781189076945683,0.34391858511469836,-0.004604603811321939,0.041483239544620854,2.709372493830807,2.0451241872777315,1.8956298044994302,0.14949438277830138,1.3562378155522945,0.813742689331377,0.5424951262209176,0.07272558857240616,0.04993203635867827,0.06363703037704559,1.2208763851681297,0.1304619124353775,0.0072477601021093754
2297,0.6685142607246523,0.3413604707236163,-0.0010412096523395656,0.0408956847525188,2.643835715500692,1.9939921495656234,1.8416186025358168,0.15237354702980663,1.337028521608126,0.8022171129648755,0.5348114086432504,0.07407911430417943,0.0510786803727857,0.06484703853375426,1.2126038210531886,0.13400687095637262,0.007166470690430294,0.6781189076148358,0.34391858514290496,-0.0046046037654761535,0.04148323946854931,2.7093724926685145,2.0451241863475813,1.8956298034350323,0.14949438291254907,1.3562378153891366,0.8137426892334823,0.5424951261556543,0.07272558865017806,0.049932036424562995,0.06363703044662489,1.2208763846833746,0.1304619124288653,0.007247760101896944
2298,0.6685142606472698,0.341360470752724,-0.0010412096146105443,0.04089568468131109,2.6438357143642164,1.993992148657255,1.8416186014946339,0.1523735471626212,1.3370285214493043,0.8022171128695825,0.5348114085797218,0.07407911438345828,0.051078680439947045,0.06484703860465649,1.2126038205682659,0.13400687094984198,0.007166470690228971,0.6781189075370457,0.34391858517042107,-0.004604603718658416,0.041483239392494445,2.7093724915328785,2.0451241854387474,1.8956298023950753,0.14949438304367196,1.3562378152296717,0.8137426891378033,0.5424951260918683,0.07272558872708831,0.0499320364897178,0.06363703051543859,1.220876384204019,0.13046191242247507,0.007247760101689649
2299,0.6685142605720394,0.34136047078126225,-0.0010412095757581716,0.04089568461017355,2.6438357132549264,1.993992147770602,1.8416186004782027,0.15237354729239916,1.3370285212945394,0.8022171127767236,0.5348114085178158,0.07407911446175336,0.05107868050627499,0.06484703867468464,1.2126038200893816,0.13400687094349029,0.007166470690035444,0.67811890746134,0.3439185851973659,-0.00460460367069844,0.04148323931650103,2.7093724904240264,2.0451241845513577,1.8956298013795712,0.14949438317178632,1.3562378150740915,0.8137426890444552,0.5424951260296362,0.07272558880305213,0.0499320365540708,0.06363703058341144,1.2208763837305854,0.1304619124162437,0.007247760101489461
2300,0.66851426049906,0.3413604708093378,-0.001041209535791586,0.04089568453914241,2.6438357121727702,1.9939921469055888,1.841618599486323,0.15237354741926581,1.3370285211440789,0.8022171126864472,0.5348114084576316,0.07407911453901267,0.05107868057172549,0.06484703874379151,1.2126038196168505,0.13400687093734887,0.007166470689851291,0.6781189073878318,0.3439185852238495,-0.004604603621612212,0.04148323924060773,2.709372489342014,2.045124183685418,1.8956298003884058,0.14949438329701212,1.35623781492268,0.8137426889536082,0.5424951259690717,0.07272558887801281,0.04993203661757399,0.0636370306504919,1.2208763832634233,0.13046191241020397,0.007247760101298071
2301,0.6685142604284539,0.34136047083706494,-0.0010412094946261885,0.04089568446825495,2.6438357111177533,1.9939921460622267,1.8416185985188815,0.1523735475433452,1.3370285209981199,0.8022171125988719,0.534811408399248,0.07407911461519197,0.051078680636261045,0.06484703881193767,1.212603819150941,0.13400687093145275,0.007166470689678295,0.6781189073166587,0.34391858524999,-0.004604603571309922,0.04148323916485418,2.709372488286953,2.045124182841023,1.895629799421555,0.14949438341946822,1.3562378147756633,0.8137426888653982,0.542495125910265,0.072725588951922,0.04993203668018643,0.06363703071663693,1.2208763828028315,0.130461912404392,0.007247760101117407
2302,0.6685142603603548,0.34136047086456367,-0.0010412094522183196,0.040895684397549925,2.6438357100899537,1.9939921452405716,1.841618597575809,0.15237354766476252,1.3370285208569077,0.8022171125141446,0.5348114083427631,0.07407911469025907,0.051078680699854405,0.06484703887909453,1.2126038186918473,0.13400687092583916,0.007166470689518362,0.6781189072479682,0.34391858527591035,-0.004604603519750984,0.04148323908928147,2.7093724872590204,2.0451241820183044,1.8956297984790296,0.14949438353927472,1.3562378146333176,0.8137426887799908,0.5424951258533268,0.0727255890247439,0.04993203674187774,0.06363703078181462,1.2208763823490296,0.13046191239884608,0.007247760100949489
2303,0.6685142602949092,0.3413604708919572,-0.001041209408527033,0.04089568432706552,2.6438357090895304,1.9939921444407438,1.8416185966571046,0.15237354778363926,1.3370285207207095,0.8022171124324257,0.5348114082882839,0.07407911476418969,0.05107868076248498,0.06484703894524033,1.2126038182397172,0.1340068709205477,0.007166470689373511,0.6781189071819218,0.34391858530173786,-0.004604603466889401,0.04148323901392999,2.7093724862584745,2.0451241812174614,1.8956297975609124,0.14949438365654885,1.3562378144959364,0.813742688697562,0.5424951257983743,0.07272558909645117,0.04993203680262481,0.06363703084600053,1.2208763819021875,0.1304619123936068,0.007247760100796469
2304,0.6685142602323074,0.34136047091938637,-0.0010412093634520614,0.040895684256847635,2.6438357081168347,1.9939921436630403,1.8416185957629434,0.15237354790009686,1.3370285205898187,0.8022171123538913,0.5348114082359274,0.07407911483695871,0.0510786808241315,0.0648470390103537,1.212603817794703,0.13400687091562585,0.007166470689246175,0.6781189071187242,0.3439185853276173,-0.004604603412626758,0.04148323893884815,2.709372485285765,2.0451241804388665,1.8956297966674587,0.14949438377140792,1.3562378143638436,0.8137426886183063,0.5424951257455373,0.07272558916701571,0.0499320368624038,0.06363703090917053,1.2208763814624775,0.1304619123887224,0.007247760100660915
2305,0.6685142601726971,0.3413604709469723,-0.0010412093170859282,0.040895684186932825,2.6438357071721534,1.9939921429076333,1.8416185948933845,0.15237354801424877,1.3370285204646148,0.8022171122787689,0.5348114081858459,0.07407911490855763,0.05107868088478677,0.06484703907442572,1.212603817356855,0.1340068709111139,0.007166470689138355,0.6781189070585357,0.343918585353673,-0.0046046033570592,0.041483238864074415,2.7093724843412663,2.0451241796827584,1.895629795798797,0.14949438388396144,1.3562378142374485,0.8137426885424692,0.5424951256949793,0.07272558923642687,0.049932036921205715,0.06363703097131382,1.2208763810299654,0.13046191238423382,0.007247760100544941
2306,0.6685142601163113,0.3413604709748673,-0.0010412092692410266,0.04089568411737137,2.643835706256062,1.9939921421750306,1.8416185940488252,0.1523735481262054,1.3370285203453942,0.8022171122072366,0.5348114081381576,0.07407911497896025,0.05107868094442862,0.06484703913743489,1.212603816926333,0.13400687090706606,0.007166470689052864,0.6781189070016032,0.3439185853800609,-0.004604603299998011,0.04148323878966152,2.7093724834256467,2.0451241789497194,1.8956297949554037,0.14949438399431575,1.3562378141170714,0.813742688470243,0.5424951256468284,0.07272558930465609,0.04993203697900631,0.0636370310324067,1.2208763806048277,0.1304619123801956,0.007247760100451473
2307,0.6685142600633628,0.34136047100321415,-0.0010412092199622025,0.040895684048210215,2.6438357053692214,1.9939921414657173,1.841618593229648,0.15237354823606927,1.3370285202326224,0.8022171121395735,0.534811408093049,0.07407911504814936,0.051078681003042394,0.06484703919936533,1.2126038165032411,0.13400687090353414,0.007166470688992283,0.6781189069481522,0.34391858540692755,-0.0046046032414902155,0.04148323871565865,2.70937248253966,2.045124178240305,1.8956297941377358,0.1494943841025694,1.3562378140032065,0.8137426884019241,0.5424951256012824,0.07272558937168415,0.049932037035789384,0.06363703109243157,1.2208763801871825,0.13046191237665977,0.0072477601003832215
2308,0.6685142600141015,0.3413604710321658,-0.0010412091691646558,0.040895683979501524,2.643835704512458,1.993992140780357,1.8416185924364226,0.15237354834393427,1.3370285201267254,0.8022171120760352,0.5348114080506902,0.07407911511609852,0.05107868106060577,0.06484703926019415,1.2126038160877388,0.13400687090057556,0.007166470688959535,0.6781189068984467,0.3439185854344296,-0.0046046031814499025,0.04148323864212028,2.709372481684221,2.045124177555251,1.8956297933464383,0.14949438420881248,1.3562378138963043,0.8137426883377827,0.5424951255585215,0.072725589437483,0.049932037091531094,0.063637031151364,1.2208763797772029,0.13046191237368393,0.007247760100343224
2309,0.6685142599687957,0.34136047106187906,-0.0010412091168033044,0.0408956839113003,2.643835703686775,1.9939921401197376,1.841618591669853,0.15237354844988446,1.3370285200282028,0.8022171120169216,0.5348114080112812,0.0740791151827767,0.05107868111709242,0.06484703931989398,1.2126038156800143,0.1340068708982508,0.0071664706889576655,0.6781189068527665,0.34391858546272663,-0.004604603119839387,0.04148323856910379,2.7093724808604236,2.045124176895412,1.8956297925822874,0.14949438431312465,1.3562378137968933,0.8137426882781361,0.5424951255187572,0.0727255895020199,0.04993203714620377,0.06363703120917516,1.2208763793750905,0.13046191237132848,0.007247760100334627
2310,0.6685142599277467,0.3413604710925186,-0.0010412090627927167,0.040895683843666236,2.643835702893395,1.9939921394848328,1.8416185909308407,0.15237354855399216,1.3370285199375913,0.8022171119625546,0.5348114079750367,0.07407911524814303,0.05107868117246773,0.06484703937842895,1.2126038152803156,0.1340068708966262,0.007166470688990012,0.6781189068114272,0.34391858549198756,-0.00460460305656888,0.041483238496671286,2.7093724800695855,2.04512417626184,1.895629791846266,0.1494943844155741,1.3562378137055326,0.8137426882233196,0.542495125482213,0.07272558956525269,0.04993203719977164,0.06363703126582791,1.2208763789811057,0.13046191236965932,0.007247760100360896
2311,0.6685142598912904,0.34136047112425916,-0.0010412090070392108,0.04089568377666555,2.6438357021337846,1.993992138876808,1.8416185902204887,0.1523735486563193,1.3370285198554934,0.8022171119132959,0.5348114079421975,0.07407911531214599,0.05107868122668806,0.06484703943575384,1.2126038148889542,0.134006870895774,0.007166470689060207,0.6781189067747767,0.34391858552239,-0.004604602991552652,0.041483238424891614,2.7093724793132674,2.0451241756557725,1.8956297911395548,0.1494943845162179,1.3562378136228541,0.8137426881737126,0.5424951254491415,0.0727255896271285,0.04993203725218995,0.0636370313212759,1.2208763785955745,0.1304619123687481,0.0072477601004257534
2312,0.6685142598597488,0.3413604711572622,-0.0010412089495457494,0.04089568371036072,2.6438357014095004,1.9939921382968615,1.841618589539952,0.15237354875690953,1.3370285197825809,0.8022171118695484,0.5348114079130325,0.07407911537473112,0.051078681279707265,0.06484703949181957,1.21260381450626,0.13400687089576352,0.007166470689171663,0.678118906743148,0.34391858555409843,-0.00460460292479805,0.041483238353829485,2.7093724785931133,2.0451241750784765,1.895629790463381,0.14949438461509554,1.3562378135495532,0.8137426881297322,0.542495125419821,0.07272558968759203,0.049932037303411836,0.06363703137546912,1.2208763782188372,0.13046191236866322,0.007247760100532715
2313,0.6685142598335432,0.3413604711917243,-0.001041208890057585,0.040895683644832176,2.643835700722526,1.9939921377466245,1.8416185888908276,0.1523735488557969,1.3370285197194975,0.8022171118316983,0.5348114078877992,0.07407911543581372,0.0510786813314536,0.06484703954655278,1.2126038141327466,0.13400687089668054,0.007166470689328736,0.6781189067169762,0.3439185855873123,-0.004604602856047878,0.04148323828356831,2.7093724779112076,2.045124174531665,1.8956297898194299,0.14949438471223506,1.356237813486296,0.8137426880917779,0.5424951253945182,0.07272558974655753,0.04993203735336467,0.0636370314283334,1.2208763778514231,0.13046191236948948,0.007247760100686241
2314,0.6685142598130881,0.34136047122783325,-0.0010412088285409668,0.04089568358015902,2.643835700075064,1.9939921372278095,1.8416185882748124,0.15237354895299704,1.3370285196670864,0.8022171118002516,0.5348114078668348,0.0740791154953066,0.051078681381853216,0.06484703959987544,1.2126038137689412,0.1340068708986108,0.007166470689535653,0.6781189066966876,0.34391858562222266,-0.004604602785275053,0.041483238214190046,2.709372477269852,2.0451241740171273,1.8956297892094807,0.14949438480764685,1.3562378134339523,0.8137426880603715,0.5424951253735808,0.07272558980393709,0.04993203740197396,0.0636370314797899,1.2208763774938742,0.13046191237131116,0.00724776010089065
2315,0.6685142597988932,0.3413604712658094,-0.0010412087647280951,0.040895683516437575,2.6438356994697507,1.9939921367425584,1.8416185876940454,0.15237354904851302,1.3370285196261762,0.8022171117757054,0.5348114078504708,0.07407911555309352,0.051078681430807585,0.0648470396516859,1.2126038134155483,0.13400687090165614,0.007166470689797506,0.6781189066828062,0.3439185856590536,-0.004604602712211976,0.041483238145794465,2.7093724766717955,2.0451241735370984,1.89562978863577,0.14949438490132824,1.3562378133933755,0.8137426880360255,0.54249512535735,0.07272558985961369,0.049932037449140584,0.06363703152973633,1.2208763771469118,0.1304619123742285,0.007247760101151152
2316,0.6685142597914501,0.34136047130586017,-0.0010412086985892507,0.040895683453761336,2.643835698909389,1.9939921362930484,1.8416185871507178,0.1523735491423305,1.3370285195977862,0.8022171117586714,0.5348114078391148,0.07407911560905796,0.05107868147821806,0.06484703970187969,1.212603813073274,0.13400687090591595,0.007166470690119167,0.6781189066758353,0.34391858569801503,-0.004604602636837325,0.04148323807847827,2.709372476119945,2.0451241730938357,1.8956297881005773,0.14949438499325826,1.3562378133656123,0.8137426880193676,0.5424951253462448,0.07272558991347061,0.049932037494765664,0.06363703157806797,1.2208763768112556,0.1304619123783388,0.007247760101472711
2317,0.6685142597913561,0.34136047134822745,-0.001041208629809956,0.040895683392242185,2.6438356983972637,1.9939921358819421,1.8416185866475239,0.15237354923441832,1.3370285195829004,0.8022171117497399,0.5348114078331605,0.07407911566304881,0.051078681523956594,0.06484703975032427,1.2126038127430336,0.1340068709115068,0.007166470690506468,0.6781189066763856,0.34391858573935197,-0.004604602558839377,0.041483238012357176,2.7093724756177,2.0451241726900964,1.8956297876066976,0.14949438508339888,1.3562378133516706,0.8137426880110025,0.5424951253406681,0.07272558996535647,0.04993203753872094,0.06363703162465191,1.2208763764878396,0.13046191238375632,0.007247760101861241
2318,0.6685142597992443,0.34136047139316306,-0.00104120855821533,0.040895683332000526,2.6438356979370474,1.9939921355121495,1.8416185861874204,0.1523735493247291,1.3370285195827123,0.8022171117496271,0.5348114078330852,0.0740791157149007,0.05107868156788311,0.06484703979687294,1.212603812425828,0.13400687091855318,0.007166470690965535,0.6781189066851058,0.3439185857833203,-0.0046046024780445755,0.04148323794755582,2.709372475168858,2.045124172328891,1.8956297871571952,0.14949438517169597,1.3562378133527715,0.8137426880116629,0.5424951253411086,0.07272559001510578,0.049932037580866256,0.0636370316693414,1.2208763761776837,0.13046191239060306,0.007247760102323
2319,0.6685142598158264,0.3413604714409421,-0.001041208483522002,0.040895683273167976,2.6438356975328903,1.9939921351869927,1.8416185857737974,0.15237354941319514,1.3370285195984883,0.8022171117590927,0.5348114078393956,0.07407911576442519,0.05107868160983796,0.06484703984135881,1.2126038121227993,0.1340068709271927,0.007166470691503186,0.6781189067027201,0.34391858583019785,-0.0046046023941830536,0.041483237884210294,2.7093724747776964,2.045124172013643,1.8956297867555694,0.1494943852580735,1.3562378133702115,0.813742688022127,0.5424951253480845,0.07272559006253031,0.0499320376210421,0.06363703171196958,1.2208763758819487,0.13046191239901325,0.007247760102864894
2320,0.6685142598419436,0.3413604714918898,-0.0010412084053229853,0.040895683215904394,2.6438356971896266,1.9939921349103742,1.8416185854106353,0.15237354949973891,1.3370285196316527,0.8022171117789914,0.5348114078526613,0.07407911581139717,0.05107868164963042,0.06484703988358449,1.2126038118353106,0.13400687093758795,0.007166470692127489,0.6781189067300888,0.34391858588031515,-0.00460460230684219,0.04148323782248618,2.7093724744491965,2.045124171748378,1.895629786405932,0.14949438534244616,1.3562378134054405,0.8137426880432644,0.542495125362176,0.07272559010740506,0.049932037659057904,0.0636370317523392,1.220876375602022,0.13046191240914617,0.00724776010349513
2321,0.6685142598783693,0.3413604715462943,-0.0010412083236282788,0.04089568316035579,2.643835696912175,1.9939921346860965,1.841618585101843,0.1523735495842536,1.337028519683887,0.8022171118103318,0.5348114078735551,0.07407911585560134,0.051078681687078145,0.06484703992335573,1.2126038115646665,0.13400687094988945,0.007166470692845759,0.6781189067679986,0.3439185859339634,-0.0046046022160523906,0.04148323776253467,2.709372474188413,2.045124171537005,1.8956297861123064,0.14949438542469867,1.3562378134601776,0.8137426880761066,0.542495125384071,0.07272559014951546,0.04993203769473188,0.06363703179025647,1.2208763753392269,0.13046191242114835,0.007247760104221112
2322,0.6685142599262206,0.3413604716045755,-0.0010412082375241688,0.040895683106730245,2.643835696706778,1.993992134519357,1.8416185848527353,0.15237354966662175,1.3370285197567386,0.8022171118540429,0.5348114079026958,0.07407911589672882,0.05107868172191943,0.0648470399604048,1.212603811312737,0.13400687096430666,0.007166470693668591,0.678118906817588,0.3439185859915681,-0.004604602120893718,0.0414832377045712,2.709372474001766,2.0451241713848707,1.8956297858801676,0.14949438550470298,1.3562378135359971,0.8137426881215983,0.5424951254143988,0.07272559018855301,0.04993203772780267,0.06363703182545402,1.2208763750954654,0.13046191243522454,0.007247760105053597
2323,0.6685142599866359,0.34136047166716216,-0.0010412081467799789,0.04089568305524441,2.6438356965803975,1.9939921344156373,1.8416185846689332,0.152373549746704,1.337028519852441,0.8022171119114643,0.5348114079409767,0.0740791159344697,0.051078681753891755,0.06484703999445594,1.2126038110814004,0.13400687098105957,0.007166470694606791,0.678118906880018,0.34391858605356446,-0.004604602021146001,0.04148323764882057,2.709372473896409,2.0451241712976125,1.895629785715303,0.14949438558230949,1.356237813635176,0.8137426881811057,0.5424951254540703,0.07272559022420808,0.04993203775800798,0.0636370318576562,1.2208763748726468,0.13046191245158975,0.007247760106003557
2324,0.6685142600610046,0.3413604717345762,-0.0010412080506484178,0.040895683006158166,2.6438356965411356,1.9939921343815141,1.8416185845571729,0.15237354982434118,1.3370285199732719,0.8022171119839628,0.534811407989309,0.07407911596845368,0.05107868178268139,0.06484704002518396,1.2126038108728991,0.13400687100041186,0.0071664706956735364,0.6781189069567057,0.3439185861204826,-0.004604601916064391,0.041483237595552475,2.7093724738806735,2.0451241712819987,1.8956297856246518,0.1494943856573469,1.356237813760036,0.8137426882560217,0.5424951255040142,0.07272559025611086,0.049932037785034536,0.0636370318865383,1.2208763746730518,0.1304619124705017,0.007247760107084383
2325,0.6685142601509206,0.34136047180742185,-0.0010412079484571207,0.0408956829597706,2.6438356965983796,1.9939921344245315,1.8416185845251745,0.15237354989935703,1.3370285201220091,0.8022171120732052,0.5348114080488039,0.07407911599826708,0.051078681807937926,0.0648470400522245,1.212603810689739,0.13400687102266798,0.007166470696883998,0.6781189070492768,0.3439185861929357,-0.004604601804986806,0.04148323754507749,2.709372473964211,2.0451241713457886,1.8956297856161641,0.14949438572962462,1.3562378139134115,0.8137426883480471,0.5424951255653644,0.0727255902838478,0.049932037808531976,0.06363703191173588,1.2208763744992295,0.13046191249225803,0.0072477601083114785
2326,0.6685142602582815,0.34136047188642255,-0.0010412078392959892,0.040895682916435354,2.6438356967631447,1.9939921345535945,1.84161858458204,0.1523735499715545,1.3370285203018413,0.8022171121811045,0.5348114081207368,0.07407911602343378,0.05107868182925797,0.06484704007515933,1.212603810534804,0.13400687104818965,0.007166470698256263,0.6781189071596676,0.34391858627165933,-0.004604601687007298,0.04148323749776321,2.709372474158349,2.045124171498147,1.8956297856992168,0.14949438579893023,1.3562378140985534,0.8137426884591323,0.542495125639421,0.07272559030694264,0.049932037828096854,0.0636370319328306,1.2208763743541178,0.13046191251721262,0.007247760109703244
2327,0.668514260385343,0.3413604719724482,-0.0010412077221094301,0.04089568287657094,2.643835697048422,1.993992134779204,1.8416185847384843,0.15237355004071973,1.337028520516563,0.8022171123099375,0.5348114082066255,0.07407911604341068,0.05107868184618147,0.06484704009351187,1.2126038104113839,0.13400687107740772,0.007166470699811942,0.6781189072901832,0.34391858635753847,-0.004604601561072036,0.041483237454044974,2.7093724744764613,2.045124171749891,1.89562978588486,0.14949438586503117,1.356237814319335,0.8137426885916013,0.5424951257277337,0.07272559032485165,0.04993203784326854,0.0636370319493452,1.220876374241069,0.13046191254578776,0.007247760111281672
2328,0.6685142605348272,0.341360472066561,-0.00104120759557675,0.04089568284067864,2.6438356974696786,1.9939921351138916,1.8416185850072675,0.152373550106624,1.337028520770686,0.8022171124624112,0.5348114083082748,0.07407911605757352,0.05107868185817957,0.06484704010673534,1.2126038103232601,0.13400687111084328,0.00716647070157721,0.6781189074436048,0.34391858645165435,-0.004604601425869513,0.041483237414444624,2.7093724749344736,2.045124172113931,1.8956297861862534,0.14949438592767744,1.3562378145803664,0.8137426887482201,0.5424951258321463,0.07272559033694928,0.04993203785351708,0.06363703196073171,1.2208763741639408,0.13046191257849382,0.007247760113073412
2329,0.6685142607100354,0.34136047217006465,-0.0010412074581014064,0.040895682809362253,2.6438356980454722,1.9939921355727035,1.8416185854036802,0.15237355016902338,1.3370285210696542,0.8022171126417921,0.5348114084278621,0.07407911606520189,0.05107868186464196,0.06484704011419973,1.212603810274796,0.13400687114912946,0.0071664707035839536,0.6781189076233105,0.34391858655533514,-0.0046046012797997735,0.04148323737959114,2.7093724755515183,2.0451241726057914,1.8956297866191925,0.14949438598659878,1.3562378148872096,0.8137426889323259,0.5424951259548837,0.0727255903425128,0.04993203785823023,0.06363703196635803,1.2208763741271897,0.130461912615952,0.007247760115110986
2330,0.6685142609150129,0.34136047228457783,-0.001041207307694636,0.04089568278335458,2.6438356987982314,1.9939921361738564,1.8416185859461893,0.152373550227667,1.3370285214200708,0.802217112852042,0.5348114085680288,0.07407911606546273,0.051078681864862946,0.0648470401151779,1.2126038102710384,0.13400687119304397,0.007166470705871454,0.678118907833441,0.3439185866702303,-0.004604601120877516,0.04148323735024831,2.7093724763507354,2.0451241732442753,1.8956297872027625,0.1494943860415129,1.356237815246621,0.8137426891479728,0.5424951260986483,0.0727255903407054,0.0499320378566991,0.06363703196549365,1.220876374135976,0.13046191265892576,0.00724776011743445
2331,0.6685142611547776,0.34136047241213424,-0.0010412071418320623,0.04089568276355594,2.643835699755382,1.9939921369396698,1.841618586657367,0.15237355028230268,1.3370285218300255,0.8022171130980148,0.5348114087320107,0.0740791160573826,0.05107868185801784,0.06484704010882253,1.2126038103178827,0.13400687124355373,0.007166470708488661,0.6781189080791362,0.34391858679841353,-0.004604600946573396,0.041483237327355135,2.709372477360443,2.0451241740524426,1.8956297879603135,0.14949438609212923,1.3562378156668817,0.8137426894001293,0.5424951262667524,0.07272559033054803,0.049932037848094246,0.0636370319572862,1.2208763741963373,0.130461912708365,0.007247760120093767
2332,0.6685142614355744,0.3413604725553019,-0.0010412069574073785,0.040895682751074955,2.6438357009505893,1.9939921378975545,1.8416185875648567,0.1523735503326977,1.3370285223095553,0.8022171133857326,0.5348114089238226,0.07407911603983393,0.051078681843151424,0.0648470400941539,1.2126038104221604,0.1340068713018666,0.00716647071149684,0.6781189083667983,0.3439185869425048,-0.004604600753771226,0.04148323731206831,2.709372478615439,2.0451241750586426,1.8956297889204752,0.14949438613816765,1.3562378161582724,0.8137426896949638,0.5424951264633087,0.07272559031090513,0.04993203783145369,0.06363703194074899,1.220876374315275,0.130461912765457,0.007247760123151526
2333,0.6685142617652723,0.34136047271735864,-0.001041206750410549,0.040895682747292786,2.6438357024256343,1.9939921390816004,1.8416185887029455,0.15237355037865494,1.337028522871149,0.8022171137226889,0.53481140914846,0.07407911601149092,0.051078681819140534,0.06484704007002395,1.2126038105919017,0.13400687136950803,0.0071664707149735685,0.6781189087044993,0.3439185871058488,-0.004604600538445039,0.04148323730582938,2.7093724801589465,2.0451241762981596,1.8956297901187882,0.14949438617937152,1.3562378167335967,0.8137426900401583,0.5424951266934384,0.07272559028043982,0.0499320378056449,0.06363703191472411,1.2208763745010343,0.1304619128317025,0.007247760126687012
2334,0.6685142621538582,0.3413604729025231,-0.0010412065157356376,0.040895682753942175,2.6438357042327416,1.9939921405344705,1.8416185901144153,0.15237355042005513,1.3370285235305446,0.8022171141183263,0.5348114094122183,0.0740791159707993,0.0510786817846685,0.06484704003509106,1.212603810836522,0.13400687144842072,0.007166470719017836,0.6781189091024888,0.3439185872927515,-0.004604600295464688,0.041483237310447355,2.7093724820450373,2.045124177815185,1.8956297915996378,0.1494943862155474,1.3562378174089988,0.8137426904453996,0.5424951269635993,0.07272559023758252,0.04993203776933818,0.06363703187785652,1.2208763747632936,0.13046191290901352,0.007247760130801463
2335,0.6685142626141237,0.34136047311627515,-0.0010412062467749783,0.04089568277321628,2.6438357064377196,1.9939921423100084,1.84161859185309,0.15237355045691836,1.3370285243077165,0.8022171145846294,0.534811409723087,0.07407911591593305,0.05107868173818837,0.06484703998778539,1.2126038111670818,0.13400687154110105,0.007166470723757144,0.6781189095739019,0.34391858750880744,-0.004604600018178674,0.041483237328212255,2.7093724843418983,2.0451241796655335,1.8956297934189115,0.14949438624662204,1.3562378182049777,0.8137426909229869,0.5424951272819908,0.07272559018048672,0.04993203772096928,0.06363703182855851,1.2208763751134395,0.13046191299984836,0.007247760135625326
2336,0.6685142631625863,0.34136047336578895,-0.0010412059349321143,0.04089568280791306,2.643835709124181,1.993992144476724,1.841618593987233,0.15237355048949106,1.3370285252282474,0.8022171151369479,0.5348114100912995,0.07407911584474228,0.05107868167787885,0.0648470399262672,1.2126038115966047,0.1340068716507834,0.007166470729357026,0.6781189101357038,0.34391858776134093,-0.004604599697938111,0.04148323736204565,2.7093724871362204,2.0451241819202615,1.8956297956475379,0.1494943862727234,1.3562378191478037,0.8137426914886825,0.5424951276591212,0.07272559010697505,0.04993203765869361,0.06363703176496624,1.2208763755648997,0.13046191310739277,0.00724776014132799
2337,0.6685142638208391,0.3413604736605937,-0.0010412055687745517,0.04089568286164577,2.6438357123992535,1.9939921471225874,1.8416185966041505,0.15237355051843704,1.3370285263251727,0.8022171157951031,0.5348114105300695,0.07407911575471957,0.05107868160161579,0.0648470398484056,1.2126038121402796,0.1340068717817117,0.007166470736035252,0.6781189108100778,0.34391858806007825,-0.004604599323226523,0.04148323741571977,2.7093724905391454,2.0451241846706623,1.8956297983763006,0.14949438629436185,1.3562378202714074,0.8137426921628447,0.5424951281085627,0.07272559001450354,0.04993203758035607,0.06363703168491712,1.2208763761333614,0.1304619132358278,0.007247760148132342
2338,0.6685142646172764,0.3413604740133923,-0.0010412051332707659,0.04089568293910954,2.6438357164015094,1.9939921503615168,1.841618599816503,0.15237355054501367,1.3370285276416782,0.8022171165850064,0.5348114110566718,0.07407911564292234,0.05107868150690639,0.0648470397517169,1.212603812815931,0.1340068719394869,0.007166470744079773,0.6781189116261951,0.34391858841798234,-0.004604598878902473,0.04148323749413512,2.7093724946944926,2.045124188034996,1.895629801722399,0.1494943863125972,1.3562378216201556,0.8137426929720937,0.5424951286480619,0.07272558990008163,0.04993203748342313,0.06363703158588559,1.2208763768372668,0.13046191339067162,0.007247760156333109
2339,0.6685142655897051,0.34136047444134276,-0.0010412046080327045,0.04089568304648195,2.6438357213118704,1.9939921543425907,1.8416186037711393,0.15237355057145152,1.3370285292345527,0.8022171175407311,0.5348114116938216,0.07407911550592386,0.05107868139084764,0.06484703963333868,1.212603813644317,0.13400687213159193,0.00716647075387621,0.6781189126228935,0.3439185888525556,-0.004604598344421965,0.04148323760373677,2.7093724997900934,2.045124192168061,1.895629805838659,0.14949438632940187,1.3562378232523902,0.8137426939514344,0.5424951293009558,0.07272558976021982,0.04993203736493873,0.06363703146495497,1.220876377698135,0.13046191357929582,0.007247760166324917
2340,0.6685142667888933,0.34136047496779404,-0.001041203965499858,0.040895683191967916,2.6438357273689816,1.993992159262778,1.8416186086613362,0.1523735506014418,1.33702853117941,0.8022171187076454,0.5348114124717644,0.07407911533975517,0.05107868125007727,0.06484703948999765,1.2126038146494797,0.1340068723681099,0.007166470765945242,0.6781189138523092,0.34391858938760067,-0.00460459769202793,0.0414832377530802,2.709372506073741,2.0451241972743914,1.8956298109262684,0.14949438634812326,1.3562378252457867,0.8137426951474723,0.5424951300983144,0.0727255895908675,0.049932037221471326,0.06363703131878128,1.2208763787409453,0.1304619138116303,0.007247760178640417
2341,0.6685142682837002,0.3413604756248132,-0.0010412031678907474,0.04089568338658768,2.643835734890828,1.9939921653850485,1.8416186147441564,0.15237355064089209,1.3370285335777865,0.8022171201466715,0.534811413431115,0.07407911513986691,0.05107868108074124,0.0648470393180082,1.212603815858978,0.13400687266276057,0.007166470780996706,0.6781189153851214,0.34391859005578246,-0.004604596883689048,0.041483237953649055,2.7093725138755813,2.045124203627016,1.8956298172528099,0.14949438637420626,1.3562378277046183,0.8137426966227713,0.542495131081847,0.07272558938737017,0.049932037049077845,0.06363703114358832,1.2208763799944007,0.13046191410117952,0.007247760194005378
2342,0.6685142701683625,0.34136047645679085,-0.0010412021631345941,0.04089568364530556,2.643835744305423,1.9939921730640102,1.841618622364983,0.15237355069902725,1.3370285365674004,0.8022171219404397,0.5348114146269607,0.07407911490113686,0.051078680878500246,0.06484703911332529,1.2126038173038407,0.13400687303437595,0.0071664708000066775,0.6781189173179941,0.34391859090227717,-0.004604595867034489,0.041483238221026085,2.709372523639903,2.0451242115939983,1.8956298251777572,0.14949438641624116,1.3562378307702427,0.813742698462146,0.5424951323080968,0.07272558914447137,0.0499320368433053,0.06363703093521589,1.220876381490917,0.13046191446646757,0.007247760213417087
2343,0.6685142725730132,0.3413604775256694,-0.001041200878918562,0.040895683988684775,2.6438357561946972,1.993992182782692,1.8416186319926626,0.15237355079002946,1.3370285403367252,0.8022171242020346,0.5348114161346906,0.07407911461799316,0.05107868063863408,0.06484703887172558,1.2126038190178208,0.1340068735090336,0.007166470824328925,0.6781189197842925,0.3439185919900489,-0.004604594569446778,0.041483238576609655,2.709372535970517,2.0451242216764447,1.8956298351889238,0.14949438648752086,1.3562378346359882,0.8137427007815933,0.542495133854395,0.07272558885643095,0.04993203659929085,0.06363703068929735,1.2208763832658929,0.13046191493312215,0.007247760238257387
2344,0.6685142756792046,0.3413604789187359,-0.0010411992138653278,0.04089568444540789,2.6438357713580865,1.9939921952060955,1.8416186442704712,0.15237355093562438,1.3370285451460264,0.8022171270876153,0.5348114180584111,0.07407911428490024,0.05107868035645326,0.06484703858935881,1.212603821034452,0.1340068741232121,0.007166470855860089,0.6781189229698636,0.3439185934076917,-0.004604592889339565,0.04148323905022937,2.7093725516964478,2.045124234563785,1.8956298479552964,0.14949438660848824,1.356237839568585,0.8137427037411513,0.5424951358274337,0.07272558851750871,0.0499320363121717,0.06363703040181062,1.2208763853547282,0.1304619155369498,0.00724776027045986
2345,0.6685142797431528,0.34136048076038233,-0.00104119702550632,0.04089568505641199,2.6438357909066696,1.9939922112607487,1.8416186600916244,0.15237355116912418,1.3370285513584095,0.8022171308150452,0.5348114205433643,0.07407911389804624,0.05107868002872855,0.06484703826447405,1.2126038233768262,0.13400687492852942,0.007166470897287856,0.678118927136552,0.34391859528118635,-0.004604590684529952,0.04148323968444194,2.709372571969046,2.0451242512157193,1.8956298644052092,0.14949438681051014,1.3562378459397273,0.8137427075638367,0.5424951383758906,0.07272558812366525,0.04993203597852584,0.0636370300708203,1.2208763877823348,0.13046191632853,0.007247760312759574
