Year,GDP ($Y_t$): Baseline,Labor ($L_t$): Baseline,Government Expenditures ($G_t$): Baseline,Lump sum transfers ($TR_t$): Baseline,Wealth ($B_t$): Baseline,Capital Stock ($K_t$): Baseline,Domestically-owned Capital Stock ($K^d_t$): Baseline,Foreign-owned Capital Stock ($K^f_t$): Baseline,Government Debt ($D_t$): Baseline,Domestically-owned Gov Debt ($D^d_t$): Baseline,Foreign-owned Gov Debt ($D^f_t$): Baseline,Real interest rate ($r_t$): Baseline,"Real interest rate on gov debt ($r_{gov,t}$): Baseline","Real interest rate on HH portfolio ($r_{p,t}$): Baseline",Wage rate: Baseline,Total tax revenue ($REV_t$): Baseline,Business tax revenue: Baseline,GDP ($Y_t$): Reform,Labor ($L_t$): Reform,Government Expenditures ($G_t$): Reform,Lump sum transfers ($TR_t$): Reform,Wealth ($B_t$): Reform,Capital Stock ($K_t$): Reform,Domestically-owned Capital Stock ($K^d_t$): Reform,Foreign-owned Capital Stock ($K^f_t$): Reform,Government Debt ($D_t$): Reform,Domestically-owned Gov Debt ($D^d_t$): Reform,Foreign-owned Gov Debt ($D^f_t$): Reform,Real interest rate ($r_t$): Reform,"Real interest rate on gov debt ($r_{gov,t}$): Reform","Real interest rate on HH portfolio ($r_{p,t}$): Reform",Wage rate: Reform,Total tax revenue ($REV_t$): Reform,Business tax revenue: Reform
2026,0.8640892930370765,0.413963932709602,0.009704688086073946,0.05285976093773199,3.2061502292069806,2.858961101678849,2.723164964593546,0.13579613708530305,0.8049754410223908,0.4829852646134345,0.32199017640895633,0.061951645891913966,0.040804853481454406,0.057305634142541,1.2924612065993801,0.16546617209073217,0.008991577961840656,0.8698818277228394,0.41808926331094093,0.009769744721778238,0.053214110346416696,3.2061502292069806,2.8630281215395765,2.723164964593546,0.13986315694603046,0.8049754410223908,0.4829852646134345,0.32199017640895633,0.06253695171951415,0.041300697341593404,0.05787645683042391,1.2882870235698116,0.16040260520549987,0.00906640752536124
2027,0.8623971058854245,0.4151114981888047,0.00968568293391852,0.0527562487061111,3.1533612521765804,2.8315084321034667,2.691404948547828,0.1401034835556385,0.7699271727145871,0.4619563036287523,0.3079708690858348,0.06280825675147506,0.041530534339585035,0.05825942054759976,1.286364149685498,0.1652017033495877,0.008995034231136732,0.8683329543280192,0.419038139871975,0.009752349143216309,0.05311936446171761,3.160895589378969,2.8391763635567173,2.6956236064164085,0.14355275714030885,0.7754533049376012,0.4652719829625607,0.3101813219750405,0.06327393745386978,0.04192503736036375,0.05869390425600613,1.2830811435084293,0.16016312987593093,0.009068341231742348
2028,0.8609237315281446,0.41589676177117846,0.009669135293892609,0.052666104207379674,3.1086258730928837,2.8101742379611325,2.6668401061281966,0.14333413183293586,0.7363096116078115,0.44178576696468697,0.29452384464312453,0.06346482379416256,0.042086747385030085,0.059026362411589026,1.2817417776295712,0.1649341237997287,0.008995567673823866,0.8670099484389505,0.4196540972056636,0.009737490309073922,0.0530384214433548,3.1232453017381467,2.8210854006784185,2.6748478133323697,0.14623758734604908,0.7473291473429621,0.4483974884057772,0.2989316589371849,0.06382194297343334,0.04238928213529104,0.05933330971266624,1.2792458171295946,0.15992707772618323,0.009067792788323922
2029,0.859829498748109,0.4164022606982804,0.009656845837340637,0.052599162423867044,3.072034797023601,2.795278422157554,2.649735473236768,0.14554294892078584,0.7038322063113878,0.4222993237868327,0.28153288252455505,0.06392058170636826,0.04247284427971425,0.05960644041379277,1.2785586740897954,0.16468117590178258,0.008995049603063514,0.8659619646508189,0.42000184159712994,0.009725720280368517,0.05297430987679498,3.0925145854417875,2.808355039477515,2.660322046339637,0.14803299313787832,0.7203208985035845,0.43219253910215066,0.28812835940143383,0.06419649778563409,0.042706587542409136,0.05980967272714985,1.2766416732768624,0.1596949754206129,0.009065816193111545
2030,0.8589695807084964,0.4167039710158568,0.009647187997090474,0.05254655687461924,3.040952640206662,2.784661958744715,2.637608907554402,0.14705305119031278,0.6722395544204331,0.4033437326522599,0.2688958217681732,0.06423782581376751,0.04274159872465829,0.06005759013787194,1.2763551937665496,0.1644405788962219,0.008993592181634785,0.8651020653328779,0.42016240167033325,0.009716062650383642,0.052921705847488114,3.0665973269847577,2.7992977624654256,2.650082526783988,0.14921523568143777,0.69419133366795,0.41651480020077,0.2776765334671801,0.06445006222841365,0.0429213955387985,0.06017208522593408,1.274886613300291,0.15947169810860468,0.009062856127118418
2031,0.858475258261022,0.41690476085716976,0.009641636203768487,0.05251631714904963,3.0152541231948744,2.778278723076604,2.630296477127384,0.14798224594922052,0.6415960767791511,0.38495764606749067,0.2566384307116604,0.06443273852895044,0.042906719706765614,0.060394269895298114,1.2750063257251392,0.1642428919613103,0.008993024638773222,0.8645680407942921,0.42023705510293285,0.009710064958224919,0.05288903761565571,3.0454787528082146,2.793955177099423,2.6440645450207167,0.14989063207870634,0.6690236796458298,0.4014142077874978,0.26760947185833195,0.06459687838659284,0.04304577135596886,0.0604333380434898,1.2738733092003007,0.15928644664508024,0.009060745750670094
2032,0.8585090088734336,0.4171071706660445,0.009642015260850675,0.052518382327496754,2.9951643423983754,2.7763735114131762,2.627957854405971,0.14841565700720513,0.6120108133206732,0.36720648799240396,0.24480432532826926,0.06451506393955345,0.04297646196364402,0.06062474264399947,1.2744377269980283,0.16412051901677463,0.008995319903710098,0.8645196231902319,0.42032619913197855,0.009709521174441153,0.05288607636917429,3.0294095666959846,2.792581054592522,2.6424400933512233,0.1501409612412987,0.6449491222412688,0.38696947334476123,0.25797964889650754,0.064646422593672,0.0430877429026838,0.06060157039232013,1.2735318391867247,0.1591695934513376,0.0090614120193513
2033,0.8590799080827294,0.4173563866784701,0.009648427096756347,0.05255330736737543,2.9800598667766325,2.7785245103578875,2.6300748605746858,0.14844964978320194,0.583308343669911,0.3499850062019466,0.23332333746796438,0.06450260596761533,0.04296590814954546,0.06076578126069148,1.2745237284407929,0.16408048662683658,0.009001007944882582,0.8649767134668369,0.42047424056245286,0.009714654808890015,0.052914039337124935,3.0178943867356907,2.7948592192970345,2.644809222029759,0.15004999726727541,0.6218086078432197,0.3730851647059318,0.2487234431372879,0.06461381059820426,0.04306011553771144,0.060691181239706626,1.2737565817231622,0.15912995728487847,0.009065430249234986
2034,0.8601045106360862,0.41766230487843237,0.00965993452807467,0.05261598743438868,2.968818513141428,2.7839163703855316,2.6357307115986432,0.14818565878688844,0.5551463359046414,0.33308780154278483,0.22205853436185652,0.06441785358705518,0.04289410987665756,0.06083934340468057,1.2751092044427321,0.16411283824230308,0.009009740236087074,0.8658568908435278,0.42068720033861695,0.009724540184128471,0.05296788426746885,3.0098776455381935,2.800027337719544,2.650318298464314,0.1497090392552298,0.5992655784564653,0.35955934707387915,0.23970623138258615,0.06451947247884166,0.04298019667297915,0.06072227300288602,1.2744072908142852,0.15915545635483666,0.009072414739679735
2035,0.8614433758682738,0.4179895475116283,0.009674971480357694,0.05269789229529301,2.960409196509227,2.7917529939380192,2.6440796076318227,0.14767338630619645,0.5272159814623405,0.3163295888774043,0.2108863925849362,0.0642754871763865,0.04277350367851064,0.060859899518647474,1.276094273976442,0.16419339730968574,0.00902038843409491,0.8670283990728013,0.4209284888177292,0.009737697530304361,0.05303955113000616,3.004418631465973,2.807368013558164,2.658210296158684,0.14915771739947956,0.577013892178815,0.346208335307289,0.230805556871526,0.06437578420150102,0.04285847065090034,0.06070721663278257,1.2754000782773782,0.15922432943268125,0.00908126575726278
2036,0.8630365949868294,0.4183252708881181,0.009692865110938403,0.05279535706195293,2.9543740880624174,2.801672180395464,2.6547331725931245,0.1469390078023395,0.4994015257821549,0.29964091546929295,0.19976061031286194,0.06408313373110025,0.04261055079076507,0.060834651789266385,1.2774283958046455,0.1643130785598879,0.009032487201560512,0.8684194899595447,0.42118232490838886,0.009753321035032413,0.05312465079997178,3.00098605846397,2.8164492878911527,2.6680225474540045,0.1484267404371482,0.5549391850166089,0.33296351100996535,0.22197567400664356,0.06419147376516024,0.042702331426054736,0.060654293134417794,1.2766765151250858,0.15932524400529446,0.009091424247466836
2037,0.864853570778229,0.4186742813703136,0.009713271778926967,0.052906509758759074,2.950362673445567,2.813370293267814,2.66734876768758,0.14602152558023435,0.4716898429299783,0.283013905757987,0.18867593717199127,0.0638499379618149,0.042412998186710814,0.06077187505791466,1.2790507128750175,0.16446650998756976,0.009045913243319435,0.8700009230328855,0.42145422445660075,0.009771082295158473,0.05322139446022915,2.9992311586244575,2.826969517249714,2.6794138508509433,0.14755566639877035,0.5330288462891902,0.31981730777351414,0.2132115385156761,0.06397553248973109,0.04251939602626359,0.0605717271410626,1.278176286156718,0.1594557446258809,0.009102783439010564
2038,0.8669232420839242,0.41906258866837454,0.009736516499842179,0.053033120831458336,2.948344412845372,2.8268201822544423,2.681867734727828,0.14495244752661463,0.4441277968625739,0.2664766781175444,0.1776511187450295,0.06358168785737994,0.04218574918115918,0.06067654742935166,1.2809236061921019,0.16466233964090357,0.009061086154293919,0.8717994090907704,0.4217671695197912,0.009791281302783691,0.0533314159902341,2.9991403675819805,2.8389130354590075,2.6923416248101875,0.14657141064881998,0.5113312379529886,0.30679874277179314,0.20453249518119548,0.06373271785901082,0.042313694770412066,0.06046362666333264,1.2798682378338826,0.1596221483652157,0.009115721566927021
2039,0.8694366436381573,0.41958913678429255,0.009764744807165781,0.05318687652200049,2.9488235058438583,2.8425824789707117,2.69880461389995,0.1437778650707616,0.4166981532398472,0.25001889194390836,0.16667926129593882,0.06328190439883825,0.04193178658540202,0.06055228867626394,1.2830252056535743,0.16493625841355522,0.009080062666957815,0.8740067245537381,0.42221745906069286,0.009816071921355503,0.053466447077360556,3.0012647502971177,2.8528729289833006,2.707359367852319,0.1455135611309816,0.4898423040746644,0.2939053824447986,0.19593692162986578,0.06346502848515669,0.042086920789715085,0.06033226459784423,1.2817403507242973,0.15985832717755552,0.009132274163661469
2040,0.8725639817030665,0.4203373993880159,0.009799868307369073,0.053378188988643084,2.952185094151637,2.861209621513377,2.718681787771495,0.14252783374188202,0.3891721773002371,0.23350330638014233,0.1556688709200948,0.06295205823949879,0.041652356268486346,0.060401811061242844,1.285348048996934,0.16532053491534843,0.009104624247468069,0.8767872482414028,0.4228844143758693,0.009847300308655481,0.05363654306871752,3.0059948925337037,2.8693942630907827,2.7249858190469243,0.14440844404385866,0.468348455811299,0.2810090734867794,0.18733938232451966,0.0631731137697106,0.04183962422693929,0.06017961150869161,1.2837901037535635,0.1601936478751021,0.009154150577706662
2041,0.8764062775420118,0.4213463240915042,0.18239783177420557,0.05361323761628557,2.958754214514002,2.883152488314496,2.7419575689390956,0.14119491937540016,0.36132774262484413,0.21679664557490652,0.1445310970499376,0.06258912546818118,0.04134489651357681,0.060223214526494734,1.2879166963031403,0.165832319154674,0.009135709682295315,0.8802339878333613,0.42380239605769693,0.1680028002263094,0.053847393551726,3.0136441997208925,2.8889059639189343,2.7456599241999493,0.143246039718985,0.4466404592015723,0.26798427552094334,0.17865618368062897,0.06285337502778701,0.04156875644371319,0.06000328650950533,1.2860451357882035,0.16064350246479434,0.009182201810212759
2042,0.8681144768551369,0.42091984062658144,0.16443740222566539,0.05310599813182437,2.968881017570221,2.8167059759876767,2.6685952832477637,0.14811069273991295,0.5004762238707621,0.3002857343224573,0.2001904895483048,0.06414136320738811,0.04265988009338762,0.060900362494738874,1.2770241410078662,0.16519845576472492,0.009087030106164799,0.8725366467509674,0.4234036675452502,0.15095060700622273,0.05337651949718102,3.024528923967126,2.827362437288461,2.6777149974582737,0.1496474398301873,0.5780232108480874,0.3468139265088524,0.231209284339235,0.06428915169274371,0.04278507962089493,0.060639086738716694,1.2759996294361304,0.16010463422841378,0.009136877947467897
2043,0.8608823612666254,0.4207075561031007,0.14828120805654516,0.05266358393607977,2.9777679338500667,2.757764269304913,2.6033370357372387,0.1544272335676743,0.6240514968547133,0.37443089811282804,0.24962059874188527,0.06559728888577958,0.04389327257712396,0.06159221005003049,1.2670244812401532,0.16471089973813258,0.00904552311038936,0.8658618625177696,0.4232125259402591,0.13565245338923962,0.052968199557691,3.0343070287451948,2.772953587269599,2.6174700972771117,0.1554834899924874,0.6947282191134722,0.41683693146808326,0.2778912876453889,0.06562880137909854,0.04391996849504082,0.06127956712064321,1.2668103073766965,0.1596973418954099,0.009098578672524395
2044,0.8545309680388575,0.42064359216929087,0.13386241905945398,0.05227504706210442,2.985434785276356,2.7053248615858076,2.545141093622816,0.16018376796299172,0.733822819422567,0.4402936916535402,0.2935291277690268,0.06695718184274824,0.045045310608120295,0.062281766792865484,1.2578679181132482,0.1643337465136818,0.009009722005354931,0.8600305375273538,0.42316505359867707,0.1220460890819716,0.05261147744213664,3.042940131975633,2.7246788215278763,2.5638834701522257,0.1607953513756506,0.7984277697056789,0.4790566618234073,0.3193711078822716,0.06687446934342797,0.04497524042769366,0.06191152831142434,1.2584198805502074,0.15938852247886903,0.009065833616989673
2045,0.8488174242811726,0.4206355512099013,0.12086496450215778,0.05192552997484719,2.9915595167977287,2.6581662803536625,2.4927514781448794,0.16541480220878294,0.8313467310880818,0.49880803865284906,0.3325386924352327,0.06822570843660737,0.0461199473079923,0.06295919676610134,1.2494814864004264,0.16402059992537196,0.00897750230130725,0.8547986911621678,0.42316971204246145,0.10980372612877383,0.05229142782448633,3.0500568810014963,2.681320289759899,2.5157022208571473,0.16561806890275174,0.8905911002405817,0.534354660144349,0.3562364400962328,0.06803228551512028,0.04595608840977705,0.06252798356459849,1.2507507424924516,0.15913446731033817,0.009036499740094106
2046,0.8436278109077635,0.4206357039109385,0.10890271385047418,0.051608063735697554,2.9963518008723193,2.6156999282198217,2.4455664751710144,0.17013345304880736,0.9179755428355081,0.5507853257013049,0.36719021713420325,0.06940090246019524,0.04711551699752929,0.06361162016062484,1.2418417967672328,0.1637482074597943,0.008947882612617988,0.8500529958911586,0.42317951333806,0.09852859160433963,0.05200111794997318,3.055837774182594,2.6423064171465676,2.4723427371132196,0.16996368003334805,0.9724917284489571,0.5834950370693742,0.3889966913795829,0.0691012679506767,0.04686168058445325,0.06311813285499163,1.2437779911049431,0.15891365872493818,0.009009587290354098
2047,0.839002474132019,0.42066094872714427,0.09803225771838968,0.051325116407325566,3.0005444698823354,2.577957094049585,2.4036023394422292,0.17435475460735564,0.9949035507335099,0.5969421304401059,0.397961420293404,0.0704760310668402,0.04802631592234175,0.06422465237139936,1.234959072151332,0.16352507536901795,0.008921381288557599,0.8458364344772973,0.423212259812472,0.08828912022579805,0.05174317715771014,3.0610062449500255,2.60769915422666,2.4338543520806493,0.17384480214601064,1.0452531547822934,0.627151892869376,0.41810126191291747,0.07007530953797975,0.04768684329052867,0.06366908767651142,1.2375126629229878,0.1587352154000516,0.008985620906244671
2048,0.8348739135200232,0.42069277270195937,0.0882245661567771,0.05107255869841505,3.0042826797314848,2.544465381596331,2.366354465439547,0.17811091615678376,1.0632136904865628,0.6379282142919377,0.4252854761946251,0.0714532813110207,0.04885419685321002,0.06479313861164568,1.2287891346035413,0.1633409200264185,0.008897536000709038,0.8420828048239695,0.423249810647064,0.07905956419426782,0.051513555509147574,3.0656938281551747,2.577048334606885,2.3997567524354606,0.17729158217142438,1.1098951261995236,0.6659370757197141,0.4439580504798095,0.07095711557490728,0.048433868330475305,0.064176852190994,1.2319115652764077,0.1585898635931022,0.008964134482930153
2049,0.8312288354990328,0.4207301095031608,0.07944906048716308,0.050849577412482985,3.0079318871271914,2.515033633931403,2.3336116246420446,0.18142200928935828,1.123867104141911,0.6743202624851466,0.4495468416567644,0.07233107119462681,0.04959781959495306,0.06530995272355955,1.2233156481799792,0.16319030661619185,0.008876350278632641,0.838780762922211,0.423291493470193,0.07081221356120865,0.051311559107792774,3.0702599583697907,2.5501883393384075,2.3698666536431716,0.1803216856952357,1.1673221745443652,0.7003933047266191,0.4669288698177461,0.07174546669059306,0.049101722710038334,0.06463518481543495,1.226960067228513,0.15847294477371943,0.008945133438287668
2050,0.8280511241436008,0.42078183262323987,0.07160828236224007,0.050655186595486075,3.0116716551768152,2.489366526589733,2.3050359586802998,0.18433056790943322,1.1777261608275262,0.7066356964965157,0.4710904643310105,0.07311369148457636,0.050260819085634345,0.06577424689192243,1.2184892308449566,0.16307426008993847,0.00885788968895894,0.8359161574042018,0.423346494726619,0.06345189832945272,0.051136322163791575,3.0748796854109703,2.5268473925296977,2.343872019606348,0.18297537292334978,1.2183461096743708,0.7310076658046225,0.4873384438697484,0.07244484345415789,0.04969420215887513,0.06504384893496833,1.2226108926078703,0.15838596092722595,0.00892868734869921
2051,0.8252745522071286,0.4208432748634968,0.06458257558992654,0.0504853346773288,3.0153675945126603,2.466921137035387,2.2800293327685637,0.18689180426682359,1.225563769573494,0.7353382617440964,0.4902255078293976,0.07381176452851013,0.05085219408386782,0.06619130972308075,1.2142261648715995,0.16298891795889436,0.00884177719254559,0.8334243527585972,0.423410280404805,0.05686149249568789,0.05098389064461553,3.0794125532260797,2.5065016025661673,2.321195715113415,0.1853058874527524,1.2636947301877741,0.7582168381126644,0.5054778920751097,0.07306586366122403,0.05022030157934142,0.06540848628473336,1.2187827475890747,0.15832559821070313,0.008914422470801958
2052,0.8228351475311455,0.4209053303725167,0.05825861005941597,0.05033610833327073,3.0189220832751427,2.4472321472067664,2.2580847014406005,0.1891474457661657,1.2680623030575702,0.7608373818345421,0.5072249212230281,0.07443408259455891,0.05137939299006881,0.06656531772490615,1.210458579571958,0.16292647487851677,0.008827591605275801,0.8312430681906917,0.4234738497648282,0.050930481995796945,0.05085045475568027,3.083757036807408,2.4887039939411366,2.301350960174979,0.1873530337661576,1.304010127720716,0.7824060766324294,0.5216040510882864,0.07361720063815624,0.05068736860992322,0.06573347131801541,1.2154104055130648,0.15828468378581864,0.008901922934264934
2053,0.8206778770013613,0.42095815806266684,0.05256560157419521,0.05020414108679705,3.0222893081280677,2.4299238989872336,2.2387954467732425,0.19112845221399125,1.3058231022580422,0.7834938613548252,0.522329240903217,0.07498754210799694,0.05184825813480684,0.0668992517505113,1.2071335461046275,0.1628791418254355,0.008814946846499402,0.829319058105887,0.4235274827108521,0.045591156331435456,0.050732757151435263,3.08786528664045,2.473096589178027,2.2839506494883803,0.1891459396896467,1.3398577285867828,0.8039146371520696,0.5359430914347132,0.07410556328117279,0.051101086715300496,0.06602187793292753,1.2124436386386166,0.15825601882698778,0.00889080991749842
2054,0.8188153166494235,0.42099696379441415,0.04748487069525267,0.05009020231338526,3.025915492336784,2.4151069588011898,2.2222896718772778,0.19281728692391203,1.3393763674325105,0.8036258204595063,0.5357505469730043,0.07546523788458444,0.05225293976732434,0.06718447190684987,1.2042828892371569,0.1628428579557203,0.008803907312942399,0.827667127111432,0.4235665381917605,0.040828291590166634,0.05063170358912133,3.092189490560089,2.4598127352132826,2.26914803015052,0.1906647050627627,1.3717357673492823,0.8230414604095692,0.5486943069397131,0.07452395984635218,0.05145553281538131,0.06626521464882086,1.2099169832350685,0.15823596322858993,0.00888115615665683
2055,0.8172126683897419,0.4210158164259992,0.042931986949355724,0.04999216319179207,3.0298254593061777,2.4025387848701896,2.208304382894691,0.1942344019754983,1.3692017940191445,0.8215210764114866,0.5476807176076579,0.07587157263791,0.05259716766169481,0.06742259524080428,1.2018719477352864,0.1628186304002177,0.008794233709190509,0.8262541547173609,0.4235851287466827,0.03655999958160955,0.05054526779461205,3.0967553639417273,2.4486260307466505,2.2566979943197434,0.19192803642690737,1.4000956160366402,0.840057369621984,0.5600382464146563,0.07487655021318443,0.05175423096649104,0.06646506804026868,1.2077984293487796,0.15822568371340248,0.008872729605497084
2056,0.8158028085767741,0.4210050308871432,0.038792268869205254,0.04990591755489393,3.0337847193717127,2.391769414532737,2.1963502303946054,0.19541918413813153,1.3957241482951785,0.837434488977107,0.5582896593180715,0.07621753129886799,0.05289024774019202,0.06762122716618314,1.1998292023405224,0.16280187008855646,0.008785447205458027,0.825014416883276,0.42357358463661005,0.03267399503643456,0.050469429184387814,3.101326209820522,2.4390981256577335,2.2461240785946535,0.1929740470630802,1.4253368853764483,0.8552021312258689,0.5701347541505795,0.07517394521501444,0.05200617017286808,0.06662887212289292,1.2060190737241083,0.1582209326800271,0.008865059268575089
2057,0.814570185253436,0.4209538592356424,0.03500908838692209,0.04983051406646043,3.037985716806626,2.3827622645555846,2.186398339698017,0.1963639248575679,1.4193122951810155,0.8515873771086092,0.5677249180724063,0.07650104235008959,0.05313042510969844,0.06777680579636342,1.1981619660345326,0.16278579037990548,0.008777371634824803,0.8239339493074576,0.42352117180618837,0.029116354103142714,0.050403333631702255,3.1060983541900846,2.4312080183919518,2.2374147060608096,0.19379331233114222,1.4478060802154586,0.8686836481292751,0.5791224320861835,0.07541385293481152,0.05220940882905756,0.06675301039245607,1.204588678826114,0.15821531792724536,0.008857975544005504
2058,0.8134951831468201,0.4208587682598474,0.03157633012049806,0.04976475276621262,3.0424837346099776,2.375386017627541,2.178306672981817,0.19707934464572388,1.4402951027136013,0.8641770616281607,0.5761180410854406,0.07672468424959648,0.05331988411986238,0.06789013770429131,1.1968510850731373,0.16277004500810915,0.008769866903590409,0.822994500656317,0.42342434002986273,0.025883451896325627,0.05034586461289568,3.111129029424187,2.4248368248309533,2.2304416721909446,0.19439515264000892,1.4678122620554042,0.8806873572332425,0.5871249048221616,0.07559857250102706,0.052365894649694364,0.066838161882459,1.2034903615936978,0.15820861693253233,0.008851344896534575
2059,0.8125706428467706,0.42073019799140016,0.028501453349876908,0.04970819564096981,3.0472643824115315,2.3694803034627494,2.171885604968568,0.19759469849418138,1.4589646290716054,0.8753787774429631,0.5835858516286423,0.07689484932700157,0.05346404005486706,0.06796571069562242,1.195856178870556,0.16275659227937844,0.00876299026019775,0.8221903637111109,0.4232935853089134,0.022985155777010595,0.05029667305864719,3.11640531946894,2.41983503542278,2.225027357880264,0.19480767754251602,1.4856299359811271,0.8913779615886762,0.5942519743924509,0.07573416254768148,0.05248076022758415,0.06688862281900833,1.202685833395996,0.15820286122601404,0.008845233848537267
2060,0.8117849183668487,0.4205791398257018,0.025773548598785875,0.04966013035851942,3.0522543925010237,2.3648488500976157,2.1669050156607446,0.19794383443687133,1.475582294733799,0.8853493768402793,0.5902329178935198,0.07701947237465206,0.05356961490154622,0.06800949745615273,1.1951289200224844,0.16274649079739612,0.008756772563510713,0.821511356014848,0.4231399997140005,0.020412890846669307,0.05025513605861186,3.121855183320883,2.4160159554591196,2.220952174245741,0.19506378121337864,1.5015050151252365,0.9009030090751419,0.6006020060500946,0.07582818786919603,0.052560414104535505,0.06691013119084285,1.2021287594747117,0.15819922995438726,0.008839683924117
2061,0.8111245890713097,0.42040972379867136,0.023353233118109044,0.049619735927497896,3.0574285053078225,2.3613472029910927,2.1631998759475497,0.1981473270435432,1.4903810489337888,0.894228629360273,0.5961524195735157,0.07710371283025484,0.05364097949543248,0.06802508503328282,1.1946379779736942,0.16273864366357313,0.008751170599161853,0.8209454637382719,0.4229678020478533,0.018129425522546636,0.05022051872975195,3.1274557538996315,2.4132447496613123,2.2180616830102218,0.19518306665109067,1.5156567848156826,0.9093940708894096,0.606262713926273,0.0758854641969767,0.052608935944097227,0.06690605280952092,1.2017897450081412,0.15819680856521268,0.008834661762484718
2062,0.8105749036752027,0.42022055007164094,0.021197768893842846,0.049586110001758485,3.0627986419471673,2.3588729471958008,2.1606579248343643,0.1982150223614365,1.503567861854672,0.902140717112803,0.601427144741869,0.07715045184738994,0.05368057461576538,0.06801411831612131,1.1943658175286904,0.16273151344368997,0.008746082540583582,0.8204792105726388,0.42277565019209096,0.016093970729508786,0.05019199668044927,3.133221978215158,2.4114282720147093,2.2162538587660965,0.19517441324861276,1.528280199081769,0.9169681194490614,0.6113120796327075,0.07590856407356707,0.05262850508459985,0.06687783277744846,1.2016530894365003,0.15819422588551238,0.008830073936104944
2063,0.8101170947326802,0.42000855631559997,0.019270764704721922,0.04955810448660829,3.068348459238798,2.357309360435706,2.1591528253962506,0.19815653503945557,1.5153260564042454,0.9091956338425471,0.6061304225616984,0.07716283525625181,0.05369106526349551,0.06797855233149162,1.1942937363268755,0.16272331246013344,0.008741365752172417,0.8200949529831694,0.4225605297526433,0.014271970159181704,0.05016849059588002,3.1391399132018214,2.4104577097571362,2.2154111004289496,0.19504660932818652,1.5395480212881196,0.9237288127728719,0.6158192085152477,0.07590033462778722,0.05262153348108957,0.06682722681143627,1.201701768773542,0.15818985137528355,0.008825785465005839
2064,0.8097360756305213,0.41977449747656703,0.017531280703028222,0.04953479648294898,3.074037768821632,2.356533949411802,2.1585476469954177,0.19798630241638404,1.525816869710357,0.9154901218262139,0.610326747884143,0.07714498806223727,0.05367594595123938,0.06792133542194384,1.1943976243058148,0.1627132563701922,0.0087369332020861,0.8197786740986703,0.4223232681204857,0.012624112123969758,0.05014914301880302,3.145171267559486,2.4102173589209848,2.215403941705921,0.1948134172150638,1.5496122097559415,0.929767325853565,0.6198448839023765,0.07586460681055389,0.0525912665369111,0.0667569804590178,1.2019131687886881,0.15818302841932494,0.008821717316295358
2065,0.8094157789027493,0.4195228177613337,0.015931555699873035,0.04951520308501714,3.0797658086707638,2.3563836778005647,2.1586563699515087,0.19772730784905598,1.5351823978654255,0.9211094387192551,0.6140729591461704,0.0771031214148478,0.05364047847582096,0.06784735365640097,1.1946414221748394,0.16270142765934706,0.008732723603171361,0.8195152895165182,0.4220683954838809,0.011104031278742335,0.050133031172772555,3.15121606505686,2.410549369131014,2.216052030896811,0.194497338234203,1.5586067236000818,0.9351640341600492,0.6234426894400326,0.07580728168818042,0.052542703360840985,0.06667175678145933,1.202252563397183,0.15817393551124356,0.00881781656887179
2066,0.8091567969047097,0.41926118215201624,0.014437424619318746,0.04949936056094335,3.085526978474571,2.3567937385460382,2.1593985901589114,0.1973951483871268,1.5435473138594331,0.9261283883156596,0.6174189255437735,0.07704082306933269,0.05358770221653248,0.06775932770401225,1.1950044400018753,0.16268869839759645,0.008728807476060425,0.8193063473604123,0.4218036592710764,0.009678794034442224,0.05012024979883643,3.157270654019004,2.4113946167853113,2.2172811885329775,0.1941134282523338,1.5666491091433772,0.9399894654860264,0.6266596436573508,0.07573170376244792,0.052478677259153,0.06657410465968222,1.2027004090140665,0.15816350932546958,0.008814161258795517
2067,0.808963270059587,0.4189928644925195,0.013017914605412767,0.049487522221749486,3.091388029737076,2.357766780523097,2.1607736646244176,0.19699311589867946,1.5510239418544318,0.9306143651126588,0.620409576741773,0.07695865139812644,0.053518090200516795,0.06765734308179086,1.195483704757514,0.16267599312654318,0.008725238556749733,0.8191567841190344,0.4215323606963067,0.008318432541767673,0.05011110087431754,3.163404517457378,2.4127615964361504,2.219097236836705,0.19366435959944528,1.573845467701122,0.9443072806206733,0.6295381870804487,0.0756382528449728,0.052399509990574134,0.06646398856856676,1.2032547692805702,0.15815270009651952,0.008810810309957081
2068,0.8088204030460687,0.4187139288302007,0.011685449243331439,0.049478782919913936,3.097329879847362,2.359226712354731,2.1627013588388184,0.19652535351591222,1.557714201680906,0.9346285210085433,0.6230856806723627,0.07685844732229044,0.05343320197043047,0.06754254633842045,1.1960688267862418,0.1626627238623431,0.008721889046718794,0.819052347086621,0.4212505351704,0.0070366016554128386,0.0501047125043446,3.1695997434928675,2.4145781804618367,2.2214243768399777,0.19315380362185916,1.5802922777548165,0.9481753666528899,0.6321169111019266,0.07552857316900073,0.05230659447299631,0.06634241534496195,1.2039062568356937,0.15814096179048856,0.008807639480046453
2069,0.8087079116642939,0.4184212890478536,0.010462084078519243,0.04947190182059106,3.1032692921201113,2.3610476433856977,2.1650451748468944,0.19600246853880343,1.5637068621220287,0.938224117273217,0.6254827448488117,0.07674385779096592,0.053336127051876465,0.06741771374783563,1.196738872433678,0.16264676740563022,0.00871860452742448,0.8189732712384298,0.4209550945109107,0.005856684877724713,0.050099875585929515,3.1757734521955845,2.4167213831440937,2.224129340557589,0.19259204258650486,1.586073519396659,0.9516441116379956,0.6344294077586635,0.07540609190061426,0.052202834042042665,0.06621199854765256,1.2046348805555267,0.15812628695895248,0.008804498608663384
2070,0.8086073319061474,0.41811302326614486,0.009305011637642774,0.04946574944781558,3.1091173853474143,2.3631067348798958,2.1676707304018037,0.19543600447809228,1.5690777582426847,0.9414466549456105,0.6276311032970742,0.07661863088595366,0.053230040645340704,0.0672857743635126,1.1974722468949048,0.16262536253912915,0.008715252384165888,0.8189016591585463,0.42064415835811986,0.004736718295463821,0.05009549530101916,3.181837282865271,2.419071146369351,2.2270807898424634,0.19199035652688767,1.591260821704679,0.9547564930228075,0.6365043286818716,0.07527434513534188,0.05209122431329397,0.06607550834270544,1.2054199174680078,0.15810607542762126,0.008801260103708663
2071,0.8085139993828874,0.41778659034923854,0.00820367672468459,0.049460040479028515,3.1149029385708693,2.3653925210287294,2.1705680692910825,0.1948244517376469,1.5738914487996456,0.944334869279787,0.6295565795198586,0.0764827165120667,0.05311490031251197,0.06714639966668182,1.1982695480538457,0.16259678396008023,0.008711780256292137,0.8188333695089968,0.420315213451956,0.003667008070735993,0.050091318340773426,3.1878219879199334,2.4216197907671786,2.2302729451003813,0.1913468456667973,1.5959150713659205,0.9575490428195523,0.6383660285463681,0.07513315930712465,0.05197161824966194,0.06593252975218326,1.2062626916793868,0.1580787081603471,0.008797875065679726
2072,0.8084387345232671,0.41744711734700213,0.007168676012210037,0.04945543683242984,3.12069575675111,2.367942009074981,2.1737726944733553,0.19416931460162581,1.5782051037962586,0.9469230622777548,0.6312820415185038,0.07633590332126847,0.05299052700916866,0.06699925458636727,1.1991323518729988,0.1625629464845782,0.008708299576730485,0.818779757391253,0.4199734200885646,0.0026588941582573675,0.050088039301215706,3.1937997247401158,2.4244082016710324,2.233745581861439,0.19066261980959345,1.600090238131128,0.9600541428786769,0.6400360952524511,0.07498222744296906,0.051843755797911305,0.06578266112346536,1.2071653557299122,0.15804607389318112,0.008794458458312069
2073,0.8083957591241624,0.41710454755554655,0.006167615317207525,0.04945280842590043,3.126538022936296,2.37077401328363,2.1772946187435247,0.19347939454010535,1.5820723403212862,0.9492434041927714,0.6328289361285148,0.07617948472033556,0.052858016449343695,0.06684538867382402,1.2000534027724963,0.1625276976785059,0.008704985556362491,0.8187555339768151,0.41962874435404124,0.0016802512397444402,0.050086558058518325,3.1998144575847305,2.4274583164815327,2.237512158106971,0.18994615837456205,1.603837165796266,0.9623022994777598,0.6415348663185062,0.07482273404133313,0.051708640410015536,0.06562687120958709,1.2081211529907054,0.15801192002453007,0.008791189135161819
2074,0.8083923451118955,0.41676897080123665,0.005195197117272163,0.04945260004813062,3.1324090679537364,2.373852284748697,2.1810825130853426,0.19276977166335435,1.5855442581139905,0.9513265548683939,0.6342177032455966,0.07601658540978393,0.052720015733907326,0.06668745158832812,1.2010145918708863,0.16249521663609254,0.008701971997661505,0.8187683089774107,0.4192912616311632,0.0007261666825814708,0.0500873400571612,3.2058459515879116,2.4307355578972536,2.24152321798071,0.18921233991654357,1.6072045560120025,0.9643227336072017,0.6428818224048009,0.07465767202428567,0.05156880755027668,0.06546770753015509,1.2091124166586795,0.15798029441039413,0.008788203879650042
2075,0.8084240862911579,0.416450912107375,0.004314989013653486,0.04945454214417508,3.13818037961295,2.3770459189115836,2.184979398817968,0.19206652009361527,1.5886683013249705,0.953200980794982,0.6354673205299886,0.07585347786029928,0.05258183860813722,0.0665308409290224,1.201979037860159,0.1624684511065345,0.008699325177115656,0.8188139377721171,0.41897148384436117,-0.00013883661526618157,0.0500901317349325,3.2117644349180674,2.434109003759107,2.245621777594297,0.18848722616481017,1.6102377622062842,0.9661426573237707,0.6440951048825135,0.074493128697967,0.05142941410118617,0.06531041892575254,1.21010269393908,0.15795406447879978,0.008785572541343906
2076,0.8084834108257346,0.41615460726031833,0.003588635999739277,0.04945817156771752,3.1437636541389296,2.38025703630103,2.188871881068507,0.19138515523252303,1.5914862884507053,0.9548917730704228,0.6365945153802824,0.0756941473426932,0.05244686120801176,0.0663789089963161,1.2029231166301546,0.16244644465892477,0.008697036501306326,0.8188851290160033,0.4186736402619587,-0.0008520532139295323,0.05009448711379237,3.217481420101161,2.4374815906819802,2.249695355977113,0.18778623470486724,1.612976773540079,0.9677860641240476,0.6451907094160315,0.0743329354126879,0.05129370580443674,0.06515823526963142,1.2110688399408553,0.15793234711260756,0.008783289553487785
2077,0.8085671132504442,0.4158815833141959,0.003022973088183084,0.04946329226698104,3.149135047883684,2.3834461770723854,2.1927144428212153,0.19073173425117004,1.5940343417707816,0.9564206050624686,0.637613736708313,0.07554015063235797,0.05231640236119931,0.06623288915342593,1.2038374438706934,0.16242794332851188,0.008695100427141944,0.8189789895235166,0.4183992603748356,-0.0014060694528904571,0.05010022924520681,3.222974106604291,2.440815658791111,2.2537004334107276,0.18711522538038367,1.615456121989272,0.9692736731935634,0.6461824487957086,0.07417853974307774,0.05116290897789198,0.06501230468207725,1.2120019391555845,0.15791397210714087,0.008781351883453243
2078,0.8086577422667621,0.415625292425717,0.0025784696454686507,0.0494688366609203,3.154237859562626,2.386538645541074,2.1964312614163513,0.19010738412472314,1.5963443302437923,0.957806598146275,0.6385377320975173,0.07539267128468188,0.05219146472074847,0.06609359972417464,1.2047147882491087,0.16241049084172168,0.0086933517026541,0.8190782486922598,0.41814177407068454,-0.0018402146121347593,0.05010630160146492,3.2281862667116283,2.4440376558209564,2.257562482094599,0.18647517372635763,1.6177063076950482,0.9706237846170291,0.6470825230780191,0.0740310193694362,0.051037936582152346,0.06487336327865662,1.212895252899903,0.1578965819464491,0.008779595633701127
2079,0.8087335383741735,0.4153768104396151,0.0022046084985010983,0.04947347362704117,3.159001374923279,2.3894483972921536,2.19993650751962,0.18951188977253325,1.5984414456727654,0.9590648674036588,0.6393765782691065,0.07525279764654041,0.0520729702834863,0.06596176960926504,1.2055484399367504,0.16239092360612048,0.008691577444724801,0.8191612583221273,0.4178922314544644,-0.0022049242912507983,0.05011137986855749,3.233047244891315,2.447062210559261,2.2611964488929175,0.1858657616663437,1.6197513266639951,0.9718507959983974,0.6479005306655977,0.07389136679209371,0.05091962941731208,0.064742065667151,1.213742517940156,0.15787712833117007,0.008777808785346463
2080,0.8087850131097295,0.4151310673086894,0.0018736933773417438,0.04947662272940738,3.163412177232841,2.3921484656928094,2.2032057719646474,0.18894269372816197,1.6003440087803233,0.9602064052681936,0.6401376035121298,0.07512041294299979,0.051960820123122996,0.06583716050255545,1.2063388541916478,0.16236728056153116,0.008689674650436739,0.8192186509253396,0.4176455425079551,-0.002527763625908813,0.05011489101104216,3.2375442511424426,2.449863469879808,2.2645791837452296,0.18528428613457845,1.6216084456620212,0.9729650673972131,0.6486433782648081,0.07375941081786111,0.05080784245646776,0.06461813274067357,1.214544517697201,0.15785372429342837,0.008775888906824889
2081,0.80882285312019,0.41489438305599335,0.0015659976328417785,0.04947893770977554,3.167497706051176,2.394661897920488,2.2062577397366345,0.18840415818385356,1.602066610524237,0.9612399663145418,0.6408266442096952,0.07499590212017138,0.05185534034809074,0.06572013533259302,1.207083499879846,0.16234163071241758,0.008687766390034327,0.8192613452749192,0.4174080465362878,-0.0028284734349048185,0.0501175029705474,3.241705752666059,2.452465924004283,2.2677309538975265,0.18473497010675663,1.623291331280887,0.9739747987685324,0.6493165325123545,0.07363549895449921,0.05070287009202318,0.06450189863217413,1.2152988953125026,0.15782838833721693,0.008773960833196334
2082,0.8088673424753178,0.41467730632378486,0.0012835552266019373,0.049481659407907636,3.171319990198973,2.397046674089747,2.2091452781414627,0.18790139594828426,1.6036245200958512,0.9621747120575104,0.6414498080383408,0.07487932149482732,0.05175657866733827,0.06561082726835891,1.207781813672099,0.16231802332929213,0.008686072539276276,0.8193098839793242,0.41719031788405464,-0.0031050062668067924,0.050120472402477495,3.245595179065354,2.454929263262776,2.2707064987406844,0.18422276452209158,1.624814467207782,0.9748886803246695,0.6499257868831125,0.07351966849345572,0.0506047439155575,0.06439348218051211,1.2160051869360224,0.1578050484232877,0.008772246306586786
2083,0.8089333454031156,0.4144865718467784,0.0010604778601452577,0.049485697103067036,3.174939774926784,2.399354492960112,2.211918452977986,0.18743603998212605,1.60503553658133,0.9630213219487976,0.6420142146325324,0.07477023597463656,0.05166416649088953,0.06550888451588889,1.2084361936423338,0.16229962871898013,0.008684745345538501,0.8193792978083191,0.41699907642792317,-0.003322999066200913,0.050124718774002916,3.2492746290614454,2.4573067437231315,2.273557630691724,0.18374911303140742,1.6261949972828686,0.9757169983697215,0.6504779989131472,0.07341146789984965,0.05051308140773157,0.06429251935036394,1.21666592902436,0.15778676533227218,0.008770898337424528
2084,0.8090152484458787,0.4143198205377982,0.0009223056078236785,0.04949070737826844,3.17834644671115,2.4015632209260316,2.2145552555088583,0.18700796541717335,1.6063186520038202,0.9637911912022918,0.6425274608015283,0.07466889523048666,0.05157831532830214,0.06541442329212319,1.2090449493217585,0.162286316323746,0.008683729828204598,0.8194639966009909,0.41683190150762894,-0.0034565740960634805,0.05012990009325495,3.252733948928319,2.4595768853577775,2.2762631346585716,0.18331375069920616,1.6274513571162454,0.9764708142697475,0.650980542846498,0.07331109758463798,0.05042805234738207,0.06419908713316397,1.2172796980432223,0.15777339701988255,0.00876986163182981
2085,0.8090968148731402,0.41417148824056765,0.0008735559568655016,0.04949569697730212,3.1814726307344827,2.4035981112738405,2.2169787288389147,0.18661938243492582,1.607489836492614,0.9644939018955682,0.6429959345970458,0.07457662878218244,0.051500151486886005,0.06532846352571381,1.2095998964301358,0.16227593440348834,0.008682877296586409,0.8195477491916883,0.41668317914770314,-0.003500915616075663,0.05013502344450778,3.2559055567735595,2.461664973871387,2.2787461443386676,0.18291882953271937,1.6285990207248193,0.9771594124348918,0.6514396082899275,0.07321981202151283,0.050350719466244497,0.06411414472214537,1.2178386199399946,0.1577628610455146,0.008768987543520016
2086,0.8091700129996813,0.41404036756638307,0.0008941052461026305,0.04950017460303797,3.1842686335017314,2.4054072416195473,2.2191325040109433,0.18627473760860414,1.6085602158179808,0.9651361294907883,0.6434240863271925,0.07449483388637822,0.051430858657457806,0.06525215935589294,1.2100924208885147,0.162267119293891,0.0086821286075635,0.819622641878404,0.416551707799496,-0.003476066269653008,0.05013960474820098,3.2587398865167985,2.4635194478203073,2.2809506854223933,0.18256876239791409,1.629648668490675,0.9777892010944053,0.6518594673962698,0.07313894529730719,0.050282212940602464,0.06403879498143364,1.2183343128297643,0.1577538615655679,0.0087682181854508
2087,0.8092301598421632,0.413924093733653,0.0009907305224292132,0.04950385380358251,3.1867255707054305,2.406975745028219,2.221002652603759,0.18597309242446025,1.609538196836119,0.9657229181016713,0.6438152787344478,0.07442351199683185,0.05137043807157354,0.06518544991444233,1.2105223126451385,0.1622586960507209,0.008681434426016809,0.8196841023319464,0.41643512974594016,-0.003375031730656744,0.05014336432151162,3.261228689346063,2.465126222896688,2.28286369133569,0.18226253156099814,1.6306083300172882,0.9783649980103731,0.6522433320069151,0.07306846740047053,0.05022250734606695,0.06397295248040087,1.218766757142459,0.15774527886717474,0.008767504972476444
2088,0.8092746318904455,0.4138219688059086,0.0011175116353538406,0.04950657410164433,3.188832112442312,2.40828915654573,2.222573866969748,0.18571528957598193,1.61043040912094,0.966258245472564,0.644172163648376,0.07436296239575697,0.05131914326719761,0.06512856103082443,1.2108875894933,0.16225006400178182,0.008680773027987108,0.8197296628112056,0.416332778479276,-0.003243936783290144,0.05014615121608934,3.263361304200883,2.466471638483566,2.284470713711713,0.18200092477185303,1.631484317481949,0.9788905904891697,0.6525937269927794,0.07300864532038207,0.05017182886361578,0.06391681746125386,1.2191341350121496,0.15773655637831485,0.008766827523023431
2089,0.8093017338790638,0.4137327018358762,0.0012076317796184816,0.049508231794249166,3.1905912414524806,2.4093459493043614,2.2238458647003196,0.1855000846040419,1.6112422945869354,0.9667453767521611,0.6444969178347743,0.0743129680168555,0.05127679035586337,0.06508126755340599,1.2111894082308736,0.16224099594389574,0.00868012283802147,0.8197577468145413,0.4162433883688723,-0.0031500118332283694,0.0501478689941436,3.265141373284833,2.467554923620847,2.2857722823072355,0.18178264131361163,1.6322818182959955,0.9793690909775975,0.652912727318398,0.07295924611691079,0.050129980157209715,0.06387015293352624,1.2194377234823892,0.15772748784165105,0.008766165147618438
2090,0.80931178132303,0.41365400913881994,0.0012366463199024735,0.04950884619073138,3.192034526388541,2.4101698220043857,2.224847479246108,0.1853223427582774,1.611978411904055,0.9671870471424329,0.6447913647616221,0.07427233459471515,0.05124236761148829,0.06504248769879997,1.211434859956522,0.16223143294342107,0.008679465302388419,0.8197687167282423,0.4161646754134384,-0.0031178535986035663,0.05014853983225727,3.2666012106039126,2.4684005583768167,2.28679809910633,0.18160245927048702,1.6330051858293042,0.9798031114975828,0.6532020743317214,0.0729190847470845,0.050095957313588325,0.06383188626135206,1.2196846861485815,0.15771801263833224,0.00876549917658611
2091,0.8093121273631544,0.413584530663468,0.0012423662797508145,0.04950886713110652,3.1932438646620134,2.4108308918997405,2.22565810847506,0.18517278342468058,1.6126429269782558,0.9675857561869534,0.6450571707913024,0.07423857535109736,0.051213768351270006,0.06501003385863299,1.2116388866444556,0.1622216376577035,0.008678832801334972,0.8197699632049488,0.4160952656289137,-0.0031093851374331336,0.05014861586517102,3.2678240624225756,2.4690799549509403,2.2876290160673625,0.181450938883578,1.633658410592022,0.9801950463552134,0.6534633642368086,0.07288571293469588,0.05006768626707841,0.06379986328874032,1.219889998009611,0.15770837585394265,0.00876486125195017
2092,0.8093078372929086,0.4135215327867223,0.0012330621298850195,0.0495086044799342,3.1942980184790515,2.4113945312225917,2.226353382627215,0.18504114859537682,1.613241059753061,0.9679446358518365,0.6452964239012245,0.07420910795450689,0.05118880494413365,0.06498161388416024,1.211817048986903,0.16221142733009175,0.008678231185455881,0.8197665869782682,0.4160324057059577,-0.003116266741547122,0.050148409125349055,3.268890146990572,2.4696598577977236,2.288342209686286,0.1813176481114372,1.6342465621738096,0.9805479373042859,0.6536986248695237,0.07285658246900524,0.05004300829212142,0.06377182170779606,1.2200692902359336,0.15769839234380267,0.008764256383430211
2093,0.8093061926703266,0.4134653970334086,0.0012133226887916515,0.049508503654676864,3.1952591842523304,2.411914008932146,2.2269920715105282,0.18492193742161758,1.6137785212363367,0.9682671127418019,0.6455114084945348,0.07418231307125549,0.051166105565933664,0.06495581001973968,1.2119791128231445,0.16220185087960784,0.008677708101901382,0.8197659264646121,0.4159764696572924,-0.0031339072111961075,0.0501483685084049,3.269862800286429,2.4701946233241614,2.288997666275179,0.18119695704898228,1.6347752233520823,0.9808651340112495,0.6539100893408327,0.07283009610316868,0.05002057027551854,0.06374636297302409,1.220232368629635,0.15768906888153592,0.00876373194297741
2094,0.8093083721341229,0.4134155339196331,0.0011853503963657752,0.04950863672778741,3.196148369663648,2.412404088832277,2.2275912250755874,0.18481286375668976,1.6142619076467684,0.9685571445880609,0.6457047630587075,0.07415761299740282,0.05114518081277508,0.06493209096966611,1.212128557023533,0.16219357668092177,0.008677265343490378,0.8197691687989513,0.41592684871216773,-0.0031600893679435763,0.050148566606524204,3.270763494412335,2.4706994704775345,2.2896129626264576,0.18108650785107694,1.635250886309796,0.9811505317858777,0.6541003545239183,0.07280567661363704,0.049999883220339825,0.06372295675535575,1.2203827718487748,0.1576810397582272,0.008763289400204743
2095,0.8093104216207154,0.41337059175390756,0.0011486115415505899,0.04950876180151549,3.1969505728853247,2.412846603637217,2.2281321380999755,0.1847144655372416,1.6146973913089158,0.9688184347853493,0.6458789565235664,0.07413533118557564,0.05112630469867147,0.06491069743058808,1.2122634114073068,0.16218652795429314,0.00867686666600912,0.8197723373468362,0.4158821692826563,-0.0031953086283651316,0.05014876014127451,3.2715771066158346,2.471156151196606,2.2901693277526705,0.18098682344393546,1.6356796314386066,0.9814077788631641,0.6542718525754425,0.07278363048523227,0.04998120676626425,0.06370183003066315,1.2205185990130152,0.15767422163495823,0.008762892281905913
2096,0.8093047280805662,0.4133274793635694,0.0011015605875316498,0.049508413165409174,3.1976383631019685,2.4132112454227013,2.228584521200668,0.1846267242220333,1.6150897365021675,0.9690538419013004,0.6460358946008671,0.07411585318298786,0.05110980384128119,0.06489190550887236,1.2123813288076002,0.1621795906317679,0.008676437783533816,0.8197677674954825,0.41583931482545444,-0.003241036093725544,0.05014848024796826,3.272275850931179,2.4715340600268054,2.290636169472711,0.1808978905540943,1.636066135764113,0.9816396814584679,0.6544264543056452,0.07276432457571799,0.04996485169811757,0.06368324393799885,1.220637576179696,0.15766753081750617,0.008762465887942024
2097,0.8092965285492705,0.4132914926996948,0.0010466104671668502,0.04950791121104466,3.1981972475142166,2.4134886985327157,2.228932222433378,0.18455647609933806,1.6154417084680643,0.9692650250808386,0.6461766833872258,0.07410044792851875,0.051096753226573144,0.06487687554957981,1.2124746116366003,0.16217394291374895,0.008676058873146314,0.8197607751977045,0.41580361180968994,-0.003294827312867718,0.05014805214596124,3.272845014625743,2.471823761433038,2.290997169213664,0.18082659221937428,1.6364130756867983,0.981847845412079,0.6545652302747192,0.07274901039324431,0.04995187823536604,0.06366834396767754,1.2207319750664634,0.1576621221902012,0.00876209158382927
2098,0.8092913659017998,0.41326647279450623,0.0009869854499228586,0.049507595035044705,3.198632791935283,2.4136858494319045,2.229178685936616,0.18450716349528842,1.615756843331112,0.9694541059986672,0.6463027373324448,0.0740896043453577,0.0510875670475215,0.06486607013109924,1.212540283666418,0.16217059733170314,0.008675798652606067,0.8197569698389784,0.4157789245481399,-0.0033534316557662924,0.05014781900065472,3.2732902399721984,2.4720322682986433,2.291255886077603,0.18077638222104042,1.6367239231576591,0.9820343538945956,0.6546895692630635,0.0727381726970079,0.04994269704344298,0.06365758923372203,1.220798791820135,0.15765898500327993,0.008761838869685255
2099,0.8092900960352793,0.41325169712792675,0.0009244041717569179,0.04950751700801838,3.1989633929217525,2.413816225526788,2.229339733614736,0.18447649191205212,1.6160394321783607,0.9696236593070163,0.6464157728713443,0.07408276045835288,0.05108176922492892,0.06485897794010577,1.2125817371370582,0.16216945523743043,0.008675655718808016,0.8197572104295371,0.4157645271710732,-0.003415099418832515,0.0501478333731596,3.2736301825643443,2.4721733618665187,2.291428427678531,0.1807449341879878,1.6370029248096885,0.9822017548858132,0.6548011699238753,0.07273125807992048,0.049936839301615826,0.06365047624378431,1.220841426962199,0.1576580212882754,0.008761706140054861
2100,0.809290239548766,0.4132428355458723,0.0008607973113150397,0.0495075254648978,3.199220308707068,2.413901512374067,2.2294442038065196,0.18445730856754713,1.6162935081675807,0.9697761049005483,0.6465174032670323,0.07407843184172451,0.05107810222235204,0.06485424130773171,1.212607957523288,0.16216945600229687,0.008675575461488765,0.8197589662525311,0.41575606440422797,-0.0034778482671332656,0.050147940459275425,3.2738965044440955,2.4722690876243356,2.291544059795319,0.18072502782901667,1.6372540744146271,0.9823524446487764,0.6549016297658508,0.07272680361822739,0.04993306568895628,0.0636456664741546,1.2208688949983983,0.15765819296945974,0.008761637740095318
2101,0.8092942920747092,0.41323811047690207,0.0007989386782277369,0.04950777307634842,3.1994478365653944,2.4139781327352976,2.2295345134090487,0.18444361932624906,1.616522205260576,0.9699133231563456,0.6466088821042305,0.07407514007370224,0.05107531358966485,0.06485054502481993,1.212627898246161,0.16217048860309843,0.008675556700984067,0.819764710268732,0.4157517451973894,-0.003538896655787216,0.05014829154280669,3.2741340136664596,2.472356339431885,2.291645737532257,0.18071060189962762,1.637480460223671,0.9824882761342026,0.6549921840894684,0.0727233591115914,0.04993014766322319,0.06364186919922311,1.2208901363503988,0.1576593819770509,0.008761631727828399
2102,0.8093061784223617,0.4132368066501815,0.0007410836695665168,0.04950849993257829,3.199690456518014,2.414083620835273,2.229653150628338,0.18443047020693507,1.6167288431494604,0.9700373058896761,0.6466915372597843,0.07407156795389597,0.05107228745599235,0.06484672715057775,1.2126495382405642,0.16217294622477466,0.008675616616009522,0.8197783442907534,0.41575084200219525,-0.003596017473910071,0.050149125307206346,3.2743876207628264,2.472473051532963,2.291776407009796,0.18069664452316686,1.6376853562550506,0.9826112137530304,0.6550741425020202,0.0727196358643302,0.04992699350140352,0.06363794705886601,1.2209130977077112,0.15766195570179478,0.008761704583751116
2103,0.809328777949286,0.41323738160599244,0.0006887362644386469,0.049509882167557584,3.1999934637465057,2.4142551844302944,2.2298431470351137,0.18441203739518056,1.6169171945189869,0.9701503167113918,0.646766877807595,0.07406625638446165,0.051067787741539625,0.06484149025615107,1.2126817177322666,0.16217700414583414,0.00867575848700234,0.8198026938440464,0.4157517884101384,-0.003647749108252385,0.050150614593393775,3.2747029746689926,2.4726567511335356,2.2919794809763747,0.180677270157161,1.6378724894876961,0.9827234936926177,0.6551489957950785,0.07271420587388314,0.049922393466179486,0.06363262946161705,1.220946586616757,0.15766606539202416,0.008761858548533364
2104,0.8093630631757699,0.41324041104140935,0.0006421192071987339,0.04951197926361783,3.200361006395497,2.414494979914829,2.23010626800133,0.18438871191349918,1.6170912306569454,0.9702547383941669,0.6468364922627785,0.07405924415831533,0.05106184730985998,0.06483486205884084,1.2127242038729165,0.16218333976577448,0.008675993456872217,0.8198386833275566,0.41575514866481456,-0.003693919565716554,0.05015281594001153,3.2750838895421386,2.4729093107746802,2.2922564219574975,0.1806528888171828,1.6380457793077356,0.9828274675846413,0.6552183117230943,0.07270711505796285,0.04991638645690048,0.06362595052915664,1.2209903221230378,0.15767235224197595,0.00876210438447947
2105,0.8094049802340323,0.4132456075112887,0.0005992102010450515,0.04951454323977636,3.200763417315134,2.414773988393789,2.2304105851792912,0.18436340321449776,1.6172547202264052,0.9703528321358427,0.6469018880905625,0.07405139505675083,0.051055197916269765,0.06482757404031111,1.2127717651622212,0.1621917378181548,0.008676294384429389,0.819882201024314,0.41576062696650223,-0.0037365607225464115,0.0501554778273729,3.275499917219768,2.473201030834754,2.292574554394284,0.1806264764404697,1.6382089380424738,0.9829253628254843,0.6552835752169895,0.07269921586912281,0.049909694631701224,0.06361863273766047,1.2210390484400744,0.15768060119109376,0.008762414820089904
2106,0.8094533960585302,0.41325167493680315,0.0005605540544486726,0.04951750481205821,3.2012074908603902,2.4150956532751127,2.2307613443100482,0.18433430896506445,1.6174102442505711,0.9704461465503422,0.6469640977002289,0.07404236197044299,0.0510475455059013,0.06481929937149611,1.2128265068132693,0.1622012690440229,0.008676642546501183,0.8199320713180621,0.41576691869571336,-0.0037751010579090277,0.05015852836868047,3.2759576781776114,2.47353522343733,2.2929389875117576,0.18059623592557253,1.6383644844430894,0.9830186906658537,0.6553457937772357,0.07269017142939815,0.049902032603246355,0.06361035858276062,1.2210948455278918,0.15768991180751865,0.008762770680258321
2107,0.8095063997433276,0.41325674273171165,0.0005278388537384299,0.04952074709021281,3.201699659055592,2.4154627872286225,2.23116371963326,0.18429906759536258,1.6175598990372202,0.9705359394223316,0.6470239596148886,0.0740317120383012,0.051038523378981654,0.06480963092402409,1.2128910550868852,0.16221121702637173,0.008677009253113776,0.8199863368762622,0.4157721431956308,-0.003807826252067048,0.0501618478336089,3.2764634472197343,2.4739145846854504,2.2933547770622984,0.1805598076231521,1.6385144502623927,0.9831086701574357,0.655405780104957,0.07267955948682439,0.04989304265932094,0.06360073063206392,1.2211603214103413,0.1576995857236065,0.008763142756198106
2108,0.8095629245889958,0.4132607271277121,0.00050318013414824,0.049524204820579044,3.2022325281159385,2.4158678408360084,2.2316094146666408,0.18425842616936738,1.6177051890821637,0.9706231134492977,0.6470820756328659,0.07401966900768664,0.05102832108386328,0.06479875623986436,1.212964057670545,0.16222140051210174,0.00867738727933375,0.8200439175810805,0.41577622146420773,-0.003832591413564304,0.05016537014767645,3.2770095284499967,2.474331334347269,2.293813364883153,0.18051796946411555,1.6386602726114061,0.9831961635668438,0.6554641090445623,0.07266760373344644,0.04988291430141599,0.0635899369028388,1.2212340996730235,0.15770944784130933,0.008763523863033317
2109,0.8096260273440424,0.41326383672882633,0.0004903696323564494,0.0495280649981215,3.202830982906063,2.416332800149456,2.2321226298510153,0.18421017029844108,1.6178472550917464,0.9707083530550474,0.647138902036699,0.07400557914687513,0.051016384809450546,0.0647861079220772,1.2130494824002622,0.16223173762363147,0.008677796989436843,0.820107877175926,0.415779365723742,-0.003845577758073024,0.05016928273380096,3.2776210435343316,2.47480770936147,2.2943392262144426,0.18046848314702776,1.6388030288664814,0.9832818173198891,0.6555212115465924,0.07265366657884248,0.049871107392596176,0.06357742401716701,1.221320119824039,0.15771942008122733,0.008763934218306284
2110,0.8096991833628655,0.41326667337194795,0.0004919231945573616,0.04953254020173606,3.203519280425001,2.416879205286025,2.232726639394173,0.18415256589185158,1.61798773505138,0.9707926410308277,0.6471950940205523,0.07398887630383828,0.05100223493809075,0.06477119797826528,1.2131507697205444,0.16224274736234992,0.0086782648685003,0.8201816904117358,0.4157821749031133,-0.0038442874588578285,0.05017379813392826,3.278322467098365,2.475365472865061,2.2949558862493538,0.18040958661570736,1.6389443014150187,0.9833665808490114,0.6555777205660073,0.07263719593261192,0.04985715422756547,0.06356271607514027,1.2214217972070294,0.15772999901651552,0.008764400083921356
2111,0.8097790477930029,0.41326991396176843,0.0005058237796322362,0.049537425785221176,3.2042617293841578,2.4174744300235687,2.233384450452869,0.18408997957069964,1.618128798218815,0.9708772789312887,0.6472515192875263,0.07397071595921392,0.05098685033921033,0.0647550289186209,1.2132609206464382,0.16225489378035932,0.008678776891530706,0.8202619881013609,0.4157853228568722,-0.003830759401765277,0.050178710213227215,3.279077447216918,2.475971428141751,2.2956257216033995,0.18034570653835136,1.6390862093558642,0.9834517256135188,0.6556344837423455,0.07261932654843661,0.04984201611683774,0.0635467982581313,1.2215321344905914,0.1577416281572107,0.008764907653953428
2112,0.8098560014750062,0.4132728784029141,0.0005264751976771648,0.049542133309483496,3.2049832567834415,2.418049545164446,2.2340202200101213,0.18402932515432469,1.6182717279555343,0.9709630367733203,0.647308691182214,0.07395314535883918,0.05097196534421465,0.06473936065828131,1.2133675194990297,0.1622674114113956,0.008679268726498756,0.820339112563095,0.41578812850974395,-0.003810560528394298,0.050183428176205275,3.2798097515335045,2.4765556286124655,2.296271759909174,0.1802838687032915,1.63922998604055,0.9835379916243302,0.6556919944162197,0.07260206390644297,0.04982739200985178,0.06353139555820717,1.2216387502078243,0.15775357097407672,0.008765393053315532
2113,0.809921622107749,0.4132743936166745,0.0005490535901036889,0.049546147578906456,3.205623697966253,2.418549661175785,2.234574244693264,0.18397541648252091,1.618415755454982,0.971049453272989,0.6473663021819931,0.07393767571851073,0.050958860184802744,0.06472548925242268,1.2134613924205673,0.1622788365390529,0.008679678779881553,0.8204046298535986,0.41578942822453047,-0.0037884468056097673,0.05018743611522833,3.2804583769389435,2.477062467910309,2.2968334909694748,0.18022897694083384,1.639374809949114,0.9836248859694687,0.6557499239796454,0.07258688701744263,0.04981453485574196,0.06351777725921944,1.221732504299188,0.15776442593157514,0.008765795221164847
2114,0.8099718223470389,0.4132731027964584,0.0005707661775760514,0.04954921858213155,3.2061618169548667,2.4189556112977444,2.2350267143562466,0.18392889694149764,1.6185585043310335,0.9711351025986199,0.6474234017324136,0.07392465807602397,0.05094783224385944,0.06471370881048302,1.2135404008921866,0.16228785676762586,0.008679969958901877,0.8204544703282227,0.4157878800310686,-0.003767155127339411,0.050190485101782784,3.281001899696219,2.47747265179487,2.2972909467412657,0.18018170505360442,1.639518254924922,0.9837109529549535,0.6558073019699686,0.07257413703606996,0.049803733664839,0.06350622952994105,1.2218112809492019,0.15777293889395944,0.008766077428228894
2115,0.810007650598924,0.4132688283766148,0.0005913690234587571,0.04955141046343099,3.2066070213077738,2.4192772836340004,2.235388810287371,0.1838884733466295,1.618697018367338,0.9712182110204026,0.6474788073469353,0.07391374629279998,0.05093858828888813,0.06470372722682534,1.2136066385938724,0.16229402853875194,0.00868014698554506,0.8204897345929855,0.41578332840235477,-0.0037469045386190197,0.05019264247342675,3.281450035974592,2.477796390123571,2.2976556418757474,0.18014074824782342,1.6396573234980745,0.9837943940988448,0.6558629293992296,0.07256347332504066,0.04979469986508707,0.06349646511371741,1.221877177669243,0.15777869419657853,0.008766244796015532
2116,0.8100310478996733,0.4132614411927358,0.000611455302957413,0.04955284195330871,3.206976244775156,2.4195311147143164,2.235678936784923,0.18385217792939348,1.6188288466503888,0.9712973079902332,0.6475315386601557,0.07390439782983454,0.05093066870609128,0.06469508116638042,1.2136633940327288,0.16229735534040798,0.008680220405115298,0.8205124169987535,0.4157756612319882,-0.0037270935681191428,0.050194030222088445,3.2818201830907587,2.47805056786456,2.29794646025064,0.18010410761392015,1.6397895380668641,0.9838737228401188,0.6559158152267454,0.0725543610088168,0.0497869803348207,0.06348802723242693,1.2219334948887228,0.15778170316227697,0.008766308162393582
2117,0.8100458149790791,0.4132515640160291,0.0006325948516322163,0.04955374553776716,3.2072942402143068,2.4197409775907612,2.235922937275136,0.18381804031562501,1.6189521715652848,0.9713713029391707,0.6475808686261141,0.07389597537852552,0.050923533597278144,0.06468723306731922,1.213714533529922,0.16229826282779192,0.008680218877463975,0.8205263787685272,0.4157655155861345,-0.003706153598031524,0.05019488453434711,3.282137698466779,2.4782596234835883,2.2981898578708218,0.18006976561276652,1.6399130676599285,0.9839478405959573,0.6559652270639712,0.07254617205807319,0.049780043036820695,0.06348038604074155,1.2219841112075867,0.15778238315220283,0.008766296464620026
2118,0.8100556059999184,0.4132404513618365,0.0006561267491141873,0.04955434472660928,3.2075776798821636,2.4199235869596163,2.2361380094394203,0.18378557752019598,1.6190661174045722,0.9714396704427432,0.647626446961829,0.07388818372175843,0.05091693286824712,0.06467994692005119,1.213761848003111,0.162297552950669,0.008680175969794405,0.8205353279702198,0.415754155585686,-0.003682758628372071,0.05019543221755689,3.282419730214555,2.4784407093741563,2.29840350822597,0.1800372011481861,1.640027036647641,0.9840162219885848,0.6560108146590562,0.0725386138463808,0.04977364007159366,0.06347330741798292,1.222030833782255,0.15778151228174264,0.008766243580844572
2119,0.8100608820061017,0.41322966805362416,0.0006816862176251548,0.04955466769449619,3.207812273315563,2.4200676550532703,2.236309897197104,0.18375775785616627,1.6191706268640986,0.971502376118459,0.6476682507456396,0.07388166574749533,0.050911411143763095,0.06467380069524517,1.2138014318175494,0.16229603829513745,0.008680108830294605,0.8205397652875202,0.41574315401490103,-0.0036572802307356794,0.050195703871299985,3.282651996021562,2.478582547092916,2.2985731568754093,0.18000939021750698,1.6401313985769208,0.9840788391461527,0.6560525594307681,0.07253231335689882,0.04976830259009562,0.0634673555253677,1.222069785082561,0.1577798789243359,0.008766167189172162
2120,0.8100593890209853,0.4132199481426918,0.0007066478217812242,0.04955457654566456,3.2079698184615064,2.420148501756728,2.236410374114161,0.1837381276425668,1.6192657405789088,0.9715594443473452,0.6477062962315636,0.07387733235123346,0.050907740092103124,0.06466959309648863,1.2138277505077115,0.16229392682227642,0.008680010605212767,0.8205374595742059,0.41573324865194317,-0.0036323383286926414,0.05019556299651354,3.282806103698296,2.478660279521487,2.298670376632256,0.17998990288923103,1.6402262117767328,0.9841357270660399,0.6560904847106929,0.07252815862277717,0.049764782892686876,0.0634633094593042,1.2220954725306212,0.15777768857505356,0.008766060916845215
2121,0.8100484252613182,0.41321142476356715,0.0007275407705904513,0.04955390600500059,3.208024952085438,2.4201436550924322,2.2364143254903093,0.183729329602123,1.619351044325215,0.971610626595129,0.6477404177300861,0.07387591429488066,0.050906538780749785,0.06466796030887959,1.2138363633226201,0.16229100689488402,0.008679866224422031,0.8205257293525378,0.41572457667207935,-0.0036113914395868724,0.050194845560336314,3.2828565467359723,2.4786512986541993,2.2986698972276316,0.17998140142656777,1.6403110825139005,0.9841866495083406,0.6561244330055599,0.07252686062647515,0.04976368329062161,0.06346178848974235,1.2221034979204966,0.15777474335960223,0.008765910100908783
2122,0.8100276637195453,0.41320406149588385,0.0007425984503655614,0.049552636077930326,3.2079746974355356,2.420050893183523,2.236319322468561,0.18373157071496202,1.6194256249449575,0.9716553749669744,0.647770249977983,0.07387747466296943,0.05090786065198341,0.06466895957437277,1.2138268861200066,0.1622870571535347,0.008679673383900103,0.8205042721879086,0.41571710584922883,-0.0035961939795192965,0.05019353307148797,3.2828005042076724,2.4785535148401743,2.298569432127861,0.17998408271231295,1.640385120133018,0.9842310720798111,0.6561540480532069,0.07252847693435374,0.049765052551442035,0.06346284501766665,1.222093504413731,0.15777083537301026,0.008765712643958368
2123,0.8099944031001094,0.4131972494368256,0.0007496503927647905,0.04955060151899643,3.2078020891242947,2.4198548259967865,2.2361089320076726,0.18374589398911412,1.6194885951943707,0.9716931571166223,0.6477954380777484,0.07388238578087467,0.05091202112253557,0.06467290826833438,1.213797058788864,0.1622818546691767,0.008679410193865958,0.8204703998334065,0.4157102317380902,-0.0035889028704634077,0.05019146108275878,3.282620942745466,2.478351467668154,2.2983524652110865,0.17999900245706735,1.640447462557298,0.9842684775343792,0.6561789850229188,0.0725333681105482,0.049769196128304785,0.06346678642455114,1.2220632639985243,0.15776575296649745,0.00876544690144735
2124,0.8099499663669897,0.4131903095188967,0.0007480916315256506,0.04954788327598538,3.20752579706474,2.419572309925324,2.2358026272877667,0.1837696826375574,1.6195386162949557,0.9717231697769733,0.6478154465179824,0.07388999347193093,0.050918466004377154,0.06467923516979052,1.213750857819305,0.1622750691911478,0.008679078392187938,0.8204254639347365,0.41570328090297715,-0.003590114128407637,0.05018871229656346,3.28233699078203,2.4780624181107287,2.29803891302108,0.1800235050896488,1.6404967962682495,0.9842980777609501,0.6561987185072994,0.07254088900585398,0.04977556748082558,0.06347304907742901,1.2220167688029084,0.15775918186923635,0.008765114611199321
2125,0.8099011612068346,0.41318324825345837,0.0007400833431818327,0.049544897804258345,3.2072045311082986,2.4192566980209858,2.2354596823449837,0.1837970156760022,1.619574747938858,0.9717448487633147,0.6478298991755433,0.07389862165409163,0.05092577539879423,0.06468649167203544,1.213698465070513,0.1622670500957148,0.008678719102645113,0.8203763110740139,0.41569626259485176,-0.003597693488957089,0.05018570554759879,3.282008342843329,2.477740592753718,2.2976890171863054,0.18005157556741255,1.640532209428372,0.9843193256570237,0.6562128837713483,0.07254939504619806,0.049782773402379445,0.06348021083907068,1.2219641889073516,0.1577514593985353,0.008764756583779596
2126,0.809855215722338,0.4131767334470565,0.0007284191782765126,0.04954208725438616,3.2068938055633898,2.4189583332880398,2.2351353023315865,0.18382303095645347,1.6195975053863392,0.9717585032318033,0.6478390021545358,0.0739068096799016,0.050932711913233494,0.06469341969734571,1.2136487505670877,0.16225884911619673,0.008678382065976252,0.8203301918686283,0.41568984037882384,-0.0036089055443503243,0.05018288436363766,3.2816913539809414,2.477437069051446,2.297358803560738,0.18007826549070793,1.6405542507003377,0.9843325504202032,0.6562217002801345,0.07255745475786315,0.049789601215046234,0.06348703802613065,1.2219143734639135,0.15774359383229844,0.00876442215807887
2127,0.8098134979011912,0.4131712308712683,0.0007134634262195433,0.04953953528744441,3.206601248017475,2.41868350869161,2.2348359692221713,0.18384753946943855,1.6196087979921732,0.9717652787953037,0.6478435191968694,0.07391444502280939,0.05093918022043693,0.06469992150740327,1.2136023965578309,0.16225134568088856,0.00867807981423876,0.8202884657827746,0.41568447119770335,-0.0036234310739538533,0.05018033188428732,3.2813937457113034,2.4771581971359815,2.2970548273088847,0.18010336982709702,1.6405648640040298,0.9843389184024185,0.6562259456016113,0.07256495761633885,0.04979595728760393,0.06349343440559296,1.221868004610641,0.15773642515704825,0.008764123695174082
2128,0.8097769417907748,0.41316704371286045,0.0006953185909339896,0.04953729904273983,3.206332650982064,2.418436660704245,2.2345662803181474,0.18387038038609765,1.6196106177731942,0.9717663706639164,0.6478442471092778,0.07392144353284849,0.05094510903246882,0.06470592149375776,1.213559912831698,0.16224482224137576,0.008677820769523727,0.8202520562395513,0.4156804494388373,-0.003641183872844081,0.0501781045989827,3.2811213714816567,2.4769084437688864,2.2967817290255472,0.18012671474333916,1.6405660707601815,0.9843396424561095,0.656226428304072,0.07257182080276646,0.049801771459769384,0.06349932536597071,1.22182559307861,0.15773022124031927,0.00876386944352321
2129,0.8097462552736688,0.4131643530391178,0.0006743806333521507,0.04953542182650718,3.206093253559131,2.4182216140283583,2.2343302869467134,0.1838913270816451,1.6196049443540297,0.9717629666124177,0.647841977741612,0.07392771777731934,0.05095042428041474,0.0647113396143145,1.213521829003986,0.16223944338817614,0.008677610868887952,0.820221656690746,0.4156779476027306,-0.0036617771245318342,0.050176244931177144,3.2808794933598393,2.476691632733286,2.2965435684005944,0.18014806433269137,1.6405598749320738,0.9843359249592448,0.656223949972829,0.07257795893045231,0.0498069713959092,0.06350463252700883,1.2217876653712199,0.15772513678929345,0.008763665144881968
2130,0.809721974108192,0.41316324215416217,0.0006513599603139644,0.04953393641665859,3.2058879018384725,2.4180417737225133,2.2341316812544565,0.18391009246805656,1.6195937009733605,0.9717562205840161,0.6478374803893444,0.07393317550588027,0.05095504781407804,0.0647160905376668,1.213488703870496,0.16223531726891996,0.00867745411384689,0.8201977849791516,0.41567704060797883,-0.003684505822976636,0.050174784562815516,3.2806729463278104,2.4765111405536326,2.2963440150616004,0.1801671254920323,1.6405482187770157,0.98432893126621,0.6562192875108057,0.07258328252287391,0.04981148129567725,0.06350927288564268,1.2217547732084038,0.15772127187934998,0.008763514584707545
2131,0.8097044492977978,0.41316370964046334,0.0006271788770994963,0.049532864289693106,3.205720769570666,2.4178999022088377,2.2339735341520686,0.18392636805676915,1.619578725697663,0.9717472354185975,0.6478314902790655,0.07393772910101336,0.05095890540797483,0.06472009210046074,1.2134610680991649,0.1622325064769117,0.008677352613603776,0.8201807712261281,0.4156777188743729,-0.003708450441121877,0.05017374369294844,3.2805058592339944,2.47636967388464,2.296186086896907,0.18018358698773299,1.6405329538951445,0.9843197723370873,0.6562131815580572,0.07258770717798646,0.049815229657588805,0.06351316702515405,1.2217274369560644,0.15771868245493326,0.00876341964206448
2132,0.8096938232371184,0.41316567989623,0.0006028390852541865,0.04953221416127465,3.2055950105848057,2.417797832191662,2.2338579647923322,0.18393986739932983,1.6195617429874563,0.9717370457924734,0.6478246971949828,0.07394130658928977,0.050961936089565424,0.06472327508234821,1.2134393574777955,0.16223102916585588,0.008677306537471972,0.8201707346619052,0.41567989901207153,-0.003732610175109244,0.05017312962017059,3.280381307106269,2.4762689825094824,2.2960718194557552,0.18019716305372713,1.6405158127508557,0.984309487650514,0.6562063251003417,0.07259116426046042,0.04981815833698659,0.06351624861574147,1.2217060796428378,0.15771738153666778,0.008763380251272813
2133,0.8096900166618786,0.4131690091675557,0.0005793014945875141,0.049531981187820595,3.2055125567909646,2.417736307201646,2.2337859567892844,0.18395035041236182,1.6195443333361343,0.9717266000016803,0.647817733334454,0.07394385780222018,0.05096409735844026,0.06472558872630452,1.2134238756097933,0.16223085730491968,0.00867731409115807,0.8201675713786526,0.415683430043271,-0.0037560236683683162,0.05017293599334442,3.2803011116315774,2.476209702248085,2.296002084586686,0.18020761766139867,1.640498378408151,0.9842990270448911,0.6561993513632599,0.07259360683249456,0.04982022757034969,0.06351846973644429,1.2216909904031532,0.15771733769859583,0.008763394386831358
2134,0.809692745533631,0.41317349169943346,0.0005574149622682573,0.049532147999289095,3.2054741758132015,2.4177150556944946,2.2337574338122637,0.18395762188223086,1.6195279033348968,0.9717167420009378,0.647811161333959,0.0739453531958372,0.050965364186324975,0.06472699990059591,1.213414801147795,0.16223191693977215,0.00867737167488689,0.8201709721370499,0.41568809973771415,-0.0037778406014388893,0.05017314390077987,3.2802659053299563,2.476191434990998,2.295976672424116,0.1802147625668818,1.6404820548430665,0.9842892329058405,0.6561928219372261,0.07259500838587378,0.04982141490115177,0.06351979995857271,1.2216823323782355,0.15771847547170137,0.008763458228354152
2135,0.8097015707482728,0.41317887577623924,0.0005379008325733584,0.04953268773979454,3.2054797029414135,2.4177330283462712,2.2337715056765335,0.18396152266973784,1.6195136621081334,0.9717081972648798,0.6478054648432536,0.0739457793422793,0.050965725197760145,0.06472748948887941,1.2134122151967048,0.16223409515136902,0.008677474330461947,0.8201804731199028,0.41569365083034554,-0.0037973373637204544,0.050173724974782466,3.2802753726065133,2.4762129941396465,2.2959945463348106,0.18021844780483587,1.6404680437861698,0.9842808262717024,0.6561872175144674,0.07259535832318506,0.04982171135175767,0.0635202227203477,1.2216801706727711,0.15772068219201024,0.008763566613988196
2136,0.8097159563859722,0.4131848872624794,0.0005213665034873999,0.049533567630616726,3.2055282672848397,2.4177886308834395,2.233826701256655,0.1839619296267844,1.6195026100469747,0.9717015660281846,0.6478010440187901,0.07394513593499928,0.05096518013305325,0.06472705014990221,1.2134161195076236,0.16223725216864845,0.008677616308750745,0.8201955151915317,0.41569980469282003,-0.003813903647428056,0.05017464501641583,3.2803284847403784,2.476272645206462,2.2960540843214576,0.1802185608850041,1.6404573340315336,0.9842744004189207,0.6561829336126129,0.07259465892762126,0.04982111885638216,0.06351973304816838,1.221684491091817,0.1577238197910163,0.008763713614132848
2137,0.8097353078723609,0.4131912529939783,0.0005083158341820521,0.049534751304284586,3.205618352251228,2.417879800759171,2.2339210280595454,0.18395877269962554,1.6194955403194717,0.9716973241916829,0.6477982161277889,0.07394343767787566,0.05096374144864593,0.06472568826209957,1.2134264250165199,0.16224123399388873,0.008677791514579442,0.8202154828569233,0.4157062847806259,-0.0038270321481393976,0.05017586637839755,3.280423566394504,2.476368187585225,2.2961531441944913,0.18021504339073377,1.6404507036666867,0.9842704222000125,0.6561802814666742,0.07259292711637902,0.04981965174648696,0.06351833937748906,1.221695189308984,0.15772773704783113,0.008763892982272644
2138,0.8097589773932872,0.41319771991517196,0.0004991419354433424,0.0495361991355256,3.205747624773246,2.418003867468552,2.234051796056048,0.18395207141250355,1.6194930478619969,0.971695828717198,0.6477972191447989,0.07394072219831609,0.05096144102072696,0.06472343100378823,1.2134429038067507,0.1622458819246464,0.008677993714988669,0.8202397102175074,0.41571283577259327,-0.00383632578088898,0.05017734832914864,3.280558126939991,2.476496816320595,2.296288889017149,0.18020792730344615,1.6404487298714028,0.9842692379228422,0.6561794919485606,0.07259020209859604,0.04981734323822897,0.0635160704088702,1.2217120235388834,0.15773227883158022,0.008764098369186514
2139,0.8097862450870862,0.4132040693779881,0.000494103644073457,0.04953786709062524,3.2059126099377044,2.418157268857039,2.234215286805032,0.18394198205200718,1.6194955385544545,0.9716973231326725,0.647798215421782,0.07393706159489966,0.05095833992785748,0.06472033651634498,1.2134651189817096,0.16225103743044803,0.008678216556991757,0.8202674625396046,0.41571923786995896,-0.0038415210884296946,0.05017904592516467,3.280728534348509,2.476654837302798,2.2964574549918497,0.1801973823109486,1.6404517989277643,0.984271079356659,0.6561807195711052,0.07258655660535379,0.049814254945995895,0.06351298499539194,1.2217345451092925,0.1577372908717682,0.008764323346893733
2140,0.8098162983745602,0.4132101244853387,0.0004932968627499035,0.049539705463063397,3.206108427559527,2.4183353188488077,2.234406487329671,0.18392883151913667,1.6195032337164266,0.9717019402298558,0.6478012934865708,0.07393257107193307,0.05095453576576511,0.06471650146718422,1.213492372167087,0.16225654251189386,0.008678453510451382,0.8202979158844198,0.41572531414954395,-0.0038425167162331533,0.050180908765003265,3.2809297513844635,2.476837434215542,2.2966536844587178,0.18018374975682414,1.640460111542909,0.9842760669257459,0.6561840446171631,0.07258210527609976,0.04981048398699296,0.06350917949023482,1.2217620465526202,0.15774262017688645,0.008764561356361517
2141,0.8098482312538559,0.41321575231481006,0.0004966351334207766,0.04954165883057485,3.2063287595234553,2.4185321802937807,2.2346190575116376,0.1839131227821433,1.6195161700196963,0.9717097020118176,0.6478064680078787,0.07392741016108342,0.050950163682254496,0.06471206213889277,1.2135236959536293,0.16226223876354234,0.00867869788466596,0.8203301566951479,0.4157309328050863,-0.0038393927208398015,0.05018288096422589,3.2811553052961764,2.477038643080829,2.2968710951568747,0.18016754792395437,1.640473683565502,0.9842842101393017,0.6561894734262004,0.07257700579668179,0.04980616394533255,0.06350478876087157,1.2217935544323009,0.15774811418970128,0.008764805726427785
2142,0.8098810811785262,0.41322086665518826,0.0005038558517022063,0.04954366831131722,3.2065661384495994,2.4187411275831363,2.2348456188885013,0.18389550869463483,1.6195341992684973,0.9717205195610982,0.6478136797073991,0.07392177491131127,0.05094538976088191,0.06470718770217626,1.2135579011330273,0.1622679692305924,0.00867894307659323,0.8203632190097714,0.4157360098983774,-0.0038324043998080176,0.05018490343203946,3.281397582770876,2.477251620127091,2.297102174842087,0.18014944528500432,1.6404923465479815,0.9842954079287892,0.6561969386191923,0.07257145120927148,0.04980145835735933,0.06349997955962017,1.2218278766923218,0.15775362260743137,0.008765049921512492
2143,0.8099139111966082,0.4132254353456002,0.000514557407069613,0.0495456765887258,3.2068125815490376,2.4189551204787154,2.235078384202626,0.18387673627608958,1.619556995577353,0.9717341973464116,0.6478227982309414,0.07391588113930309,0.05094039683150123,0.06470206578113788,1.2135936782153716,0.1622735858926695,0.008679183134420232,0.8203961669391236,0.41574051666371337,-0.0038219454579375423,0.050186918916889575,3.2816484742038274,2.477469224540373,2.2973390207867443,0.18013020375362865,1.6405157556951377,0.984309453417083,0.6562063022780548,0.0725656534844943,0.04979654679472323,0.06349493635653024,1.2218637040194245,0.15775900457597392,0.008765288101196408
2144,0.8099459246866194,0.41322949474314224,0.0005282560267312678,0.04954763493028425,3.2070604350061647,2.4191675659608256,2.235309988050801,0.18385757791002436,1.6195840782589392,0.9717504469553634,0.6478336313035759,0.07390994309738025,0.05093536639870891,0.0646968840901127,1.2136297268311005,0.16227896404008035,0.00867941358305885,0.8204282096073602,0.4157444938324603,-0.00380849181831789,0.050188879037736916,3.28190023039162,2.477684790839743,2.29757418228355,0.18011060855619315,1.6405434135134487,0.9843260481080696,0.6562173654053791,0.07255982262317404,0.04979160716034982,0.06348984333735465,1.221899738897632,0.1577641424562506,0.00876551593834896
2145,0.809976589229638,0.4132331738245723,0.0005444479496256802,0.049549510765046066,3.207303198258755,2.4193730603263193,2.235534285036534,0.1838387752897852,1.6196148553703689,0.9717689132222213,0.6478459421481476,0.07390415456573288,0.050930462624064574,0.0646918142280753,1.2136648705069344,0.16228402253788185,0.008679632392883583,0.820458824947265,0.41574807544393644,-0.003792540398843039,0.05019075185688106,3.2821462974304687,2.477892879852938,2.297801468980323,0.18009141087261488,1.6405747140835758,0.9843448284501458,0.65622988563343,0.07255414815356394,0.049786800013755614,0.06348486853279248,1.2219348099495548,0.15776896119387718,0.00876573157826518
2146,0.8100057564723151,0.4132367301202617,0.0004944667999208091,0.049551295015878405,3.2075361877736155,2.419567987471038,2.2357469751660597,0.18382101230497858,1.6196486876792597,0.9717892126075558,0.6478594750717039,0.07389867667368756,0.050925822008835595,0.0646870013898446,1.2136981306691994,0.16228874758033507,0.008679841032589716,0.8204878791378457,0.4157515243299283,-0.00384363546354545,0.050192529186178045,3.2823819872280438,2.4780898822736273,2.298016582629241,0.1800732996443864,1.6406090076646709,0.9843654045988028,0.656243603065868,0.07254878724510588,0.04978225850157795,0.06348015376703053,1.221967945464209,0.15777345100045675,0.008765936680655896
2147,0.8099901354408301,0.4132403298875265,0.0004810360828833571,0.04955033939750559,3.207379794264635,2.419411189633885,2.2355688121411568,0.18384237749272792,1.6196849702057967,0.9718109821234779,0.6478739880823188,0.07390427270310967,0.050930562704552707,0.06469177323062665,1.2136641531935877,0.1622877991012223,0.00867977980152065,0.8204722122734603,0.4157551216903981,-0.0038569828097267597,0.050191570758213344,3.282223257262644,2.4779307672842563,2.29783584762718,0.18009491965707616,1.6406456827257732,0.9843874096354642,0.6562582730903089,0.07255427260857575,0.049786905446250154,0.06348483282738784,1.2219340406801888,0.15777254878377014,0.00876587705998105
2148,0.8099765133690082,0.413243397915217,0.00046946295945628214,0.04954950606545229,3.207242985219918,2.4192751399188626,2.2354142850558882,0.18386085486297438,1.619714500273383,0.9718287001640297,0.6478858001093534,0.07390911848047485,0.05093466782163991,0.06469591107516437,1.2136347330474133,0.1622868094322116,0.008679725747280344,0.8204585548258823,0.41575818840815754,-0.003868473525177621,0.05019073525620096,3.282084456513268,2.4777927379217797,2.297679122368535,0.18011361555324484,1.640675556907888,0.9844053341447331,0.6562702227631548,0.0725590217271142,0.04979092867847734,0.0634888894660697,1.221904688585431,0.15777161060728467,0.008765824432979715
2149,0.8099647051717943,0.4132460687365955,0.0004596453594104405,0.04954878369200893,3.2071232194065273,2.419157103327562,2.2352802076546197,0.18387689567294224,1.6197383529198464,0.9718430117519076,0.6478953411679388,0.07391332466410604,0.050938231104678974,0.06469950891878845,1.2136091975798948,0.1622859506512403,0.008679678989895067,0.8204467181116577,0.41576085765339177,-0.0038782206695837373,0.050190011132392326,3.2819629888360615,2.4776730046800997,2.2975431615266957,0.18012984315340402,1.6406997121822757,0.9844198273093657,0.65627988487291,0.07256314329796457,0.049794420281505894,0.06349241604053522,1.2218792165696377,0.15777079693378987,0.008765778923297699
2150,0.8099545096687361,0.41324842615571145,0.00045133786872023074,0.04954815997013231,3.207018321607379,2.4190547023049045,2.235163846410047,0.18389085589485774,1.6197574586622203,0.971854475197332,0.6479029834648883,0.07391698137108545,0.05094132889666833,0.0647026427767653,1.2135869990937223,0.16228521488676723,0.008679639086033256,0.8204364996046097,0.4157632128435887,-0.003886468326261834,0.050189385997432626,3.2818566396244626,2.477569151191489,2.2974251888726345,0.18014396231885466,1.6407190845863795,0.984431450751828,0.6562876338345515,0.07256672572043787,0.049797455143118494,0.0634954871478707,1.221857077713807,0.15777010028254096,0.008765740106719763
2151,0.8099457407336186,0.41325052977646676,0.00044432739487457185,0.04954762351376999,3.2069264509125817,2.418965908289611,2.2350628820747342,0.1839030262148767,1.6197726147297458,0.9718635688378473,0.6479090458918985,0.07392016331738972,0.05094402449350653,0.06470537545290286,1.213567683565634,0.16228459206259388,0.008679605460631,0.8204277120759532,0.4157653134513041,-0.0038934283712048906,0.05018884839782938,3.28176353326821,2.477479114997265,2.2973228476390113,0.1801562673582534,1.6407344760486635,0.9844406856291984,0.6562937904194651,0.07256984234127181,0.04980009539925816,0.06349816447014678,1.2218378182996443,0.15776951105427375,0.008765707425866189
2152,0.8099382253988184,0.41325242278084984,0.0004384275848680619,0.049547163741878945,3.206846003039644,2.418888952647279,2.2349753021975474,0.18391365044973196,1.6197845014034948,0.9718707008420967,0.6479138005613981,0.07392293404292007,0.05094637172324109,0.06470776024801557,1.2135508649470257,0.16228407089949984,0.008679577466972326,0.8204201816484861,0.41576720266101613,-0.0038992860251680223,0.05018838769690258,3.281682034884926,2.4774010977608367,2.297234092369533,0.1801670053913038,1.6407465708589877,0.9844479425153929,0.6562986283435948,0.07257255555930019,0.04980239391131312,0.06350050037785168,1.2218210523930084,0.15776901849152827,0.008765680250285178
2153,0.8099318023173108,0.4132541364199628,0.00043347469163256686,0.049546770784327336,3.206775552985669,2.4188222717485774,2.234899335179924,0.1839229365686538,1.6197936963429092,0.9718762178057453,0.6479174785371639,0.07392534845964421,0.05094841710473574,0.06470984317866958,1.213536209660292,0.16228363937515186,0.008679554418719313,0.8204137462302283,0.4157689118013445,-0.003904203965069554,0.050187993978952475,3.2816106924801045,2.4773335097868108,2.2971571224184326,0.1801763873683782,1.640755950102786,0.9844535700616719,0.6563023800411141,0.07257491930674947,0.04980439636815599,0.06350254009077104,1.2218064464753282,0.15776861112184537,0.008765657908636185
2154,0.8099263213111464,0.4132556932429221,0.00042932458246353056,0.049546435454264626,3.2067138208697026,2.418764472614027,2.2348334085664545,0.18393106404757226,1.6198006871720803,0.971880412303248,0.6479202748688323,0.07392745452205046,0.05095020126280144,0.0647116644246455,1.2135234264332329,0.1622832850681439,0.008679535616888674,0.8204082550441657,0.4157704635422714,-0.003908325304059261,0.05018765802048297,3.2815482023959666,2.4772749352311454,2.2970903397928346,0.18018459543831064,1.640763104338553,0.9844578626031322,0.6563052417354209,0.07257698068009381,0.04980614266772802,0.06350432309138973,1.2217937093404805,0.15776827709108046,0.008765639715830754
2155,0.8099216437266356,0.4132571094959997,0.000425850679673892,0.049546149269841355,3.206659653703523,2.418714312804771,2.234776124073262,0.18393818873150902,1.6198058827171016,0.9718835296302608,0.6479223530868408,0.07392929429779804,0.05095175983520147,0.06471325925029388,1.2135122597812074,0.16228299554518785,0.008679520374063793,0.8204035689669429,0.415771874276307,-0.003911775653336898,0.05018737131091368,3.2814933907744597,2.4772241116548868,2.2970323238263406,0.18019178782854617,1.6407684449135314,0.9844610669481191,0.6563073779654123,0.07257878098857275,0.049807667805294636,0.06350588402737703,1.2217825855969258,0.15776800453670065,0.008765624997345239
2156,0.8099176434991775,0.41325839712967133,0.0004229425579943963,0.04954590451934352,3.206612017307526,2.4186706896258423,2.234726243393095,0.1839444462327475,1.6198096231907186,0.971885773914431,0.6479238492762877,0.0739309046740391,0.05095312407101458,0.06471465860860845,1.2135024857055237,0.16228275880393309,0.00867950803927814,0.8203995615741302,0.415773156110772,-0.003914664537259457,0.05018712611651757,3.2814452052369205,2.477179918963988,2.29698181670758,0.18019810225640787,1.6407723142155668,0.9844633885293405,0.6563089256862263,0.07258035644799096,0.049809002461200305,0.06350725330504983,1.2217728513664592,0.15776778201271036,0.008765613114092189
2157,0.8099142078283329,0.41325956530817526,0.0004205046422382508,0.049545694302484386,3.206569990165289,2.4186326310187463,2.2346826764223997,0.18394995459634644,1.6198121895714823,0.9718873137428892,0.6479248758285931,0.07393231791968122,0.05095432130695769,0.06471588961657734,1.2134939082697562,0.16228256362608295,0.008679498015971558,0.8203961197975146,0.4157743183667135,-0.003917086706545815,0.050186915520625264,3.281402708519928,2.47714137006401,2.2969377114546257,0.18020365860938464,1.6407749951088362,0.9844649970653021,0.6563099980435341,0.07258173873379076,0.04981017346940568,0.06350845755707968,1.2217643108560001,0.1577675988276539,0.008765603480364207
2158,0.8099112373447327,0.4132606216209678,0.0004184549319686953,0.04954551254060871,3.206532755856977,2.418599285314684,2.2346444685489772,0.18395481676570663,1.6198138121800005,0.971888287308,0.6479255248720005,0.0739335622292037,0.05095537542808164,0.06471697601328048,1.2134863562907348,0.1622823999110897,0.00867948977413628,0.820393144073734,0.41577536877970406,-0.003919123424404439,0.05018673343271185,3.2813650706879085,2.477107600378547,2.296899038953435,0.1802085614251122,1.6407767195574554,0.9844660317344737,0.6563106878229817,0.07258295551526407,0.04981120427004737,0.06350952009261421,1.2217567930486046,0.15776744536246615,0.008765595575957819
2159,0.8099086460584853,0.41326157288356696,0.0004167238755040173,0.0495453539735318,3.2064995978931567,2.418569913188423,2.234610790834589,0.18395912235383394,1.619814678430947,0.9718888070585678,0.6479258713723792,0.07393466212201652,0.05095630720608951,0.0647179384901603,1.213479680908348,0.16228225894132126,0.008679482857371185,0.8203905482750262,0.415776314293072,-0.003920843603046682,0.050186574584156186,3.2813315637675227,2.477077859595061,2.2968649579176486,0.18021290167741244,1.6407776764164566,0.9844666058498743,0.6563110705665822,0.07258403084869672,0.04981211524249124,0.06351046122254371,1.2217501492681166,0.1577673133217429,0.008765588953188215
2160,0.8099063612986309,0.41326242564144433,0.0004152533255215446,0.04954521415583295,3.2064698974698675,2.418543882372729,2.2345809335901383,0.18396294878259067,1.6198149397995494,0.9718889638797292,0.6479259759198202,0.07393563870055983,0.050957134517986655,0.06471879489762708,1.2134737540142213,0.1622821334887336,0.008679476887153464,0.8203882596330878,0.41577716155760086,-0.003922304852578148,0.05018643452358028,3.2813015593321224,2.477051506204597,2.2968347482742324,0.1802167579303646,1.6407780184298162,0.9844668110578901,0.656311207371926,0.07258498543276273,0.04981292392169073,0.063511298464159,1.2217442515964176,0.1577671958342311,0.00876558324111728
2161,0.8099043231088479,0.413263186408066,0.00041399535045322233,0.04954508941988691,3.206443129167003,2.418520660642409,2.234554298319411,0.1839663623229978,1.6198147180793208,0.971888830847592,0.6479258872317287,0.07393650991416928,0.050957872569614954,0.06471956045550979,1.213468466646562,0.1622820177719187,0.008679471561385875,0.8203862181229103,0.4157779171686343,-0.003923554666294904,0.05018630957915485,3.2812745240179884,2.477028000307332,2.2968078029099166,0.18022019739741557,1.6407778685134524,0.9844667211080719,0.6563111474053805,0.07258583686934193,0.04981364521913932,0.06351204674942779,1.2217389912583236,0.15776708741069645,0.008765578144111556
2162,0.8099024830912437,0.4132638617369317,0.0004129109763071556,0.049544976805132326,3.2064188533301894,2.4184998060530285,2.2345303867942947,0.18396941925873378,1.6198141108931585,0.9718884665358948,0.6479256443572637,0.07393729087900264,0.050958534166679864,0.06472024801238453,1.213463727045682,0.1622819073850709,0.00867946664808695,0.8203843752978633,0.41577858773901405,-0.003924631673133748,0.050186196787334963,3.2812500117054073,2.4770068936604597,2.2967836165333932,0.18022327712706657,1.640777325286689,0.984466395172014,0.6563109301146751,0.07258659997865125,0.049814291689835144,0.0635127186806754,1.2217342766718287,0.15776698387474103,0.00876557343559798
2163,0.8099008031753845,0.41326445821440133,0.00041196902049694256,0.04954487398276841,3.2063967082587177,2.4184809573494577,2.2345087904054632,0.18397216694399432,1.6198131964220914,0.9718879178532546,0.6479252785688369,0.0739379941781951,0.05095912996902792,0.06472086828937706,1.2134594588302394,0.16228179921076308,0.008679461977901107,0.8203826930512582,0.4157791798935293,-0.003925566797658986,0.05018609381710028,3.281227655513765,2.476987819905821,2.2967617748232088,0.18022604508261214,1.640776467817593,0.9844658806905562,0.6563105871270367,0.07258728709486013,0.049814873782712606,0.06351332477093016,1.2217300316196331,0.1577668822781715,0.008765568950646885
2164,0.8098992544097752,0.41326498237716147,0.0004111449852161331,0.04954477918182705,3.2063764030389303,2.4184638252693222,2.234489180589955,0.18397464467936728,1.6198120374149594,0.9718872224489754,0.647924814965984,0.07393863012008188,0.05095966870940108,0.06472143008908245,1.2134555994285061,0.16228169125574024,0.008679457436051339,0.8203811424022666,0.4157797001890622,-0.0039263843568870735,0.050185998895686625,3.2812071604609656,2.4769704857121733,2.296741944673314,0.18022854103885888,1.6407753596460852,0.9844652157876516,0.6563101438584337,0.07258790832056516,0.04981540005622137,0.063513873650037,1.2217261936753883,0.15776678074350114,0.00876556457800447
2165,0.8098978156265498,0.4132654406531174,0.00041041993813715344,0.049544691107488624,3.2063577086154784,2.4184481826306823,2.2344712978822274,0.18397688474845497,1.6198106845554185,0.9718864107332509,0.6479242738221677,0.07393920703911273,0.05096015744835729,0.0647219405439626,1.2134520982509658,0.16228158245383786,0.00867945295374014,0.8203797021562743,0.41578015505766586,-0.003927103167216159,0.05018591072663666,3.2811882943591906,2.476954660701144,2.296723863062032,0.18023079763911212,1.6407740521619298,0.9844644312971583,0.6563096208647715,0.07258847182249192,0.04981587742883137,0.0635143723089431,1.2217227123756442,0.15776667827537164,0.008765560251590612
2166,0.8098964719072208,0.4132658392965964,0.00040977941302428045,0.04954460884722588,3.2063404468345804,2.418433852914931,2.234454939299469,0.18397891361546226,1.6198091792251867,0.9718855075351118,0.6479236716900749,0.0739397316431747,0.050960601868506324,0.0647224054069212,1.2134489145816039,0.16228147248766345,0.008679448498296225,0.8203783573681539,0.41578055074396914,-0.0039277376313743215,0.05018582839579215,3.2811708766794982,2.4769401658666426,2.296707324253303,0.18023284161333983,1.6407725873769918,0.9844635524261954,0.6563090349507964,0.07258898417205031,0.04981631146753522,0.06351482638479089,1.221719547115028,0.15776657458990528,0.008765555940769542
2167,0.8098952131623582,0.4132661843710609,0.0004092124346678355,0.04954453178391727,3.2063244795766326,2.4184206992918624,2.2344399461661655,0.1839807531256971,1.619807555684112,0.9718845334104671,0.647923022273645,0.07394020935580758,0.050961006564418695,0.06472282934007406,1.2134460155004554,0.16228136163910126,0.008679444064443934,0.8203770979203587,0.4157808932895351,-0.003928298702260219,0.05018575128431034,3.28115476752137,2.4769268624506755,2.2966921674536156,0.18023469499706002,1.6407710001129232,0.9844626000677543,0.6563084000451689,0.07258945068057722,0.049816706671850404,0.06351524044396642,1.2217166650745033,0.15776646997176552,0.008765551641741545
2168,0.8098940327673371,0.41326648171498237,0.0004087106063899379,0.04954445951239085,3.206309698273254,2.4184086142452528,2.2344261926243507,0.18398242162090195,1.6198058427481723,0.9718835056489031,0.6479223370992692,0.07394064463645587,0.0509613753139283,0.06472321618597962,1.2134433739396449,0.16228125060855092,0.00867943966575607,0.8203759171586862,0.41578118850095674,-0.003928794782651762,0.0501856789852087,3.2811398569819716,2.476914641434582,2.2966782651705495,0.18023637626403255,1.6407693196857025,0.9844615918114219,0.6563077278742806,0.0725898757129663,0.04981706673951171,0.0635156182478764,1.2217140392833463,0.15776636510183484,0.008765547369125513
2169,0.8098929265047011,0.41326673691291443,0.0004082674075601145,0.04954439177472515,3.206296015771265,2.418397511553751,2.234413576755172,0.18398393479857905,1.6198040650268222,0.9718824390160931,0.6479216260107291,0.07394104122755274,0.05096171128745035,0.06472356917706129,1.2134409671835977,0.16228114037046376,0.008679435328004907,0.8203748108348977,0.4157814419233055,-0.003929232417798169,0.05018561123868148,3.281126056900906,2.476903415411787,2.2966655142115844,0.18023790120020267,1.6407675711488694,0.984460542689322,0.6563070284595474,0.07259026292989156,0.04981739477167177,0.0635159629583806,1.221711647122404,0.1577662609196832,0.008765543149417663
2170,0.8098918917893293,0.41326695525865587,0.00040787764882095623,0.049544328412850544,3.2062833605520757,2.4183873205648885,2.234402014257028,0.1839853063078606,1.61980224382508,0.9718813462950479,0.6479208975300322,0.07394140232796817,0.05096201719491861,0.06472389108228307,1.2134387758162217,0.16228103202920963,0.008679431084147558,0.820373776332275,0.41578165880590007,-0.003929616831384583,0.05018554788472484,3.2811132949873802,2.476893112778485,2.2966538292668024,0.18023928351168236,1.6407657762009622,0.9844594657205777,0.6563063104803845,0.07259061545818545,0.049817693417237574,0.0635162772819777,1.221709469271302,0.15776615848659514,0.008765539016062527
2171,0.8098909271115509,0.4132671417246051,0.0004075370723932367,0.04954426933448331,3.206271672630874,2.418377982119403,2.2343914339506115,0.18398654816879173,1.619800397800438,0.9718802386802626,0.6479201591201754,0.07394173071565019,0.05096229538968142,0.06472418431073419,1.2134367829764767,0.16228092670638672,0.008679426970683649,0.8203728121089809,0.41578184407417984,-0.003929952318776228,0.050185488829085925,3.281101510646576,2.476883673592276,2.296643138338183,0.1802405352540932,1.640763953847321,0.9844583723083931,0.656305581538928,0.07259093601162331,0.04981796497519329,0.0635165635719092,1.22170748896209,0.15776605887860407,0.008765535005877293
2172,0.8098900315825892,0.413267300944417,0.00040724204166772693,0.04954421448531898,3.206260900086079,2.418369445151535,2.2343817740204566,0.18398767113107822,1.6197985434427042,0.9718791260656223,0.6479194173770819,0.07394202885144317,0.05096254795645157,0.06472445099968982,1.2134349737282188,0.1622808254612595,0.00867942302475258,0.8203719172438656,0.4157820023144857,-0.003930242552796323,0.0501854340154784,3.2810906514490874,2.4768750461181317,2.2966333789184556,0.18024166719967605,1.6407621208843852,0.9844572725306315,0.6563048483537537,0.07259122699315683,0.049818211481207755,0.06351682391494622,1.221705691347544,0.15776596311104604,0.008765531156206357
2173,0.8098892045262035,0.41326743719460446,0.00040698929609392365,0.04954416382405176,3.206250995920383,2.4183616636617122,2.234372978671412,0.1839886849903005,1.6197966954149519,0.9718780172489708,0.647918678165981,0.073942298970994,0.05096277678916512,0.06472469309281294,1.2134333345023702,0.16228072924024328,0.008679419281499892,0.8203710910287537,0.4157821377574432,-0.003930490825678007,0.05018538340064127,3.2810806699429653,2.4768671837565392,2.2966244945961334,0.18024268916040606,1.6407602922447195,0.984456175346832,0.6563041168978875,0.07259149058528164,0.049818434784189736,0.06351706020833817,1.221704062942801,0.15776587209066162,0.00876552750233938
2174,0.8098884451531427,0.41326755437882257,0.000406775771628079,0.04954411730245953,3.2062419155426305,2.418354594313155,2.2343649954754126,0.1839895988377425,1.6197948667786974,0.9718769200672182,0.6479179467114793,0.0739425431575135,0.0509629836526213,0.06472491240220275,1.2134318526552919,0.16228063884605431,0.008679415771968109,0.8203703326436661,0.41578225426365517,-0.003930700226591012,0.05018533693447108,3.281071521099439,2.4768600426068943,2.2966164323638396,0.1802436102430549,1.6407584812259985,0.9844550887355994,0.6563033924903992,0.07259172882151384,0.04981863660683941,0.063517274220806,1.2217025911837258,0.15776578658637416,0.008765524075444602
2175,0.8098877522256501,0.4132676559910684,0.0004065984294809172,0.04954407484488047,3.2062336143565155,2.418348194151138,2.234357772877642,0.18399042127349619,1.6197930691314564,0.9718758414788735,0.6479172276525829,0.07394276340679451,0.05096317023756296,0.06472511066375339,1.2134305160741647,0.16228055489769191,0.008679412520734028,0.8203696408224624,0.41578235528824353,-0.003930873810359087,0.05018529453956802,3.2810631598723883,2.4768535791598625,2.296609140093109,0.18024443906675353,1.6407566996321319,0.9844540197792794,0.6563026798528525,0.07259194365011876,0.04981881859963652,0.06351746764683595,1.2217012640331573,0.157765707191327,0.008765520900247528
2176,0.8098871238763963,0.41326774509506164,0.0004064541787898168,0.049544036337136596,3.206226046457463,2.418342419379245,2.234351258859399,0.1839911605198462,1.6197913126634407,0.971874787598064,0.6479165250653767,0.07394296166193381,0.05096333819009123,0.06472528956676121,1.2134293129662368,0.1622804778213406,0.008679409544626704,0.820369013672262,0.41578244386102087,-0.003931014674330872,0.050185256100189354,3.2810555398786305,2.476847749057608,2.2966025651785835,0.18024518387902455,1.640754957833411,0.9844529747000469,0.6563019831333642,0.072592136968204,0.049818982369722355,0.06351764213576479,1.2217000697702471,0.15776563431428398,0.00876551799377099
2177,0.8098865575199921,0.41326782430605385,0.00040633983238447247,0.04954400162112082,3.2062191640826714,2.4183372248384685,2.2343454003792464,0.18399182445922188,1.6197896061723758,0.9718737637034252,0.6479158424689506,0.07394313982637205,0.05096348912271248,0.06472545076492692,1.2134282317796499,0.1622804078338901,0.008679406852026538,0.8203684485854024,0.4157825225689722,-0.00393112600197873,0.05018522145686377,3.281048612840727,2.4768425065653243,2.296596653970013,0.18024585259531142,1.6407532647845224,0.9844519588707138,0.6563013059138086,0.07259231063460556,0.04981912949181625,0.06351779930265758,1.2216989969108165,0.15776556816408593,0.008765515364647583
2178,0.8098860499488852,0.41326789580097023,0.00040625215545007226,0.049543970500663344,3.20621291832553,2.41833256466254,2.2343401440900488,0.18399242057249138,1.6197879570591365,0.9718727742354816,0.6479151828236549,0.07394329974511892,0.050963624598433066,0.06472559586024329,1.213427261317338,0.16228034495832083,0.008679404443537334,0.820367942335002,0.41578259356659764,-0.003931211015749531,0.05018519041223739,3.281042329305207,2.4768378052285853,2.2965913524913164,0.18024645273726903,1.6407516280231507,0.9844509768138907,0.65630065120926,0.07259246645176526,0.04981926149286305,0.06351794071274289,1.2216980343192732,0.1577655087644114,0.008765513013785252
2179,0.8098855974291544,0.41326796133496363,0.0004061878999407839,0.049543942747391684,3.2062072597861078,2.418328392871457,2.234335436980308,0.1839929558911486,1.6197863713429999,0.9718718228057995,0.6479145485372003,0.07394344318910658,0.050963746117504295,0.06472572638961158,1.2134263908319447,0.1622802890304923,0.008679402312716505,0.8203674911706837,0.4157826585925761,-0.003931272943443177,0.05018516273692947,3.281036639298819,2.476833598470755,2.296586607086117,0.18024699138463793,1.6407500536878359,0.9844500322127019,0.656300021475134,0.07259260615057593,0.049819379839194614,0.06351806786843908,1.2216971713022007,0.1577654559604217,0.008765510935092787
2180,0.8098851958264072,0.4132680222751062,0.000406143868787609,0.04954391810843216,3.206202139294559,2.418324664038002,2.234331227077841,0.18399343696016085,1.6197848536945307,0.9718709122167181,0.6479139414778127,0.0739435718404022,0.05096385510489522,0.06472584381237077,1.2134256101155279,0.16228023973448696,0.008679400447144221,0.8203670909441618,0.415782719003115,-0.003931314956153342,0.050185138177214914,3.28103149306042,2.4768298402655526,2.296582365128506,0.18024747513704673,1.6407485465531892,0.9844491279319139,0.6562994186212754,0.07259273137596445,0.04981948592431644,0.06351818219718106,1.221696397697393,0.15776540945247128,0.00876550911653891
2181,0.8098848407212373,0.4132680796370905,0.0004061169668221065,0.04954389631347281,3.2061975085216043,2.4183213338437795,2.2343274640273894,0.18399386981638996,1.6197834074903592,0.9718700444942152,0.647913362996144,0.07394368728145506,0.050963952901183183,0.06472594950128706,1.2134249095647864,0.1622801966330129,0.008679398829457093,0.8203667372244944,0.4157827758081296,-0.003931340119035641,0.05018511646207459,3.281026841661236,2.476826485700277,2.296578575609214,0.18024791009106284,1.640747110086703,0.9844482660520222,0.6562988440346809,0.07259284367631225,0.049819581059945245,0.06351828504253809,1.221695703939182,0.157765368825101,0.008765507541176236
2182,0.8098845275220453,0.41326813412494406,0.00040610424849785165,0.04954387708166512,3.2061933205414515,2.4183183595859052,2.234324099610109,0.18399425997579644,1.619782034885571,0.9718692209313423,0.6479128139542286,0.07394379098645282,0.05096404075523141,0.0647260447353508,1.2134242802334922,0.16228015919934305,0.008679397438393542,0.8203664254107087,0.41578282971028757,-0.003931351345227464,0.050185097310085316,3.281022637578468,2.4768234914904834,2.2965751896647086,0.1802483018257749,1.6407457465229318,0.9844474479137594,0.6562982986091724,0.07259294449487134,0.04981966646873695,0.06351837765704074,1.221695081111444,0.15776533357747227,0.008765506188176333
2183,0.8098842517944904,0.4132681861973521,0.00040610306194908963,0.0495438601417782,3.206189531980858,2.4183157021291866,2.2343210898400048,0.18399461228918157,1.619780736901423,0.9718684421408536,0.6479122947605694,0.07394388427206634,0.05096411978246216,0.06472613065769885,1.2134237141313635,0.1622801268754347,0.008679396251391053,0.8203661510578851,0.415782881170041,-0.003931351256493451,0.050185080449367855,3.2810188368501674,2.4768208179352746,2.296572162678499,0.18024865525677566,1.6407444569527803,0.9844466741716684,0.6562977827811118,0.07259303512208526,0.04981974324389527,0.06351846116141821,1.22169452124212,0.15776530317843,0.008765505035378133
2184,0.8098840092229412,0.413268236095495,0.00040611097896384174,0.04954384522984069,3.2061861024453315,2.4183133253389264,2.2343183943032243,0.18399493103570205,1.619779513570179,0.9718677081421071,0.6479118054280718,0.0739439683204331,0.05096419098432732,0.064726208295401,1.2134232040845787,0.16228009904895901,0.008679395244608774,0.8203659098425474,0.4157829304334459,-0.003931342249420648,0.050185065615469884,3.2810153985277783,2.4768184283733996,2.2965694536463306,0.1802489747270689,1.6407432414690795,0.9844459448814479,0.6562972965876316,0.07259311671716039,0.049819812367445926,0.06351853656317363,1.2216940171699404,0.15776527704554102,0.008765504059341676
2185,0.8098837957621907,0.413268283916408,0.00040612588579864994,0.049543832098421746,3.206182995058545,2.418311196572504,2.2343159766238956,0.1839952199486087,1.6197783640577494,0.9718670184346494,0.6479113456231,0.07394404417719103,0.050964255246642665,0.06472627855831899,1.2134227437476923,0.1622800751358181,0.008679394394516274,0.820365697713061,0.4157829776038362,-0.003931326409531505,0.0501850525605664,3.2810122852255477,2.4768162896813726,2.2965670256511386,0.18024926403023409,1.6407420992906812,0.9844452595744089,0.6562968397162723,0.07259319030589809,0.04981987470840008,0.06351860475523324,1.2216935625578025,0.15776525462268776,0.008765503236912645
2186,0.8098836077012871,0.4132683296511092,0.00040614596807890535,0.049543820520536117,3.206180176658004,2.4183092868170695,2.2343138045753568,0.1839954822417127,1.6197772868044125,0.9718663720826473,0.6479109147217652,0.07394411275416463,0.05096431334186351,0.06472634224146294,1.213422327587324,0.16228005457639558,0.008679393678628598,0.8203655109535543,0.4157830226794621,-0.003931305525437481,0.0501850410573705,3.2810094633223343,2.476814372415658,2.296564845979799,0.1802495264358588,1.6407410289042252,0.9844446173425353,0.6562964115616899,0.07259325678318566,0.04981993102486461,0.06351866651812778,1.2216931518773702,0.15776523537705067,0.008765502545954344
2187,0.8098834417017119,0.41326837322354776,0.00040616970677423425,0.04954381029197994,3.2061776177568704,2.4183075706182993,2.2343118499583334,0.18399572065996572,1.6197762796642285,0.9718657677985368,0.6479105118656917,0.07394417483878174,0.050964365937062044,0.06472640003319326,1.2134219508250017,0.16228003685318793,0.008679393076093975,0.8203653462218288,0.4157830655918703,-0.0039312810934545445,0.05018503090145249,3.2810069029246605,2.4768126507414454,2.296562886001952,0.18024976473949328,1.6407400282045137,0.9844440169227083,0.6562960112818054,0.07259331692211092,0.049819981971763544,0.0635187225279282,1.2216927803527604,0.15776521881594666,0.008765501965931701
2188,0.809883294810254,0.4132684145258053,0.00040619586024900206,0.04954380123211807,3.2061752923252484,2.4183060258463813,2.23431008830236,0.18399593754402127,1.6197753400381483,0.9718652040228887,0.6479101360152596,0.07394423110792675,0.05096441360566323,0.06472645252723679,1.2134216093530927,0.1622800215018193,0.008679392568094402,0.8203652005619565,0.41578310624058523,-0.003931254335789704,0.05018502191201052,3.281004577646782,2.476811102196595,2.2965611208697254,0.18024998132686926,1.6407390946284277,0.9844434567770567,0.656295637851371,0.07259337138742009,0.04982002811223896,0.06351877336791825,1.2216924438773975,0.1577652044973441,0.008765501478310114
2189,0.8098831644599923,0.4132684534480708,0.0004062234413884924,0.049543793183944154,3.206173177522444,2.4183046334185163,2.2343084985246136,0.18399613489390282,1.6197744649963843,0.9718646789978304,0.647909785998554,0.07394428214219981,0.05096445683952449,0.06472650023502148,1.213421299648266,0.16228000811789905,0.008679392138126484,0.8203650714050261,0.41578314452264403,-0.00393122622346697,0.050185013931916087,3.281002464340856,2.476809707411454,2.29655952917407,0.18025017823738418,1.6407382252779763,0.9844429351667859,0.6562952901111904,0.07259342074938535,0.04982006992939888,0.06351881954059066,1.2216921389283417,0.15776519203640438,0.008765501066835626
2190,0.809883048454196,0.4132684899011501,0.0004062516874188335,0.04954378601309577,3.2061712533602496,2.418303376958489,2.2343070625270034,0.18399631443148598,1.6197736513887442,0.9718641908332463,0.6479094605554979,0.07394432844078269,0.05096449606152941,0.0647265435984778,1.2134210186812768,0.1622799963581172,0.008679391772110709,0.8203649565529534,0.4157831803548012,-0.0039311975062541055,0.050185006826723666,3.2810005427575564,2.476808449765429,2.296558092538846,0.1802503572265832,1.640737417031184,0.9844424502187105,0.6562949668124735,0.07259346549826817,0.049820107838570035,0.06351886148010387,1.221691862476936,0.15776518110653853,0.00876550071764587
2191,0.809882944934933,0.41326852383146084,0.000406280026500741,0.04954377960593409,3.2061695023121373,2.4183022424078398,2.2343057647477123,0.1839964776601275,1.619772895940709,0.9718637375644251,0.6479091583762838,0.073944370436444,0.05096453163829943,0.06472658300290893,1.2134207638259082,0.16227998593864745,0.008679391458339444,0.8203648541470808,0.41578321368833926,-0.003931168745711838,0.05018500048274987,3.2809987951517727,2.4768073149945637,2.296556795168579,0.18025051982598495,1.640736666638656,0.9844419999831938,0.6562946666554622,0.07259350605893315,0.04982014219967793,0.06351889956481985,1.2216916118985257,0.1577651714378885,0.008765500419221433
2192,0.8098828523357293,0.4132685552279705,0.00040630804054653247,0.04954377386664793,3.2061679088679735,2.418301217588644,2.234304591667799,0.18399662592084498,1.6197721953336246,0.9718633172001745,0.6479088781334501,0.07394440851058408,0.05096456389293913,0.06472661878984201,1.2134205327676717,0.16227997663010318,0.008679391187254814,0.8203647626207793,0.41578324451593485,-0.003931140351920409,0.05018499480417388,3.2809972058320223,2.4768062907492445,2.296555623349498,0.1802506673997466,1.6407359708042069,0.9844415824825243,0.6562943883216825,0.07259354280553962,0.049820173329692935,0.06351893412985778,1.2216913848816988,0.15776516281251174,0.008765500162167802
2193,0.8098827693156955,0.4132685841210004,0.0004063354234447314,0.04954376871322397,3.20616645901168,2.4183002916983694,2.2343035312512356,0.18399676044713395,1.6197715462674078,0.9718629277604444,0.6479086185069635,0.07394444300891981,0.0509645931183238,0.0647266512703846,1.2134203234086236,0.1622799682489944,0.00867939095104001,0.82036468063338,0.41578327287048944,-0.003931112624727576,0.05018498970899579,3.2809957606301743,2.4768053660817326,2.2965545648814087,0.180250801200324,1.640735326247942,0.9844411957487654,0.6562941304991766,0.07259357607691153,0.04982020151565093,0.0635189654801888,1.2216911793333356,0.15776515505622402,0.008765499938811146
2194,0.8098826947267819,0.4132686105795248,0.00040636195959003335,0.04954376407544363,3.206165139993409,2.4182994550788086,2.2343025726911256,0.1839968823876832,1.619770945503806,0.9718625673022833,0.6479083782015228,0.0739444742482623,0.050964619582841035,0.06472668073091184,1.213420133826236,0.16227996065328792,0.008679390743396881,0.8203646070371755,0.4157832988224962,-0.003931085775034246,0.050184985127017995,3.2809944466680974,2.476804531210028,2.2965536088182033,0.18025092239182483,1.6407347297498236,0.9844408378498942,0.6562938918999294,0.07259360618324026,0.049820227020331655,0.0635189938962651,1.221690993337201,0.15776514803436215,0.008765499742977283
2195,0.809882627582097,0.4132686347037565,0.00040638749931788676,0.0495437598929451,3.2061639401594477,2.418298699038197,2.234301706220179,0.1839969928180183,1.6197703898987814,0.9718622339392685,0.6479081559595129,0.07394450252075131,0.05096464353397809,0.0647267074365251,1.2134199622476998,0.16227995373077658,0.008679390559286668,0.82036454084556,0.4157833224727829,-0.003931059948882307,0.05018498099789612,3.2809932521826237,2.4768037773355718,2.296552745273258,0.18025103206231383,1.6407341781822762,0.9844405069093658,0.6562936712729104,0.07259363341031244,0.04982025008584022,0.0635190196374801,1.2216908251278258,0.15776514164069144,0.008765499569734273
2196,0.8098825670347254,0.4132686566190216,0.00040641194499878297,0.04954375611392767,3.2061628488528378,2.4182980157434137,2.2343009229976447,0.1839970927457689,1.6197698764253228,0.9718619258551933,0.6479079505701295,0.07394452809612043,0.05096466520024065,0.06472673163285421,1.2134198070361766,0.16227994739340365,0.008679390394745945,0.8203644812117854,0.4157833439465381,-0.0039310352411406485,0.05018497726983973,3.2809921664230184,2.4768030965326773,2.296551965303122,0.1802511312295553,1.6407336685331608,0.9844402011198966,0.6562934674132642,0.07259365802178955,0.049820270935538334,0.06351904294398907,1.2216906730764234,0.15776513579199014,0.008765499415210177
2197,0.8098825123543251,0.4132686764696507,0.000406435237018693,0.04954375269372026,3.2061618562905085,2.4182973980945786,2.2343002149766678,0.1839971831179109,1.6197694021897353,0.9718616413138408,0.6479077608758945,0.07394455122451918,0.050964684793543796,0.0647267535483651,1.213419666673675,0.16227994157152095,0.008679390246689324,0.8203644274056152,0.4157833633873515,-0.003931011709261141,0.05018497389818423,3.2809911795258464,2.476802481621162,2.2965512607725254,0.18025122084863626,1.6407331979222015,0.984439918753321,0.6562932791688805,0.07259368026200039,0.04982028977641001,0.0635190640389963,1.2216905356736394,0.15776513042256166,0.00876549927639845
2198,0.8098824629022459,0.41326869441293,0.00040645734174357684,0.049543749593259585,3.2061609534230726,2.4182968395875193,2.2342995747580967,0.18399726482942255,1.619768964441627,0.9718613786649758,0.6479075857766513,0.07394457213972869,0.05096470251193601,0.06472677339703024,1.2134195397415335,0.16227993620994516,0.008679390112703765,0.8203643787885357,0.41578338095129724,-0.003930989385113173,0.0501849708438747,3.2809902823728274,2.47680192602712,2.296550624206165,0.18025130182095517,1.6407327636111042,0.9844396581666627,0.6562931054444415,0.07259370035910204,0.04982030680173932,0.06351908313138319,1.221690411510022,0.15776512548046445,0.00876549915095513
2199,0.8098824181109913,0.4132687106127706,0.0004064782426809327,0.04954374677783385,3.2061601318321538,2.4182963342129566,2.234298995485406,0.18399733872755064,1.6197685605779137,0.9718611363467478,0.647907424231166,0.07394459106116882,0.050964718541299615,0.06472679137996896,1.2134194249082415,0.16227993126460694,0.008679389990866546,0.8203643347933066,0.4157833968007349,-0.003930968283662177,0.050184968072215036,3.2809894664866865,2.4768014236808398,2.296550048682066,0.18025137499877403,1.640732363007701,0.9844394178046209,0.6562929452030802,0.07259371852706066,0.049820322192788424,0.06351910041732936,1.221690299263787,0.1577651209243168,0.008765499037019208
2200,0.8098823774705189,0.413268725232912,0.0004064979349528708,0.04954374421624486,3.2061593836900184,2.418295876413744,2.2342984708046267,0.1839974056091172,1.6197681881423205,0.9718609128853918,0.6479072752569287,0.07394460819399207,0.05096473305543018,0.06472680768543973,1.2134193209288706,0.1622799266990332,0.008679389879600206,0.820364294910284,0.4157834110976391,-0.003930948408374171,0.050184965552031426,3.280988723989543,2.4768009689729698,2.2965495277901877,0.18025144118278208,1.6407319936655922,0.9844391961993555,0.6562927974662367,0.07259373496577545,0.04982033611890263,0.06351911608033402,1.221690197700051,0.15776511671994417,0.00876549893306897
2201,0.8098823405224753,0.41326873843080947,0.0004065164235510024,0.04954374188045553,3.20615870177876,2.418295461097828,2.234297994885445,0.1839974662123831,1.6197678448221922,0.9718607068933148,0.6479071379288773,0.07394462372754837,0.05096474621473624,0.06472682248743972,1.2134192266543864,0.1622799224814807,0.008679389777581698,0.8203642586816414,0.4157834239976056,-0.0039309297529093665,0.050184963255319,3.2809880476212494,2.4768005567667646,2.296549055652595,0.18025150111416932,1.6407316532810898,0.984438991968654,0.6562926613124358,0.07259374985962032,0.049820348736274916,0.06351913028988344,1.2216901056798397,0.15776511283765401,0.00876549883783161
2202,0.8098823068577068,0.41326875035297395,0.0004065337229866642,0.04954373974543767,3.2061580795205584,2.4182950836630646,2.234297562453878,0.18399752120918686,1.6197675284444681,0.9718605170666804,0.6479070113777877,0.07394463783374489,0.05096475816484949,0.06472683594423528,1.2134191410416044,0.16227991858278823,0.00867938968368461,0.8203642256988534,0.41578343564528647,-0.003930912301445717,0.050184961157088044,3.2809874307689983,2.4768001824223433,2.2965486269554125,0.18025155546693075,1.6407313396893095,0.984438803813586,0.6562925358757236,0.07259376337587882,0.049820360186620144,0.06351914320004778,1.2216900221697553,0.1577651092501909,0.00876549875022563
2203,0.8098822761139827,0.4132687611325968,0.0004065498572249082,0.04954373778903304,3.206157510983086,2.418294740001964,2.234297168800149,0.1839975712018147,1.6197672369715626,0.971860342182937,0.6479068947886255,0.07394465066645829,0.050964769036127136,0.0647268481978354,1.213419063156755,0.16227991497552172,0.008679389596943669,0.8203641956004504,0.4157834461720844,-0.0039308960287401384,0.05018495923522677,3.2809868674724707,2.4767998418012187,2.296548236956381,0.1802516048448376,1.6407310508601491,0.9844386305160897,0.6562924203440594,0.07259377566418844,0.049820370596704217,0.0635191549489826,1.22168994624541,0.1577651059319278,0.008765498669325975
2204,0.8098822479697162,0.4132687708888785,0.0004065648577152581,0.04954373599156928,3.206156990830137,2.4182944264588424,2.234296809731816,0.18399761672702658,1.619766968497203,0.9718601810983213,0.6479067873988816,0.07394466236276014,0.05096477894468976,0.06472685937505816,1.213418992168048,0.1622799116336182,0.008679389516510636,0.8203641680657006,0.4157834556955048,-0.003930880902117982,0.05018495747011511,3.2809863523734237,2.4767995312224844,2.2965478814368887,0.1802516497855956,1.6407307848942245,0.9844384709365349,0.6562923139576896,0.07259378685775517,0.04982038007937307,0.06351916565998644,1.2216898770839224,0.15776510285851272,0.008765498594320343
2205,0.809882222138548,0.4132687797277286,0.0004065787621094219,0.04954373433552885,3.2061565142632653,2.4182941397806923,2.2342964815184105,0.1839976582622818,1.6197667212414257,0.971860032744855,0.6479066884965707,0.07394467304459232,0.05096478799384092,0.06472686958900861,1.213418927335505,0.16227990853293472,0.008679389441628056,0.8203641428091641,0.4157834643198582,-0.003930866882790304,0.05018495584429173,3.2809858806564343,2.476799247412836,2.2965475566456686,0.18025169076716743,1.6407305400179422,0.9844383240107655,0.6562922160071767,0.07259379707500024,0.04982038873494764,0.06351917544295352,1.2216898139537444,0.15776510000739458,0.008765498524483347
2206,0.8098821983664318,0.41326878774284986,0.0004065916134148029,0.049543732805370805,3.2061560769803994,2.4182938770840154,2.234296180853404,0.18399769623061157,1.6197664935449927,0.9718598961269953,0.6479065974179974,0.07394468282001133,0.050964796275121016,0.06472687894018983,1.2134188680034073,0.16227990565136538,0.008679389371621608,0.8203641195778041,0.4157834721373485,-0.00393085392669304,0.050184954342277335,3.28098544800723,2.476798987473123,2.296547259260441,0.1802517282126818,1.6407303145779808,0.9844381887467887,0.6562921258311921,0.07259380642077393,0.04982039665225221,0.06351918439545826,1.2216897562071625,0.15776509735793812,0.008765498459169465
2207,0.8098821764287161,0.41326879501666275,0.000406603458741453,0.04954373138735238,3.2061556751362628,2.4182936358231464,2.234295904817995,0.18399773100515138,1.6197662838637799,0.9718597703182676,0.6479065135455122,0.07394469178435599,0.05096480386929665,0.06472688751754603,1.2134188135932118,0.1622799029684734,0.008679389305890935,0.8203640981480862,0.415783479229,-0.0039308419857198434,0.05018495295039749,3.2809850505728266,2.4767987488463805,2.2965469863513803,0.1802517624950003,1.6407301070357434,0.9844380642214463,0.6562920428142971,0.07259381498749572,0.049820403909580244,0.06351919260377406,1.2216897032732554,0.15776509489107393,0.00876549839780443
2208,0.8098821561305272,0.4132688016217558,0.0004066143498381927,0.04954373006955251,3.206155305325404,2.4182934137794474,2.2342956508675167,0.1839977629119305,1.6197660907631455,0.971859654457887,0.6479064363052585,0.07394470002085479,0.05096481084687516,0.06472689539902715,1.2134187635998652,0.16227990046587012,0.008679389243925298,0.8203640783263799,0.41578348566610973,-0.0039308310072003125,0.05018495165680707,3.2809846849444892,2.476798529306936,2.296546735367417,0.18025179393951898,1.6407299159617865,0.9844379495770721,0.6562919663847144,0.07259382285574847,0.04982041057519784,0.0635192001434258,1.2216896546542217,0.15776509258966634,0.008765498339901177
2209,0.8098821373043374,0.4132688076221896,0.00040662434176690077,0.04954372884172308,3.2061549645428116,2.418293209029846,2.23429541679505,0.18399779223479615,1.6197659129129365,0.9718595477477616,0.6479063651651749,0.07394470760185687,0.05096481726914734,0.06472690265268952,1.2134187175843314,0.16227989812684096,0.00867938918530083,0.8203640599465211,0.41578349151154953,-0.003930820935209703,0.050184950451341366,3.2809843481178667,2.4767983269284795,2.2965465040993367,0.1802518228291427,1.6407297400308836,0.9844378440185302,0.6562918960123534,0.07259383009548535,0.049820416708366025,0.06351920708026909,1.2216896099179264,0.15776509043816295,0.008765498285057495
2210,0.8098821198052529,0.41326881307489255,0.00040663349116059483,0.04954372769500079,3.206154650123582,2.4182930198965993,2.234295200674076,0.18399781922252353,1.6197657490825104,0.971859449449506,0.6479062996330044,0.07394471459067128,0.050964823189745684,0.06472690933832467,1.2134186751624343,0.16227989593650743,0.008679389129664894,0.8203640428650593,0.4157834968211567,-0.003930811712314089,0.05018494932522525,3.280984037431679,2.476798140032911,2.2965462906214196,0.18025184941149136,1.6407295780170994,0.9844377468102596,0.6562918312068398,0.0725938367678367,0.0498204223608716,0.06351921347209113,1.221689568686736,0.1577650884227502,0.008765498232940712
2211,0.8098821035076926,0.41326881803104004,0.0004066418552341536,0.04954372662170389,3.2061543596946365,2.4182928449081302,2.234295000813451,0.18399784409467945,1.6197655981353098,0.9718593588811857,0.6479062392541242,0.0739447210430542,0.05096482865590423,0.06472691550878444,1.2134186359958294,0.1622798938821218,0.008679389076728689,0.8203640269579061,0.4157835016451019,-0.003930803280580444,0.05018494827086829,3.280983750518738,2.4767979671505205,2.296546093245697,0.1802518739048233,1.6407294287884013,0.9844376572730408,0.6562917715153606,0.07259384292656934,0.049820427578263285,0.063519219369911,1.2216895306285072,0.15776508653163784,0.008765498183280526
2212,0.8098820883027095,0.4132688225369636,0.0004066494906719287,0.04954372561516851,3.20615409113746,2.4182926827693803,2.2342948157234694,0.18399786704591073,1.6197654590233177,0.9718592754139904,0.6479061836093273,0.07394472700831005,0.0509648337093914,0.06472692121096583,1.2134185997853235,0.16227989195274692,0.008679389026259397,0.8203640121176341,0.4157835060287933,-0.003930795582676699,0.05018494728169948,3.2809834852681217,2.476797806989815,2.2965459104874366,0.18025189650237813,1.6407292913011422,0.9844375747806853,0.6562917165204569,0.07259384861916734,0.04982043240076742,0.0635192248189465,1.2216894954499067,0.1577650847547521,0.008765498135861338
2213,0.8098820740957022,0.4132688266347303,0.00040665645282625396,0.049543724669608484,3.2061538425580762,2.4182925323383473,2.23429464408916,0.1839978882491873,1.6197653307815278,0.9718591984689164,0.6479061323126114,0.07394473253013754,0.0509648383872267,0.06472692648657039,1.2134185662657413,0.1622798901389336,0.008679388978071714,0.8203639982511637,0.41578351001345143,-0.003930788562667993,0.0501849463520257,3.2809832397946854,2.4767976584136147,2.2965457410379524,0.18025191737566232,1.640729164594555,0.9844374987567329,0.6562916658378221,0.07259385388766344,0.04982043686399215,0.06351922985936052,1.2216894628912773,0.15776508308342654,0.008765498090513876
2214,0.809882060804393,0.41326883036257095,0.00040666279514846304,0.04954372377999177,3.206153612261183,2.4182923926061584,2.2342944847476742,0.18399790785848424,1.6197652125225155,0.971859127513509,0.6479060850090065,0.07394473764733567,0.05096484272227883,0.06472693137273987,1.2134185352016398,0.16227988843246588,0.008679388932019534,0.8203639852777251,0.41578351363653365,-0.003930782166578453,0.05018494547690709,3.2809830124128125,2.47679752041878,2.2965455837416133,0.18025193667716685,1.6407290477853322,0.9844374286711993,0.6562916191141329,0.07259385876933239,0.04982044099951491,0.06351923452688572,1.221689432722355,0.15776508151015814,0.008765498047107021
2215,0.8098820483569664,0.41326883375524914,0.0004066685687410393,0.04954372294192649,3.206153398726451,2.4182922626789645,2.234294336667766,0.18399792601119844,1.6197651034311427,0.9718590620586853,0.6479060413724573,0.0739447423944423,0.05096484674380666,0.06472693590263257,1.213418506383433,0.16227988682615216,0.008679388887988134,0.8203639731269731,0.4157835169320972,-0.00393077634283924,0.05018494465204172,3.2809828016123443,2.4767973921177537,2.296545437574938,0.18025195454281584,1.6407289400623442,0.9844373640374064,0.6562915760249377,0.07259386329731814,0.049820444835413716,0.06351923885339011,1.221689404738393,0.1577650800284056,0.00876549800553996
2216,0.8098820366902981,0.41326883684438465,0.00040667382197883545,0.04954372215155263,3.2061532005862405,2.418292141760975,2.234294198930588,0.1839979428303874,1.6197650027594217,0.9718590016556529,0.6479060011037688,0.07394474680232792,0.05096485047796222,0.06472694010595918,1.2134184796237912,0.16227988531364865,0.008679388845886406,0.8203639617372026,0.41578351993111884,-0.0039307710426609785,0.050184943873656296,3.2809826060359804,2.476797272721311,2.296545301627078,0.18025197109423285,1.6407288406815042,0.9844373044089024,0.6562915362726017,0.07259386750121613,0.049820448396760475,0.06351924286740308,1.2216893787565657,0.15776507863242017,0.00876549796573456
2217,0.8098820257484861,0.4132688396587506,0.0004066786002879519,0.04954372140545216,3.2061530166063514,2.418292029140117,2.2342940707134282,0.18399795842668878,1.6197649098215392,0.9718589458929233,0.6479059639286159,0.07394475089870213,0.05096485394821984,0.06472694400944273,1.2134184547545646,0.16227988388932632,0.008679388805640753,0.8203639510538638,0.41578352266178514,-0.00393076622025694,0.05018494313841555,3.280982424459781,2.4767971615239834,2.2965451750833044,0.18025198644067908,1.640728748960794,0.9844372493764764,0.6562914995843177,0.0725938714075695,0.04982045170604127,0.06351924659456579,1.2216893546129028,0.15776507731711717,0.008765497927629231
2218,0.8098820154815028,0.41326884222450305,0.00040668294594876225,0.04954372070056655,3.2061528456687354,2.4182919241752754,2.234293951275286,0.18399797289998904,1.6197648239890823,0.9718588943934492,0.6479059295956331,0.07394475470855777,0.05096485717575225,0.0647269476372223,1.2134184316240892,0.16227988254811132,0.00867938876718903,0.8203639410282062,0.4157835251497182,-0.003930761833031225,0.05018494244333896,3.28098225577567,2.476797057891116,2.2965450572103774,0.1802520006807384,1.6407286642754872,0.9844371985652923,0.6562914657101949,0.07259387504030344,0.049820454783524426,0.06351925005802632,1.2216893321596074,0.15776507607792278,0.00876549789117297
2219,0.809882005844293,0.4132688445653976,0.00040668689812581316,0.049543720034141536,3.206152686758372,2.418291826287162,2.234293839946487,0.18399798634067532,1.619764744686475,0.9718588468118848,0.6479058978745901,0.07394475825449845,0.05096486017970818,0.0647269510111554,1.2134184100952017,0.16227988128539536,0.008679388730477102,0.8203639316163708,0.4157835274181862,-0.003930757841547949,0.050184941785745465,3.280982098978211,2.476796961249636,2.296544947346063,0.18025201390357345,1.6407285860535799,0.9844371516321478,0.656291434421432,0.07259387842104399,0.049820457647530486,0.06351925327873413,1.2216893112630844,0.15776507491068828,0.008765497856321905
2220,0.8098819967959632,0.4132688467029628,0.00040669049288005743,0.049543719403677605,3.2061525389516112,2.418291734950315,2.2342937361195996,0.18399799883071527,1.6197646713866862,0.9718588028320116,0.6479058685546746,0.07394476155702254,0.05096486297745291,0.06472695415108083,1.2134183900435114,0.16227988009690722,0.008679388695455533,0.8203639227785803,0.4157835294882729,-0.003930754209509189,0.050184941163203795,3.28098195315288,2.47679687107999,2.2965448448899823,0.18025202619000794,1.6407285137714962,0.9844371082628977,0.6562914055085985,0.07259388156939436,0.04982046031466643,0.0635192562756958,1.2216892918022346,0.15776507381156793,0.008765497823036088
2221,0.8098819882991208,0.4132688486566727,0.00040669376327689966,0.04954371880688942,3.2061524014059897,2.418291649686267,2.2342936392416637,0.18399801044460343,1.6197646036072104,0.9718587621643261,0.6479058414428843,0.0739447646347701,0.05096486558477742,0.06472695707504852,1.2134183713559057,0.1622798789786515,0.008679388662077181,0.8203639144784795,0.41578353137904717,-0.003930750903647015,0.05018494057349208,3.2809818174658263,2.4767967869092646,2.296544749295789,0.18025203761347586,1.6407284469500623,0.9844370681700373,0.656291378780025,0.07259388450317454,0.049820462800028456,0.06351925906619839,1.2216892736669767,0.15776507277696028,0.00876549779127712
2222,0.8098819803193346,0.4132688504441133,0.0004066967395162796,0.04954371824167293,3.206152273351334,2.4182915700577365,2.2342935488075457,0.1839980212501907,1.6197645409063137,0.9718587245437881,0.6479058163625256,0.07394476750473657,0.050964868016079454,0.06472695979951976,1.2134183539292511,0.16227987792685913,0.008679388630295461,0.8203639066825985,0.41578353310772564,-0.003930747893585343,0.05018494001456504,3.2809816911549725,2.476796708305368,2.296544660064521,0.18025204824084654,1.640728385150752,0.9844370310904511,0.6562913540603008,0.07259388723862784,0.049820465117377206,0.06351926166600315,1.2216892567569664,0.15776507180346278,0.008765497761006486
2223,0.8098819728247015,0.4132688520811428,0.00040669944909259986,0.049543717706078766,3.2061521540820266,2.4182914956637034,2.2342934643542973,0.18399803130940598,1.619764482879549,0.9718586897277293,0.6479057931518197,0.07394477018245744,0.050964870284519986,0.06472696233954105,1.2134183376692749,0.16227987693795062,0.008679388600063207,0.8203638993599226,0.41578353468983,-0.0039307451516774755,0.05018493948452764,3.2809815735222614,2.4767966348720893,2.2965445767389436,0.1802520581331459,1.6407283279721967,0.9844369967833179,0.6562913311888788,0.07259388979059969,0.049820467279289,0.06351926408951396,1.221689240980497,0.1577650708878373,0.008765497732184461
2224,0.809881965785442,0.4132688535820339,0.0004067019169393532,0.0495437171982875,3.2061520429498844,2.41829142613488,2.234293385455964,0.18399804067891562,1.6197644291565345,0.9718586574939205,0.647905771662614,0.07394477268217699,0.05096487240216606,0.06472696470890318,1.2134183224895385,0.16227987600850186,0.00867938857133154,0.8203638924814898,0.41578353613932506,-0.003930742652858962,0.05018493898161049,3.280981463926531,2.476796566244566,2.2965444988983545,0.18025206734621158,1.6407282750469616,0.9844369650281767,0.6562913100187849,0.07259389217270065,0.049820469297294084,0.06351926634993127,1.2216892262534893,0.1577650700269789,0.008765497704769015
2225,0.8098819591737013,0.41326885495962284,0.00040670416565472683,0.04954371671659749,3.2061519393589113,2.4182913611307457,2.23429331172013,0.18399804941061604,1.6197643793979695,0.9718586276387815,0.647905751759188,0.07394477501696933,0.05096487438009348,0.06472696692025828,1.2134183083107053,0.16227987513524167,0.008679388544050018,0.8203638860202009,0.41578353746876756,-0.003930740374416361,0.05018493850415815,3.2809813617783075,2.476796502086351,2.2965444261551697,0.18025207593118112,1.6407282260385636,0.9844369356231378,0.6562912904154258,0.07259389439742221,0.04982047118197466,0.06351926845936426,1.2216892124987773,0.15776506921791458,0.008765497678716046
2226,0.8098819529633174,0.4132688562254324,0.00040670621566105125,0.04954371625941063,3.2061518427601903,2.418291300336545,2.234293242784443,0.1839980575521023,1.6197643332929128,0.9718585999757475,0.6479057333171653,0.07394477719885553,0.05096487622848593,0.06472696898523213,1.2134182950598271,0.16227987431501623,0.008679388518166378,0.82036387995059,0.41578353868942397,-0.003930738295825263,0.05018493805061512,3.280981266534732,2.4767964420864366,2.2965443581514844,0.18025208393495237,1.6407281806387473,0.9844369083832479,0.6562912722554993,0.0725938964762491,0.049820472943060065,0.06351927042893885,1.2216891996454142,0.15776506845777055,0.008765497653979142
2227,0.809881947129762,0.413268857389807,0.00040670808545105464,0.04954371582522882,3.2061517526483057,2.4182912434615442,2.2342931783145348,0.18399806514700956,1.619764290556285,0.9718585743337709,0.6479057162225141,0.07394477923888346,0.05096487795670266,0.06472697091450372,1.2134182826698638,0.1622798735448074,0.00867938849362741,0.8203638742487785,0.41578353981140587,-0.003930736398503318,0.050184937619523,3.280981177696066,2.4767963859575883,2.296544294557072,0.18025209140051654,1.6407281385649906,0.9844368831389939,0.6562912554259966,0.0725938984197342,0.049820474589490196,0.06351927226887256,1.2216891876282099,0.1577650677437913,0.008765497630510552
2228,0.8098819416503479,0.4132688584620702,0.00040670979190297885,0.049543715412666486,3.206151668559954,2.4182911902391595,2.2342931180039884,0.18399807223517112,1.619764250926609,0.9718585505559653,0.6479057003706438,0.07394478114715283,0.05096487957329966,0.06472697271783663,1.2134182710795272,0.1622798728217589,0.00867938847038165,0.820363868892714,0.4157835408438281,-0.00393073466547654,0.05018493720953512,3.28098109480456,2.476796333436704,2.296544235069612,0.18025209836709163,1.6407280995582472,0.9844368597349479,0.6562912398232993,0.07259390023751647,0.049820476129430746,0.0635192739884998,1.2216891763876196,0.1577650670733691,0.008765497608264098
2229,0.809881936503804,0.4132688594505964,0.00040671135026113664,0.04954371502042476,3.2061515900682096,2.4182911404229426,2.234293061569799,0.18399807885314357,1.6197642141640176,0.9718585284984104,0.6479056856656072,0.0739447829329547,0.05096488108614791,0.06472697440420774,1.2134182602324355,0.1622798721431014,0.008679388448377488,0.820363863861719,0.4157835417948752,-0.00393073308141776,0.05018493681938892,3.280981017438507,2.476796284280592,2.296544179409928,0.18025210487066423,1.6407280633809653,0.9844368380285787,0.6562912253523866,0.07259390193846116,0.04982047757039192,0.06351927559640069,1.2216891658688784,0.15776506644396707,0.008765497587193093
2230,0.8098819316701725,0.4132688603629308,0.0004067127743594412,0.049543714647285006,3.206151516779101,2.4182910937846303,2.2342930087500754,0.18399808503455478,1.6197641800483766,0.9718585080290258,0.6479056720193508,0.07394478460485532,0.05096488250250432,0.0647269759818877,1.2134182500766082,0.16227987150624162,0.008679388427563644,0.8203638591363943,0.41578354267192214,-0.003930731632414322,0.05018493644789992,3.280980945208828,2.476796238264038,2.296544127319701,0.18025211094433702,1.6407280298152125,0.9844368178891271,0.6562912119260854,0.07259390353074074,0.04982047891929711,0.06351927710047921,1.2216891560215015,0.15776506585321198,0.008765497567250901
2231,0.809881927130687,0.41326886120587497,0.0004067140767096966,0.04954371429210147,3.2061514483285247,2.4182910501123747,2.234292959301981,0.18399809081039353,1.6197641483775735,0.971858489026544,0.6479056593510295,0.07394478617076716,0.05096488382907195,0.06472697745850957,1.2134182405640295,0.16227987090872048,0.00867938840788919,0.8203638546984937,0.41578354348161545,-0.003930730305881355,0.050184936093954274,3.2809808777559892,2.4767961951780224,2.296544078559408,0.18025211661861482,1.64072799866097,0.9844367991965816,0.6562911994643884,0.0725939050219037,0.04982048018254097,0.06351927850802921,1.2216891467988573,0.1577650652988519,0.00876549754839096
2232,0.8098819228676747,0.41326886198556423,0.00040671526861629087,0.049543713953795296,3.206151384379558,2.4182910092092476,2.2342929129999862,0.18399809620926147,1.6197641189659535,0.971858471379572,0.6479056475863815,0.07394478763801075,0.05096488507205245,0.06472697884112869,1.2134182316502766,0.16227987034820532,0.008679388389303712,0.8203638505308328,0.4157835442299521,-0.003930729090450835,0.050184935756502944,3.28098081474732,2.4767961548282345,2.2965440329065774,0.18025212192165696,1.6407279697345718,0.9844367818407426,0.6562911878938292,0.07259390641893387,0.04982048136603991,0.06351927982579254,1.221689138157804,0.15776506477874894,0.008765497530566956
2233,0.8098819188644759,0.41326886270753754,0.0004067163602848034,0.049543713631349476,3.206151324620078,2.4182909708919365,2.2342928696343423,0.1839981012575942,1.619764091642893,0.9718584549857358,0.6479056366571573,0.07394478901336837,0.05096488623719142,0.06472698013627498,1.2134182232941926,0.16227986982248332,0.008679388371757421,0.8203638466172031,0.4157835449223439,-0.003930727975858465,0.05018493543455664,3.2809807558746478,2.4767961170337713,2.2965439901542797,0.18025212687949163,1.640727942867281,0.9844367657203681,0.6562911771469129,0.0725939077283019,0.0498204824752756,0.06351928106000883,1.221689130058369,0.15776506429087273,0.008765497513732914
2234,0.8098819151053721,0.4132688633767977,0.0004067173609216129,0.04954371332380459,3.2061512687606517,2.418290934989606,2.2342928290097523,0.1839981059798535,1.619764066251499,0.9718584397508994,0.6479056265005996,0.07394479030313106,0.05096488732981834,0.06472698134999891,1.2134182154576023,0.16227986932945568,0.00867938835520132,0.8203638429423066,0.4157835455636795,-0.0039307269528456035,0.05018493512718161,3.2809807008522007,2.4767960816260146,2.2965439501098053,0.18025213151620956,1.6407279179039933,0.9844367507423956,0.6562911671615977,0.07259390895601059,0.04982048351533325,0.06351928221646,1.2216891224634705,0.15776506383329572,0.008765497497843418
2235,0.8098819115755246,0.41326886399786705,0.00040671827883097256,0.04954371303025493,3.2061512165326476,2.4182909013428935,2.2342927909441936,0.18399811039870004,1.6197640426474234,0.971858425588454,0.6479056170589693,0.07394479151314032,0.0509648883548819,0.06472698248791242,1.213418208105057,0.16227986886713203,0.008679388339587285,0.8203638394916931,0.4157835461583763,-0.003930726013062526,0.05018493483349602,3.2809806494147327,2.476796048447631,2.2965439125935,0.1802521358541309,1.6407278947020552,0.9844367368212327,0.6562911578808225,0.0725939101076345,0.04982048449093544,0.06351928330050943,1.221689115338671,0.15776506340418822,0.008765497482853676
2236,0.8098819082609187,0.41326886457483514,0.00040671912149811695,0.0495437127498452,3.2061511676865453,2.4182908698030188,2.234292755267874,0.18399811453514472,1.6197640206977857,0.9718584124186714,0.6479056082791143,0.07394479264882539,0.05096488931698144,0.06472698355522546,1.2134182012036119,0.1622798684336262,0.008679388324868219,0.8203638362517083,0.4157835467104286,-0.003930725148982232,0.0501849345526666,3.2809806013158482,2.4767960173516923,2.2965438774377356,0.18025213991395655,1.6407278731301884,0.9844367238781127,0.6562911492520758,0.0725939111883557,0.049820485406472145,0.0635192843171368,1.2216891086519592,0.15776506300181425,0.008765497468719699
2237,0.8098819051483181,0.41326886511140365,0.0004067198956740903,0.049543712481767616,3.2061511219904157,2.4182908402309873,2.234292721822301,0.18399811840868627,1.619764000280191,0.9718584001681146,0.6479056001120763,0.07394479371523606,0.05096489022039493,0.06472698455677842,1.2134181947226226,0.1622798680271513,0.008679388310998166,0.8203638332094453,0.41578354722345,-0.0039307243538196784,0.05018493428390576,3.2809805563264955,2.47679598820089,2.296543844485989,0.18025214371490114,1.6407278530675113,0.9844367118405065,0.6562911412270048,0.07259391220299506,0.049820486266027406,0.0635192852709693,1.2216891023735532,0.15776506262452736,0.008765497455398386
2238,0.8098819022252185,0.4132688656109241,0.0004067206074440527,0.0495437122252591,3.2061510792285524,2.418290812496882,2.234292690459451,0.18399812203743113,1.6197639812818356,0.9718583887691015,0.6479055925127342,0.0739447947170723,0.05096489106910397,0.06472698549707126,1.2134181886335684,0.16227986764601587,0.008679388297932373,0.8203638303527035,0.41578354770071085,-0.003930723621457771,0.05018493402646907,3.280980514233613,2.4767959608668364,2.2965438135920238,0.18025214727481256,1.6407278344026492,0.9844367006415893,0.65629113376106,0.07259391315604055,0.04982048707340318,0.06351928616630939,1.2216890964757297,0.1577650622707672,0.008765497442847634
2239,0.8098818994798088,0.4132688660764324,0.00040672126229680805,0.049543711979598976,3.2061510392002375,2.418290786479223,2.23429266104102,0.1839981254382026,1.6197639635986958,0.9718583781592176,0.6479055854394782,0.07394479565871061,0.050964891866816124,0.06472698638028972,1.2134181829098922,0.16227986728861948,0.008679388285627376,0.8203638276699516,0.4157835481451721,-0.003930722946381943,0.05018493377965296,3.280980474838919,2.4767959352294415,2.296543784619164,0.18025215061027736,1.640727817032925,0.9844366902197547,0.6562911268131703,0.07259391405167204,0.04982048783214051,0.06351928700715972,1.2216890909326668,0.15776506193905565,0.008765497431026448
2240,0.8098818969009376,0.4132688665106808,0.00040672186518549147,0.04954371174410677,3.20615100171863,2.4182907620643963,2.234292633437757,0.18399812862663933,1.619763947134788,0.9718583682808729,0.6479055788539151,0.07394479654422789,0.050964892616985155,0.06472698721032881,1.2134181775268535,0.16227986695344906,0.008679388274041097,0.8203638251502929,0.4157835485595164,-0.003930722323616451,0.05018493354279259,3.2809804379578056,2.4767959111763505,2.296543757439632,0.1802521537367182,1.6407278008636228,0.9844366805181735,0.6562911203454493,0.07259391489378426,0.049820488545538805,0.06351928779724547,1.2216890857203055,0.15776506162799375,0.008765497419894994
2241,0.8098818944780791,0.4132688669161651,0.00040672242058149843,0.049543711518140285,3.206150966609757,2.418290739146141,2.234292607528859,0.18399813161728196,1.619763931801497,0.9718583590808982,0.6479055727205987,0.07394479737742266,0.05096489332282899,0.06472698799081383,1.213418172461403,0.16227986663907512,0.008679388263132876,0.8203638227834338,0.4157835489461739,-0.003930721748671442,0.05018493331526002,3.2809804034183414,2.4767958886024286,2.29654373193395,0.18025215666847863,1.6407277858073193,0.9844366714843914,0.6562911143229279,0.07259391568600684,0.0498204892166729,0.06351928854003468,1.2216890808162233,0.15776506133625817,0.00876549740941469
2242,0.8098818922013039,0.4132688672951497,0.0004067229325260546,0.049543711301093696,3.206150933711593,2.4182907176250694,2.234292583201415,0.18399813442365415,1.619763917516963,0.9718583505101778,0.6479055670067851,0.07394479816183468,0.050964893987346355,0.0647269887251199,1.2134181676920592,0.16227986634414832,0.008679388252863542,0.8203638205596583,0.4157835493073484,-0.00393072121748908,0.05018493309646251,3.28098037106038,2.4767958674093173,2.296543707990416,0.18025215941890138,1.6407277717832742,0.9844366630699644,0.6562911087133099,0.07259391643172287,0.04982048984840881,0.06351928923875644,1.2216890761995218,0.15776506106259847,0.008765497399548263
2243,0.809881890061252,0.4132688676496908,0.000406723404676311,0.04954371109239595,3.2061509028732234,2.4182906974082417,2.234292560349907,0.1839981370583346,1.6197639042055272,0.9718583425233163,0.6479055616822109,0.07394479890076264,0.05096489461333173,0.06472698941638938,1.2134181631988055,0.16227986606739606,0.008679388243195437,0.8203638184697994,0.415783549645038,-0.003930720726400355,0.05018493288584089,3.2809803407347293,2.4767958475050014,2.296543685504602,0.18025216200039917,1.6407277587168785,0.9844366552301269,0.6562911034867516,0.07259391713408558,0.04982049044341784,0.06351928989641764,1.2216890718507214,0.15776506080583386,0.008765497390259802
2244,0.8098818880491079,0.4132688679816563,0.00040672384034473597,0.049543710891509246,3.2061508739540847,2.4182906784087734,2.2342925388757497,0.18399813953302357,1.6197638917972248,0.9718583350783349,0.6479055567188899,0.07394479959728026,0.05096489520338905,0.06472699006754785,1.2134181589629898,0.16227986580761972,0.008679388234092483,0.8203638165052176,0.41578354996105643,-0.003930720272082043,0.05018493268286809,3.2809803123023995,2.4767958288034295,2.2965436643789094,0.18025216442452005,1.6407277465391505,0.9844366479234902,0.6562910986156604,0.07259391779603379,0.04982049100418954,0.06351929051581813,1.2216890677516679,0.15776506056485107,0.008765497381514805
2245,0.8098818861565744,0.41326886829274495,0.0004067242425360301,0.04954371069792737,3.2061508468232516,2.4182906605454613,2.234292518686857,0.1839981418586043,1.619763880227324,0.9718583281363944,0.6479055520909296,0.07394480025425139,0.05096489575994442,0.06472699068131907,1.213418154967233,0.16227986556369106,0.008679388225520156,0.8203638146577756,0.41578355025705077,-0.003930719851519507,0.0501849324870478,3.280980285633912,2.476795811224152,2.2965436445221448,0.180252166702007,1.6407277351862788,0.9844366411117672,0.6562910940745116,0.07259391842030598,0.04982049153304388,0.06351929109956482,1.2216890638854438,0.15776506033860088,0.00876549737328021
2246,0.8098818843758508,0.41326886858450235,0.0004067246139814809,0.04954371051117447,3.2061508213587895,2.418290643742444,2.2342924996972453,0.18399814404519893,1.6197638694359067,0.971858321661544,0.6479055477743627,0.07394480087434388,0.050964896285257924,0.06472699126023848,1.2134181511953464,0.16227986533454958,0.00867938821744555,0.8203638129198191,0.4157835505345184,-0.003930719461974437,0.05018493229791307,3.280980260608661,2.476795794691991,2.2965436258491376,0.18025216884285333,1.6407277245992058,0.9844366347595234,0.6562910898396824,0.07259391900945361,0.049820492032142345,0.06351929165008476,1.2216890602362884,0.15776506012609667,0.008765497365524424
2247,0.8098818826996109,0.41326886885833797,0.00040672495716858464,0.04954371033080357,3.2061507974471506,2.4182906279288816,2.234292481826659,0.18399814610222262,1.6197638593674861,0.9718583156204916,0.6479055437469945,0.0739448014600425,0.050964896781434545,0.0647269918066661,1.2134181476322514,0.16227986511919995,0.008679388209837352,0.8203638112841531,0.41578355079482154,-0.003930719100954966,0.050184932115025074,3.2809802371143206,2.4767957791367254,2.2965436082803716,0.18025217085635384,1.6407277147232489,0.9844366288339492,0.6562910858892996,0.07259391956585315,0.049820492503498154,0.063519292169637,1.2216890567895207,0.157765059926411,0.008765497358217335
2248,0.8098818811209793,0.41326886911553645,0.0004067252743651384,0.04954371015639523,3.2061507749826195,2.4182906130386526,2.2342924650002236,0.18399814803842918,1.6197638499706597,0.9718583099823958,0.647905539988264,0.07394480201366085,0.050964897250434245,0.06472699232279812,1.2134181442639087,0.1622798649167088,0.008679388202665842,0.8203638097440239,0.41578355103920145,-0.003930718766187571,0.050184931937971786,3.2809802150463026,2.4767957644928016,2.29654359174165,0.18025217275115157,1.6407277055077545,0.9844366233046526,0.6562910822031018,0.07259392009171751,0.04982049294898597,0.06351929266032388,1.22168905353147,0.15776505973867358,0.00876549735133033
2249,0.8098818796335135,0.4132688693572729,0.00040672556764385914,0.04954370998755636,3.206150753866789,2.4182905990100747,2.234292449148115,0.18399814986195961,1.6197638411977897,0.9718583047186737,0.647905536479116,0.07394480253735268,0.05096489769408159,0.06472699281067787,1.2134181410772487,0.1622798647262021,0.008679388195902901,0.8203638082930982,0.41578355126879013,-0.003930718455595533,0.05018493176636689,3.280980194307242,2.4767957506990546,2.2965435761637716,0.1802521745352829,1.6407276969057836,0.9844366181434702,0.6562910787623134,0.07259392058910664,0.049820493370350896,0.06351929312410137,1.221689050449412,0.1577650595620692,0.008765497344836268
2250,0.8098818782311806,0.4132688695846217,0.0004067258389044148,0.049543709823918876,3.2061507340080806,2.4182905857856336,2.2342924342052526,0.18399815158038116,1.6197638330047135,0.971858299802828,0.6479055332018855,0.0739448030331222,0.05096489811407447,0.06472699327220607,1.2134181380601088,0.16227986454686266,0.008679388189521966,0.8203638069254443,0.4157835514846223,-0.003930718167276595,0.050184931599848465,3.280980174806526,2.4767957376984495,2.296543561482231,0.18025217621621836,1.640727688873825,0.984436613324295,0.6562910755495299,0.07259392105993738,0.04982049376921678,0.06351929356278879,1.221689047531504,0.1577650593958349,0.008765497338709502
2251,0.809881876908339,0.4132688697985681,0.00040672608988924497,0.04954370966513846,3.20615071532129,2.4182905733117313,2.234292420111003,0.18399815320072835,1.6197638253504785,0.971858295210287,0.6479055301401915,0.07394480350283417,0.05096489851199259,0.06472699370915044,1.213418135201174,0.16227986437792735,0.008679388183498008,0.8203638056355131,0.41578355168764475,-0.003930717899484848,0.05018493143807791,3.2809801564598535,2.4767957254378357,2.2965435476369347,0.1802521778009008,1.6407276813715312,0.9844366088229188,0.6562910725486124,0.07259392150599292,0.04982049414709428,0.06351929397807791,1.2216890447667321,0.15776505923925777,0.008765497332925832
2252,0.8098818756597191,0.41326887000001655,0.000406726322200332,0.049543709510893444,3.206150697727173,2.4182905615384525,2.234292406808914,0.1839981547295383,1.6197638181970984,0.9718582909182589,0.6479055272788394,0.07394480394822267,0.05096489888930499,0.06472699412315441,1.2134181324899207,0.16227986421868446,0.008679388177807513,0.8203638044181204,0.4157835518787257,-0.003930717650614493,0.050184931280738775,3.280980139188815,2.476795713867708,2.2965435345719265,0.1802521792957817,1.6407276743614807,0.9844366046168885,0.6562910697445922,0.07259392192893134,0.04982049450538802,0.06351929437154134,1.2216890421448523,0.15776505909167282,0.008765497327462506
2253,0.8098818744804025,0.4132688701897994,0.00040672653731445296,0.04954370936088349,3.2061506811520397,2.4182905504193264,2.2342923942464403,0.18399815617288595,1.6197638115093327,0.9718582869055995,0.6479055246037332,0.07394480437090015,0.05096489924737769,0.06472699451574566,1.2134181299165645,0.16227986406847097,0.008679388172428415,0.8203638032684271,0.4157835520586624,-0.003930717419185714,0.05018493112753554,3.280980122920517,2.4767957029419962,2.296543522235143,0.18025218070685337,1.6407276678089568,0.9844366006853742,0.6562910671235826,0.072593922330294,0.0498204948454038,0.06351929474464059,1.2216890396563431,0.15776505895246035,0.00876549732229816
2254,0.8098818733658054,0.41326887036868376,0.0004067267365959609,0.04954370921482848,3.2061506655273964,2.418290539911123,2.2342923823747083,0.18399815753641505,1.61976380525448,0.971858283152688,0.6479055221017921,0.07394480477236538,0.05096489958748035,0.06472699488834387,1.2134181274720106,0.16227986392667032,0.008679388167340082,0.820363802181922,0.415783552228189,-0.003930717203832472,0.05018493097819261,3.280980107587201,2.4767956926178356,2.296543510578153,0.18025218203968274,1.6407276616817466,0.9844365970090481,0.6562910646726985,0.07259392271151319,0.04982049516835494,0.06351929509873344,1.2216890372923566,0.15776505882104383,0.00876549731741279
2255,0.8098818723116589,0.4132688705373779,0.0004067269213052574,0.04954370907246736,3.20615065078959,2.418290529973642,2.234292371148274,0.18399815882536813,1.6197637994021932,0.9718582796413159,0.6479055197608773,0.07394480515401101,0.05096489991079277,0.06472699524226799,1.2134181251478073,0.16227986379270945,0.008679388162523245,0.8203638011544059,0.415783552387983,-0.003930717003288134,0.050184930832453095,3.2809800931259163,2.4767956828553817,2.2965434995559426,0.1802521832994391,1.6407276559499557,0.9844365935699736,0.6562910623799821,0.07259392307391947,0.049820495475368695,0.06351929543508114,1.2216890350446734,0.15776505869688773,0.008765497312787723
2256,0.8098818713139916,0.41326887069653784,0.00040672709261110884,0.04954370893355699,3.2061506368794794,2.418290520569512,2.234292360524896,0.18399816004461622,1.619763793924306,0.9718582763545836,0.6479055175697224,0.07394480551713126,0.05096490021841134,0.06472699557874362,1.213418122936102,0.16227986366605676,0.00867938815795993,0.8203638001819715,0.41578355253866983,-0.003930716816381852,0.05018493069007776,3.280980079478193,2.4767956736176093,2.296543489126688,0.18025218449092148,1.6407276505858412,0.984436590351505,0.6562910602343363,0.07259392341874862,0.04982049576749191,0.0635192957548549,1.2216890329056591,0.15776505857949497,0.00876549730840554
2257,0.8098818703691121,0.4132688708467714,0.0004067272515968501,0.04954370879787094,3.206150623742136,2.4182905116640145,2.234292350465332,0.18399816119868262,1.6197637887946739,0.9718582732768044,0.6479055155178695,0.07394480586292822,0.05096490051135444,0.0647269958989089,1.2134181208295993,0.16227986354621932,0.00867938815363344,0.8203637992609889,0.41578355268083006,-0.0039307166420254475,0.05018493055084387,3.2809800665897315,2.4767956648701275,2.2965434792515405,0.18025218561858705,1.6407276455636517,0.9844365873381913,0.6562910582254604,0.0725939237471483,0.04982049604569683,0.06351929605914225,1.221689030868225,0.15776505846840505,0.008765497304250048
2258,0.8098818694735914,0.4132688709886438,0.0004067273992690232,0.049543708665198416,3.2061506113265428,2.4182905032248954,2.2342923409331252,0.18399816229177032,1.6197637839890289,0.9718582703934174,0.6479055135956114,0.07394480619251893,0.050964900790568354,0.06472699620382141,1.213418118821521,0.16227986343274065,0.008679388149528252,0.8203637983880869,0.415783552815002,-0.00393071647920782,0.05018493041454405,3.2809800544101226,2.476795656581005,2.2965434698944316,0.18025218668657345,1.6407276408594844,0.9844365845156909,0.6562910563437935,0.07259392406018422,0.04982049631088629,0.0635192963489531,1.2216890289257867,0.15776505836319152,0.008765497300306204
2259,0.8098818686242462,0.41326887112268124,0.000406727536562769,0.049543708535343026,3.206150599585321,2.4182904952221986,2.234292331894414,0.18399816332778435,1.6197637794848445,0.9718582676909068,0.6479055117939377,0.07394480650694123,0.050964901056932285,0.06472699649446359,1.213418116905569,0.16227986332519825,0.00867938814562997,0.8203637975601382,0.41578355294168706,-0.003930716326987813,0.05018493028098517,3.280980042892573,2.4767956487206035,2.296543461021881,0.18025218769872284,1.6407276364511534,0.9844365818706923,0.6562910545804611,0.072593924358846,0.049820496563898656,0.06351929662522512,1.2216890270722307,0.15776505826346,0.00876549729656008
2260,0.8098818678181222,0.41326887124937434,0.00040672766434843993,0.0495437084081216,3.206150588474474,2.4182904876281017,2.2342923233177485,0.1839981643103532,1.619763775261209,0.9718582651567256,0.6479055101044835,0.07394480680715976,0.05096490131126344,0.06472699677174845,1.2134181150758894,0.1622798632232015,0.008679388141925261,0.8203637967742416,0.41578355306135234,-0.003930716184489397,0.05018493014998714,3.280980031993641,2.476795641261406,2.2965434526028012,0.18025218865860468,1.6407276323180655,0.9844365793908396,0.6562910529272259,0.07259392464405316,0.04982049680551289,0.06351929688882943,1.2216890253018773,0.15776505816884603,0.008765497292998754
2261,0.809881867052477,0.4132688713691805,0.00040672778343432,0.04954370828336303,3.2061505779531343,2.4182904804167564,2.2342923151739065,0.18399816524285015,1.6197637712987125,0.9718582627792277,0.6479055085194848,0.0739448070940716,0.05096490155432181,0.06472699703652487,1.2134181133270392,0.16227986312638903,0.008679388138401762,0.8203637960277075,0.41578355317443394,-0.003930716050898432,0.05018493002138176,3.2809800216730025,2.476795634177872,2.296543444608338,0.1802521895695342,1.6407276284411072,0.9844365770646646,0.6562910513764426,0.07259392491666017,0.049820497036452846,0.06351929714057539,1.2216890236094482,0.15776505807901287,0.008765497289610295
2262,0.8098818663247679,0.4132688714825283,0.00040672789457267544,0.049543708160907016,3.206150567983348,2.4182904735641575,2.2342923074357457,0.18399816612841186,1.6197637675793366,0.9718582605476023,0.6479055070317343,0.07394480736851133,0.05096490178681439,0.06472699728958242,1.2134181116539529,0.16227986303442662,0.00867938813504806,0.820363795318041,0.4157835532813391,-0.003930715925454832,0.050184929895011346,3.280980011893221,2.47679562744629,2.2965434370116977,0.18025219043459229,1.6407276248025382,0.9844365748815231,0.6562910499210151,0.07259392517746155,0.049820497257391655,0.0635192973812154,1.2216890219900343,0.1577650579936492,0.008765497286383647
2263,0.8098818656326315,0.4132688715898172,0.0004067279984624958,0.049543708040602666,3.206150558529839,2.418290467047981,2.2342923000780246,0.18399816696995633,1.6197637640863567,0.9718582584518143,0.6479055056345424,0.07394480763125647,0.050964902009399835,0.06472699753165623,1.2134181100519135,0.162279862947005,0.008679388131853542,0.8203637946429284,0.41578355338244843,-0.003930715807452426,0.05018492977072753,3.280980002619529,2.4767956210446362,2.2965434297879934,0.18025219125664294,1.6407276213858926,0.9844365728315357,0.6562910485543568,0.072593925427197,0.04982049746895591,0.06351929761144962,1.221689020439067,0.15776505791246748,0.008765497283308594
2264,0.8098818649738726,0.4132688716914204,0.0004067280957528868,0.04954370792230714,3.206150549559818,2.4182904608474685,2.2342922930772695,0.18399816777019892,1.6197637608042474,0.9718582564825488,0.6479055043216987,0.07394480788303183,0.05096490222269222,0.06472699776343134,1.2134181085165217,0.1622798628638376,0.008679388128808387,0.8203637940002207,0.4157835534781174,-0.003930715696234606,0.05018492964838967,3.2809799938196247,2.476795614952441,2.296543422914091,0.18025219203834988,1.6407276181758892,0.9844365709055337,0.6562910472703555,0.07259392566655593,0.04982049767172965,0.06351929783193025,1.2216890189522869,0.15776505783520134,0.008765497280375656
2265,0.8098818643464464,0.41326887178768507,0.0004067281870457004,0.04954370780588397,3.206150541042786,2.418290454943295,2.2342922864116277,0.18399816853166712,1.6197637577185975,0.9718582546311587,0.6479055030874388,0.07394480812451454,0.050964902427265125,0.06472699798554708,1.2134181070436687,0.16227986278465822,0.008679388125903426,0.8203637933879199,0.4157835535686767,-0.003930715591190938,0.0501849295278633,3.280979985463479,2.4767956091506633,2.2965434163684724,0.18025219278219093,1.6407276151583445,0.9844365690950069,0.6562910460633377,0.07259392589618194,0.04982049786625811,0.06351929804326559,1.2216890175257182,0.15776505776160388,0.008765497277576029
2266,0.8098818637484457,0.4132688718789334,0.00040672827289769953,0.04954370769120131,3.206150532950342,2.4182904493174413,2.2342922800607257,0.18399816925671583,1.619763754816027,0.9718582528896165,0.6479055019264106,0.07394480835633854,0.050964902623655634,0.0647269981986013,1.2134181056295077,0.16227986270921885,0.008679388123130105,0.8203637928041623,0.4157835536544328,-0.003930715491755471,0.050184929409018135,3.2809799775231516,2.476795603621568,2.296543410131095,0.1802521934904727,1.6407276123200942,0.9844365673920568,0.6562910449280375,0.07259392611667749,0.04982049805305168,0.0635192982460243,1.2216890161556395,0.15776505769144514,0.008765497274901484
2267,0.8098818631780837,0.4132688719654615,0.000406728353822397,0.049543707578129634,3.206150525256016,2.418290443953086,2.2342922740055475,0.18399816994753873,1.6197637520841137,0.9718582512504684,0.6479055008336453,0.07394480857909913,0.05096490281236803,0.06472699840315445,1.2134181042704264,0.16227986263728725,0.00867938812048035,0.820363792247205,0.415783553735668,-0.003930715397404874,0.05018492929172587,3.2809799699726154,2.4767955983486076,2.296543404183265,0.18025219416534266,1.6407276096489172,0.9844365657893506,0.6562910438595666,0.0725939263286082,0.04982049823258952,0.06351929844073945,1.2216890148385569,0.15776505762451007,0.008765497272344271
2268,0.8098818626336778,0.41326887204753865,0.00040672843029268546,0.04954370746653913,3.20615051793509,2.418290438834479,2.234292268228298,0.18399817060618062,1.6197637495113193,0.9718582497067918,0.6479054998045275,0.07394480879335773,0.050964902993877945,0.06472699859973383,1.2134181029630176,0.162279862568644,0.008679388117946473,0.8203637917154072,0.4157835538126378,-0.003930715307656443,0.050184929175857235,3.2809799627875775,2.476795593316299,2.2965433985074974,0.18025219480880128,1.6407276071334664,0.9844365642800801,0.6562910428533864,0.07259392653250775,0.04982049840532374,0.06351929862791257,1.221689013571173,0.15776505756059567,0.008765497269897018
2269,0.8098818621136316,0.4132688721254038,0.0004067285027396783,0.04954370735629601,3.2061505109644277,2.4182904339468214,2.2342922627122737,0.18399817123454765,1.6197637470869228,0.971858248252154,0.6479054988347689,0.07394480899964682,0.050964903168636465,0.0647269987888379,1.2134181017040504,0.16227986250308024,0.00867938811552103,0.820363791207212,0.41578355388556876,-0.003930715222068934,0.05018492906127836,3.280979955945315,2.4767955885101056,2.296543393087394,0.1802521954227117,1.6407276047632016,0.9844365628579211,0.6562910419052804,0.07259392672888254,0.0498204985716833,0.0635192988080179,1.2216890123503596,0.1577650574995082,0.008765497267552567
2270,0.8098818616164114,0.4132688721992617,0.0004067285715528418,0.049543707247258234,3.2061505043222986,2.4182904292761402,2.234292257441724,0.18399817183441652,1.619763744800957,0.9718582468805745,0.6479054979203824,0.0739448091984756,0.05096490333707495,0.06472699897094109,1.213418100490434,0.1622798624403929,0.00867938811319664,0.8203637907211248,0.41578355395465366,-0.003930715140239238,0.050184928947846055,3.2809799494244873,2.476795583916303,2.296543387907493,0.18025219600881015,1.6407276025283237,0.9844365615169944,0.6562910410113293,0.07259392691821753,0.04982049873207911,0.06351929898150745,1.2216890111731211,0.15776505744105973,0.00876549726530382
2271,0.8098818611405227,0.41326887226927617,0.00040672863708154233,0.04954370713926931,3.2061504979881845,2.418290424809142,2.234292252401698,0.1839981724074439,1.6197637426441436,0.9718582455864865,0.6479054970576571,0.07394480939033622,0.05096490349961035,0.0647269991464991,1.2134180993191834,0.16227986238038122,0.008679388110965774,0.8203637902556852,0.4157835540200443,-0.003930715061807963,0.050184928835401314,3.2809799432049482,2.476795579521832,2.296543382953118,0.18025219656871405,1.6407276004197167,0.9844365602518302,0.6562910401678864,0.07259392710098245,0.04982049888690904,0.06351929914881593,1.2216890100365556,0.1577650573850636,0.008765497263143499
2272,0.8098818606844715,0.41326887233555726,0.0004067286996280728,0.04954370703214998,3.206150491942572,2.4182904205330424,2.2342922475778715,0.18399817295517085,1.6197637406078338,0.9718582443647007,0.6479054962431331,0.07394480957571105,0.05096490365665128,0.06472699931595474,1.2134180981873701,0.16227986232283992,0.008679388108820437,0.8203637898094308,0.41578355408183865,-0.003930714986457903,0.0501849287237606,3.280979937267527,2.4767955753141244,2.2965433782101976,0.18025219710392695,1.6407275984288818,0.9844365590573294,0.6562910393715524,0.07259392727763903,0.049820499036564284,0.06351929931036682,1.2216890089378114,0.15776505733132817,0.008765497261063815
2273,0.8098818602467208,0.41326887239814664,0.000406728759445342,0.049543706925686784,3.206150486166697,2.41829041643536,2.23429224295633,0.18399817347902966,1.6197637386839447,0.9718582432103672,0.6479054954735776,0.07394480975508186,0.05096490380860588,0.06472699947974533,1.2134180970920712,0.16227986226755126,0.008679388106751718,0.8203637893808501,0.415783554140065,-0.003930714913921073,0.050184928612703565,3.2809799315937704,2.476795571280888,2.2965433736650422,0.18025219761584582,1.6407275965478798,0.9844365579287281,0.6562910386191517,0.07259392744865052,0.04982049918143726,0.06351929946657991,1.2216890078740255,0.15776505727964846,0.008765497259056032
2274,0.8098818598256214,0.41326887245698923,0.00040672881672849936,0.04954370681961501,3.206150480642221,2.4182904125036293,2.234292238523284,0.1839981739803451,1.6197637368648945,0.9718582421189369,0.6479054947459576,0.07394480992894044,0.05096490395589079,0.06472699963831074,1.2134180960303023,0.1622798622142726,0.008679388104749167,0.820363788968312,0.41578355419465324,-0.003930714843985737,0.05018492850195512,3.280979926165606,2.4767955674098108,2.296543369304049,0.18025219810576185,1.6407275947692617,0.9844365568615571,0.6562910379077046,0.07259392761449238,0.04982049932193075,0.06351929961787935,1.2216890068422612,0.15776505722979442,0.008765497257109785
2275,0.8098818594193185,0.41326887251189465,0.00040672887159970417,0.04954370671359547,3.206150475350816,2.4182904087250314,2.2342922342646983,0.183998174460333,1.6197637351435292,0.9718582410861177,0.6479054940574115,0.07394481009780446,0.05096490409894452,0.06472699979210567,1.213418094998922,0.16227986216271942,0.008679388102799834,0.820363788569967,0.4157835542453944,-0.003930714776510913,0.05018492839116072,3.2809799209648993,2.476795563688161,2.2965433651133007,0.18025219857486055,1.6407275930859977,0.9844365558515986,0.6562910372343991,0.07259392777566875,0.049820499458471876,0.06351929976470644,1.2216890058394054,0.15776505718149353,0.008765497255212118
2276,0.8098818590256063,0.4132688725624761,0.0004067289240886826,0.04954370660717888,3.206150470273555,2.418290405085827,2.234292230165731,0.1839981749200963,1.61976373351304,0.9718582401078242,0.6479054934052157,0.07394481026223672,0.050964904238243874,0.06472699994161366,1.2134180939945147,0.1622798621125383,0.008679388100886854,0.8203637881835971,0.41578355429187647,-0.003930714711442358,0.05018492827984869,3.280979915972836,2.476795560102217,2.2965433610780015,0.18025219902421552,1.640727591491391,0.9844365548948346,0.6562910365965564,0.0725939279327317,0.0498204995915283,0.06351929990753352,1.221689004862046,0.15776505713440378,0.008765497253345978
2277,0.8098818586417172,0.4132688726080562,0.00040672897409921305,0.0495437064997544,3.2061504653900643,2.41829040157056,2.23429222620995,0.18399817536061025,1.6197637319668574,0.9718582391801146,0.6479054927867428,0.07394481042287343,0.050964904374327824,0.06472700008736783,1.2134180930132203,0.16227986206326867,0.008679388098987316,0.8203637878063953,0.4157835543333875,-0.003930714648848935,0.05018492816737565,3.2809799111690148,2.476795556636409,2.296543357181632,0.18025219945477677,1.640727589978971,0.9844365539873826,0.6562910359915884,0.0725939280863107,0.049820499721633285,0.06351930004688564,1.2216890039062953,0.15776505708807537,0.008765497251488001
2278,0.8098818582639925,0.41326887264752143,0.000406729021358708,0.04954370639047112,3.2061504606772657,2.4182903981608534,2.2342922223781563,0.18399817578269695,1.6197637304985153,0.9718582382991093,0.647905492199406,0.07394481058046137,0.05096490450782899,0.06472700022997692,1.2134180920505069,0.16227986201428113,0.008679388097068906,0.8203637874346237,0.41578355436876535,-0.003930714588967987,0.05018492805284361,3.280979906530126,2.4767955532720607,2.296543353404714,0.18025219986734636,1.640727588542353,0.9844365531254118,0.6562910354169411,0.07259392823715069,0.049820499849417915,0.06351930018336716,1.221689002967551,0.15776505704188917,0.008765497249605096
2279,0.8098818578873794,0.4132688726790943,0.0004067290653502059,0.04954370627811828,3.2061504561074705,2.418290394833573,2.234292218646593,0.18399817618697983,1.619763729101462,0.9718582374608774,0.6479054916405845,0.07394481073590886,0.05096490463951688,0.06472700037015988,1.2134180911008627,0.1622798619646845,0.008679388095084827,0.820363787063088,0.4157835543961597,-0.0039307145322695705,0.050184927934973214,3.280979902027955,2.4767955499854613,2.2965433497229295,0.18025220026253194,1.6407275871750424,0.9844365523050255,0.6562910348700169,0.07259392838616424,0.049820499975655255,0.06351930031769705,1.221689002040176,0.1577650569949634,0.008765497247649058
2280,0.8098818575046248,0.4132688726999592,0.0004067291052136657,0.04954370616093497,3.206150451645476,2.41829039155799,2.2342922149842006,0.18399817657378914,1.619763727768792,0.9718582366612755,0.6479054911075165,0.07394481089035006,0.05096490477035226,0.06472700050878541,1.213418090157405,0.16227986191317492,0.008679388092965472,0.8203637866843013,0.4157835544126483,-0.003930714479548125,0.050184927811903104,3.2809798976263176,2.4767955467448823,2.296543346104224,0.18025220064065803,1.640727585870156,0.9844365515220936,0.6562910343480624,0.07259392853449759,0.049820500101316376,0.0635193004507496,1.2216890011170898,0.15776505694600343,0.00876549724554804
2281,0.8098818571049529,0.41326887270564006,0.000406729139629948,0.04954370603629465,3.2061504472439566,2.4182903882912377,2.2342922113482535,0.18399817694298432,1.6197637264928377,0.9718582358957029,0.6479054905971349,0.07394481104521752,0.05096490490154879,0.06472700064690709,1.2134180892114408,0.16227986185778717,0.008679388090604732,0.82036378628711,0.4157835544135936,-0.00393071443202455,0.05018492768085743,3.280979893276207,2.4767955435057982,2.2965433425042066,0.18025220100159173,1.6407275846200007,0.9844365507720004,0.6562910338480002,0.07259392868360517,0.04982050022763336,0.06351930058359034,1.221689000189307,0.15776505689305345,0.008765497243192344
2282,0.8098818566717566,0.4132688726888761,0.0004067181502838274,0.04954370590014498,3.2061504428358836,2.4182903849707236,2.2342922076771567,0.18399817729356704,1.6197637252645445,0.9718582351587269,0.6479054901058175,0.07394481120228823,0.05096490503461176,0.06472700078575001,1.2134180882521872,0.16227986179545711,0.00867938808783576,0.8203637858543069,0.4157835543914902,-0.003930725209884453,0.050184927537556934,3.2809798889078383,2.4767955402029473,2.2965433388585845,0.1802522013443629,1.6407275834154227,0.9844365500492536,0.6562910333661691,0.07259392883529647,0.04982050035613918,0.06351930071746227,1.22168899924565,0.15776505683306222,0.008765497240409462
2283,0.8098818577789988,0.4132688732038891,0.00040673318006908404,0.04954370620326233,3.2061504383213006,2.41829038785269,2.2342922103151928,0.18399817753749687,1.619763713343513,0.971858228006108,0.647905485337405,0.07394481089483622,0.05096490477415273,0.06472700068194755,1.2134180901113811,0.1622798619125321,0.008679388099243426,0.820363786957314,0.4157835549104924,-0.0039307104369702625,0.05018492785307825,3.280979884416776,2.4767955429943345,2.2965433413916077,0.18025220160272687,1.640727571708614,0.9844365430251685,0.6562910286834456,0.07259392852607066,0.04982050009417746,0.06351930061467355,1.2216890011488701,0.15776505694893478,0.00876549725182122
2284,0.8098818570689368,0.4132688730708531,0.00040672926999920506,0.04954370597752028,3.206150435527513,2.4182903840113035,2.2342922061927144,0.18399817781858907,1.6197637155579974,0.9718582293347986,0.6479054862231988,0.07394481116260138,0.05096490500099091,0.06472700086239892,1.2134180884806052,0.16227986183072193,0.008679388093736667,0.8203637862534985,0.4157835547717048,-0.003930714300835088,0.050184927617840755,3.2809798817158007,2.476795539235383,2.296543337367024,0.1802522018683594,1.640727573914628,0.9844365443487768,0.6562910295658513,0.07259392878673852,0.04982050031500314,0.06351930078790852,1.2216889995322273,0.15776505687016226,0.008765497246335602
2285,0.8098818569831624,0.4132688731922273,0.00040673062017709816,0.04954370593526278,3.2061504321880863,2.4182903818923447,2.234292203705362,0.18399817818698302,1.6197637141378736,0.9718582284827244,0.6479054856551492,0.07394481121795402,0.050964905047883105,0.06472700093236698,1.2134180881388446,0.16227986182454918,0.008679388094331969,0.8203637861764815,0.4157835548918261,-0.003930712934350877,0.050184927572748075,3.2809798784362867,2.476795537162365,2.2965433349320885,0.18025220223027635,1.640727572506997,0.9844365435041982,0.6562910290027988,0.07259392883621618,0.049820500356918304,0.06351930085288171,1.221688999220254,0.15776505686567383,0.008765497246998571
2286,0.8098818566647522,0.41326887321271366,0.00040673010466960036,0.04954370582993253,3.2061504291381544,2.418290379260239,2.234292200758359,0.18399817850188002,1.619763713966325,0.9718582283797953,0.6479054855865297,0.07394481135810961,0.0509649051666164,0.06472700105065958,1.2134180872825584,0.16227986178976767,0.00867938809259759,0.8203637858638995,0.4157835549095206,-0.00393071344134012,0.05018492746262965,3.2809798754492,2.4767955345746095,2.2965433320374222,0.18025220253718732,1.640727572352963,0.9844365434117778,0.6562910289411853,0.07259392897040896,0.0498205004706002,0.0635193009658533,1.2216889983850407,0.1577650568329585,0.008765497245302933
2287,0.8098818564423282,0.4132688732668191,0.00040673030382756825,0.04954370574442378,3.20615042608268,2.4182903769075357,2.234292198084977,0.18399817882255895,1.6197637133295042,0.9718582279977028,0.6479054853318014,0.07394481146896134,0.050964905260524815,0.06472700115199606,1.2134180866041773,0.16227986176581222,0.008679388091751006,0.8203637856473676,0.4157835549611171,-0.003930713229120718,0.05018492737268364,3.2809798724491057,2.4767955322629804,2.2965433294124264,0.18025220285055404,1.640727571727799,0.9844365430366793,0.6562910286911197,0.0725939290758696,0.04982050055994154,0.06351930106239857,1.2216889977274072,0.15776505681073313,0.008765497244495603
2288,0.8098818561924069,0.4132688733072686,0.0004067302335114126,0.04954370565244404,3.206150423121128,2.4182903745222344,2.2342921953903336,0.18399817913190097,1.6197637128846565,0.9718582277307942,0.6479054851538623,0.07394481159052928,0.050964905363511524,0.06472700125998065,1.2134180858608463,0.1622798617386544,0.008679388090613185,0.8203637854027077,0.41578355499900993,-0.0039307132875643774,0.050184927276118355,3.2809798695387684,2.476795529914889,2.2965433267619275,0.18025220315296125,1.6407275712947351,0.9844365427768409,0.6562910285178942,0.07259392919212047,0.049820500658423875,0.06351930116567801,1.2216889970032039,0.15776505678530772,0.008765497243392886
2289,0.8098818559589145,0.41326887334973134,0.0004067302584999724,0.04954370556210114,3.206150420221616,2.4182903722244515,2.2342921927907273,0.18399817943372412,1.6197637123848139,0.9718582274308886,0.6479054849539253,0.07394481170865166,0.050964905463579305,0.06472700136578846,1.2134180851385048,0.16227986171301878,0.008679388089593003,0.8203637851739123,0.4157835550388751,-0.00393071325099055,0.05018492718113517,3.2809798666860583,2.476795527650984,2.2965433242028093,0.18025220344817472,1.6407275708054156,0.9844365424832492,0.6562910283221665,0.07259392930522254,0.04982050075423869,0.06351930126703334,1.2216889962985387,0.15776505676127148,0.008765497242403025
2290,0.8098818557272964,0.41326887338957535,0.0004067302523318092,0.04954370547118874,3.2061504173927586,2.4182903699699327,2.234292190242061,0.18399817972787158,1.619763711917829,0.9718582271506976,0.6479054847671314,0.07394481182723711,0.05096490556403939,0.06472700147176384,1.2134180844134335,0.1622798616874668,0.00867938808856012,0.8203637849465679,0.4157835550761257,-0.00393071324541211,0.050184927085532585,3.280979863900079,2.4767955254274256,2.2965433216913844,0.18025220373604123,1.6407275703478243,0.9844365422086944,0.65629102813913,0.07259392941894921,0.04982050085058262,0.06351930136870718,1.2216889955901014,0.15776505673724678,0.0087654972413974
2291,0.8098818555020716,0.4132688734282676,0.00040673025663068296,0.049543705380404215,3.20615041463103,2.41829036777267,2.234292187758274,0.1839981800143957,1.6197637114545929,0.9718582268727559,0.6479054845818369,0.0739448119447304,0.05096490566357425,0.06472700157684025,1.2134180836950688,0.16227986166244648,0.008679388087555279,0.8203637847251684,0.4157835551122108,-0.003930713229619007,0.05018492699001017,3.2809798611776535,2.47679552325835,2.2965433192417724,0.18025220401657757,1.640727569893136,0.9844365419358814,0.6562910279572547,0.07259392953176791,0.04982050094615737,0.06351930146964471,1.2216889948873586,0.1577650567136676,0.00876549724041627
2292,0.8098818552819028,0.4132688734655505,0.00040673025903018023,0.04954370528964827,3.2061504119360342,2.4182903656271724,2.234292185333548,0.18399818029362425,1.6197637110041432,0.9718582266024861,0.6479054844016571,0.07394481206124849,0.050964905762282936,0.06472700168103343,1.2134180829827028,0.16227986163785812,0.008679388086568028,0.8203637845084448,0.41578355514688653,-0.003930713215732032,0.05018492689447737,3.280979858518711,2.4767955211385986,2.296543316848509,0.18025220429008942,1.640727569450337,0.984436541670202,0.6562910277801349,0.07259392964376321,0.04982050104103457,0.06351930156983561,1.221688994189789,0.15776505669044513,0.008765497239449829
2293,0.8098818550671525,0.41326887350163244,0.0004067302634038275,0.04954370519901889,3.206150409306541,2.4182903635339827,2.2342921829682574,0.18399818056572517,1.6197637105638056,0.9718582263382836,0.6479054842255221,0.07394481217651457,0.05096490585993099,0.064727001784118,1.2134180822780136,0.16227986161375355,0.008679388085602478,0.8203637842967844,0.41578355518036136,-0.0039307131999591835,0.050184926799036786,3.280979855922341,2.4767955190689284,2.296543314512207,0.1802522045567213,1.6407275690168894,0.9844365414101336,0.6562910276067558,0.07259392975464729,0.04982050113497041,0.0635193016690435,1.2216889934991702,0.15776505666763424,0.008765497238502316
2294,0.8098818548576697,0.4132688735365865,0.0004067302688128688,0.04954370510854837,3.2061504067412696,2.4182903614916285,2.2342921806606864,0.1839981808309423,1.619763710134305,0.9718582260805833,0.6479054840537217,0.07394481229041625,0.05096490595642319,0.06472700188598615,1.2134180815816844,0.16227986159013658,0.008679388084658382,0.8203637840900707,0.4157835552127122,-0.003930713183202414,0.05018492670372543,3.280979853387539,2.4767955170480938,2.296543312231398,0.18025220481669582,1.6407275685935687,0.9844365411561412,0.6562910274374275,0.07259392986429321,0.04982050122785733,0.06351930176714775,1.2216889928162864,0.15776505664524326,0.008765497237573756
2295,0.8098818546534694,0.4132688735705313,0.0004067302757456981,0.049543705018282966,3.2061504042389815,2.4182903594992755,2.2342921784097776,0.18399818108949814,1.6197637097153395,0.9718582258292039,0.6479054838861356,0.07394481240283395,0.050964906051658224,0.0647270019865326,1.2134180808944397,0.1622798615670275,0.008679388083736922,0.8203637838883489,0.4157835552440604,-0.003930713164969679,0.05018492660859384,3.2809798509133343,2.4767955150754655,2.2965433100052497,0.1802522050702157,1.6407275681801412,0.9844365409080847,0.6562910272720565,0.07259392997256973,0.04982050131958417,0.06351930186403246,1.2216889921419476,0.15776505662329637,0.008765497236665556
2296,0.8098818544545092,0.41326887360357023,0.0004067302841759268,0.04954370492825702,3.206150401798367,2.418290357555831,2.2342921762142036,0.18399818134162743,1.619763709306939,0.9718582255841636,0.6479054837227755,0.07394481251368999,0.050964906145570324,0.06472700208568656,1.2134180802167518,0.16227986154444066,0.008679388082838791,0.8203637836916057,0.41578355527451233,-0.003930713145278,0.05018492651368012,3.2809798484986614,2.4767955131501407,2.2965433078326427,0.1802522053174979,1.6407275677766977,0.9844365406660187,0.656291027110679,0.07259393007938875,0.049820501410076254,0.0635193019596175,1.2216889914766993,0.15776505660181153,0.008765497235778621
2297,0.8098818542608006,0.4132688736358257,0.00040673029429572766,0.0495437048385088,3.2061503994182514,2.4182903556604036,2.23429217407284,0.18399818158756343,1.6197637089090184,0.9718582253454112,0.6479054835636072,0.07394481262291844,0.05096490623810357,0.06472700218338953,1.2134180795490206,0.16227986152239807,0.008679388081965176,0.8203637834998798,0.41578355530419325,-0.003930713123931583,0.05018492641902616,3.2809798461425768,2.4767955112714084,2.2965433057126496,0.1802522055587586,1.6407275673832116,0.984436540429927,0.6562910269532846,0.0725939301846749,0.04982050149926978,0.06351930205383588,1.2216889908210065,0.1577650565808142,0.00876549723491436
2298,0.809881854072332,0.41326887366741344,0.00040673030610268585,0.04954370474906985,3.2061503970974123,2.418290353811995,2.2342921719844515,0.1839981818275435,1.6197637085216012,0.9718582251129609,0.6479054834086403,0.07394481273048079,0.05096490632922539,0.06472700227960639,1.2134180788914792,0.16227986150091908,0.008679388081117075,0.8203637833131854,0.41578355533322164,-0.0039307131009253815,0.050184926324666694,3.2809798438440723,2.4767955094384364,2.2965433036442167,0.18025220579421997,1.6407275669997594,0.9844365401998557,0.6562910267999037,0.07259393028838154,0.049820501587125234,0.06351930214664517,1.2216889901751564,0.157765056560327,0.00876549723407396
2299,0.809881853889132,0.4132688736984633,0.0004067303197174271,0.04954370465997479,3.2061503948347583,2.4182903520097634,2.2342921699479596,0.18399818206180366,1.619763708144664,0.9718582248867987,0.6479054832578653,0.073944812836347,0.05096490641891032,0.0647270023743106,1.2134180782443107,0.1622798614800294,0.008679388080295843,0.8203637831315764,0.4157835553617307,-0.003930713076134719,0.05018492623063943,3.2809798416022553,2.4767955076505372,2.296543301626433,0.1802522060241044,1.6407275666263705,0.9844365399758224,0.6562910266505482,0.0725939303904714,0.04982050167361102,0.0635193022380123,1.2216889895393805,0.1577650565403785,0.008765497233258982
2300,0.8098818537112282,0.4132688737291055,0.0004067303351525803,0.04954370457125629,3.2061503926292385,2.4182903502528603,2.2342921679622796,0.18399818229058074,1.619763707778264,0.9718582246669587,0.6479054831113054,0.07394481294050387,0.05096490650714716,0.06472700246749016,1.2134180776075945,0.1622798614597553,0.008679388079502848,0.8203637829551034,0.4157835553898534,-0.0039307130495464596,0.050184926136979835,3.280979839416266,2.4767955059070097,2.2965432996583743,0.18025220624863547,1.6407275662631526,0.9844365397578917,0.6562910265052609,0.07259393049092475,0.04982050175871042,0.06351930232791941,1.2216889889138,0.1577650565209974,0.008765497232470977
2301,0.8098818535386783,0.41326887375947846,0.00040673035248030287,0.04954370448294888,3.206150390479956,2.418290348540586,2.234292166026482,0.18399818251410413,1.6197637074224562,0.971858224453474,0.6479054829689822,0.07394481304294188,0.05096490659392788,0.06472700255913676,1.2134180769813883,0.16227986144012713,0.008679388078739704,0.8203637827838459,0.41578355541773065,-0.003930713021084796,0.05018492604372517,3.280979837285383,2.476795504207289,2.296543297739259,0.18025220646803025,1.6407275659102065,0.9844365395461241,0.6562910263640824,0.07259393058972621,0.04982050184241042,0.06351930241635297,1.22168898829851,0.1577650565022166,0.008765497231711727
2302,0.8098818533715683,0.41326887378972954,0.00040673037176115756,0.0495437043950904,3.2061503883861935,2.418290346872377,2.234292164139779,0.18399818273259794,1.6197637070773567,0.9718582242464143,0.6479054828309424,0.0739448131436559,0.05096490667924812,0.06472700264924619,1.2134180763657234,0.16227986142118078,0.008679388078008287,0.8203637826179125,0.41578355544551354,-0.003930712990684926,0.05018492595091593,3.2809798352090596,2.4767955025509463,2.296543295868444,0.1802522066825019,1.6407275655676916,0.9844365393406151,0.6562910262270765,0.07259393068686551,0.04982050192470231,0.0635193025033041,1.2216889876935741,0.15776505648407413,0.00876549723098329
2303,0.8098818532100098,0.41326887382001243,0.00040673039304757463,0.04954370430772025,3.2061503863474257,2.4182903452478195,2.2342921623015433,0.18399818294627637,1.6197637067431365,0.9718582240458823,0.6479054826972542,0.07394481324264343,0.050964906763105736,0.0647270027378164,1.2134180757606152,0.16227986140295625,0.008679388077310675,0.8203637824574355,0.4157835554733583,-0.003930712958296154,0.050184925858594104,3.2809798331869353,2.4767955009376936,2.29654329404544,0.18025220689225352,1.640727565235825,0.9844365391414952,0.6562910260943299,0.0725939307823352,0.04982050200557979,0.06351930258876634,1.221688987099038,0.15776505646661154,0.00876549723028791
2304,0.8098818530541686,0.4132688738504975,0.00040673041645386543,0.049543704220885415,3.2061503843634336,2.418290343666764,2.2342921605114214,0.18399818315534266,1.6197637064200197,0.9718582238520121,0.6479054825680075,0.07394481333989572,0.05096490684549336,0.0647270028248404,1.2134180751661163,0.1622798613855032,0.008679388076649433,0.8203637823026013,0.41578355550143875,-0.003930712923800511,0.0501849257668094,3.2809798312189544,2.4767954993675096,2.296543292270032,0.18025220709747788,1.6407275649148707,0.9844365389489226,0.6562910259659481,0.07259393087612227,0.049820502085031824,0.06351930267272889,1.221688986514982,0.15776505644988,0.008765497229628327
2305,0.8098818529041995,0.41326887388134737,0.0004067304419500539,0.04954370413462973,3.2061503824340822,2.4182903421290702,2.2342921587690796,0.18399818335999063,1.6197637061083372,0.9718582236650026,0.6479054824433346,0.07394481343541132,0.05096490692640973,0.06472700291031655,1.2134180745822363,0.1622798613688692,0.008679388076026985,0.8203637821535839,0.41578355552991997,-0.003930712887231402,0.05018492567560798,3.280979829305133,2.47679549784037,2.296543290542011,0.18025220729835856,1.6407275646052026,0.9844365387631216,0.656291025842081,0.0725939309682215,0.04982050216305402,0.0635193027551867,1.2216889859414386,0.15776505643392832,0.008765497229007114
2306,0.809881852760339,0.41326887391274797,0.00040673046971712035,0.04954370404900841,3.2061503805596465,2.4182903406350014,2.2342921570746066,0.18399818356039477,1.619763705808399,0.9718582234850397,0.6479054823233592,0.07394481352917077,0.05096490700583839,0.06472700299422876,1.2134180740090925,0.16227986135311503,0.008679388075446468,0.8203637820106403,0.41578355555899155,-0.003930712848401338,0.05018492558504779,3.2809798274459028,2.4767954963566625,2.2965432888616024,0.18025220749506007,1.6407275643071673,0.9844365385843005,0.6562910257228668,0.0725939310586097,0.04982050223962669,0.06351930283612033,1.2216889853785509,0.1577650564188181,0.00876549722842757
2307,0.8098818526228357,0.41326887394488576,0.00040673049979018244,0.0495437039640782,3.2061503787406394,2.418290339184948,2.2342921554282325,0.18399818375671564,1.6197637055206777,0.971858223312407,0.6479054822082707,0.07394481362115377,0.0509649070837621,0.06472700307655897,1.2134180734468076,0.1622798613383043,0.00867938807491109,0.820363781874038,0.4157835555888425,-0.003930712807281814,0.05018492549518811,3.280979825641927,2.4767954949168924,2.296543287229159,0.1802522076877335,1.6407275640212804,0.9844365384127683,0.656291025608512,0.0725939311472635,0.04982050231473005,0.06351930291550895,1.2216889848264634,0.15776505640461358,0.00876549722789305
2308,0.8098818524919872,0.4132688739779577,0.00040673053229138556,0.04954370387990217,3.206150376977882,2.418290337779574,2.2342921538304785,0.18399818394909553,1.6197637052456715,0.9718582231474032,0.6479054820982683,0.07394481371132808,0.05096490716015358,0.06472700315727917,1.2134180728955788,0.16227986132450806,0.00867938807442445,0.8203637817440921,0.4157835556196728,-0.003930712763751558,0.05018492540609462,3.2809798238941745,2.4767954935218395,2.2965432856453285,0.18025220787651097,1.640727563748076,0.9844365382488458,0.6562910254992302,0.07259393123414777,0.049820502388334374,0.06351930299332195,1.2216889842853926,0.15776505639138583,0.008765497227407302
2309,0.8098818523681279,0.41326887401216794,0.00040673056732862256,0.049543703796548946,3.2061503752725162,2.4182903364197883,2.2342921522821313,0.18399818413765698,1.6197637049839744,0.9718582229903849,0.6479054819935894,0.07394481379965083,0.0509649072349765,0.06472700323635162,1.2134180723556645,0.16227986131180366,0.008679388073990449,0.8203637816211551,0.4157835556516893,-0.003930712717702553,0.050184925317838594,3.280979822203936,2.4767954921725304,2.296543284111025,0.18025220806150533,1.6407275634881842,0.9844365380929107,0.6562910253952735,0.07259393131921708,0.049820502460401137,0.06351930306951928,1.2216889837556193,0.15776505637921204,0.008765497226974355
2310,0.8098818522516427,0.4132688740477311,0.00040673060505048986,0.049543703714093904,3.2061503736260635,2.4182903351068092,2.2342921507843094,0.18399818432249962,1.6197637047362559,0.9718582228417538,0.647905481894502,0.0739448138860652,0.05096490730818273,0.0647270033137263,1.2134180718274106,0.1622798613002767,0.008679388073613372,0.82036378150563,0.4157835556851094,-0.003930712668987028,0.05018492523049811,3.28097982057288,2.4767954908702996,2.2965432826274936,0.18025220824280613,1.6407275632423102,0.9844365379453863,0.6562910252969238,0.07259393140241245,0.04982050253088037,0.0635193031440489,1.2216889832375082,0.1577650563681771,0.008765497226598636
2311,0.8098818521429698,0.4132688740848744,0.00040673064562848915,0.04954370363262112,3.206150372040444,2.418290333842174,2.2342921493384726,0.1839981845037016,1.619763704503285,0.9718582227019713,0.6479054818013138,0.07394481397049804,0.05096490737971031,0.06472700338933877,1.2134180713112608,0.16227986129002187,0.008679388073297947,0.820363781397973,0.41578355572016307,-0.003930712617437673,0.050184925144160085,3.2809798190030772,2.4767954896168027,2.296543281196321,0.18025220842048165,1.6407275630112603,0.9844365378067563,0.656291025204504,0.07259393148365877,0.049820502599708466,0.06351930321684468,1.221688982731523,0.1577650563583749,0.008765497226285003
2312,0.8098818520425656,0.41326887412382207,0.00040673068916703,0.04954370355221667,3.2061503705178533,2.4182903326276066,2.2342921479462894,0.18399818468131712,1.6197637042859396,0.9718582225715641,0.6479054817143756,0.07394481405286654,0.05096490744948906,0.06472700346311526,1.213418070807717,0.16227986128113628,0.008679388073048992,0.8203637812986543,0.41578355575707626,-0.003930712562958565,0.0501849250589133,3.2809798174968625,2.4767954884138703,2.2965432798192946,0.1802522085945757,1.640727562795946,0.9844365376775677,0.6562910251183782,0.07259393156287186,0.04982050266681412,0.06351930328783148,1.2216889822381831,0.15776505634990093,0.008765497226038373
2313,0.8098818519509883,0.4132688741648263,0.0004067307359782585,0.04954370347298314,3.206150369061077,2.4182903314653688,2.234292146609998,0.1839981848553709,1.6197637040851314,0.9718582224510791,0.6479054816340523,0.07394481413305704,0.05096490751742272,0.06472700353495603,1.2134180703174688,0.16227986127373376,0.008679388072872189,0.8203637812082513,0.4157835557961045,-0.003930712505231387,0.05018492497486353,3.280979816057177,2.476795487263894,2.296543278498792,0.1802522087651026,1.6407275625973083,0.9844365375583851,0.6562910250389232,0.07259393163993674,0.04982050273209991,0.06351930335690839,1.2216889817581993,0.15776505634286733,0.008765497225864565
2314,0.8098818518688288,0.4132688742081441,0.00040673078623879033,0.04954370339502821,3.206150367673308,2.4182903303579852,2.2342921453321214,0.18399818502586401,1.6197637039019765,0.9718582223411862,0.6479054815607903,0.07394481421094393,0.05096490758340488,0.06472700360474938,1.2134180698412793,0.1622798612679344,0.008679388072773454,0.8203637811273696,0.4157835558375064,-0.003930712444092585,0.05018492489212161,3.2809798146873628,2.4767954861695136,2.296543277237461,0.18025220893205232,1.6407275624165023,0.9844365374499014,0.6562910249666009,0.0725939317147269,0.04982050279545863,0.06351930342396278,1.2216889812923535,0.15776505633739163,0.008765497225769595
2315,0.8098818517967805,0.41326887425406017,0.0004067308403013642,0.04954370331847646,3.2061503663583637,2.4182903293085354,2.234292144115769,0.18399818519276634,1.6197637037376573,0.9718582222425948,0.6479054814950626,0.07394481428637033,0.05096490764730261,0.06472700367235695,1.2134180693800996,0.1622798612638755,0.00867938807275959,0.8203637810567215,0.41578355588156996,-0.003930712379186074,0.050184924810815865,3.280979813391401,2.476795485133941,2.2965432760385576,0.18025220909538342,1.6407275622547395,0.9844365373528438,0.6562910249018957,0.0725939317870847,0.04982050285675681,0.06351930348885565,1.2216889808416183,0.1577650563336087,0.008765497225760402
2316,0.8098818517355683,0.41326887430286374,0.000406730898379018,0.049543703243458234,3.2061503651204593,2.4182903283203467,2.234292142964322,0.18399818535602475,1.619763703593561,0.971858222156137,0.647905481437424,0.07394481435916739,0.05096490770897289,0.06472700373762849,1.2134180689349545,0.1622798612617005,0.008679388072837626,0.8203637809970471,0.4157835559285866,-0.003930712310309448,0.05018492473108027,3.2809798121736624,2.476795484160628,2.2965432749055967,0.1802522092550316,1.6407275621134432,0.9844365372680659,0.6562910248453773,0.07259393185684114,0.04982050291585122,0.06351930355143644,1.221688980407038,0.15776505633165844,0.008765497225844104
2317,0.8098818516860337,0.4132688743548756,0.0004067309608996872,0.04954370317012291,3.2061503639645106,2.418290327397379,2.234292141881828,0.1839981855155508,1.6197637034711367,0.9718582220826825,0.6479054813884543,0.0739448144291299,0.05096490776824187,0.0647270038003827,1.213418068507089,0.1622798612615719,0.008679388073015583,0.820363780949206,0.41578355597888045,-0.0039307122370380865,0.05018492465306847,3.28097981103923,2.47679548325367,2.296543273842773,0.1802522094108968,1.6407275619940942,0.9844365371964565,0.6562910247976377,0.07259393192379113,0.049820502972568126,0.06351930361152391,1.2216889799898802,0.1577650563316996,0.008765497226028847
2318,0.8098818516491039,0.41326887441044163,0.0004067310282468012,0.04954370309863536,3.206150362896095,2.418290326544083,2.234292140872854,0.18399818567122883,1.6197637033720673,0.9718582220232408,0.6479054813488265,0.07394481449602719,0.050964907824914155,0.06472700386041513,1.213418068097903,0.16227986126366817,0.008679388073302235,0.8203637809141423,0.4157835560327997,-0.003930712158997721,0.050184924576949966,3.2809798099938563,2.4767954824176597,2.296543272854809,0.18025220956285037,1.6407275618984118,0.9844365371390471,0.6562910247593647,0.07259393198770442,0.04982050302671248,0.0635193036689139,1.2216889795915664,0.15776505633390606,0.008765497226323502
2319,0.8098818516258074,0.4132688744699349,0.00040673110086249936,0.049543703029175726,3.2061503619215093,2.418290325765492,2.234292139942584,0.1839981858229082,1.6197637032982077,0.9718582219789251,0.6479054813192826,0.073944814559601,0.050964907878770914,0.06472700391749665,1.2134180677089637,0.16227986126818525,0.008679388073707207,0.8203637808929036,0.4157835560907212,-0.0039307120757511305,0.05018492450291001,3.2809798090440214,2.4767954816577795,2.2965432719470504,0.18025220971072908,1.6407275618282846,0.9844365370969708,0.6562910247313138,0.07259393204832343,0.04982050307806611,0.06351930372337783,1.2216889792136876,0.1577650563384688,0.008765497226737824
2320,0.8098818516173552,0.41326887453379074,0.0004067311794024517,0.04954370296195798,3.206150361048088,2.4182903250675265,2.2342921390971187,0.18399818597040804,1.6197637032516146,0.9718582219509693,0.6479054813006453,0.07394481461954389,0.050964907929551745,0.06472700397135625,1.2134180673421362,0.16227986127535335,0.0086793880742418,0.8203637808867216,0.4157835561530842,-0.003930711986649148,0.0501849244311688,3.2809798081972636,2.476795480980117,2.2965432711257794,0.18025220985433768,1.640727561785807,0.9844365370714843,0.6562910247143228,0.07259393210534179,0.0498205031263694,0.06351930377464549,1.221688978858137,0.15776505634561205,0.008765497227283247
2321,0.8098818516249308,0.41326887460242623,0.00040673126407491517,0.04954370289719277,3.206150360283473,2.4182903244561667,2.234292138342646,0.18399818611352062,1.6197637032347103,0.9718582219408267,0.6479054812938836,0.07394481467554956,0.050964907976997154,0.0647270040217198,1.2134180669992798,0.1622798612853973,0.008679388074916992,0.8203637808967974,0.4157835562203095,-0.003930711891501695,0.050184924361942884,3.2809798074614114,2.4767954803908014,2.296543270397345,0.18025220999345615,1.6407275617734431,0.984436537064066,0.6562910247093772,0.07259393215845501,0.04982050317136445,0.06351930382244422,1.221688978526795,0.1577650563555542,0.008765497227970851
2322,0.8098818516501216,0.4132688746763932,0.0004067313560957575,0.0495437028351564,3.2061503596372023,2.418290323939263,2.2342921376872846,0.18399818625197825,1.6197637032498615,0.9718582219499174,0.6479054812999441,0.0739448147272059,0.05096490802075799,0.06472700406822621,1.2134180666828946,0.16227986129861074,0.008679388075747422,0.820363780924745,0.4157835562929547,-0.003930711789088548,0.05018492429551681,3.2809798068462497,2.4767954798978926,2.2965432697700927,0.1802522101277998,1.6407275617935948,0.984436537076157,0.6562910247174378,0.07259393220725234,0.049820503212703274,0.06351930386641413,1.2216889782221987,0.15776505636858126,0.008765497228815445
2323,0.8098818516946215,0.4132688747562852,0.0004067314560649987,0.04954370277614792,3.2061503591199845,2.4182903235253237,2.234292137139838,0.1839981863854856,1.6197637033002432,0.9718582219801465,0.6479054813200967,0.07394481477407998,0.05096490806046754,0.06472700411049115,1.2134180663956073,0.1622798613153131,0.008679388076748758,0.820363780972286,0.41578355637162034,-0.00393071167882221,0.0501849242321988,3.280979806362746,2.47679547951011,2.296543269253052,0.18025221025705762,1.64072756184949,0.9844365371096941,0.656291024739796,0.07259393225130258,0.0498205032500206,0.06351930390617222,1.2216889779470117,0.1577650563850043,0.00876549722983289
2324,0.8098818517604434,0.4132688748428048,0.00040673156509457575,0.04954370272051838,3.2061503587442304,2.4182903232243818,2.234292136710684,0.18399818651369768,1.619763703389243,0.9718582220335463,0.6479054813556966,0.07394481481566598,0.05096490809569725,0.06472700414806826,1.213418066140488,0.16227986133587993,0.008679388077939599,0.8203637810414655,0.41578355645701714,-0.003930711559601258,0.05018492417235089,3.2809798060236166,2.4767954792377385,2.2965432688568734,0.18025221038086522,1.6407275619445718,0.9844365371667432,0.6562910247778286,0.07259393229010173,0.04982050328288942,0.06351930394127363,1.2216889777043476,0.15776505640518895,0.008765497231041993
2325,0.8098818518499113,0.41326887493676917,0.0004067316843309396,0.04954370266867304,3.2061503585243045,2.418290323047997,2.234292136411772,0.18399818663622508,1.6197637035208867,0.9718582221125326,0.6479054814083541,0.07394481485139182,0.05096490812596252,0.06472700418045227,1.2134180659210076,0.16227986136074585,0.00867938807934147,0.8203637811346471,0.415783556549973,-0.003930711430284811,0.05018492411639133,3.2809798058435806,2.476795479092634,2.296543268593822,0.18025221049881224,1.640727562082931,0.9844365372497585,0.6562910248331724,0.07259393232307945,0.04982050331082663,0.06351930397121447,1.2216889774977293,0.1577650564295587,0.008765497232464557
2326,0.809881851965769,0.4132688750391492,0.0004067318152186708,0.049543702621087156,3.2061503584770006,2.418290323009731,2.2342921362571064,0.18399818675262458,1.6197637036998225,0.971858222219894,0.6479054814799284,0.07394481488060006,0.050964908150706395,0.06472700420706337,1.2134180657411555,0.16227986139042355,0.008679388080979835,0.8203637812546212,0.4157835566514719,-0.003930711289438844,0.05018492406481109,3.2809798058398445,2.4767954790887,2.296543268478268,0.1802522106104319,1.6407275622692943,0.9844365373615765,0.6562910249077177,0.07259393234958,0.049820503333276644,0.06351930399541628,1.2216889773312078,0.1577650564586136,0.008765497234126373
2327,0.8098818521112675,0.4132688751511071,0.00040673195946432095,0.04954370257832093,3.2061503586220637,2.418290323125537,2.2342921362631403,0.18399818686239655,1.619763703931538,0.9718582223589234,0.6479054815726146,0.0739448149025361,0.05096490816928959,0.06472700422723654,1.2134180656055107,0.16227986142552162,0.008679388082884983,0.8203637814046965,0.41578355676269285,-0.0039307111353631755,0.05018492401818929,3.280979806032652,2.4767954792423037,2.2965432685271066,0.18025221071519693,1.6407275625092423,0.9844365375055454,0.656291025003697,0.07259393236884996,0.04982050334960126,0.06351930401321498,1.2216889772094364,0.1577650564929472,0.008765497236058154
2328,0.809881852290302,0.41326887527405165,0.0004067321191549428,0.04954370254104059,3.2061503589828964,2.4182903234143547,2.234292136449375,0.18399818696497988,1.6197637042225348,0.9718582225335214,0.6479054816890134,0.0739448149163286,0.050964908180973933,0.0647270042402048,1.2134180655193607,0.16227986146677012,0.00867938808509335,0.8203637815888406,0.4157835568850662,-0.003930710965975762,0.0501849239772153,3.2809798064460103,2.476795479572888,2.2965432687603746,0.18025221081251372,1.640727562809393,0.9844365376856357,0.6562910251237573,0.07259393238001881,0.04982050335906299,0.06351930402384408,1.2216889771377932,0.1577650565332724,0.00876549723829687
2329,0.8098818525075744,0.4132688754097042,0.000406732296828069,0.049543702510044016,3.2061503595874576,2.418290323898838,2.2342921368390947,0.18399818705974297,1.619763704580604,0.9718582227483629,0.6479054818322411,0.07394481492096633,0.050964908184902805,0.06472700424507899,1.2134180654888416,0.1622798615150519,0.008679388087649105,0.8203637818118444,0.4157835570203402,-0.003930710778745183,0.05018492394271529,3.2809798071086176,2.4767954801037213,2.296543269202009,0.18025221090171223,1.6407275631776812,0.9844365379066087,0.6562910252710725,0.07259393238207515,0.04982050336080503,0.06351930402641406,1.2216889771225254,0.15776505658045192,0.008765497240887363
2330,0.8098818527688111,0.41326887556018965,0.0004067324956103513,0.04954370248629396,3.2061503604693886,2.41829032460628,2.234292137460299,0.18399818714598093,1.6197637050151485,0.9718582230090896,0.6479054820060589,0.07394481491527177,0.05096490818007865,0.06472700424082503,1.2134180655210984,0.162279861571445,0.008679388090606303,0.8203637820795487,0.4157835571706747,-0.003930710570542714,0.050184923915686866,3.2809798080550356,2.476795480862863,2.2965432698808224,0.1802522109820405,1.6407275636236889,0.9844365381742133,0.6562910254494756,0.07259393237384,0.049820503353828594,0.06351930401988931,1.2216889771709165,0.1577650566355398,0.00876549724388457
2331,0.8098818530810653,0.41326887572816035,0.0004067327194223827,0.049543702470964054,3.2061503616695974,2.4182903255699286,2.2342921383470236,0.1839981872229049,1.6197637055376222,0.9718582233225739,0.6479054822150483,0.07394481489786134,0.05096490816532933,0.06472700422622973,1.213418065624527,0.16227986163727998,0.00867938809403186,0.8203637823991521,0.4157835573387669,-0.003930710337443029,0.05018492389734708,3.280979809327329,2.476795481884522,2.2965432708318705,0.18025221105265185,1.6407275641590975,0.9844365384954585,0.656291025663639,0.07259393235392658,0.049820503336958866,0.06351930400305364,1.2216889772915327,0.15776505669983854,0.008765497247356525
2332,0.8098818534530778,0.41326887591695244,0.0004067329731285152,0.04954370246549271,3.206150363238122,2.418290326830489,2.234292139540843,0.1839981872896465,1.6197637061621304,0.9718582236972788,0.6479054824648516,0.07394481486711035,0.05096490813927855,0.06472700419987051,1.2134180658089864,0.1622798617142113,0.008679388098009133,0.8203637827795807,0.41578355752801066,-0.00393071007457349,0.0501849238891882,3.280979810976987,2.476795483210612,2.296543272098005,0.1802522111126073,1.6407275647983042,0.9844365388789825,0.6562910259193216,0.07259393232070463,0.049820503308814774,0.06351930397447914,1.2216889774944446,0.15776505677496805,0.00876549725138805
2333,0.8098818538957909,0.4132688761307992,0.000406733262903157,0.04954370247165919,3.2061503652367707,2.418290328438324,2.2342921410930767,0.1839981873452473,1.6197637069061557,0.9718582241436939,0.6479054827624617,0.07394481482109118,0.05096490810029324,0.06472700416006234,1.2134180660861738,0.16227986180431517,0.008679388102643005,0.8203637832320172,0.4157835577427146,-0.00393070977573351,0.050184923893057266,3.280979813067671,2.476795484893034,2.2965432737321745,0.18025221116085943,1.640727565559161,0.9844365393354966,0.6562910262236645,0.07259393227223766,0.04982050326775582,0.06351930393247283,1.2216889777916151,0.15776505686296316,0.008765497256085943
2334,0.8098818544230169,0.41326887637512166,0.00040673359660443886,0.04954370249168179,3.2061503677424743,2.4182903304561965,2.234292143067525,0.1839981873886714,1.6197637077915819,0.9718582246749495,0.6479054831166323,0.07394481475751001,0.050964908046430224,0.064727004104804,1.213418066470008,0.16227986191022106,0.008679388108066576,0.8203637837705848,0.41578355798839695,-0.003930709433033697,0.05018492391125781,3.280979815678678,2.476795486996518,2.296543275800257,0.18025221119626086,1.6407275664640342,0.9844365398784205,0.6562910265856137,0.07259393220621886,0.049820503211827766,0.0635193038750215,1.221688978197294,0.15776505696640203,0.008765497261585802
2335,0.809881855052347,0.4132688766569258,0.00040673398433294095,0.04954370252834955,3.206150370851783,2.4182903329629912,2.2342921455441624,0.18399818741882862,1.6197637088460337,0.9718582253076206,0.6479054835384132,0.0739448146736249,0.05096490797536668,0.06472700403170834,1.213418066977128,0.16227986203528802,0.0086793881144503,0.8203637844132797,0.415783558272191,-0.0039307090363188135,0.05018492394668704,3.280979818909603,2.476795489602481,2.2965432783849016,0.18025221121757912,1.6407275675411692,0.9844365405247015,0.6562910270164677,0.07259393211988754,0.04982050313869189,0.06351930379972112,1.2216889787285348,0.15776505708858007,0.008765497268061353
2336,0.8098818558063791,0.413268876985342,0.00040673443917538243,0.04954370258519828,3.2061503746868794,2.4182903360586754,2.234292148624063,0.18399818743461266,1.619763710104694,0.9718582260628167,0.6479054840418773,0.07394481456614203,0.05096490788431217,0.06472700393791449,1.2134180676275212,0.1622798621838458,0.008679388122014336,0.8203637851832288,0.41578355860339344,-0.003930708572426278,0.05018492400301857,3.2809798228865708,2.4767954928141616,2.296543281590635,0.18025221122352672,1.6407275688265595,0.9844365412959357,0.6562910275306237,0.07259393200992384,0.04982050304553575,0.06351930370368747,1.2216889794058463,0.1577650572337465,0.008765497275737073
2337,0.8098818567144788,0.4132688773724311,0.00040673497838880635,0.04954370266676045,3.2061503794037223,2.4182903398710973,2.2342921524360673,0.18399818743502988,1.6197637116127581,0.9718582269676551,0.647905484645103,0.07394481443110437,0.050964907769914566,0.06472700381999674,1.2134180684452,0.16227986236154132,0.008679388131046576,0.8203637861104927,0.41578355899428326,-0.003930708023986242,0.050184924084961426,3.280979827770669,2.47679549676367,2.2965432855507943,0.18025221121287538,1.6407275703664577,0.9844365422198746,0.656291028146583,0.07259393187233489,0.0498205029289768,0.06351930358346268,1.2216889802538944,0.15776505740744448,0.008765497284906545
2338,0.8098818578150673,0.4132688778341994,0.00040673562462811147,0.04954370277888672,3.2061503852032827,2.418290344565195,2.234292157145908,0.18399818741928708,1.6197637134289573,0.9718582280573747,0.6479054853715827,0.07394481426371814,0.05096490762811274,0.06472700367381727,1.2134180694592545,0.16227986257578858,0.008679388141925762,0.8203637872344063,0.4157835594611526,-0.0039307073681932245,0.0501849241985939,3.280979833769567,2.476795501621503,2.2965432904369756,0.1802522111845275,1.6407275722209853,0.9844365433325912,0.6562910288883941,0.07259393170227857,0.049820502784913,0.06351930343486578,1.2216889813025906,0.15776505761695253,0.008765497295956048
2339,0.8098818591589952,0.4132688783921434,0.0004067364083384026,0.04954370292921517,3.2061503923469825,2.4182903503559467,2.2342921629689014,0.18399818738704532,1.6197637156301343,0.9718582293780809,0.6479054862520535,0.07394481405815712,0.050964907453971,0.06472700349436776,1.2134180707050386,0.16227986283643284,0.00867938815515603,0.820363788607029,0.4157835600258743,-0.003930706574394177,0.05018492435184929,3.2809798411534983,2.476795507609954,2.2965432964722106,0.18025221113774356,1.6407275744688126,0.9844365446812876,0.656291029787525,0.07259393149386462,0.0498205026083544,0.0635193032528314,1.2216889825883221,0.15776505787193618,0.0087654973093997
2340,0.8098818608141433,0.4132688790753489,0.00040673737048260716,0.049543703127808855,3.2061504011782964,2.4182903575262356,2.234292170187502,0.1839981873387338,1.6197637183179903,0.9718582309907945,0.6479054873271958,0.07394481380730247,0.05096490724145861,0.06472700327555557,1.2134180722257528,0.1622798631566595,0.008679388171413923,0.8203637902978409,0.41578356071802836,-0.003930705601355083,0.05018492455517623,3.2809798502775704,2.4767955150215575,2.296543303949136,0.18025221107242165,1.640727577214058,0.9844365463284348,0.6562910308856231,0.0725939312398903,0.04982050239319917,0.0635193030311923,1.2216889841555845,0.15776505818533726,0.00876549732592728
2341,0.8098818628719658,0.41326887992349637,0.0004067385667883283,0.04954370338805939,3.2061504121529034,2.418290366451981,2.234292179175931,0.1839981872760499,1.6197637216282865,0.9718582329769723,0.6479054886513143,0.07394481350240983,0.05096490698316776,0.06472700300993586,1.2134180740744593,0.1622798635542875,0.008679388191615466,0.8203637924004206,0.4157835615779439,-0.003930704393001069,0.05018492482247412,3.2809798616129124,2.476795524245049,2.296543313255503,0.1802522109895457,1.6407275805956818,0.9844365483574091,0.6562910322382727,0.07259393093150313,0.04982050213194792,0.0635193027624078,1.221688986059063,0.15776505857463935,0.008765497346472393
2342,0.8098818654567331,0.41326888099112935,0.0004067400735789095,0.049543703727965197,3.2061504258810865,2.4182903776374394,2.234292190434727,0.18399818720271255,1.6197637257439317,0.9718582354463594,0.6479054902975723,0.07394481313269569,0.05096490666996313,0.06472700268838359,1.2134180763165967,0.1622798640535984,0.008679388217011103,0.8203637950418636,0.41578356266101596,-0.0039307028725821536,0.05018492517241678,3.280979875790409,2.476795535801773,2.296543324909904,0.18025221089186863,1.6407275848008411,0.9844365508805047,0.6562910339203364,0.07259393055778304,0.04982050181534964,0.06351930243723233,1.2216889883662172,0.15776505906365595,0.008765497372308821
2343,0.8098818687387689,0.4132688823538207,0.0004067419962448804,0.04954370417197493,3.2061504431877124,2.4182903917652845,2.2342922046396323,0.18399818712565202,1.6197637309134663,0.9718582385480802,0.6479054923653861,0.07394481268484976,0.05096490629056891,0.06472700229972074,1.2134180790329354,0.16227986468796343,0.008679388249322167,0.8203637983962597,0.41578356404392874,-0.003930700934217719,0.05018492563036287,3.2809798936625545,2.476795550397311,2.296543339612318,0.18025221078499284,1.6407275900837275,0.9844365540502366,0.6562910360334909,0.07259393010525193,0.04982050143198636,0.06351930204434067,1.221688991160309,0.15776505968509438,0.008765497405188874
2344,0.809881872953964,0.4132688841174175,0.0004067444820888,0.04954370475375562,3.2061504651983133,2.418290409768895,2.2342922227117903,0.1839981870571049,1.6197637374775375,0.971858242486523,0.6479054949910146,0.07394481214261384,0.05096490583121187,0.06472700183044279,1.2134180823221359,0.1622798655037323,0.008679388290943463,0.8203638027045168,0.4157835658339664,-0.003930698430147553,0.050184926231228846,3.280979916392128,2.476795568995915,2.296543358316616,0.18025221067929886,1.6407275967925192,0.9844365580755116,0.6562910387170077,0.07259392955745475,0.049820500967918076,0.063519301570058,1.221688994542991,0.1577650604843444,0.008765497447548305
2345,0.8098818784334484,0.41326888643242143,0.0004067477394508606,0.04954370552070027,3.206150493465581,2.418290432939307,2.2342922459208236,0.1839981870184834,1.619763745907928,0.9718582475447571,0.6479054983631708,0.07394481148707109,0.05096490527586656,0.06472700126517122,1.213418086298992,0.1622798665661832,0.008679388345254299,0.820363808304411,0.415783568183428,-0.00393069515194365,0.05018492702417775,3.2809799455824025,2.476795592930497,2.2965433823369823,0.1802522105935146,1.6407276054090338,0.9844365632454203,0.6562910421636136,0.07259392889527201,0.04982050040694767,0.06351930099883699,1.221688998632374,0.15776506152525507,0.008765497502819809
