Year,GDP ($Y_t$): Baseline,Labor ($L_t$): Baseline,Government Expenditures ($G_t$): Baseline,Lump sum transfers ($TR_t$): Baseline,Wealth ($B_t$): Baseline,Capital Stock ($K_t$): Baseline,Domestically-owned Capital Stock ($K^d_t$): Baseline,Foreign-owned Capital Stock ($K^f_t$): Baseline,Government Debt ($D_t$): Baseline,Domestically-owned Gov Debt ($D^d_t$): Baseline,Foreign-owned Gov Debt ($D^f_t$): Baseline,Real interest rate ($r_t$): Baseline,"Real interest rate on gov debt ($r_{gov,t}$): Baseline","Real interest rate on HH portfolio ($r_{p,t}$): Baseline",Wage rate: Baseline,Total tax revenue ($REV_t$): Baseline,Business tax revenue: Baseline,GDP ($Y_t$): Reform,Labor ($L_t$): Reform,Government Expenditures ($G_t$): Reform,Lump sum transfers ($TR_t$): Reform,Wealth ($B_t$): Reform,Capital Stock ($K_t$): Reform,Domestically-owned Capital Stock ($K^d_t$): Reform,Foreign-owned Capital Stock ($K^f_t$): Reform,Government Debt ($D_t$): Reform,Domestically-owned Gov Debt ($D^d_t$): Reform,Foreign-owned Gov Debt ($D^f_t$): Reform,Real interest rate ($r_t$): Reform,"Real interest rate on gov debt ($r_{gov,t}$): Reform","Real interest rate on HH portfolio ($r_{p,t}$): Reform",Wage rate: Reform,Total tax revenue ($REV_t$): Reform,Business tax revenue: Reform
2026,0.8539806975607563,0.4137820342811321,0.009591157265964854,0.052241377785917364,3.1062412930926646,2.7739489382366624,2.6289062578019897,0.14504268043467278,0.7955583921511249,0.4773350352906749,0.31822335686045,0.06401485858904073,0.0425527112675723,0.059231443521912175,1.2779027930972022,0.17013848164868786,0.00893609440209752,0.8604440837936939,0.4184269173871233,0.009663748313991867,0.052636765824332354,3.1062412930926646,2.7785281668290795,2.6289062578019897,0.1496219090270897,0.7955583921511249,0.4773350352906749,0.31822335686045,0.06468276623973858,0.04311853154839245,0.05988275481895734,1.2732814861070199,0.15996617643488306,0.009019550502820588
2027,0.8529521814223611,0.41498800131425967,0.00957960588071445,0.05217846441198409,3.0541212166154894,2.752130677395692,2.6033427225062953,0.14878795488939678,0.7512974901819899,0.4507784941091939,0.300518996072796,0.06477386319095316,0.043195704646296386,0.06014649230044434,1.2726545736430084,0.16989976656935643,0.00894314230127875,0.8594539872929275,0.41932244562406995,0.009652628424192887,0.05257620212241508,3.06495269173106,2.7605274704583476,2.6079245172560697,0.15260295320227807,0.7617136241249834,0.45702817447499006,0.3046854496499934,0.06529258865158559,0.043635144717834626,0.060608974182164904,1.269100194211013,0.15975763276438093,0.009023440967206406
2028,0.8521269880568039,0.4158242554091654,0.009570338037346917,0.05212797161428391,3.009652444109295,2.7361736358950335,2.584696638831173,0.15147699706386072,0.7082596754635371,0.42495580527812216,0.2833038701854149,0.06532684503871437,0.043664165134901026,0.06087245390168588,1.2688664028879022,0.16965824498145393,0.008947304755194185,0.8587464036431933,0.4199024551902955,0.009644681469322817,0.05253290879206135,3.031235122662749,2.7483795034032346,2.5937914302564655,0.15458807314676903,0.7290728206771393,0.43744369240628356,0.29162912827085574,0.06570338646543228,0.04398315350939162,0.06114956870663088,1.26630379262992,0.15956304680688907,0.009025530761905374
2029,0.8517280909168088,0.41638156181816544,0.009565857976833179,0.05210356580052264,2.9734371872974363,2.7268666081977964,2.5737450202875882,0.153121587910208,0.6661536116830806,0.3996921670098483,0.26646144467323235,0.06566345777164477,0.043949327778082775,0.06140029470600973,1.2665749025006745,0.16944057161164558,0.008950852769602557,0.8582423631422463,0.4202156181389973,0.009639020531403721,0.05250207182922337,3.0034617287547127,2.7408210334867724,2.5850500898473783,0.15577094363939403,0.6973527315122238,0.4184116389073343,0.2789410926048895,0.06595227670151158,0.04419400173537711,0.06153910634471629,1.2646173843899868,0.15936782455427467,0.009025963913833715
2030,0.8515801018909479,0.4167329328958911,0.009564195894745466,0.052094511265945206,2.9426637027567972,2.721886935407962,2.567827156614089,0.15405977879387267,0.6247275769045137,0.37483654614270817,0.24989103076180558,0.06585333281391528,0.04411018107812505,0.06179442515044599,1.26528710719324,0.16924032370460126,0.008953640751041181,0.857916962480772,0.4203488540843283,0.009635365918451036,0.052482164710500254,2.9801067947325093,2.7366820396126386,2.5803052603413166,0.15637677927132188,0.6663358906519875,0.39980153439119254,0.26653435626079497,0.0660825219116914,0.04430433941652574,0.061818177906584976,1.2637372277271006,0.15918221479824665,0.009025529647613413
2031,0.8518122520318528,0.41698175729550385,0.009566803200176485,0.05210871224929564,2.9172037380425375,2.7211935446258524,2.566784158727939,0.15440938589791356,0.5840326321909979,0.35041957931459866,0.23361305287639925,0.06591393359119417,0.044161519236599556,0.06207027160506468,1.2648768169048592,0.1690888067146394,0.008957465192210566,0.8579064714408635,0.4204021397816113,0.009635248092352701,0.0524815226132789,2.961186137475551,2.7360301940841514,2.5795226180714628,0.15650757601268858,0.6361058656734804,0.38166351940408827,0.2544423462693921,0.06610853800497893,0.044326379040109054,0.06199962510104193,1.263561612375721,0.15903540527665302,0.009026015327937837
2032,0.8525855836304366,0.41723112276250063,0.009575488577963058,0.05215602004872207,2.8972702529247267,2.725035478294033,2.5707798175426633,0.15425566075136943,0.5441507256367727,0.3264904353820635,0.21766029025470918,0.06585607834397716,0.0441125069634312,0.06223688055295647,1.2652685145861218,0.1690194510316384,0.008964275418135778,0.8583806796497729,0.42047600328067203,0.009640573980304799,0.05251053224296155,2.9470563577883824,2.7392207426720554,2.5829867615547357,0.15623398111731984,0.6067826603894106,0.36406959623364643,0.24271306415576419,0.06603799062854966,0.04426661458569589,0.06208983354830842,1.264037977665638,0.1589594764969296,0.00902938683074868
2033,0.8539106799022496,0.4175270832913909,0.009590370889438954,0.05223708186637734,2.8822657732903334,2.733018311892863,2.5793254357805395,0.15369287611232363,0.5049005625163234,0.302940337509794,0.20196022500652946,0.06569853251064112,0.04397904146476965,0.06231171727044745,1.2663367621114419,0.16903974518852147,0.008974595494063785,0.8593550996548764,0.4206128324383723,0.009651517805544343,0.052570141125441686,2.937229691077813,2.745940682105199,2.5903034774756315,0.1556372046295676,0.5782103560036359,0.3469262136021816,0.23128414240145428,0.06588668630161632,0.04413843660081238,0.06210373065755265,1.26506123898662,0.15896048519559156,0.009036156753847497
2034,0.8557005217202177,0.41788007659430443,0.009610472812592915,0.05234657423326878,2.8710624823867925,2.744313416031723,2.591488880588531,0.1528245354431917,0.4659560029971028,0.27957360179826163,0.18638240119884122,0.06546580110018835,0.04378188224390961,0.06231846406195093,1.267919150644674,0.1691387499842583,0.00898804110728954,0.8607481629045353,0.42082020162520317,0.00966716346211138,0.05265535981816721,2.930669987615364,2.755435907533644,2.6006265745472783,0.15480933298636573,0.5500723551134766,0.33004341306808604,0.22002894204539059,0.06567631404946594,0.043960219018390444,0.062062505144781455,1.2664875938331557,0.15902848640432796,0.009045943050888574
2035,0.857834619240741,0.41825790238025184,0.009634441111874982,0.05247712626972227,2.862797349489188,2.7582664891678785,2.6065784226371336,0.15168806653074518,0.427031544753424,0.2562189268520543,0.17081261790136967,0.06517069352262955,0.043531880836930645,0.06226970883962999,1.269933132448282,0.16929556205869425,0.009003604874641118,0.8624322606248508,0.4210619102814856,0.009686077760915715,0.052758383834186205,2.926494398541662,2.7670307367880027,2.6132449491057494,0.15378578768225337,0.5220824157265209,0.3132494494359126,0.2088329662906083,0.06541912443512138,0.043742339945347306,0.06197834347887525,1.2682371273403947,0.1591422253899663,0.009057662165094533
2036,0.8602452942755868,0.41864621384859657,0.009661515685623994,0.05262459760800786,2.8569780498485406,2.7744780301420593,2.62416588731762,0.1503121428244392,0.3880202708848677,0.23281216253092055,0.15520810835394713,0.06482243494780204,0.04323685237842888,0.062173995288769296,1.2723206855184088,0.16949641531166984,0.009020751787534328,0.8643422337984162,0.42132215247206595,0.00970752889339888,0.05287522556147331,2.924246807125278,2.7803568488684918,2.627766669508345,0.15259017936014677,0.49413356269488823,0.29648013761693304,0.19765342507795522,0.06512280347367981,0.04349131061600726,0.06185851096247762,1.2702607405028221,0.1592904079608274,0.009070783281920465
2037,0.8629094926447773,0.4190544594704494,0.009691437609643612,0.052787578071934446,2.853282810628814,2.7926694111298622,2.6439313382486316,0.1487380728812307,0.34891912063363745,0.20935147238018242,0.13956764825345502,0.06443108401971183,0.042905318083530666,0.06204032206805496,1.275017779594043,0.1697405896910098,0.009039436992810134,0.8664507325946643,0.42160609949894196,0.009731209690409486,0.05300421191542293,2.9236095313675894,2.7951391006506774,2.6438803564982987,0.15125874415237858,0.466215291448818,0.2797291748692909,0.18648611657952713,0.06479607268229416,0.043214519493849496,0.061710944676745275,1.2725018830393051,0.1594700983994956,0.009085199789740692
2038,0.8658617890714256,0.41951117794171827,0.009724595196699866,0.052968182624070576,2.851709769292442,2.8128429791907283,2.6658461218217386,0.14699685736898965,0.30977274578450575,0.18586364747070339,0.12390909831380235,0.06400272265714504,0.042542430270811664,0.06187378669072042,1.2779872155006617,0.17003700194231594,0.009060128273023448,0.868788570755495,0.42193814484567155,0.009757466224692927,0.05314722729101981,2.924592755567506,2.811385921703207,2.6615686555002833,0.14981726620292388,0.43837350011203746,0.26302410006722254,0.17534940004481492,0.06444360442460981,0.04291592478792755,0.061539633292762214,1.2749312447005376,0.15968888539589715,0.009101322477438268
2039,0.8693017761724743,0.4201194322910315,0.009763230094857737,0.05317862122222937,2.8527912239592115,2.835595383466728,2.6904602856915854,0.1451350977751424,0.2705515637793771,0.1623309382676262,0.1082206255117509,0.06354119982736221,0.04215144960622459,0.06167810017220812,1.281206935390581,0.17042430083514165,0.009084963988142191,0.8715526568419124,0.42241672925446716,0.009788509999367482,0.05331631776011886,2.9277688999008746,2.829714137228365,2.6814090952928487,0.14830504193551655,0.41059967434671013,0.24635980460802612,0.164239869738684,0.06406728807279397,0.04259712708642019,0.06134666216852219,1.2775384650657235,0.15998170531205347,0.00912123376721137
2040,0.8734134040231774,0.4209688352147644,0.009809408268963843,0.053430146503083246,2.856968560600489,2.8615368625422626,2.718353710464783,0.14318315207747961,0.23102475022617647,0.13861485013570585,0.09240990009047063,0.0630482583804535,0.04173385255126294,0.06145599215428553,1.2846694689043126,0.1709386799675881,0.009115856738259197,0.8749159933564109,0.42312452235542314,0.009826284025807491,0.053522066712678305,2.933574250081954,2.850708785996998,2.703961162164654,0.1467476238323441,0.3826884798621661,0.2296130879172997,0.15307539194486638,0.06366756367206423,0.042258499175158434,0.06113368391848871,1.2803232511123683,0.1603796137088046,0.009146721716422905
2041,0.8783178990657668,0.42210736348071787,0.21316674873053362,0.05373017430674616,2.864646968539992,2.891200018522517,2.750065622229782,0.1411343962927346,0.19096891051701642,0.11458134631020982,0.0763875642068066,0.06252122138777218,0.041287371336547155,0.06120558100854942,1.2883988059010716,0.17160201917837128,0.009153941226634436,0.8789840566606494,0.42410089682578683,0.184102852683188,0.053770926005156934,2.942380782519394,2.8748529938365395,2.729718533532669,0.14513446030387056,0.35443708164454196,0.21266224898672523,0.14177483265781674,0.06324066054926764,0.04189684671531404,0.060898017735226136,1.2833150543586436,0.16090036999949725,0.009178754595581701
2042,0.8689180326238588,0.4215600615852318,0.19312880803441948,0.05315515023293141,2.8762849441963336,2.8165886187917253,2.667763584629253,0.14882503416247245,0.3475355992784681,0.20852135956708082,0.1390142397113873,0.06425084310565515,0.04275262636859034,0.06188955368181315,1.276265013635354,0.17079602489878143,0.009098067585968381,0.8707166873858694,0.42362040468643636,0.16590879874772835,0.05326518138914809,2.9545751871550494,2.8095635818210782,2.6577010762677187,0.15186250555335956,0.4947901848122177,0.2968741108873307,0.19791607392488703,0.06476920566371919,0.04319175900596017,0.061538214506356353,1.2726866322980475,0.16029277552038737,0.009129291834471785
2043,0.8606536057684153,0.42125067735809746,0.17502170012784019,0.0526495856726068,2.8861272708650665,2.7500654764896066,2.5941878833398304,0.15587759314977603,0.48656564587539314,0.29193938752523585,0.1946262583501573,0.06588765644317461,0.04413925845959536,0.0626181959817581,1.265054681058483,0.17016399691127157,0.009049834021816536,0.8635135114350899,0.42336220212201287,0.14954026645224638,0.05282453789513859,2.9653255352905905,2.7516656099635384,2.5936528330056885,0.15801277695785002,0.6194545038081698,0.37167270228490196,0.24778180152326784,0.06620250084696572,0.044405979987311966,0.06219731063155982,1.2629278642957993,0.15982744886048172,0.00908717221642261
2044,0.8533451700066647,0.4211074731970588,0.15876995844184774,0.05220250294294809,2.894353324293492,2.6906517000312205,2.5283294428285696,0.1623222572026508,0.6100398024415369,0.3660238814649221,0.2440159209766148,0.06742789796372262,0.04544407940119821,0.06336480531559899,1.2547387426832937,0.16966490066838927,0.009007744478130296,0.8571955466105374,0.42325911830982804,0.13493183864640293,0.05243804635289587,2.9746873656812465,2.7001807145431043,2.536560312252624,0.16362040229048058,0.7302117557143709,0.43812705342862257,0.29208470228574834,0.06754054695237009,0.04553951038229871,0.06285728238306662,1.2539928980274424,0.15946953076282466,0.00905090551585725
2045,0.8467501613855937,0.42103435844885784,0.14408040391027022,0.05179906340847837,2.900767514295706,2.637133260718791,2.4689446005764766,0.16818866014231443,0.7197048561987162,0.43182291371922965,0.2878819424794865,0.06887308664401445,0.046668375999787036,0.06411240245448768,1.2452578164146395,0.16924789615892377,0.00896967149013432,0.8515192535607433,0.4232175487812568,0.1217698455906393,0.052090808424141016,2.982364770110655,2.653903712352789,2.48518695643163,0.16871675592115884,0.8286296894650413,0.4971778136790248,0.33145187578601654,0.06878790607527388,0.04659621498579827,0.06350763794845038,1.245811406202801,0.15917397470858008,0.009018342481227333
2046,0.8407521978511605,0.42098078339642336,0.13058551285025413,0.05143214745423626,2.9056588016367435,2.5888976463512567,2.4154081599231656,0.17348948642809114,0.8170844028559633,0.4902506417135779,0.3268337611423854,0.07021916257144309,0.04780870888632775,0.06484296352366695,1.2365943829791615,0.1688865487475274,0.008934623239546899,0.8463696202491076,0.4231888436563353,0.1096686881261044,0.05177578828016209,2.9885820782825236,2.6122529141704236,2.4389397355441123,0.17331317862631154,0.9160705712306858,0.5496423427384114,0.36642822849227435,0.06994262467837781,0.04757443885191785,0.06413509334316436,1.2383612635997245,0.15891811940412603,0.008988480209398964
2047,0.8353866482127635,0.42096127369085035,0.11831709422802618,0.051103918655601585,2.909801742534158,2.5459283796055234,2.367685901249799,0.1782424783557245,0.9035264021405989,0.5421158412843592,0.3614105608562397,0.07145799437661209,0.048858189543058164,0.0655383565278404,1.22875958498566,0.16858748423018363,0.008903096449463634,0.8417861084064457,0.4231892954727729,0.09868242873366202,0.051495400034199536,2.994082162765029,2.575263327494333,2.397839699870566,0.1774236276237668,0.9937374381574385,0.5962424628944631,0.39749497526297545,0.07099797995161533,0.04846848672881278,0.06472496083643738,1.231653619412203,0.158710031273198,0.008961821440659282
2048,0.8305825228003264,0.42095563837232913,0.1072331397889799,0.05081003426410771,2.9133841565673753,2.507715664279636,2.3252335016259202,0.18248216265371547,0.9802510915690917,0.5881506549414549,0.39210043662763683,0.07259059438853462,0.04981767556800986,0.06619053941943259,1.2217096211563656,0.16833836725907925,0.008874617404984674,0.837700067186166,0.4231996495603361,0.08877523562861708,0.051245443855452495,2.999019625012852,2.5424661732045406,2.3613870753990613,0.1810790978054794,1.062720916022984,0.6376325496137903,0.4250883664091937,0.071956223361195,0.04928026595388367,0.06527190439162545,1.2256451790002747,0.158539570285731,0.00893788472014887
2049,0.8263221398504765,0.4209615074247351,0.09729189190035395,0.05054941263080434,2.9167956687910137,2.4740224578577052,2.2877901766076656,0.18623228125003988,1.0483424869722475,0.6290054921833483,0.41933699478889913,0.07361463475782389,0.05068519491550801,0.06679026966331578,1.2154260550813882,0.16813221339339857,0.008849174207161827,0.8340972228705283,0.42321837835697684,0.07991068391892604,0.05102504658462832,3.0037654562186646,2.5136712075676737,2.3293721535039134,0.18429905406376013,1.123988837857919,0.6743933027147513,0.4495955351431677,0.07281589616300255,0.05000854074699909,0.06576872401716449,1.220319834234433,0.15840142150340467,0.00891665937207086
2050,0.822585800705807,0.4209868562130175,0.08839111969168283,0.05032084863846786,2.920240283212238,2.4445153045175783,2.254976683465167,0.18953862105241126,1.1087726662451183,0.6652635997470708,0.44350906649804744,0.07453384324016246,0.05146390556669706,0.06733507040308462,1.209857475789041,0.16796890602070694,0.008826820470056455,0.8309613307367707,0.42325409120866153,0.0719910869596775,0.050833214380747754,3.008509606031947,2.488589047631454,2.3014639668442074,0.18712508078724685,1.1784093986462327,0.7070456391877395,0.4713637594584931,0.07358129000058475,0.05065694678886174,0.0662144303435249,1.2156293175807393,0.15829653825969792,0.00889820348500936
2051,0.8193045654204325,0.42102636747344874,0.0804073880000085,0.050120124752034804,2.9236122493584973,2.418623484326719,2.2261647135014364,0.1924587708252827,1.1624125597617683,0.6974475358570609,0.46496502390470745,0.07535849405001085,0.052162511357960954,0.06782902590251988,1.2049183573143394,0.16784348503086255,0.008807169069183347,0.8282264344456075,0.42330182846430253,0.06489807625931016,0.05066591233445915,3.0131315562066368,2.466686149094876,2.2770751212492586,0.18961102784561767,1.2267607249289638,0.7360564349573783,0.49070428997158555,0.0742629210757001,0.05123439291623358,0.06661410563609192,1.2114917501633338,0.15822115513067997,0.008882134663120137
2052,0.8164112708471091,0.4210703893054084,0.07322278832652976,0.049943132505833064,2.926834011738159,2.3958518552221246,2.200814681616352,0.19503717360577238,1.210032216869678,0.7260193301218067,0.4840128867478713,0.0760973529893306,0.05278843826880793,0.0682755452856829,1.2005377786152929,0.1677470965500351,0.008789784186158073,0.8258285923485491,0.4233522353687385,0.058519346831390706,0.05051922892559725,3.01754355404146,2.4475032657849636,2.2557055904463468,0.19179767533861664,1.269729939325189,0.7618379635951135,0.5078919757300756,0.0748695384400218,0.05174829091855809,0.06697179927058441,1.207840468791181,0.15816773870440276,0.008868026284377335
2053,0.8138471853965477,0.4211085983169009,0.06675865713467342,0.04978627906095147,2.9298713559347345,2.375792456393111,2.1784846063234555,0.19730785006965557,1.252311249352132,0.751386749611279,0.500924499740853,0.07675756362742128,0.05334773799872511,0.06867720443166399,1.196658685116499,0.16767098531406635,0.008774260595989097,0.8237124811526778,0.4233952822259969,0.05278218109428364,0.05038977989521915,3.021705051141163,2.4306669803229695,2.2369514528237353,0.19371552749923426,1.3079226638623802,0.7847535983174281,0.5231690655449521,0.07540808839959412,0.05220452538307201,0.0672904649939422,1.2046229999053124,0.15812875197719986,0.008855486163280885
2054,0.8116198670701119,0.421135641732042,0.06098667179035854,0.04965002685500889,2.933162146379028,2.358510140396924,2.159252409481291,0.19925773091563326,1.2898495614962286,0.773909736897737,0.5159398245984916,0.07733254328027944,0.05383483400414764,0.06902511063843049,1.1933070593835033,0.1676103715218845,0.008760638538658766,0.8218897877792747,0.4234259546271721,0.04766483036786172,0.05027828026058838,3.0260604726002036,2.416283974372973,2.220936736376197,0.19534723799677606,1.3418728937066777,0.8051237362240067,0.536749157482671,0.07587184000006318,0.05259739415846938,0.0675615578748115,1.201870366565135,0.15810028909268936,0.008844570353567217
2055,0.8096912044406898,0.42114521394039606,0.055818651045396364,0.04953204433426568,2.936737822123765,2.3437346161514743,2.1428246748673883,0.20090994128408607,1.3231885787606283,0.7939131472563768,0.5292754315042515,0.07782702124603297,0.05425373272637325,0.06932073504877279,1.1904443245743357,0.16756572906687864,0.008748660421286239,0.8203256618694069,0.4234381095768921,0.0430843111469569,0.050182597971999254,3.0306407613582493,2.404115256577098,2.20740262422313,0.19671263235396755,1.372063561891865,0.8232381371351191,0.548825424756746,0.07626516350105322,0.052930599525335326,0.06778661901887137,1.1995486680490162,0.15808322849061532,0.008835035426903802
2056,0.8079913643026514,0.4211273727013999,0.051137678185066635,0.04942805969141602,2.9403756022184115,2.3309965623535605,2.1286908251547896,0.20230573719877087,1.3528079617727038,0.8116847770636221,0.5411231847090817,0.07825249575881617,0.05461417493429416,0.06957176904872622,1.1879954645586188,0.16753186833319503,0.008737829237287227,0.8189531017528389,0.4234219095656972,0.03892873935664852,0.050098634251842626,3.035218497367426,2.393715508818414,2.1958650945214897,0.1978504142969241,1.39892233807656,0.8393534028459361,0.559568935230624,0.07659898525039216,0.05321339777709584,0.06797316420922768,1.1975874091288548,0.15807310392451893,0.008826399734872193
2057,0.8065006726023612,0.42107095713796017,0.046881415033712306,0.04933686935384404,2.9442604140695545,2.3202258374701366,2.1167851509959767,0.20344068647415964,1.3791254384559637,0.827475263073578,0.5516501753823857,0.07860745450845483,0.05491487946910562,0.06977481817372852,1.1859625574734487,0.16750137737199455,0.008727945126521922,0.8177555523864286,0.42336630072541453,0.03514123447811658,0.050025376484385306,3.0399834838998423,2.3850440451442068,2.186291049128159,0.1987529960160478,1.4228207246194717,0.8536924347716831,0.5691282898477886,0.07687138294644869,0.05344416042926256,0.06811772858695492,1.195993251931128,0.15806331013320002,0.008818477428137746
2058,0.805195764292942,0.4209719950103207,0.04303436267558726,0.04925704394753113,2.9484436279561086,2.311263867686267,2.106935810477605,0.20432805720866193,1.4025130291308394,0.8415078174785033,0.5610052116523361,0.0788950699829735,0.055158533915031414,0.06993093627550134,1.1843220205958733,0.16747343307656587,0.008718843289495836,0.8167123538742446,0.42326734132571325,0.03171113671734164,0.04996156080941422,3.044989241940916,2.377966386224935,2.1785353843600297,0.19943100186490523,1.4440897626348104,0.8664538575808863,0.577635905053924,0.07708503253273137,0.053625154416651784,0.06822117426461759,1.1947467996293,0.1580533291753431,0.008811117259162343
2059,0.8040662740904381,0.4208406068124314,0.03959399359044846,0.049187949407153805,2.952910349402772,2.3039289469662636,2.098929821956966,0.20499912500929757,1.4233008790763442,0.8539805274458061,0.5693203516305381,0.07912233380213402,0.05535106124698112,0.07004490460980478,1.1830299319682043,0.16744968520294992,0.008710557956184285,0.8158158938040047,0.42313523505948075,0.028640507717743152,0.049906721549037025,3.0502226360399773,2.372322114907935,2.17240868175227,0.1999134331556651,1.4630232571461785,0.8778139542877071,0.5852093028584714,0.07724633803591813,0.05376180493265591,0.06828797602285108,1.1938079846999043,0.15804498140637324,0.008804370362969459
2060,0.8030981310867834,0.4206876192786526,0.03654160153631858,0.0491287249874771,2.9575908456955635,2.2980096584131986,2.0925204181034855,0.20548924030971297,1.4417840459867974,0.8650704275920782,0.5767136183947192,0.07929774271498255,0.055499659515353426,0.07012298834273666,1.1820351874080377,0.1674309677080243,0.00870310161674549,0.8150548429007708,0.4229809436817516,0.02591515500561889,0.0498601656949776,3.0556156360242346,2.3679188437495235,2.1676851699088173,0.20023367384070642,1.4798841101923619,0.887930466115417,0.5919536440769448,0.07736314418432849,0.053860757666055525,0.06832401118952294,1.1931293687510953,0.1580393374728126,0.008798268159839246
2061,0.8022759049719395,0.4205170591993432,0.03383340842599297,0.04907842680121198,2.9624630317878857,2.293348216976231,2.0875278712246015,0.20582034575162977,1.4582252676054746,0.8749351605632845,0.5832901070421901,0.07942693758214912,0.05560910739477856,0.0701690210766275,1.1813039259789782,0.1674159833996195,0.008696416584475198,0.8144164236188305,0.42280862959928245,0.023495622724839217,0.049821111641574885,3.0611497971419834,2.3646175292159617,2.164205796490015,0.20041173272594667,1.49490666775328,0.896944000651968,0.5979626671013121,0.07744047085151928,0.0539262652201299,0.06833273232146747,1.192680676059293,0.15803544792968977,0.00879277096256058
2062,0.8015829901723062,0.4203274300946138,0.03142342185857183,0.04903603904271896,2.967540377861777,2.28982924642201,2.0838256247581883,0.20600362166382152,1.472857921839315,0.8837147531035887,0.5891431687357263,0.07951323716561384,0.055682216385968666,0.07018487718344533,1.180816119265333,0.16740301183059977,0.008690388317056796,0.8138864640362204,0.42261690343350483,0.02133990002966636,0.04978869245707442,3.066843220872478,2.3623205807273,2.1618636494514467,0.2004569312758532,1.5082992857017186,0.9049795714210311,0.6033197142806874,0.07748106775494082,0.0539606570275458,0.06831565895837961,1.1924452872951894,0.1580319157149765,0.00878778017082162
2063,0.800999035722575,0.420115603500771,0.029272222837629765,0.049000316762048954,2.9728087705203836,2.2873253321890705,2.081275533906477,0.20604979828259362,1.4858887276898447,0.8915332366139066,0.5943554910759381,0.07956021011840883,0.055722009685706494,0.0701727473778917,1.1805508277086192,0.16739010670587023,0.00868486295716215,0.8134467700098121,0.42240272935281825,0.019412287029459505,0.049761795133886226,3.0726854354742286,2.360915850408881,2.160537445510954,0.20037840489792674,1.520246649938791,0.9121479899632745,0.6080986599755165,0.07748795592129205,0.05396649236154012,0.06827462844285706,1.1924053603292788,0.15802709746222224,0.008783156533822927
2064,0.8005075545788137,0.4198823147057858,0.02733715958900909,0.04897025139473635,2.9782306211860803,2.285705101921882,2.0797308239468553,0.2059742779750268,1.4974996620653753,0.8984997972392249,0.5989998648261504,0.07957240739303936,0.05573234264917754,0.07013583584534283,1.1804819659997192,0.16737636623213928,0.008679742992555233,0.8130828678241918,0.4221669545724505,0.017673468416466095,0.0497395342531796,3.0786417261137173,2.360285137770061,2.160094922745593,0.2001902150244681,1.5309113389468745,0.9185468033681246,0.6123645355787499,0.07746515033221835,0.05394717252772706,0.0682124861871736,1.1925375646779968,0.15802032853634157,0.008778817214253797
2065,0.8000911744279364,0.41963201308575204,0.025569760979623997,0.04894478021219259,2.9837085091600284,2.284798603299828,2.078997785095268,0.2058008182045602,1.5078512067746008,0.9047107240647603,0.6031404827098406,0.07955651344533884,0.055718878036305014,0.07007933966933139,1.180571699566332,0.16736177607345717,0.008674956062959805,0.812779219782872,0.4219141451159542,0.016077894271165155,0.04972095934274676,3.0846158830452266,2.3602689055422275,2.1603538158750117,0.1999150896672159,1.5404367786170252,0.924262067170215,0.6161747114468102,0.07741877920724757,0.053907889068516054,0.06813403989646236,1.1928064977140291,0.1580117659570803,0.008774704754456455
2066,0.7997488616003084,0.419372335291423,0.02393467356891313,0.048923840038260585,2.98923520338456,2.2845307391299863,2.0789846107949237,0.20554612833506247,1.517084320982728,0.9102505925896366,0.6068337283930915,0.07951656918465828,0.05568503911744876,0.07000628618957312,1.1807972950136916,0.16734711791783782,0.00867056050179261,0.8125365329571108,0.42165203999078926,0.014592782657019271,0.04970611367204809,3.0906035940997145,2.3608028754795143,2.1612342272725766,0.19956864820693762,1.548948944711897,0.929369366827138,0.6195795778847589,0.07735242936678276,0.053851680571241095,0.06804200313886777,1.1931915760782221,0.15800230051792577,0.008770890724912356
2067,0.7994830416791722,0.4191064695266516,0.02239996288773219,0.04890757922966231,2.9948727450298422,2.28489209508675,2.0796773483071322,0.20521474677961815,1.5253256612045172,0.9151953967227101,0.6101302644818071,0.07945351890663072,0.05563162585592665,0.06991701942377951,1.181153618183331,0.16733321928171394,0.008666598359451862,0.8123587054618404,0.42138386426978747,0.013188363458512972,0.049695235708460364,3.096670903702824,2.3618883664677126,2.1627340896035467,0.19915427686416592,1.5565613568321293,0.9339368140992773,0.622624542732852,0.07726669626461065,0.053779051476641096,0.06793648687816342,1.1936896339834524,0.15799280896948556,0.008767426849401457
2068,0.7992774003373415,0.4188303404263434,0.020972932264460245,0.048894999758029134,3.000599420785781,2.2857972944012674,2.0809855987338413,0.20481169566742602,1.5326897034199,0.9196138220519399,0.6130758813679602,0.07936960070502863,0.0555605342606338,0.06981296051022756,1.1816283129446752,0.16731933434521012,0.008662930136652489,0.8122305100680238,0.42110551715569255,0.011874282619589192,0.04968739393135654,3.1027976980024743,2.3634476416843366,2.1647715206577036,0.198676121026633,1.5633769622412848,0.9380261773447707,0.6253507848965141,0.07716345151628744,0.05369158733032025,0.06781865721486899,1.1942901492468425,0.15798264067682116,0.008764181043638965
2069,0.7991105391272968,0.4185407625740922,0.0196697485572467,0.04888479261552936,3.006332639300883,2.2871149910871127,2.082766911413656,0.2043480796734567,1.5392762131453783,0.9235657278872268,0.6157104852581515,0.07926883163132681,0.05547516739064752,0.06969714509775371,1.1821989894663896,0.167303172075889,0.008659391525004534,0.8121315781997182,0.42081381965057535,0.010669135043799988,0.04968134231960909,3.1089018609381616,2.3653552747821625,2.167210640119705,0.1981446346624574,1.569485368030761,0.9416912208184565,0.6277941472123045,0.07704631510807117,0.05359235481618159,0.0676912617292463,1.1949724258038685,0.1579697266576861,0.008760997294442682
2070,0.7989632668397679,0.41823578838891795,0.018448098094227185,0.04887578382405113,3.011985962119387,2.2887192954731104,2.084883542325607,0.20383575314750316,1.5451706996563,0.9271024197937797,0.6180682798625202,0.079155266960065,0.05537896068584715,0.06957271554970221,1.1828429983683757,0.16728183153188997,0.008655842964274421,0.8120437949274197,0.42050688729217955,0.009532443938023952,0.04967597275041624,3.114897781525512,2.3674910088092846,2.169919893404935,0.19757111540434968,1.5749631468676286,0.944977888120577,0.6299852587470516,0.07691896023586156,0.05348446569486046,0.06755716151118009,1.1957153836898888,0.15795145998590782,0.008757745244267928
2071,0.7988298395173976,0.4179128011105051,0.017296199761405506,0.0488676220399116,3.017585078600668,2.290591263352559,2.087317308765494,0.20327395458706465,1.5504462830586239,0.930267769835174,0.6201785132234499,0.07902911448813887,0.055272090182092906,0.06943952153933877,1.183559472031495,0.16725345479612702,0.0086522246254566,0.8119623816167778,0.42018214834132506,0.008454152114092825,0.049670992918321555,3.120814019393747,2.3698427541400418,2.1728886646939367,0.19695408944610515,1.5798755911663502,0.94792535469981,0.6319502364665402,0.07678135267424094,0.05336789097217566,0.06741603832435421,1.1965195182058128,0.15792617880064877,0.008754371580586721
2072,0.7987198516254808,0.4175768242664927,0.01622238914417254,0.04886089418464773,3.0231950119921653,2.292759452145111,2.0900944383984212,0.20266501374668985,1.555167622656241,0.9331005735937442,0.6220670490624968,0.07889039255202425,0.055154571413193826,0.06929738918243414,1.1843486500667815,0.16721991194799707,0.008648639419239847,0.8118978566293995,0.4198446579913205,0.007443998778289537,0.049667046245449424,3.1267189444914454,2.3724458114463784,2.176150639467603,0.19629517197877525,1.5842805083730709,0.9505683050238424,0.6337122033492285,0.07663331871976788,0.05324248349465486,0.06726758584190841,1.1973861686538825,0.15789569721795707,0.008750985274674685
2073,0.7986464527721544,0.4172377036974788,0.01519608817003261,0.04885640458683447,3.0288547846774803,2.295236228043634,2.093217886248053,0.2020183417955808,1.5593948307157133,0.9356368984294277,0.6237579322862856,0.0787406059629501,0.05502767918519722,0.0691475185639297,1.1852023273702028,0.16718507321048165,0.008645254195353159,0.8118641942055735,0.4195042670006992,0.006472145176479802,0.04966498752904183,3.132654035646851,2.3753179927918215,2.179714818329865,0.19560317446195655,1.5882320288616436,0.952939217316986,0.6352928115446576,0.07647615889027143,0.05310934500048368,0.06711285586198894,1.1983080518387021,0.15786368813418883,0.008747759137890377
2074,0.7986157492196406,0.41690538307989267,0.014211174609526561,0.04885452674058148,3.034541058826788,2.2979797554065655,2.0966302759076445,0.201349479498921,1.563184638198573,0.9379107829191435,0.6252738552794295,0.07858314995505743,0.0548942897824713,0.06899276319156265,1.1861014591162962,0.16715311430548452,0.008642192294073701,0.8118680888913203,0.4191708716708515,0.005533275035945154,0.04966522623108241,3.138596322386165,2.3784205645894163,2.1835273234962087,0.19489324109320738,1.591781664816594,0.9550689988899563,0.6367126659266378,0.07631303456866102,0.052971153666149115,0.06695452488471446,1.199266895946511,0.15783408033680965,0.00874482151818325
2075,0.7986222479622768,0.4165902243056333,0.013323638985510755,0.04885492458818738,3.040125218507006,2.3008562645990933,2.10017162397342,0.20068464062567318,1.5665893242226436,0.939953594533586,0.6266357296890577,0.0784246401201735,0.05476000762655788,0.06883878874360515,1.1870084200718627,0.16712691694475817,0.00863950797830811,0.8119045365096726,0.4188547875177478,0.0046848590043232635,0.04966745620751993,3.1444151449717523,2.381620344850812,2.187428875303833,0.19419146954697922,1.5949771161131987,0.9569862696679191,0.6379908464452796,0.07615024498584655,0.05283324590694552,0.06679800890604903,1.2002257836065842,0.15780960552514026,0.008742232757670542
2076,0.7986578012064456,0.4162963716447784,0.01258773539956616,0.048857099757842304,3.045520438104914,2.303766883854298,2.103727533269213,0.20003935058508526,1.5696548413928348,0.9417929048357008,0.6278619365571341,0.07826927249340614,0.054628387403139245,0.06868910519125046,1.1878991714660567,0.1671054215380176,0.008637185780947042,0.8119659324493048,0.41856014019939003,0.003982825094218746,0.049671212315667485,3.1500234899608857,2.384820447131917,2.191307302878598,0.19351314425331953,1.5978603118038133,0.9587161870822879,0.6391441247215254,0.07599171693952164,0.052698948323146755,0.0666466070937704,1.2011615067188477,0.1577893382560289,0.008739982860174772
2077,0.7987192083691433,0.41602536295930415,0.012008380998782597,0.048860856496720395,3.050706148282283,2.3066731638880986,2.1072535977853786,0.19941956610271988,1.5724209174948405,0.9434525504969041,0.6289683669979363,0.07811865199354492,0.05450078872472959,0.06854496796231169,1.1887643843535607,0.1670873550994791,0.008635219251195097,0.8120496614387956,0.4182884705257642,0.003433160232677507,0.04967633460810153,3.155402544035738,2.387985902256203,2.195122063767762,0.19286383848844083,1.6004674671132928,0.9602804802679756,0.6401869868453172,0.0758388597835083,0.052569454853727035,0.06650142466672358,1.202065573330059,0.15777215476578824,0.008738069977759149
2078,0.7987894010182472,0.41577071472510574,0.011548041746270443,0.04886515064682264,3.0556310725486697,2.3095036019374513,2.110677472097159,0.1988261298402923,1.5749226674191847,0.9449536004515107,0.6299690669676741,0.07797397814697427,0.05437822777426224,0.06840719047525717,1.1895969976494352,0.1670702491990359,0.008633445264513812,0.8121390616949482,0.4180332858669095,0.002998941751591669,0.04968180380209501,3.16050193970799,2.3910476604763096,2.1988035480941566,0.1922441123821531,1.6028306526897227,0.9616983916138335,0.6411322610758892,0.07569268737637788,0.052445624392488455,0.06636313311196422,1.2029317766174195,0.15775577383779893,0.00873633414983129
2079,0.7988468986648708,0.4155235671866197,0.011159003597122491,0.04886866815465957,3.0602288525448937,2.312174518508315,2.1139158840163446,0.1982586344919708,1.5771882808809154,0.9463129685285491,0.6308753123523664,0.07783639493777778,0.05426167368181794,0.06827653240471723,1.190390225755115,0.1670508954659273,0.008631652451415062,0.8122129502096817,0.417785718495607,0.002632902172582628,0.049686324041845094,3.165255558194168,2.393923685641095,2.2022703183383237,0.1916533673027716,1.6049753997597405,0.9629852398558443,0.6419901599038962,0.07555417517231683,0.052328283298825364,0.06623236335994179,1.20375410047681,0.15773720888484477,0.008734566467147417
2080,0.7988820954898636,0.4152788688326613,0.010814919544564983,0.04887082140535391,3.064486594931002,2.314657949176957,2.116943295415523,0.19771465376143366,1.5792388325257982,0.9475432995154787,0.6316955330103196,0.07770585663614668,0.054151087707230705,0.06815280275505843,1.191144122268198,0.16702728168448822,0.008629737175291767,0.8122619943359027,0.41754070567381957,0.002309122571837484,0.04968932442337536,3.169651488942297,2.3965881466652847,2.2054992190468754,0.19108892761840945,1.6069204498257026,0.9641522698954215,0.6427681799302811,0.07542317483684816,0.052217305910671516,0.06610884856977392,1.204533187313578,0.15771459110729608,0.008732664950559785
2081,0.7989052439646145,0.4150429414505538,0.010497362809978851,0.04887223758104134,3.068429905104318,2.31697396638169,2.119775084081603,0.19719888230008695,1.5810913683711914,0.9486548210227145,0.6324365473484769,0.0775828368975511,0.05404687110937344,0.06803643131266396,1.191855745570088,0.16700150791182314,0.008627819471108753,0.8122968267423815,0.4173045811787495,0.0020093002311319177,0.04969145538664359,3.17371683657014,2.399063581511106,2.208508354343952,0.19055522716715356,1.6086808037103133,0.9652084822261878,0.6434723214841255,0.07530008612829525,0.0521130308846759,0.06599296288723736,1.205266429798257,0.1576899188266275,0.008730752427312947
2082,0.7989359957848097,0.4148263182053512,0.010207971862582293,0.04887411883737622,3.072117030997572,2.3191759859114542,2.1224590628013753,0.196716923110079,1.5827632803269953,0.9496579681961969,0.6331053121307985,0.0774674845610647,0.05394914997778315,0.06792762386033421,1.1925240309532308,0.16697769519592506,0.008626115017027657,0.812337489062099,0.4170878869706469,0.0017351453873711564,0.049693942941047176,3.1775118436656844,2.4014061627313916,2.2113485904530297,0.19005757227836187,1.6102720886877582,0.9661632532126547,0.6441088354751034,0.07518501453193968,0.05201554758306031,0.06588488023789783,1.205952975214415,0.15766707617700865,0.008729047219536665
2083,0.798988645422499,0.41463568431911785,0.009977498641082126,0.04887733960005447,3.075605278797909,2.3213115992110924,2.125040787927155,0.19627081128393745,1.5842741514512577,0.9505644908707543,0.6337096605805034,0.07735943076648791,0.053857611831263606,0.06782607837175764,1.193150926104094,0.1669590636880735,0.008624772273610446,0.812398541993675,0.4168972722265895,0.0015177576198221049,0.049697677798331,3.1810957507290984,2.403666002616938,2.2140683241502574,0.1895976784666804,1.6117123776314022,0.9670274265788411,0.6446849510525611,0.07507755447567466,0.05192451242400908,0.06578427205613657,1.20659503641791,0.15764907771223152,0.008727698977309888
2084,0.7990574806140254,0.4144686377294003,0.009828398345598247,0.048881550408224644,3.0788848286125763,2.323358539098163,2.127498149378197,0.19586038971996578,1.585644465390632,0.951386679234379,0.6342577861562531,0.07725895369155125,0.05377249232904313,0.06773192626092311,1.1937346405611762,0.16694547563143725,0.008623735045726038,0.8124743770011386,0.4167302609137778,0.0013801246195722788,0.04970231684309251,3.1844594691339823,2.405822124397518,2.216646960173784,0.18917516422373407,1.6130208482669972,0.9678125089601981,0.6452083393067991,0.07497789865234741,0.05184008864793542,0.06569120311439355,1.207191271139631,0.15763577532150416,0.008726651671854534
2085,0.7991265590938147,0.41431963238864233,0.009763729280451147,0.04888577601927241,3.0818924278366886,2.3252450724452127,2.1297575188520645,0.19548755359314832,1.586891514974374,0.9521349089846242,0.6347566059897499,0.07716739740310966,0.053694930102015564,0.06764619074100721,1.1942671837967047,0.16693475154685372,0.008622855741154766,0.812549152883369,0.4165812590655834,0.0013258488116162648,0.049706891015313934,3.1875396130369644,2.407803251264263,2.2190114297326495,0.18879182153161367,1.6142136388405253,0.968528183304315,0.6456854555362103,0.0748872656259112,0.05176330856551514,0.06560659639782984,1.2077341952974145,0.1576251283343695,0.008725758645080189
2086,0.7991882613139526,0.4141875604077318,0.009764386375873561,0.048889550347862035,3.084582594477589,2.326922490679197,2.1317659893001695,0.19515650137902743,1.5880276752956997,0.9528166051774195,0.6352110701182802,0.0770861588128097,0.053626108548723087,0.06757001950247221,1.1947402361706418,0.16692554838718646,0.008622077722009368,0.8126154943399586,0.41644917540726023,0.0013360851513002786,0.049710949171256236,3.1902911073921665,2.409561607488264,2.2211098440722785,0.18845176341598566,1.6153021055331467,0.9691812633198879,0.6461208422132588,0.07480694484186277,0.05169526453496917,0.0655315133342591,1.2082158817160338,0.15761591587768456,0.008724965680485634
2087,0.7992382347566708,0.4140701632310565,0.009835952647169986,0.048892607157966714,3.086948863693101,2.328377557426658,2.133511327675749,0.19486622975090864,1.58906256002892,0.9534375360173518,0.6356250240115683,0.07701522383213208,0.053566015734027736,0.06750333343045542,1.1951536932457913,0.16691671667032337,0.008621354574167265,0.8126692706862332,0.4163317721813683,0.001416800240541867,0.049714238645085077,3.1927086112100396,2.4110854574801515,2.2229316149013454,0.18815384257880605,1.6162949938478237,0.9697769963086941,0.6465179975391296,0.07473686477744784,0.05163589596554835,0.06546583046117496,1.2086365665421113,0.1576070886277774,0.008724227933172193
2088,0.7992743780086161,0.4139669071964101,0.009936141695258076,0.04889481791102482,3.0889834710923116,2.329598556442982,2.1349811005058945,0.19461745593708746,1.5900039509773622,0.9540023705864171,0.6360015803909451,0.07695485522585732,0.05351487426002396,0.06744632344263851,1.1955058584358778,0.1669077287088552,0.008620669022117266,0.8127086583947564,0.4162285657986419,0.0015255742156930277,0.04971664789747794,3.194785547430976,2.412364600931957,2.2244659382708036,0.1878986626611534,1.617199348600288,0.9703196091601727,0.6468797394401153,0.07467723109410287,0.051585377084051275,0.06540969393399775,1.2089948456736512,0.1575981910378158,0.008723530444287468
2089,0.7992952818103615,0.41387664357514076,0.010003745643988197,0.048896096400202704,3.090690820422692,2.330584763605521,2.1361757615338823,0.19440900207163891,1.5908584314813496,0.9545150588888096,0.63634337259254,0.07690483527485298,0.05347249968519416,0.06739876067654126,1.1957978604209965,0.16689841501070982,0.008620002604905731,0.812732458898873,0.41613844972744535,0.0016007918445198055,0.04971810361039569,3.19652739653994,2.413399652549638,2.2257147092884138,0.18768494326122404,1.6180211454192106,0.9708126872515263,0.6472084581676844,0.0746277951682725,0.05154349726817148,0.0653628519645579,1.2092920682084682,0.15758908615020759,0.008722856326757447
2090,0.7993010210109753,0.4137971325423491,0.010016253335693538,0.04889644721223269,3.092099778117416,2.331356903235341,2.137120791300244,0.19423611193509724,1.591631644695287,0.954978986817172,0.636652657878115,0.07686402833357317,0.053437929943478776,0.06735961042748975,1.1960362182966353,0.16688870975787323,0.008619336363942557,0.8127408385589002,0.41605919197593527,0.0016198133555953842,0.049718615968575644,3.197964099378531,2.4142125839372235,2.2267047857842925,0.18750779815293078,1.618765522657064,0.9712593135942383,0.6475062090628257,0.07458742908703292,0.051509301002566905,0.06532427916329903,1.2095349026723636,0.15757970814161648,0.008722186663834668
2091,0.7992983951706207,0.4137269847876689,0.010008184214480756,0.04889628632212868,3.0932866537934656,2.3319795336582487,2.137889443136694,0.19409009052155463,1.5923286844279534,0.9553972106567717,0.6369314737711816,0.07683000020069577,0.053409102892792416,0.06732672783908329,1.19623507582752,0.16687884042175563,0.008618700511774036,0.8127406567529045,0.41598938850161826,0.0016174904039991944,0.04971860460625245,3.1991738687817537,2.4148698872433743,2.227511585919871,0.18735830132350295,1.6194371381031378,0.9716622828618826,0.6477748552412552,0.07455375257124972,0.05148077182552037,0.06529187820932764,1.2097375920252258,0.15757025796438612,0.00872155061727997
2092,0.799292198224483,0.4136634515075043,0.009987244749090782,0.048895906994408586,3.0943266621551313,2.3325144282147456,2.1385533651435624,0.19396106307118308,1.5929554950192824,0.9557732970115691,0.6371821980077133,0.07680016097924217,0.05338382449293474,0.06729781197872209,1.196409525181839,0.16686860892564728,0.008618100678839852,0.8127367703211099,0.415926272173431,0.0016016407004035976,0.04971836663595661,3.2002340296412757,2.4154354223539576,2.228209096255233,0.18722632609872492,1.6200415556434051,0.9720249333860429,0.6480166222573622,0.07452422525601604,0.051455757658097775,0.06526339206933474,1.2099153819289377,0.15756053857684005,0.008720952661508127
2093,0.7992894977664476,0.4136069124054614,0.009957908320728584,0.04889574155779751,3.0952793946295216,2.333012186831592,2.1391683635321717,0.19384382329942038,1.5935183851622505,0.95611103109735,0.6374073540649006,0.07677288822863346,0.05336072028774705,0.0672714408934311,1.1965690285988282,0.1668590910782543,0.008617584176119505,0.8127363302282591,0.41587021250415274,0.0015767378635075657,0.04971833948649733,3.20120580450477,2.4159614252643413,2.2288549520187986,0.1871064732455429,1.6205847541432863,0.9723508524859715,0.6482339016573148,0.07449725683606959,0.05143291126768522,0.06523742722329517,1.2100778241766867,0.15755154780706357,0.008720439663921994
2094,0.7992913412947162,0.4135567701331942,0.009922271032363005,0.04889585406264513,3.0961647169525186,2.333486270441212,2.13975004923293,0.19373622120828166,1.5940244461993152,0.9564146677195887,0.6376097784797264,0.07674761827560293,0.05333931275946809,0.06724709303778159,1.1967168685993066,0.1668509720194827,0.008617152269409342,0.8127404069096802,0.4158205886955667,0.0015449062670441077,0.04971858861148108,3.202109705180728,2.416462066546025,2.2294655783159625,0.18699648823006212,1.6210735447746094,0.9726441268647654,0.648429417909844,0.07447228273093176,0.05141175436797377,0.06521346270597006,1.2102283049062876,0.15754391061040496,0.008720012518127655
2095,0.7992937057089672,0.4135116636431979,0.009879653744090208,0.04889599838796958,3.096967637710708,2.333918285439927,2.1402794758077124,0.19363880963221472,1.5944802698383267,0.9566881619029957,0.637792107935331,0.07672470726397478,0.0533199036165727,0.06722503440348795,1.1968509492558987,0.16684416693979714,0.008616767994086477,0.8127449646988029,0.41577601484579696,0.0015055468761833862,0.04971886712136159,3.202930552443009,2.4169188927465335,2.2300219894355586,0.186896903310975,1.621514271679084,0.9729085630074502,0.6486057086716338,0.07444963058330434,0.05139256452261366,0.06519174186034463,1.210364837259898,0.15753753487002736,0.008719634146351551
2096,0.7992889351270831,0.4134684851525065,0.009828319017846088,0.048895706202842316,3.0976610564852147,2.3342780085205077,2.1407264660874428,0.193551542433065,1.5948909839962873,0.9569345903977721,0.6379563935985152,0.07670457628304278,0.05330284958631534,0.06720556859365029,1.1969687930826285,0.166837518703685,0.008616356400354378,0.812742301267758,0.4157333579862546,0.0014570717611255835,0.04971870384405529,3.203640744410904,2.4173013260876575,2.2304936419403427,0.18680768414731475,1.621911837450936,0.9731471024705614,0.6487647349803747,0.07442968953894656,0.051375671397783346,0.0651725430023831,1.2104850623375563,0.15753132774705467,0.00871922930903964
2097,0.7992821473305551,0.4134325515524764,0.009770498959358082,0.04889529060320101,3.098230328830604,2.3345558360878056,2.141074525257359,0.1934813108304465,1.5952596726220754,0.9571558035732449,0.6381038690488304,0.07668854435938516,0.05328926808663262,0.06718989860697464,1.197062663427689,0.1668322249389238,0.008615996321575042,0.8127376472362323,0.41569796292237515,0.001401757701430903,0.04971841877835409,3.2042253435630963,2.4175996412484837,2.23086387518746,0.18673576606102374,1.622269113959394,0.9733614683756362,0.6489076455837579,0.07441374755407403,0.051362166090054076,0.06515704290339569,1.2105811995444582,0.15752643588069284,0.008718878490925359
2098,0.7992787720704871,0.4134077228198777,0.00970928619591354,0.04889508376509996,3.09868034757525,2.334757925584556,2.1413262666796626,0.19343165890489306,1.595590134825979,0.957354080895587,0.6382360539303918,0.07667713080186964,0.05327959905183141,0.06717851290593468,1.197129504037111,0.16682931813793964,0.008615755640288497,0.8127365287974526,0.41567371149742754,0.001342732177813541,0.04971835000012195,3.2046893969761965,2.4178202469367656,2.2311355577697762,0.18668468916698952,1.622589732010701,0.9735538392064204,0.6490358928042806,0.07440231360764812,0.05135247978271679,0.0651457215416847,1.2106501636427218,0.15752384319065876,0.0087186506434891
2099,0.799279578460585,0.4133932760828775,0.009646329093907141,0.048895132749965514,3.099028497382259,2.334896777772654,2.141496371927772,0.1934004058448818,1.5958868757574782,0.9575321254544866,0.6383547503029916,0.07666978124154747,0.053273372846335716,0.06717090571377576,1.1971725500695942,0.1668286921634967,0.008615632763148206,0.8127397321189446,0.41565987873748056,0.00128170125950762,0.049718545614116295,3.2050507219501503,2.4179761025951843,2.2313238832086775,0.18665221938650678,1.6228780645691214,0.9737268387414727,0.6491512258276487,0.0743948432089432,0.05134615120856638,0.06513808254391892,1.210695227094026,0.15752344762732598,0.00871854396310928
2100,0.7992820020798861,0.41338485992108326,0.009583521013056082,0.048895280691430155,3.0993045920416034,2.33499266258223,2.141612129717295,0.19338053286493498,1.5961541038738474,0.9576924623243082,0.6384616415495392,0.07666499983974868,0.05326932226523268,0.06716570803468057,1.197200556703632,0.1668292519622808,0.008615573288562411,0.8127446388448714,0.4156520908979551,0.0012206556935108748,0.049718845454665324,3.2053397787557607,2.4180881003781822,2.231456856034162,0.18663124434402023,1.623138204535998,0.9738829227215987,0.6492552818143994,0.0743898709528971,0.05134193894462635,0.06513278428057792,1.21072522352293,0.1575242055211576,0.008718502715185218
2101,0.7992884034718073,0.4133806781251466,0.009523648826616424,0.0488956719960289,3.0995510057221813,2.335080177592241,2.141713949380718,0.19336622821152313,1.5963950939024398,0.9578370563414637,0.6385580375609762,0.07666129483538622,0.05326618355794788,0.06716159264213536,1.1972222596191875,0.16683087758313112,0.00861557595961913,0.8127535840998729,0.4156485379360272,0.001162397370004134,0.049719392373458175,3.2055997315296203,2.4181915971828474,2.231575744418797,0.18661585276405027,1.6233733118513725,0.9740239871108234,0.6493493247405491,0.07438594623063757,0.05133861410256368,0.06512853534328403,1.2107489018093973,0.15752598939838497,0.008718524565328852
2102,0.7993025526017461,0.4133799928773421,0.00946897772911888,0.048896537281483056,3.09981026095163,2.33519501923256,2.1418423018276957,0.19335271740486437,1.5966132652065574,0.9579679591239342,0.6386453060826233,0.07665733751791638,0.05326283110273983,0.06715738740597209,1.197245441653141,0.16683396590116184,0.00861565762137552,0.8127703077855499,0.4156484669069263,0.001109146690177018,0.04972041514922492,3.205873770009835,2.41832293354711,2.2317217515181094,0.1866011820290006,1.6235866974862097,0.9741520184917257,0.6494346789944839,0.07438178213646658,0.05133508647575668,0.06512419972871769,1.2107740255779214,0.15752915303675785,0.00871862532902306
2103,0.7993271835563215,0.41338122809350175,0.009420970732906306,0.04889804379491644,3.1001257768114012,2.335372641903141,2.1420383072876508,0.1933343346154899,1.596812449206251,0.9580874695237502,0.6387249796825007,0.07665164984231496,0.053258012768644315,0.06715177809450301,1.1972787622110403,0.16683869004419505,0.008615821269364136,0.8127974702525457,0.4156502726005476,0.0010623040598308764,0.049722076518552406,3.206205860655838,2.418518083722424,2.2319366070790188,0.18658147664340505,1.6237820892946986,0.9742692535768191,0.6495128357178794,0.07437594708923612,0.05133014329527492,0.06511850337915485,1.2108092332193008,0.1575338323348335,0.008718806498271912
2104,0.799363177266928,0.413384935244536,0.009379681246470872,0.04890024541577402,3.100501235126383,2.33561474557086,2.1423032505282498,0.19331149504260994,1.5969966409968899,0.9581979845981335,0.6387986563987563,0.07664427970510343,0.05325176913136548,0.06714479955311686,1.1973219428832067,0.16684573723701504,0.008616077241290123,0.8128358874723942,0.41565448899385593,0.0010218462194278438,0.04972442638722653,3.206599229989667,2.418778378952923,2.2322212053402244,0.18655717361269866,1.6239633744157378,0.9743780246494427,0.6495853497662951,0.07436849792965815,0.05132383271392453,0.06511148936527905,1.2108541840304288,0.1575406516859585,0.008719077883060491
2105,0.7994064390019683,0.4133908000948211,0.009342768928635073,0.04890289166288389,3.1009075503112267,2.335892806657997,2.1426057829008753,0.19328702375712165,1.5971696123505863,0.9583017674103513,0.638867844940235,0.07663611909019269,0.05324485583816449,0.0671372060986492,1.197369759628139,0.1668548713984638,0.008616397362981762,0.8128813963849902,0.4156607907284806,0.0009854374307867036,0.04972721009437067,3.207023714813005,2.4190743743261978,2.2325431861318195,0.18653118819437836,1.624134214468643,0.9744805286811858,0.6496536857874572,0.07436030578832784,0.05131689271300796,0.0651038953460017,1.210903623306646,0.15754938063251256,0.008719411268362823
2106,0.7994557668521697,0.41339749390368397,0.00931041477556703,0.04890590904016815,3.101351046476631,2.3362098160547644,2.1429506831270784,0.19325913292768604,1.5973339389159216,0.9584003633495526,0.638933575566369,0.07662681884231551,0.053236977100946756,0.06712866831076186,1.1974242601090945,0.16686512263878364,0.00861676241151451,0.8129327431742883,0.41566783918731887,0.0009533169192140339,0.049730350968745285,3.207485452935114,2.4194089442380755,2.2329072095558478,0.18650173468222764,1.6242970722987768,0.9745782433792661,0.6497188289195107,0.07435103439151769,0.05130903841707163,0.06509540381658446,1.210959582240379,0.15755910808252807,0.008719786837868745
2107,0.7995092111375979,0.41340311147233066,0.00928394318999378,0.04890917828511343,3.1018378946897442,2.336568327493405,2.1433428756528863,0.19322545184051873,1.5974916983947636,0.9584950190368579,0.6389966793579057,0.07661593615051533,0.053227757790875935,0.06711876961387131,1.1974880421541751,0.16687574277911452,0.008617143419369939,0.8129879190085,0.41567371849878965,0.0009268585740020013,0.04973372612930703,3.207990434791939,2.4197845297590828,2.233318086569685,0.18646644318939784,1.624453913703757,0.9746723482222541,0.6497815654815029,0.0743402553196961,0.051299906889024756,0.06508561147194447,1.2110246495109591,0.15756912489539798,0.00872017492848272
2108,0.7995656846898008,0.4134075466734107,0.009265129227178412,0.04891263289162405,3.1023609255027087,2.3369609846459105,2.143774303033025,0.19318668161288566,1.597644370782807,0.958586622469684,0.639057748313123,0.07660369699187705,0.05321738934522259,0.06710769888775805,1.1975597849322432,0.1668865365318141,0.008617532697217208,0.8130458219829233,0.4156783278598249,0.0009078832665647338,0.04973726816854347,3.208531095231631,2.4201934844505093,2.2337674315505818,0.1864260528999273,1.6246061061350816,0.9747636636810489,0.6498424424540327,0.07432819240033017,0.051289687745081705,0.06507470615637911,1.211097477540441,0.15757924844079044,0.008720567930171898
2109,0.7996281956200012,0.4134109873441383,0.009257531575518771,0.048916456879077516,3.102944352220668,2.3374091628053675,2.1442685098351766,0.19314065297019078,1.5977930706424863,0.9586758423854916,0.6391172282569947,0.07658942635139035,0.05320529992268158,0.06709487056126674,1.1976434499833304,0.16689741586147425,0.008617950536816354,0.8131094672548591,0.41568185796330076,0.0008999834867733092,0.04974116153695099,3.209132028826403,2.420657585849097,2.234279232875508,0.1863783529735889,1.6247546599181584,0.974852795950895,0.6499018639672633,0.07431419446688597,0.051277829347256776,0.06506212296037397,1.211182002337695,0.15758939770763492,0.008720985842765604
2110,0.7997002035387051,0.4134140186450761,0.00926355317154861,0.04892086186339552,3.103612051892037,2.337934061651426,2.1448484102706944,0.1930856513807314,1.5979394027022382,0.9587636416213428,0.6391757610808955,0.07657253085382568,0.0531909868433709,0.06707977339245375,1.1977425237350103,0.1669089172849564,0.008618423537352883,0.8131823072842197,0.41568488721065394,0.0009055223130163131,0.049745617413051196,3.20981743889025,2.42119837050815,2.2348767864638615,0.18632158404428834,1.6249010873773144,0.9749406524263886,0.6499604349509258,0.07429769018296004,0.051263847685935844,0.06504736955582463,1.211281681326984,0.1576000674414851,0.008721454843524431
2111,0.7997784634397833,0.41341731348134786,0.00928107402935946,0.04892564930654004,3.1043300437898647,2.338504608387617,2.1454787419060115,0.19302586648160563,1.5980855031397556,0.9588513018838531,0.6392342012559025,0.07655417314948101,0.053175435050519526,0.06706341519346537,1.1978501961423946,0.16692152431261956,0.008618937533901081,0.8132610670091416,0.4156880825653013,0.0009223487598267605,0.04975043542028583,3.2105523853371714,2.4217839420309932,2.235523921279315,0.1862600207516778,1.6250474400964268,0.975028464057856,0.6500189760385707,0.07427981035061558,0.05124870072400543,0.06503142722484538,1.211389692368941,0.1576117029523528,0.008721961152782152
2112,0.7998535334074339,0.41342019629689697,0.00930435506106636,0.04893024161174979,3.1050261952577833,2.3390545298943097,2.1460866079495418,0.1929679219447682,1.5982326455137368,0.9589395873082418,0.639293058205495,0.07653643088184506,0.05316040462700861,0.06704758034393045,1.1979542830187329,0.16693445362308454,0.008619428043872572,0.8133362679040183,0.4156907696714193,0.0009447968024697134,0.04975503572252718,3.2112630748937856,2.4223465782845643,2.236146129200618,0.18620044908394648,1.6251949094886124,0.9751169456931674,0.650077963795445,0.07426256708715855,0.05123409303361392,0.06501602569308298,1.2114938818931642,0.15762357576700423,0.008722441186942842
2113,0.7999171512311305,0.41342150595501403,0.009328430318395371,0.048934133376033875,3.105642689035204,2.3395310466900834,2.1466146364488945,0.19291641024118877,1.5983800876438496,0.9590280525863096,0.63935203505754,0.07652083878740235,0.05314719573016945,0.06703358390224574,1.198045775283494,0.16694620090899062,0.008619833616303967,0.8133996493755866,0.4156918040524129,0.0009680380148509721,0.049758913015865436,3.2118905166128076,2.422832503770656,2.2366849133404747,0.18614759043018145,1.6253426721205548,0.9752056032723329,0.650137068848222,0.07424744370370062,0.051221281206909774,0.0650024373162413,1.2115852817655721,0.15763429696702014,0.008722834477090751
2114,0.7999653343971652,0.4134198984330102,0.009350433760673064,0.048937081000268515,3.1061593329448645,2.3399159138085883,2.14704402746945,0.19287188633913832,1.598525509125691,0.9591153054754145,0.6394102036502765,0.07650774796904813,0.05313610579803646,0.06702171963084495,1.1981226045691462,0.16695541884234877,0.00862011769507566,0.8134472639089473,0.4156898656079222,0.0009893157950418147,0.049761825842223245,3.212414284828913,2.42322332628214,2.237121283958743,0.18610204232339742,1.6254883347836164,0.9752930008701699,0.6501953339134465,0.07423477488690086,0.051210548774856014,0.06499094259570565,1.2116618611196444,0.15764262602209983,0.008723105084842248
2115,0.79999918749414,0.41341521293383643,0.009370128690103105,0.048939152065298155,3.106585618338781,2.340219072770447,2.1473860032832484,0.1928330694871985,1.5986660250925548,0.9591996150555329,0.639466410037022,0.07649679570659831,0.053126827550948726,0.06701168161195295,1.1981868927234893,0.1669616580166142,0.008620285714487981,0.8134802881584705,0.4156848238256383,0.0010084354125667744,0.04976384619096456,3.212844332591701,2.42352946432712,2.237466960139474,0.1860625041876462,1.625628954087044,0.9753773724522266,0.6502515816348176,0.07422420636556432,0.05120159561538217,0.06498124298349751,1.2117257545095135,0.15764816088728079,0.00872325896446687
2116,0.8000206931468993,0.4134073334628121,0.00938817702939812,0.04894046784574638,3.106938337952142,2.3404568054318586,2.1476587819028654,0.1927980235289931,1.5987992600821275,0.9592795560492764,0.6395197040328511,0.07648741788028943,0.053118883092893726,0.06700298841716787,1.1982419463654779,0.1669649315780277,0.008620348934332812,0.8135007747438558,0.4156765859769113,0.0010260662723874311,0.04976509961854318,3.213198114763228,2.423767839272733,2.237740844977208,0.18602699429552524,1.6257621163100338,0.9754572697860203,0.6503048465240134,0.07421518676526323,0.05119395462973107,0.06497286788945728,1.2117802906852206,0.15765092478496548,0.008723307710915156
2117,0.8000336755975601,0.41339689678669045,0.009406281029780313,0.0489412622661133,3.107241869240358,2.3406526196200756,2.1478877856183813,0.19276483400169409,1.5989234727032946,0.9593540836219767,0.6395693890813179,0.07647895263139658,0.05311171172795913,0.06699508204136544,1.1982916483157158,0.16696568940892262,0.008620336686152209,0.8135126235020281,0.4156658064954921,0.001043894623234301,0.049765824673908346,3.2135008548369877,2.423962748831963,2.237969219060307,0.18599352977165615,1.6258860596278015,0.9755316357766809,0.6503544238511206,0.07420707030835587,0.05118707874513566,0.06496527266838331,1.211829371595453,0.1576513467790402,0.008723280922073128
2118,0.8000418243553106,0.413385174630618,0.009425965817421313,0.048941760998830096,3.107512818667912,2.3408231482006245,2.1480901023364254,0.19273304586419895,1.5990378605524773,0.9594227163314863,0.639615144220991,0.07647108629557225,0.05310504773430597,0.06698771116746163,1.1983378387249641,0.1669647704112245,0.008620283096561604,0.8135195893454726,0.4156537671865968,0.001063407538126962,0.04976625103050506,3.2137697996689303,2.424131413926773,2.238169812649674,0.18596160127709896,1.6259999783654273,0.9755999870192563,0.650399991346171,0.07419954971386726,0.051180707647453166,0.06495821095357003,1.2118748539338602,0.15765021596406853,0.00872321304688943
2119,0.8000456784668909,0.41337375610568716,0.009447061656128797,0.04894199699064719,3.1077377950073055,2.3409578972192233,2.1482523313863306,0.19270556583289264,1.5991424393682918,0.959485463620975,0.6396569757473168,0.07646446565335405,0.053099439034307985,0.06698145714727816,1.198376718156648,0.16696302412951963,0.008620205609043738,0.8135222628527935,0.4156420651395953,0.0010844130707529792,0.04976641478757427,3.2139915174179126,2.4242633064424215,2.238329178379125,0.1859341280632963,1.6261038983979794,0.9756623390387875,0.6504415593591919,0.07419324925134584,0.05117537018879485,0.06495224460480378,1.2119129607227794,0.15764833175422396,0.008723122262352143
2120,0.8000430807783674,0.41336340188303883,0.009467147710286748,0.04894183826891932,3.1078898315569035,2.341033280697587,2.148347432881999,0.19268584781558795,1.599237331124841,0.9595423986749044,0.6396949324499365,0.0764600161846242,0.05309566965145456,0.06697713086805385,1.1984028493228671,0.16696067611328927,0.00862009763151698,0.8135185220710571,0.4156314659632722,0.001104502254742644,0.049766186125988626,3.214138729294015,2.4243345538972623,2.2384199526167707,0.18591460128049134,1.6261979611287403,0.9757187766772442,0.6504791844514961,0.07418906041631404,0.0511718216026819,0.06494815547950711,1.2119382975904953,0.15764591184250745,0.00872300273109954
2121,0.8000314114077101,0.413354272251813,0.009482958792576351,0.04894112456865904,3.107944543929127,2.3410276844035907,2.148351215428309,0.19267646897528162,1.5993222141680303,0.9595933285008181,0.6397288856672122,0.07645848503409862,0.05309437253198084,0.06697538224903807,1.1984118419096887,0.16695751670652464,0.00861994438052395,0.813505781992046,0.4156221370670955,0.0011204407296367264,0.04976540691423374,3.214186824865885,2.4243233323951676,2.2384177032078383,0.18590562918732947,1.6262818694300782,0.975769121658047,0.6505127477720313,0.07418770040560471,0.05117066946489657,0.06494656799220626,1.2119465241272578,0.15764276997031962,0.00872284034588059
2122,0.8000103908502331,0.4133463572886169,0.009492941079080774,0.04893983880109616,3.1078991665431457,2.340939048802508,2.1482614015234844,0.1926776472790236,1.5993962750327693,0.9596377650196615,0.6397585100131078,0.07645993861774948,0.05309560394040785,0.06697627147125457,1.1984033048385891,0.16695332650540476,0.008619744041364074,0.8134837995832126,0.41561407577873705,0.0011306997068770697,0.049764062294754274,3.2141332480885056,2.424227762445984,2.2383203447572178,0.1859074176887662,1.62635483888548,0.975812903331288,0.650541935554192,0.07418922783079213,0.05117196342843716,0.06494753551253034,1.2119372848859968,0.15763870968547583,0.008722633614290258
2123,0.7999773632790301,0.4133390706221549,0.009495098185747446,0.048937818502237294,3.1077371977631554,2.340752369869603,2.148061962343432,0.1926904075261711,1.599458725699539,0.9596752354197233,0.6397834902798156,0.07646476522267437,0.053099692815495814,0.06698012932283703,1.1983749587985246,0.16694788031750288,0.008619474970330715,0.8134499440520507,0.41560670499445984,0.0011333124915615111,0.049761991335009886,3.2139613893049503,2.424032733885929,2.2381117203568057,0.1859210135291233,1.6264161149135745,0.9758496689481446,0.6505664459654299,0.07419401279616943,0.051176017028438096,0.06495137345089518,1.2119083423540125,0.15763352602684524,0.008722361335273298
2124,0.7999336180821874,0.4133317491104703,0.009489009552636402,0.04893514256570013,3.1074764239311445,2.340483671350883,2.14777142845991,0.19271224289097333,1.5995083257853913,0.9597049954712348,0.6398033303141565,0.0764723092725916,0.053106083783525944,0.06698638372085448,1.198330657084481,0.16694084109067608,0.008619139251414845,0.8134055465523204,0.4155993720659846,0.0011278774428738897,0.04975927548362753,3.213689703206705,2.423754863366253,2.2378110078671285,0.18594385549912454,1.6264644922326272,0.9758786953395763,0.650585796893051,0.07420141345319956,0.051182286520687015,0.06495752124900867,1.2118635820307488,0.1576269106874459,0.008722025589125649
2125,0.7998858546486363,0.4133244062195363,0.009477050181320355,0.04893222082196111,3.107173381149213,2.3401843125860715,2.147446851055239,0.19273746153083257,1.5995442168232896,0.9597265300939738,0.6398176867293158,0.0764808690305194,0.05311333521211701,0.06699356508732657,1.1982803959325805,0.16693257068349063,0.00861877845782236,0.8133573511368294,0.4155920943924988,0.0011167164154303397,0.049756327303285046,3.213376142326854,2.4234467673223032,2.237476650934957,0.18597011638734615,1.6264991523198282,0.9758994913918969,0.6505996609279313,0.07420977748863974,0.05118937214229446,0.06496455077607628,1.2118130002734326,0.1576192018703613,0.008721667344546198
2126,0.7998411922770928,0.4133177101292026,0.00946221145100002,0.04892948876611815,3.106881618717523,2.339902840361548,2.14714143907511,0.192761401286438,1.5995669660706882,0.9597401796424129,0.6398267864282753,0.07648895817563522,0.053120187959433574,0.06700039421952002,1.1982329032107204,0.1669241546344617,0.008618442582471577,0.8133124944333349,0.4155855325249924,0.0011027093035139712,0.049753583349090094,3.2130754375056823,2.4231580241689485,2.2371630131165556,0.18599501105239274,1.6265207073152113,0.9759124243891267,0.6506082829260845,0.07421766528502616,0.05119605431633717,0.06497122185878933,1.211765303665655,0.1576114036537844,0.00872133583565575
2127,0.7998009455431948,0.41331212342520435,0.009444959268680109,0.048927026792307385,3.1066082768894736,2.339645092381164,2.146861172138051,0.1927839202431132,1.5995785079190383,0.9597471047514229,0.6398314031676154,0.07649646947233298,0.05312655118046031,0.06700677782332798,1.198188807559958,0.16691649788212304,0.008618143870107037,0.8132722747851691,0.4155801362235973,0.0010862419459991696,0.04975112302219391,3.2127948283460466,2.4228945246957663,2.2368761470638323,0.18601837763193402,1.626531135470357,0.9759186812822143,0.6506124541881428,0.07422497358719886,0.05120224556984855,0.06497744434336257,1.2117211155938912,0.1576043486039068,0.008721043035350743
2128,0.7997659900167071,0.4133079443322516,0.009425433895410562,0.048924888462636464,3.106358650963917,2.3394150463348344,2.1466101432224534,0.1928049031123812,1.5995808462357735,0.9597485077414639,0.6398323384943095,0.07650332647789829,0.05313236011648688,0.06701264677031821,1.1981485566970282,0.1669098883924071,0.008617890390034787,0.8132375512229117,0.4155761912198392,0.0010674270098243038,0.049748998873034,3.212539679656416,2.422660277271798,2.236620193528203,0.18604008374359482,1.626532476880355,0.975919486128213,0.6506129907521421,0.07423162822843579,0.05120788307223307,0.06498315087811969,1.21168088342265,0.1575982988119525,0.008720796758514787
2129,0.7997369722840092,0.41330534594971025,0.009404021237949173,0.04892311333370204,3.1061374831004978,2.3392160723777717,2.1463919073311755,0.19282416504659625,1.5995759596155377,0.9597455757693224,0.6398303838462153,0.07650944937446116,0.05313754714952808,0.0670179273924002,1.1981126180802324,0.1669044893671231,0.00861768768412531,0.8132089492959436,0.415573858573157,0.0010466350727308948,0.04974724917130248,3.2123147568827344,2.422458645319771,2.236398713220593,0.18605993209917787,1.626526739436902,0.9759160436621412,0.6506106957747608,0.07423755243893221,0.051212901787684555,0.064988270304801,1.2116450701901633,0.1575934009296589,0.008720602267509038
2130,0.7997143664643557,0.4133044010633735,0.009381382108894235,0.04892173041278583,3.105949137918321,2.3390511389958255,2.14620968305185,0.19284145594397548,1.5995657581107854,0.9597394548664709,0.6398263032443144,0.07651475281895816,0.05314203998091198,0.06702254011066483,1.1980814915611504,0.16690040492682895,0.008617539336720912,0.8131869176714694,0.41557319934036224,0.0010245174089666964,0.04974590136727036,3.2121244052626614,2.4222925563526676,2.236214892051221,0.1860776643014469,1.6265158553524006,0.9759095132114405,0.6506063421409601,0.0742426648144768,0.051217232754343305,0.06499272637435032,1.211614166922336,0.15758974620138233,0.008720462840147932
2131,0.7996984643633853,0.41330509577088853,0.009358357615950413,0.04892075755508081,3.105797347789156,2.3389226121273694,2.1460661144336095,0.19285649769375982,1.599552055592578,0.9597312333555464,0.6398208222370315,0.07651915520562319,0.053145769478031055,0.06702640773368504,1.198055655064425,0.16689769191189516,0.008617447034398826,0.8131717189691703,0.4155741882498236,0.0010019097066900629,0.04974497153069228,3.2119722946600087,2.422164300822211,2.236071302649136,0.18609299817307506,1.6265016533514545,0.9759009920108728,0.6506006613405817,0.07424688818970754,0.05122081060130548,0.06499644570800003,1.2115886390394794,0.1575873814487243,0.008720379838986051
2132,0.7996893541948198,0.4133073406553267,0.009335845314876343,0.04892020016183038,3.105684888895981,2.3388319891277014,2.145962963152383,0.19286902597531844,1.5995365429059971,0.9597219257435979,0.6398146171623992,0.07652258963646562,0.05314867896802071,0.06702946519798468,1.1980355002697964,0.16689636138400638,0.008617410533123693,0.8131634094512254,0.4155767250853065,0.0009797073738984086,0.049744463108184374,3.211861094823376,2.42207526557936,2.23596959573729,0.18610566984206955,1.6264858318101432,0.9758914990860861,0.6505943327240571,0.07425016015416747,0.05122358245733619,0.06499936714776397,1.211568862857657,0.15758631065993034,0.008720352692120644
2133,0.7996869094221108,0.41331097739940303,0.009314687455535126,0.04892005049763899,3.10561339435483,2.3387797524439593,2.1459009386822134,0.192878813761746,1.5995207594543615,0.9597124556726165,0.6398083037817449,0.0765250100539083,0.053150729433044865,0.06703166506551501,1.1980212966961366,0.1668963770946526,0.00861742764759209,0.8131618289834656,0.41558064157001984,0.000958753253748057,0.04974436630902278,3.211792291429224,2.4220257903476066,2.2359103331175993,0.1861154572300071,1.626469930519374,0.9758819583116245,0.6505879722077494,0.07425243886329701,0.05122551287367181,0.0650014469770138,1.211555090537817,0.15758649379007225,0.008720378895058585
2134,0.7996908065842597,0.4133157854100112,0.00929560631887838,0.048920288780828686,3.1055834148786956,2.3387654457587055,2.1458797756426877,0.19288567011601787,1.5995060653933475,0.9597036392360081,0.6398024261573394,0.0765263899729186,0.05315189843621633,0.0670329766150911,1.1980131992023866,0.16689765594711775,0.008617494420180553,0.8131666200815618,0.4155857082470925,0.0009397725781444127,0.04974465927015556,3.2117662553795023,2.4220152516812727,2.2358930734210243,0.18612217826024852,1.6264553032641298,0.9758731819584779,0.6505821213056519,0.07425370167152966,0.05122658266604216,0.06500265792189718,1.2115474584054295,0.15758784740682577,0.008720454188722719
2135,0.7997005751772402,0.41332149825351816,0.009279193077470986,0.04892088623463392,3.1055946456627934,2.3387879059781165,2.1458984735602753,0.1928894324178413,1.5994936201708643,0.9596961721025182,0.639797448068346,0.07652671786785727,0.053152176213549895,0.06703338215060978,1.1980112750957357,0.16690007530471013,0.00861760557547224,0.8131772791095766,0.4155916511309305,0.000923361382849347,0.04974531118797226,3.211782481784472,2.4220423057355376,2.235916623612054,0.18612568212348368,1.6264430969540293,0.9758658581724177,0.6505772387816117,0.07425394054481083,0.051226785028370095,0.06500298547159435,1.2115460147109502,0.15759025170262458,0.008720573021492354
2136,0.7997156558184164,0.41332782755178876,0.00926592443198987,0.048921808644984036,3.10564614670639,2.338845490122316,2.1459555227928546,0.19288996732946173,1.5994843731892259,0.9596906239135352,0.6397937492756907,0.07652599412358596,0.05315156309108244,0.06703287472221534,1.1980155220395217,0.1669034855886505,0.008617755092305009,0.8131932156894602,0.41559817573820956,0.000910002637993991,0.049746285952254436,3.211839821838836,2.422105125259381,2.235979275990511,0.1861258492688702,1.626434243080542,0.9758605458483254,0.6505736972322167,0.07425315900254464,0.051226122942130976,0.06500242557970035,1.211550738125683,0.1575935624030968,0.008720729128440345
2137,0.7997354384941814,0.4133344867184425,0.009256176029302489,0.048923018699879986,3.105736402473434,2.338936150677122,2.1460489622530425,0.1928871884240794,1.5994790670339865,0.9596874402203915,0.6397916268135949,0.07652423298797634,0.0531500711389478,0.06703146012927608,1.1980258565966904,0.16690772339916726,0.008617936651118083,0.81321379194157,0.41560499086391384,0.0009000792580785566,0.04974754454629132,3.2119365499682515,2.422201481202979,2.2360788728220236,0.1861226083809553,1.62642946191038,0.9758576771462282,0.6505717847641519,0.07425137390457824,0.05122461069020275,0.0650009865151516,1.2115615269396869,0.15759762311875183,0.008720915986148136
2138,0.7997592683365565,0.4133412104470645,0.00925021832206089,0.048924476342486825,3.105863156882873,2.339057300598115,2.1461762080652194,0.19288109253289565,1.5994782480294238,0.9596869488176539,0.6397912992117699,0.07652147071185744,0.05314773106716143,0.06702916419423917,1.1980420664463614,0.16691262142126545,0.008618143842607569,0.813238328973178,0.41561182805414393,0.0008938698192263173,0.04974904544352407,3.2120702007582462,2.4223286088753295,2.2362126362936525,0.18611597258167684,1.626429274107656,0.9758575644645937,0.6505717096430623,0.07424862323285616,0.051222280449121374,0.06499869582249873,1.2115781520109934,0.15760227467578491,0.008721127029927866
2139,0.7997864272621232,0.4133477693700217,0.009248195965105642,0.04892613764781873,3.1060230969358593,2.339205537272908,2.146333730799584,0.19287180647332416,1.5994822768937926,0.9596893661362753,0.6397929107575173,0.07651777746020419,0.05314460231622499,0.0670260432339622,1.1980637404386476,0.16691801350784172,0.008618370184179554,0.8132660890715857,0.4156184562627467,0.0008915281306558914,0.04975074351813324,3.2122372506976324,2.4224829296136585,2.2363768432027165,0.1861060864109419,1.6264340124915262,0.9758604074949159,0.6505736049966103,0.07424497753411671,0.05121919198280063,0.06499561038841961,1.211600187557087,0.15760735996247693,0.008721355680019631
2140,0.7998161134568094,0.4133539777218914,0.009250102075356648,0.04892795356784338,3.106211594136878,2.3393764141598115,2.146516793342775,0.19285962081703623,1.5994913346568382,0.9596948007941027,0.6397965338627355,0.07651326631133953,0.05314078068083159,0.06702219193232296,1.1980902156925297,0.16692373506368396,0.008618609061162196,0.8132962556691359,0.41562468954070214,0.0008930578595776617,0.04975258881952119,3.212432858549103,2.422659820906585,2.2365665611150884,0.1860932597914962,1.6264438290566907,0.9758662974340145,0.6505775316226762,0.07424054854509808,0.051215439949405514,0.06499182399138918,1.2116269589311237,0.15761272440024462,0.008721595290793109
2141,0.7998474402062505,0.4133596957949744,0.00925576178219769,0.04892986986012861,3.1064226669795385,2.339564408785579,2.146719412650029,0.19284499613554998,1.5995054238825166,0.9597032543295098,0.6398021695530068,0.07650809474053158,0.05313639956670035,0.06701774465420862,1.1981205687553973,0.16692962204726203,0.008618853741751233,0.8133279326257848,0.4156303895342435,0.0008982963419805895,0.04975452652862284,3.212650830979012,2.422853586675546,2.2367756126081026,0.18607797406744314,1.626458697284849,0.9758752183709094,0.6505834789139395,0.07423549054774091,0.05121115504941669,0.06498746850164114,1.2116575342976619,0.15761821510607427,0.008721839169639619
2142,0.799879471458361,0.4133648327830491,0.009264841022775777,0.04893182926353354,3.1066492522226468,2.339763169229511,2.146934630501338,0.19282853872817277,1.599524369535515,0.9597146217213088,0.6398097478142062,0.0765024569196796,0.053131623467228606,0.06701286881790543,1.198153660641817,0.1669355128038964,0.008619097622898461,0.8133601802458726,0.4156354683569839,0.000906923287066666,0.049756499161381834,3.2128839028140326,2.4230577112914364,2.23699685436512,0.18606085692631644,1.6264784140815207,0.9758870484489125,0.6505913656326082,0.07422999285130549,0.05120649765682999,0.06498270740212042,1.2116907699244381,0.15762368265400678,0.008722080821774881
2143,0.7999113017800499,0.4133693540805287,0.009276885835217713,0.048933776389564004,3.106883808893598,2.3399660606606063,2.1471551127694166,0.1928109478911896,1.599547826873636,0.9597286961241815,0.6398191307494545,0.07649656689487043,0.05312663371230052,0.067007750408509,1.1981882354344682,0.1669412556623158,0.008619334790519417,0.8133920956194999,0.41563989583137395,0.0009184994257322721,0.04975845148363648,3.213124356038722,2.423265418980411,2.237222790805196,0.18604262817521497,1.6265026087225434,0.9759015652335261,0.6506010434890173,0.07422426346584943,0.051201643988086576,0.06497772171403499,1.2117254087456173,0.1576289881383518,0.008722314503272056
2144,0.7999421683524572,0.413373295577805,0.009291381153264403,0.048935664573484555,3.107119125875584,2.3401668937883082,2.147373943150215,0.19279295063809354,1.5995753045422827,0.9597451827253695,0.6398301218169132,0.07649063705799118,0.053121610230439334,0.06700257545984531,1.198223046572688,0.16694672361523652,0.008619560839919603,0.8134229247629687,0.415643713559567,0.0009325239982877209,0.04976033737111311,3.2133648451227295,2.423470417465481,2.237446384938216,0.18602403252726518,1.6265307669741893,0.9759184601845137,0.6506123067896756,0.07421850824786158,0.05119676843522435,0.06497269203943404,1.2117602063632307,0.15763401674146033,0.008722536028819602
2145,0.7999715719879101,0.4133767875114815,0.009307814393314934,0.04893746327718876,3.107349110672263,2.3403606349444144,2.1475853860171354,0.1927752489272789,1.5996062077585462,0.9597637246551276,0.6398424831034186,0.07648485905249053,0.05311671537305666,0.06699751370182151,1.1982569689379898,0.1669518350563987,0.008619773836577084,0.8134521833969471,0.41564705833300636,0.0009484965238766851,0.04976212719768722,3.2135992011552537,2.4236676209326795,2.237661836017635,0.1860057849150448,1.6265622752293643,0.9759373651376186,0.6506249100917456,0.07421291243803217,0.05119202792553595,0.064967782731277,1.2117940426709242,0.15763869685322926,0.008722743716838344
2146,0.7999993943279401,0.4133800901181085,0.009258375935638843,0.048939165258422734,3.107569424121034,2.340543978417504,2.14778548329287,0.19275849512463422,1.5996399013802738,0.9597839408281641,0.6398559605521097,0.07647939149656907,0.05311208351411083,0.06699270819826672,1.1982890709913216,0.16695657810448025,0.008619975357781272,0.8134797735008353,0.41565019712924306,0.000897480129689307,0.04976381496523083,3.213823076623728,2.423853730339788,2.2378651859922374,0.18598854434755077,1.6265964843858174,0.9759578906314905,0.6506385937543269,0.07420762884079271,0.051187551907825035,0.06496313190279729,1.2118259933917983,0.15764302247783146,0.008722939414683373
2147,0.7999839542074254,0.41338360849720923,0.009244675798982638,0.04893822070994505,3.1074193158472934,2.3403929697057553,2.1476138417825927,0.1927791279231627,1.5996757901078342,0.9598054740647004,0.6398703160431338,0.07648506727971364,0.0531168917734703,0.06699754175449839,1.1982557463592634,0.16695557013070475,0.008619911006071467,0.8134642944832622,0.41565369653318185,0.0008839818140746469,0.04976286803010234,3.213669594438814,2.423699440932659,2.2376899200503724,0.18600952088228634,1.626632790647403,0.9759796743884418,0.6506531162589612,0.07421312893288447,0.051192211329900296,0.06496781875878159,1.2117927334923015,0.15764210003100274,0.008722877696414184
2148,0.7999704939546024,0.4133866052859907,0.009232865079903854,0.048937397279634844,3.1072880153504636,2.3402619792997883,2.147465014187342,0.19279696511244634,1.5997050019385362,0.9598230011631216,0.6398820007754146,0.07648998073198046,0.053121054221584973,0.06700173195515434,1.1982268996179208,0.1669545212739316,0.008619854275103627,0.813450806004277,0.41565667764051967,0.0008723627777576723,0.049762042865792624,3.2135354160904197,2.4235656462798403,2.237537993802831,0.1860276524770096,1.626662370479315,0.9759974222875891,0.6506649481917259,0.07421788904366765,0.05119624387424569,0.06497188065988217,1.2117639503054995,0.157641144494162,0.008722823284710092
2149,0.7999588321752222,0.4133892143543632,0.009222845232094677,0.048936683865755705,3.107173093831131,2.3401483788796744,2.147335933509769,0.19281244536990538,1.5997286005356028,0.9598371603213616,0.6398914402142413,0.07649424412624874,0.053124665970813445,0.06700537405016163,1.1982018708244886,0.16695361163279773,0.008619805232253272,0.8134391214286188,0.4156592719858534,0.0008625066560778161,0.04976132805011235,3.2134180290658136,2.423449636589886,2.23740625228647,0.18604338430341583,1.626686294632239,0.9760117767793435,0.6506745178528954,0.0742220184739958,0.05119974213545811,0.06497541039012639,1.2117389821358762,0.15764031619009747,0.00872277625422518
2150,0.7999487697607247,0.41339151867089585,0.009214365976927347,0.04893606828800158,3.107072462904226,2.3400498733449284,2.1472239587539743,0.1928259145909543,1.5997475069170868,0.9598485041502519,0.6398990027668349,0.07649794915053995,0.05312780469498095,0.06700854528135927,1.198180121125188,0.16695283262047,0.008619763382878384,0.8134290401893631,0.41566156175542346,0.0008541664086851308,0.04976071131355589,3.2133152878440656,2.4233490616902884,2.237291994171222,0.18605706751906603,1.626705489454739,0.9760232936728436,0.6506821957818955,0.07422560619000226,0.051202781481505664,0.06497848295367288,1.211717290479755,0.15763960729811402,0.00872273614357479
2151,0.7999401224318733,0.4133935770591859,0.009207210086976697,0.04893553927330316,3.106984355596759,2.339964504300947,2.1471268494902453,0.1928376548107017,1.599762510177523,0.9598575061065137,0.6399050040710094,0.07650117180965119,0.05313053478181466,0.06701130945167236,1.1981612039075256,0.1669521734558682,0.008619728109391177,0.813420376900701,0.41566360540310543,0.0008471277702061519,0.04976018131537087,3.2132253758143983,2.4232619157148143,2.2371929266861157,0.18606898902869864,1.6267207485471378,0.9760324491282828,0.650688299418855,0.07422872599571594,0.051205424435727204,0.06498116035639773,1.2116984286781822,0.15763900795437347,0.008722702365885111
2152,0.7999327187863206,0.41339543194990475,0.009201187582994624,0.04893508633637057,3.106907231432416,2.339890563552184,2.147042661244729,0.1928479023074549,1.5997742836461455,0.9598645701876871,0.6399097134584584,0.07650397674511453,0.053132910992612505,0.06701372071298356,1.1981447393910045,0.16695162215738132,0.008619698728098686,0.8134129593279954,0.41566544522184157,0.0008412035000723364,0.04975972751936048,3.2131467091963697,2.4231864492881168,2.237107059752831,0.18607938953528552,1.6267327490725643,0.9760396494435387,0.6506930996290256,0.07423144067833981,0.05120772418851932,0.0649834952419721,1.2116820168051705,0.15763850717493483,0.008722674265841363
2153,0.7999263987516849,0.4133971138583313,0.009196131469161914,0.04893469968504832,3.1068397209035177,2.3398265398991245,2.1469696814802406,0.1928568584188838,1.5997833990387953,0.959870039423277,0.6399133596155183,0.076506419836551,0.053134980665989075,0.06701582582895885,1.1981303993222654,0.16695116599368612,0.008619674519454754,0.8134066267978809,0.41566711173361165,0.0008362291607019873,0.04975934009660943,3.213077880613928,2.423121115362367,2.237032640995384,0.18608847436698261,1.626742066030907,0.9760452396185444,0.6506968264123627,0.07423380451270405,0.0512097267189925,0.06498553307123855,1.2116677264919198,0.15763809327854877,0.00872265115028115
2154,0.7999210131370236,0.41339864459914855,0.009191894661082202,0.04893437019286773,3.10678059261466,2.339771086026161,2.1469063892835085,0.1928646967426525,1.5997903388852528,0.9598742033311516,0.6399161355541012,0.07650854990035337,0.05313678515692068,0.06701766564544258,1.1981178969789368,0.1669507918205461,0.008619654753879106,0.813401229718234,0.4156686268547297,0.00083206006969469,0.049759009896109097,3.213017625545626,2.42306453537757,2.2369681146731906,0.1860964207043795,1.6267491847873927,0.9760495108724357,0.650699673914957,0.07423586490279248,0.05121147218559588,0.06498731354373632,1.2116552709779675,0.15763775420480386,0.00872263231428658
2155,0.7999164240278122,0.41340003969082006,0.009188347897874989,0.04893408942320047,3.106728736024773,2.3397229993485915,2.1468514314502936,0.19287156789829774,1.5997955076241326,0.9598773045744795,0.6399182030496531,0.07651040977372645,0.05313836075509376,0.06701927602250321,1.198106980788047,0.16695048647775018,0.008619638715588702,0.813396629941462,0.41567000626922546,0.0008285692093326844,0.04975872846697368,3.212964804527717,2.4230154795471432,2.2369120971763365,0.1861033823708068,1.6267545122523002,0.9760527073513802,0.65070180490092,0.07423766343435201,0.051212995817839065,0.06498887150313902,1.211644398729323,0.1576374778845486,0.00872261706512594
2156,0.7999125058985684,0.4134013103720398,0.009185378337694117,0.04893384969731658,3.106683154103952,2.339681211956941,2.146803609103583,0.19287760285335825,1.5997992416672817,0.959879545000369,0.6399196966669127,0.07651203702459246,0.0531397392863039,0.06702068844098676,1.1980974301451592,0.1669502372495052,0.00861962572741664,0.813392701838542,0.415671261417387,0.0008256458009882062,0.04975848812413754,3.212918395399244,2.422972856366352,2.2368633631900265,0.1861094931763257,1.6267583870153626,0.9760550322092176,0.6507033548061449,0.0742392365673242,0.05121432850288791,0.06499023752912322,1.21163488923865,0.1576372526657703,0.008722604746968145
2157,0.7999091463422731,0.41340246512779977,0.009182888258321316,0.04893364413900016,3.106642957813191,2.3396447821417574,2.1467618666050305,0.19288291553672685,1.5998018186802674,0.9598810912081605,0.6399207274721069,0.07651346451756133,0.05314094859191924,0.06702193048054317,1.1980890520817766,0.16695003223689434,0.008619615168897898,0.813389332993383,0.4156724009993504,0.0008231939878873828,0.049758281990827005,3.2128774874186727,2.4229357037583004,2.2368208342097518,0.1861148695485486,1.626761088681535,0.976056653208921,0.6507044354726139,0.07424061618839452,0.05121549725365849,0.06499143840430785,1.211626549674477,0.15763706765619492,0.00872259475885701
2158,0.7999062462680885,0.4134035109109912,0.009180793775717455,0.04893346668663827,3.1066073590330947,2.33961288464469,2.146725279384677,0.19288760526001283,1.5998034660806955,0.9598820796484173,0.6399213864322781,0.0765147209655825,0.053142012996214405,0.06702302628383658,1.198081678019428,0.16694986071000043,0.008619606488354338,0.8133864243680927,0.41567343217442376,0.000821131537371296,0.049758104008664684,3.212841273852019,2.4229031789734448,2.236783566004784,0.18611961296866092,1.626762846412058,0.9760577078472349,0.6507051385648231,0.07424183014752642,0.051216525663343865,0.0649924975659467,1.211619211629834,0.15763691304465416,0.008722586566693953
2159,0.7999037198880683,0.4134044539560012,0.009179023720774726,0.04893331209240323,3.1065756658314414,2.3395848030498594,2.146693044595695,0.19289175845416448,1.5998043687262438,0.9598826212357463,0.6399217474904975,0.07651583133424036,0.05314295364887074,0.06702399689049961,1.1980751613906226,0.16694971339305154,0.008619599210047988,0.8133838902591,0.415674361357971,0.0008193887016346782,0.04975794893498107,3.212809046936674,2.4228745506738516,2.2367507389499917,0.1861238117238598,1.6267638466444712,0.9760583079866827,0.6507055386577885,0.07424290265222866,0.05121743423941899,0.06499343543181635,1.2116127287328609,0.1576367803589684,0.00872257971027145
2160,0.7999014946975552,0.41340530029161104,0.009177518596978844,0.048933175921050585,3.1065472806231487,2.3395599248985235,2.1466644751244086,0.1928954497741147,1.5998046758312332,0.95988280549874,0.6399218703324931,0.07651681709937928,0.05314378874322418,0.06702486044275777,1.1980693761221088,0.16694958258136872,0.008619592938623528,0.8133816582507803,0.41567519472411407,0.0008179071707617794,0.049757812339974866,3.2127801957805437,2.422849193790828,2.236721651761437,0.186127542029391,1.6267642400318445,0.9760585440191067,0.6507056960127378,0.07424385452077552,0.05121824061815701,0.06499426960266566,1.2116069751114857,0.1576366625706143,0.00872257380759931
2161,0.7998995109031436,0.4134060559827498,0.009176229381579505,0.048933054514924024,3.1065216962717384,2.3395377350593973,2.1466389919591657,0.19289874310023142,1.599804507187621,0.9598827043125727,0.6399218028750483,0.07651769651197664,0.053144533740653505,0.06702563239606718,1.1980642150767271,0.16694946209945036,0.008619587357721772,0.8133796686251205,0.4156759384437927,0.0008166388843200978,0.04975769057059862,3.212754202192338,2.4228265826394244,2.236695713585048,0.18613086905437645,1.626764147678816,0.9760584886072896,0.6507056590715263,0.07424470344201012,0.051218959784722705,0.06499501506922334,1.2116018438194343,0.1576365540541405,0.008722568553515981
2162,0.7998977202847029,0.4134067272030586,0.009175116248067307,0.04893294492433897,3.1064984888375746,2.339517806311983,2.146616113647882,0.19290169266410093,1.5998039586494874,0.9598823751896925,0.6399215834597949,0.07651848492402767,0.05314520164665464,0.06702632578283071,1.1980595881381029,0.16694934722989282,0.008619582223585536,0.8133778732139448,0.41567659875788787,0.0008155447693154808,0.049757580680343264,3.212730633142751,2.4228062812386244,2.2366724331611763,0.1861338480774483,1.6267636666359584,0.9760581999815751,0.6507054666543833,0.07424546429310577,0.051219604342365,0.06499568446972052,1.2115972449127934,0.15763645051964942,0.008722563713414875
2163,0.7998960849765072,0.4134073202261859,0.009174147380083437,0.04893284483301969,3.10647731009257,2.339499790058665,2.146595445987683,0.19290434407098236,1.5998031068414793,0.9598818641048876,0.6399212427365917,0.07651919509504099,0.05314580327048957,0.0670269514609534,1.1980554204098253,0.16694923462548494,0.00861957735744169,0.813376234173708,0.41567718197120873,0.0008145935703554458,0.04975748035428748,3.2127091330077855,2.422787933778106,2.2366514082386946,0.18613652553941124,1.6267628746151517,0.976057724769091,0.6507051498460606,0.07424614943834132,0.05122018476552557,0.0649962883325586,1.211593103642031,0.15763634892999978,0.008722559115776716
2164,0.7998945762694927,0.41340784134006325,0.00917329784229673,0.04893275248483055,3.10645788066008,2.3394834079094355,2.1465766727685005,0.19290673514093518,1.5998020131526327,0.9598812078915796,0.6399208052610531,0.07651983745518241,0.053146347448109366,0.06702751832634274,1.1980516506695844,0.16694912213852614,0.008619572637329232,0.8133747227850222,0.4156776943717498,0.0008137607434652167,0.04975738783566192,3.2126894164677684,2.422771255988408,2.2366323160747417,0.18613893991366617,1.6267618339883783,0.976057100393027,0.6507047335953513,0.07424676898581425,0.0512207096173142,0.06499683528398453,1.2115893588987836,0.15763624734328277,0.008722554644167352
2165,0.7998931732748796,0.41340829678059765,0.009172548429483535,0.04893266660202651,3.106439981370053,2.3394684420245198,2.1465595451152923,0.19290889690922758,1.5998007270912677,0.9598804362547606,0.6399202908365071,0.07652042041344422,0.05314684130322102,0.06702803356688719,1.1980482295594739,0.1669490086122948,0.008619567989239943,0.8133733181169703,0.4156781421689253,0.0008130273333111226,0.04975730184414187,3.2126712596280536,2.422756025274904,2.2366149025401265,0.18614112273477776,1.626760595146545,0.9760563570879269,0.650704238058618,0.07424733108668116,0.05122118580301148,0.06499733229502488,1.2115859614059903,0.15763614472125462,0.008722550228588904
2166,0.7998918613842941,0.41340869266169467,0.009171884532922225,0.04893258629105296,3.106423442558598,2.3394547239288475,2.146543869136328,0.19291085479251924,1.5997992890371169,0.95987957342227,0.6399197156148468,0.07652095071598611,0.05314729055085707,0.06702850296192424,1.1980451174821876,0.16694889369304494,0.008619563376965393,0.8133720054919241,0.4156785314281764,0.0008123788676270144,0.04975722148193428,3.212654489087448,2.422742069326788,2.236598969534277,0.18614309979251054,1.6267591992552846,0.9760555195531707,0.6507036797021138,0.07424784228185695,0.0512216188637761,0.06499778497152403,1.211582871621499,0.1576360407566079,0.008722545835588675
2167,0.7998906308396112,0.4134090349528416,0.009171295131956463,0.04893251095505727,3.1064081334165308,2.3394421237324154,2.1465294939703723,0.19291262976204335,1.5997977324102641,0.9598786394461585,0.6399190929641057,0.07652143379999328,0.0531476997971478,0.06702893118053044,1.1980422825237793,0.16694877767154043,0.00861955879304438,0.8133707750614481,0.41567886805204246,0.0008118043742830761,0.04975714614666023,3.2126389710832672,2.422729255155436,2.2365843628263824,0.18614489232905354,1.6267576804281412,0.9760546082568847,0.6507030721712564,0.07424830784377684,0.05122201326616988,0.06499819784250457,1.2115800576717626,0.1576359357276999,0.008722541459464446
2168,0.7998894753573966,0.41340932943897196,0.009170771847678845,0.04893244020974119,3.1063939517033274,2.3394305399336353,2.1465163005010313,0.192914239432604,1.59979608533716,0.9598776512022961,0.6399184341348639,0.07652187412487596,0.05314807281989803,0.06702932206173152,1.1980396985095927,0.1669486612906586,0.00861955424989072,0.8133696204384891,0.4156791577441805,0.0008112954627697497,0.04975707544768102,3.2126246010231765,2.422717478735234,2.2365709605846065,0.18614651815062755,1.6267560673976167,0.9760536404385699,0.6507024269590468,0.07424873209608901,0.05122237267298632,0.06499857463089317,1.2115774934191212,0.15763583032278597,0.008722537113654227
2169,0.7998883910621946,0.41340958168476116,0.009170308214649148,0.04893237381810658,3.1063808157819466,2.3394198915543445,2.1465041926569923,0.1929156988973523,1.5997943718749235,0.9598766231249541,0.6399177487499693,0.07652227542684972,0.05314841278425575,0.06702967883002081,1.1980373435099623,0.16694854559071,0.008619549772872296,0.8133685376372729,0.41567940597785824,0.0008108456176516357,0.049757009141248164,3.212611295375396,2.4227066570092894,2.2365586645280646,0.18614799248122504,1.6267543847455528,0.9760526308473315,0.6507017538982213,0.07424911865968611,0.05122270015167718,0.06499891846200603,1.211575156974441,0.15763572549909016,0.008722532824029799
2170,0.7998873757058602,0.4134097969903034,0.009169899116767244,0.048932311642699934,3.106368658991027,2.3394101125512865,2.146493091251105,0.19291702130018154,1.5997926128998698,0.9598755677399219,0.639917045159948,0.07652264089626631,0.0531487223929385,0.06703000424509006,1.1980351987993445,0.16694843175489718,0.008619545395084614,0.8133675242976407,0.4156796179559315,0.0008104496532863534,0.04975694708305395,3.2125989859292026,2.4226967222009543,2.2365473936501314,0.18614932855082303,1.626752653798452,0.976051592279071,0.650701061519381,0.07424947062454221,0.0512229983199247,0.06499923200879999,1.2115730296582918,0.15763562234222872,0.008722528623834649
2171,0.7998864281068708,0.41340998035338633,0.009169540374157431,0.048932253611313696,3.1063574256728184,2.3394011478565404,2.1464829296221852,0.19291821823435518,1.599790826751055,0.959874496050633,0.639916330700422,0.07652297330206558,0.05314900399166324,0.06703030070675073,1.198033248125825,0.16694832098807308,0.008619541153544867,0.8133665791276651,0.4156797985770432,0.0008101033144847641,0.04975688919413489,3.2125876157335616,2.4226876177739163,2.2365370797666806,0.1861505380072357,1.6267508932781347,0.9760505359668807,0.650700357311254,0.07424979067076062,0.0512232694481877,0.06499951759405007,1.211571095269159,0.15763552195607586,0.008722524550000372
2172,0.7998855476914507,0.4134101364457312,0.009169228422431494,0.048932199688915524,3.1063470678061336,2.339392950071549,2.1464736499877395,0.19291930008380984,1.5997890296973234,0.9598734178183941,0.6399156118789293,0.07652327509714286,0.0531492596584088,0.06703057034415145,1.1980314770926617,0.1669482144307947,0.008619537086140093,0.8133657014473543,0.41567995241499733,0.0008098029656210814,0.04975683543295865,3.2125771356553625,2.4226792950582534,2.23652766378985,0.18615163126840356,1.6267491197758543,0.9760494718655126,0.6506996479103417,0.07425008117106727,0.051223515546529166,0.06499977727723207,1.2115693394638463,0.15763542538473108,0.008722520640195464
2173,0.7998847340801722,0.41341026958947247,0.009168960059521655,0.048932149852359136,3.10633754194167,2.3393854765082915,2.146465200182141,0.1929202763261502,1.5997872362658812,0.9598723417595287,0.6399148945063524,0.0765235485122327,0.05314949128294963,0.06703081509554801,1.1980298726072562,0.16694811310471655,0.008619533228859038,0.8133648907778426,0.4156800836978616,0.0008095453441549563,0.049756785770293604,3.2125675012530515,2.422671710234962,2.2365190924004077,0.18615261783455442,1.6267473480877397,0.9760484088526439,0.6506989392350958,0.07425034428196592,0.05122373844183874,0.06500001293205356,1.2115677492064374,0.15763533356290052,0.008722516930146952
2174,0.7998839867567941,0.4134103837368978,0.009168732260193935,0.04893210407012594,3.10632880673297,2.3393786868321347,2.1464575310597738,0.19292115577236083,1.5997854594553274,0.9598712756731965,0.6399141837821308,0.07652379563041559,0.05314970062997461,0.06703103677175608,1.1980284224438533,0.16694801787896857,0.008619529613562042,0.81336414651278,0.41568019628987446,0.0008093273795173675,0.04975674016910629,3.2125586702626685,2.4226648219368956,2.2365113154019483,0.1861535065349472,1.6267455914345341,0.9760473548607205,0.6506982365738136,0.07425058201599158,0.05122393983904239,0.06500022630804453,1.211566312331527,0.1576352472853875,0.008722513451485364
2175,0.7998833047277797,0.41341048242966205,0.00916854199911031,0.048932062281496505,3.1063208205677015,2.339372540822008,2.1464505940510095,0.19292194677099858,1.5997837108611532,0.959870226516692,0.6399134843444613,0.07652401845387044,0.05314988939563656,0.06703123711292135,1.198027114851767,0.1669479294271571,0.00861952626551113,0.8133634675807598,0.4156802936529254,0.000809146021192253,0.049756698563911114,3.2125506001909288,2.4226585889732575,2.236504283234747,0.18615430573851066,1.6267438615936365,0.9760463169561818,0.6506975446374547,0.07425079630632302,0.05122412137583926,0.06500041908555662,1.2115650171536458,0.1576351671679626,0.008722510229348796
2176,0.7998826863373582,0.41341056877475346,0.009168386171580438,0.048932024385237194,3.106313540288302,2.339366997171071,2.146444339855946,0.19292265731512537,1.5997820007205938,0.9598692004323562,0.6399128002882376,0.07652421893920126,0.05315005923747931,0.0670314178186063,1.198025938348029,0.16694784821690015,0.008619523202011817,0.8133628522619101,0.41568037882400416,0.0008089981605549565,0.04975666084955047,3.212543247014054,2.4226529691086065,2.236497945643799,0.18615502346480764,1.6267421689504251,0.976045301370255,0.6506968675801701,0.07425098904110428,0.0512242846517771,0.06500059290501445,1.2115638522597825,0.15763509363793227,0.008722507281066369
2177,0.7998821291780286,0.41341064542387534,0.009168261549365175,0.04893199023412549,3.1063069206635396,2.339362012988964,2.146438717913936,0.19292329507502795,1.5997803379160063,0.9598682027496037,0.6399121351664026,0.07652439901009203,0.05315021178515842,0.06703158055844899,1.1980248816430916,0.16694777449198264,0.008619520431676162,0.8133622980991635,0.4156804543957992,0.0008088805877034602,0.04975662687576699,3.2125365646377535,2.4226479185525753,2.236492251133095,0.18615566741948053,1.6267405225077647,0.9760443135046587,0.650696209003106,0.07425116207595121,0.05122443123884731,0.06500074937745699,1.2115628064337551,0.15763502691800224,0.008722504615443792
2178,0.7998816301874827,0.4134107145820808,0.009168164833453216,0.048931959640879125,3.1063009151088075,2.3393575444666097,2.1464336771328005,0.19292386733380917,1.5997787299600115,0.9598672379760068,0.6399114919840047,0.07652456053682823,0.05315034862309274,0.06703172695461104,1.1980239337609635,0.16694770828817124,0.008619517955099647,0.8133618019939731,0.41568052252566123,0.000808790041111368,0.04975659645305891,3.2125305056192284,2.4226433926234723,2.236487147693136,0.18615624493033622,1.6267389298768211,0.9760433579260925,0.6506955719507286,0.07425131721467898,0.05122456266515815,0.06500089006799664,1.211561868772661,0.15763496704087235,0.008722502233424993
2179,0.7998811857469432,0.41341077802357,0.00916809269240923,0.04893193238417162,3.1062954763499766,2.3393535474860108,2.1464291665490727,0.1929243809369382,1.5997771830015068,0.959866309800904,0.6399108732006028,0.07652470531899325,0.05315047127580556,0.06703185856699731,1.1980230841407198,0.16694764944035534,0.008619515765610309,0.8133613603034116,0.41568058495148635,0.0008087232439033948,0.04975656935861983,3.2125250218327963,2.4226393463571307,2.2364825834600364,0.18615676289709449,1.6267373972879335,0.97604243837276,0.6506949589151736,0.07425145619302614,0.051224680401146555,0.06500101648189704,1.2115610287852165,0.15763491385592315,0.008722500128825287
2180,0.799880791810216,0.41341083712543425,0.009168041832007631,0.04893190821652687,3.1062905571576502,2.3393499783007994,2.1464251360472035,0.19292484225359605,1.5997757018507446,0.9598654211104466,0.639910280740298,0.07652483506918928,0.053150581194133746,0.06703197687953964,1.198022322732001,0.16694759762006484,0.008619513850367223,0.8133609689675214,0.4156806430248373,0.0008086769688750994,0.0497565453441291,3.2125200652090475,2.422635735189033,2.2364785074371545,0.1861572277518782,1.6267359296198223,0.9760415577718932,0.6506943718479291,0.07425158066323559,0.05122478584651582,0.06500113005156062,1.2115602764849174,0.1576348670635164,0.008722498289405241
2181,0.7998804440223946,0.41341089290493166,0.009168009050898332,0.048931886871580434,3.1062861109671207,2.3393467941048254,2.146421536950493,0.19292525715433223,1.5997742900277132,0.9598645740166278,0.6399097160110854,0.07652495140114346,0.05315067974515186,0.0670320832902418,1.1980216400647838,0.16694755236802303,0.008619512191426221,0.813360623626531,0.41568069774731653,0.0008086480903639129,0.04975652414292232,3.212515588361663,2.4226325155263524,2.236474870090857,0.18615764543549562,1.6267345304513443,0.9760407182708063,0.650693812180538,0.07425169218270178,0.05122488032061806,0.06500123212700398,1.211559602458633,0.15763482624470843,0.00872249669791282
2182,0.7998801378365658,0.41341094606019035,0.009167991293016667,0.04893186807121913,3.1062820924538554,2.339343953553884,2.1464183225562032,0.1929256309976807,1.5997729498294206,0.9598637698976523,0.6399091799317683,0.07652505582001642,0.05315076820396195,0.06703217910311028,1.1980210273062286,0.16694751312844303,0.008619510766823626,0.8133603197360286,0.4156807498101135,0.0008086336329346036,0.04975650547703713,3.212511545170551,2.4226296452739584,2.236471623891642,0.18615802138231669,1.626733202131516,0.9760399212789093,0.6506932808526067,0.07425179220465267,0.05122496505456037,0.06500132396807617,1.2115589979229,0.15763479089251758,0.008722495333142153
2183,0.7998798688362464,0.4134109970365531,0.009167985794232211,0.04893185154530593,3.106278459584276,2.339341418631524,2.146415450136001,0.19292596849552274,1.599771682413792,0.9598630094482751,0.6399086729655169,0.07652514967286489,0.053150847711727754,0.06703226548589339,1.1980204765513527,0.16694747930905474,0.008619509553161353,0.8133600528825763,0.4156807996581485,0.0008086309091555471,0.049756489076520735,3.2125078928306543,2.422627085695105,2.2364687253113127,0.18615836038379233,1.62673194586557,0.9760391675193417,0.6506927783462283,0.07425188203129227,0.05122504115150937,0.06500140670443662,1.2115584550071021,0.15763476046629352,0.008722494172430833
2184,0.7998796327151018,0.41341104605692414,0.009167990020578123,0.048931837030439414,3.10627517318315,2.3393391542140183,2.146412880419353,0.1929262737946653,1.599770487939662,0.9598622927637971,0.6399081951758648,0.07652523416880094,0.05315091929275279,0.06703234348744785,1.1980199807047152,0.16694745026106034,0.008619508525750472,0.8133598187681534,0.4156808475200985,0.0008086374632886584,0.04975647467847848,3.2125045914519843,2.4226248010051554,2.236466134338668,0.1861586666664875,1.6267307618555282,0.9760384571133166,0.6506923047422116,0.0742519628321117,0.051225109602203556,0.06500148135133609,1.2115579666427858,0.15763473437460448,0.008722493191840012
2185,0.7998794254301884,0.41341109319512914,0.009168001760857455,0.04893182427932816,3.1062721974840453,2.33933712857225,2.1464105780708156,0.1929265505014347,1.599769365688716,0.9598616194132296,0.6399077462754864,0.07652531037610336,0.05315098385203311,0.06703241403580959,1.1980195334973527,0.16694742536240306,0.008619507660210813,0.8133596133600373,0.4156808934789118,0.0008086511548437286,0.049756462036242566,3.212501604616469,2.422622758875624,2.2364638149623057,0.18615894391331822,1.626729649423606,0.9760377896541633,0.6506918597694428,0.0742520356409517,0.05122517128246468,0.0650015488075914,1.2115575265813996,0.15763471204980206,0.008722492367706187
2186,0.7998792432693643,0.4134111384158882,0.009168019114327103,0.0489318130649149,3.106269500336316,2.339335313521597,2.146408511812787,0.19292680170881013,1.5997683142058823,0.9598609885235293,0.639907325682353,0.07652537922475032,0.05315104217740299,0.06703247794043603,1.1980191294719083,0.16694740401645763,0.008619506933242923,0.8133594329574428,0.41568093751076624,0.0008086701473230887,0.04975645092344905,3.2124988995888053,2.42262093058619,2.236461735296854,0.18615919528933625,1.6267286071532532,0.9760371642919516,0.6506914428613015,0.07425210135836383,0.051225226955198086,0.06500160985766942,1.211557129380011,0.157634692947549,0.00872249167740065
2187,0.7998790828921372,0.413411181615452,0.009168040487730574,0.0489318031828755,3.106267053177606,2.3393336843617307,2.1464066543141063,0.19292703004762451,1.599767331439167,0.9598603988635,0.6399069325756669,0.07652544151605892,0.05315109494770093,0.0670325359006097,1.1980187639260542,0.16694738567112988,0.008619506323241431,0.8133592742313097,0.4156809795245606,0.0008086929039454183,0.04975644113647193,3.2124964472872826,2.422619290961629,2.236459867469633,0.18615942349199593,1.6267276330294163,0.9760365798176496,0.6506910532117667,0.07425216076084748,0.051225277278217976,0.06500166517973605,1.2115567703454704,0.1576346765642589,0.008722491099931192
2188,0.7998789413445472,0.4134112226583708,0.009168064577401339,0.048931794452529306,3.1062648308250718,2.339332219652599,2.146404981900865,0.19292723775173382,1.5997664148736779,0.9598598489242065,0.6399065659494714,0.07652549793704316,0.05315114274493324,0.06703258851789293,1.1980184328282302,0.1669473698308764,0.008619505810713298,0.8133591342383846,0.41568101939762986,0.0008087181692431888,0.04975643249528447,3.2124942220714816,2.422617818143486,2.2364581873278397,0.1861596308156464,1.6267267245727366,0.9760360347436418,0.6506906898290948,0.07425221451460182,0.05122532281589723,0.06500171535758538,1.2115564454512913,0.15763466244805574,0.00872249061635362
2189,0.7998788160615768,0.41341126140884893,0.00916809034588275,0.0489317867169865,3.106262811215197,2.339330900944427,2.1464034742220655,0.19292742672236152,1.5997655616552193,0.9598593369931314,0.6399062246620879,0.076525549075282,0.05315118606686948,0.0670326363089867,1.1980181327303907,0.16694735606421873,0.008619505378570855,0.8133590104230866,0.41568105700618624,0.0008087449456466861,0.04975642484357329,3.2124922014787676,2.422616493316193,2.236456674100884,0.18615981921530883,1.62672587896314,0.9760355273778838,0.6506903515852562,0.07425226318974482,0.05122536405121331,0.0650017608929401,1.211556151251704,0.15763465020561657,0.008722490210061131
2190,0.7998787048516813,0.41341129775430663,0.009168116990557723,0.04893177984220186,3.1062609750721237,2.3393297124421144,2.1464021138509164,0.1929275985911982,1.5997647687020127,0.9598588612212073,0.6399059074808053,0.07652559543450246,0.053151225340243746,0.06703267971914446,1.1980178606765575,0.16694734400504907,0.008619505012244958,0.8133589006018613,0.4156810922482055,0.000808772462703139,0.04975641804778129,3.2124903658892174,2.422615300367794,2.2364553099983517,0.18615999036944225,1.6267250931514434,0.9760350558908658,0.6506900372605776,0.07425230727520583,0.05122540139836437,0.06500180221827456,1.2115558847916446,0.15763463950335282,0.008722489866898624
2191,0.7998786058652275,0.41341133162106886,0.009168143908637898,0.04893177371504405,3.106259305519224,2.3393286406184943,2.1464008858379358,0.19292775478055846,1.5997640328021474,0.9598584196812882,0.6399056131208593,0.07652563745038217,0.05315126093414184,0.06703271913571793,1.1980176141100842,0.1669473333509976,0.0086195046996287,0.8133588029317201,0.41568112505867744,0.0008088001429216174,0.04975641199518312,3.2124886981333045,2.4226142254993515,2.236454079759302,0.1861601457400496,1.6267243639566713,0.9760346183740026,0.6506897455826687,0.07425234719383329,0.05122543521556795,0.06500183970977179,1.2115556435154435,0.15763463006590991,0.00872248957511147
2192,0.7998785175463341,0.41341136298161957,0.009168170658023403,0.048931768240349574,3.106257787634856,2.3393276737777096,2.146399777217869,0.19292789655984055,1.5997633506949784,0.9598580104169868,0.6399053402779916,0.07652567550642339,0.053151293173449035,0.06703275490170706,1.1980173907805058,0.1669473238580704,0.00861950443084355,0.8133587158623177,0.415681155416662,0.0008088275637700981,0.0497564065909535,3.2124871830421733,2.4226132567832486,2.2364529701537648,0.1861602866294837,1.6267236881473481,0.9760342128884086,0.6506894752589395,0.07425238331760783,0.05122546581794874,0.06500187370031683,1.2115554251748761,0.15763462167125752,0.008722489325119785
2193,0.7998784385659385,0.413411391853356,0.00916819691338873,0.04893176333682818,3.1062564079334907,2.3393268015526454,2.146398776452642,0.19292802510000334,1.5997627191347474,0.9598576314808482,0.6399050876538992,0.07652570995042057,0.05315132235280062,0.06703278732976992,1.1980171886469004,0.16694731533153073,0.008619504197813795,0.813358638069207,0.4156811833440631,0.0008088544150827645,0.04975640175408431,3.2124858069199793,2.4226123836527527,2.236451969416933,0.1861604142358196,1.626723062505077,0.976033837503046,0.6506892250020311,0.07425241598350082,0.05122549349097318,0.06500190449299917,1.211555227733316,0.15763461414233396,0.008722489109103016
2194,0.799878367788369,0.4134114182956038,0.009168222443585686,0.048931758935017985,3.1062551541405514,2.339326014675647,2.1463978731798754,0.19292814149577175,1.5997621349344604,0.959857280960676,0.6399048539737844,0.07652574110151855,0.0531513487425612,0.06703281670813566,1.198017005836471,0.16694730762104534,0.008619503994033117,0.8133585684204112,0.41568120890275906,0.0008088804770990804,0.049756397415339514,3.21248455731306,2.422611596667754,2.236451066992014,0.18616052967574032,1.6267224838684105,0.976033490321046,0.6506889935473644,0.07425244550032851,0.051225518496256034,0.06500193236686178,1.2115550493243072,0.15763460734262355,0.008722488920771293
2195,0.7998783042394287,0.4134114424017213,0.009168247085969652,0.048931754975333294,3.106254015029127,2.3393253048060645,2.1463970580299145,0.19292824677615017,1.5997615949986883,0.9598569569992128,0.6399046379994755,0.07652576925445828,0.05315137259242167,0.0670328433040556,1.1980168406196312,0.16694730060821295,0.00861950381429691,0.8133585059444945,0.4156812321869694,0.0008089055959247388,0.049756393515302116,3.2124834228408545,2.4226108873373517,2.236450253341464,0.1861606339958879,1.6267219491656515,0.9760331694993907,0.6506887796662608,0.07425247215294029,0.051225541075108474,0.06500195758031527,1.2115548882262508,0.15763460116475475,0.008722488755102363
2196,0.79987824708512,0.4134114642924991,0.009168270731936976,0.048931751406762924,3.1062529803269943,2.3393246644275716,2.1463963225189713,0.19292834190860036,1.5997610963467053,0.9598566578080231,0.6399044385386822,0.07652579468174754,0.053151394133237884,0.06703286736551012,1.198016691397265,0.1669472942003871,0.008619503654512002,0.81335844980935,0.4156812533169134,0.0008089296696359854,0.049756390003076606,3.2124823930991493,2.422610248014033,2.2364495198363583,0.18616072817767482,1.6267214554379854,0.9760328732627911,0.6506885821751943,0.07425249620438767,0.051225561450375476,0.0650019803728533,1.211554742849294,0.1576345955248659,0.008722488608155216
2197,0.7998781956079043,0.41341148410963013,0.009168293312278072,0.0489317481854185,3.106252040597892,2.3393240867259286,2.146395658920457,0.19292842780547162,1.5997606361290586,0.9598563816774351,0.6399042544516235,0.0765258176364945,0.05315141357943132,0.06703288912351353,1.1980165566840986,0.1669472883245027,0.00861950351149175,0.8133583992987318,0.41568127243253983,0.000808952634263678,0.04975638683485353,3.2124814585389707,2.422609671769544,2.2364488586253364,0.1861608131442078,1.626720999856057,0.9760325999136341,0.6506883999424229,0.07425251789868369,0.0512255798287735,0.0650020009673026,1.2115546117186538,0.15763459035695415,0.00872248847687066
2198,0.7998781491813264,0.41341150200929866,0.00916831478458753,0.048931745272982004,3.1062511871036467,2.3393235654530833,2.1463950601210064,0.1929285053320769,1.5997602116377339,0.9598561269826403,0.6399040846550935,0.07652583835571772,0.05315143113179306,0.06703290879485532,1.1980164350892761,0.16694728292286712,0.008619503382742044,0.8133583537872179,0.4156812896873596,0.0008089744516925276,0.049756383972378075,3.2124806103268146,2.422609152257494,2.236448262488696,0.1861608897687981,1.6267205797301976,0.9760323478381185,0.650688231892079,0.07425253746399887,0.051225596403598084,0.06500201957247423,1.2115544934552978,0.15763458560901591,0.008722488358863424
2199,0.799878107249071,0.41341151815547883,0.00916833512405403,0.04893174263542503,3.106250411703738,2.3393230948279764,2.146394519517602,0.1929285753103744,1.599759820310226,0.9598558921861357,0.6399039281240902,0.07652585706238207,0.053151446979208594,0.06703292658375629,1.198016325304413,0.16694727794958425,0.008619503266272182,0.8133583127195676,0.4156813052420082,0.0008089951008191376,0.04975638138168753,3.2124798402426085,2.4226086836129066,2.2364477247338357,0.18616095887907083,1.6267201925146215,0.9760321155087729,0.6506880770058486,0.07425255511464365,0.05122561135640297,0.06500203638478035,1.2115543867639655,0.15763458123978363,0.008722488252238293
2200,0.799878069311177,0.4134115327127645,0.009168354317794516,0.04893174024216544,3.106249706818511,2.3393226694966462,2.1463940309811003,0.19292863851554581,1.5997594597290177,0.9598556758374106,0.6399037838916071,0.07652587396537551,0.053151461298638056,0.0670329426817525,1.1980162261037304,0.1669472733667886,0.008619503160445912,0.8133582755970791,0.415681319257342,0.0008090145721698777,0.04975637903227674,3.2124791406411783,2.422608260410925,2.2364472391569343,0.1861610212539907,1.626719835807073,0.9760319014842438,0.6506879343228291,0.07425257105110114,0.05122562485702814,0.06500205158817206,1.211554290432968,0.1576345772152963,0.008722488155444467
2201,0.7998780349184612,0.4134115458398931,0.00916837236321423,0.048931738065726454,3.1062490654529484,2.339322284548979,2.1463935888819377,0.19292869566704135,1.5997591276183514,0.9598554765710109,0.6399036510473405,0.07652588925773411,0.05315147425361265,0.06703295726608237,1.1980161363544721,0.16694726914156371,0.008619503063889492,0.8133582419720125,0.41568133188822115,0.0008090328663768187,0.04975637689675717,3.2124785044742397,2.422607877682122,2.2364468000667705,0.18616107761535133,1.6267195073457816,0.976031704407469,0.6506878029383126,0.07425258545840274,0.05122563706222364,0.0650020653526601,1.2115542033440034,0.15763457350610177,0.008722488067184998
2202,0.7998780036703182,0.41341155768479515,0.009168389267841706,0.048931736081602194,3.1062484812315163,2.339321935547364,2.146393188127391,0.19292874741997268,1.5997588218402083,0.9598552931041251,0.6399035287360832,0.07652590311475829,0.05315148599263869,0.06703297049800289,1.198016055027958,0.16694726524364256,0.008619502975434134,0.8133582114453188,0.41568134327876727,0.000809049994048662,0.04975637495071816,3.212477925323463,2.422607530939661,2.2364464023200994,0.18616112861956144,1.6267192050056059,0.9760315230033635,0.6506876820022424,0.07425259850440072,0.05122564811418603,0.06500207783276853,1.2115541244826002,0.1576345700851651,0.008722487986359702
2203,0.7998779752125637,0.41341156838202275,0.009168405049369527,0.04893173426812597,3.1062479484064305,2.3393216185337877,2.1463928241722794,0.19292879436150814,1.5997585403902512,0.9598551242341509,0.6399034161561004,0.07652591569329267,0.05315149664858768,0.06703298252214582,1.1980159812038071,0.16694726164449192,0.00861950289407987,0.8133581836644819,0.41568135355993135,0.0008090659757991753,0.04975637317259501,3.2124773974076306,2.4226072161854617,2.236446041331165,0.18616117485429673,1.6267189267941091,0.9760313560764655,0.6506875707176436,0.07425261033912685,0.051225658140015284,0.0650020891669604,1.2115540529419926,0.15763456692703948,0.008722487912029899
2204,0.7998779492312055,0.4134115780519967,0.00916841973368894,0.0489317326060895,3.1062474618105704,2.339321329988921,2.1463924929743268,0.19292883701459418,1.5997582813937388,0.9598549688362434,0.6399033125574953,0.07652592713294433,0.05315150633972823,0.06703299346757605,1.1980159140627924,0.16694725831697324,0.008619502818950292,0.8133581583172599,0.4156813628487945,0.0008090808402595462,0.04975637154328646,3.2124769155340154,2.4226069298678925,2.2364457130254585,0.18616121684243417,1.6267186708475947,0.9760312025085568,0.6506874683390379,0.0742526210959969,0.05122566725273501,0.06500209947868503,1.211553987915838,0.1576345640075348,0.00872248784337411
2205,0.7998779254470433,0.4134115868016944,0.009168433353586261,0.04893173107841253,3.106247016800665,2.3393210667843203,2.146392190940301,0.1929288758440192,1.5997580431006062,0.959854825860364,0.6399032172402422,0.07652593755780007,0.0531515151711809,0.06703300344930439,1.1980158528767613,0.1669472552359469,0.0086195027492652,0.8133581351262646,0.415681371249256,0.0008090946227164164,0.0497563700458231,3.212476475040356,2.4226066688328283,2.2364454137845837,0.18616125504824432,1.6267184354262871,0.9760310612557722,0.6506873741705149,0.0742526308934788,0.05122567555270578,0.0650021088778485,1.2115539286881358,0.15763456130426312,0.008722487779661527
2206,0.799877903612762,0.4134115947257315,0.009168445947852745,0.04893172966996543,3.1062466092169316,2.339320826150145,2.146391914888959,0.1929289112611858,1.599757823879954,0.9598546943279725,0.6399031295519814,0.07652594707770294,0.0531515232359996,0.06703301256942658,1.1980157970011451,0.16694725237840735,0.008619502684332226,0.81335811384606,0.41568137885311257,0.0008091073642201158,0.04975636866519021,3.2124760717538687,2.42260643029075,2.236445140408522,0.18616128988222805,1.626718218908911,0.9760309313453466,0.6506872875635645,0.07425263983632767,0.051225683128671165,0.06500211746191588,1.2115538746257655,0.15763455879676058,0.008722487720244285
2207,0.7998778835100697,0.4134116019072905,0.009168457559985896,0.04893172836739394,3.1062462353448326,2.339320605644644,2.146391662016126,0.1929289436285182,1.599757622214511,0.9598545733287067,0.6399030488858042,0.07652595578944046,0.053151530616178236,0.06703302091818367,1.1980157458679854,0.1669472497231015,0.008619502623537313,0.813358094260285,0.4156813857409812,0.0008091191103054701,0.0497563673881516,3.2124757019522177,2.422606211785481,2.236444890079879,0.18616132170560232,1.6267180197872317,0.976030811872339,0.6506872079148928,0.07425264801674025,0.051225690058736034,0.06500212531694224,1.2115538251715054,0.1576345564661372,0.008722487664548495
2208,0.7998778649501045,0.4134116084195813,0.009168468238719807,0.048931727159144275,3.106245891898671,2.3393204031438355,2.1463914298816262,0.19292897326220904,1.5997574366950738,0.9598544620170445,0.6399029746780293,0.07652596377736288,0.053151537383174394,0.06703302857453661,1.1980156989823083,0.16694724725091922,0.008619502566360217,0.8133580761820385,0.4156813919837486,0.000809129911485372,0.04975636620327343,3.2124753623467304,2.4226060111834693,2.2364446603503914,0.18616135083307817,1.6267178366605652,0.9760307019963391,0.6506871346642261,0.07425265551495884,0.0512256964108779,0.06500213251813342,1.2115537798403868,0.15763455429544215,0.008722487612089774
2209,0.7998778477710036,0.41341161432716717,0.009168478036603103,0.04893172603531443,3.106245575982889,2.3393202168106377,2.1463912163735364,0.19292900043710132,1.5997572660155874,0.9598543596093527,0.6399029064062347,0.07652597111465813,0.05315154359898949,0.067033035607305,1.1980156559146407,0.16694724494450222,0.008619502512371206,0.8133580594514372,0.41568139764388023,0.0008091398218721818,0.04975636510077478,3.212475050043043,2.422605826642288,2.2364444491044932,0.18616137753779474,1.6267176682309166,0.9760306009385499,0.6506870672923667,0.0742526624005044,0.051225702243991686,0.06500213913094817,1.2115537382122366,0.15763455226930884,0.008722487562470457
2210,0.7998778318332017,0.4134116196873948,0.009168487008177753,0.0489317249873666,3.1062452850328186,2.3393200450456098,2.146391019651881,0.1929290253937287,1.5997571089682292,0.9598542653809378,0.6399028435872914,0.07652597786525786,0.05315154931778346,0.06703304207685351,1.1980156162898261,0.16694724278842157,0.008619502461214599,0.8133580439308856,0.41568140277682014,0.0008091488973587455,0.04975636407223834,3.2124747624807863,2.422605656560358,2.236444254501919,0.18616140205843892,1.6267175132981122,0.9760305079788673,0.650687005319245,0.07425266873401792,0.05122570760944962,0.06500214521272804,1.2115536999205523,0.15763455037411472,0.008722487515363699
2211,0.7998778170161076,0.41341162455180225,0.009168495208908667,0.048931724007923935,3.106245016767163,2.339319886448468,2.1463908381043346,0.1929290483441333,1.5997569644380467,0.9598541786628283,0.6399027857752184,0.07652598408538153,0.053151554587182764,0.06703304803646609,1.1980155797779648,0.16694724076948744,0.00861950241260071,0.8133580295017344,0.4156814074323684,0.0008091571945451556,0.049756363110406064,3.2124744973853585,2.4226054995377786,2.2364440749326717,0.18616142460510676,1.626717370754478,0.9760304224526868,0.6506869483017912,0.07425267456874768,0.05122571255236114,0.06500215081402201,1.2115536646435108,0.15763454859826562,0.008722487470505854
2212,0.7998778032154417,0.4134116289670438,0.009168502694004661,0.04893172309060763,3.106244769151513,2.339319739789131,2.1463906703130347,0.19292906947609634,1.5997568313974635,0.9598540988384784,0.6399027325589851,0.07652598982467271,0.053151559449243165,0.06703305353336145,1.1980155460877437,0.16694723887641244,0.008619502366297568,0.8133580160616067,0.4156814116555873,0.0008091647695952289,0.04975636220901557,3.2124742527308645,2.422605354346813,2.2364439089832384,0.18616144536357454,1.626717239579377,0.9760303437476262,0.6506868958317508,0.07425267995164589,0.05122571711250201,0.06500215597956688,1.2115536320973417,0.1576345469318864,0.008722487427688537
2213,0.7998777903409672,0.413411632975474,0.009168509517563747,0.04893172222989818,3.106244540369102,2.3393196039849284,2.1463905150286187,0.19292908895630975,1.5997567089008056,0.9598540253404836,0.639902683560322,0.07652599512706632,0.053151563941184296,0.06703305860947073,1.1980155149613494,0.16694723709946868,0.008619502322121988,0.8133580035221096,0.415681415487371,0.0008091716774119781,0.049756361362660165,3.2124740267103427,2.422605219908598,2.236443755410086,0.18616146449851198,1.6267171188337606,0.9760302713002564,0.6506868475335041,0.0742526849242074,0.05122572132502474,0.06500216074903989,1.2115536020312578,0.15763454536650726,0.008722487386749972
2214,0.7998777783144979,0.4134116366155781,0.009168515731966205,0.04893172142101348,3.1062443287956936,2.339319478081332,2.1463903711483425,0.1929291069329893,1.5997565960789182,0.9598539576473512,0.639902638431567,0.07652600003151039,0.05315156809600108,0.067033063302087,1.198015486170232,0.16694723543021806,0.008619502279931125,0.8133579918068309,0.41568141896487054,0.0008091779710557995,0.049756360566666276,3.212473817710194,2.422605095273445,2.2364436131173098,0.1861614821561354,1.6267170076548065,0.976030204592884,0.6506868030619225,0.07425268952316863,0.05122572522105068,0.06500216515768775,1.211553574223231,0.15763454389481707,0.008722487347566765
2215,0.7998777670680537,0.41341163992234153,0.009168521387394324,0.04893172065979591,3.1062441329765216,2.3393193612343954,2.1463902376961657,0.1929291235382299,1.599756492133926,0.9598538952803558,0.6399025968535702,0.07652600457261913,0.0531515719430171,0.06703306764445394,1.1980154595112722,0.16694723386129184,0.008619502239614284,0.8133579808494787,0.41568142212185255,0.0008091837012767708,0.049756359816979664,3.212473624286719,2.422604979602898,2.2364434811363036,0.1861614984665947,1.6267169052506922,0.9760301431504155,0.6506867621002768,0.07425269378113866,0.051225728828204746,0.06500216923689603,1.2115535484761784,0.15763454251046088,0.008722487310045875
2216,0.7998777565421115,0.4134116429275778,0.009168526531426656,0.04893171994260544,3.1062439516045948,2.3393192526943016,2.146390113804108,0.19292913889019353,1.5997563963341441,0.9598538378004866,0.6399025585336575,0.07652600878128149,0.053151575508399995,0.06703307166631485,1.1980154348032122,0.16694723238620784,0.00861950220108501,0.8133579705921262,0.41568142498901783,0.0008091889161317145,0.049756359110057956,3.212473445144097,2.4226048721529705,2.2364433586067856,0.18616151354618493,1.6267168108955186,0.9760300865373113,0.6506867243582073,0.07425269772718654,0.05122573217111287,0.06500217301471918,1.211553524614412,0.15763454120787082,0.00872248727411693
2217,0.7998777466841483,0.4134116456602281,0.009168531208789396,0.0489317192662304,3.106243783501933,2.3393191517914267,2.1463899986964416,0.192929153094985,1.5997563080091521,0.9598537848054914,0.6399025232036607,0.07652601268518082,0.05315157881560184,0.06703307539438387,1.198015411883603,0.16694723099922953,0.008619502164274727,0.8133579609837495,0.41568142759429194,0.0008091936607427797,0.04975635844278126,3.2124732791153696,2.4226047722599735,2.2364432447607343,0.18616152749923917,1.626716723924392,0.9760300343546353,0.6506866895697567,0.07425270138734091,0.05122573527182535,0.06500217651633391,1.2115535024806192,0.15763453998213747,0.008722487239725997
2218,0.7998777374473118,0.4134116481465923,0.009168535461141665,0.04893171862780617,3.106243627602753,2.3393190579239906,2.146389891675713,0.19292916624827783,1.5997562265450667,0.95985373592704,0.6399024906180266,0.07652601630924878,0.05315158188574358,0.06703307885275853,1.1980153906061441,0.1669472296952006,0.008619502129126544,0.8133579519788945,0.4156814299630473,0.0008091979771012309,0.04975635781237053,3.2124731251454253,2.422604679327969,2.2364431389082036,0.18616154041976574,1.6267166437287026,0.9760299862372217,0.6506866574914809,0.07425270478502657,0.05122573815018652,0.06500217976443623,1.211553481933226,0.15763453882885672,0.008722487206829582
2219,0.7998777287895282,0.4134116504105467,0.009168539327088068,0.048931718024760575,3.1062434829406955,2.3393189705492166,2.1463897921126818,0.19292917843653484,1.5997561513800225,0.9598536908280136,0.6399024605520088,0.07652601967600031,0.053151584737898785,0.06703308206322861,1.1980153708387165,0.16694722846944848,0.00861950209559166,0.8133579435367865,0.4156814321183134,0.0008092019040905965,0.04975635721633316,3.212472982278122,2.422604592819827,2.236443040427155,0.18616155239267235,1.6267165697516113,0.9760299418509669,0.6506866279006444,0.07425270794138475,0.05122574082410628,0.06500218277953713,1.2115534628444582,0.1576345377440428,0.008722487175391092
2220,0.799877720672704,0.41341165247371736,0.009168542842180931,0.048931717454765,3.1062433486374896,2.3393188891755914,2.1463896994375338,0.19292918973805773,1.5997560819999261,0.9598536491999557,0.6399024327999704,0.0765260228058234,0.05315158738933926,0.0670330850455442,1.1980153524616817,0.1669472273176504,0.008619502063625991,0.8133579356205344,0.41568143408094416,0.0008092054775004076,0.049756356652414194,3.212472849644873,2.422604512249407,2.2364429487545885,0.18616156349481838,1.6267165014838074,0.9760299008902846,0.6506866005935228,0.07425271087555033,0.05122574330979483,0.06500218558021925,1.211553445098668,0.1576345367240062,0.008722487145377605
2221,0.7998777130620711,0.4134116543556522,0.009168546039015707,0.04893171691569446,3.1062432238930464,2.339318813356271,2.146389613132362,0.19292920022390903,1.599756017934474,0.9598536107606845,0.6399024071737895,0.07652602571723083,0.053151589855748166,0.0670330878176499,1.1980153353664054,0.16694722623576738,0.008619502033187582,0.8133579281964841,0.4156814358697848,0.0008092087301290185,0.04975635611855679,3.212472726454701,2.4226044371749156,2.2364428633789806,0.1861615737959349,1.6267164384595334,0.9760298630757203,0.6506865753838131,0.07425271360489206,0.051225745621966134,0.06500218818336068,1.2115534285908827,0.15763453576529474,0.008722487116757448
2222,0.7998777059256622,0.41341165607399016,0.009168548947353139,0.048931716405595196,3.1062431079768187,2.3393187426834734,2.146389532724754,0.19292920995871932,1.5997559587534411,0.9598535752520647,0.6399023835013764,0.07652602842707819,0.05315159215140475,0.06703309039588894,1.1980153194539773,0.1669472252199927,0.00861950200423492,0.8133579212336928,0.4156814375018344,0.00080921169191564,0.04975635561287006,3.2124726119855636,2.4226043671932675,2.236442783833837,0.18616158335943017,1.6267163802528768,0.9760298281517263,0.6506865521011505,0.07425271614521993,0.051225747774013695,0.0650021906043293,1.2115534132255492,0.15763453486464712,0.008722487089498505
2223,0.7998776992338797,0.41341165764462107,0.00916855159427693,0.04893171592265862,3.106243000220261,2.339318676783716,2.1463894577823233,0.19292921900139276,1.5997559040632294,0.9598535424379376,0.6399023616252918,0.07652603095075255,0.05315159428934422,0.06703309279518072,1.1980153046341058,0.16694722426671238,0.008619501976725636,0.8133579147035094,0.41568143899240123,0.0008092143900986226,0.04975635513360334,3.2124725055768293,2.422604301935321,2.2364427096922324,0.1861615922430886,1.6267163264743276,0.9760297958845968,0.6506865305897308,0.07425271851096402,0.05122574977816199,0.06500219285715159,1.2115533989154552,0.1576345340189592,0.008722487063567092
2224,0.799877692959107,0.4134116590818306,0.009168554004331086,0.0489317154651973,3.10624290000995,2.3393186153134864,2.1463893879077407,0.1929292274057459,1.5997558535036824,0.9598535121022095,0.639902341401473,0.07652603330234348,0.053151596281502636,0.06703309502918212,1.198015290824112,0.16694722337247,0.008619501950615413,0.8133579085791859,0.41568144035524207,0.0008092168493612079,0.049756354679122455,3.212472406622372,2.4226042410615216,2.2364426405618136,0.18616160049970779,1.626716276767597,0.9760297660605584,0.6506865107070385,0.07425272071533737,0.051225751645604514,0.06500219495466625,1.2115533855807432,0.1576345332252522,0.008722487038926884
2225,0.7998776870755123,0.4134116603984502,0.009168556199741842,0.048931715031633,3.1062428067824497,2.3393185579563607,2.1463893227353683,0.19292923522099256,1.5997558067451356,0.9598534840470814,0.6399023226980542,0.07652603549476712,0.05315159813882192,0.06703309711040722,1.1980152779482027,0.1669472225339626,0.00861950192585808,0.8133579028356919,0.41568144160270803,0.0008092190920583192,0.0497563542478983,3.2124723145655003,2.4226041842590686,2.2364425760814957,0.1861616081775729,1.626716230806674,0.9760297384840046,0.6506864923226694,0.07425272277045214,0.05122575338660211,0.06500219690863676,1.2115533731482102,0.1576345324806717,0.008722487015539107
2226,0.7998776815588242,0.41341166160598136,0.009168558200578866,0.04893171462048301,3.1062427200193694,2.3393185044201332,2.1463892619279346,0.19292924249219887,1.5997557634857247,0.9598534580914349,0.6399023053942898,0.07652603753988489,0.05315159987135053,0.06703309905034124,1.1980152659367747,0.16694722174800516,0.008619501902405343,0.8133578974494952,0.41568144274586477,0.0008092211383741929,0.049756353838493486,3.212472228894044,2.422604131239062,2.236442515918157,0.1861616153209052,1.6267161882931451,0.9760297129758873,0.6506864753172579,0.0742527246874315,0.051225755010577835,0.06500219872985917,1.2115533615506298,0.15763453178245537,0.008722486993362333
2227,0.7998776763862754,0.41341166271473273,0.00916856002499182,0.04893171423035657,3.1062426392438534,2.339318454435124,2.146389205174503,0.19292924926062144,1.5997557234489173,0.9598534340693504,0.6399022893795668,0.07652603944858571,0.053151601488313036,0.06703310085952231,1.1980152547259308,0.16694722101154727,0.008619501880207638,0.8133578923985143,0.41568144379462485,0.0008092230065712691,0.04975635344955931,3.212472149136926,2.422604081734876,2.236442459764688,0.18616162197018815,1.6267161489537294,0.9760296893722379,0.6506864595814915,0.07425272647648534,0.051225756526181,0.06500220042823757,1.211553350726295,0.15763453112795098,0.008722486972353382
2228,0.7998776715367916,0.41341166373397564,0.009168561689526539,0.048931713859966516,3.1062425640190963,2.3393184077542033,2.146389152190328,0.19292925556387508,1.5997556863812807,0.9598534118287685,0.6399022745525123,0.0765260412308143,0.05315160299813417,0.06703310254757584,1.1980152442573146,0.16694722032169898,0.008619501859216682,0.8133578876623413,0.4156814447579041,0.0008092247133072439,0.04975635307984949,3.2124720748629447,2.422604035502418,2.2364424073401086,0.18616162816230952,1.6267161125380596,0.976029667522836,0.6506864450152235,0.07425272814693092,0.05122575794130474,0.06500220201281173,1.211553340618895,0.15763453051464452,0.008722486952470092
2229,0.799877666990611,0.4134116646720211,0.009168563209113578,0.04893171350810596,3.106242493943034,2.339318364149149,2.1463891027127278,0.19292926143642145,1.5997556520505105,0.9598533912303063,0.6399022608202042,0.07652604289570683,0.053151604408553654,0.06703310412334001,1.198015234477315,0.16694721967565948,0.00861950183938382,0.8133578832218328,0.41568144564369086,0.000809226273618055,0.04975635272819508,3.2124720056752443,2.4226039923162763,2.2364423583852107,0.18616163393106566,1.6267160788167219,0.9760296472900334,0.6506864315266885,0.07425272970732674,0.05122575926319947,0.06500220349188071,1.2115533311767028,0.15763452994008914,0.008722486933669506
2230,0.7998776627291873,0.4134116655363405,0.00916856459728832,0.0489317131736423,3.1062424286450474,2.339318323408805,2.1463890564988986,0.19292926690990675,1.5997556202435816,0.959853372146149,0.6399022480974327,0.07652604445167485,0.053151605726697346,0.06703310559494649,1.198015225336572,0.166947219070802,0.00861950182066045,0.8133578790590208,0.415681446459166,0.0008092277011402457,0.049756352393498994,3.212471941208037,2.4226039519678837,2.236442312660387,0.18616163930749657,1.6267160475794162,0.97602962854765,0.6506864190317663,0.07425273116555264,0.05122576049854059,0.06500220487308,1.2115533223520947,0.1576345294019919,0.008722486915908403
2231,0.7998776587350773,0.4134116663336534,0.009168565866284645,0.04893171285551043,3.1062423677829982,2.3393182853374053,2.1463890133239616,0.1929292720134435,1.599755590765061,0.9598533544590365,0.6399022363060244,0.07652604590647742,0.05315160695913838,0.06703310696989012,1.1980152167895548,0.16694721850463598,0.008619501802998157,0.8133578751569999,0.41568144721078615,0.0008092290081989431,0.049756352074729115,3.2124718811236503,2.422603914263846,2.236442269943683,0.18616164432016316,1.6267160186332792,0.9760296111799677,0.6506864074533115,0.07425273252887783,0.05122576165348626,0.06500220616344723,1.2115533141011372,0.15763452889817572,0.008722486899143376
2232,0.7998776549918545,0.4134116670700077,0.009168567027144373,0.04893171255270734,3.106242311040652,2.3393182497531644,2.1463889729793095,0.19292927677385477,1.5997555634355705,0.9598533380613422,0.6399022253742283,0.07652604726728313,0.05315160811194964,0.06703310825508887,1.1980152087941978,0.16694721797479956,0.008619501786348857,0.8133578714998413,0.4156814479043612,0.0008092302059241052,0.04975635177091306,3.2124718251099607,2.4226038790245377,2.2364422300291498,0.186161648995388,1.6267159918013514,0.976029595080811,0.6506863967205404,0.07425273380401916,0.05122576273372665,0.06500220736947893,1.211553306383235,0.15763452842657308,0.00872248688333103
2233,0.7998776514840327,0.41341166775085014,0.009168568089831769,0.048931712264287566,3.1062422581253974,2.3393182164870545,2.1463889352711667,0.19292928121588795,1.5997555380903845,0.9598533228542306,0.6399022152361539,0.07652604854072392,0.05315160919074943,0.06703310945693669,1.1980152013115841,0.16694721747905306,0.008619501770664954,0.813357868072521,0.4156814485451226,0.0008092313043589067,0.049756351481133713,3.2124717728781387,2.4226038460828923,2.236442192725428,0.18616165335746457,1.6267159669211846,0.9760295801527109,0.6506863867684737,0.074252734997192,0.051225763744527156,0.06500220849718022,1.2115532991608227,0.15763452798522082,0.008722486868428166
2234,0.7998776481970026,0.41341166838108917,0.009168569063328677,0.04893171198935919,3.106242208766225,2.3393181853817357,2.1463889000193337,0.19292928536240198,1.5997555145781526,0.9598533087468916,0.639902205831261,0.07652604973294266,0.05315161020074166,0.06703311058134956,1.1980151943056674,0.16694721701527385,0.008619501755899511,0.8133578648608563,0.41568144913778277,0.0008092323125593603,0.04975635120452538,3.212471724160639,2.4226038152833373,2.236442157854497,0.18616165742884072,1.62671594384357,0.9760295663061422,0.6506863775374279,0.0742527361141547,0.051225764690765986,0.06500220955210853,1.2115532923990995,0.1576345275722553,0.008722486854391939
2235,0.7998776451169779,0.41341166896515213,0.009168569955732994,0.048931711727080565,3.1062421627119177,2.3393181562906102,2.146388867056075,0.1929292892345352,1.5997554927597382,0.959853295655843,0.6399021971038952,0.076526050849635,0.053151611146751446,0.06703311163380701,1.1980151877430247,0.1669472165814506,0.008619501742006427,0.8133578618514523,0.41568144968659,0.0008092332386919338,0.04975635094027051,3.2124716787094134,2.4226037864808645,2.2364421252505826,0.18616166123028205,1.626715922431384,0.9760295534588306,0.6506863689725535,0.07425273716024773,0.05122576557696732,0.06500221053941199,1.2115532860657874,0.15763452718590837,0.008722486841180032
2236,0.799877642230943,0.41341166950703373,0.009168570774341883,0.04893171147665716,3.106242119729428,2.3393181290769838,2.146388836225132,0.1929292928518517,1.5997554725071597,0.9598532835042959,0.6399021890028638,0.0765260518960866,0.053151612033256565,0.06703311261938853,1.1980151815926394,0.16694721617567915,0.008619501728940522,0.8133578590316553,0.4156814501953765,0.0008092340901161982,0.04975635068759687,3.212471636294311,2.4226037595402055,2.236442094759189,0.18616166478101628,1.6267159025585363,0.9760295415351219,0.6506863610234144,0.07425273814042882,0.051225766407331126,0.06500221146386422,1.2115532801309234,0.1576345268245034,0.00872248682875082
2237,0.7998776395266114,0.41341167001034135,0.009168571525732777,0.04893171123733901,3.1062420796024295,2.3393181036133233,2.14638880738085,0.19292929623247332,1.5997554537026324,0.9598532722215795,0.6399021814810529,0.07652605287720626,0.05315161286441548,0.06703311354280621,1.1980151758257065,0.16694721579615845,0.008619501716657712,0.8133578563895099,0.41568145066760026,0.0008092348734672905,0.04975635044577484,3.2124715967016435,2.4226037343350955,2.236442066236235,0.1861616680988607,1.626715884109014,0.9760295304654085,0.6506863536436054,0.07425273905930355,0.051225767185759025,0.06500221232989457,1.2115532745666722,0.15763452648645226,0.008722486817063488
2238,0.7998776369923859,0.4134116704783348,0.009168572215835308,0.04893171100841821,3.106242042130002,2.3393180797805857,2.1463887803873876,0.19292929939319808,1.5997554362376913,0.9598532617426148,0.6399021744950766,0.07652605379755574,0.053151613644092724,0.06703311440843425,1.1980151704154578,0.1669472154411857,0.00861950170511509,0.8133578539137215,0.41568145110638427,0.0008092355947275157,0.04975635021411516,3.2124715597328906,2.4226037107476195,2.2364420395472817,0.1861616712003379,1.6267158669760144,0.9760295201856088,0.6506863467904056,0.07425273992115328,0.051225767915878004,0.06500221314161578,1.2115532693471576,0.15763452617025114,0.008722486806078164
2239,0.7998776346173213,0.413411670913961,0.00916857284999674,0.048931710789226715,3.1062420071254504,2.339318057467615,2.1463887551180107,0.19292930234960448,1.5997554200123993,0.9598532520074395,0.6399021680049598,0.07652605466137596,0.05315161437588102,0.06703311522033496,1.1980151653370061,0.1669472151091524,0.008619501694271007,0.8133578515936236,0.4156814515145497,0.0008092362592916069,0.049756349991966944,3.212471525203544,2.4226036886676265,2.2364420145668493,0.18616167410077722,1.6267158510611575,0.9760295106366946,0.6506863404244628,0.07425274072995969,0.05122576860106118,0.06500221390284844,1.211553264448316,0.1576345258744777,0.008722486795756015
2240,0.799877632391095,0.4134116713198863,0.00916857343304324,0.04893171057913444,3.106241974415247,2.339318036570619,2.146388731454473,0.19292930511614587,1.5997554049346236,0.959853242960774,0.6399021619738496,0.07652605547261121,0.05315161506312177,0.06703311598228252,1.1980151605672074,0.16694721479854074,0.0086195016840852,0.8133578494191441,0.4156814518946458,0.0008092368720302862,0.049756349778715674,3.2124714929420524,2.422603667992199,2.2364419911777924,0.18616167681440646,1.6267158362737661,0.9760295017642598,0.6506863345095063,0.07425274148942701,0.051225769244446544,0.0650022146171429,1.2115532598477587,0.1576345255977875,0.008722486786059335
2241,0.7998776303039737,0.4134116716985239,0.009168573969332683,0.04893171037754736,3.106241943838051,2.3393180169926593,2.146388709286423,0.19292930770623645,1.5997553909193805,0.9598532345516281,0.6399021563677524,0.07652605623493026,0.053151615708923,0.06703311669778408,1.1980151560845318,0.16694721450791927,0.008619501674518783,0.8133578473807822,0.41568145224897873,0.0008092374373416117,0.04975634957378157,3.2124714627888813,2.422603648625185,2.23644196927075,0.18616167935443517,1.6267158225302183,0.9760294935181311,0.6506863290120872,0.07425274220300189,0.05122576984895398,0.06500221528779931,1.211553255524656,0.1576345253389113,0.008722486776951654
2242,0.7998776283467897,0.41341167205205953,0.00916857446280571,0.048931710183905915,3.106241915243846,2.3393179986432306,2.146388688510904,0.1929293101323269,1.5997553778882372,0.9598532267329422,0.639902151155295,0.07652605695174602,0.05315161631617596,0.06703311737009919,1.198015151868953,0.16694721423593967,0.008619501665534386,0.8133578454695788,0.4156814525796345,0.0008092379592016599,0.04975634937661802,3.212471434595642,2.4226036304767593,2.23644194874363,0.1861616817331292,1.626715809753353,0.9760294858520119,0.6506863239013411,0.07425274287389166,0.051225770417300566,0.06500221591788555,1.2115532514596228,0.1576345250966518,0.008722486768397769
2243,0.7998776265109123,0.4134116723824743,0.009168574917028334,0.0489317099976834,3.106241888493129,2.3393179814378415,2.1463886690318663,0.19292931240597505,1.5997553657687715,0.9598532194612628,0.6399021463075087,0.07652605762623323,0.05315161688757011,0.06703311800225728,1.1980151479018408,0.16694721398133294,0.008619501657096119,0.8133578436770941,0.4156814528885012,0.0008092384412108217,0.04975634918671011,3.2124714082243138,2.422603613463031,2.2364419295011535,0.1861616839618778,1.6267157978719335,0.9760294787231603,0.6506863191487733,0.07425274350508043,0.051225770952014346,0.06500221651025348,1.2115532476346234,0.1576345248698807,0.008722486760363812
2244,0.7998776247882275,0.41341167269156553,0.009168575335236302,0.04893170981838457,3.1062418634561855,2.3393179652976497,2.14638865075974,0.19292931453790998,1.5997553544940766,0.9598532126964457,0.6399021417976308,0.0765260582613447,0.05315161742560701,0.06703311859707392,1.1980151441658686,0.16694721374290677,0.008619501649169681,0.8133578419953857,0.41568145317728983,0.0008092388866334649,0.049756349003573265,3.212471383546523,2.4226035975056845,2.2364419114544276,0.18616168605125705,1.626715786820159,0.9760294720920955,0.6506863147280635,0.07425274409934463,0.0512257714554473,0.06500221706755413,1.211553244032878,0.15763452465753616,0.00872248675281731
2245,0.7998776231711109,0.41341167298096454,0.009168575720364468,0.048931709645544136,3.106241840012406,2.3393179501491086,2.146388633611018,0.19292931653809062,1.5997553440023144,0.9598532064013885,0.639902137600926,0.07652605885982636,0.053151617932612805,0.06703311915716527,1.1980151406449224,0.1669472135195412,0.008619501641722328,0.8133578404169871,0.4156814534475508,0.0008092392984328581,0.04975634882675195,3.2124713604428803,2.422603582531634,2.236441894520548,0.1861616880110859,1.6267157765372202,0.9760294659223322,0.650686310614888,0.07425274465926657,0.05122577192978711,0.06500221759225136,1.2115532406387797,0.15763452445862045,0.008722486745727214
2246,0.7998776216524098,0.41341167325215494,0.009168576075084811,0.04893170947872552,3.1062418180496687,2.3393179359236465,2.1463886175078857,0.19292931841576097,1.5997553342363053,0.959853200541783,0.6399021336945223,0.07652605942423114,0.05315161841075028,0.06703311968496231,1.198015137324022,0.16694721331018653,0.008619501634722925,0.8133578389348877,0.41568145370069237,0.000809239679306531,0.04975634865581842,3.2124713388023753,2.4226035684727183,2.2364418786222378,0.18616168985048032,1.626715766966896,0.9760294601801376,0.6506863067867583,0.07425274518724759,0.05122577237706807,0.06500221808663478,1.2115532374378155,0.1576345242721968,0.00872248673906393
2247,0.7998776202254182,0.413411673506486,0.009168576401832843,0.04893170931751946,3.1062417974637593,2.3393179225573646,2.1463886023778653,0.19292932017949915,1.5997553251431567,0.9598531950858938,0.6399021300572628,0.07652605995693193,0.0531516188620296,0.0670331201827231,1.1980151341892427,0.1669472131138598,0.008619501628141908,0.8133578375425103,0.41568145393799294,0.0008092400317114556,0.04975634849037143,3.2124713185218026,2.4226035552653937,2.2364418636874923,0.18616169157790124,1.6267157580571838,0.9760294548343103,0.6506863032228736,0.07425274568551991,0.05122577279918118,0.06500221855283149,1.2115532344164932,0.15763452409738726,0.008722486732799307
2248,0.799877618883859,0.41341167374518784,0.009168576702832415,0.04893170916154282,3.1062417781578353,2.339317909990746,2.1463885881534805,0.19292932183726544,1.5997553166739245,0.9598531900043545,0.6399021266695699,0.07652606046013366,0.053151619288318706,0.06703312065254492,1.1980151312276455,0.1669472129296418,0.008619501621951318,0.8133578362336955,0.41568145416061636,0.0008092403578931692,0.04975634833003516,3.2124712995052453,2.4226035428504655,2.236441849649265,0.18616169320120068,1.6267157497599676,0.9760294498559805,0.6506862999039871,0.07425274615615798,0.05122577319788385,0.06500221899281713,1.2115532315622763,0.15763452393337035,0.008722486726906667
2249,0.7998776176218622,0.41341167396938333,0.009168576980118505,0.048931709010437266,3.1062417600419305,2.3393178981683933,2.146388574771948,0.1929293233964452,1.5997553087833039,0.9598531852699822,0.6399021235133217,0.0765260609358845,0.053151619691352674,0.067033121096375,1.1980151284272125,0.16694721275667443,0.008619501616124766,0.8133578350026802,0.4156814543696231,0.0008092406599057578,0.04975634817445794,3.2124712816635848,2.4226035311728222,2.2364418364451586,0.18616169472766383,1.6267157420307101,0.976029445218426,0.6506862968122841,0.07425274660108871,0.05122577357480848,0.06500221940842604,1.2115532288635182,0.15763452377937812,0.008722486721360804
2250,0.7998776164339453,0.41341167418009844,0.009168577235557432,0.04893170886386812,3.1062417430324913,2.3393178870387725,2.146388562174884,0.19292932486388836,1.5997553014293457,0.9598531808576074,0.6399021205717383,0.07652606138608624,0.053151620072742614,0.06703312151602084,1.198015125776783,0.16694721259415743,0.008619501610637396,0.81335783384408,0.4156814545659809,0.0008092409396340955,0.04975634802331122,3.2124712649140488,2.422603520181191,2.2364418240171435,0.18616169616404765,1.6267157348281756,0.9760294408969052,0.6506862939312703,0.07425274702210144,0.05122577393147086,0.06500221980136095,1.2115532263094053,0.15763452363469443,0.008722486716137942
2251,0.7998776153149947,0.41341167437827353,0.009168577470865052,0.048931708721523144,3.1062417270519447,2.3393178765539733,2.146388550308025,0.19292932624594825,1.5997552945732,0.95985317674392,0.6399021178292801,0.07652606181250422,0.05315162043398411,0.06703312191315973,1.1980151232659983,0.16694721244134567,0.008619501605465886,0.8133578327528709,0.41568145475057483,0.0008092411988103315,0.0497563478762883,3.2124712491797864,2.4226035098279004,2.236441812311282,0.18616169751661854,1.6267157281141742,0.9760294368685044,0.6506862912456698,0.07425274742085683,0.051225774269277866,0.06500222017320165,1.2115532238899003,0.1576345234986518,0.008722486711215748
2252,0.7998776142602464,0.41341167456477085,0.009168577687621457,0.04893170858311134,3.1062417120282944,2.3393178666694823,2.146388539120967,0.19292932754851522,1.599755288178879,0.9598531729073273,0.6399021152715517,0.07652606221677657,0.053151620776464834,0.0670331222893477,1.1980151208852459,0.16694721229754667,0.008619501600588378,0.8133578317243705,0.4156814549242155,0.0008092414390301478,0.04975634773310334,3.212471234389472,2.4226035000686594,2.236441801277474,0.18616169879118563,1.626715721853331,0.9760294331119985,0.6506862887413325,0.07425274779889571,0.05122577458953482,0.06500222052541366,1.2115532215956908,0.15763452337062966,0.008722486706573265
2253,0.799877613265267,0.41341167474038354,0.009168577887284243,0.04893170844836183,3.106241697894743,2.3393178573439695,2.146388528566919,0.19292932877705038,1.5997552822130403,0.959853169327824,0.6399021128852163,0.07652606260042276,0.05315162110147202,0.06703312264602782,1.1980151186256087,0.1669472121621169,0.008619501595984453,0.8133578307542224,0.41568145508764753,0.000809241661767067,0.049756347593490194,3.212471220476936,2.4226034908623464,2.236441790869213,0.18616169999313364,1.6267157160128718,0.976029429607723,0.6506862864051488,0.07425274815764701,0.05122577489345222,0.06500222085935572,1.2115532194181406,0.15763452325005148,0.00872248670219091
2254,0.7998776123259363,0.41341167490584163,0.00916857807120211,0.04893170831702269,3.106241684589341,2.3393178485390824,2.1463885186024676,0.19292932993661494,1.5997552766447896,0.9598531659868736,0.6399021106579159,0.07652606296485165,0.05315162141019922,0.06703312298453801,1.1980151164788204,0.16694721203446033,0.008619501591635074,0.8133578298383767,0.4156814552415556,0.0008092418683835756,0.049756347457201325,3.212471207380815,2.4226034821708096,2.2364417810433577,0.18616170112745178,1.6267157105624293,0.9760294263374575,0.6506862842249718,0.07425274849843536,0.05122577518215225,0.06500222117628737,1.2115532173492438,0.15763452313638268,0.008722486698050418
2255,0.7998776114384297,0.41341167506181986,0.00916857824062238,0.04893170818885985,3.1062416720546504,2.339317840219252,2.146388509187352,0.19292933103190002,1.599755271445498,0.9598531628672986,0.6399021085781993,0.07652606331136932,0.053151621703752865,0.06703312330611844,1.198015114437216,0.16694721191402465,0.00861950158752254,0.813357828973074,0.41568145538657114,0.000809242060140325,0.04975634732400672,3.212471195044224,2.4226034739586697,2.236441771759907,0.18616170219876263,1.6267157054738617,0.976029423284317,0.6506862821895447,0.07425274882248832,0.05122577545667484,0.06500222147737572,1.2115532153815818,0.15763452302912828,0.008722486694134782
2256,0.7998776105991999,0.41341167520894156,0.009168578396704166,0.048931708063655946,3.1062416602374365,2.339317832351508,2.146388500284256,0.1929293320672518,1.5997552665886339,0.9598531599531802,0.6399021066354537,0.0765260636411862,0.053151621983158384,0.0670331236119184,1.198015112493693,0.16694721180029906,0.008619501583630418,0.8133578281548289,0.41568145552327773,0.0008092422382100367,0.04975634719369282,3.2124711834144546,2.422603466193148,2.2364417629818005,0.18616170321134753,1.62671570072109,0.976029420432654,0.650686280288436,0.0742527491309431,0.05122577571798338,0.06500222176370196,1.2115532135082803,0.15763452292783042,0.008722486690428233
2257,0.7998776098049604,0.413411675347785,0.009168578540522068,0.04893170794120924,3.106241649088371,2.339317824905302,2.1463884918586045,0.19292933304669785,1.5997552620496103,0.9598531572297662,0.6399021048198441,0.07652606395542391,0.053151622249365954,0.06703312390300287,1.1980151106416694,0.16694721169281176,0.008619501579943473,0.8133578273804134,0.4156814556522158,0.0008092424036802714,0.049756347066061433,3.2124711724426778,2.4226034588438816,2.2364417546747095,0.18616170416917222,1.626715696279947,0.9760294177679681,0.6506862785119788,0.07425274942485316,0.05122577596697032,0.06500222203626767,1.2115532117229737,0.1576345228320666,0.008722486686916152
2258,0.7998776090526688,0.4134116754788871,0.00916857867307673,0.04893170782133249,3.106241638561753,2.339317817852339,2.1463884838783684,0.19292933397397044,1.599755257805641,0.9598531546833847,0.6399021031222564,0.07652606425512189,0.05315162250325613,0.06703312418035874,1.1980151088750457,0.16694721159112746,0.00861950157644764,0.8133578266468398,0.41568145577388754,0.0008092425575626852,0.04975634694092859,3.212471162083667,2.422603451882756,2.236441746806846,0.18616170507591054,1.626715692128035,0.9760294152768211,0.6506862768512139,0.07425274970519423,0.05122577620446221,0.06500222229600053,1.2115532100197646,0.1576345227414469,0.008722486683585037
2259,0.7998776083395107,0.4134116756027476,0.009168578795296978,0.04893170770385184,3.1062416286152494,2.3393178111664117,2.146388476313883,0.19292933485252878,1.5997552538356106,0.9598531523013664,0.6399021015342442,0.07652606454124336,0.05315162274564492,0.06703312444490053,1.1980151071881697,0.1669472114948448,0.008619501573129908,0.8133578259513452,0.4156814558887593,0.0008092427008009606,0.04975634681812352,3.212471152295547,2.422603445283752,2.2364417393487876,0.18616170593496445,1.6267156882445994,0.9760294129467597,0.6506862752978397,0.07425274997287006,0.051225776431224716,0.06500222254375979,1.2115532083931901,0.1576345226556119,0.008722486680422416
2260,0.7998776076628829,0.41341167571983206,0.009168578908049133,0.048931707588605634,3.106241619209646,2.3393178048232537,2.146388469137675,0.19292933568557902,1.5997552501199517,0.959853150071971,0.6399021000479806,0.07652606481468133,0.05315162297728884,0.06703312469747603,1.1980151055758017,0.16694721140359361,0.008619501569978299,0.8133578252913765,0.4156814559972662,0.0008092428342715494,0.04975634669748746,3.2124711430395423,2.422603439022784,2.2364417322732972,0.18616170674948665,1.6267156846104085,0.9760294107662452,0.6506862738441633,0.07425275022871809,0.051225776647967264,0.0650022227803416,1.2115532068381891,0.1576345225742309,0.008722486677416798
2261,0.7998776070203782,0.4134116758305751,0.009168579012137537,0.048931707475443356,3.1062416103086163,2.3393177988003906,2.146388462324296,0.19292933647609464,1.5997552466405334,0.9598531479843201,0.6399020986562133,0.076526065076264,0.053151623198889525,0.06703312493887144,1.198015104033081,0.16694721131703338,0.008619501566981755,0.8133578246645745,0.4156814560998141,0.0008092429587921168,0.04975634657887251,3.2124711342797494,2.422603433077562,2.2364417255551636,0.18616170752239844,1.6267156812076429,0.9760294087245859,0.650686272483057,0.07425275047351457,0.05122577685534745,0.06500222300648392,1.211553205350071,0.15763452249699944,0.008722486674557604
2262,0.7998776064097707,0.41341167593538214,0.009168579108311849,0.04893170736422428,3.1062416018785015,2.339317793077001,2.146388455850168,0.1929293372268331,1.599755243380556,0.9598531460283336,0.6399020973522224,0.07652606532675996,0.053151623411098026,0.06703312516981608,1.1980151025554975,0.1669472112348498,0.00861950156413009,0.8133578240687592,0.41568145619678204,0.0008092430751230548,0.04975634646214043,3.2124711259829204,2.4226034274274517,2.236441719171044,0.18616170825640768,1.6267156780197933,0.9760294068118761,0.6506862712079172,0.07425275070797954,0.05122577705397526,0.06500222322287111,1.2115532039244836,0.1576345224236371,0.0087224866718351
2263,0.7998776058290011,0.41341167603463247,0.009168579197267837,0.04893170725481641,3.106241593888109,2.33931778763379,2.1463884496934362,0.19292933794035363,1.5997552403244544,0.9598531441946727,0.6399020961297817,0.07652606556688335,0.053151623614519396,0.06703312539098752,1.1980151011388611,0.16694721115675346,0.008619501561413914,0.8133578235019148,0.4156814562885241,0.0008092431839736083,0.04975634634716136,3.212471118118254,2.422603422053341,2.236441713099315,0.18616170895402587,1.6267156750315657,0.9760294050189394,0.6506862700126262,0.07425275093278155,0.05122577724441707,0.06500222343013827,1.2115532025573854,0.15763452235388578,0.008722486669240305
2264,0.799877605276161,0.413411676128679,0.009168579279651985,0.04893170714709494,3.106241586308512,2.3393177824528584,2.1463884438338265,0.19292933861903183,1.5997552374578092,0.9598531424746857,0.6399020949831236,0.0765260657972984,0.05315162380971629,0.06703312560301548,1.1980150997792738,0.16694721108247698,0.008619501558824542,0.8133578229621765,0.4156814563753704,0.000809243286001321,0.049756346233812435,3.212471110657213,2.4226034169375197,2.2364417073199374,0.1861617096175824,1.6267156722287923,0.9760294033372755,0.6506862688915168,0.07425275114854228,0.05122577742719951,0.06500222362887573,1.21155320124502,0.15763452228750735,0.008722486666764949
2265,0.7998776047494797,0.41341167621785013,0.009168579356062974,0.04893170704094081,3.1062415791128766,2.3393177775175933,2.14638843825252,0.19292933926507325,1.5997552347672608,0.9598531408603566,0.6399020939069042,0.07652606601862391,0.053151623997212974,0.06703312580648621,1.1980150984731037,0.16694721101177282,0.008619501556353912,0.8133578224478145,0.41568145645762794,0.0008092433818174261,0.04975634612197613,3.212471103573328,2.422603412063558,2.236441701814319,0.18616171024923905,1.6267156695983485,0.9760294017590092,0.6506862678393392,0.0742527513558408,0.05122577760281317,0.06500222381963283,1.2115531999838873,0.15763452222428168,0.008722486664401353
2266,0.7998776042473098,0.4134116763024502,0.0091685794270552,0.048931706936238994,3.1062415722762786,2.3393177728125476,2.14638843293202,0.19292933988052746,1.5997552322404307,0.9598531393442585,0.6399020928961722,0.07652606623143816,0.05315162417749931,0.06703312600194679,1.198015097216958,0.166947210944411,0.008619501553994541,0.813357821957222,0.41568145653558125,0.000809243471989296,0.0497563460115386,3.2124710968420374,2.4226034074161946,2.2364416965651914,0.1861617108510033,1.6267156671280765,0.9760294002768461,0.6506862668512303,0.07425275155521793,0.05122577777171622,0.065002224002922,1.2115531987707187,0.1576345221640045,0.008722486662142386
2267,0.799877603768112,0.41341167638275833,0.009168579493138804,0.0489317068328764,3.106241565775543,2.3393177683233324,2.1463884278560332,0.19292934046729915,1.5997552298658497,0.9598531379195099,0.6399020919463398,0.07652606643628303,0.05315162435103434,0.06703312618990896,1.1980150960076577,0.16694721088017705,0.008619501551739349,0.8133578214888978,0.41568145660949113,0.0008092435570399847,0.04975634590238737,3.21247109044051,2.422603402981221,2.2364416915564815,0.18616171142473945,1.6267156648067134,0.9760293988840283,0.6506862659226851,0.07425275174718077,0.05122577793433819,0.06500222417922263,1.2115531976024498,0.15763452210648532,0.008722486659981345
2268,0.7998776033104401,0.413411676459028,0.009168579554782369,0.04893170673073934,3.106241559589085,2.3393177640365117,2.146388423009353,0.1929293410271588,1.5997552276328872,0.9598531365797325,0.6399020910531548,0.07652606663366857,0.053151624518250194,0.06703312637085326,1.1980150948422081,0.16694721081886854,0.008619501549581646,0.8133578210414331,0.4156814566795938,0.0008092436374513082,0.049756345794408706,3.212471084347497,2.422603398745383,2.2364416867732038,0.186161711972179,1.6267156626238217,0.9760293975742933,0.6506862650495284,0.07425275193220676,0.0512257780910836,0.065002224348985,1.2115531964761943,0.15763452205154432,0.00872248665791185
2269,0.7998776028729224,0.4134116765314836,0.009168579612412749,0.04893170662971022,3.106241553696743,2.339317759939483,2.1463884183777306,0.19292934156175248,1.599755225531687,0.9598531353190123,0.6399020902126746,0.076526066824078,0.0531516246795562,0.06703312654523325,1.198015093717775,0.16694721076029287,0.008619501547514915,0.8133578206134916,0.4156814567460976,0.0008092437136648922,0.04975634568748409,3.2124710785431545,2.42260339469625,2.2364416822013187,0.1861617124949313,1.626715660569726,0.9760293963418358,0.6506862642278901,0.07425275211074878,0.05122577824233608,0.0650022245126345,1.2115531953892154,0.15763452199901057,0.008722486655927716
2270,0.7998776024542436,0.4134116766003172,0.009168579666415343,0.04893170652966343,3.1062415480796224,2.3393177560203706,2.1463884139477605,0.19292934207261014,1.5997552235531027,0.9598531341318618,0.6399020894212409,0.0765260670079731,0.05315162483534358,0.06703312671348025,1.1980150926316477,0.1669472107042632,0.008619501545532725,0.8133578202037897,0.41568145680917873,0.0008092437860805352,0.04975634558148574,3.212471073008887,2.4226033908221067,2.2364416778276155,0.18616171299449108,1.6267156586354519,0.9760293951812714,0.6506862634541805,0.07425275228324046,0.05122577838846301,0.0650022246705762,1.2115531943388924,0.1576345219487175,0.008722486654022777
2271,0.7998776020531171,0.4134116766656806,0.009168579717131906,0.04893170643045962,3.106241542719915,2.339317752267883,2.1463884097067303,0.19292934256115266,1.599755221688641,0.9598531330131848,0.6399020886754563,0.0765260671858001,0.053151624985990326,0.06703312687600813,1.1980150915812087,0.16694721065059429,0.008619501543628455,0.8133578198110708,0.4156814568689741,0.0008092438550558051,0.04975634547627053,3.212471067727166,2.422603387111813,2.236441673639567,0.1861617134722461,1.6267156568126646,0.976029394087599,0.6506862627250656,0.07425275245010203,0.05122577852982037,0.06500222482319973,1.2115531933226853,0.1576345219004996,0.008722486652190671
2272,0.7998776016682533,0.41341167672767554,0.009168579764857465,0.04893170633193789,3.1062415376007015,2.339317748671159,2.146388405642461,0.19292934302869824,1.5997552199304004,0.9598531319582404,0.63990208797216,0.07652606735799691,0.053151625131867455,0.06703312703321948,1.1980150905638878,0.16694721059909634,0.008619501541795012,0.813357819434071,0.41568145692557007,0.0008092439209055197,0.04975634537167154,3.2124710626813284,2.4226033835546437,2.2364416696251608,0.1861617139294827,1.626715655093612,0.9760293930561674,0.6506862620374445,0.07425275261174766,0.05122577866675903,0.06500222497088531,1.2115531923380911,0.157634521854186,0.008722486650424537
2273,0.799877601298318,0.41341167678633767,0.009168579809835604,0.04893170623390512,3.106241532705729,2.3393177452195872,2.1463884017431223,0.19292934347646506,1.5997552182710109,0.9598531309626067,0.6399020873084041,0.07652606752500184,0.053151625273346256,0.06703312718551221,1.1980150895771122,0.16694721054956685,0.00861950154002446,0.8133578190714743,0.4156814569789859,0.0008092439838922813,0.04975634526748658,3.212471057855333,2.422603380140084,2.2364416657726935,0.18616171436739026,1.6267156534710652,0.9760293920826394,0.6506862613884258,0.07425275276859439,0.05122577879963226,0.06500222511401071,1.2115531913825892,0.15763452180959278,0.008722486648716579
2274,0.7998776009418668,0.41341167684161106,0.009168579852249364,0.04893170613612005,3.106241528019106,2.339317741902535,2.1463883979969616,0.19292934390557326,1.5997552167035733,0.9598531300221442,0.6399020866814291,0.07652606768726394,0.05315162541080715,0.06703312733328773,1.1980150886182477,0.1669472105017786,0.008619501538307348,0.8133578187218455,0.41568145702914633,0.0008092440442226886,0.04975634516346094,3.2124710532334553,2.422603376857564,2.236441662070503,0.18616171478706078,1.6267156519382533,0.9760293911629523,0.650686260775301,0.07425275292107239,0.05122577892880455,0.06500222525295918,1.2115531904535797,0.15763452176651127,0.008722486647057423
2275,0.7998776005972574,0.413411676893311,0.00916857989220643,0.04893170603827136,3.1062415235249183,2.3393177387090063,2.1463883943919644,0.1929293443170421,1.5997552152215893,0.9598531291329538,0.6399020860886354,0.07652606784525849,0.05315162554465279,0.06703312747696272,1.1980150876845055,0.16694721045546337,0.008619501536631881,0.8133578183835379,0.41568145707584425,0.0008092441020330354,0.0497563450592638,3.2124710487998676,2.422603373696079,2.236441658506589,0.18616171518949,1.6267156504887972,0.9760293902932786,0.6506862601955186,0.07425275306964123,0.051225779054665146,0.06500222538813182,1.2115531895482854,0.15763452172469178,0.008722486645435193
2276,0.7998776002625151,0.4134116769410652,0.009168579929717341,0.04893170593994432,3.1062415192066806,2.3393177356271337,2.146388390915351,0.19292934471178264,1.5997552138188817,0.9598531282913294,0.6399020855275523,0.07652606799950556,0.05315162567532373,0.06703312761698274,1.1980150867728332,0.16694721041028515,0.008619501534982518,0.8133578180545501,0.41568145711867727,0.0008092441573680359,0.04975634495445221,3.2124710445380638,2.422603370643656,2.2364416550680883,0.18616171557556763,1.6267156491166253,0.9760293894699754,0.6506862596466498,0.07425275321480862,0.05122577917764422,0.06500222551996127,1.211553188663637,0.15763452168381784,0.008722486643834106
2277,0.7998775999351299,0.413411676984225,0.009168579964658946,0.04893170584057205,3.1062415150465417,2.3393177326434262,2.146388387552843,0.19292934509058324,1.5997552124894967,0.9598531274936984,0.6399020849957983,0.07652606815059779,0.05315162580332203,0.06703312775384249,1.1980150858797534,0.16694721036580218,0.00861950153333797,0.8133578177323129,0.4156814571569548,0.0008092442101499397,0.049756344848418524,3.2124710404300063,2.4226033676865475,2.2364416517404826,0.1861617159460648,1.6267156478158726,0.9760293886895238,0.6506862591263488,0.07425275335715903,0.05122577929823685,0.06500222564893256,1.2115531877961025,0.15763452164346858,0.008722486642232288
2278,0.7998775996117486,0.4134116770217246,0.00916857999672531,0.04893170573936147,3.106241511024128,2.3393177297416625,2.146388384287584,0.1929293454540787,1.5997552112275732,0.9598531267365443,0.6399020844910289,0.07652606829923685,0.05315162592924212,0.06703312788811147,1.1980150850011484,0.16694721032140716,0.00861950153166802,0.8133578174133659,0.41568145718955324,0.0008092442601294741,0.04975634474031063,3.212471036454887,2.4226033648080447,2.236441648506438,0.18616171630160683,1.626715646580748,0.976029387948449,0.650686258632299,0.07425275349739133,0.051225779417035135,0.06500222577560955,1.2115531869414586,0.15763452160306016,0.008722486640598524
2279,0.7998775992876956,0.41341167705186227,0.009168580025351106,0.04893170563517939,3.106241507114779,2.33931772690118,2.146388381098479,0.19292934580270088,1.5997552100271657,0.9598531260162999,0.6399020840108658,0.07652606844628371,0.05315162605381338,0.06703312802046794,1.1980150841319661,0.1669472102762345,0.008619501529928622,0.8133578170928495,0.41568145721468425,0.0008092443068201394,0.04975634462890946,3.2124710325872305,2.4226033619866465,2.2364416453440223,0.1861617166426242,1.6267156454053466,0.9760293872432082,0.6506862581621384,0.07425275363637024,0.05122577953477159,0.06500222590066948,1.2115531860944786,0.1576345215617551,0.008722486638887045
2280,0.7998775989562049,0.4134116770719406,0.009168580049606842,0.0489317055263713,3.1062415032868396,2.339317724094225,2.146388377957646,0.19292934613657864,1.5997552088819886,0.9598531253291936,0.639902083552795,0.07652606859282243,0.05315162617795419,0.0670331281517384,1.1980150832658458,0.1669472102290112,0.00861950152805395,0.8133578167636986,0.4156814572295218,0.0008092443494071636,0.049756344512434186,3.2124710287939897,2.422603359193219,2.2364416422239604,0.18616171696925826,1.6267156442833821,0.9760293865700295,0.6506862577133526,0.07425275377519192,0.05122577965237486,0.0650022260249436,1.2115531852485377,0.15763452151831592,0.00872248663702926
2281,0.7998775986071528,0.4134116770776606,0.009168580068073869,0.04893170541045935,3.106241499497353,2.3393177212816836,2.1463883748263344,0.19292934645534898,1.5997552077850308,0.9598531246710189,0.6399020831140119,0.07652606874023245,0.053151626302833085,0.06703312828293236,1.198015082394692,0.16694721017780917,0.008619501525943204,0.8133578164153098,0.4156814572295729,0.0008092443866421564,0.049756344388218424,3.2124710250299207,2.4226033563864298,2.23644163910525,0.18616171728117964,1.6267156432077838,0.9760293859246706,0.6506862572831132,0.07425275391525822,0.051225779771032515,0.06500222614945265,1.211553184395163,0.15763452147086346,0.008722486634919906
2282,0.799877598224836,0.41341167706202775,0.00916857058037289,0.04893170528360317,3.1062414956849422,2.3393177184059204,2.1463883716481664,0.19292934675775386,1.5997552067279586,0.9598531240367756,0.639902082691183,0.07652606889023571,0.05315162642990885,0.06703312841523053,1.1980150815084007,0.16694721011960706,0.008619501523437092,0.8133578160312228,0.4156814572075487,0.0008092350761438188,0.04975634425213395,3.2124710212299514,2.422603353505111,2.2364416359279105,0.18616171757720065,1.6267156421700673,0.9760293853020408,0.6506862568680265,0.07425275405832454,0.05122577989223165,0.06500222627539394,1.2115531835237459,0.15763452141645118,0.008722486632392737
2283,0.7998775992679358,0.4134116775624277,0.009168583799986571,0.04893170557547402,3.1062414917573253,2.339317720914667,2.146388373887522,0.19292934702714526,1.599755196449672,0.9598531178698035,0.6399020785798684,0.0765260685853684,0.05315162617163946,0.06703312830726761,1.1980150832909517,0.1669472102370198,0.008619501534334181,0.8133578170694618,0.4156814577118718,0.0008092480685524261,0.04975634455915191,3.212471017295843,2.422603355919724,2.236441638058375,0.18616171786134883,1.6267156320624454,0.9760293792374677,0.6506862528249777,0.0742527537526638,0.051225779633290086,0.06500222616997928,1.211553185363935,0.15763452153006444,0.008722486643286743
2284,0.7998775986097459,0.41341167742800783,0.009168580106659031,0.04893170535887256,3.1062414894223442,2.3393177175541164,2.146388370300821,0.19292934725329547,1.5997551985358716,0.9598531191215234,0.6399020794143482,0.07652606885038489,0.05315162639614909,0.06703312848540156,1.1980150817299529,0.1669472101578447,0.008619501529066296,0.8133578164192167,0.4156814575718173,0.0008092444383931835,0.04975634433096886,3.212471015047816,2.4226033526371267,2.2364416345644615,0.18616171807266532,1.6267156341389237,0.9760293804833547,0.650686253655569,0.07425275400702658,0.051225779848774404,0.06500222633782264,1.2115531838200821,0.15763452145627543,0.00872248663806964
2285,0.7998775985653742,0.4134116775503071,0.009168581438680878,0.04893170532313579,3.1062414865426446,2.3393177157938023,2.1463883682109492,0.1929293475828532,1.5997551972194917,0.9598531183316955,0.6399020788877962,0.07652606889768657,0.053151626436220886,0.06703312854853168,1.1980150814465607,0.16694721015597713,0.008619501529876132,0.8133578163821743,0.41568145769187104,0.0008092457821358631,0.049756344291040436,3.212471012215129,2.42260335090833,2.2364416325120686,0.1861617183962614,1.6267156328384333,0.9760293797030605,0.6506862531353729,0.0742527540476963,0.05122577988322788,0.06500222639515575,1.2115531835677968,0.15763452145610676,0.008722486638941889
2286,0.7998775982819221,0.413411677568918,0.00916858089949036,0.04893170522374656,3.106241483927128,2.3393177135061065,2.1463883656486784,0.1929293478574282,1.5997551971307487,0.9598531182784498,0.6399020788522989,0.07652606903459394,0.05315162655220243,0.06703312866350983,1.1980150806374366,0.16694721012383695,0.008619501528285925,0.8133578161051809,0.4156814577075765,0.0008092452617666085,0.04975634418558035,3.212471009650571,2.422603348655717,2.2364416299919614,0.18616171866375555,1.6267156327643484,0.9760293796586095,0.6506862531057389,0.07425275417644994,0.05122577999230198,0.06500222650298154,1.2115531827832386,0.15763452142709794,0.00872248663740789
2287,0.7998775980965303,0.41341167762303493,0.009168581097685147,0.048931705144674584,3.106241481285426,2.339317711488055,2.146388363347119,0.19292934814093612,1.599755196563844,0.9598531179383069,0.639902078625537,0.07652606914042867,0.05315162664186069,0.06703312876041326,1.198015080010729,0.16694721010308125,0.008619501527617835,0.8133578159249693,0.41568145775851256,0.000809245474418338,0.04975634410060627,3.2124710070521227,2.4226033466664827,2.236441627725905,0.18616171894057737,1.6267156322103618,0.9760293793262176,0.6506862528841442,0.07425275427549677,0.05122578007620984,0.06500222659382518,1.211553182178312,0.15763452140866954,0.008722486636781792
2288,0.7998775978798985,0.41341167766283743,0.009168581011580523,0.048931705058751995,3.1062414787183825,2.339317709417179,2.1463883610025456,0.19292934841463338,1.5997551961930605,0.9598531177158368,0.6399020784772237,0.07652606925836877,0.05315162674177406,0.06703312886499642,1.1980150793130653,0.16694721007862176,0.008619501526629344,0.8133578157135,0.4156814577953292,0.0008092454062981758,0.04975634400870869,3.2124710045239113,2.4226033446220168,2.2364416254139474,0.18616171920806934,1.6267156318499385,0.9760293791099637,0.6506862527399748,0.07425275438643845,0.05122578017019448,0.06500222669225011,1.2115531815015834,0.1576345213867083,0.008722486635837436
2289,0.7998775976789798,0.4134116777051159,0.009168581027395137,0.04893170497451291,3.106241476194211,2.339317707421068,2.1463883587383323,0.19292934868273548,1.5997551957597969,0.9598531174558785,0.6399020783039183,0.07652606937289506,0.05315162683879541,0.06703312896751373,1.1980150786355137,0.16694721005564184,0.008619501525760118,0.8133578155168414,0.4156814578344601,0.0008092454375142333,0.049756343918386126,3.2124710020342113,2.4226033426482516,2.2364416231780107,0.1861617194702408,1.6267156314270002,0.9760293788562008,0.6506862525707994,0.0742527544944292,0.051225780261679205,0.06500222678898253,1.2115531808427784,0.15763452136601622,0.00872248663500391
2290,0.799877597478038,0.41341167774480037,0.00916858100888765,0.04893170488958523,3.1062414737227106,2.339317705452833,2.1463883565079342,0.19292934894489883,1.5997551953579596,0.9598531172147762,0.6399020781431835,0.07652606948839859,0.053151626936644616,0.06703312907062989,1.1980150779523073,0.16694721003254545,0.008619501524867736,0.8133578153198269,0.4156814578710294,0.0008092454355143747,0.04975634382732909,3.2124709995932554,2.422603340699835,2.2364416209730456,0.18616171972678974,1.6267156310336826,0.9760293786202101,0.6506862524134724,0.07425275460354021,0.05122578035411299,0.06500222688645879,1.211553180177291,0.15763452134514633,0.00872248663414483
2291,0.7998775972821356,0.4134116777835018,0.009168581001666162,0.04893170480472577,3.1062414713009643,2.3393177035284336,2.1463883543273186,0.19292934920111487,1.5997551949560758,0.9598531169736458,0.6399020779824299,0.07652606960313199,0.05315162703384142,0.06703312917314501,1.1980150772736995,0.16694721000984664,0.00861950152399785,0.8133578151273382,0.4156814579065791,0.0008092454441585711,0.04975634373627892,3.2124709971985976,2.4226033387924657,2.236441618814805,0.18616171997766104,1.6267156306396537,0.9760293783837928,0.650686252255861,0.07425275471210424,0.05122578044608339,0.06500222698352812,1.2115531795151981,0.15763452132456934,0.008722486633303841
2292,0.7998775970898342,0.41341167782090815,0.009168580991944897,0.048931704719818614,3.1062414689293623,2.3393177016424436,2.146388352190799,0.19292934945164442,1.5997551945642712,0.959853116738563,0.6399020778257082,0.07652606971724822,0.05315162713051537,0.06703312927509508,1.198015076598793,0.1669472099874354,0.008619501523138774,0.8133578149380697,0.4156814579408288,0.0008092454504124713,0.04975634364513659,3.2124709948509915,2.4226033369212736,2.236441616698185,0.18616172022308852,1.6267156302546761,0.9760293781528062,0.6506862521018699,0.07425275482021665,0.051225780537671184,0.06500222708018234,1.2115531788559237,0.15763452130419556,0.008722486632470484
2293,0.7998775969016063,0.41341167785723354,0.009168580984101157,0.04893170463496802,3.1062414666073512,2.339317699796131,2.1463883500995498,0.19292934969658126,1.5997551941796684,0.9598531165078014,0.639902077671867,0.076526069830437,0.05315162722640364,0.06703312937622846,1.1980150759294073,0.16694720996537604,0.008619501522295334,0.8133578147525048,0.41568145797398826,0.000809245458398937,0.049756343554010554,3.212470992550257,2.422603335087713,2.2364416146245727,0.1861617204631406,1.6267156298761394,0.9760293779256841,0.6506862519504553,0.07425275492755841,0.05122578062860613,0.06500222717615939,1.2115531782013944,0.15763452128408903,0.008722486631649595
2294,0.7998775967173403,0.4134116778925391,0.009168580977066833,0.048931704550206054,3.106241464334317,2.339317697988493,2.146388348052389,0.1929293499361039,1.5997551938032126,0.9598531162819279,0.6399020775212847,0.0765260699425741,0.053151627321400975,0.06703312947642583,1.1980150752662726,0.1669472099436769,0.008619501521467385,0.8133578145705765,0.41568145800612416,0.0008092454671460997,0.04975634346293925,3.2124709902960915,2.422603333291056,2.2364416125930853,0.18616172069797093,1.6267156295050096,0.9760293777030062,0.6506862518020033,0.07425275503398597,0.0512257807187666,0.06500222727132318,1.2115531775524793,0.1576345212642637,0.008722486630841384
2295,0.7998775965371043,0.413411677926935,0.009168580971386495,0.048931704465580095,3.106241462109641,2.3393176962192017,2.146388346048832,0.19292935017036933,1.5997551934346805,0.9598531160608087,0.6399020773738718,0.07652607005352342,0.05315162741539208,0.06703312957556745,1.1980150746101872,0.16694720992236445,0.008619501520656327,0.8133578143923855,0.4156814580373495,0.0008092454771864363,0.04975634337197517,3.2124709880881777,2.4226033315312003,2.2364416106034852,0.1861617209277149,1.6267156291411529,0.9760293774846922,0.6506862516564607,0.07425275513934952,0.05122578080802571,0.06500222736554143,1.2115531769100834,0.1576345212447491,0.008722486630047483
2296,0.7998775963608995,0.4134116779605143,0.009168580967034837,0.04893170438112493,3.1062414599326007,2.339317694487625,2.1463883440880753,0.19292935039954967,1.5997551930742087,0.9598531158445256,0.6399020772296831,0.07652607016319336,0.05315162750829934,0.06703312967357002,1.1980150739616888,0.16694720990145737,0.008619501519862986,0.8133578142179645,0.4156814580677606,0.0008092454885064715,0.04975634328115751,3.2124709859260556,2.422603329807718,2.2364416086551926,0.18616172115252547,1.626715628784771,0.9760293772708631,0.6506862515139079,0.07425275524354506,0.05122578089629532,0.06500222745871966,1.2115531762748346,0.15763452122556745,0.008722486629268979
2297,0.7998775961887781,0.4134116779933891,0.009168580964218395,0.04893170429687903,3.1062414578025686,2.3393176927933075,2.146388342169489,0.19292935062381844,1.5997551927217988,0.9598531156330796,0.6399020770887192,0.0765260702715044,0.053151627600055415,0.06703312977036302,1.1980150733212436,0.1669472098809821,0.008619501519088687,0.8133578140473956,0.4156814580974725,0.0008092455013202493,0.04975634319052909,3.2124709838093497,2.422603328120349,2.2364416067477917,0.1861617213725575,1.626715628435929,0.9760293770615578,0.6506862513743712,0.07425275534648221,0.05122578098349888,0.06500222755077753,1.2115531756472797,0.15763452120674817,0.008722486628507416
2298,0.7998775960207644,0.4134116780256644,0.009168580962943138,0.04893170421287388,3.1062414557188323,2.339317691135655,2.1463883402922983,0.1929293508433566,1.5997551923775561,0.959853115426534,0.6399020769510222,0.07652607037840593,0.053151627690617424,0.06703312986590039,1.1980150726891488,0.16694720986096154,0.008619501518334504,0.8133578138807305,0.415681458126593,0.0008092455156382891,0.04975634310012496,3.2124709817375705,2.4226033264686713,2.2364416048806954,0.18616172158797598,1.626715628094791,0.976029376856875,0.650686251237916,0.0742527554481012,0.05122578106958575,0.06500222764166075,1.2115531750277797,0.1576345211883168,0.00872248662776409
2299,0.7998775958569193,0.4134116780574585,0.00916858096333869,0.04893170412914367,3.106241453680774,2.339317689514202,2.1463883384558566,0.19292935105834538,1.5997551920415287,0.9598531152249176,0.6399020768166112,0.07652607048385637,0.053151627779950125,0.06703312996014538,1.198015072065648,0.16694720984142444,0.00861950151760187,0.813357813718056,0.4156814581552438,0.0008092455315921315,0.04975634300998283,3.212470979710308,2.4226033248523793,2.236441603053431,0.1861617217989483,1.6267156277614612,0.9760293766568772,0.650686251104584,0.07425275554835242,0.05122578115451392,0.06500222773132529,1.2115531744166346,0.15763452117030427,0.008722486627040641
2300,0.7998775956972993,0.4134116780888904,0.009168580965425735,0.048931704045720434,3.106241451687785,2.3393176879284523,2.1463883366594816,0.1929293512689705,1.5997551917138384,0.9598531150283034,0.639902076685535,0.07652607058783212,0.053151627868033555,0.06703313005307664,1.1980150714508802,0.16694720982239966,0.008619501516892189,0.8133578135594524,0.4156814581835463,0.00080924554920455,0.04975634292013778,3.2124709777271434,2.422603323271122,2.2364416012654758,0.18616172200564618,1.626715627436112,0.9760293764616677,0.6506862509744444,0.07425275564720527,0.05122578123825745,0.0650022278197435,1.2115531738140288,0.1576345211527412,0.008722486626338668
2301,0.7998775955419861,0.41341167812008617,0.009168580969279166,0.048931703962637754,3.1062414497393713,2.339317686378024,2.146388334902612,0.1929293514754123,1.5997551913945987,0.9598531148367596,0.639902076557839,0.07652607069031407,0.05315162795485148,0.06703313014467724,1.1980150708449573,0.1669472098039199,0.008619501516207082,0.8133578134050242,0.41568145821162955,0.0008092455685532046,0.04975634283062639,3.21247097578776,2.4226033217246554,2.236441599516417,0.18616172220823846,1.6267156271189047,0.9760293762713431,0.6506862508475616,0.07425275574463454,0.05122578132079499,0.06500222790689306,1.2115531732201157,0.1576345211356618,0.008722486625659973
2302,0.7998775953910877,0.41341167815118174,0.009168580974969726,0.04893170387993222,3.1062414478351843,2.33931768486265,2.1463883331848006,0.19292935167784953,1.5997551910839722,0.9598531146503838,0.6399020764335884,0.07652607079128836,0.05315162804039219,0.06703313023493518,1.198015070247961,0.16694720978602287,0.008619501515548427,0.8133578132549002,0.41568145823963204,0.0008092455897058953,0.04975634274148805,3.2124709738919752,2.422603320212838,2.2364415978059458,0.18616172240689222,1.6267156268100484,0.9760293760860294,0.6506862507240191,0.07425275584062108,0.05122578140211033,0.06500222799275712,1.21155317263501,0.1576345211191047,0.00872248662500661
2303,0.7998775952447325,0.41341167818231817,0.009168580982548843,0.04893170379764164,3.1062414459750327,2.33931768338218,2.146388331505727,0.19292935187645321,1.5997551907821757,0.9598531144693059,0.6399020763128698,0.07652607089074442,0.053151628124646744,0.06703313032384119,1.1980150696599523,0.16694720976875016,0.008619501514918262,0.8133578131092314,0.4156814582676981,0.0008092456127207215,0.04975634265276338,3.21247097203976,2.4226033187356473,2.2364415961338793,0.1861617226017682,1.6267156265098004,0.9760293759058806,0.6506862506039198,0.07425275593514973,0.0512257814821906,0.06500222807732231,1.211553172058804,0.15763452110311205,0.008722486624380806
2304,0.7998775951031006,0.4134116782136539,0.009168580992139228,0.04893170371581116,3.1062414441589916,2.3393176819367,2.1463883298653124,0.1929293520713874,1.599755190489465,0.9598531142936794,0.6399020761957855,0.07652607098866634,0.053151628207601644,0.06703313041138188,1.198015069081025,0.1669472097521529,0.008619501514319117,0.8133578129682176,0.4156814582959888,0.0008092456377138679,0.04975634256450036,3.21247097023135,2.422603317293292,2.2364415945002722,0.18616172279301973,1.6267156262184626,0.9760293757310778,0.6506862504873847,0.07425275602820028,0.0512257815610187,0.06500222816057136,1.211553171491619,0.1576345210877347,0.008722486623785244
2305,0.7998775949663592,0.41341167824533936,0.009168581003715384,0.0489317036344826,3.1062414423871965,2.339317680526284,2.1463883282634755,0.19292935226280875,1.599755190206201,0.959853114123721,0.6399020760824801,0.0765260710850463,0.05315162828925027,0.06703313049754991,1.1980150685112254,0.16694720973627977,0.008619501513753357,0.8133578128320439,0.4156814583246569,0.0008092456646557472,0.049756342476743244,3.2124709684670214,2.4226033158859535,2.2364415929051598,0.18616172298079386,1.6267156259364353,0.9760293755618614,0.6506862503745738,0.0742527561197617,0.05122578163858527,0.065002228242494,1.2115531709335217,0.15763452107302117,0.008722486623222442
2306,0.7998775948347533,0.41341167827754866,0.009168581017460584,0.04893170355370878,3.1062414406601535,2.3393176791513803,2.146388326700522,0.19292935245085807,1.5997551899327185,0.9598531139596315,0.639902075973087,0.07652607117985885,0.05315162836957103,0.06703313058232378,1.1980150679507025,0.16694720972119287,0.008619501513224045,0.8133578127009748,0.4156814583538794,0.0008092456937329878,0.04975634238954768,3.21247096674743,2.4226033145141983,2.2364415913489766,0.18616172316522162,1.626715625664088,0.9760293753984531,0.6506862502656349,0.07425275620980544,0.051225781714866137,0.065002228323066,1.2115531703846856,0.15763452105903217,0.008722486622695619
2307,0.7998775947085369,0.4134116783104559,0.00916858103341428,0.0489317034735438,3.1062414389785724,2.3393176778125335,2.146388325176868,0.1929293526356656,1.5997551896695068,0.9598531138017045,0.6399020758678023,0.07652607127307873,0.0531516284485426,0.06703313066568115,1.198015067399604,0.16694720970695673,0.008619501512734294,0.8133578125752832,0.41568145838383325,0.0008092457249795765,0.04975634230297048,3.2124709650734316,2.422603313178685,2.2364415898322614,0.18616172334642364,1.6267156254019495,0.9760293752411701,0.6506862501607794,0.07425275629830372,0.05122578178983776,0.06500222840226265,1.2115531698452782,0.15763452104583084,0.008722486622208035
2308,0.7998775945880108,0.41341167834424675,0.009168581051703054,0.048931703394047905,3.1062414373434404,2.3393176765105417,2.1463883236931958,0.19292935281734602,1.599755189417074,0.9598531136502448,0.6399020757668292,0.07652607136466923,0.053151628526133796,0.06703313074758985,1.198015066858146,0.16694720969364343,0.008619501512287618,0.8133578124552857,0.41568145841470555,0.0008092457585144042,0.04975634221707455,3.2124709634461577,2.4226033118803216,2.2364415883558175,0.18616172352450394,1.6267156251505663,0.9760293750903402,0.6506862500602262,0.07425275638521771,0.051225781863467254,0.06500222848004994,1.2115531693155333,0.157634521033487,0.008722486621763326
2309,0.7998775944735104,0.41341167837911336,0.009168581072440576,0.04893170331528664,3.1062414357560417,2.3393176752464253,2.1463883222504285,0.19292935299599656,1.5997551891760216,0.9598531135056133,0.6399020756704082,0.07652607145458344,0.05315162860230493,0.06703313082800869,1.1980150663266034,0.16694720968133137,0.008619501511887796,0.8133578123413355,0.4156814584466915,0.0008092457944487361,0.04975634213192821,3.212470961867029,2.4226033106202363,2.2364415869206855,0.18616172369955095,1.6267156249105714,0.9760293749463432,0.6506862499642282,0.07425275647049909,0.05122578193571367,0.06500222855638527,1.2115531687957437,0.1576345210220761,0.008722486621365415
2310,0.7998775943654195,0.4134116784152596,0.009168581095780587,0.04893170323733201,3.1062414342179987,2.339317674021482,2.146388320849786,0.19292935317169616,1.599755188947021,0.959853113368213,0.639902075578808,0.07652607154276127,0.053151628677005076,0.06703313090688472,1.198015065805329,0.16694720967010726,0.00861950151153901,0.813357812233832,0.4156814584799967,0.0008092458329293367,0.0497563420476063,3.2124709603378117,2.422603309399842,2.2364415855282087,0.18616172387163307,1.6267156246826706,0.9760293748096028,0.6506862498730678,0.07425275655408663,0.051225782006525146,0.06500222863121466,1.2115531682862792,0.15763452101168118,0.008722486621018592
2311,0.7998775942641724,0.4134116784529013,0.009168581121898299,0.04893170316026447,3.106241432731305,2.3393176728373053,2.146388319492801,0.19292935334450423,1.599755188730839,0.9598531132385038,0.6399020754923352,0.07652607162912656,0.053151628750169724,0.06703313098415088,1.1980150652947699,0.166947209660067,0.008619501511245867,0.8133578121332256,0.41568145851483873,0.0008092458741235861,0.04975634196419226,3.2124709588606475,2.422603308220847,2.2364415841800485,0.18616172404079867,1.626715624467664,0.9760293746805988,0.6506862497870651,0.07425275663590358,0.051225782075836654,0.06500222870447048,1.2115531677876037,0.15763452100239436,0.008722486620727578
2312,0.7998775941702205,0.4134116784922524,0.009168581150906782,0.04893170308416642,3.1062414312982076,2.33931767169566,2.1463883181812005,0.19292935351445922,1.5997551885283448,0.9598531131170072,0.6399020754113376,0.07652607171359418,0.05315162882172677,0.06703313105973141,1.1980150647954246,0.16694720965130902,0.008619501511013063,0.81335781203998,0.4156814585514328,0.000809245918131779,0.04975634188177124,3.2124709574379113,2.4226033070851165,2.23644158287804,0.18616172420707622,1.6267156242664509,0.9760293745598709,0.65068624970658,0.07425275671586501,0.05122578214357626,0.065002228776077,1.21155316730023,0.15763452099430852,0.008722486620497141
2313,0.7998775940841144,0.41341167853355515,0.009168581183124025,0.048931703009136275,3.106241429921504,2.3393176705988132,2.146388316917239,0.19292935368157427,1.599755188340441,0.959853113004265,0.639902075336176,0.07652607179604824,0.05315162889157802,0.06703313113352466,1.198015064307974,0.16694720964394874,0.00861950151084615,0.8133578119546624,0.41568145859002265,0.0008092459652704748,0.04975634180044504,3.2124709560725533,2.422603305995044,2.236441581624577,0.186161724370467,1.62671562407996,0.9760293744479764,0.6506862496319836,0.07425275679385536,0.05122578220964605,0.06500222884593279,1.2115531668248574,0.15763452098753372,0.008722486620332943
2314,0.799877594006433,0.4134116785770554,0.00916858121872928,0.04893170293527721,3.1062414286043687,2.339317669549272,2.1463883157034314,0.19292935384584048,1.5997551881682286,0.9598531129009376,0.639902075267291,0.07652607187636157,0.05315162895961572,0.06703313120541758,1.198015063833164,0.1669472096381077,0.008619501510750888,0.8133578118778658,0.41568145863085587,0.0008092460157057835,0.04975634172032021,3.212470954767898,2.4226033049532534,2.236441580422303,0.18616172453095048,1.6267156239093246,0.9760293743455951,0.6506862495637294,0.07425275686974842,0.05122578227393912,0.06500222891392565,1.2115531663622474,0.15763452098218472,0.008722486620240841
2315,0.7998775939378587,0.4134116786230285,0.009168581258090489,0.04893170286270895,3.106241427350567,2.3393176685500694,2.1463883145428473,0.19292935400722216,1.599755188012866,0.95985311280772,0.639902075205146,0.07652607195437586,0.053151629025705804,0.06703313127527075,1.1980150633719235,0.1669472096339255,0.008619501510733958,0.8133578118102867,0.4156814586742088,0.0008092460697933235,0.04975634164152044,3.2124709535278653,2.4226033039629042,2.236441579274426,0.18616172468847828,1.6267156237557319,0.9760293742534394,0.6506862495022925,0.07425275694338737,0.05122578233632261,0.06500222897991728,1.2115531659133487,0.1576345209783936,0.008722486620227574
2316,0.7998775938790998,0.41341167867175316,0.009168581301424353,0.04893170279155652,3.1062414261642326,2.3393176676044645,2.146388313438802,0.1929293541656626,1.5997551878757172,0.9598531127254307,0.6399020751502865,0.07652607202992133,0.053151629089704416,0.06703313134293312,1.1980150629252484,0.1669472096315474,0.008619501510802213,0.8133578117526471,0.4156814587203617,0.0008092461277368207,0.04975634156417466,3.212470952356745,2.4226033030273824,2.236441578184401,0.18616172484298135,1.6267156236205733,0.9760293741723444,0.650686249448229,0.07425275701460464,0.05122578239665457,0.06500222904375849,1.2115531654791734,0.15763452097629693,0.008722486620300077
2317,0.7998775938309807,0.4134116787235409,0.009168581349170882,0.04893170272196354,3.1062414250501575,2.3393176667163127,2.1463883123952376,0.19292935432107483,1.5997551877581997,0.9598531126549201,0.6399020751032796,0.07652607210279194,0.053151629151437,0.0670331314082229,1.1980150624943482,0.16694720963113843,0.008619501510963516,0.8133578117057844,0.41568145876962675,0.0008092461899607203,0.04975634148843101,3.2124709512594953,2.4226033021506765,2.2364415771563184,0.18616172499435832,1.6267156235052942,0.9760293741031769,0.6506862494021173,0.07425275708319702,0.05122578245476285,0.06500222910526984,1.21155316506095,0.15763452097605002,0.008722486620466265
2318,0.7998775937944052,0.4134116787787263,0.009168581401719528,0.04893170265408836,3.1062414240137617,2.33931766588993,2.146388311416585,0.19292935447334547,1.5997551876619611,0.959853112597177,0.6399020750647841,0.07652607217275645,0.05315162921070768,0.06703313147093519,1.1980150620805796,0.1669472096328795,0.008619501511226434,0.8133578116706182,0.4156814588223407,0.0008092462568426717,0.049756341414452954,3.2124709502417073,2.422603301337248,2.236441576194766,0.18616172514248241,1.6267156234115685,0.9760293740469416,0.6506862493646269,0.07425275714893663,0.051225782510454385,0.06500222916424939,1.2115531646600552,0.15763452097782296,0.008722486620734793
2319,0.7998775937703778,0.4134116788376725,0.009168581459530353,0.048931702588104344,3.106241423061144,2.339317665130189,2.146388310507858,0.1929293546223311,1.5997551875888099,0.9598531125532862,0.6399020750355237,0.07652607223955576,0.053151629267296954,0.06703313153084042,1.1980150616854623,0.16694720963696957,0.008619501511600406,0.813357811648166,0.41568145887886715,0.0008092463288186108,0.0497563413424194,3.2124709493096635,2.4226033005921153,2.236441575304921,0.1861617252871943,1.6267156233412365,0.9760293740047424,0.6506862493364941,0.07425275721156838,0.05122578256351309,0.06500222922047086,1.2115531642780308,0.15763452098180247,0.00872248662111514
2320,0.7998775937600775,0.4134116789008022,0.00916858152326349,0.04893170252421707,3.1062414221993846,2.339317664442792,2.146388309674931,0.19292935476786122,1.5997551875407556,0.9598531125244537,0.6399020750163019,0.07652607230288203,0.05315162932094403,0.06703313158766737,1.198015061310804,0.16694720964364199,0.008619501512096485,0.8133578116396245,0.4156814589396319,0.0008092464065379557,0.049756341272542776,3.2124709484706493,2.4226032999211573,2.23644157449285,0.18616172542830728,1.6267156232963318,0.9760293739777995,0.6506862493185323,0.07425275727078917,0.05122578261368217,0.06500222927366708,1.2115531639167088,0.15763452098820752,0.008722486621618439
2321,0.7998775937646645,0.4134116789685247,0.009168581593172055,0.04893170246263025,3.1062414214358838,2.339317663833531,2.1463883089237905,0.19292935490974053,1.5997551875201548,0.9598531125120933,0.6399020750080615,0.07652607236242678,0.053151629371387565,0.06703313164114033,1.1980150609584135,0.16694720965312626,0.008619501512725482,0.813357811646166,0.4156814590050447,0.0008092464902169361,0.049756341205033416,3.212470947732254,2.4226032993303144,2.2364415737647043,0.18616172556561006,1.626715623279249,0.9760293739675499,0.6506862493116992,0.07425275732629602,0.051225782660705,0.06500222932356711,1.2115531635779198,0.157634520997253,0.008722486622255539
2322,0.7998775937856791,0.4134116790413769,0.009168581670448345,0.048931702403609195,3.1062414207798072,2.3393176633099304,2.1463883082622095,0.19292935504772102,1.5997551875293292,0.9598531125175979,0.6399020750117314,0.0765260724177785,0.053151629418278966,0.06703313169089893,1.1980150606307058,0.16694720966571958,0.0086195015135017,0.8133578116693527,0.4156814590756463,0.0008092465810423249,0.049756341140165826,3.2124709471038897,2.422603298827325,2.23644157312849,0.1861617256988351,1.6267156232923319,0.9760293739753996,0.6506862493169323,0.07425275737768361,0.05122578270423818,0.06500222936981578,1.2115531632641137,0.15763452100921807,0.008722486623040832
2323,0.7998775938247699,0.4134116791199385,0.009168581755730723,0.04893170234744155,3.1062414202414335,2.3393176628801493,2.146388307698618,0.19292935518153126,1.5997551875713583,0.9598531125428152,0.639902075028543,0.07652607246850386,0.05315162946125112,0.06703313173655875,1.1980150603302238,0.16694720968174628,0.008619501514440488,0.8133578117108538,0.4156814591520197,0.0008092466796157452,0.04975634107823801,3.2124709465961083,2.422603298420574,2.2364415725928843,0.18616172582768956,1.6267156233387055,0.9760293740032238,0.6506862493354817,0.0742527574245249,0.05122578274391995,0.0650022294120341,1.2115531629778709,0.1576345210244069,0.008722486623989759
2324,0.7998775938838893,0.413411679204895,0.009168581850134777,0.0489317022944648,3.1062414198326533,2.339317662553785,2.1463883072429293,0.1929293553108559,1.5997551876495397,0.9598531125897242,0.6399020750598156,0.07652607251409668,0.053151629499875244,0.06703313177767353,1.1980150600599373,0.1669472097015865,0.008619501515560011,0.8133578117726498,0.4156814592348561,0.0008092467870343331,0.04975634101959994,3.212470946221118,2.4226032981199275,2.236441572168093,0.18616172595183422,1.6267156234217075,0.9760293740530249,0.6506862493686826,0.07425275746632101,0.051225782779327676,0.06500222944978198,1.2115531627222067,0.15763452104317655,0.00872248662512062
2325,0.7998775939652939,0.4134116792970447,0.009168581954834956,0.04893170224506848,3.1062414195672163,2.3393176623418896,2.1463883069065486,0.19292935543534112,1.599755187767779,0.9598531126606676,0.6399020751071113,0.07652607255398457,0.053151629533666395,0.0670331318137381,1.1980150598232053,0.1669472097256807,0.008619501516881326,0.8133578118570284,0.4156814593249605,0.0008092469044362477,0.049756340964656094,3.2124709459930356,2.4226032979367442,2.2364415718658557,0.18616172607088877,1.6267156235452995,0.97602937412718,0.6506862494181195,0.07425275750250707,0.0512257828099828,0.06500222948256065,1.211553162500535,0.1576345210659409,0.008722486626454626
2326,0.7998775940716422,0.41341167939733586,0.009168582071290884,0.048931702199709354,3.106241419461162,2.3393176622573977,2.146388306702809,0.19292935555458862,1.5997551879305878,0.959853112758353,0.6399020751722347,0.0765260725875098,0.05315162956206742,0.06703313184417284,1.1980150596238872,0.16694720975454785,0.00861950151842931,0.8133578119666897,0.41568145942329027,0.000809247033251706,0.0497563409138814,3.212470945928349,2.4226032978843373,2.2364415716999146,0.18616172618442275,1.6267156237140568,0.9760293742284344,0.6506862494856224,0.0742527575324333,0.0512257828353349,0.06500222950979724,1.2115531623167823,0.1576345210931884,0.008722486628016874
2327,0.7998775942060837,0.413411679506904,0.009168582201232414,0.04893170215892571,3.1062414195333377,2.339317662315519,2.146388306647367,0.19292935566815228,1.599755188143284,0.9598531128859709,0.6399020752573132,0.07652607261391742,0.05315162958443872,0.06703313186831292,1.1980150594664125,0.16694720978880354,0.00861950152023353,0.813357812104834,0.41568145953099345,0.0008092471751748043,0.04975634086783627,3.212470946046439,2.422603297978365,2.2364415716864112,0.18616172629195393,1.6267156239333793,0.9760293743600279,0.6506862495733514,0.07425275755535302,0.05122578285475142,0.06500222953083397,1.2115531621754618,0.15763452112549894,0.008722486629837232
2328,0.7998775943723905,0.41341167962712616,0.00916858234676763,0.048931702123357755,3.1062414198060555,2.339317662534291,2.146388306758755,0.19292935577553627,1.5997551884121675,0.9598531130473008,0.6399020753648667,0.0765260726323359,0.053151629600041994,0.06703313188539181,1.1980150593558958,0.16694720982918626,0.008619501522329553,0.8133578122752989,0.4156814596494635,0.0008092473322777322,0.049756340827188134,3.212470946370283,2.4226032982374246,2.236441571844482,0.18616172639294232,1.626715624209668,0.9760293745258012,0.6506862496838669,0.07425275757040277,0.05122578286750088,0.06500222954491103,1.211553162081791,0.15763452116356866,0.008722486631951664
2329,0.7998775945751126,0.41341167975968524,0.009168582510457948,0.04893170209377222,3.1062414203059445,2.3393176629352657,2.146388307059076,0.19292935587618962,1.599755188744781,0.9598531132468688,0.6399020754979121,0.07652607264175385,0.053151629608020445,0.06703313189452093,1.198015059298272,0.16694720987658895,0.008619501524760487,0.8133578124827197,0.4156814597804055,0.0008092475070799118,0.0497563407927374,3.2124709469273354,2.4226032986837605,2.236441572196976,0.1861617264867841,1.6267156245505978,0.976029374730359,0.6506862498202388,0.07425275757657926,0.05122578287273333,0.0650022295511466,1.2115531620418343,0.157634521208241,0.008722486634403823
2330,0.7998775948197917,0.4134116799066599,0.009168582695454612,0.048931702071094374,3.106241421065032,2.339317663544401,2.1463883075748966,0.19292935596950467,1.5997551891502253,0.9598531134901354,0.6399020756600899,0.07652607264099368,0.053151629607376474,0.06703313189466686,1.1980150593004497,0.16694720993210102,0.008619501527579083,0.8133578127327481,0.4156814599259272,0.0008092477026910988,0.04975634076545113,3.2124709477506586,2.422603299344202,2.236441572771395,0.18616172657280697,1.626715624965439,0.9760293749792638,0.6506862499861753,0.07425275757271237,0.05122578286945746,0.0650022295485134,1.2115531620626634,0.15763452126054622,0.008722486637247177
2331,0.799877595113253,0.41341168007064616,0.009168582905702938,0.04893170205645267,3.106241422122241,2.3393176643933042,2.1463883083384907,0.19292935605481365,1.5997551896395834,0.9598531137837502,0.6399020758558333,0.07652607262867193,0.05315162959693806,0.06703313188461761,1.1980150593705488,0.16694720999706827,0.00861950153085062,0.8133578130323533,0.4156814600886636,0.0008092479230099384,0.049756340746510225,3.212470948880495,2.4226033002514598,2.236441573601197,0.18616172665026298,1.6267156254654962,0.9760293752792981,0.6506862501861981,0.07425275755742464,0.051225782856506405,0.06500222953580426,1.2115531621526021,0.15763452132175834,0.008722486640548003
2332,0.7998775954639558,0.4134116802549118,0.00916858314609198,0.04893170205123061,3.106241423525169,2.3393176655206624,2.1463883093892653,0.19292935613139728,1.599755190226506,0.9598531141359037,0.6399020760906022,0.07652607260316414,0.05315162957532904,0.06703313186295183,1.1980150595180996,0.1669472100731633,0.00861950153465647,0.8133578133901855,0.4156814602719345,0.0008092481728833173,0.04975634073736407,3.212470950366129,2.422603301445637,2.2364415747273045,0.18616172671833256,1.6267156260647067,0.9760293756388244,0.6506862504258822,0.07425275752909641,0.05122578283250806,0.0650022295116015,1.2115531623214402,0.15763452139346334,0.008722486644389014
2333,0.7998775958824952,0.4134116804636074,0.009168583422826282,0.04893170205714088,3.1062414253326085,2.339317666974345,2.1463883107758615,0.1929293561984834,1.5997551909279113,0.9598531145567469,0.6399020763711644,0.07652607256254301,0.053151629540916706,0.06703313182798634,1.1980150597544132,0.16694721016248698,0.008619501539099052,0.8133578138170894,0.4156814604799593,0.0008092484584629814,0.04975634073980871,3.2124709522685233,2.4226033029764173,2.2364415762003,0.1861617267761175,1.6267156267803713,0.9760293760682232,0.6506862507121481,0.07425275748580228,0.05122578279583129,0.06500222947422295,1.2115531625808142,0.1576345214776553,0.00872248664887442
2334,0.7998775963822522,0.41341168070205275,0.009168583743788566,0.048931702076320416,3.1062414276177552,2.339317668814029,2.1463883125587606,0.19292935625526844,1.5997551917649906,0.9598531150589945,0.6399020767059961,0.07652607250451487,0.05315162949175797,0.06703313177772174,1.1980150600929478,0.16694721026770057,0.008619501544308397,0.8133578143267797,0.41568146071815115,0.0008092487875926285,0.049756340756087314,3.2124709546636914,2.422603304905838,2.2364415780831837,0.1861617268226542,1.6267156276341788,0.9760293765805076,0.6506862510536712,0.07425275742524708,0.051225782744531725,0.0650022294216671,1.2115531629445953,0.15763452157686336,0.00872248665413672
2335,0.7998775969802844,0.4134116809771318,0.009168584119115517,0.04893170211145881,3.1062414304725112,2.3393176711147627,2.1463883148138083,0.19292935630095456,1.5997551927645046,0.9598531156587028,0.6399020771058018,0.07652607242633758,0.053151629425529805,0.06703313170977289,1.1980150605497946,0.1669472103922072,0.008619501550451193,0.8133578149367566,0.4156814609935184,0.0008092491703638044,0.04975634078902541,3.2124709576472057,2.4226033073120106,2.23644158045507,0.1861617268569405,1.6267156286535591,0.9760293771921359,0.6506862514614232,0.07425275734468187,0.05122578267628064,0.06500222935154201,1.211553163429397,0.15763452169432557,0.00872248666034591
2336,0.7998775976985264,0.41341168129782824,0.009168584561931044,0.048931702165969995,3.106241434013259,2.3393176739717245,2.1463883176369176,0.1929293563348071,1.599755193960569,0.9598531163763414,0.6399020775842276,0.076526072324716,0.053151629339440745,0.06703313162128058,1.1980150611442895,0.16694721054039746,0.008619501557742932,0.8133578156695461,0.4156814613152116,0.0008092496198649629,0.04975634084221196,3.212470961340262,2.422603310294132,2.2364415834161537,0.18616172687797825,1.6267156298735133,0.9760293779241084,0.6506862519494049,0.07425275724079765,0.051225782588274774,0.06500222926097529,1.2115531640552182,0.1576345218342231,0.00872248666772199
2337,0.799877598565518,0.41341168167602627,0.009168585089539494,0.04893170224423606,3.1062414383886914,2.3393176775067652,2.14638832115046,0.1929293563563051,1.5997551953970526,0.9598531172382315,0.639902078158821,0.07652607219568958,0.05315162923013556,0.06703313150881948,1.198015061899673,0.166947210718004,0.008619501566465744,0.8133578165544781,0.4156814616953381,0.0008092501533698698,0.049756340920255805,3.2124709658979,2.422603313979347,2.2364415870944443,0.18616172688490265,1.626715631339092,0.9760293788034556,0.6506862525356364,0.07425275710960996,0.05122578247713866,0.06500222914651946,1.2115531648461404,0.15763452200201972,0.008722486676553162
2338,0.7998775996186578,0.4134116821275265,0.009168585724668,0.04893170235192326,3.10624144379064,2.3393176818772856,2.146388325512018,0.19292935636526762,1.5997551971310362,0.9598531182786217,0.6399020788524145,0.07652607203445844,0.05315162909354802,0.06703313136825113,1.1980150628441115,0.16694721093256465,0.008619501576991335,0.8133578176300151,0.41568146214999946,0.0008092507935988369,0.04975634102911886,3.212470971520354,2.422603318532064,2.23644159165498,0.186161726877084,1.6267156331089563,0.9760293798653742,0.6506862532435821,0.07425275694628203,0.05122578233877484,0.06500222900400236,1.211553165831396,0.1576345222049047,0.008722486687219432
2339,0.799877600907535,0.41341168267359324,0.009168586497882387,0.048931702496442776,3.1062414504690046,2.339317687288771,2.146388330926615,0.19292935636215613,1.5997551992373156,0.9598531195423894,0.6399020796949262,0.0765260718351864,0.05315162892473402,0.06703313119456474,1.1980150640118516,0.16694721119410633,0.008619501589815377,0.8133578189471764,0.41568146270086365,0.0008092515711134035,0.04975634117660054,3.21247097846872,2.422603324167091,2.236441597312701,0.1861617268543896,1.6267156352600303,0.9760293811560187,0.6506862541040116,0.07425275674492401,0.0512257821681937,0.06500222882836457,1.2115531670465818,0.15763452245244539,0.008722486700227683
2340,0.7998776024984835,0.4134116833430636,0.00916858745033789,0.04893170268757965,3.106241458752689,2.339317694012107,2.146388337663647,0.19292935634846048,1.59975520181507,0.9598531210890421,0.6399020807260279,0.07652607159073874,0.053151628717649356,0.0670331309816623,1.19801506544476,0.1669472115160846,0.008619501605604367,0.8133578205742298,0.4156814633773107,0.0008092525270935111,0.04975634137299975,3.2124709870868995,2.422603331167804,2.2364416043502873,0.18616172681751664,1.6267156378943528,0.9760293827366122,0.6506862551577406,0.0742527564983263,0.05122578195928759,0.0650022286134408,1.2115531685352718,0.15763452275748469,0.008722486716259695
2341,0.7998776044810906,0.4134116841753802,0.009168588638116135,0.04893170293838735,3.10624146907894,2.339317702408061,2.1463883460807596,0.19292935632730118,1.5997552049969672,0.9598531229981805,0.6399020819987867,0.0765260712923476,0.05315162846486628,0.06703313072209047,1.1980150671942877,0.16694721191672482,0.008619501625262871,0.8133578226033867,0.41568146421951674,0.0008092537176594,0.04975634163205686,3.2124709978323422,2.4226033399117863,2.236441613143266,0.18616172676852039,1.6267156411484596,0.9760293846890762,0.6506862564593834,0.07425275619762073,0.051225781704543824,0.06500222835168828,1.211553170351064,0.15763452313742096,0.008722486736240863
2342,0.7998776069774258,0.4134116852249196,0.009168590138174268,0.04893170326645826,3.106241482034749,2.3393177129617775,2.14638835665744,0.19292935630433755,1.5997552089621812,0.9598531253773088,0.6399020835848723,0.07652607092919672,0.053151628157221735,0.06703313040671294,1.1980150693239067,0.16694721242092922,0.00861950165002902,0.8133578251602859,0.4156814652828472,0.0008092552197996455,0.04975634197229305,3.21247101131941,2.4226033509069587,2.2364416241953458,0.18616172671161296,1.6267156452067735,0.9760293871240645,0.650686258082709,0.07425275583186149,0.051225781394689605,0.06500222803385644,1.2115531725601125,0.15763452361602515,0.008722486761437763
2343,0.7998776101553303,0.41341168656727945,0.009168592057051714,0.04893170369576575,3.106241498415676,2.3393177263319562,2.1463883700427653,0.19292935628919086,1.5997552139548514,0.9598531283729109,0.6399020855819405,0.0765260704879357,0.05315162778340594,0.06703313002434268,1.1980150719119576,0.16694721306302826,0.008619501681612607,0.8133578284176484,0.4156814666442353,0.0008092571400483833,0.049756342418956594,3.2124710283810005,2.4226033648430843,2.236441638188657,0.18616172665442687,1.6267156503205715,0.9760293901923432,0.6506862601282283,0.07425275538753903,0.05122578101828029,0.0650022276486199,1.211553175244068,0.1576345242260636,0.008722486793599087
2344,0.7998776142481341,0.4134116883087743,0.009168594544154772,0.048931704259446686,3.1062415193106983,2.3393177434222183,2.146388387124302,0.1929293562979163,1.5997552203106604,0.9598531321863963,0.6399020881242641,0.0765260699522751,0.05315162732961921,0.0670331295614885,1.1980150750540295,0.16694721389088027,0.008619501722401342,0.81335783261549,0.41568146841178594,0.000809259627601755,0.04975634300697092,3.21247105015739,2.4226033826664497,2.2364416560562117,0.18616172661023814,1.6267156568352967,0.9760293941011784,0.6506862627341183,0.0742527548481835,0.05122578056136339,0.0650022271823356,1.2115531785024718,0.15763452501319597,0.008722486835165789
2345,0.7998776195849897,0.413411690601416,0.009168597811889057,0.048931705004380835,3.1062415462276816,2.3393177654875106,2.1463884091299206,0.19292935635759015,1.5997552284962684,0.959853137097761,0.6399020913985074,0.0765260693033744,0.053151626779900735,0.0670331290029087,1.1980150788606816,0.1669472149722203,0.008619501775781592,0.8133578380921124,0.41568147073985146,0.0008092628939548041,0.04975634378580634,3.2124710782275785,2.4226034056911097,2.2364416790889905,0.18616172660211902,1.6267156652309798,0.9760293991385882,0.6506862660923916,0.07425275419479904,0.0512257800078465,0.06500222661964475,1.211553182450133,0.1576345260419902,0.00872248688959646
