Year,GDP ($Y_t$): Baseline,Labor ($L_t$): Baseline,Government Expenditures ($G_t$): Baseline,Lump sum transfers ($TR_t$): Baseline,Wealth ($B_t$): Baseline,Capital Stock ($K_t$): Baseline,Domestically-owned Capital Stock ($K^d_t$): Baseline,Foreign-owned Capital Stock ($K^f_t$): Baseline,Government Debt ($D_t$): Baseline,Domestically-owned Gov Debt ($D^d_t$): Baseline,Foreign-owned Gov Debt ($D^f_t$): Baseline,Real interest rate ($r_t$): Baseline,"Real interest rate on gov debt ($r_{gov,t}$): Baseline","Real interest rate on HH portfolio ($r_{p,t}$): Baseline",Wage rate: Baseline,Total tax revenue ($REV_t$): Baseline,Business tax revenue: Baseline,GDP ($Y_t$): Reform,Labor ($L_t$): Reform,Government Expenditures ($G_t$): Reform,Lump sum transfers ($TR_t$): Reform,Wealth ($B_t$): Reform,Capital Stock ($K_t$): Reform,Domestically-owned Capital Stock ($K^d_t$): Reform,Foreign-owned Capital Stock ($K^f_t$): Reform,Government Debt ($D_t$): Reform,Domestically-owned Gov Debt ($D^d_t$): Reform,Foreign-owned Gov Debt ($D^f_t$): Reform,Real interest rate ($r_t$): Reform,"Real interest rate on gov debt ($r_{gov,t}$): Reform","Real interest rate on HH portfolio ($r_{p,t}$): Reform",Wage rate: Reform,Total tax revenue ($REV_t$): Reform,Business tax revenue: Reform
2026,0.590694211884732,0.2984179837087262,0.006634155898914288,0.03613508603266111,1.9952288699737752,1.7927526386375057,1.6650585941333942,0.1276940445041114,0.5502837930673018,0.33017027584038106,0.22011351722692074,0.07195880473002966,0.04928245276943729,0.06663303143413069,1.2256291475363257,0.11484909298334979,0.006302478575882245,0.5968261347294155,0.3029707287114778,0.0067030242427938485,0.03651019459473678,1.9952288699737752,1.7972410314807383,1.6650585941333942,0.1321824373473441,0.5502837930673018,0.33017027584038106,0.22011351722692074,0.07290953764787579,0.050087869455409655,0.06755988011506578,1.2197434744030229,0.111757872392245,0.00638151597740089
2027,0.5902636926171605,0.29991853375947053,0.006629320686580917,0.03610875659493877,1.9588465237154336,1.774790233675044,1.64345665520902,0.13133357846602403,0.5256497808440225,0.3153898685064135,0.21025991233760902,0.07309429604843302,0.050244388174693594,0.06787307674835502,1.2186082866010317,0.11477859097763136,0.006313939605980676,0.5964587503173056,0.3041985973155411,0.006698898105418994,0.03648772515545266,1.9650203441386431,1.7825759508147108,1.647419045702617,0.1351569051120937,0.5293354973933769,0.31760129843602614,0.2117341989573508,0.07383708760507235,0.050873646615930745,0.06857934942150073,1.2140723033085066,0.11168859164803355,0.0063906570360553975
2028,0.589901954786967,0.30098657777001553,0.006625257966629114,0.036086613025778896,1.9290092539442205,1.7617233677097892,1.6277679736726247,0.1339553940371645,0.5020688004526596,0.3012412802715957,0.20082752018106384,0.07392475092126839,0.05094791089803,0.06882887088532488,1.2135399239142686,0.11468347179755259,0.006321616916108559,0.5961666875157476,0.30503222916385714,0.006695617913876865,0.03646984846737037,1.9408168942471602,1.7723806162093954,1.6351777310019284,0.1372028852074669,0.5093986054087196,0.30563916324523177,0.20375944216348785,0.07448338528665627,0.05142115993653,0.06933480205180613,1.2101614784454582,0.11160199700254338,0.006396513709633984
2029,0.5896511077826633,0.3017127161249274,0.006622440674534755,0.036071262902698936,1.9047350784765458,1.7528756752560917,1.6171417881336385,0.13573388712245316,0.47932215057151206,0.28759329034290726,0.19172886022860483,0.07449284869188907,0.05142917689306693,0.06954033541123925,1.2101044759255122,0.11457081653963892,0.006326734922692879,0.5959100367406123,0.3055479486300243,0.00669273543895233,0.03645414511748322,1.9211502780794445,1.7655216582155897,1.626991744483863,0.13852991373172652,0.49026422265930225,0.29415853359558136,0.1961056890637209,0.07490986823828044,0.051782456446909625,0.06988341221937706,1.2075988215005624,0.11149328990564694,0.006399635872494828
2030,0.5894925663514492,0.3022007716937128,0.006620660077146209,0.03606156248343889,1.8844606421413406,1.7470409664016238,1.6101241594077338,0.13691680699388992,0.45722747122267793,0.2743364827336068,0.18289098848907115,0.07487207877557953,0.051750442972628964,0.07007597151790315,1.2078253298594641,0.11445363850735575,0.006330203610436261,0.5957180005877941,0.30585471264415304,0.006690578658421236,0.036442396438006674,1.9048599118029628,1.7611521381598836,1.6218006911277107,0.13935144703217278,0.4717653677920868,0.2830592206752521,0.1887061471168347,0.07517733985958297,0.052009045957777916,0.07028236965970566,1.2059988867434426,0.11137988416692965,0.006401236903034994
2031,0.589516742022838,0.3025386030115076,0.006620931596943978,0.03606304065268961,1.8679312814952684,1.7440578854769533,1.606439562671166,0.13761832280578715,0.4358195313735037,0.26149171882410227,0.17432781254940147,0.07508909982149861,0.05193429310373245,0.07045976744311164,1.2065261098499804,0.11435383673293248,0.006333407659654377,0.5956833105394663,0.30603528177857947,0.006690189050424209,0.03644027406034089,1.891798013180796,1.759193824945998,1.619426991084445,0.1397668338615529,0.4539517034939184,0.27237102209635106,0.18158068139756733,0.07530836632165673,0.0521200454791758,0.07055203968128793,1.2052171546840127,0.11128201314320263,0.006402652897367617
2032,0.5898363250559955,0.30281302748673666,0.006624520871431449,0.03608259080001497,1.8551414252072134,1.7439688923432717,1.6060400752570934,0.1379288170861784,0.41516891658353344,0.2491013499501201,0.16606756663341335,0.07516272066440963,0.05199666125592624,0.07070821735182428,1.2060862042883347,0.1142954114496739,0.00633783817244094,0.5959241405840322,0.30617362314264424,0.006692893840870174,0.03645500702677448,1.8820600715251792,1.7597684615622258,1.6199139362847417,0.13985452527748407,0.43691022540072894,0.2621461352404374,0.17476409016029154,0.07531801189169092,0.05212821675725551,0.07070562922820552,1.2051596603475891,0.1112231269375345,0.006405373088044697
2033,0.5904622617881224,0.3030715940745219,0.006631550840204187,0.03612088228971526,1.8455578832720982,1.7464076321431632,1.608466550812889,0.13794108133027416,0.3951522207653485,0.23709133245920916,0.15806088830613935,0.07512089485677106,0.051961228378044316,0.07084753752105688,1.2063360755434205,0.11428460324230873,0.006343997094377765,0.596454239706838,0.3063141591184714,0.006698847446224373,0.03648743559477384,1.8751859667874653,1.762566421791791,1.622868837065019,0.13969758472677185,0.4205285495374102,0.25231712972244613,0.16821141981496404,0.07523104417816814,0.052054541757371425,0.07076653682842929,1.2056783163461615,0.11120881641306386,0.00640988284204447
2034,0.5913516297502036,0.3033356773189126,0.0066415394359839236,0.036175289277521366,1.838424663747309,1.7508423584587165,1.613104746186371,0.13773761227234543,0.37553319593489637,0.22531991756093786,0.1502132783739585,0.07499294356874184,0.0518528340009948,0.07090620834334802,1.2071013111493802,0.11431747645112934,0.0063518134432303175,0.5972271436642993,0.3064752523203949,0.006707528021123398,0.03653471826437686,1.870429422729997,1.7670591157031372,1.6276842567653542,0.13937485893778298,0.4045752766077377,0.24274516596464266,0.16183011064309502,0.07507571185581338,0.051922951442208265,0.07076232689676651,1.2066061433673887,0.11123439508585627,0.0064160599838239876
2035,0.5924040237024982,0.3035786423368592,0.006653358995759734,0.03623966937482317,1.8330600287102414,1.7567478502117357,1.6194002584064227,0.137347591805313,0.35609961717303124,0.21365977030381877,0.14243984686921246,0.0747959847528018,0.051685979657540654,0.07090099656297155,1.2082817533703059,0.11437448404413554,0.006360428466217779,0.5981444136865225,0.30662891286045296,0.006717829988209571,0.03659083215902033,1.8671423648702539,1.772749422519313,1.633838499251772,0.13891092326754104,0.3888397760308028,0.23330386561848174,0.15553591041232104,0.07486733087979627,0.051746420776263076,0.07070817422053566,1.2078537888069072,0.11128212534510233,0.006423045409107996
2036,0.5935608208338565,0.30378957269611195,0.006666351119871398,0.03631043666032083,1.829046022859853,1.76377727020689,1.6269796707344724,0.1367975994724175,0.3367772535423011,0.2020663521253807,0.13471090141692038,0.07454329801336068,0.051471915210576,0.07084429099413189,1.2098006402310584,0.11444648811611766,0.00636937950011935,0.5991499416972499,0.3067613287698444,0.006729123191104866,0.036652345597594053,1.8649608903057846,1.779336259134225,1.6410121574500858,0.13832410168413922,0.3732478880928312,0.2239487328556988,0.1492991552371324,0.07461617262723291,0.05153365119225366,0.07061374670068103,1.20936206715052,0.11134244850309882,0.0064303665401821836
2037,0.5947963023025674,0.30397565524246806,0.006680226956994459,0.0363860159795584,1.8260846893885432,1.7716692898206639,1.635544745520905,0.13612454429975895,0.3175665731127304,0.1905399438676383,0.1270266292450921,0.07424888040956523,0.05122249831726167,0.07074881830131874,1.2115767082994402,0.11453094182702188,0.0063785687911322485,0.6002167026045238,0.3068763967107734,0.00674110410783527,0.03671760496805777,1.8636113642187795,1.7865776372518651,1.6489320870495683,0.13764555020229682,0.3577987952820186,0.2146792771692112,0.14311951811280738,0.07433424250606938,0.05129481311312439,0.07048998568906596,1.2110610448147148,0.1114119835237478,0.006437889222468988
2038,0.5961172741500427,0.30415278488517256,0.006695062946577404,0.0364668264996602,1.8240819608187844,1.7803331012311072,1.6449771738104264,0.13535592742068073,0.29850797834726334,0.17910478700835808,0.11940319133890527,0.07392138767278164,0.05094506171041961,0.0706221171684687,1.2135603665641905,0.11463054036686364,0.00638817639697348,0.6013520573847216,0.30698856043397177,0.006753855410388883,0.03678706060406499,1.8630204197539515,1.7943990406233354,1.6574996704501748,0.13689937017316062,0.3425345821729611,0.20552074930377673,0.1370138328691844,0.07402883823620426,0.05103608882757654,0.07034324755410754,1.2129085729909936,0.11149369160629534,0.006445785355012402
2039,0.5976514941819226,0.3043975409198737,0.006712293951503376,0.03656068238803358,1.823261346706338,1.7900477276447544,1.655503095985528,0.13454463165922656,0.2795970845346837,0.16775825072081024,0.11183883381387343,0.07356882422425826,0.050646386363248516,0.07047211635901987,1.2157054408602073,0.11476957401331765,0.006399670240353687,0.6026849077612382,0.3071734683958367,0.006768824809123168,0.036868597612016496,1.8634348688198576,1.803095459514101,1.6669598088576751,0.136135650656426,0.327458433270304,0.19647505996218242,0.13098337330812157,0.07370673244823997,0.0507632157930944,0.07018037437818232,1.2148651766421958,0.11161104752142612,0.006455523021134798
2040,0.5994907318629437,0.3047626850465231,0.0067329506453824624,0.03667319728719719,1.8237205948931863,1.8010355889083935,1.6673118497385848,0.13372373916980868,0.2606812419243357,0.15640874515460146,0.10427249676973425,0.07319582957695411,0.050330402655229096,0.07030473305473649,1.2179856949302692,0.11496544529218741,0.006414083540613039,0.6043072063378464,0.3074826194239516,0.006787045034504191,0.03696784134335626,1.8649718062249112,1.8129009480659537,1.677516150316576,0.1353847977493776,0.31242609318055864,0.1874556559083352,0.12497043727222343,0.07337145449346039,0.05047918391184859,0.07000623714537701,1.2169106213283258,0.11178073456425623,0.006468126715521682
2041,0.6016443269535173,0.30524641157711335,0.006757137924158084,0.036804942727676385,1.8254824297602168,1.8133929070290182,1.6805123263717694,0.1328805806572489,0.2416168389807454,0.1449701033884473,0.09664673559229812,0.0727989869516425,0.04999421604999915,0.07011771171160405,1.22042411178203,0.11521897033584463,0.006431450523754989,0.6062269695171376,0.3079122730838737,0.0068086061196886505,0.03708528226304964,1.8676664799202154,1.8239177547382912,1.6892864015196911,0.13463135321859998,0.29730013066754046,0.17838007840052428,0.11892005226701617,0.07301859973788259,0.050180261782896855,0.06981766392825071,1.2190730928394375,0.11200315947514122,0.00648360686421131
2042,0.6040820360324531,0.30582649355633995,0.0067845161204235565,0.03695406858022326,1.8285107465711317,1.8271015081798772,1.6951086802794038,0.13199282790047337,0.22233677715287992,0.13340206629172796,0.08893471086115194,0.07237480173682923,0.049634866075321325,0.06990780898360968,1.2230447600834815,0.11552371233456275,0.006451377546965045,0.6084113466274494,0.30843774366016663,0.006833139114934347,0.0372189106172947,1.8714861621561865,1.836128531175196,1.7022783273912012,0.1338502037839948,0.282013057941642,0.16920783476498522,0.11280522317665678,0.07264376266898431,0.04986271726103934,0.0696106367477389,1.2213813703708454,0.1122714926052528,0.006501533583030275
2043,0.606884250217042,0.3065434082128879,0.00681598811623573,0.037125492660601375,1.8330261132910888,1.8424143495687153,1.7113376360356716,0.1310767135330438,0.20281412875902854,0.12168847725541715,0.0811256515036114,0.07192423326768282,0.04925316543530807,0.06967605745757563,1.2258446505419887,0.1158953266707977,0.0064747137054150085,0.6109375879060178,0.30909701745240603,0.006861511626706251,0.03737345204623217,1.876654608883518,1.8497832757635662,1.7167280935046974,0.13305518225886892,0.26654419229803467,0.1599265153788208,0.10661767691921385,0.07224704867680298,0.04952663962781147,0.06938547491619254,1.2238369099379052,0.11260013884661617,0.006522716118708015
2044,0.6100623762478853,0.3074169199587936,0.006851682022034703,0.03731991270938427,1.838843416431271,1.859236455929992,1.7290720155167045,0.1301644404132876,0.18295233485761087,0.10977140091456654,0.07318093394304433,0.07145750726432974,0.04885777688420016,0.06943287160140747,1.2287627625600996,0.11633710758970628,0.006501705620875083,0.6138114070102246,0.3099061577965507,0.006893787825759826,0.037549255965971556,1.8829729899889234,1.8647762770166525,1.7325006467817368,0.1322756302349157,0.2507872386786442,0.15047234320718655,0.10031489547145768,0.07183783664861607,0.04917997424007144,0.0691518701638455,1.2263834373686862,0.11299112533381063,0.006547334043878566
2045,0.6136061265486358,0.30845203770159907,0.006891482296845235,0.037536699329241884,1.845771705950739,1.877441346392893,1.7481657976353595,0.12927554875753347,0.162676513858966,0.09760590831537962,0.06507060554358639,0.07098225631728933,0.04845516639750566,0.06918596929678321,1.231752993664692,0.11684743425619858,0.006532335348170701,0.617013736736649,0.31086478846028615,0.006929753566099555,0.03774515581862971,1.8902252716976495,1.8809624923355783,1.7494352409061726,0.13152725142940558,0.2346500513191282,0.14079003079147692,0.09386002052765127,0.07142286449883489,0.048828429145362014,0.06891682394026198,1.228980068692208,0.11344113332327573,0.0065752679455179696
2046,0.6176276965421721,0.3097031504287996,0.1425601548654148,0.03778271585139763,1.8541560638580172,1.8973961515946836,1.7689673273110402,0.12842882428364344,0.14198122757829484,0.08518873654697692,0.05679249103131792,0.07049834986569994,0.04804522337013817,0.06893516467023195,1.2348173977595318,0.11744705768050165,0.006567774311436949,0.6206439705022148,0.3120196962423984,0.1309250381557415,0.03796723167067507,1.8987289572009338,1.8986798297985146,1.7678560787687034,0.13082375102981122,0.21812146405371732,0.1308728784322304,0.08724858562148693,0.07100092199313235,0.0484709790894791,0.06867936044074552,1.231635171218618,0.11396763373161492,0.00660754337145157
2047,0.610294576208296,0.308838082232557,0.1285636006955137,0.03733412284637818,1.8649160779092142,1.8471905186768285,1.7141308914318742,0.13305962724495418,0.2513086441288998,0.1507851864773399,0.10052345765155991,0.07228941555959745,0.049562530879386724,0.0695677258716043,1.2235740712364076,0.11680119514350543,0.0065164734662877775,0.6138370058502549,0.3112180413451642,0.1177338683003633,0.037550825608928806,1.909369412996825,1.852214926597311,1.7171065459475519,0.13510838064975905,0.32043811174878856,0.19226286704927315,0.1281752446995154,0.07266264170933752,0.049878710705496966,0.0693023000186674,1.2212648362082117,0.11341707606741942,0.00655978994274513
2048,0.6036735606105935,0.30814785192512467,0.11584026752108992,0.03692909224754092,1.8731414092576244,1.8015716954057288,1.664199392283023,0.13737230312270585,0.348236694957669,0.2089420169746014,0.1392946779830676,0.07401200272384412,0.05102182656493975,0.07028793946672376,1.2130106476752538,0.11625777542283167,0.006470432486459366,0.6077011310874679,0.3105745804901206,0.10575573686102674,0.03717547295119586,1.9176826125747441,1.810071701958245,1.6709855915283678,0.1390861104298773,0.41116170174396066,0.24669702104637642,0.16446468069758424,0.07425129059642913,0.05122454011541554,0.06998891491452308,1.2115621236996308,0.11295400288477918,0.006516994340805713
2049,0.5977168614345347,0.30758660529671095,0.10432386786605527,0.03656470063230458,1.8796395215881425,1.760474719967793,1.61915087903773,0.14132384093006292,0.4341477375840209,0.2604886425504126,0.17365909503360835,0.07564195673316904,0.052402647752294834,0.07104467795050788,1.203232877660467,0.11579856165171475,0.006429064304827023,0.6021927628872277,0.3100487535880755,0.09493063122129598,0.036838507680259015,1.9244117858334586,1.7721805731861122,1.6294603311612237,0.1427202420248885,0.4915857577870583,0.29495145467223505,0.1966343031148233,0.07574590233185086,0.05249070562642565,0.07069594049589294,1.2026163171774156,0.11256309792506043,0.006478631119568453
2050,0.5923911958246175,0.3071356530702216,0.09391381292827138,0.036238911839952745,1.8849378942858972,1.723689234085348,1.5787720926183817,0.14491714146696633,0.5102763361125258,0.3061658016675155,0.2041105344450103,0.07716813636798264,0.053695556118668476,0.07180659515895514,1.1942629591483283,0.1154145886802477,0.0063921192042179385,0.5972812903689372,0.30962523822121474,0.08516132787571748,0.03653805688821841,1.9300383574123894,1.7383357710757867,1.5923189166609104,0.1460168544148763,0.562865734585798,0.33771944075147886,0.2251462938343192,0.07713782986011854,0.05366988185550886,0.0713976498438364,1.1944393615269764,0.1122373755091398,0.006444482464099884
2051,0.5876296320923959,0.3067708012580216,0.0844970862641084,0.03594763124029513,1.8892744280583413,1.6908090927783195,1.5426382630586233,0.14817082971969628,0.5777269416661966,0.346636164999718,0.23109077666647865,0.07858821356373508,0.05489857943610975,0.07255518857896111,1.1860725787517366,0.11509469855938978,0.006359078728921555,0.5929012838044886,0.3092818876085854,0.07633720083255222,0.03627011783708136,1.9347644437114266,1.7081391216337853,1.5591431921908232,0.14899592944296217,0.6260354192010057,0.37562125152060344,0.25041416768040226,0.0784267236287709,0.05476177267808624,0.07207968245543976,1.1869965385890546,0.11196728557346484,0.006414042654665424
2052,0.5833668368357161,0.30646889302710606,0.07596774002553451,0.03568686210933124,1.8928335185163332,1.661447887957345,1.5103454141654995,0.15110247379184555,0.6374801739180561,0.3824881043508337,0.2549920695672224,0.07990142230859713,0.056011068775043006,0.07327676087520675,1.1786284848479855,0.11482659660048626,0.006329427127565697,0.5889887382213638,0.3089969189294103,0.06835428429511424,0.03603077508205525,1.9387479806709897,1.6812159381806908,1.529540700245908,0.15167523793478266,0.6820121340418028,0.4092072804250817,0.27280485361672113,0.07961333250396543,0.05576701249871826,0.07273143996401638,1.1802510360022616,0.11174189824411845,0.00638680270167939
2053,0.5795433493091994,0.30620919737567176,0.06825162796987384,0.03545296705029266,1.895772634907844,1.6352573788187919,1.4815293205718079,0.153728058246984,0.6904055238933937,0.4142433143360363,0.27616220955735743,0.08110789069020638,0.05703313264535429,0.07396096579959269,1.1718965821535559,0.11459905242187288,0.006302691698312586,0.5854855564190267,0.3087505905607839,0.06114037012130524,0.03581647463572099,1.9421269137684476,1.657232002913404,1.5031617127993104,0.1540702901140935,0.7316086682818953,0.43896520096913716,0.29264346731275814,0.0806989299380882,0.05668668012700667,0.07334491497944282,1.1741671785272827,0.11155112680973588,0.006362294923981738
2054,0.5761446512212899,0.3059784440819551,0.06130856074867123,0.0352450579745985,1.8984932111691528,1.6121696223777449,1.4561290263496163,0.15604059602812853,0.7372736413658942,0.4423641848195366,0.29490945654635764,0.08219752222998794,0.05795621778023112,0.07459041539515271,1.1659026546798545,0.1144048098446453,0.006278740554798243,0.5823792920887179,0.3085304888560685,0.05465784419339103,0.035626455158460524,1.9452932744207172,1.6361391648842147,1.4799663267782104,0.1561728381060044,0.7755449127375112,0.46532694764250676,0.3102179650950045,0.08167427664085769,0.05751294846617213,0.073904522150239,1.1687708824484746,0.11138861200240731,0.006340396526354886
2055,0.5731285716990459,0.30576541302561483,0.05505461480480751,0.0350605550258651,1.901109611768248,1.5919035173147345,1.4338444872841103,0.15805903003062427,0.7787752074735628,0.46726512448413776,0.311510082989425,0.08317247928154034,0.058782156025017775,0.07516018764993437,1.1606072681245656,0.11424053072006789,0.006257271335937783,0.5796292533404752,0.30832590950064126,0.048824567954208226,0.03545822721194836,1.948351804849939,1.6176726163464785,1.4596720369210368,0.15800057942544177,0.8144662798815037,0.4886797679289022,0.32578651195260144,0.08254213179518044,0.058248154967575516,0.07440665014130168,1.1640236920864386,0.11125165699295872,0.006320809549172771
2056,0.5704316955587401,0.3055561250160352,0.04938662098083883,0.034895578912685646,1.9035613502644495,1.5740597276568635,1.4142473096248398,0.1598124180320238,0.8155234010660158,0.48931404063960965,0.3262093604264062,0.0840420542642577,0.05951881948500544,0.07567270266577586,1.1559371866074595,0.1140993983503046,0.0062378068297112045,0.5771732158984505,0.30812318617719947,0.043539005384252503,0.035307984233262285,1.9512325661111933,1.601446663365494,1.4418652645743244,0.1595813987911697,0.8489455025614483,0.5093673015368689,0.3395782010245793,0.08331211145910376,0.05890044590811451,0.07485462082201041,1.1598540219292686,0.11113410361573758,0.006303059821280711
2057,0.568022230801181,0.30533531348924026,0.04424118917093762,0.03474818473383205,1.9060252654296082,1.558491201443645,1.3971908253869105,0.1613003760567343,0.8480574000711623,0.5088344400426975,0.33922296002846475,0.08480371066358046,0.06016405934309507,0.07612080783607916,1.1518869903484001,0.11397348828820411,0.0062200565660664245,0.5749810097597732,0.3079073170020275,0.03874000372404551,0.035173880708292124,1.954109184114925,1.5873311514835056,1.4264178268239287,0.16091332465957692,0.8794855954849936,0.5276913572909963,0.3517942381939974,0.08398188097663135,0.059467843475871494,0.07524197886246817,1.1562587532279172,0.11102864289918936,0.006286862636193342
2058,0.5658726157196549,0.30509777321840115,0.03959441076620601,0.034616686400446045,1.9085799862112933,1.545004966138873,1.3824663224767237,0.1625386436621491,0.8768561062242824,0.5261136637345696,0.35074244248971287,0.08546106854613847,0.06072094235127695,0.0765036928954661,1.1484212244357854,0.11386054503587925,0.006203831848756765,0.5730265425765871,0.3076732698756976,0.034405781160470515,0.03505432042491044,1.9570571850757776,1.5751478865343986,1.4131372423427082,0.16201064419169042,0.906533237888449,0.5439199427330694,0.36261329515537954,0.0845550837071316,0.05995343415536086,0.07556835048702792,1.1532049853778266,0.11093339058434634,0.006272035028778874
2059,0.5639715081129877,0.30485418937745096,0.035434572554342875,0.03450039004060604,1.911247895576219,1.5334019309746605,1.369840884328748,0.16356104664591242,0.9023450187457852,0.5414070112474713,0.36093800749831395,0.08602351614795611,0.061197421786232616,0.0768264642527573,1.1454774961320888,0.11376163667116684,0.006189170383750038,0.5713001245992418,0.30743196754929497,0.030526777801895347,0.034948710622453055,1.9600966661082289,1.564711456146061,1.4018055325392758,0.16290592360678532,0.9304852226149216,0.558291133568953,0.3721940890459686,0.08504095288080026,0.06036503990953933,0.07583904703222238,1.1506330147258432,0.11084967178687376,0.006258623985536487
2060,0.5623024470222954,0.3046137348253769,0.03173573727671607,0.034398288709265194,1.9140085233281738,1.5234671483134452,1.359065632231891,0.16440151608155418,0.9249048184938043,0.5549428910962828,0.3699619273975216,0.08650195297063411,0.06160273119851367,0.07709594807479031,1.142989001757671,0.11367683225026065,0.006176055571703951,0.5697870051175441,0.3071928285250126,0.02707937289423548,0.03485614896289893,1.9632056804717752,1.5558195987967607,1.3921876453078086,0.163631953488952,0.9516967252732776,0.5710180351639667,0.38067869010931105,0.08545009506521331,0.06071164612888429,0.07606092670668085,1.1484788483268806,0.11077783241029826,0.00624662392987382
2061,0.5608432122359036,0.3043771562848436,0.028450149270269426,0.0343090231535917,1.9168638143701462,1.5150198716223104,1.3499389187408164,0.16508095288149394,0.9448748260488828,0.5669248956293298,0.377949930419553,0.08690397707997571,0.06194330731589525,0.07731629141548542,1.1409088960820384,0.11360391320279296,0.006164359549538454,0.5684666565947315,0.3069567923134561,0.024018200178670283,0.034775379737065744,1.9663862928287057,1.5483040766441554,1.3840956205670305,0.16420845607712492,0.9704844537694588,0.5822906722616753,0.3881937815077835,0.08578974453316171,0.06099938135265989,0.07623806777572432,1.1466985907947485,0.1107159707689172,0.006235917953562154
2062,0.5595681042301507,0.304139023880003,0.025527715653337217,0.03423102125041684,1.9198326645534856,1.5079092440225708,1.3422990730187803,0.1656101710037905,0.9625559858911752,0.5775335915347053,0.38502239435646995,0.08723448846379575,0.062223301180034885,0.07748949930753847,1.1392062301009642,0.1135398559869276,0.006153878342136782,0.5673149494873977,0.30671855356916355,0.021295509846160257,0.034704926863737155,1.9696584569789335,1.5420259146844084,1.377380853152058,0.16464506153235048,0.9871293397114591,0.5922776038268756,0.3948517358845836,0.08606440501397354,0.06123206093077337,0.0763723439960779,1.1452642583616177,0.11066136053789033,0.006226311972484418
2063,0.5584485638935525,0.3038920651001252,0.022923899929747762,0.03416253592078901,1.922912584912135,1.5019823722607617,1.3359841800232821,0.16599819223747952,0.9782140081480877,0.5869284048888528,0.39128560325923495,0.08749850458881683,0.062446963355253855,0.07761793307382797,1.1378509061757813,0.11348137636855321,0.006144371061020814,0.5663047434012912,0.30647093282848353,0.018869055413050395,0.03464313005261833,1.9730206298315536,1.53684271938157,1.3718929924488779,0.16494972693269194,1.0018793956377927,0.6011276373826757,0.40075175825511705,0.08627866853065466,0.06141357501142712,0.07646592994430483,1.1441485968314846,0.11061099178270402,0.006217574264997133
2064,0.5574612980962903,0.3036335017925885,0.02059256067333945,0.03410214224340585,1.926081081050245,1.4970902217587614,1.3308316889830512,0.16625853277571023,0.9920823201119894,0.5952493920671937,0.39683292804479564,0.08770250747648131,0.06261978510847951,0.07770556491494518,1.1368065549003141,0.11342637265579374,0.006135664689571862,0.5654141324051143,0.30621128060638236,0.016694821376967983,0.0345886492267368,1.9764511160604197,1.532614749975888,1.3674796732078567,0.16513507676803138,1.0149524047542717,0.608971442852563,0.4059809619017087,0.08643856609089319,0.06154903278368365,0.07652256317175855,1.1433178739042698,0.11056299346898617,0.006209541715184682
2065,0.5565865596818886,0.30336571727469525,0.018484993037325065,0.03404863220563275,1.9292776571104289,1.4930697658684293,1.3266578484783995,0.16641191739002986,1.0043663477200486,0.6026198086320294,0.4017465390880193,0.08785557233192948,0.06274945453119521,0.07775892574790039,1.1360246213305085,0.11337411356631301,0.0061276479057831516,0.5646246793014811,0.30594212676048677,0.014725995025065372,0.03454035652120062,1.9798896063314495,1.5291867453678285,1.363965611875529,0.16522113349229958,1.0265399907598676,0.6159239944559205,0.410615996303947,0.086552685278769,0.061645709249155176,0.07654848631650406,1.142725953054676,0.11051680943235871,0.006202113324767291
2066,0.5558194030752895,0.30309562734647794,0.016564237860424227,0.03400170333726753,1.932499807665037,1.4898278634388695,1.323351592734384,0.16647627070448556,1.0152470248844216,0.6091482149306531,0.40609880995376857,0.08796436361949062,0.06284161744745213,0.07778271841264507,1.1354697176518211,0.11332515227934901,0.006120343253139258,0.5639327442243954,0.3056705309980338,0.012927355210668595,0.034498029306465935,1.983334823400885,1.5264733780572841,1.3612482668743788,0.16522511118290534,1.036810927544177,0.6220865565265061,0.41472437101767085,0.08662724562307919,0.06170887330321498,0.07654813239285943,1.1423396528876513,0.11047311172280067,0.006195321856813471
2067,0.555156118380972,0.3028254982121859,0.014796492829117179,0.033961128658992715,1.9357909717153137,1.4873184439838956,1.320859249908691,0.1664591940752045,1.0248862030110377,0.6149317218066227,0.409954481204415,0.08803175069167701,0.06289870463917441,0.07777840485838029,1.135126358073607,0.11327979349699613,0.0061137447028322646,0.5633357407714835,0.30539881906907995,0.01126664614532133,0.03446150939265829,1.9868321984334087,1.524436197963687,1.3592823682526258,0.16515382971106116,1.0459163836346383,0.6275498301807829,0.41836655345385537,0.0866647306108902,0.061740628840537534,0.07652272951849629,1.142145570992473,0.11043228969867311,0.006189169211129626
2068,0.554577562732565,0.302549474617013,0.013179567871422396,0.03392573711032439,1.93914565077566,1.485452527259978,1.319088366943983,0.16636416031599488,1.033428806386128,0.6200572838316769,0.41337152255445114,0.08806090378441285,0.06292340178271114,0.07774767077312274,1.1349778976490479,0.11323658346530562,0.006107677774867332,0.5628153300672597,0.30512110143458104,0.009743359995790395,0.03442967487777109,1.990377196944973,1.522992129186953,1.3579820608896904,0.1650100682972626,1.0539918934254713,0.6323951360552827,0.42159675737018854,0.08666792195035075,0.061743332394820646,0.07647371518576555,1.1421290512552664,0.1103929883121352,0.006183486146812488
2069,0.5540614510207034,0.30226263704001644,0.011718998673706411,0.033894165447000454,1.942514188462662,1.484112206764026,1.3179133254862447,0.16619888127778115,1.0410014382940285,0.6246008629764173,0.41640057531761127,0.0880570177322024,0.06292010970011454,0.07769409825162782,1.1349976838361222,0.11319305006861767,0.006101953152340589,0.562349980678079,0.3048324577151952,0.008364737298786819,0.034401208612246686,1.9939204970301108,1.5220280420643806,1.3572270349722853,0.16480100709209541,1.0611557700963758,0.6366934620578255,0.42446230803855034,0.08664160774081209,0.06172104022102212,0.07640439703029492,1.1422652806655205,0.11035287789592005,0.006178088988809129
2070,0.5535865758164558,0.3019609418747963,0.01037447468234836,0.033865116376210785,1.945836857054085,1.4831806186908385,1.317208706252825,0.16597191243801346,1.0477135846687664,0.6286281508012599,0.41908543386750646,0.08802555537731874,0.06289345625714686,0.07762163011268593,1.1351579128930682,0.11314622115826978,0.006096395164402393,0.5619192701986684,0.30452890074748806,0.007091741191132116,0.03437486134767065,1.9974027677653543,1.5214314331486887,1.3568966542319418,0.1645347789167469,1.067510189222354,0.6405061135334124,0.4270040756889416,0.08659085618411852,0.06167804586389744,0.07631844526931592,1.1425281437600079,0.1103091629044917,0.006172808535743571
2071,0.5531405689934111,0.3016393437801309,0.009129262803663392,0.03383783332637241,1.9491242062961234,1.4826113640240663,1.3169284814770146,0.16568288254705182,1.053659541365181,0.6321957248191087,0.42146381654607235,0.08796771492250001,0.06284445651540996,0.07753059882346616,1.1354526335998827,0.1130937285226486,0.006090880389889519,0.561511558272987,0.304205422860188,0.005908916781000577,0.03434992101973096,2.0008360013456383,1.521160706816819,1.3569501867417268,0.16421052007509196,1.0731430243398525,0.6438858146039115,0.429257209735941,0.08651657185744127,0.06161511563913186,0.07621599780812069,1.1429131794029574,0.11025961301177245,0.006167526630527925
2072,0.5527268694312039,0.3013023206693034,0.007983618298115107,0.03381252664315238,1.9524085236255677,1.4823934240478773,1.3170555030091604,0.1653379210387168,1.0589217010273453,0.6353530206164072,0.4235686804109381,0.087885378025192,0.06277470452752962,0.07742220080626026,1.1358725206012377,0.11303679389494264,0.006085466201488065,0.5611310391743486,0.3038665649149523,0.004817650883689538,0.034326644184989874,2.0042541650759507,1.5212094609404658,1.3573755449396718,0.163833916000794,1.0781310335604648,0.6468786201362788,0.4312524134241859,0.08642037252065032,0.06153362003760539,0.07609807183945863,1.1434123132243803,0.1102054694409743,0.006162306465523845
2073,0.5523555787964145,0.30096077804368415,0.006908830834476451,0.033789814220069436,1.9557056817124472,1.4825114212955204,1.3175607388259363,0.164950682469584,1.0635749048108516,0.6381449428865109,0.4254299619243406,0.08778251376798597,0.06268756271557722,0.07729961937211721,1.1363976627534544,0.11297880851768444,0.006080304754151659,0.5607885264165664,0.30352329291108004,0.003789905631040452,0.03430569228318668,2.007674430931541,1.5215662038706472,1.358147948107968,0.16341825576267932,1.0825441380392882,0.649526482823573,0.4330176552157153,0.08630595282090656,0.06143668899246353,0.07596765429426101,1.1440067300505579,0.11015006627804243,0.006157306127734322
2074,0.5520345082595725,0.30062645083927547,0.0058968589913621985,0.03377017382186458,1.959001996012993,1.4829271449609736,1.3183888779595634,0.16453826700141005,1.0676885300890493,0.6406131180534296,0.4270754120356197,0.08766465353415563,0.0625877170100613,0.07716744214263296,1.1370001467510573,0.11292374701059298,0.006075539072489016,0.5604923746123864,0.3031873537411558,0.0028183441562607617,0.03428757632045443,2.0110835709824073,1.52219546178205,1.3592151132712038,0.162980348510846,1.0864474295186728,0.6518684577112036,0.4345789718074692,0.08617856152121613,0.061328769011475784,0.0758291234895696,1.1446694906662647,0.1100972793410473,0.006152673391708644
2075,0.551765745813555,0.3003120384228348,0.004989820936908106,0.03375373315486249,1.9622257490742383,1.4835540081903957,1.319429801835003,0.16412420635539282,1.071326578732059,0.6427959472392353,0.4285306314928236,0.08754036843944529,0.062482428461386505,0.07703293719673782,1.1376363831482297,0.1128750318796503,0.0060712810039262165,0.5602451260862217,0.3028714615150405,0.001946198761115063,0.03427245179921427,2.014409209244364,1.523012093802354,1.3604685123507947,0.16254358145155914,1.0899011614892828,0.6539406968935696,0.43596046459571325,0.08604644712087733,0.06121684783940659,0.07568950003285876,1.1453578895753787,0.11005045210479517,0.0061485248877441254
2076,0.5515455621859812,0.3000229871038634,0.004227882834112545,0.03374026415607132,1.9653281664626934,1.4843221529085198,1.320599924449755,0.16372222845876472,1.074547070021564,0.6447282420129383,0.42981882800862564,0.08741521867528326,0.06237640740498935,0.076900661457208,1.1382779914972856,0.1128326346789815,0.006067547185045676,0.5600434940313898,0.3025810776460137,0.0012148168138954515,0.03426011772480582,2.0176026981947888,1.523948143610971,1.3618266558602294,0.16212148775074164,1.092960070557599,0.6557760423345593,0.43718402822303976,0.08591489142347145,0.061105399974463126,0.07555312974217444,1.146044458622346,0.11000960000974613,0.006144881434658973
2077,0.5513711257191097,0.2997616645230739,0.0036119035438810093,0.03372959364971884,1.9682941390413804,1.4851925204571588,1.3218532537674181,0.16333926668974053,1.0774014754566037,0.6464408852739623,0.4309605901826415,0.08729212631242575,0.06227212928323691,0.0767728720394012,1.1389099798870301,0.11279594941620182,0.006064336767987579,0.5598851030364964,0.30231859266719063,0.0006258279855187315,0.03425042883206003,2.020649891272932,1.5249669890309974,1.3632462338880618,0.1617207551429356,1.0956727623081173,0.6574036573848703,0.43826910492324705,0.08578658997411666,0.06099670895703323,0.07542210030460358,1.146715086208015,0.10997418179162949,0.006141746038755083
2078,0.5512248624598284,0.29952050928996143,0.003109057330881175,0.03372064655291891,1.9710888372554152,1.4861016003956895,1.3231275054225557,0.16297409497313373,1.0799355530547656,0.6479613318328593,0.4319742212219063,0.08717259157426921,0.0621708650155783,0.0766504329114453,1.1395245851487377,0.11276242991006866,0.006061472051840186,0.5597526549345153,0.3020764190548515,0.00014684855663429225,0.034242326908575066,2.02351653038933,1.5260069517367238,1.3646670263785674,0.1613399253581564,1.0980825066846047,0.6588495040107627,0.439233002673842,0.08566283873328913,0.06089187266452527,0.07529712459035426,1.147362907241795,0.10994175369054161,0.006138942982466453
2079,0.5510846817512844,0.2992887441833736,0.0026788908336493333,0.03371207148691428,1.9736693073942444,1.4869797690877626,1.3243571252494915,0.16262264383827127,1.082186970241255,0.649312182144753,0.4328747880965021,0.08705753401222499,0.062073393603178206,0.07653369062545871,1.140116993692128,0.11272863556347855,0.006058719823420193,0.5596242368082821,0.3018437416689289,-0.00026226295812125516,0.03423447144866778,2.026159891375767,1.5269997567159441,1.3660250191739387,0.16097473754200545,1.100224787003047,0.6601348722018281,0.4400899148012189,0.08554438114922322,0.060791520911687255,0.07517842000022526,1.1479839177607172,0.10990899646943054,0.006136240169047516
2080,0.5509394554300182,0.29906032336726246,0.002298192586930453,0.033703187714210756,1.9760263001166083,1.4877968211691959,1.3255151743761766,0.1622816467930192,1.0841852095673863,0.6505111257404317,0.4336740838269546,0.08694695259805307,0.06197971417495958,0.07642234240306998,1.1406871182252438,0.11269248554239855,0.006055957909832736,0.5594889105421564,0.30161448915417716,-0.0006243939842175764,0.0342261933410061,2.028571285936812,1.527916720668428,1.3672949925381728,0.16062172813025538,1.1021271556643988,0.6612762933986391,0.44085086226575965,0.08543109139195137,0.06069554710122613,0.07506559409520933,1.1485786625265808,0.10987390645941905,0.006133516542192373
2081,0.550798480226034,0.29884244817161154,0.0019512453285815273,0.033694563952659864,1.9781748048160106,1.48856021995645,1.3266020569980197,0.16195816295843046,1.0859545796966517,0.6515727478179909,0.43438183187866075,0.0868424385284075,0.06189117471868184,0.07631776127457135,1.1412266500559731,0.11265607411967571,0.006053305506635895,0.5593563096113822,0.30139590709679215,-0.0009550917682198123,0.034218081903413626,2.030766505862532,1.5287669902261147,1.3684791725386982,0.16028781768741657,1.1038122222063902,0.6622873333238339,0.4415248888825562,0.0853244534423188,0.06060520839265745,0.07495993991534575,1.149139226709778,0.10983853752343808,0.006130894252975658
2082,0.5506798164720004,0.2986465726295633,0.001638674537591242,0.033687305006638274,1.980155564862334,1.4893051085577491,1.327644274199018,0.16166083435873113,1.0875188177721933,0.6525112906633159,0.43500752710887736,0.08674522033064917,0.061808815985556126,0.07622109902863282,1.1417291205183469,0.11262328270945812,0.006050974270386122,0.5592448628651739,0.30119950721324124,-0.0012535533654574257,0.034211264483830744,2.032787438488761,1.5295875843411988,1.3696060813439446,0.15998150299725428,1.105302261908028,0.6631813571448166,0.4421209047632113,0.08522561724212105,0.060521478963158244,0.07486255085886089,1.1496594213884594,0.10980667129293385,0.006128588159824591
2083,0.5505966865383576,0.2984800715497446,0.0013839448115395767,0.033682219713300265,1.9820130742726967,1.4900653153881538,1.3286713346990722,0.1613939806890815,1.0889028992893741,0.6533417395736245,0.43556115971574966,0.08665546148294874,0.0617327764666812,0.07613250006231508,1.1421935536155696,0.11259710032289062,0.006049111352568402,0.559168037924195,0.3010326590550272,-0.0014959556171491445,0.03420656492238243,2.03467976345006,1.5304140639678083,1.3707071584759043,0.15970690549190392,1.10662100829026,0.6639726049741559,0.44264840331610417,0.08513467840853758,0.06044443981515343,0.0747735209427565,1.150138597257527,0.10978120401797939,0.006126747078415841
2084,0.5505444458715198,0.2983406462307268,0.0012036419776355126,0.03367902392409403,1.9837486906440214,1.4908262299684067,1.3296695226431563,0.16115670732525034,1.0901319466681083,0.6540791680008651,0.4360527786672433,0.08657333831274552,0.06166320553845831,0.0760519237086636,1.1426189128134652,0.11257737338190896,0.006047667693324022,0.5591212434008751,0.30089298168199086,-0.0016653055895078372,0.03420370232300153,2.03644539668462,1.5312328171700655,1.371769887656976,0.15946292951308966,1.1077925150460732,0.6646755090276438,0.4431170060184294,0.08505171608193196,0.06037415799267627,0.07469273500327457,1.1505762009962328,0.10976197074203324,0.006125321709188067
2085,0.5505090187449991,0.29822214096529964,0.0010989385567001311,0.03367685658048153,1.9853262428289826,1.4915375216841305,1.3305896581236216,0.16094786356050875,1.0912276411756017,0.654736584705361,0.43649105647024067,0.08649994728054525,0.06160103207120449,0.07598006537858709,1.142999395840849,0.11256206540194248,0.006046500446233006,0.5590904166428856,0.3007742475481003,-0.001760077303332705,0.03420181642718638,2.038048171119629,1.5319939598366197,1.3727456637866444,0.1592482960499753,1.1088375122216412,0.6653025073329846,0.4435350048886566,0.08497770905462142,0.060311462683030156,0.0746207970973768,1.1509669371525928,0.10974699246580329,0.006124168953080098
2086,0.5504825641100812,0.298122278905187,0.0010536990583459305,0.033675238052323725,1.9867165390084662,1.4921616563152496,1.3313925305242413,0.1607691257910081,1.0922066808070414,0.6553240084842249,0.4368826723228166,0.08643674656016198,0.061547491361919386,0.07591804036846031,1.1433273157230626,0.11254981919121908,0.0060455391911398895,0.559067851128673,0.30067418679881486,-0.0017962435663730625,0.034200435834601396,2.0394590371459476,1.5326605535126645,1.3735959305491152,0.15906462296354937,1.1097718443280542,0.6658631065968323,0.44390873773122186,0.08491401744239813,0.060257506113021685,0.07455874693910483,1.1513034899625274,0.10973497384788876,0.0061232196445802165
2087,0.5504587674169528,0.29803738563630205,0.0010709733328480714,0.03367378208274968,1.9879146853380656,1.4926833385324354,1.3320651700090536,0.16061816852338176,1.0930825255483534,0.655849515329012,0.43723301021934136,0.08638354644981444,0.06150242270408167,0.07586553212285368,1.143603538560821,0.11253925857198294,0.006044712824644229,0.5590473514129629,0.3005891302117455,-0.001770476460376931,0.034199181574502864,2.0406735802201865,1.5332181396224387,1.3743086421475965,0.15890949747484223,1.1106082301209834,0.6663649380725899,0.4442432920483935,0.08486039480072725,0.06021207950630916,0.07450622678798488,1.1515870377931177,0.10972459623261961,0.0061224034929720115
2088,0.5504333193742919,0.2979656896454041,0.0011165701750835144,0.03367222507129622,1.9889108317397743,1.4930860972104543,1.3325912158536295,0.1604948813568247,1.0938660264769082,0.6563196158861448,0.4375464105907634,0.0863407590722574,0.06146617522891112,0.07582279736880576,1.1438258241502068,0.11252954366429531,0.006043978638273154,0.5590247784986471,0.3005173472083606,-0.001717056364367038,0.034197800464065835,2.041682397448374,1.5336510372370589,1.3748682710134876,0.15878276622357118,1.1113568773914777,0.6668141264348864,0.4445427509565913,0.08481719624813122,0.06017548370277947,0.0744634511767614,1.1518155981573708,0.10971507085188233,0.00612167934326896
2089,0.5504022350859127,0.2979044669336642,0.001141645055308449,0.03367032325010631,1.9897062328995874,1.493363567850923,1.332966580277142,0.16039698757378104,1.0945660877040757,0.6567396526224454,0.4378264350816304,0.08630796271204545,0.061438391678706815,0.07578936515452965,1.14399628204111,0.11251999540784346,0.00604328859194381,0.5589962734178784,0.30045614178386937,-0.0016851010096946561,0.03419605643901334,2.0424872199659867,1.5339536325064005,1.3752715327547513,0.15868209975164924,1.1120261453520592,0.6672156872112354,0.4448104581408239,0.08478396835836666,0.06014733458081928,0.07442992771925055,1.1519914855633022,0.10970575450209581,0.006121000143839068
2090,0.5503633590464939,0.29785019381106725,0.0011278983846327792,0.033667944768046125,1.9903237890957097,1.4935289897915431,1.3332098335251996,0.16031915626634352,1.0951899259508502,0.6571139555705101,0.43807597038034013,0.0862834140146079,0.061417595164602864,0.07576361756798321,1.144123916675883,0.11251010908465042,0.006042600620082499,0.558959727977822,0.3004019808239021,-0.0016929714479300279,0.034193820542547264,2.043111531109336,1.5341399314498967,1.375537859809079,0.1586020716408176,1.1126227855004291,0.6675736713002572,0.4450491142001719,0.08475897063043342,0.06012615766897485,0.074404045229778,1.1521238542139174,0.10969615490092118,0.006120323733319057
2091,0.5503209711325426,0.29780129059205884,0.0011017757294022185,0.03366535146536269,1.9908169857640121,1.4936256680357607,1.3333708226649739,0.1602548453707867,1.095743605165064,0.6574461630990382,0.43829744206602567,0.08626423407442756,0.06140134681181393,0.07574300330239483,1.1442236638719159,0.11249996589719179,0.006041931166110248,0.5589194672826051,0.3003532632898046,-0.0017139378355366247,0.034191357381733074,2.0436097981957437,1.534254322701793,1.3757183266681734,0.15853599603361979,1.1131524525459509,0.6678914715275702,0.44526098101838063,0.08473935913764319,0.06010954372489699,0.07438328487964288,1.1522277294957861,0.10968634239858202,0.00611966612548941
2092,0.5502771386363695,0.297755077647416,0.0010685055254897255,0.033662669808080595,1.9912331587069014,1.4936901537472442,1.3334930953818618,0.16019705836538245,1.0962334388750663,0.6577400633250396,0.4384933755500266,0.08624761693912575,0.06138726954805887,0.07572501067287299,1.1443101014133283,0.11248924747312498,0.006041273103301264,0.5588775957280194,0.30030728278085855,-0.0017426603180682038,0.03418879569230189,2.04403034708897,1.534334416093205,1.375857686640244,0.15847672945296098,1.1136211007478765,0.6681726604487257,0.4454484402991508,0.08472235480929463,0.060095138449210626,0.07436516055063702,1.1523178154429345,0.10967600151876214,0.006119019677598024
2093,0.5502367161754108,0.29771218146298567,0.0010309552898152621,0.033660196744133175,1.9916080342577511,1.4937519266142751,1.333608720628851,0.16014320598542423,1.0966655227148336,0.6579993136289002,0.4386662090859335,0.08623208508390437,0.06137411168308482,0.07570834318871404,1.1443909091470856,0.1124787562717757,0.006040664014928077,0.5588390366455807,0.3002646611435471,-0.0017762209813884655,0.03418643662564095,2.0444096448536713,1.5344105239943853,1.3759889389624558,0.15842158503192955,1.1140345098186928,0.6684207058912155,0.44561380392747735,0.0847064922674455,0.060081700441913924,0.07434838796047019,1.15240186908248,0.10966590606355922,0.006118422104465972
2094,0.5502000122402632,0.29767212803384796,0.0009902239271659327,0.03365795110976539,1.9919527396513164,1.493817047066384,1.3337249514442568,0.16009209562212723,1.0970463136784325,0.6582277882070594,0.4388185254713731,0.08621716542991645,0.06136147244650718,0.07569254682448699,1.14446854588798,0.1124689240640974,0.006040102253295319,0.5588041105291672,0.3002249011752248,-0.0018134694717669639,0.03418429975232848,2.0447590985595445,1.534489081933206,1.376119778859981,0.15836930307322486,1.1143988661659394,0.6686393196995635,0.44575954646637594,0.08469128710095478,0.06006881933243012,0.07433250528288071,1.1524824544867984,0.10965646489735738,0.006117871560025653
2095,0.5501634464718147,0.29763351842619273,0.0009454093734216906,0.0336557138650978,1.9922566465222105,1.4938713989984675,1.3338276356670251,0.16004376333144243,1.0973816847586422,0.6584290108551852,0.43895267390345694,0.08620325581896249,0.06134968887138592,0.07567790349596065,1.1445409391735644,0.11245955556985529,0.006039552749787118,0.5587692124091653,0.3001865750954302,-0.0018552465466543655,0.03418216452711946,2.0450679462650356,1.5345559553558004,1.3762360652719283,0.15831989008387196,1.1147198016551791,0.6688318809931073,0.44588792066207183,0.08467710823484853,0.06005680765687353,0.0743177718053472,1.1525576139685934,0.10964748012895045,0.006117332658863176
2096,0.5501200726071274,0.29759303108902635,0.0008947276445478436,0.03365306009065164,1.992501214880199,1.493892554222088,1.3338954915339145,0.15999706268817354,1.0976762055771412,0.6586057233462845,0.4390704822308566,0.08619067854254145,0.06133903398808121,0.07566459799386177,1.1446064086103076,0.1124495427987423,0.006038942688196398,0.5587273354908185,0.30014632497023586,-0.0019032512186795345,0.034179602327749095,2.045317334127767,1.5345885175838958,1.376316335744871,0.15827218183902494,1.115001663971494,0.6690009983828962,0.4460006655885978,0.08466424985488971,0.060045914635732694,0.07430435067591634,1.1526257849348345,0.1096378701630552,0.006116731953163274
2097,0.550075467822266,0.29755635388193186,0.0008399960502413761,0.03365033098886524,1.9926744440028499,1.4938738489101189,1.3339148842783386,0.1599589646317802,1.0979325995408524,0.6587595597245113,0.4391730398163411,0.08618140682084072,0.0613311794169127,0.07565443343961643,1.1446546776993842,0.11244014970968005,0.006038354313732778,0.5586841657675763,0.3001098916816281,-0.001955620751223665,0.03417696101366072,2.0454950078881695,1.5345800432785062,1.376346829084665,0.1582332141938413,1.115246964672508,0.6691481788035045,0.4460987858690035,0.0846546575325062,0.060037788466584766,0.07429402231076375,1.1526766472231122,0.10962887701694315,0.006116153226803976
2098,0.550035066626578,0.29752772952167,0.0007835842772843174,0.033647859029874855,1.9927783925382914,1.493819392681885,1.333885732647559,0.15993366003432602,1.0981544331512205,0.6588926598907322,0.4392617732604883,0.0861764039918981,0.06132694125303744,0.07564830753010945,1.1446807249307802,0.11243245356284529,0.0060378575475231585,0.5586452330369447,0.30008155962718325,-0.002009943909245332,0.03417457888430836,2.0456030362819906,1.5345347834359617,1.3763275754667272,0.15820720796923443,1.1154591013587727,0.6692754608152633,0.44618364054350934,0.08464928350756787,0.0600332358427354,0.07428767581637864,1.1527051450149362,0.10962155704540734,0.00611566756008563
2099,0.5499994490067377,0.2975067508846024,0.0007265135894627059,0.03364567970790179,1.9928243639641925,1.4937366370515528,1.333816762067344,0.15991987498420876,1.0983460031614143,0.6590076018968485,0.4393384012645658,0.08617513824202179,0.061325868968643456,0.07564572918368084,1.1446873153209407,0.11242642138320076,0.006037453092002345,0.558611135246627,0.3000609220227877,-0.0020651542136186987,0.03417249253280326,2.045652903278938,1.5344604241427011,1.3762675605807675,0.15819286356193368,1.1156422378302844,0.6693853426981704,0.44625689513211403,0.08464760124199168,0.0600318107056229,0.07428482597973338,1.1527140662557391,0.10961587776544732,0.006115275673519975
2100,0.5499654874372408,0.29748934486898243,0.0006696732688649676,0.03364360171169111,1.9928313702600828,1.4936365264108469,1.3337245946721108,0.15991193173873608,1.0985112926466203,0.659106775587972,0.4394045170586482,0.08617585044769052,0.06132647231614377,0.07564507548538543,1.144683607092474,0.11242106682825496,0.006037087879036439,0.5585786963654701,0.3000438728530633,-0.0021203005786669185,0.03417050768074016,2.045663902919378,1.5343681938722498,1.3761837582614296,0.15818443561082013,1.1158002410965815,0.6694801446579486,0.44632009643863285,0.08464787275515187,0.06003204071893745,0.07428386960300791,1.152712626399115,0.10961087263078599,0.006114923565710536
2101,0.5499347647412248,0.29747440328775565,0.000614862760563481,0.03364172187270959,1.992824995709771,1.4935393960903611,1.3336330391881273,0.15990635690223384,1.0986532608694064,0.6591919565216438,0.4394613043477626,0.08617708919341216,0.06132752172387453,0.07564505520194592,1.14467715739388,0.11241635178245657,0.006036763825956067,0.5585494930642388,0.3000292928171715,-0.002173559464801307,0.03416872078333379,2.0456619458076433,1.5342787723334945,1.376100372051633,0.15817840028186161,1.1159359562600177,0.6695615737560103,0.44637438250400735,0.08464867389959736,0.06003271941123069,0.07428353966977029,1.1527083778539058,0.10960649781311943,0.006114612738400159
2102,0.5499104152791693,0.29746201488069435,0.0005636841464198988,0.03364023192543364,1.9928309632471854,1.4934668750695774,1.3335660306087591,0.15990084446081843,1.0987748877307106,0.6592649326384263,0.43950995509228424,0.08617766704121063,0.06132801124963944,0.0756446292081347,1.144674148784502,0.1124127087539118,0.0060365026963595855,0.558526658104554,0.30001726285342484,-0.0022233362405853635,0.03416732347733823,2.0456730293246457,1.5342140839633363,1.3760416737765278,0.15817241018680847,1.1160522592468638,0.6696313555481179,0.4464209036987458,0.08464884419516744,0.060032863677713,0.07428282064315343,1.1527074747686368,0.10960316427443,0.006114364648659474
2103,0.5498946961314095,0.2974515145708018,0.0005172259110424945,0.03363926993527498,1.9928759045257476,1.493440489417524,1.3335482153176634,0.15989227409986062,1.0988794820134735,0.6593276892080842,0.4395517928053894,0.08617618993522233,0.061326759914182793,0.07564256297214403,1.144681839512962,0.11241038430084282,0.006036314426378396,0.5585124138366266,0.300007093308947,-0.002268564148017592,0.03416645170370881,2.0457240209464165,1.5341958935470115,1.3760326019805638,0.15816329156644773,1.1161523649430882,0.6696914189658527,0.44646094597723557,0.08464701899400556,0.06003131745222377,0.07428050356469758,1.1527171540485206,0.10960109699155275,0.006114188530364061
2104,0.5498893878728954,0.2974442676297073,0.0004758466168504061,0.03363894481404328,1.9929621084744553,1.493461793310896,1.3335798246514106,0.15988196865948534,1.0989704730384082,0.6593822838230449,0.43958818921536336,0.08617295502858657,0.061324019451816224,0.07563912178468991,1.1446986829069763,0.1124101135140175,0.0060362217249380476,0.5585085185677483,0.3000001427113796,-0.0023089180924030298,0.034166213012196606,2.045816978093318,1.5342255896395631,1.3760732113636558,0.15815237827590733,1.1162396112161046,0.6697437667296624,0.44649584448644214,0.08464349827182216,0.060028334860225574,0.0742768565936647,1.152735825495642,0.10960099860242016,0.006114106949352669
2105,0.5498922576834353,0.2974403871560724,0.00043820981103843276,0.0336391199830964,1.9930727989866595,1.4935139408017812,1.3336420170011716,0.15987192380060966,1.0990513033091467,0.6594307819854879,0.43962052132365875,0.08616893873119753,0.06132061703156523,0.07563513131700983,1.1447195957191876,0.11241184955962287,0.006036210474564427,0.5585126995060298,0.2999965167965043,-0.0023457399040423474,0.0341664683791741,2.045934607062272,1.534285900048696,1.3761441947774458,0.15814170527125013,1.1163173538080442,0.6697904122848262,0.446526941523218,0.08463924331855377,0.06002473026181937,0.07427269352691696,1.1527583918464885,0.10960281803311703,0.0061141056555914786
2106,0.5499023342286244,0.297438744977866,0.0004046581754567416,0.03363973605835947,1.9932133413038469,1.4935992164697938,1.3337385665948953,0.15986064987489837,1.0991246245149193,0.6594747747089515,0.43964984980596783,0.0861636957483032,0.06131617542043754,0.07563016974357999,1.1447468973739703,0.11241490652396348,0.006036265267821287,0.5585239531040288,0.2999950764548515,-0.0023786613192555497,0.03416715645022281,2.0460821780950753,1.5343790595544966,1.3762492830980082,0.15812977645648846,1.1163881583284458,0.6698328949970672,0.4465552633313786,0.08463381960019188,0.060020135540014036,0.07426760272490553,1.1527871584778433,0.10960588795001103,0.006114168851708685
2107,0.5499179400508252,0.2974376987083699,0.00037630041788608293,0.033640690432687345,1.9933884592870614,1.4937190688011195,1.3338728819415702,0.15984618685954935,1.0991926289091523,0.6595155773454913,0.439677051563661,0.08615668315744818,0.06131023467979365,0.07562372305709138,1.1447834165362014,0.11241872250196108,0.006036361903411494,0.5585405640777314,0.2999941659154537,-0.0024065466894750767,0.03416817230425268,2.0462643241950262,1.5345064669898516,1.3763918443251824,0.15811462266466936,1.116454133116407,0.6698724798698439,0.4465816532465631,0.08462669535945769,0.06001410021478812,0.07426108075294889,1.152824947301608,0.10960965855860878,0.006114271870017077
2108,0.549938609070858,0.2974373808602241,0.0003546464195347404,0.033641954595727656,1.9935940993335848,1.493869095923171,1.3340399269165435,0.15982916900662753,1.099256954028402,0.6595541724170413,0.43970278161136084,0.08614818565013337,0.061303035987025106,0.0756160305185556,1.1448276727318611,0.11242323014120219,0.0060364982879407185,0.5585620662353956,0.29999392609040065,-0.002427857399626532,0.03416948742407563,2.0464767897212988,1.5346635917962153,1.3765666901491116,0.15809690164710358,1.1165168326203125,0.6699100995721872,0.44660673304812537,0.08461815452370557,0.06000686481618374,0.07425336713029718,1.152870254400382,0.10961406570196967,0.006114412739632697
2109,0.5499666877059559,0.2974382055134392,0.0003423897735801984,0.033643672090158304,1.9938454827323684,1.4940626597168605,1.3342540944685282,0.15980856524833237,1.0993189804397336,0.6595913882638402,0.4397275921758934,0.08613757200853406,0.061294044603764315,0.0756065483738542,1.1448829563607361,0.11242844594786967,0.00603669344154031,0.5585908237849897,0.29999477755579707,-0.0024398713077278603,0.034171246440756683,2.0467349697978134,1.534863999103252,1.3767884322345973,0.1580755668686547,1.1165775626053607,0.6699465375632161,0.44663102504214464,0.08460758252787959,0.059997908713284136,0.07424393278478705,1.1529263427980612,0.10961912707421002,0.006114610526641471
2110,0.5500050584072751,0.297441070209066,0.0003413929039561628,0.033646019221097695,1.994157366723282,1.4943130021839002,1.3345291147611111,0.15978388742278893,1.0993804199369515,0.6596282519621709,0.43975216797478056,0.08612435461372067,0.0612828474419453,0.07559486476963934,1.1449518120519895,0.11243486485800407,0.00603697378729704,0.558629728205411,0.2999976156048561,-0.0024407338817600543,0.03417362621161788,2.0470537895239973,1.5351211142025192,1.377071006862904,0.15805010733961514,1.1166379711018226,0.6699827826610932,0.4466551884407294,0.0845945041024965,0.05998682927989958,0.07423237651119229,1.1529957386642269,0.10962531853306083,0.006114891600189866
2111,0.5500520758965337,0.2974468609304825,0.0003503253462473696,0.03364889530655675,1.9945089794225634,1.4946011588525656,1.3348429456477366,0.15975821320482902,1.0994433896247113,0.6596660337748268,0.43977735584988453,0.08610984687048377,0.0612705571569878,0.07558211915691174,1.145027402303324,0.11244293323634734,0.006037335237439739,0.558677117669802,0.30000332253150924,-0.0024317925267763885,0.03417652504234291,2.0474120505868845,1.5354156152127933,1.377391978807251,0.1580236364055423,1.1167001196327229,0.6700200717796334,0.44668004785308946,0.08458020595932697,0.05997471655836548,0.07421981544339878,1.1530716190695345,0.10963306832119238,0.0061152519920353605
2112,0.5501012049432926,0.2974548749801207,0.00036518884968057136,0.03365190056410482,1.9948566074092229,1.494886243656083,1.3351509279042946,0.15973531575178834,1.0995094658415472,0.6597056795049283,0.4398037863366188,0.08609614114203797,0.061258946301639826,0.0755700936351299,1.145098825822721,0.1124520778485831,0.0060377283553105995,0.5587264195965914,0.3000111914300299,-0.0024170276696584905,0.03417954086578935,2.0477652765736827,1.5357059540259204,1.3777059578516364,0.157999996174284,1.116765531203411,0.6700593187220463,0.4467062124813647,0.0845667327398778,0.05996330267381976,0.07420799206721655,1.1531431335940399,0.10964182247302602,0.006115642395871812
2113,0.5501461915119874,0.29746365499186095,0.0003824177409904386,0.033654652445849975,1.9951655512486055,1.4951355300410882,1.335418295100975,0.15971723494011314,1.099578760246051,0.6597472561476305,0.43983150409842037,0.08608465840687915,0.06124921866275837,0.07555998382270859,1.1451586738426096,0.11246112465808591,0.0060380996621525376,0.5587713655222262,0.3000197725561057,-0.0023999554924131195,0.03418229025168612,2.0480782177511268,1.5359589462877106,1.377977660549694,0.15798128573801648,1.1168342620023883,0.6701005572014327,0.44673370480095564,0.08455547139277536,0.059953762584597454,0.07419807426336461,1.1532029166462197,0.10965045315131786,0.006116009578067489
2114,0.550183353501647,0.29747142556166095,0.00039982507125321115,0.033656925737436845,1.9954239784350511,1.4953372396131979,1.335633904920745,0.1597033346924529,1.0996501225238433,0.659790073514306,0.43986004900953735,0.08607555672167247,0.06124150813859505,0.07555189626726681,1.1452061176553134,0.11246894812030699,0.006038410452841595,0.5588082849048512,0.30002730407715794,-0.0023827177982900724,0.034184548692908184,2.048338926835406,1.536162752199767,1.3781958614914496,0.15796689070831726,1.1169051089065947,0.6701430653439565,0.44676204356263816,0.08454657212446973,0.05994622353861327,0.07419016296466131,1.1532501658904382,0.10965788111393386,0.006116315049832709
2115,0.550212673739775,0.29747750686052943,0.00041705966487345925,0.03365871940100578,1.9956375993302697,1.495496798197904,1.3358045307471968,0.15969226745070697,1.099721780971788,0.6598330685830728,0.4398887123887153,0.08606833986599696,0.06123539435430064,0.0755453987984672,1.1452437401886417,0.11247508339432326,0.006038655263968139,0.5588372070435799,0.30003312982832475,-0.0023656396637537352,0.03418631799443485,2.0485533277714207,1.5363230375587262,1.3783675747732775,0.15795546278544878,1.1169762549969056,0.6701857529981432,0.4467905019987624,0.08453954753256634,0.05994027263123969,0.0741838341360235,1.1532874654193548,0.10966366743540701,0.006116553748233415
2116,0.5502347226385422,0.2974812973093474,0.00043435056965632907,0.03366006832042524,1.9958160960965012,1.495623189567659,1.335940813522963,0.15968237604469618,1.0997921376225641,0.6598752825735383,0.4399168550490257,0.0860623351957499,0.06123030747709258,0.07553990765725264,1.1452750458872316,0.11247938428787026,0.0060388331908574604,0.55885874658366,0.30003666494344,-0.002348477151037226,0.034187635745955125,2.048731418788217,1.5364491040299244,1.3785037762446586,0.1579453277852657,1.117046070905931,0.6702276425435585,0.4468184283623726,0.08453373471777884,0.05993534828504901,0.07417851266183464,1.1533183329813572,0.10966767769976098,0.0061167250635287265
2117,0.5502516060766393,0.29748300215387324,0.0004526558764459676,0.033661101298815846,1.995973283917666,1.4957297647402454,1.3360573628848564,0.159672401855389,1.099859868388016,0.6599159210328096,0.43994394735520653,0.0860568531857567,0.06122566337332978,0.07553483944496119,1.1453036286261893,0.1124820616835477,0.006038959993978365,0.5588750601865403,0.3000381287326227,-0.0023302643371992462,0.034188633857079924,2.048887421759181,1.536554693000486,1.3786194938799394,0.15793519912054668,1.1171132131320698,0.6702679278792416,0.44684528525282813,0.08452845396015023,0.059930874672924295,0.07417362343281464,1.1533463770592987,0.10967012179680209,0.006116845070304374
2118,0.5502656435348706,0.2974835284280919,0.0004728195487837608,0.033661960193533,1.9961178629108451,1.4958256641062182,1.3361633412521199,0.15966232285409823,1.0999242027645424,0.6599545216587254,0.439969681105817,0.08605163748642869,0.06122124487556985,0.07552999572690272,1.1453308245835754,0.11248365333689943,0.006039058396350537,0.5588885116863778,0.3000384371530076,-0.002310160138032681,0.034189456898328446,2.049030353550124,1.5366492426822433,1.3787242112364217,0.1579250314458216,1.1171769038561707,0.6703061423137022,0.4468707615424685,0.08452344952419924,0.05992663514766631,0.07416896818203045,1.1533729553521885,0.10967152360877166,0.0061169368074959814
2119,0.5502771801286819,0.29748408394820297,0.0004944997308399812,0.033662666082182276,1.9962401364520292,1.495903475408746,1.336249189734992,0.15965428567375403,1.0999849111950621,0.6599909467170373,0.4399939644780249,0.08604744201582876,0.061217690668112355,0.0755260528160079,1.14535270204129,0.11248472775432206,0.0060391402345054334,0.5588994765957678,0.3000388053399681,-0.0022885078214526233,0.034190127806767306,2.0491505148622857,1.5367253443920033,1.3788083653775884,0.1579169790144148,1.1172369158078292,0.6703421494846973,0.4468947663231319,0.08451945488344795,0.059923251073911055,0.07416520550497371,1.1533941718270242,0.10967243642670152,0.006117012521441041
2120,0.5502845078879554,0.297485063294947,0.0005157301586668703,0.03366311446833107,1.9963224557390795,1.4959477780215966,1.3362973420783042,0.1596504359432923,1.1000418561012923,0.6600251136607753,0.440016742440517,0.08604523964593117,0.06121582492282161,0.07552385884369639,1.145364186819188,0.11248537746317216,0.006039197152451986,0.5589062588880066,0.30003962937025414,-0.0022672690122430283,0.03419054281664393,2.049230120689201,1.536767452000286,1.3788542489614812,0.15791320303880477,1.1172931195461997,0.6703758717277196,0.4469172478184801,0.08451741550758865,0.05992152340958469,0.07416316009032015,1.1534050038130343,0.10967295290853085,0.00611706413949243
2121,0.5502853861910856,0.2974862362392249,0.0005339250751555669,0.03366316828870579,1.996349111119127,1.49594445760615,1.3362923678778746,0.15965208972827535,1.100094572068754,0.6600567432412523,0.4400378288275017,0.08604575452436618,0.061216261103872086,0.0755240364244833,1.145361501804459,0.11248535306011558,0.0060392122936470585,0.5589066267112767,0.3000406808323776,-0.002249020573982262,0.03419056540124467,2.0492533543205904,1.5367613513640386,1.3788463186990816,0.15791503266495688,1.1173450593691814,0.6704070356215087,0.44693802374767266,0.084518033068959,0.059922046578839636,0.07416343545968164,1.1534017236185992,0.1096728360756974,0.0061170750205342805
2122,0.5502790829304601,0.29748722062102456,0.0005476900407678301,0.0336627827691599,1.9963176665306996,1.4958914131273966,1.3362323512706424,0.1596590618567542,1.1001421921000956,0.6600853152600572,0.4400568768400383,0.08604899671608203,0.06121900773781949,0.07552659121157411,1.1453445947733463,0.11248438817975155,0.00603917773023619,0.5588998622210687,0.3000415800927601,-0.0022351459310560873,0.0341901516590198,2.0492178723537777,1.536705021664538,1.3787827450890666,0.15792227657547137,1.1173918787745187,0.6704351272647111,0.4469567515098076,0.08452131173741176,0.05992482411418114,0.07416603220286991,1.1533843094117788,0.10967183228285196,0.0061170373532993
2123,0.5502630698881295,0.2974870564844885,0.0005553105030006653,0.03366180325282658,1.996217289436577,1.4957784493431032,1.33610701575087,0.15967143359223313,1.1001837894761783,0.660110273685707,0.4400735157904714,0.08605526692212465,0.06122431956459694,0.07553176814172559,1.1453118994632956,0.11248217550227675,0.006039068918176611,0.5588834398478694,0.3000413699131361,-0.002227347336130517,0.03418914709510851,2.0491127751921803,1.5365882033442726,1.378653177187412,0.1579350261568607,1.1174326633412806,0.6704595980047683,0.4469730653365123,0.08452754033182931,0.05993010068952619,0.07417118536161331,1.153351228996134,0.10966964670572515,0.006116926691743971
2124,0.5502374935944251,0.2974847770346665,0.000556196245221928,0.03366023872418932,1.9960581867201428,1.4956145227518634,1.335927372016431,0.15968715073543216,1.1002180245061863,0.6601308147037117,0.44008720980247457,0.08606379349134353,0.061231542877258224,0.07553888912404787,1.1452674425330827,0.11247833527150702,0.006038879216379621,0.5588575257577195,0.30003908888331143,-0.002226204185323856,0.03418756189523789,2.0489485546917874,1.5364201084228637,1.3784689037057516,0.1579512047171122,1.1174660849767264,0.6704796509860358,0.4469864339906906,0.08453595908758857,0.059937232667641546,0.07417822702427442,1.1533065204790427,0.10966591575407504,0.006116736415431293
2125,0.5502065561453183,0.29748028019375444,0.0005518077000678731,0.03365834624535398,1.9958740232355348,1.4954304663519062,1.3357277907708633,0.159702675581043,1.1002437207744524,0.6601462324646714,0.44009748830978107,0.0860728241704621,0.06123919324836795,0.07554644681226513,1.1452203621524446,0.11247305816337246,0.006038636032588656,0.5588263559451518,0.3000346386674987,-0.0022302698816536737,0.034185655195128895,2.048759515929375,1.536232142030719,1.3782649269510165,0.15796721507970238,1.1174909816305978,0.6704945889783587,0.44699639265223917,0.08454485130322223,0.05994476573893022,0.07418567967750478,1.1532593025569902,0.10966082478799048,0.006116493841478997
2126,0.5501752295651702,0.2974743334648757,0.0005441569059172618,0.033656429949638994,1.9956962863314438,1.4952554933233206,1.3355398903758013,0.15971560294751921,1.1002606599260711,0.6601563959556426,0.44010426397042857,0.08608094075311518,0.061246069239489276,0.07555323453261234,1.1451780516418144,0.11246713401032714,0.006038378803100078,0.5587949240294301,0.30002878321169246,-0.002237571025248637,0.03418373244897465,2.0485776898100796,1.5360539923992442,1.3780733970161385,0.15798059538310574,1.1175071546565685,0.6705042927939411,0.44700286186262744,0.08455282933385234,0.05995152435522516,0.07419236192794043,1.1532169433031538,0.1096551332761631,0.006116238241865178
2127,0.5501446810459915,0.2974675782993564,0.0005335631473958533,0.03365456120944542,1.9955281793546473,1.4950926882045963,1.3353663954467487,0.1597262927578476,1.1002696398464977,0.6601617839078986,0.4401078559385992,0.08608815068433401,0.06125217715770622,0.07555926739970789,1.1451404708097779,0.11246124541270508,0.006038120422748299,0.558764388648051,0.3000221547158065,-0.0022478216218880798,0.034181864505769835,2.0484063177822645,1.535888757327093,1.377897063384186,0.157991693942907,1.1175154239967975,0.6705092543980784,0.447006169598719,0.08455990028261955,0.059957514533976575,0.07419828815536655,1.1531794036041267,0.10964949479225437,0.006115982382343812
2128,0.5501158004779642,0.2974605180524038,0.0005201668459485081,0.033652794462256594,1.9953722046380258,1.494944285506637,1.335209237395398,0.1597350481112389,1.1002716120710463,0.6601629672426277,0.4401086448284186,0.08609447009411599,0.06125753066760197,0.07556456436429802,1.1451075343680488,0.11245565174158398,0.006037870835776105,0.5587356301786188,0.3000152478611382,-0.0022608945623631554,0.03418010522113628,2.0482479223861496,1.5357386711647978,1.3777378667901128,0.1580008043746849,1.1175167593267281,0.6705100555960368,0.4470067037306913,0.08456607980271286,0.059962749535837793,0.0742034765725124,1.1531465991308538,0.10964415642057124,0.0061157360779883815
2129,0.5500893504563459,0.2974535620786811,0.0005043276961370566,0.03365117636111889,1.9952308617417522,1.4948123798478117,1.3350702951660318,0.15974208468177994,1.1002676109595342,0.6601605665757204,0.44010704438381376,0.08609989650484542,0.06126212767025581,0.07556912595115786,1.145079254175857,0.11245053544268518,0.006037638390689291,0.5587093996007194,0.3000084639945406,-0.0022764383270749075,0.03417850053754547,2.048105001700358,1.535605811513967,1.3775976760424908,0.15800813547147607,1.117512209429779,0.6705073256578673,0.44700488377191155,0.0845713662619495,0.05996722797809954,0.07420792818232913,1.153118537485514,0.10963929128671823,0.006115507535791601
2130,0.5500660050924957,0.2974470513285581,0.00048663652999245133,0.03364974814754036,1.9951066744212564,1.4946989936799508,1.3349514424483468,0.15974755123160408,1.1002587199548495,0.6601552319729096,0.4401034879819399,0.08610441224940041,0.061265953198904176,0.0755729379146654,1.1450557213925907,0.11244604493111032,0.006037430302613113,0.5586863574730915,0.3000021365352126,-0.002293867437089238,0.034177090867432126,2.047980058786853,1.5354921690222136,1.377478337742686,0.1580138312795277,1.117502868406945,0.670501721044167,0.44700114736277796,0.08457574399775308,0.059970936592155924,0.0742116302755653,1.1530953008916263,0.10963503953410995,0.0061153038172864
2131,0.5500463355589239,0.29744126678116367,0.00046783966662151955,0.03364854476673591,1.9950019766327396,1.494605905213909,1.3348543472460215,0.15975155796788743,1.1002460489778636,0.6601476293867181,0.44009841959114554,0.08610799648839348,0.06126898959938779,0.07557598190175077,1.1450370438413475,0.11244230071568374,0.0060372526226394295,0.5586670597384904,0.29999653934100273,-0.0023124389528097963,0.03417591022434015,2.047875387734407,1.5353994752829285,1.377381475897886,0.15801799938504246,1.1174898530608686,0.6704939118365212,0.4469959412243474,0.08457919490845583,0.05997386004311636,0.0742145667231523,1.153076984658059,0.10963151423862176,0.0061151308114500424
2132,0.5500307839929596,0.2974364312934447,0.0004487422036887276,0.03364759327102147,1.994918672906698,1.494534447125866,1.334780246191581,0.15975420093428497,1.100230711191862,0.6601384267151171,0.440092284476745,0.08611063701718383,0.06127122653250288,0.07557824580273659,1.145023284493079,0.11243939397321319,0.006037110077073085,0.5586519320264274,0.2999918886297185,-0.002331349791571846,0.03417498465073182,2.0477928338313607,1.535329001409326,1.3773082660098728,0.15802073539945327,1.1174742797024797,0.6704845678214879,0.4469897118809918,0.08458170985286947,0.05997599058699153,0.07421672797740773,1.153063636684406,0.10962880011938116,0.006114993079503434
2133,0.550019640298372,0.2974327040514924,0.0004301195332108848,0.03364691140060596,1.994858095240301,1.4944853864011127,1.3347298171175406,0.1597555692835722,1.1002137968712677,0.6601282781227605,0.4400855187485072,0.08611233544995792,0.061272665365713117,0.07557972825388251,1.145014434470903,0.11243738215477678,0.0060370058678676525,0.5586412469328124,0.29998833754219606,-0.0023498256398049727,0.03417433082802374,2.0477336520332217,1.5352814393424854,1.3772593091507113,0.15802213019177405,1.1174572381375172,0.6704743428825104,0.4469828952550068,0.08458329356309302,0.05997733223259549,0.07421811534266345,1.1530552314026687,0.10962694939948281,0.0061148936604341775
2134,0.5500130380903248,0.2974301743255029,0.00041266347279628884,0.03364650733541669,1.9948210176093313,1.4944589464432565,1.3347032104630423,0.15975573598021425,1.100196345243815,0.660117807146289,0.4400785380975261,0.08611310423708292,0.06127331664639016,0.07558043609184578,1.1450104286018312,0.11243628582775772,0.006036941596185917,0.5586351205397594,0.2999859700062635,-0.0023671750424507226,0.034173955863578506,2.0476985257569678,1.5352569278132633,1.3772346675307707,0.15802226028249255,1.1174397637103284,0.6704638582261971,0.44697590548413124,0.08458396156421176,0.059977898132058116,0.074218738343767,1.1530516861334665,0.10962597885447423,0.0061148339986585466
2135,0.5500109778253995,0.2974288665867555,0.0003969689038172547,0.0336463811097822,1.9948077715900172,1.4944549303011685,1.334700180587518,0.1597547497136505,1.1001793183374988,0.6601075910024992,0.44007172733499966,0.08611296120949899,0.06127319548007679,0.07558037989579858,1.1450111738422435,0.112436091317581,0.0060369174580751014,0.5586335362704529,0.2999848059819075,-0.0023828028586664884,0.03417385874972814,2.047687688399081,1.5352551808421295,1.3772340015307327,0.15802117931139684,1.1174228114472473,0.6704536868683484,0.44696912457889887,0.08458373469963631,0.059977705942946866,0.07421861024467555,1.1530528901377257,0.10962587246222696,0.006114814144468459
2136,0.5500133611758382,0.29742875544218034,0.00038354192224973604,0.03364652671482081,1.9948183555778816,1.4944728439017598,1.3347202063365844,0.15975263756517552,1.100163582068829,0.6600981492412972,0.4400654328275317,0.08611192687891911,0.06127231924334175,0.07557957206758359,1.145016563336729,0.11243675813041787,0.006036932593002045,0.5586363799859501,0.2999848164940573,-0.002396202160495131,0.034174032510363175,2.047701038178741,1.5352756159083285,1.3772566956447732,0.15801892026355538,1.117407237556613,0.6704443425339679,0.4469628950226452,0.08458263636784316,0.05997677548736219,0.07421774606379444,1.1530587192712423,0.10962658865572987,0.006114833107631709
2137,0.5500200145900193,0.29742978244838214,0.000372806115724697,0.03364693353927403,1.99485244440846,1.494511926763677,1.334762506750192,0.1597494200134849,1.1001498960971137,0.6600899376582681,0.4400599584388456,0.08611002744366623,0.06127071013018508,0.07557802982428671,1.1450264607437157,0.1124382272919142,0.006036985374553892,0.5586434640781687,0.29998594046799665,-0.0024069479888145714,0.034174465674340626,2.047738151418162,1.5353173877001693,1.3773018775392767,0.15801551016089277,1.1173937897981419,0.6704362738788852,0.4469575159192567,0.08458069534099756,0.05997513113974361,0.07421616539568751,1.1530690210115904,0.10962806843295175,0.006114889152405172
2138,0.5500306916704851,0.29743187018803513,0.00036509646057984735,0.03364758651463549,1.9949092623147742,1.4945710539227433,1.3348259166715306,0.15974513725121264,1.1001389094054062,0.6600833456432436,0.4400555637621626,0.08610730423176727,0.061268403151788,0.07557578365694259,1.1450406510118714,0.11244042764907021,0.006037073537301374,0.5586545301459293,0.2999880987719149,-0.0024147034482745328,0.034175142438842995,2.047798156422694,1.5353792905296209,1.3773682942423173,0.1580109962873035,1.1173831036339614,0.6704298621803768,0.44695324145358456,0.08457795488724397,0.05997280955484962,0.07421390058678436,1.1530835660228487,0.1096302414811823,0.006114979927978168
2139,0.550045059148345,0.2974349323996877,0.000360641709894971,0.033648465257026555,1.9949873664941973,1.4946485530195939,1.3349086724148198,0.15973988060477398,1.1001311567989627,0.6600786940793775,0.4400524627195852,0.08610382677685652,0.06126545721380977,0.07557288883789355,1.145058772208903,0.11244327884914172,0.00603719416242928,0.5586692351353557,0.29999120432327286,-0.002419237245481369,0.03417604182140875,2.0478795159818617,1.5354595741283426,1.3774540964020112,0.15800547772633144,1.1173756992997508,0.6704254195798505,0.44695027971990037,0.08457448546834456,0.05996987042460626,0.07421100791353095,1.1531019807269658,0.10963302909633833,0.006115102457604604
2140,0.5500626802425981,0.2974388779780816,0.0003595430390448476,0.03364954304933248,1.9950844707602324,1.4947420527465638,1.3350082389909914,0.15973381375557238,1.1001270529487353,0.660076231769241,0.44005082117949423,0.08609970240321599,0.0612619632363878,0.07556943380532344,1.1450802655123797,0.11244669090230983,0.006037343597587586,0.5586871348222279,0.2999951660881599,-0.002420444924821373,0.034177136649595166,2.0479798501593183,1.5355557910217374,1.37755666432121,0.1579991267005274,1.117371976396847,0.6704231858381082,0.4469487905587389,0.08457039404147887,0.059966404358158774,0.07420757572094137,1.1531236978710266,0.1096363438070668,0.006115253061160842
2141,0.5500830109250333,0.29744361114244217,0.0003617593374239947,0.03365078661294259,1.995197408797465,1.494848454635113,1.3351212785760365,0.1597271760590766,1.1001268837023814,0.6600761302214286,0.44005075348095274,0.08609507781741754,0.06125804550250285,0.07556554158890146,1.1451043668280616,0.11245056283765989,0.006037517433306522,0.5587076802342782,0.29999988927217314,-0.0024183634959203462,0.03417839334234733,2.048095900517836,1.5356647689317642,1.3776725770848712,0.15799219184689295,1.117372205721608,0.6704233234329646,0.4469488822886433,0.08456582556473165,0.059962534157251,0.07420372577081803,1.1531479484497975,0.1096400881182187,0.006115427333107386
2142,0.5501054238920651,0.2974490342382114,0.0003671113771285678,0.03365215757442131,1.995322290351558,1.4949640810151936,1.3352438118412682,0.15972026917392543,1.1001307975171497,0.6600784785102898,0.44005231900686,0.08609013157503603,0.061253855276128914,0.07556136341621386,1.1451301459523284,0.11245478395495775,0.006037710686276513,0.5587302418768363,0.3000052781597435,-0.0024131672859173184,0.03417977339219524,2.048223689958435,1.5357827617886675,1.3777977772406533,0.15798498454801402,1.117376521196303,0.6704259127177816,0.44695060847852125,0.08456095560718627,0.059958408555840365,0.07419960696447606,1.153173800837331,0.10964415574811738,0.00611562032627721
2143,0.5501292683049707,0.2974550582843794,0.0003753092102343619,0.03365361612015164,1.9954548656493765,1.4950850149662676,1.3353715841230676,0.15971343084319997,1.100138802543848,0.6600832815263088,0.4400555210175393,0.08608505798706308,0.06124955716849589,0.07555706506049524,1.1451565903675136,0.11245924026162496,0.006037918283840348,0.5587541697811123,0.30001124665243106,-0.0024051407508383846,0.0341812370387402,2.0483588936518258,1.5359057952638326,1.377927943180602,0.15797785208323076,1.1173849174520398,0.6704309504712238,0.4469539669808161,0.08455597461076231,0.059954188887458904,0.07419538198305115,1.1532002442542462,0.10964843783926831,0.006115827035175485
2144,0.5501539601637769,0.29746162518800967,0.00038599564181024393,0.03365512652475458,1.995591021455152,1.4952075636336293,1.3355005558848776,0.1597070077487517,1.1001507759504574,0.6600904655702744,0.44006031038018306,0.08608004742225711,0.06124531245115716,0.07555281024877569,1.145182707868269,0.11246382763373045,0.006038135846039306,0.5587788840880958,0.3000177403419863,-0.0023946355039054304,0.03418274880991955,2.0484973430138727,1.5360301367982494,1.3780589872160378,0.15797114958221153,1.1173972596630584,0.6704383557978348,0.44695890386522347,0.08455106864501494,0.05995003278157515,0.07419121106491593,1.1532262908994741,0.10965283560234222,0.006116043174411003
2145,0.5501790920326539,0.29746874583779565,0.0003987967459222752,0.03365666386314274,1.9957272794083087,1.4953287299959024,1.3356273851754088,0.15970134482049358,1.100166490388167,0.6600998942328999,0.44006659615526694,0.0860752706263575,0.06124126577195757,0.07554874776387457,1.1452076083067726,0.11246847179803596,0.006038360722597783,0.5588039847109638,0.3000247742564093,-0.002382020615470354,0.03418428423020433,2.048635530981761,1.5361527730010591,1.3781875446731384,0.15796522832792081,1.1174133105143715,0.6704479863086228,0.4469653242057487,0.08454640410906529,0.05994608120378118,0.07418723941053235,1.1532510571820347,0.10965727947263074,0.006116266209396738
2146,0.550204558708039,0.29747655839437565,0.00036658175773007784,0.033658221697808244,1.9958612269316711,1.4954466334359846,1.3357498310781426,0.15969680235784206,1.100185659755881,0.6601113958535285,0.44007426390235255,0.08607087160612845,0.06123753912672637,0.07554500624014138,1.1452305407351,0.11247315442656755,0.006038593295998318,0.5588293765255797,0.3000324905225219,-0.0024151573776467553,0.03418583747866664,2.048771047440887,1.536271833431466,1.378311381597811,0.15796045183365498,1.117432776405127,0.6704596658430761,0.4469731105620509,0.08454212083071869,0.05994245260968681,0.0741835921294087,1.153273800410915,0.10966175408609644,0.006116496649836493
2147,0.5501962956436094,0.2974795283548671,0.0003582995767025879,0.03365771615982561,1.9957788809907309,1.495363383356169,1.3356540776775907,0.1597093056785784,1.1002080055219006,0.6601248033131402,0.4400832022087604,0.0860763639746778,0.06124219200577592,0.07554968200285184,1.1452019087218828,0.1124727577598327,0.0060385612040386345,0.5588210820590206,0.3000354651733948,-0.0024233987610248753,0.03418533001286035,2.04868730198417,1.5361871923862997,1.3782140775423317,0.15797311484396792,1.1174553740697304,0.6704732244418381,0.44698214962789223,0.08454749784129026,0.059947007762825716,0.0741881713995042,1.153245249834109,0.10966137776513041,0.006116465471712691
2148,0.550189117940688,0.2974820179766653,0.0003511635764794352,0.03365727702127764,1.9957077018722256,1.4952918089496685,1.3355718234131664,0.15971998553650224,1.1002264640984325,0.6601358784590593,0.4400905856393732,0.08608106847134872,0.0612461774364334,0.07555368967143461,1.145177385418567,0.11247230379848265,0.006038532613438862,0.5588138815031953,0.3000379600017668,-0.0024304919181725934,0.03418488946937866,2.0486149471465884,1.5361144459343288,1.3781305153018515,0.1579839306324772,1.1174740530745617,0.6704844318447369,0.4469896212298248,0.0845521025417541,0.05995090865078055,0.07419209548744649,1.1532208015019383,0.1096609493109069,0.006116437700159117
2149,0.5501829611346426,0.2974841632837817,0.00034512280179128246,0.03365690033226901,1.9956461560718606,1.495230337036681,1.3355011713058245,0.15972916573085666,1.100241641276727,0.660144984766036,0.4400966565106911,0.08608511120954324,0.06124960225610438,0.07555713748562372,1.145156312786785,0.1124719160748885,0.006038508164188025,0.5588077069504522,0.3000401094662611,-0.0024364961566301496,0.034184511687816735,2.048552412140265,1.5360519831745534,1.3780587576996184,0.15799322547493488,1.1174894240677447,0.6704936544406467,0.44699576962709797,0.084556058586154,0.059954260027502995,0.07419547053873202,1.1531997982470892,0.10966058372965107,0.006116413964716259
2150,0.5501777257975852,0.29748604500042897,0.0003400259125820593,0.03365658001044053,1.9955929519931221,1.4951775973111692,1.3354405103675326,0.1597370869436366,1.1002540693759828,0.6601524416255895,0.44010162775039335,0.08608859144631119,0.061252550550742586,0.07556010979236968,1.1451381729866972,0.1124715948186519,0.006038487825397516,0.5588024577193996,0.30004199394017045,-0.0024415623253654997,0.03418419050914437,2.0484983785242954,1.5359984073064292,1.3779971646936588,0.15800124261277035,1.1175020230510608,0.6705012138306364,0.4470008092204244,0.0845594632347737,0.05995714428737946,0.07419837923621406,1.1531817232392139,0.10966028125921373,0.0061163942429921046
2151,0.5501733115954184,0.29748771787553463,0.00033574021828272627,0.03365630991804346,1.9955470116483214,1.495132425590356,1.3353884870895807,0.15974393850077526,1.1002642075979017,0.6601585245587407,0.4401056830391609,0.0860915896352607,0.061255090476900934,0.07556267458859149,1.1451225463335528,0.1124713366373698,0.006038471355176302,0.5587980325340975,0.3000436681204826,-0.002445822579773653,0.03418391973800322,2.0484517447982142,1.5359525312801194,1.3779443574243135,0.158008173855806,1.1175123122898347,0.6705073873739008,0.4470049249159339,0.08456239540826693,0.05995962828831525,0.0742008883143342,1.153166157157131,0.10966003867440823,0.006116378302332784
2152,0.5501696198727724,0.2974892195769808,0.00033214876751599953,0.03365608402005529,1.9955074048234291,1.4950938094811246,1.3353439353291123,0.15974987415201225,1.1002724491571951,0.6601634694943168,0.44010897966287826,0.08609417295813498,0.06125727894782598,0.0755648884358002,1.1451090824213157,0.1124711359805411,0.006038458388145531,0.5587943320094273,0.3000451697690021,-0.002449393311785078,0.03418369329473274,2.048411560162314,1.5359133228807893,1.3778991476217115,0.15801417525907777,1.1175206875676709,0.6705124125406026,0.4470082750270683,0.08456492104500052,0.059961767890226295,0.0742030533193947,1.153152749703149,0.10965985068311922,0.006116365786544632
2153,0.5501665549459293,0.2974905758795261,0.0003291481340299898,0.0336558964632619,1.9954733106304055,1.4950608551471065,1.3353058337007875,0.159755021446319,1.1002791282160302,0.660167476929618,0.4401116512864123,0.08609639863648522,0.06125916443895312,0.07556679938497102,1.1450974828319855,0.11247098592160064,0.006038448485049149,0.558791259892135,0.3000465248276528,-0.002452377373610308,0.03418350529127906,2.0483769857030274,1.5358798710442294,1.3778604945753539,0.15801937646887548,1.1175274852127892,0.6705164911276735,0.4470109940851157,0.08456709631851116,0.05996361068071892,0.07420492145146493,1.1531412024926824,0.10965971067468439,0.00611635626523464
2154,0.5501640255783694,0.29749180443819984,0.0003266468771395137,0.03365574166651455,1.9954439946619835,1.4950327669582693,1.3352732788318158,0.15975948812645352,1.1002845263836132,0.6601707158301677,0.4401138105534455,0.08609831612664454,0.06126078884738636,0.07556844891149933,1.14508748967449,0.11247087875683152,0.006038441172429843,0.5587887245054189,0.30004775115247906,-0.002454865627981903,0.0341833501195586,2.0483472712481325,1.535851365158929,1.3778274780461701,0.15802388711275872,1.1175329886699374,0.6705197932019624,0.447013195467975,0.08456896977671846,0.05996519778733143,0.07420653345037456,1.1531312576771457,0.10965961129543356,0.006116349273400492
2155,0.5501619463780723,0.29749291744166956,0.0003245644900287739,0.03365561440620175,1.9954187967238288,1.4950088357475648,1.3352454694072735,0.15976336634029129,1.1002888788609257,0.6601733273165553,0.4401155515443705,0.08609996851938387,0.06126218867762159,0.0755698731430888,1.1450788782747425,0.11247080650598049,0.006038435972944836,0.5587866401258345,0.3000488611463576,-0.0024569380134660534,0.03418322253568276,2.048321742863861,1.5358270830590084,1.3777992820414449,0.15802780101756353,1.1175374347040272,0.6705224608224163,0.44701497388161093,0.08457058371076012,0.059966565037147646,0.07420792479668054,1.1531226906624445,0.10965954493006075,0.0061163443417232635
2156,0.5501602394245001,0.2974939237511038,0.0003228307408713396,0.03365550991577359,1.9953971254315563,1.4949884329196252,1.335221697281288,0.15976673563833718,1.1002923802504476,0.6601754281502684,0.4401169521001792,0.08610139346830728,0.06126339582804001,0.07557110367239317,1.1450714523258871,0.11247076140216448,0.006038432433163476,0.558784928590244,0.3000498638816695,-0.002458664221369339,0.03418311775825714,2.048299797275215,1.5358063849314987,1.37777518571994,0.15803119921155853,1.1175410192587913,0.6705246115552748,0.4470164077035166,0.08457197506558445,0.05996774372820861,0.07420912650872938,1.15311530526408,0.10965950417159237,0.006116341024286796
2157,0.5501588351908183,0.2974948303126797,0.0003213849562300544,0.033655423942153255,1.9953784544637538,1.4949710054717864,1.3352013403975722,0.15976966507421422,1.1002951901103029,0.6601771140661816,0.4401180760441213,0.08610262386359915,0.06126443816167526,0.07557216813653818,1.145065040368599,0.11247073621784098,0.006038430140904091,0.5587835202019787,0.3000507665034169,-0.002460104424945271,0.03418303152381123,2.048280897956958,1.5357887081606612,1.377754556126381,0.1580341520342801,1.117543903050961,0.6705263418305767,0.44701756122038444,0.08457317610237247,0.05996876119068559,0.07421016571252248,1.1531089301825115,0.10965948213354339,0.006116338915866553
2158,0.5501576730078351,0.2974956432265058,0.0003201752934821611,0.0336553527741133,1.9953623184597808,1.494956070557007,1.3351838555773192,0.1597722149796878,1.1002974381374362,0.6601784628824616,0.44011897525497456,0.08610368843532087,0.06126534001729842,0.07557309073088025,1.1450594926407103,0.11247072455078883,0.006038428736782098,0.5587823541775687,0.30005157528884385,-0.0024613100187467,0.03418296011412238,2.048264570871231,1.5357735617198482,1.3777368407994743,0.15803672092037402,1.1175462167862606,0.6705277300717565,0.4470184867145042,0.08457421499115844,0.05996964128892074,0.07421106614647349,1.1531034158511986,0.1096594727224266,0.006116337663408661
2159,0.5501567010884963,0.2974963683147454,0.00031915802534615567,0.03365529324377123,1.9953483102771243,1.494943211006451,1.3351687729219688,0.1597744380844821,1.1002992289252593,0.6601795373551556,0.44011969157010383,0.08610461216255703,0.061266122556027584,0.07557389254738649,1.145054678940245,0.11247072099727447,0.006038427918858775,0.558781378656813,0.3000522962108014,-0.002462324342432619,0.034182900356829235,2.0482504015805505,1.5357605215453836,1.3777215620146614,0.15803895953072206,1.1175480659431483,0.670528839565889,0.44701922637725927,0.08457511621413633,0.059970404763089485,0.07421184849514655,1.1530986322911287,0.10965947080169657,0.0061163369706259095
2160,0.550155876440558,0.2974970114241954,0.0003182968576409956,0.03365524272124641,1.9953360797841277,1.4949320722263844,1.3351556920338683,0.15977638019251594,1.1003006462504328,0.6601803877502596,0.4401202585001732,0.08610541653126533,0.061266803979766214,0.07557459177965836,1.1450504872780836,0.11247072120954905,0.006038427444445164,0.5587805506044119,0.3000529352392212,-0.002463183366524742,0.03418284961941355,2.0482380339168365,1.5357492273099134,1.3777083128687189,0.15804091444119453,1.117549535080196,0.6705297210481176,0.4470198140320784,0.08457590082167996,0.05997106944608902,0.07421253059317708,1.1530944677483104,0.10965947224562073,0.00611633659977062
2161,0.5501551642979682,0.29749757847560143,0.0003175621055579031,0.03365519907987583,1.995325331147968,1.4949223577320288,1.3351442769998674,0.15977808073216146,1.1003017569135012,0.6601810541481006,0.4401207027654006,0.08610611979742405,0.061267399754129655,0.07557520392981061,1.1450468225039248,0.11247072182905025,0.006038427126676574,0.5587798352335209,0.30005349839231,-0.0024639165132712,0.034182805773937,2.0482271671370205,1.5357393778301631,1.3776967521211851,0.15804262570897798,1.1175506916930589,0.6705304150158353,0.4470202766772235,0.08457658669315243,0.059971650484483705,0.07421312763072997,1.1530908273067433,0.1096594738744966,0.006116336368224314
2162,0.5501545372031613,0.29749807541133105,0.00031692982553496035,0.03365516064007376,1.9953158180920125,1.494913823022458,1.335134249642966,0.15977957337949192,1.1003026140817447,0.6601815684490467,0.44012104563269794,0.08610673731463828,0.0612679228859776,0.07557574207162249,1.1450436045970542,0.11247072040757694,0.006038426827940317,0.5587792050817249,0.3000539916867928,-0.002464547520557775,0.03418276714051442,2.048217551036519,1.5357307248077783,1.3776865972942445,0.15804412751353392,1.117551589570457,0.6705309537422743,0.4470206358281828,0.0845771888598599,0.059972160612096655,0.07421365241325896,1.1530876311722325,0.1096594733782,0.006116336141968704
2163,0.5501539740866151,0.2974985081325079,0.0003163810142279705,0.03365512611302562,1.995307338929299,1.494906269523236,1.3351253828607776,0.15978088666245846,1.1003032601142024,0.6601819560685214,0.44012130404568106,0.08610728185513422,0.06126838419534576,0.07557621711061938,1.145040766992113,0.11247071532524275,0.006038426453200957,0.5587786390847911,0.3000544210773071,-0.0024650952385302793,0.03418273243065255,2.0482089808461694,1.5357230666456057,1.3776776178683154,0.15804544877729026,1.1175522716297566,0.670531362977854,0.4470209086519026,0.08457771982109122,0.05997261041774374,0.07421411561786845,1.1530848129934468,0.10965946923669813,0.006116335828953864
2164,0.5501534593726686,0.29749888238733074,0.0003159008556426132,0.033655094545989556,1.9952997320218557,1.494899539116154,1.3351174946697928,0.15978204444636113,1.100303728920105,0.6601822373520629,0.44012149156804203,0.08610776388426815,0.06126879254799696,0.07557663800562378,1.145038255147516,0.11247070566080258,0.006038425943116616,0.5587781216778728,0.30005479234737215,-0.0024655743758822957,0.0341827006922693,2.048201292569773,1.5357162428659337,1.3776696291995294,0.15804661366640418,1.117552772283739,0.6705316633702435,0.44702110891349556,0.0845781898144814,0.059973008574272915,0.07421452601179619,1.1530823184258165,0.1096594605953751,0.006116335372259266
2165,0.5501529821015102,0.2974992037345104,0.00031547798488731904,0.033655065268587275,1.9952928703559285,1.4948935081712569,1.3351104416143516,0.15978306655690538,1.1003040479026283,0.660182428741577,0.4401216191610513,0.08610819188410215,0.0612691551295395,0.07557701203645142,1.1450360248584912,0.11247069105740033,0.0060384252678549345,0.5587776419130509,0.3000551110743673,-0.0024659962286107118,0.03418267125571252,2.0481943574381507,1.5357101280314367,1.3776624858035869,0.15804764222784987,1.1175531193909396,0.6705318716345638,0.44702124775637575,0.08457860713364784,0.05997336210765093,0.07421489071540918,1.1530801034448264,0.10965944713619522,0.006116334743956337
2166,0.5501525349490971,0.297499477506211,0.0003151037712050969,0.033655037832849045,1.995286655091603,1.4948880808551341,1.3351041113720026,0.15978396948313148,1.1003042395326674,0.6601825437196005,0.4401216958130669,0.08610857271741487,0.0612694777538001,0.0755773451085177,1.1450340403596555,0.11247067160337985,0.006038424420218927,0.5587771924760843,0.3000553825941158,-0.002466369389499394,0.034182643673610985,2.0481880753366615,1.5357046249424677,1.377656073835988,0.15804855110647975,1.1175533358344558,0.6705320015006736,0.4470213343337822,0.08457897848476126,0.0599736766990335,0.07421521550078856,1.1530781324528991,0.10965942896334922,0.00611633393829826
2167,0.5501521134023178,0.2974997088398958,0.00031477171160397555,0.03365501196275553,1.9952810094306244,1.4948831829843432,1.3350984158890922,0.15978476709525097,1.1003043225692202,0.6601825935415322,0.44012172902768804,0.08610891198062344,0.061269765161802894,0.07557764205122941,1.1450322724855568,0.11247064774811237,0.006038423410357974,0.5587767688590122,0.3000556120338613,-0.0024667003484832584,0.034182617670259714,2.0481823685629212,1.5356996583904046,1.3776503041151849,0.1580493542752197,1.117553440746227,0.6705320644477364,0.4470213762984907,0.08457930933206242,0.05997395697747121,0.07421550508404225,1.1530763764451244,0.1096594065225805,0.0061163329664926155
2168,0.5501517149280858,0.2974999026659605,0.00031447684873469467,0.03365498750340884,1.995275872714002,1.494878756197042,1.3350932849183452,0.15978547127869688,1.1003043129927614,0.6601825877956569,0.4401217251971046,0.08610921432648994,0.06127002129515144,0.07557790689098917,1.1450306969887958,0.1124706201852485,0.006038422260089594,0.5587763685286133,0.3000558043020988,-0.002466994067020452,0.03418259309075201,2.048177175825046,1.5356951692404035,1.3776451055590018,0.15805006368140165,1.1175534504434068,0.6705320702660442,0.4470213801773626,0.08457960421376819,0.059974206787530106,0.07421576339274141,1.153074811332285,0.10965938048979385,0.006116331851100172
2169,0.5501513383575316,0.29750006370102816,0.0003142153431810943,0.03365496438336203,1.9952711960118512,1.4948747536133506,1.3350886612043897,0.1597860924089609,1.1003042246791024,0.6601825348074615,0.44012168987164096,0.08610948370510735,0.06127024950018068,0.07557814305524489,1.1450292932840809,0.11247058976889374,0.006038420998710446,0.5587759903105668,0.30005596408432544,-0.002467254400302321,0.03418256986330693,2.0481724477526337,1.5356911100218225,1.3776404202897605,0.15805068973206188,1.1175533791047885,0.6705320274628732,0.44702135164191525,0.08457986697840825,0.05997442938950549,0.07421599376619291,1.153073416686287,0.10965935169124556,0.006116330621912917
2170,0.5501509834297996,0.2975001964173421,0.0003139841421356676,0.03365494258671253,1.995266939107577,1.494871136829957,1.335084497177958,0.1597866396519989,1.1003040698826985,0.6601824419296191,0.4401216279530794,0.08610972352348835,0.06127045266315319,0.07557835350688007,1.1450280436164872,0.11247055742183044,0.006038419659691156,0.5587756339340497,0.3000560958154368,-0.0024674844232657686,0.03418254797141171,2.04816814382144,1.5356874418709834,1.3776362002675862,0.15805124160339717,1.1175532392564231,0.6705319435538539,0.44702129570256915,0.0845801009418817,0.0599746275924728,0.07421619908783975,1.153072174906438,0.10965932101639587,0.006116329312709706
2171,0.5501506504666491,0.2975003050115037,0.0003137807426459721,0.03365492213319697,1.9952630684421122,1.4948678738534904,1.3350807526938793,0.1597871211596112,1.1003038595803882,0.6601823157482329,0.4401215438321553,0.08610993675242828,0.061270633300788566,0.07557854083387316,1.1450269325045048,0.11247052406464846,0.006038418278244495,0.5587752997074469,0.3000562036514977,-0.0024676866634577993,0.03418252743398428,2.0481642302522114,1.5356841324254662,1.3776324049816568,0.1580517274438094,1.1175530421175905,0.6705318252705545,0.44702121684703605,0.08458030899308666,0.059974803843772045,0.07421638187401144,1.1530710706587088,0.10965928935076995,0.006116327958877211
2172,0.5501503401083956,0.29750039338304823,0.0003136030098967596,0.03365490306203791,1.995259555384758,1.4948649373912448,1.3350773931553506,0.15978754423589414,1.1003036037156793,0.6601821622294075,0.4401214414862717,0.08611012601613766,0.06127079363619582,0.07557870732484062,1.1450259462729009,0.11247049056624048,0.0060384168893830754,0.5587749882554562,0.300056291450904,-0.0024678632799595562,0.03418250828929127,2.0481606782451096,1.5356811540833992,1.3776289995367168,0.1580521545466823,1.117552797847321,0.6705316787083928,0.4470211191389282,0.08458049368248177,0.05997496030403314,0.07421654434866347,1.1530700904056168,0.10965925752916024,0.006116326595513723
2173,0.5501500530744695,0.2975004651113583,0.000313449035158668,0.033654885417296124,1.9952563746698335,1.494862303331197,1.3350743878503593,0.1597879154808377,1.1003033113657905,0.6601819868194743,0.44012132454631625,0.08611029367081532,0.061270935665436996,0.07557885503543095,1.1450250726432256,0.11247045771279114,0.006038415526129231,0.5587747002807332,0.3000563627533508,-0.002468016203581967,0.0341824905803666,2.048157462387303,1.5356784824581398,1.3776259529590946,0.15805252949904516,1.11755251571368,0.6705315094282083,0.44702100628547187,0.08458065729952102,0.05997509891277493,0.07421668850888358,1.153069221995179,0.10965922630634024,0.006116325255678221
2174,0.550149789989554,0.2975005234420526,0.000313317039694741,0.03365486923723444,1.995253503218097,1.4948599496125452,1.3350717087116337,0.15978824090091157,1.1003029908441053,0.6601817945064632,0.4401211963376422,0.08611044186403068,0.06127106120783291,0.07557898583871159,1.1450243004243403,0.11247042619151995,0.006038414218240041,0.5587744363908016,0.30005642076762945,-0.0024681472319657213,0.03418247434442279,2.048154559453899,1.5356760952305542,1.3776232369348236,0.15805285829573046,1.1175522041984587,0.6705313225190754,0.4470208816793833,0.0845808019311067,0.05997522143792394,0.07421681617453788,1.1530684543506327,0.10965919634176297,0.006116323969143505
2175,0.5501495511623834,0.2975005712452622,0.00031320526441198926,0.03365485454078586,1.9952509188419003,1.4948578549881988,1.335069328987337,0.15978852600086182,1.1003026497576056,0.6601815898545633,0.44012105990304234,0.08611057259224973,0.06127117195469672,0.07557910147362959,1.1450236192126226,0.11247039656005448,0.006038412990392921,0.5587741968778434,0.3000564683311334,-0.002468258138112106,0.034182459599379635,2.0481519470965703,1.5356739708966716,1.377620824462506,0.15805314643416535,1.1175518710567733,0.6705311226340642,0.44702074842270917,0.08458092951788133,0.059975329523502194,0.07421692903572785,1.153067777171629,0.10965916817049118,0.006116322760609562
2176,0.550149336487675,0.2975006110027493,0.00031311193304878193,0.033654841321554045,1.995248599603136,1.494855998430207,1.335067222594543,0.15978877583566406,1.1003022950143218,0.6601813770085929,0.44012091800572883,0.08611068773048505,0.06127126949445176,0.07557920357028708,1.1450230192374398,0.11247036924553475,0.006038411861425486,0.5587739816208213,0.3000565078973886,-0.0024683507072269933,0.03418244633787639,2.048149603193336,1.5356720881650134,1.3776186891973372,0.15805339896767612,1.1175515233266649,0.670530913995999,0.44702060933066584,0.08458104188324835,0.059975424714212244,0.07421702867753796,1.1530671807801802,0.10965914220235141,0.0061163216489538395
2177,0.5501491453836975,0.2975006447907289,0.0003130352221209984,0.03365482954399426,1.9952465234852346,1.4948543588245935,1.33506536379898,0.15978899502561347,1.1003019328104247,0.6601811596862547,0.44012077312417,0.08611078904453848,0.0612713553230032,0.07557929366022408,1.1450224912973308,0.11247034453055425,0.006038410843780937,0.5587737900235787,0.30005654151938965,-0.0024684267661261236,0.034182434523485246,2.0481475055179126,1.535670425648484,1.377616805127015,0.158053620521469,1.1175511673181626,0.6705307003908976,0.447020466927265,0.0845811407453684,0.05997550846559985,0.07421711659011555,1.1530666560569673,0.10965911870865881,0.006116320646686674
2178,0.5501489768683288,0.2975006742965766,0.0003129733019895248,0.03365481914806586,1.995244668811667,1.4948529153774943,1.335063727647994,0.15978918772950043,1.1003015686061217,0.660180941163673,0.4401206274424488,0.08611087817295772,0.061271430828452406,0.07557937316132618,1.145022026854004,0.11247032256746707,0.00603840994415059,0.5587736210907738,0.3000565708663084,-0.002468488143282696,0.03418242409535627,2.0481456321624334,1.5356689622732926,1.377615147007796,0.1580538152654967,1.1175508085910622,0.6705304851546374,0.4470203234364248,0.08458122769972874,0.05997558212928752,0.07421719415407949,1.1530661945338312,0.10965909783594861,0.006116319760589476
2179,0.5501488296075846,0.29750070083408897,0.0003129243514581326,0.03365481005220082,1.9952430144715052,1.4948516478367095,1.3350622902,0.15978935763670962,1.1003012071191753,0.6601807242715052,0.4401204828476702,0.08611095661891996,0.06127149728422117,0.07557944337116942,1.145021618074614,0.1124703033794058,0.00603840916392007,0.5587734734767887,0.30005659723888634,-0.00246853665433526,0.03418241497120915,2.0481439617675283,1.5356676775037985,1.3776136905974616,0.15805398690633687,1.117550451950111,0.6705302711700667,0.4470201807800443,0.08458130421126725,0.05997564694630253,0.07421726263405615,1.1530657884355557,0.10965907960714891,0.006116318992162926
2180,0.5501487019978035,0.2975007253819067,0.0003128865994530827,0.03365480215833077,1.995241540182382,1.4948505367641542,1.3350610287851172,0.15978950797903702,1.1003008523287747,0.6601805113972647,0.4401203409315099,0.08611102574578144,0.061271555845281434,0.07557950546394301,1.1450212578549364,0.11247028688733832,0.006038408500024006,0.5587733455678132,0.3000566216073971,-0.0024685740617844676,0.034182407052354175,2.0481424737911746,1.5356665516189596,1.3776124129209,0.15805413869805965,1.1175501014504576,0.6705300608702747,0.44702004058018296,0.08458137160994031,0.059975704043321955,0.07421732317558347,1.1530654307033783,0.10965906394743678,0.006116318338476414
2181,0.5501485922369848,0.2975007486229969,0.00031285835229113296,0.03365479535625097,1.995240226666326,1.494849563722277,1.3350599221690513,0.15978964155322556,1.100300507495458,0.6601803044972747,0.4401202029981832,0.08611108677774246,0.061271607548718694,0.07557956049171845,1.1450209398158901,0.11247027292991127,0.006038407945736182,0.5587732355531287,0.3000566446505386,-0.0024686020485880505,0.03418240022805284,2.0481411486908625,1.5356655659031107,1.3776112924394774,0.15805427346363313,1.1175497604189748,0.670529856251385,0.44701990416758985,0.08458143109116315,0.05997575443304601,0.07421737680615431,1.1530651149926394,0.10965905070322642,0.00611631779295327
2182,0.5501484983865028,0.2975007709851512,0.0003128380152332272,0.033654789527395555,1.9952390557463378,1.4948487113835176,1.3350589506303525,0.1597897607531651,1.1003001751933088,0.6601801051159852,0.4401200700773236,0.08611114080510643,0.06127165331818731,0.0755796093896348,1.145020658276124,0.11247026128375162,0.006038407491403034,0.5587731414867615,0.30005666679523085,-0.0024686221973945835,0.03418239437928941,2.048139968026451,1.5356647027597083,1.377610309133829,0.15805439362587934,1.117549431487703,0.670529658892622,0.44701977259508113,0.08458148372065083,0.05997579901829888,0.07421742444001084,1.1530648356470816,0.10965903966156537,0.006116317346099305
2183,0.5501484185576722,0.2975007927069657,0.00031282417028197923,0.0336547845562507,1.9952380111790178,1.494847964322407,1.3350580967682508,0.15978986755415617,1.1002998573512786,0.660179914410767,0.44011994294051154,0.08611118875849356,0.06127169394206539,0.0755796529547705,1.1450204083863762,0.11247025170132117,0.006038407126216511,0.5587730614721513,0.30005668828133397,-0.002468635915361235,0.03418238939006808,2.0481389152971357,1.5356639465054918,1.3776094453153647,0.158054501190127,1.117549116636285,0.670529469981771,0.44701964665451394,0.08458153040947375,0.059975838570896986,0.07421746685768084,1.15306458783123,0.10965903058608031,0.006116316987247902
2184,0.550148350897368,0.29750081386259924,0.00031281553688320557,0.03365478032947514,1.9952370783333924,1.4948473087106873,1.3350573451367813,0.15978996357390587,1.1002995553276853,0.660179733196611,0.44011982213107426,0.08611123143286889,0.061271730093810345,0.07557969186696656,1.145020186004262,0.11247024389996467,0.006038406838312462,0.5587729936502634,0.3000567091865125,-0.0024686444712111524,0.034182385146685854,2.04813797563404,1.5356632830777606,1.3776086852737879,0.1580545978039726,1.1175488172670867,0.670529290360252,0.4470195269068346,0.08458157193668092,0.05997587375081446,0.07421750472559811,1.1530643674103191,0.10965902320712788,0.006116316704680519
2185,0.5501482936751311,0.29750083442656233,0.0003128110132841755,0.03365477674122865,1.9952362442608582,1.4948467324094814,1.3350566822762242,0.1597900501332571,1.1002992699743903,0.6601795619846341,0.4401197079897562,0.08611126950060374,0.06127176234302384,0.07557972670106206,1.1450199876262106,0.11247023760782243,0.006038406615865961,0.5587729362856907,0.3000567294895493,-0.002468648956393704,0.034182381542999844,2.048137135875016,1.5356627001288903,1.3776080153127572,0.15805468481613305,1.1175485342704308,0.6705291205622586,0.4470194137081722,0.08458160896166278,0.05997590511665615,0.07421753860768858,1.1530641708846692,0.10965901726502006,0.006116316486706192
2186,0.5501482453130643,0.2975008543072338,0.0003128096636645372,0.033654773695001444,1.9952354976363418,1.4948462249087813,1.3350560966091554,0.15979012829962602,1.1002990017119776,0.6601794010271864,0.4401196006847911,0.08611130352428882,0.061271791166306544,0.0755797579382171,1.1450198103206972,0.11247023256511864,0.006038406447556123,0.5587728877966717,0.3000567491035014,-0.0024686502974445787,0.03418237848226383,2.048136384508018,1.5356621869670535,1.3776074236477023,0.15805476331935123,1.117548268100526,0.6705289608603155,0.4470193072402104,0.08458164203648509,0.05997593313610649,0.07421756897627127,1.1530639953242245,0.1096590125115874,0.006116316322126747
2187,0.5501482044055794,0.2975008733789037,0.00031281071072404576,0.03365477110482219,1.9952348286330475,1.494845777206548,1.335055578271012,0.15979019893553592,1.1002987506033926,0.6601792503620354,0.4401195002413571,0.08611133397251436,0.06127181696062632,0.0755797859797738,1.1450196516460118,0.11247022853425649,0.00603840632295107,0.5587728467746446,0.3000567679073403,-0.002468649263654331,0.03418237587832474,2.048135711545283,1.5356617344340302,1.3776069002353981,0.15805483419863198,1.117548018849808,0.6705288113098848,0.44701920753992314,0.0845816716211953,0.05997595819889627,0.07421759622550311,1.1530638382873142,0.10965900871985794,0.0061163162006204145
2188,0.5501481697255652,0.29750089150817116,0.0003128135214036515,0.03365476889563546,1.9952342287449416,1.4948453816370473,1.3350551188904403,0.15979026274660693,1.1002985164241692,0.6601791098545015,0.44011940656966775,0.08611136123690401,0.06127184005774851,0.07557981116210263,1.1450195095615021,0.11247022530546934,0.006038406232757245,0.5587728119902394,0.3000567857720396,-0.0024686464814104095,0.03418237365598918,2.04813510834409,1.5356613347313697,1.3776064365522362,0.15805489817913343,1.117547786319756,0.6705286717918537,0.4470191145279024,0.08458169810037992,0.059975980630829276,0.07421762068581123,1.1530636977327726,0.1096590056894859,0.006116316112990862
2189,0.550148140227363,0.29750090857513445,0.00031281759287025285,0.03365476700348391,1.9952336906334327,1.4948450317189583,1.3350547113973135,0.15979032032164475,1.1002982987268655,0.6601789792361192,0.4401193194907463,0.08611138564657742,0.06127186073648791,0.07557983376915617,1.1450193823522086,0.11247022270067383,0.006038406169006297,0.5587727823961015,0.3000568025815179,-0.0024686424482358096,0.034182371751196296,2.0481345674517666,1.5356609812664792,1.3776060254002696,0.1580549558662097,1.1175475700858284,0.670528542051497,0.4470190280343313,0.08458172179723111,0.05997600070569889,0.07421764263610423,1.153063571945282,0.10965900325044295,0.006116316051353931
2190,0.5501481150385683,0.29750092448704657,0.00031282253434524593,0.03365476537500682,1.9952332079586064,1.4948447219853103,1.3350543498188154,0.15979037216649492,1.1002980968996516,0.6601788581397909,0.44011923875986075,0.08611140748151103,0.06127187923402759,0.07557985404395104,1.1450192685592464,0.11247022057328483,0.006038406125107536,0.5587727571186129,0.300056818246164,-0.002468637550817422,0.0341823701105115,2.0481340824348435,1.5356606684803336,1.377605660700964,0.15805500777936968,1.117547369556466,0.6705284217338796,0.44701894782258633,0.0845817429865574,0.05997601865631007,0.07421766231495563,1.153063459466318,0.10965900126284835,0.006116316009191157
2191,0.5501480934440668,0.29750093918606824,0.0003128280486938903,0.03365476396646385,1.9952327752044434,1.4948444478062333,1.3350540290740034,0.15979041873222996,1.1002979102174002,0.66017874613044,0.44011916408696017,0.08611142698464068,0.06127189575617148,0.07557987219888512,1.1450191669167409,0.1124702188070942,0.00603840609580175,0.558772735441849,0.3000568327105299,-0.0024686320832688208,0.03418236869014524,2.0481336477017105,1.5356603916676679,1.3776053372869854,0.15805505438068246,1.1175471840245417,0.670528310414725,0.4470188736098166,0.08458176190659163,0.05997603468448264,0.07421767993067328,1.1530633590314796,0.1096589996158957,0.006116315981304995
2192,0.5501480748626126,0.29750095265108456,0.0003128339130031507,0.03365476274230224,1.9952323875003213,1.4948442052069948,1.3350537447696373,0.1597904604373575,1.1002977378844736,0.660178642730684,0.44011909515378955,0.0861114443725586,0.061271910486406386,0.07557988842476732,1.1450190762960881,0.11247021731318826,0.006038406077018184,0.5587727167840594,0.30005684595515425,-0.0024686262663623434,0.034182367454514265,2.048133258321025,1.5356601467920705,1.3776050506947504,0.15805509609732016,1.1175470127104576,0.6705282076262746,0.44701880508418307,0.08458177876945527,0.05997604896991602,0.07421769567013621,1.1530632695149514,0.10965899822490029,0.006116315963677276
2193,0.550148058810166,0.2975009648928254,0.0003128399554962538,0.03365476167291417,1.9952320404002943,1.494843990646276,1.335053492959165,0.15979049768711098,1.100297579068549,0.6601785474411292,0.4401190316274197,0.08611145984655216,0.061271923595253665,0.07557990290005454,1.145018995648434,0.11247021602422994,0.006038406065589832,0.5587727006608393,0.3000568579917439,-0.0024686202703515306,0.03418236637398888,2.0481329097966694,1.5356599302602916,1.3776047969189351,0.1580551333413565,1.117546854796224,0.6705281128777343,0.4470187419184896,0.0845817937719891,0.05997606167936453,0.07421770970786368,1.1530631898720203,0.10965899702581396,0.006116315953186089
2194,0.5501480448901015,0.2975009759508474,0.0003128460486697751,0.03365476073403793,1.9952317298500306,1.4948438009709613,1.3350532700957942,0.15979053087516712,1.1002974329237276,0.6601784597542364,0.44011897316949117,0.08611147359428617,0.06127193524169418,0.07557991579211412,1.14501892399591,0.11247021489315424,0.006038406059163895,0.5587726866752202,0.30005686886022487,-0.0024686142218376325,0.034182365424286806,2.0481325980327796,1.535659738875273,1.3776045723635177,0.15805516651175533,1.1175467094487697,0.6705280256692618,0.4470186837795079,0.08458180709746962,0.05997607296809154,0.07421772220731254,1.1530631191299638,0.10965899597397347,0.006116315947516326
2195,0.5501480327756555,0.29750098588494084,0.0003128520960543335,0.03365475990568429,1.9952314521463765,1.4948436333611,1.3350530729807515,0.15979056038034833,1.1002972986093753,0.660178379165625,0.44011891944375026,0.08611148579046626,0.0612719455737304,0.07557992725751711,1.1450188604281748,0.11247021388536736,0.006038406056016206,0.5587726745000836,0.3000568786203032,-0.002468608216718994,0.034182364585397446,2.0481323192913825,1.535659569779447,1.3776043737880204,0.15805519599142662,1.117546575838937,0.6705279455033621,0.44701863033557476,0.08458181891633762,0.059976082980486504,0.07421773332123532,1.1530630563841857,0.10965899503663933,0.006116315944975258
2196,0.5501480221995,0.29750099476933134,0.00031285802672743196,0.033654759171498766,1.995231203921753,1.4948434853028854,1.3350528987396117,0.15979058656327372,1.1002971753035689,0.6601783051821412,0.4401188701214277,0.08611149659671988,0.06127195472828559,0.0755799374417432,1.1450188041030345,0.11247021297641874,0.006038406054935538,0.5587726638677227,0.3000568873457813,-0.002468602325626408,0.03418236384094355,2.048132070175631,1.5356594204267093,1.377604198282595,0.15805522214411427,1.1175464531550598,0.6705278718930359,0.44701858126202393,0.08458182938613973,0.05997609185001564,0.07421774319144347,1.1530630007985248,0.10965899419076545,0.006116315944377632
2197,0.5501480129424839,0.2975010026874235,0.0003128637890711522,0.03365475851807321,1.995230982114383,1.4948433545512705,1.3350527447865157,0.1597906097647548,1.1002970622131123,0.6601782373278673,0.440118824885245,0.08611150616221029,0.06127196283172394,0.07557994647954805,1.1450187542432422,0.11247021214911673,0.006038406055106564,0.5587726545586121,0.3000568951194015,-0.0024685966000597,0.0341823631774944,2.048131847599148,1.5356592885442752,1.3776040432312888,0.1580552453129865,1.1175463406130983,0.6705278043678591,0.4470185362452393,0.08458183865216146,0.059976099699758076,0.07421775194919608,1.1530629516018949,0.10965899342023291,0.006116315944929766
2198,0.5501480048222449,0.2975010097274236,0.0003128693454490447,0.03365475793424928,1.995230783926587,1.494843239084465,1.3350526087784085,0.15979063030605659,1.1002969585802977,0.6601781751481786,0.4401187834321192,0.08611151462495203,0.061271970000964925,0.07557995449597164,1.1450187101296456,0.11247021139164681,0.006038406055998893,0.5587726463900247,0.30005690202854063,-0.002468591077656332,0.03418236258386966,2.0481316487434014,1.5356591720863606,1.377603906265295,0.15805526582106572,1.1175462374635108,0.6705277424781064,0.44701849498540436,0.08458184684873514,0.05997610664351387,0.07421775971620598,1.153062908081342,0.10965899271404166,0.006116315946119447
2199,0.5501479976838932,0.29750101597849693,0.00031287466824004434,0.03365475741054876,1.9952306067923113,1.4948431370688662,1.3350524885802812,0.15979064848858493,1.1002968636867168,0.66017811821203,0.44011874547468677,0.08611152211269271,0.0612719763442304,0.0755799616069996,1.1450186710965888,0.11247021069607452,0.006038406057274236,0.5587726392067143,0.3000569081614276,-0.0024685857861042257,0.03418236205056957,2.048131471024451,1.5356590691984122,1.3776037852273524,0.15805528397105978,1.1175461429951645,0.6705276857970988,0.4470184571980658,0.08458185410012369,0.05997611278655281,0.07421776660530587,1.1530628695773557,0.10965899206487602,0.006116315947623732
2200,0.5501479913934869,0.29750102152712743,0.00031287973721809414,0.03365475693877447,1.9952304483633632,1.4948430468422367,1.3350523822504687,0.15979066459176786,1.100296776854824,0.6601780661128944,0.4401187107419296,0.08611152874283093,0.061271981960974976,0.0755799679194096,1.145018636532344,0.11247021005681676,0.006038406058713907,0.5587726328743827,0.30005691360355735,-0.0024685807457329803,0.03418236156937543,2.0481313120786417,1.535658978199804,1.3776036781564474,0.1580553000433566,1.1175460565369908,0.6705276339221944,0.44701842261479635,0.08458186052046385,0.05997611822556623,0.07421777272031878,1.1530628354841694,0.1096589914676412,0.006116315949236812
2201,0.5501479858347612,0.2975010264541688,0.00031288453845530056,0.03365475651181037,1.9952303065135477,1.4948429669144652,1.3350522880447242,0.15979067886974094,1.100296697448039,0.6601780184688234,0.44011867897921564,0.08611153462154392,0.06127198694114704,0.07557997352995799,1.1450186058836533,0.11247020946943438,0.00603840606017362,0.5587726272764161,0.30005691843479126,-0.0024685759705798116,0.034182361133150055,2.0481311697665228,1.5356588975844063,1.3776035832916218,0.15805531429278452,1.1175459774581684,0.670527586474901,0.44701839098326746,0.08458186621293609,0.059976123047963806,0.07421777815528262,1.1530628052541658,0.1096589909183106,0.006116315950825102
2202,0.5501479809070342,0.29750103083280066,0.0003128890636532808,0.03365475612349353,1.9952301793425202,1.4948428959693214,1.335052204420408,0.1597906915489133,1.100296624870187,0.6601779749221122,0.44011864994807487,0.08611153984311407,0.06127199136461829,0.07557997852476034,1.1450185786592397,0.11247020892972528,0.006038406061553338,0.5587726223117985,0.3000569227273507,-0.002468571469047165,0.0341823607357103,2.048131042176589,1.535658826022239,1.3776034990760082,0.1580553269462308,1.1175459051676349,0.6705275431005808,0.44701836206705403,0.08458187126912198,0.0599761273313292,0.07421778299385812,1.1530627784012861,0.1096589904130592,0.006116315952297271
2203,0.5501479765237859,0.2975010347278395,0.0003128933097594211,0.03365475576852733,1.9952300651709725,1.494842832859942,1.3350521300322273,0.15979070282771463,1.1002965585645752,0.6601779351387451,0.44011862342583014,0.086111544489988,0.06127199530123365,0.07557998297933329,1.1450185544294986,0.11247020843347551,0.006038406062782295,0.5587726178937154,0.30005692654515276,-0.0024685672442774365,0.03418236037174169,2.0481309276204196,1.5356587623549027,1.377603424152481,0.1580553382024217,1.1175458391132311,0.6705275034679385,0.44701833564529253,0.08458187576906726,0.059976131143473436,0.07421778730937441,1.153062754500699,0.10965898994802856,0.00611631595358967
2204,0.5501479726103532,0.29750103819595963,0.0003128972779785355,0.033654755442340596,1.9952299625194463,1.4948427765905854,1.3350520637117214,0.15979071287886415,1.1002964980128749,0.6601778988077249,0.44011859920514995,0.08611154863386011,0.06127199881172926,0.07557998695954013,1.145018532820853,0.11247020797641702,0.00603840606380525,0.5587726139472392,0.30005692994403427,-0.002468563295151334,0.03418236003665703,2.048130824611192,1.5356587055770297,1.377603357342801,0.1580553482342287,1.1175457787806513,0.6705274672683907,0.4470183115122606,0.0845818797823426,0.059976134543333545,0.07421779116575494,1.1530627331831653,0.10965898951928435,0.006116315954652746
2205,0.5501479691022774,0.2975010412866232,0.00031290097309814857,0.033654755140986564,1.9952298700848894,1.4948427262972392,1.3350520044446947,0.15979072185254445,1.100296442733658,0.6601778656401946,0.4401185770934632,0.08611155233701955,0.06127200194887361,0.0755799905227798,1.1450185135087332,0.11247020755454604,0.0060384060645787205,0.5587726104076735,0.30005693297267905,-0.002468559616970331,0.03418235972649515,2.0481307318399526,1.5356586548166034,1.3776032976247323,0.15805535719187105,1.117545723692034,0.6705274342152203,0.4470182894768137,0.08458188336936015,0.05997613758208791,0.07421779461867972,1.1530627141280565,0.10965898912312445,0.006116315955447496
2206,0.5501479659440737,0.29750104404302535,0.0003129044027831429,0.0336547548610677,1.9952297867202997,1.4948426812311209,1.335051951351851,0.15979072987926976,1.1002963922807476,0.6601778353684485,0.44011855691229906,0.08611155565354005,0.061272004758475454,0.07557999371904178,1.1450184962113763,0.11247020716421388,0.006038406065070145,0.558772607219317,0.3000569356735595,-0.0024685562021678348,0.03418235943784541,2.0481306481550265,1.535658609318215,1.3776032441124073,0.15805536520580762,1.1175456734043656,0.6705274040426193,0.44701826936174627,0.08458188658253492,0.05997614030414004,0.07421779771661513,1.1530626970571862,0.10965898875616828,0.006116315955944806
2207,0.5501479630873677,0.29750104650271153,0.00031290757655000334,0.03365475459962167,1.9952297114126263,1.4948426407403341,1.3350519036677337,0.15979073707260047,1.1002963462414876,0.6601778077448925,0.4401185384965951,0.08611155863048073,0.06127200728040105,0.07557999659196404,1.1450184806835733,0.11247020680198819,0.006038406065250248,0.5587726043335821,0.3000569380835498,-0.002468553041332179,0.03418235916773257,2.048130572539565,1.5356585684243744,1.3776031960348896,0.1580553723894849,1.1175456275077926,0.6705273765046755,0.44701825100311704,0.08458188946746104,0.059976142748115184,0.07421780050185066,1.1530626817285698,0.10965898841522326,0.006116315956117888
2208,0.550147960491526,0.29750104869860916,0.0003129105060704074,0.033654754354159995,1.9952296432761254,1.494842604265947,1.335051860735238,0.1597907435307091,1.1002963042348124,0.6601777825408874,0.44011852169392496,0.08611156130839585,0.06127200954900613,0.07557999917930461,1.1450184667140078,0.11247020646497402,0.00603840606510537,0.5587726017096574,0.3000569402349592,-0.002468550122901328,0.03418235891365734,2.04813050410504,1.5356585315716955,1.3776031527308021,0.15805537884089332,1.1175455856237295,0.6705273513742378,0.4470182342494918,0.08458189206340262,0.05997614494727611,0.07421780301095314,1.1530626679338174,0.10965898809760237,0.006116315955954962
2209,0.5501479581228571,0.2975010506596234,0.0003129132044423985,0.033654754122619104,1.9952295815389898,1.494842571331416,1.3350518219932082,0.15979074933820778,1.100296265909636,0.6601777595457816,0.44011850636385436,0.08611156372209476,0.061272011593779534,0.07558000151361814,1.1450184541212987,0.11247020615052217,0.006038406064636823,0.5587725993137204,0.3000569421561301,-0.002468547433878955,0.034182358673548296,2.0481304420778104,1.5356584982802428,1.3776031136358375,0.1580553846444053,1.117545547403288,0.6705273284419728,0.44701821896131516,0.08458189440403249,0.05997614693014883,0.07421780527542488,1.1530626554942152,0.1096589878008435,0.0061163159554588255
2210,0.5501479559530877,0.29750105241124,0.0003129156855160298,0.03365475390326719,1.9952295255241785,1.4948425415267956,1.3350517869582323,0.15979075456856318,1.1002962309432436,0.6601777385659462,0.44011849237729733,0.0861115659016955,0.06127201344023585,0.07558000362318595,1.1450184427485106,0.11247020585630695,0.006038406063855377,0.5587725971173969,0.3000569438720365,-0.0024685449605161072,0.034182358445667534,2.0481303857796282,1.535658468137427,1.3776030782642061,0.15805538987322088,1.1175455125257032,0.6705273075154221,0.44701820501028117,0.08458189651846523,0.05997614872139784,0.0742178073226157,1.1530626442552414,0.10965898752278547,0.006116315954641428
2211,0.5501479539586163,0.29750105397618604,0.0003129179636216159,0.03365475369465849,1.9952294746357158,1.4948425144980064,1.3350517552119936,0.1597907592860129,1.1002961990395368,0.6601777194237222,0.44011847961581463,0.0861115678734118,0.06127201511058214,0.07558000553271826,1.145018432459051,0.11247020558048627,0.006038406062781466,0.5587725950970084,0.30005694540494177,-0.0024685426885843187,0.03418235822856468,2.04813033461377,1.5356584407871017,1.3776030461958024,0.15805539459129916,1.1175454806966125,0.6705272884179676,0.4470181922786449,0.08458189843202615,0.05997615034247761,0.07421780917640895,1.153062634082485,0.1096589872617265,0.006116315953524149
2212,0.5501479521197943,0.2975010553748256,0.00031292005316099075,0.033654753495589315,1.9952294283479424,1.494842489938485,1.3350517263915584,0.15979076354692645,1.1002961699273064,0.6601777019563839,0.4401184679709225,0.08611156966013185,0.06127201662420823,0.07558000726387097,1.1450184231336582,0.11247020532158059,0.006038406061443467,0.5587725932328537,0.3000569467747924,-0.0024685406037817867,0.03418235802103295,2.048130288054184,1.5356584159211024,1.3776030170663722,0.15805539885473022,1.117545451646353,0.6705272709878118,0.4470181806585411,0.08458190016681572,0.0599761518121106,0.07421781085772586,1.1530626248586509,0.10965898701630815,0.00611631595213619
2213,0.550147950420258,0.29750105662542364,0.0003129219683198903,0.03365475330505719,1.9952293861965051,1.4948424675822494,1.3350517001813844,0.15979076740086495,1.1002961433585348,0.6601776860151208,0.4401184573434139,0.08611157128188096,0.06127201799807862,0.07558000883565955,1.1450184146679854,0.1124702050783864,0.006038406059875297,0.5587725915085364,0.3000569479994799,-0.002468538692020829,0.03418235782206794,2.048130245636388,1.5356583932722179,1.3776029905594152,0.15805540271280275,1.1175454251282881,0.670527255076973,0.44701817005131517,0.08458190174216082,0.05997615314666965,0.07421781238492892,1.1530626164811641,0.10965898678543273,0.006116315950512215
2214,0.5501479488463532,0.2975010577443592,0.0003129237228667106,0.03365475312222557,1.995229347770639,1.4948424471980624,1.3350516763065994,0.1597907708914631,1.1002961191067329,0.6601776714640397,0.4401184476426931,0.08611157275620834,0.06127201924706016,0.07558001026480615,1.1450184069705889,0.1124702048499172,0.006038406058114214,0.5587725899103867,0.3000569490950504,-0.0024685369396250517,0.03418235763083227,2.0481302069496774,1.5356583726082687,1.3776029663993774,0.1580554062088913,1.1175454009171666,0.6705272405503,0.4470181603668666,0.08458190317499148,0.05997615436049712,0.07421781377416038,1.1530626088601703,0.10965898656820731,0.006116315948690176
2215,0.5501479473866352,0.29750105874630794,0.0003129253300003382,0.03365475294639328,1.9952293127063696,1.4948424285843638,1.3350516545271716,0.15979077405719228,1.1002960969653302,0.6601776581791982,0.440118438786132,0.08611157409852249,0.061272020384206254,0.07558001156604177,1.14501839996118,0.11247020463535129,0.00603840605619891,0.5587725884269582,0.3000569500758847,-0.002468535333483214,0.034182357446624775,2.0481301716302704,1.5356583537269781,1.377602944345754,0.15805540938122406,1.1175453788075274,0.6705272272845164,0.44701815152301094,0.08458190448016738,0.059976155466181395,0.07421781503963598,1.1530626019168042,0.109658986363894,0.006116315946709432
2216,0.5501479460314213,0.29750105964440354,0.0003129268022329032,0.033654752776967084,1.995229280680402,1.4948424115647652,1.3350516346327272,0.1597907769320379,1.1002960767461243,0.6601776460476747,0.44011843069844964,0.08611157532238865,0.061272021421008696,0.07558001275237436,1.145018393569075,0.1124702044339887,0.006038406054167771,0.5587725870485758,0.3000569509548562,-0.0024685338611651966,0.034182357268852784,2.0481301393551345,1.5356583364513983,1.377602924187835,0.15805541226356337,1.1175453586121662,0.6705272151672996,0.4470181434448665,0.08458190567076743,0.05997615647480235,0.07421781619390641,1.153062595581651,0.1096589861718682,0.006116315944609012
2217,0.5501479447724426,0.2975010604503881,0.00031292815132559493,0.033654752613440454,1.9952292514049377,1.4948423959843367,1.33505161643826,0.15979077954607673,1.100296058277796,0.6601776349666777,0.4401184233111184,0.08611157643977922,0.06127202236760999,0.07558001383531648,1.1450183877318887,0.11247020424522218,0.006038406052057718,0.5587725857669866,0.3000569517434782,-0.002468532510987713,0.0341823570970108,2.0481301098367752,1.5356583206261605,1.3776029057403762,0.15805541488578423,1.117545340160665,0.670527204096399,0.447018136064266,0.08458190675833295,0.059976157396137264,0.0742178172480779,1.1530625897934565,0.1096589859915917,0.006116315942426477
2218,0.5501479436025205,0.2975010611747359,0.00031292938823006267,0.03365475245537362,1.9952292246230054,1.4948423817062841,1.3350515997803023,0.1597907819259818,1.100296041404505,0.660177624842703,0.44011841656180206,0.08611157746129464,0.061272023232990316,0.07558001482508583,1.1450183823943854,0.11247020406850122,0.006038406049903013,0.5587725845750294,0.30005695245202385,-0.0024685312720705635,0.03418235693066025,2.048130082818514,1.535658306114097,1.377602888839716,0.15805541727438077,1.1175453232979962,0.6705271939787977,0.4470181293191985,0.08458190775308247,0.05997615823884277,0.07421781821200765,1.1530625844979876,0.10965898582257708,0.006116315940196686
2219,0.5501479425153563,0.29750106182677505,0.00031293052309586816,0.033654752302380755,1.9952292001047565,1.4948423686094539,1.3350515845140212,0.1597907840954326,1.1002960259845587,0.6601776155907352,0.4401184103938235,0.08611157839633754,0.061272024025115154,0.07558001573076542,1.1450183775075713,0.11247020390331856,0.006038406047734804,0.5587725834664263,0.3000569530896458,-0.0024685301343333257,0.034182356769416666,2.0481300580707833,1.535658292793737,1.3776028733408616,0.1580554194528755,1.1175453078832027,0.6705271847299217,0.4470181231532811,0.08458190866407996,0.05997615901059744,0.07421781909445839,1.1530625796471377,0.10965898566437556,0.006116315937951378
2220,0.5501479415053394,0.2975010624147911,0.00031293156526623206,0.03365475215411828,1.9952291776441526,1.4948423565861226,1.3350515705106483,0.15979078607547445,1.100296011889174,0.6601776071335044,0.44011840475566966,0.08611157925326532,0.06127202475106448,0.0755800165604441,1.1450183730278984,0.11247020374918489,0.00603840604558065,0.5587725824355873,0.3000569536644755,-0.0024685290884943617,0.03418235661293781,2.0481300353877985,1.5356582805570744,1.3776028591148979,0.15805542144217646,1.1175452937881676,0.6705271762729006,0.44701811751526704,0.08458190949938257,0.05997615971822695,0.07421781990323456,1.1530625751981454,0.10965898551655251,0.006116315935718661
2221,0.5501479405673977,0.2975010629461255,0.000312932523304478,0.03365475201027555,1.9952291570560792,1.4948423455401194,1.3350515576552846,0.15979078788483492,1.1002959990013246,0.6601775994007947,0.4401183996005299,0.0861115800395233,0.06127202541714566,0.07558001732133983,1.1450183689165716,0.11247020360562031,0.006038406043464295,0.5587725814774596,0.30005695418371997,-0.0024685281260503206,0.03418235646091436,2.0481300145846575,1.5356582693076701,1.3776028460467764,0.15805542326089367,1.1175452808964685,0.6705271685378811,0.4470181123585874,0.08458191026616929,0.059976160367812975,0.07421782064530139,1.1530625711129086,0.10965898537867907,0.006116315933522805
2222,0.5501479396968834,0.29750106342726934,0.00031293340502622224,0.03365475187056803,1.9952291381738543,1.4948423353852527,1.3350515458450514,0.1597907895402012,1.1002959872146718,0.660177592328803,0.4401183948858688,0.08611158076175907,0.06127202602899019,0.07558001801990613,1.1450183651389523,0.11247020347214787,0.006038406041405631,0.5587725805874134,0.3000569546537532,-0.0024685272392383287,0.034182356313062934,2.048129995494846,1.5356582589590728,1.3776028340334578,0.15805542492561495,1.1175452691023136,0.6705271614613881,0.4470181076409254,0.08458191097085149,0.05997616096478694,0.07421782132688787,1.1530625673573998,0.10965898525032662,0.006116315931384194
2223,0.5501479388894865,0.2975010638639497,0.0003129342175421934,0.0336547517347319,1.9952291208470665,1.4948423260439805,1.3350515349875178,0.15979079105646254,1.1002959764325815,0.6601775858595488,0.4401183905730327,0.08611158142592128,0.0612720265916375,0.07558001866192443,1.1450183616640435,0.11247020334828972,0.0060384060394208065,0.5587725797611544,0.3000569550802001,-0.002468526420998547,0.03418235616912075,2.048129977968075,1.5356582494334823,1.377602822982336,0.15805542645114623,1.1175452583095646,0.6705271549857388,0.4470181033238258,0.08458191161916814,0.059976161514010626,0.07421782195357582,1.1530625639011602,0.10965898513106258,0.006116315929319443
2224,0.5501479381411619,0.2975010642612082,0.00031293496729749293,0.0336547516025195,1.995229104939656,1.4948423174462488,1.3350515249993236,0.1597907924469253,1.100295966567221,0.6601775799403324,0.4401183866268885,0.08611158203734678,0.06127202710960876,0.07558001925258594,1.145018358464037,0.11247020323356394,0.0060384060375223555,0.5587725789946477,0.3000569554680123,-0.0024685256649332535,0.03418235602884092,2.0481299618683537,1.5356582406605757,1.3776028128098503,0.15805542785072538,1.117545248430839,0.6705271490585034,0.4470180993723356,0.0845819122162699,0.05997616201984746,0.0742178225303789,1.1530625607168536,0.10965898502044788,0.006116315927341477
2225,0.5501479374480952,0.297501064623477,0.00031293566012812607,0.03365475147369745,1.9952290903283807,1.4948423095286338,1.3350515158051421,0.15979079372349161,1.1002959575387312,0.6601775745232386,0.4401183830154926,0.08611158260083013,0.06127202758696563,0.07558001979655755,1.1450183555139495,0.11247020312748826,0.006038406035719555,0.558772578284087,0.30005695582154396,-0.002468524965249859,0.03418235589199059,2.0481299470724634,1.5356582325766523,1.3776028034404526,0.1580554291361997,1.1175452393866847,0.6705271436320108,0.4470180957546738,0.08458191276678609,0.05997616248621915,0.0742178230618062,1.1530625577799103,0.10965898491804055,0.006116315925459959
2226,0.5501479368066676,0.297501064954645,0.00031293630130530686,0.0336547513480443,1.9952290769014096,1.4948423022335438,1.3350515073367233,0.15979079489682052,1.1002959492744773,0.6601775695646863,0.440118379709791,0.08611158312068663,0.06127202802736387,0.07558002029804184,1.1450183527912952,0.11247020302957753,0.006038406034018719,0.5587725776258569,0.30005695614461464,-0.002468524316717041,0.03418235575834863,2.048129933468552,1.5356582251238358,1.3776027948056517,0.15805543031818392,1.1175452311048337,0.6705271386629004,0.4470180924419334,0.08458191327488507,0.05997616291665697,0.0742178235519198,1.1530625550682068,0.10965898482339338,0.006116315923681518
2227,0.5501479362134456,0.29750106525812214,0.00031293689559231536,0.03365475122534995,1.995229064557174,1.494842295508621,1.335051499532156,0.1597907959764648,1.100295941708363,0.6601775650250178,0.4401183766833453,0.08611158360080426,0.06127202843409717,0.07558002076082698,1.1450183502758156,0.11247020293935009,0.00603840603242364,0.5587725770165239,0.30005695644057384,-0.0024685237146094205,0.03418235562770503,2.048129920954994,1.5356582182494778,1.3776027868432807,0.15805543140619693,1.1175452235195218,0.6705271341117132,0.4470180894078087,0.08458191374432424,0.05997616331434398,0.07421782400438266,1.153062552561802,0.10965898473606041,0.006116315922010229
2228,0.5501479356651856,0.29750106553690003,0.00031293744729741363,0.033654751105415964,1.9952290532034231,1.494842289306282,1.3350514923352936,0.15979079697098844,1.100295934780216,0.6601775608681295,0.4401183739120864,0.08611158404468616,0.06127202881013326,0.07558002118832784,1.1450183479492562,0.11247020285633169,0.006038406030936085,0.558772576452844,0.3000569567123599,-0.0024685231546530545,0.0341823554998614,2.0481299094394627,1.5356582119057134,1.3776027794969379,0.1580554324087756,1.1175452165708746,0.6705271299425248,0.4470180866283498,0.08458191417848997,0.059976163682148996,0.07421782442249779,1.1530625502427223,0.10965898465560098,0.006116315920448125
2229,0.5501479351588026,0.29750106579359914,0.0003129379603072982,0.03365475098805362,1.9952290427561605,1.494842283583108,1.3350514856950215,0.15979079788808637,1.1002959284352316,0.660177557061139,0.44011837137409265,0.0861115844554983,0.061272029158154176,0.07558002158363133,1.1450183457951206,0.11247020278005433,0.006038406029555969,0.5587725759317279,0.3000569569625464,-0.002468522632992569,0.03418235537462887,2.0481298988378556,1.5356582060488373,1.377602772715242,0.1580554333335954,1.117545210204356,0.6705271261226136,0.4470180840817423,0.08458191458044435,0.05997616402266605,0.07421782480925226,1.1530625480947168,0.1096589845815781,0.006116315918995337
2230,0.5501479346913696,0.29750106603051907,0.00031293843813313266,0.03365475087308388,1.9952290331388232,1.4948422782994273,1.3350514795647417,0.1597907987346855,1.100295922623469,0.6601775535740814,0.4401183690493876,0.08611158483610662,0.061272029480587846,0.07558002194953214,1.1450183437984751,0.11247020271006537,0.006038406028281736,0.5587725754502405,0.30005695719339076,-0.0024685221461474005,0.034182355251827945,2.0481298890734703,1.5356582006388808,1.3776027664513109,0.15805543418756993,1.1175452043702658,0.6705271226221595,0.4470180817481063,0.08458191495296111,0.0599761643382449,0.07421782516735201,1.1530625461030637,0.1096589845135684,0.00611631591765049
2231,0.550147934260112,0.2975010662496789,0.00031293888394608865,0.033654750760337,1.9952290242815554,1.4948422734189477,1.3350514739019177,0.15979079951702999,1.100295917299396,0.6601775503796375,0.4401183669197585,0.08611158518910941,0.06127202977963537,0.07558002228856409,1.1450183419457807,0.11247020264592736,0.0060384060271106545,0.5587725750055964,0.30005695740687505,-0.002468521690974314,0.03418235513128835,2.0481298800762877,1.5356581956392517,1.3776027606623154,0.1580554349769362,1.1175451990232874,0.6705271194139725,0.44701807960931494,0.08458191529855638,0.05997616463101711,0.07421782549925163,1.1530625442544093,0.10965898445116123,0.006116315916410988
2232,0.5501479338624056,0.29750106645285457,0.00031293930061219305,0.03365475064965251,1.995229016120568,1.4948422689084382,1.3350514686676807,0.15979080024075745,1.1002959124214788,0.6601775474528873,0.4401183649685916,0.08611158551686518,0.06127203005729482,0.07558002260302707,1.1450183402247476,0.1124702025872198,0.0060384060260390724,0.5587725745951581,0.3000569576047415,-0.0024685212646338994,0.034182355012848845,2.0481298717823333,1.535658191016415,1.3776027553090864,0.15805543570732872,1.117545194122078,0.6705271164732468,0.44701807764883117,0.08458191561951559,0.05997616490291883,0.0742178258071805,1.1530625425366239,0.10965898439396113,0.0061163159152733
2233,0.5501479334957746,0.2975010666416106,0.0003129396907232407,0.033654750540878964,1.9952290085975748,1.4948422647374522,1.3350514638264874,0.15979080091096476,1.1002959079518124,0.6601775447710874,0.440118363180725,0.08611158582151747,0.061272030315382066,0.07558002289501117,1.1450183386242072,0.11247020253354142,0.006038406025062688,0.5587725742164324,0.3000569577885242,-0.002468520864558732,0.03418235489635703,2.048129864133115,1.5356581867396188,1.377602750355774,0.15805543638384495,1.1175451896289017,0.6705271137773411,0.4470180758515606,0.0845819159179172,0.05997616515571078,0.07421782609316574,1.1530625409386759,0.10965898434158927,0.006116315914233176
2234,0.5501479331578897,0.2975010668173289,0.00031294005662654834,0.03365475043387392,1.9952290016592857,1.4948422608780807,1.335051459345814,0.15979080153226669,1.1002959038557862,0.6601775423134717,0.44011836154231454,0.08611158610501655,0.06127203055554929,0.075580023166418,1.1450183371339966,0.1124702024845109,0.006038406024176732,0.558772573867071,0.30005695795957754,-0.002468520488427467,0.034182354781669366,2.0481298570751205,1.535658182780645,1.3776027457695414,0.1580554370111037,1.1175451855092984,0.6705271113055791,0.44701807420371925,0.08458191619565364,0.05997616539099617,0.07421782635905283,1.1530625394505218,0.10965898429368516,0.0061163159132858885
2235,0.5501479328465639,0.2975010669812331,0.0003129404004482139,0.033654750328503645,1.9952289952569486,1.4948422573047249,1.3350514551958772,0.15979080210884777,1.1002959001017858,0.6601775400610714,0.44011836004071436,0.08611158636913892,0.061272030779301455,0.07558002341897935,1.1450183357448596,0.11247020243976824,0.006038406023376147,0.5587725735448669,0.30005695811910005,-0.0024685201341350105,0.03418235466865095,2.0481298505593655,1.5356581791135917,1.3776027415202956,0.158055437593296,1.1175451817317827,0.6705271090390699,0.44701807269271293,0.08458191645444979,0.05997616561023625,0.07421782660652351,1.1530625380630075,0.10965898424990751,0.006116315912426403
2236,0.5501479325597506,0.29750106713441005,0.0003129407241180063,0.03365475022464298,1.9952289893459458,1.4948422539939017,1.3350514513493938,0.15979080264450796,1.10029589666092,0.660177537996552,0.440118358664368,0.0861115866155043,0.061272030988010776,0.07558002365427412,1.1450183344483555,0.11247020239897487,0.006038406022655752,0.5587725732477495,0.30005695826815504,-0.002468519799773694,0.034182354557175304,2.048129844540991,1.5356581757146732,1.3776027375804438,0.15805543813422931,1.1175451782675778,0.6705271069605468,0.447018071307031,0.08458191669587944,0.059976165814764205,0.07421782683711184,1.1530625367677798,0.1096589842099347,0.0061163159116495
2237,0.5501479322955375,0.2975010672778279,0.0003129410293877463,0.03365475012217502,1.9952289838854256,1.4948422509240609,1.3350514477813586,0.15979080314270214,1.1002958935067784,0.660177536104067,0.4401183574027113,0.08611158684559106,0.06127203118292955,0.07558002387374298,1.1450183332367816,0.11247020236181395,0.006038406022010317,0.5587725729737831,0.30005695840768903,-0.0024685194836123886,0.03418235444712412,2.0481298389788964,1.5356581725620422,1.3776027339246741,0.15805543863736798,1.1175451750903702,0.6705271050542223,0.4470180700361479,0.08458191692137979,0.0599761660057976,0.07421782705221848,1.1530625355572108,0.10965898417346502,0.006116315910949924
2238,0.550147932052143,0.2975010674123517,0.0003129413178499796,0.033654750020990845,1.9952289788379707,1.4948422480754215,1.3350514444688457,0.1597908036065758,1.1002958906152083,0.660177534369125,0.4401183562460833,0.08611158706074945,0.06127203136520172,0.07558002407870168,1.1450183321031018,0.11247020232798986,0.006038406021434691,0.5587725727211615,0.30005695853854775,-0.002468519184076798,0.034182354338387066,2.048129833835414,1.5356581696356282,1.3776027305297598,0.15805543910586844,1.1175451721760898,0.6705271033056541,0.44701806887043577,0.08458191713226457,0.059976166184449384,0.07421782725312351,1.153062534424328,0.10965898414021671,0.006116315910322462
2239,0.5501479318279099,0.29750106753875694,0.00031294159095363733,0.033654749920989185,1.9952289741693015,1.4948422454298276,1.3350514413908319,0.15979080403899568,1.100295887964116,0.6601775327784696,0.44011835518564646,0.08611158726221385,0.06127203153587298,0.07558002427035278,1.145018331040884,0.11247020229722794,0.00603840602092385,0.5587725724882019,0.3000569586614878,-0.002468518899735969,0.03418235423086137,2.048129829076012,1.5356581669169924,1.377602727374384,0.15805543954260837,1.1175451695027132,0.6705271017016281,0.4470180678010851,0.08458191732973538,0.05997616635173747,0.07421782744099731,1.1530625333627544,0.10965898410992721,0.006116315909762017
2240,0.5501479316213003,0.2975010676577405,0.0003129418500185249,0.03365474982207603,1.9952289698480064,1.4948422429706114,1.3350514385280343,0.1597908044425772,1.1002958855332867,0.660177531319972,0.44011835421331474,0.08611158745111318,0.061272031695899704,0.07558002444979586,1.1450183300442465,0.11247020226927366,0.006038406020472945,0.5587725722733403,0.3000569587771891,-0.002468518629286459,0.034182354124451524,2.048129824669027,1.5356581643891922,1.3776027244389775,0.15805543995021487,1.1175451670500824,0.6705271002300497,0.44701806682003276,0.08458191751489187,0.05997616650859343,0.07421782761691087,1.1530625323666537,0.10965898408235285,0.0061163159092636555
2241,0.5501479314308896,0.29750106776993096,0.00031294209624783964,0.03365474972416434,1.9952289658452984,1.4948422406824762,1.3350514358627676,0.15979080481970853,1.1002958833042178,0.6601775299825307,0.44011835332168714,0.08611158762848045,0.06127203184615701,0.075580024618037,1.1450183291078053,0.1124702022438916,0.006038406020077365,0.5587725720751263,0.3000569588862639,-0.0024685183715415296,0.034182354019068995,2.048129820585423,1.5356581620366654,1.3776027217055775,0.15805544033108793,1.1175451647997423,0.6705270988798455,0.44701806591989673,0.08458191768874096,0.05997616665587027,0.07421782778184459,1.1530625314306815,0.10965898405726802,0.006116315908822663
2242,0.5501479312553599,0.29750106787589603,0.0003129423307394255,0.03365474962717364,1.9952289621347932,1.4948422385513807,1.3350514333788088,0.15979080517257171,1.100295881259974,0.6601775287559843,0.4401183525039896,0.08611158779526132,0.061272031987446,0.07558002477599696,1.1450183282266337,0.11247020222086468,0.006038406019732719,0.5587725718922166,0.3000569589892655,-0.0024685181254175542,0.034182353914631786,2.0481298167985695,1.5356581598451156,1.3776027191576934,0.15805544068742206,1.1175451627347932,0.6705270976408761,0.44701806509391706,0.08458191785220487,0.059976166794349306,0.07421782793669626,1.1530625305499433,0.10965898403446418,0.006116315908434556
2243,0.5501479310934952,0.2975010679761504,0.00031294255449556413,0.033654749531029635,1.9952289586923107,1.4948422365644434,1.3350514310612815,0.15979080550316171,1.1002958793850486,0.6601775276310291,0.4401183517540195,0.08611158795232157,0.061272032120500135,0.07558002492451871,1.1450183273962204,0.1124702021999931,0.006038406019434899,0.5587725717233691,0.3000569590866943,-0.0024685178899257407,0.03418235381106414,2.048129813284047,1.5356581578014163,1.3776027167801925,0.1580554410212238,1.117545160839757,0.6705270965038544,0.44701806433590263,0.08458191800612849,0.05997616692474624,0.0742178280822882,1.1530625297199548,0.10965898401374916,0.006116315908095106
2244,0.5501479309441744,0.29750106807116145,0.00031294276843243235,0.0336547494356639,1.9952289554956906,1.4948422347098484,1.335051428896545,0.15979080581330343,1.100295877665243,0.6601775265991456,0.44011835106609726,0.0861115881004541,0.06127203224599112,0.0755800250643741,1.1450183266124339,0.11247020218109322,0.006038406019180047,0.5587725715674382,0.3000569591790049,-0.0024685176641621454,0.03418235370829617,2.048129810019462,1.5356581558935187,1.3776027145591887,0.15805544133432994,1.1175451591004553,0.6705270954602733,0.44701806364018193,0.08458191815128596,0.05997616704771688,0.07421782821937377,1.1530625289366074,0.10965898399494611,0.006116315907800351
2245,0.5501479308063649,0.297501068161354,0.0003129429733873604,0.033654749341013424,1.995228952524626,1.4948422329767603,1.335051426872094,0.15979080610466628,1.1002958760875536,0.6601775256525321,0.44011835043502157,0.08611158824038498,0.061272032364534046,0.07558002519626991,1.14501832587149,0.11247020216399665,0.00603840601896458,0.5587725714233678,0.30005695926661047,-0.0024685174472995966,0.03418235360626351,2.0481298069842793,1.5356581541103627,1.3776027124819406,0.15805544162842208,1.1175451575038975,0.6705270945023387,0.4470180630015588,0.08458191828838665,0.05997616716386221,0.07421782834864331,1.1530625281961369,0.10965898397789278,0.0061163159075465975
2246,0.5501479306791192,0.29750106824711625,0.00031294317012806744,0.03365474924702039,1.995228949760509,1.4948422313552452,1.3350514249764662,0.15979080637877904,1.1002958746400713,0.6601775247840427,0.4401183498560286,0.08611158837277938,0.061272032476692426,0.07558002532085359,1.1450183251699237,0.11247020214854925,0.006038406018785186,0.5587725712901866,0.3000569593498881,-0.002468517238582664,0.03418235350490695,2.0481298041596734,1.5356581524418045,1.3776027105367643,0.1580554419050402,1.1175451560381815,0.6705270936229091,0.4470180624152724,0.08458191841808069,0.05997616727373294,0.07421782847072932,1.1530625274950919,0.10965898396244023,0.00611631590733042
2247,0.5501479305615669,0.29750106832880263,0.0003129433593565614,0.0336547491536317,1.9952289471862914,1.4948422298362003,1.3350514231991588,0.15979080663704154,1.100295873311888,0.6601775239871327,0.44011834932475524,0.0861115884982464,0.061272032582982264,0.07558002543871797,1.14501832450456,0.11247020213460998,0.006038406018638809,0.5587725711670022,0.3000569594291818,-0.0024685170373168197,0.034182353404172125,2.0481298015283853,1.5356581508785399,1.3776027087129448,0.15805544216559508,1.1175451546924007,0.6705270928154405,0.4470180618769601,0.08458191854096375,0.059976167377833775,0.07421782858621144,1.1530625268303112,0.10965898394845217,0.006116315907148651
2248,0.5501479304529103,0.2975010684067377,0.000312943541717417,0.03365474906079871,1.995228944786355,1.4948422284112834,1.3350514215305473,0.15979080688073616,1.1002958720930125,0.6601775232558075,0.440118348837205,0.08611158861734419,0.061272032683876355,0.07558002555040631,1.1450183238724918,0.1124702021220503,0.006038406018522645,0.5587725710529955,0.30005695950480693,-0.0024685168428675575,0.034182353304009164,2.048129799074594,1.5356581494120372,1.3776027070006571,0.15805544241138003,1.1175451534565612,0.6705270920739369,0.44701806138262434,0.08458191865758194,0.059976167476627276,0.07421782869562094,1.1530625261988965,0.1096589839358042,0.006116315906998383
2249,0.5501479303524198,0.2975010684812192,0.00031294371779957975,0.03365474896847692,1.9952289425463932,1.4948422270728552,1.3350514199618173,0.15979080711103788,1.1002958709742934,0.660177522584576,0.4401183483897174,0.08611158873058394,0.061272032779807806,0.07558002565641617,1.1450183232710551,0.11247020211075283,0.006038406018434141,0.5587725709474165,0.3000569595770524,-0.0024685166546522044,0.034182353204372365,2.048129796783803,1.5356581480344802,1.3776027053909001,0.15805544264358007,1.1175451523215043,0.6705270913929027,0.4470180609286016,0.08458191876843552,0.05997616757053727,0.07421782879944452,1.1530625255981923,0.10965898392438259,0.0061163159068769605
2250,0.550147930259427,0.29750106855252023,0.00031294388814524787,0.033654748876625604,1.995228940453303,1.4948422258139176,1.3350514184848943,0.1597908073290234,1.100295869947348,0.6601775219684087,0.4401183479789393,0.08611158883843387,0.06127203287117325,0.07558002575720327,1.1450183226978097,0.11247020210061072,0.006038406018370959,0.5587725708495787,0.3000569596461839,-0.002468516472135536,0.034182353105219936,2.0481297946427244,1.535658146738704,1.377602703875422,0.15805544286328216,1.1175451512788372,0.6705270907673024,0.44701806051153475,0.0845819188739832,0.05997616765995233,0.07421782889812847,1.1530625250257651,0.10965898391408392,0.00611631590678195
2251,0.5501479301733226,0.29750106862089276,0.000312944053251725,0.03365474878520755,1.9952289384950859,1.4948422246280668,1.3350514170923866,0.15979080753568028,1.1002958690044988,0.6601775214026993,0.4401183476017996,0.08611158894132298,0.06127203295833611,0.07558002585318514,1.14501832215052,0.11247020209152683,0.006038406018330987,0.5587725707588546,0.3000569597124459,-0.002468516294827215,0.034182353006513636,2.0481297926391875,1.5356581455181488,1.3776027024466657,0.15805544307148323,1.1175451503208693,0.6705270901925218,0.4470180601283476,0.08458191897464507,0.059976167745228404,0.07421782899208157,1.1530625244793837,0.10965898390481396,0.006116315906711147
2252,0.5501479300935506,0.2975010686865686,0.00031294421357394575,0.0336547486941888,1.9952289366607547,1.4948422235094405,1.3350514157775266,0.15979080773191381,1.1002958681387136,0.6601775208832281,0.4401183472554855,0.08611158903964419,0.06127203304162927,0.07558002594474429,1.1450183216271395,0.11247020208341302,0.006038406018312315,0.5587725706746717,0.3000569597760639,-0.0024685161222755755,0.03418235290821853,2.048129790762041,1.535658144366807,1.3776027010977092,0.15805544326909762,1.117545149440553,0.6705270896643318,0.44701805977622117,0.08458191907080634,0.059976167826691754,0.07421782908167857,1.1530625239570051,0.10965898389648722,0.006116315906662565
2253,0.5501479300196039,0.2975010687497619,0.0003129443695329623,0.0336547486035383,1.9952289349402528,1.4948422224526758,1.3350514145341215,0.15979080791855438,1.1002958673435523,0.6601775204061313,0.440118346937421,0.08611158913375738,0.061272033121357566,0.07558002603223098,1.145018321125792,0.11247020207618925,0.006038406018313226,0.5587725705965075,0.3000569598372459,-0.0024685159540663026,0.034182352810302644,2.0481297890010746,1.5356581432791794,1.377602699822215,0.15805544345696426,1.1175451486314323,0.6705270891788595,0.44701805945257284,0.08458191916281965,0.05997616790464115,0.0742178291672626,1.1530625234567569,0.10965898388902594,0.006116315906634398
2254,0.5501479299510217,0.29750106881067045,0.0003129445215128285,0.03365474851322771,1.9952289333243751,1.494842221452868,1.3350514133565043,0.1597908080963637,1.100295866613118,0.6601775199678708,0.44011834664524724,0.08611158922399204,0.06127203319780018,0.07558002611596598,1.1450183206447613,0.11247020206978303,0.006038406018332177,0.5587725705238873,0.30005695989618475,-0.002468515789817702,0.03418235271273681,2.0481297873469386,1.5356581422502371,1.3776026986143841,0.1580554436358531,1.1175451478875906,0.6705270887325545,0.4470180591550361,0.08458191925100828,0.05997616797935045,0.07421782924914824,1.1530625229769234,0.10965898388235988,0.006116315906625045
2255,0.550147929887385,0.29750106886947747,0.000312944669868441,0.033654748423231046,1.995228931804698,1.4948422205055327,1.3350514122394919,0.15979080826604075,1.1002958659420106,0.6601775195652062,0.4401183463768043,0.08611158931065009,0.06127203327121285,0.07558002619624318,1.145018320182474,0.11247020206412889,0.006038406018367803,0.5587725704563794,0.30005695995305914,-0.0024685156291791507,0.03418235261549429,2.048129785791074,1.5356581412753794,1.3776026974689082,0.15805544380647119,1.117545147203609,0.6705270883221657,0.44701805888144347,0.08458191933566836,0.059976168051070526,0.07421782932762366,1.1530625225159332,0.10965898387642548,0.006116315906633072
2256,0.5501479298283141,0.2975010689263532,0.00031294481492556703,0.03365474833352452,1.995228930373517,1.4948422196065723,1.3350514111783451,0.15979080842822724,1.1002958653252866,0.6601775191951718,0.44011834613011475,0.08611158939400795,0.06127203334182975,0.07558002627333169,1.145018319737489,0.11247020205916768,0.00603840601841889,0.558772570393592,0.30005696000803483,-0.0024685154718267627,0.03418235251855049,2.0481297843256487,1.5356581403504013,1.377602696380934,0.15805544396946725,1.1175451465745243,0.6705270879447147,0.44701805862980953,0.08458191941707112,0.05997616812003116,0.07421782940295278,1.1530625220723467,0.10965898387116538,0.0061163159066572065
2257,0.5501479297734644,0.2975010689814554,0.0003129449569852505,0.033654748244086194,1.9952289290237817,1.4948422187522414,1.3350514101687294,0.15979080858351213,1.1002958647584207,0.6601775188550523,0.4401183459033684,0.08611158947431903,0.06127203340986556,0.07558002634747805,1.145018319308487,0.11247020205484617,0.006038406018484367,0.5587725703351704,0.3000569600612666,-0.0024685153174622623,0.034182352421882806,2.0481297829434957,1.535658139471459,1.3776026953460212,0.15805544412543782,1.1175451459957904,0.6705270875974744,0.447018058398316,0.08458191949546524,0.05997616818644302,0.07421782947537751,1.1530625216448438,0.10965898386652803,0.006116315906696337
2258,0.5501479297225256,0.2975010690349316,0.0003129450963243255,0.03365474815489571,1.9952289277490494,1.4948422179391232,1.3350514092066865,0.15979080873243676,1.1002958642372715,0.6601775185423628,0.44011834569490876,0.0861115895518153,0.06127203347551681,0.07558002641890806,1.1450183188942584,0.11247020205111666,0.00603840601856331,0.558772570280794,0.30005696011289834,-0.002468515165809551,0.03418235232547015,2.0481297816380626,1.5356581386350456,1.3776026943601152,0.15805544427493037,1.1175451454632452,0.6705270872779473,0.44701805818529794,0.08458191957107854,0.05997616825049909,0.07421782954511946,1.1530625212322156,0.10965898386246709,0.006116315906749487
2259,0.5501479296752175,0.2975010690869195,0.00031294523319885803,0.03365474806593396,1.9952289265434295,1.4948422171640983,1.3350514082885998,0.15979080887549846,1.1002958637580496,0.6601775182548296,0.44011834550321993,0.0861115896267097,0.06127203353896385,0.07558002648782874,1.1450183184936946,0.11247020204793635,0.006038406018654921,0.5587725702301751,0.3000569601630654,-0.002468515016614603,0.034182352229292765,2.0481297804033596,1.5356581378379603,1.3776026934195118,0.15805544441844865,1.1175451449730796,0.6705270869838478,0.4470180579892317,0.08458191964411998,0.05997616831237639,0.07421782961238178,1.153062520833353,0.10965898385894127,0.006116315906815837
2260,0.5501479296312889,0.2975010691375477,0.0003129453678463526,0.033654747977182695,1.9952289254015418,1.4948422164243231,1.335051407411169,0.15979080901315415,1.1002958633172883,0.6601775179903728,0.44011834532691546,0.08611158969919729,0.06127203360037195,0.07558002655442968,1.1450183181057785,0.11247020204526724,0.0060384060187585265,0.5587725701830544,0.30005696021189426,-0.0024685148696407394,0.03418235213333168,2.048129779233912,1.5356581370772835,1.3776026925208278,0.15805544455645576,1.1175451445218065,0.670527086713084,0.4470180578087225,0.08458191971478132,0.05997616837223739,0.07421782967735073,1.153062520447238,0.10965898385591386,0.006116315906894673
2261,0.5501479295905144,0.29750106918693753,0.0003129455004870288,0.033654747888624124,1.9952289243184735,1.4948422157172077,1.3350514065713832,0.15979080914582444,1.1002958629118174,0.6601775177470903,0.440118345164727,0.0861115897694574,0.06127203365989306,0.07558002661888498,1.1450183177295754,0.1124702020430755,0.006038406018873567,0.5587725701392012,0.3000569602595048,-0.002468514724667338,0.03418235203756836,2.048129778124724,1.5356581363503599,1.377602691660982,0.1580554446893779,1.1175451441062367,0.670527086463742,0.44701805764249464,0.0845819197832387,0.0599761684302313,0.07421782974019721,1.153062520072936,0.10965898385335238,0.006116315906985434
2262,0.5501479295526944,0.2975010692352033,0.00031294563132593795,0.03365474780024036,1.9952289232897438,1.4948422150403968,1.3350514057665006,0.15979080927389624,1.1002958625387387,0.6601775175232432,0.44011834501549546,0.0861115898376551,0.06127203371766697,0.07558002668135447,1.1450183173642257,0.11247020204133151,0.006038406018999605,0.5587725700984099,0.30005696030600953,-0.0024685145814896045,0.034182351941984074,2.048129777071237,1.5356581356547718,1.3776026908371648,0.15805544481760703,1.1175451437234536,0.6705270862340722,0.4470180574893814,0.08458191984965438,0.059976168486495576,0.07421782980107834,1.1530625197095863,0.10965898385122834,0.006116315907087646
2263,0.5501479295176516,0.2975010692824526,0.00031294576055571066,0.03365474771201274,1.995228922311268,1.494842214391751,1.3350514049940259,0.15979080939772516,1.1002958621954038,0.6601775173172423,0.4401183448781615,0.08611158990394271,0.061272033773822766,0.07558002674198537,1.1450183170089354,0.1124702020400094,0.006038406019136291,0.5587725700604994,0.30005696035151586,-0.002468514439913305,0.034182351846559204,2.0481297760692994,1.5356581349883291,1.377602690046825,0.15805544494150411,1.1175451433707904,0.6705270860224744,0.44701805734831607,0.08458191991417821,0.05997616854115715,0.07421782986013868,1.1530625193563928,0.10965898384951694,0.006116315907200979
2264,0.550147929485231,0.2975010693287883,0.00031294588835861087,0.033654747623920976,1.9952289213793306,1.4948422137693336,1.3350514042516946,0.15979080951763902,1.1002958618793934,0.6601775171276361,0.4401183447517574,0.0861115899684617,0.06127203382848024,0.07558002680091358,1.1450183166629675,0.11247020203908689,0.006038406019283397,0.5587725700253116,0.30005696039612584,-0.002468514299756072,0.03418235175127228,2.0481297751151333,1.5356581343490479,1.3776026892876465,0.1580554450614014,1.1175451430458112,0.6705270858274868,0.44701805721832444,0.0845819199769494,0.059976168594333995,0.074217829917512,1.153062519012617,0.10965898384819711,0.006116315907325195
2265,0.5501479294552974,0.2975010693743078,0.00031294601490701457,0.0336547475359419,1.9952289204905522,1.4948422131713914,1.335051403537452,0.1597908096339394,1.1002958615885003,0.6601775169531001,0.44011834463540017,0.08611159003134411,0.06127203388175129,0.07558002685826527,1.1450183163256338,0.11247020203854476,0.0060384060194407846,0.558772569992709,0.30005696043993674,-0.0024685141608420946,0.03418235165609868,2.0481297742053055,1.5356581337351345,1.3776026885575299,0.1580554451776047,1.1175451427462926,0.6705270856477756,0.447018057098517,0.08458192003809817,0.05997616864613637,0.07421782997332244,1.1530625186775678,0.1096589838472508,0.006116315907460165
2266,0.5501479294277344,0.2975010694191039,0.00031294614036688623,0.03365474744804797,1.995228919641864,1.4948422125963419,1.3350514028494382,0.15979080974690368,1.1002958613207097,0.6601775167924258,0.4401183445282839,0.08611159009271502,0.061272033933741865,0.07558002691415869,1.145018315996283,0.11247020203836708,0.006038406019608399,0.5587725699625733,0.3000569604830416,-0.002468514023003174,0.034182351561008954,2.0481297733366994,1.5356581331449717,1.3776026878545762,0.1580554452903956,1.1175451424702054,0.6705270854821233,0.4470180569880821,0.08458192009774801,0.05997616869666894,0.07421783002768656,1.1530625183505896,0.10965898384666305,0.006116315907605848
2267,0.5501479294024404,0.297501069463264,0.00031294626490091515,0.033654747360204934,1.9952289188304837,1.4948422120427587,1.3350514021859725,0.15979080985678615,1.1002958610741855,0.6601775166445113,0.44011834442967424,0.08611159015269439,0.06127203398455358,0.07558002696870561,1.1450183156742897,0.11247020203854008,0.006038406019786245,0.5587725699348025,0.3000569605255281,-0.0024685138860739003,0.03418235146596636,2.0481297725064915,1.5356581325771037,1.3776026871770717,0.15805544540003202,1.1175451422156997,0.6705270853294198,0.44701805688627977,0.08458192015601795,0.05997616874603253,0.0742178300807149,1.1530625180310512,0.10965898384642118,0.006116315907762273
2268,0.5501479293793254,0.29750106950686944,0.0003129463886684808,0.03365474727236876,1.9952289180538765,1.4948422115093436,1.3350514015455235,0.15979080996382017,1.100295860847255,0.660177516508353,0.44011834433890207,0.08611159021140068,0.06127203403428683,0.07558002702201427,1.1450183153590363,0.11247020203905192,0.006038406019974362,0.5587725699093066,0.3000569605674783,-0.002468513749889427,0.03418235137092355,2.0481297717121123,1.5356581320302087,1.377602686523458,0.15805544550675066,1.1175451419810902,0.6705270851886542,0.447018056792436,0.08458192021302569,0.05997616879432683,0.07421783013251465,1.1530625177183274,0.10965898384651424,0.006116315907929499
2269,0.5501479293583056,0.2975010695499934,0.00031294651183103733,0.033654747184480985,1.9952289173097293,1.4948422109949102,1.3350514009266925,0.15979081006821766,1.1002958606383948,0.6601775163830368,0.440118344255358,0.08611159026895354,0.06127203408304292,0.07558002707419106,1.1450183150499003,0.11247020203989122,0.006038406020172762,0.5587725698860005,0.30005696060896553,-0.002468513614283116,0.034182351275817514,2.048129770951215,1.5356581315030757,1.3776026858923094,0.15805544561076634,1.1175451417648428,0.6705270850589058,0.44701805670593703,0.08458192026889094,0.05997616884165326,0.07421783018319165,1.153062517411783,0.10965898384693182,0.006116315908107549
2270,0.5501479293392916,0.2975010695926963,0.00031294663455307126,0.033654747096462476,1.9952289165958976,1.4948422104983374,1.335051400328168,0.1597908101701694,1.1002958604462165,0.6601775162677298,0.4401183441784867,0.08611159032547958,0.06127203413092916,0.0755800271253448,1.145018314746221,0.11247020204104545,0.006038406020381319,0.5587725698647943,0.3000569606500502,-0.0024685134790830843,0.03418235118056294,2.0481297702216255,1.5356581309945625,1.3776026852822902,0.1580554457122722,1.1175451415655586,0.6705270849393352,0.44701805662622335,0.08458192032374105,0.05997616888811974,0.07421783023285489,1.153062517110742,0.10965898384766203,0.006116315908296307
2271,0.5501479293221734,0.29750106963501854,0.00031294675700668795,0.03365474700820395,1.9952289159103431,1.4948422100185144,1.3350513997486713,0.15979081026984313,1.1002958602694533,0.6601775161616719,0.4401183441077814,0.08611159038111788,0.06127203417806334,0.07558002717559047,1.1450183144472745,0.11247020204249743,0.006038406020599613,0.5587725698455746,0.3000569606907715,-0.00246851334410738,0.03418235108504193,2.0481297695212675,1.5356581305035282,1.3776026846920904,0.15805544581143785,1.1175451413819617,0.6705270848291771,0.44701805655278454,0.08458192037771696,0.059976168933845615,0.07421783028162002,1.1530625168144573,0.10965898384868841,0.006116315908495341
2272,0.5501479293067933,0.29750106967696816,0.0003129468793752893,0.033654746919552385,1.9952289152510359,1.4948422095542502,1.3350513991868704,0.15979081036737985,1.1002958601069426,0.6601775160641654,0.4401183440427771,0.08611159043602866,0.06127203422458121,0.07558002722505482,1.1450183141522259,0.1124702020442209,0.006038406020826651,0.558772569828176,0.3000569607311344,-0.0024685132091614714,0.0341823509890895,2.048129768848065,1.5356581300287422,1.3776026841203366,0.15805544590840567,1.1175451412128805,0.6705270847277285,0.4470180564851521,0.08458192043098191,0.0599761689789692,0.07421783032961535,1.1530625165220618,0.10965898384998451,0.006116315908703591
2273,0.5501479292929017,0.29750106971849954,0.00031294700185729996,0.033654746830291,1.995228914615804,1.4948422091041274,1.33505139864124,0.15979081046288726,1.100295859957607,0.6601775159745641,0.44011834398304284,0.08611159049040476,0.061272034270646106,0.07558002727388369,1.1450183138600702,0.11247020204617153,0.006038406021060389,0.5587725698123345,0.30005696077108657,-0.0024685130740320013,0.03418235089247206,2.0481297681997743,1.5356581295687206,1.3776026835654376,0.158055446003283,1.1175451410572277,0.6705270846343367,0.44701805642289094,0.0845819204837337,0.05997616902365805,0.07421783037698966,1.1530625162325059,0.10965898385150555,0.006116315908918881
2274,0.550147929280087,0.2975010697594789,0.0003129471246760829,0.03365474674010831,1.9952289140021005,1.4948422086662716,1.3350513981098446,0.15979081055642688,1.1002958598204267,0.6601775158922559,0.44011834392817073,0.08611159054448417,0.06127203431645965,0.07558002732224872,1.1450183135695675,0.11247020204827414,0.006038406021297018,0.5587725697976121,0.30005696081048255,-0.0024685129384755117,0.03418235079485442,2.048129767573735,1.5356581291214826,1.3776026830253518,0.15805544609613073,1.1175451409139718,0.6705270845483833,0.44701805636558856,0.08458192053621734,0.05997616906811976,0.07421783042391869,1.1530625159444898,0.10965898385317469,0.0061163159091371395
2275,0.55014792926766,0.29750106979962676,0.0003129472480799464,0.03365474664855379,1.9952289134066357,1.4948422082379873,1.3350513975899951,0.15979081064799222,1.1002958596944012,0.6601775158166406,0.4401183438777606,0.08611159059857376,0.06127203436228186,0.0755800273703618,1.145018313279119,0.11247020205040016,0.006038406021529703,0.558772569783272,0.3000569608490214,-0.0024685128022171876,0.03418235069575226,2.048129766966472,1.5356581286841522,1.3776026824972136,0.15805544618693865,1.117545140782097,0.6705270844692583,0.4470180563128387,0.08458192058874983,0.05997616911262285,0.07421783047062039,1.1530625156563306,0.10965898385485999,0.006116315909351064
2276,0.5501479292544644,0.2975010698384243,0.0003129473723589571,0.03365474655496724,1.9952289128247784,1.4948422078151553,1.3350513970776827,0.1597908107374726,1.100295859578493,0.6601775157470957,0.44011834383139736,0.08611159065307283,0.06127203440845092,0.07558002741848543,1.1450183129866445,0.11247020205233219,0.006038406021746589,0.5587725697680793,0.3000569608861484,-0.0024685126649321987,0.034182350594456935,2.0481297663730493,1.5356581282523138,1.377602681976724,0.15805544627558984,1.117545140660542,0.6705270843963254,0.4470180562642166,0.08458192064174441,0.059976169157517384,0.07421783051736539,1.1530625153658354,0.10965898385633827,0.006116315909548002
2277,0.5501479292385751,0.29750106987496167,0.0003129474978505187,0.03365474645837263,1.9952289122496099,1.4948422073912808,1.335051396566688,0.159790810824593,1.1002958594715366,0.6601775156829218,0.4401183437886148,0.08611159070851356,0.061272034455417734,0.0755800274669528,1.1450183126893703,0.11247020205370585,0.006038406021927587,0.5587725697499769,0.3000569609208945,-0.0024685125262346175,0.0341823504899226,2.048129765786049,1.5356581278189854,1.377602681457187,0.1580554463617985,1.1175451405481036,0.6705270843288622,0.44701805621924134,0.08458192069575232,0.05997616920327039,0.07421783056449802,1.153062515070079,0.10965898385723563,0.0061163159097065226
2278,0.5501479292168032,0.29750106990768993,0.00031294762496415773,0.03365474635731061,1.9952289116703925,1.4948422069559477,1.3350513960471337,0.15979081090881408,1.100295859372098,0.6601775156232587,0.4401183437488393,0.08611159076560787,0.061272034503785384,0.0755800275161841,1.1450183123835878,0.1124702020539159,0.006038406022039066,0.5587725697255637,0.30005696095161516,-0.002468512385645605,0.034182350380588235,2.0481297651939276,1.5356581273729626,1.3776026809279545,0.15805544644500819,1.1175451404432886,0.6705270842659732,0.4470180561773153,0.08458192075151098,0.059976169250506514,0.0742178306124525,1.1530625147651477,0.10965898385693162,0.006116315909790866
2279,0.5501479291838947,0.2975010699340159,0.00031294775421928517,0.033654746249574,1.9952289110701116,1.4948422064923275,1.3350513955031624,0.15979081098916512,1.1002958592782488,0.6601775155669491,0.44011834371129965,0.08611159082530914,0.06127203455436152,0.075580027566701,1.1450183120643291,0.11247020205196295,0.006038406022025322,0.5587725696892438,0.30005696097556406,-0.0024685122425467873,0.034182350264097335,2.048129764578378,1.5356581268961547,1.3776026803719341,0.15805544652422057,1.1175451403440726,0.6705270842064437,0.44701805613762896,0.08458192081000702,0.05997616930006165,0.07421783066176788,1.1530625144458053,0.10965898385440356,0.0061163159097418415
2280,0.5501479291312101,0.29750106994963155,0.00031294788634156356,0.03365474613177707,1.9952289104214822,1.4948422059731208,1.3350513949091607,0.15979081106396018,1.1002958591872027,0.6601775155123215,0.44011834367488123,0.08611159088887152,0.0612720346082086,0.07558002761911325,1.1450183117250596,0.11247020204620116,0.006038406021794386,0.5587725696318337,0.3000569609881901,-0.0024685120960614773,0.03418235013684244,2.0481297639100484,1.5356581263592473,1.3776026797615397,0.15805544659770762,1.1175451402475143,0.6705270841485087,0.44701805609900563,0.08458192087253692,0.05997616935303406,0.07421783071307345,1.1530625141051711,0.10965898384797006,0.006116315909461986
2281,0.5501479290445267,0.29750106994739123,0.00031294802250967507,0.03365474599863115,1.9952289096803608,1.4948422053538413,1.3350513942235263,0.15979081113031499,1.1002958590947245,0.6601775154568346,0.44011834363788993,0.08611159095787277,0.061272034666663255,0.07558002767402641,1.1450183113575578,0.11247020203391721,0.006038406021194453,0.5587725695382484,0.30005696098196427,-0.0024685119447727458,0.03418234999320062,2.0481297631415134,1.5356581257145556,1.3776026790520355,0.1580554466625202,1.1175451401491296,0.6705270840894778,0.44701805605965184,0.0845819209407287,0.05997616941080296,0.07421783076699282,1.1530625137346044,0.1096589838348656,0.006116315908790762
2282,0.5501479289002802,0.2975010699153822,0.00031294705092198977,0.03365474584165944,1.9952289087746566,1.494842204561457,1.3350513933781623,0.1597908111832948,1.1002958589941574,0.6601775153964944,0.44011834359766305,0.08611159103405788,0.061272034731203726,0.07558002773170018,1.1450183109527303,0.11247020201061007,0.00603840601997341,0.5587725693835541,0.30005696094436707,-0.00246851297583639,0.03418234982418006,2.0481297621954444,1.53565812488395,1.3776026781703246,0.1580554467136255,1.1175451400418663,0.6705270840251198,0.4470180560167465,0.08458192101637851,0.059976169474889963,0.07421783082379077,1.153062513324572,0.10965898381051357,0.006116315907462219
2283,0.55014792941001,0.297501070322171,0.00031294914824667175,0.03365474631323298,1.9952289075849117,1.494842204536268,1.3350513929045755,0.15979081163169237,1.1002958578005606,0.6601775146803363,0.44011834312022435,0.08611159081062789,0.06127203454192424,0.07558002780848772,1.1450183121050292,0.11247020210835396,0.006038406026600947,0.5587725699202243,0.3000569613679548,-0.0024685107634642017,0.034182350324789314,2.04812976094398,1.5356581248636019,1.3776026776837151,0.15805544717988684,1.1175451387671083,0.670527083260265,0.44701805550684326,0.08458192078246168,0.05997616927672651,0.07421783090389274,1.1530625145531437,0.1096589839095023,0.006116315914422651
2284,0.5501479290632445,0.29750107011178667,0.0003129475870774709,0.03365474596041878,1.9952289081184746,1.4948422042585556,1.3350513928264627,0.15979081143209306,1.10029585882002,0.660177515292012,0.4401183435280081,0.08611159098715174,0.061272034691467046,0.07558002781712421,1.1450183111780805,0.11247020205578982,0.006038406022614795,0.5587725695598278,0.3000569611474421,-0.0024685123802906522,0.03418234995162692,2.0481297615391383,1.5356581246022447,1.3776026776348689,0.15805544696737572,1.1175451398404488,0.6705270839042694,0.44701805593617944,0.08458192095820484,0.05997616942560794,0.07421783090716343,1.1530625136126331,0.10965898385640213,0.006116315910261329
2285,0.5501479294343217,0.2975010703720352,0.0003129492413053714,0.03365474602760227,1.9952289076054823,1.4948422044279392,1.3350513927295888,0.1597908116983504,1.1002958581264892,0.6601775148758935,0.4401183432505958,0.08611159087078052,0.06127203459288276,0.075580027789304,1.1450183117768797,0.11247020212214665,0.006038406027156935,0.5587725699422827,0.3000569614123263,-0.002468510667016914,0.03418235001769157,2.048129761025964,1.5356581247907561,1.3776026775541705,0.15805544723658566,1.1175451391196556,0.6705270834717935,0.4470180556478621,0.0845819208381228,0.059976169323880016,0.07421783087735964,1.153062514241726,0.10965898392222138,0.006116315914924999
2286,0.5501479292660014,0.2975010703156284,0.00031294819890283904,0.033654745888257176,1.9952289076278866,1.4948422039917304,1.3350513923067007,0.15979081168502973,1.1002958588686433,0.660177515321186,0.44011834354745744,0.08611159096988646,0.0612720346768407,0.0755800278403922,1.1450183112530574,0.11247020210525326,0.0060384060255820465,0.5587725697718013,0.3000569613539362,-0.002468511721934394,0.03418234987040741,2.048129761070431,1.5356581243601601,1.3776026771396914,0.15805544722046883,1.1175451398845657,0.6705270839307396,0.44701805595382615,0.08458192093394082,0.05997616940505257,0.07421783092534329,1.1530625137251302,0.10965898390557803,0.006116315913324867
2287,0.5501479294246614,0.29750107043280705,0.0003129490335753368,0.03365474583918277,1.9952289073363543,1.4948422040266596,1.3350513922171527,0.15979081180950686,1.1002958585320026,0.6601775151192015,0.44011834341280115,0.08611159095517273,0.061272034664375905,0.0755800278436431,1.1450183113224264,0.11247020213429013,0.006038406027570619,0.55877256993244,0.3000569614706008,-0.0024685108678214607,0.03418234981511118,2.048129760789165,1.5356581244061562,1.377602677063003,0.15805544734315322,1.117545139543603,0.6705270837261619,0.44701805581744103,0.08458192091755562,0.059976169391171806,0.07421783092696681,1.1530625138041604,0.10965898393385334,0.006116315915327077
2288,0.5501479293968462,0.2975010704595025,0.00031294874179318283,0.033654745750077306,1.9952289071468912,1.494842203711108,1.3350513918372975,0.15979081187381053,1.1002958588493228,0.6601775153095937,0.4401183435397292,0.08611159100923596,0.06127203471017576,0.07558002788463884,1.1450183110335295,0.11247020213821529,0.006038406027593998,0.5587725699056899,0.30005696149680766,-0.0024685111482810676,0.03418234971939538,2.0481297606099282,1.53565812409719,1.3776026766910001,0.15805544740618993,1.11754513986488,0.6705270839189281,0.44701805594595184,0.08458192096883596,0.05997616943461413,0.07421783096562487,1.1530625135241828,0.1096589839377391,0.006116315915359697
2289,0.5501479294508274,0.29750107052251373,0.00031294903242444494,0.03365474567456957,1.9952289068745748,1.4948422035581843,1.3350513915983595,0.15979081195982492,1.1002958587936924,0.6601775152762154,0.44011834351747703,0.0861115910397857,0.06127203473605609,0.07558002791436617,1.1450183108672634,0.1124702021517797,0.006038406028452826,0.5587725699596767,0.3000569615586904,-0.0024685108482576726,0.034182349637126255,2.0481297603450517,1.5356581239486993,1.3776026764582237,0.1580554474904756,1.1175451398113798,0.670527083886828,0.4470180559245518,0.08458192099773776,0.05997616945909838,0.07421783099380193,1.153062513363096,0.10965898395078895,0.006116315916214465
2290,0.5501479294627034,0.29750107056799174,0.00031294904918860444,0.03365474559258148,1.9952289065979933,1.4948422032957966,1.3350513912570006,0.159790812038796,1.100295858901655,0.6601775153409928,0.4401183435606621,0.08611159108645722,0.06127203477559402,0.07558002795482692,1.1450183106171004,0.11247020216000947,0.006038406028890738,0.5587725699719688,0.3000569616033114,-0.002468510818411304,0.03418234954839548,2.0481297600736736,1.5356581236901437,1.3776026761220614,0.15805544756808212,1.1175451399193537,0.6705270839516123,0.44701805596774136,0.08458192104239316,0.05997616949692837,0.07421783103251661,1.1530625131185168,0.1096589839587145,0.006116315916653977
2291,0.5501479294850808,0.29750107061714093,0.0003129491779745239,0.03365474551142296,1.9952289062909838,1.4948422030551163,1.3350513909357398,0.1597908121193765,1.1002958589254068,0.6601775153552439,0.4401183435701629,0.08611159113207785,0.061272034814241684,0.07558002799566885,1.1450183103725209,0.11247020216895137,0.006038406029428105,0.5587725699940437,0.30005696165130913,-0.0024685106793282466,0.03418234946038521,2.0481297597700974,1.5356581234509687,1.3776026758037347,0.15805544764723406,1.1175451399439376,0.6705270839663626,0.4470180559775749,0.08458192108635829,0.05997616953417358,0.07421783107187604,1.1530625128777177,0.10965898396723407,0.006116315917185519
2292,0.5501479294985808,0.2975010706627745,0.00031294926257208894,0.033654745428895835,1.995228905966185,1.4948422027836183,1.3350513905840882,0.15979081219953023,1.1002958589701617,0.6601775153820969,0.4401183435880648,0.08611159118190115,0.061272034856449664,0.07558002803985543,1.1450183101061508,0.11247020217656864,0.006038406029878154,0.5587725700072164,0.3000569616957933,-0.0024685105829070006,0.03418234937097839,2.0481297594470167,1.5356581231802107,1.3776026754541641,0.15805544772604657,1.1175451399880874,0.6705270839928525,0.4470180559952348,0.08458192113451275,0.05997616957496779,0.07421783111459467,1.1530625126148017,0.10965898397445452,0.006116315917629779
2293,0.5501479295106166,0.2975010707074752,0.00031294936172207577,0.0336547453458489,1.9952289056233754,1.4948422025045787,1.3350513902250785,0.1597908122795001,1.1002958589971616,0.6601775153982968,0.4401183435988648,0.08611159123326129,0.06127203489995958,0.07558002808556244,1.1450183098318796,0.11247020218366315,0.0060384060303110216,0.5587725700186297,0.3000569617392392,-0.0024685104725881077,0.0341823492810023,2.048129759104549,1.5356581229005948,1.377602675095889,0.15805544780470582,1.117545140014433,0.6705270840086599,0.4470180560057731,0.08458192118430391,0.05997616961714854,0.07421783115891553,1.1530625123433158,0.1096589839811261,0.006116315918054031
2294,0.5501479295193167,0.29750107075065657,0.00031294945573732275,0.03365474526216982,1.9952289052659702,1.4948422022124863,1.3350513898532304,0.1597908123592559,1.1002958590212333,0.6601775154127398,0.44011834360849345,0.08611159128624618,0.06127203494484593,0.07558002813269493,1.1450183095492497,0.11247020219009272,0.00603840603070951,0.5587725700265563,0.30005696178110897,-0.002468510367105714,0.03418234919036083,2.0481297587462746,1.5356581226070998,1.377602674723919,0.1580554478831808,1.1175451400372594,0.6705270840223557,0.44701805601490363,0.08458192123575224,0.05997616966073318,0.07421783120469484,1.1530625120631508,0.10965898398712635,0.006116315918442495
2295,0.5501479295257884,0.29750107079268046,0.00031294955144796355,0.0336547451780167,1.9952289048963112,1.4948422019118273,1.3350513894731315,0.15979081243869567,1.1002958590386331,0.6601775154231797,0.44011834361545343,0.08611159134018757,0.06127203499054257,0.07558002818070672,1.1450183092617425,0.11247020219600422,0.006038406031083922,0.558772570032089,0.30005696182175917,-0.0024685102599706285,0.03418234909921477,2.0481297583747438,1.535658122304237,1.3776026743428762,0.1580554479613607,1.1175451400531125,0.6705270840318676,0.44701805602124495,0.08458192128818982,0.05997616970515586,0.0742178312513827,1.1530625117778517,0.10965898399259792,0.006116315918805283
2296,0.5501479295301565,0.29750107083360067,0.0003129496470506768,0.03365474509344586,1.995228904516709,1.4948422016035374,1.3350513890857632,0.15979081251777433,1.1002958590515768,0.6601775154309459,0.44011834362063085,0.08611159139474969,0.06127203503676505,0.07558002822928048,1.1450183089711077,0.11247020220144477,0.006038406031435508,0.5587725700353872,0.30005696186125347,-0.002468510152864041,0.034182349007625595,2.0481297579924367,1.5356581219931211,1.3776026739539298,0.1580554480391914,1.117545140064178,0.6705270840385069,0.4470180560256712,0.08458192134126444,0.05997616975011821,0.07421783129864801,1.1530625114892876,0.10965898399759072,0.0061163159191439664
2297,0.5501479295328766,0.2975010708735843,0.00031294974353134053,0.03365474500854433,1.9952289041294233,1.4948422012896814,1.3350513886932358,0.15979081259644554,1.1002958590603127,0.6601775154361875,0.4401183436241252,0.08611159144957295,0.06127203508320876,0.07558002827810163,1.145018308679219,0.11247020220649764,0.006038406031768652,0.5587725700369257,0.30005696189976516,-0.0024685100448269062,0.0341823489156848,2.0481297576017776,1.5356581216759333,1.377602673559313,0.1580554481166204,1.1175451400707743,0.6705270840424646,0.4470180560283097,0.08458192139460818,0.05997616979530854,0.0742178313461683,1.153062511199411,0.1096589840021885,0.006116315919463084
2298,0.550147929534197,0.29750107091272315,0.00031294984064853676,0.03365474492336565,1.9952289037363364,1.494842200971551,1.3350513882968846,0.15979081267466627,1.1002958590657532,0.6601775154394518,0.4401183436263014,0.08611159150440978,0.061272035129663976,0.07558002832694374,1.1450183083873657,0.11247020221121708,0.006038406032085737,0.5587725700369716,0.30005696193739173,-0.0024685099360935783,0.03418234882344921,2.0481297572047854,1.5356581213540734,1.3776026731604745,0.15805544819359896,1.1175451400738514,0.6705270840443109,0.4470180560295405,0.08458192144796639,0.05997616984051113,0.07421783139371066,1.1530625109095736,0.10965898400644672,0.0061163159197651935
2299,0.5501479295344567,0.29750107095115286,0.000312949938771484,0.03365474483797361,1.9952289033392463,1.4948422006506301,1.33505138789821,0.15979081275242024,1.100295859068394,0.6601775154410363,0.44011834362735774,0.0861115915590353,0.06127203517594018,0.07558002837560843,1.14501830809672,0.11247020221566993,0.006038406032390113,0.5587725700358827,0.30005696197427506,-0.0024685098262921742,0.034182348730986134,2.048129756803387,1.5356581210291274,1.377602672759021,0.15805544827010634,1.1175451400739431,0.670527084044366,0.4470180560295771,0.08458192150110881,0.05997616988553092,0.07421783144107186,1.1530625106209969,0.10965898401043293,0.006116315920053809
2300,0.5501479295338875,0.2975010709889695,0.0003129500377883898,0.0336547447524149,1.99522890293965,1.494842200327995,1.3350513874983019,0.15979081282969318,1.1002958590689136,0.6601775154413481,0.4401183436275655,0.0861115916132972,0.06127203522190833,0.075580028423957,1.1450183078080758,0.11247020221990632,0.006038406032684093,0.558772570033905,0.30005696201051624,-0.002468509715540315,0.034182348638344934,2.0481297563991827,1.5356581207022484,1.3776026723561234,0.15805544834612498,1.1175451400717653,0.6705270840430593,0.447018056028706,0.08458192155387946,0.05997616993023575,0.07421783148810979,1.1530625103345087,0.10965898401419821,0.0061163159203313725
2301,0.5501479295327544,0.2975010710262876,0.00031295013786952763,0.03365474466673771,1.9952289025389263,1.4948422000047492,1.3350513870982614,0.15979081290648783,1.100295859067775,0.6601775154406648,0.44011834362711005,0.08611159166706314,0.061272035267456344,0.07558002847187195,1.1450183075221219,0.11247020222398056,0.006038406032970361,0.5587725700313192,0.3000569620462355,-0.0024685096036653267,0.034182348545576495,2.0481297559936507,1.5356581203746196,1.3776026719529644,0.15805544842165525,1.11754514006781,0.6705270840406862,0.44701805602712386,0.08458192160614325,0.059976169974511204,0.0742178315347044,1.1530625100508267,0.10965898401779736,0.0061163159206007135
2302,0.5501479295312965,0.29750107106321794,0.00031295023902270375,0.03365474458098834,1.995228902138342,1.4948421996818555,1.3350513866990368,0.15979081298281864,1.1002958590655088,0.6601775154393053,0.44011834362620356,0.08611159172023836,0.0612720353125039,0.07558002851926852,1.1450183072393523,0.11247020222794363,0.006038406033251392,0.5587725700283791,0.3000569620815492,-0.002468509490659611,0.03418234845272976,2.048129755588145,1.5356581200472716,1.3776026715505616,0.15805544849671008,1.1175451400626384,0.6705270840375832,0.44701805602505523,0.0845819216578034,0.05997617001827528,0.07421783158076918,1.1530625097704639,0.10965898402128225,0.006116315920864445
2303,0.5501479295297516,0.2975010710998723,0.00031295034129284055,0.03365474449520847,1.995228901739091,1.4948421993602403,1.3350513863015352,0.15979081305870504,1.100295859062593,0.6601775154375558,0.4401183436250373,0.08611159177275099,0.06127203535699016,0.07558002856608192,1.1450183069601418,0.11247020223184592,0.0060384060335296665,0.5587725700253353,0.30005696211657434,-0.002468509376482908,0.03418234835984873,2.048129755183943,1.5356581197211954,1.3776026711498877,0.1580554485713076,1.1175451400567582,0.670527084034055,0.44701805602270317,0.08458192170878659,0.059976170061465876,0.07421783162623793,1.1530625094938094,0.10965898402470384,0.00611631592112518
2304,0.5501479295284021,0.29750107113639046,0.00031295044480492834,0.03365474440945174,1.995228901342432,1.4948421990409178,1.3350513859067301,0.15979081313418755,1.1002958590595031,0.6601775154357018,0.4401183436238013,0.08611159182453801,0.061272035400861714,0.07558002861225825,1.145018306684818,0.11247020223574719,0.006038406033808182,0.5587725700224863,0.30005696215145716,-0.002468509261005905,0.03418234826698998,2.048129754782389,1.5356581193974739,1.3776026707519864,0.15805544864548746,1.1175451400506704,0.6705270840304024,0.447018056020268,0.08458192175902866,0.059976170104028614,0.07421783167105572,1.1530625092212035,0.1096589840281225,0.00611631592138606
2305,0.5501479295274092,0.2975010711728573,0.0003129505493040738,0.03365474432374718,1.995228900949303,1.4948421987245104,1.3350513855152204,0.1597908132092899,1.1002958590568042,0.6601775154340825,0.4401183436227217,0.08611159187558277,0.061272035444104464,0.07558002865777819,1.1450183064134687,0.11247020223968571,0.006038406034088685,0.5587725700200025,0.3000569621862864,-0.002468509144498844,0.034182348174184286,2.048129754384485,1.5356581190767742,1.3776026703575013,0.1580554487192729,1.1175451400449725,0.6705270840269837,0.44701805601798883,0.08458192180851268,0.059976170145949165,0.07421783171520291,1.1530625089527367,0.10965898403157703,0.006116315921648943
2306,0.5501479295270785,0.29750107120942487,0.00031295065511452447,0.033654744238149514,1.9952289005608717,1.4948421984120452,1.3350513851279806,0.15979081328406455,1.1002958590548184,0.660177515432891,0.44011834362192737,0.08611159192583599,0.06127203548667666,0.07558002870260253,1.14501830614635,0.11247020224372363,0.006038406034374431,0.558772570018205,0.3000569622212209,-0.0024685090266261672,0.03418234808148918,2.048129753991475,1.5356581187601885,1.377602669967472,0.15805544879271655,1.1175451400400047,0.670527084024003,0.44701805601600175,0.08458192185718855,0.059976170187185096,0.07421783175863962,1.1530625086886743,0.10965898403513018,0.006116315921917219
2307,0.5501479295276142,0.297501071246204,0.0003129507620117933,0.03365474415269851,1.995228900178193,1.494842198104251,1.3350513847456988,0.15979081335855205,1.1002958590541572,0.6601775154324943,0.44011834362166286,0.08611159197528606,0.06127203552856844,0.07558002874671818,1.145018305883522,0.11247020224790857,0.006038406034667663,0.55877257001731,0.3000569622563763,-0.0024685089076235123,0.03418234798894678,2.0481297536044836,1.5356581184484959,1.3776026695826373,0.15805544886585846,1.11754514003641,0.6705270840218461,0.4470180560145639,0.08458192190504424,0.05997617022772622,0.07421783180135241,1.15306250842908,0.10965898403882987,0.006116315922193262
2308,0.5501479295292783,0.2975010712833283,0.00031295087011742884,0.03365474406744189,1.9952288998023593,1.4948421978020214,1.3350513843692222,0.15979081343279922,1.1002958590552283,0.6601775154331371,0.4401183436220913,0.08611159202390736,0.061272035569758146,0.07558002879010385,1.1450183056251186,0.11247020225229581,0.006038406034971194,0.5587725700175918,0.30005696229189166,-0.0024685087873701703,0.034182347896607276,2.0481297532246714,1.535658118142645,1.3776026692038994,0.15805544893874562,1.11754514003462,0.670527084020772,0.4470180560138479,0.08458192195205386,0.05997617026755057,0.07421783184331963,1.1530625081740922,0.10965898404273192,0.006116315922480003
2309,0.5501479295323148,0.2975010713209245,0.0003129509793850932,0.03365474398242607,1.9952288994344933,1.4948421975062098,1.3350513839993594,0.15979081350685032,1.1002958590585565,0.6601775154351339,0.44011834362342256,0.08611159207168018,0.06127203561022905,0.07558002883274173,1.1450183053712424,0.1124702022569388,0.00603840603528766,0.5587725700193061,0.30005696232789847,-0.0024685086659166217,0.03418234780451955,2.048129752853227,1.5356581178435387,1.3776026688321168,0.15805544901142177,1.1175451400351837,0.6705270840211103,0.4470180560140734,0.08458192199819728,0.05997617030664114,0.07421783188452316,1.1530625079238161,0.10965898404688977,0.0061163159227801975
2310,0.5501479295370009,0.29750107135913123,0.0003129510898844737,0.03365474389770144,1.995228899075826,1.494842197217796,1.3350513836370481,0.1597908135807481,1.1002958590646297,0.6601775154387779,0.44011834362585184,0.08611159211857554,0.06127203564995663,0.07558002887460677,1.1450183051220446,0.11247020226189608,0.006038406035620014,0.5587725700227428,0.3000569623645409,-0.002468508543193193,0.03418234771273658,2.048129752491454,1.5356581175522157,1.3776026684682865,0.15805544908392927,1.1175451400386123,0.6705270840231674,0.44701805601544486,0.08458192204344511,0.059976170344973004,0.07421783192493753,1.153062507678409,0.10965898405136228,0.006116315923096923
2311,0.550147929543628,0.2975010713980939,0.0003129512016468161,0.03365474381332413,1.9952288987276925,1.4948421969378272,1.3350513832832913,0.15979081365453573,1.1002958590740017,0.6601775154444012,0.4401183436296006,0.08611159216455858,0.06127203568891132,0.0755800289156689,1.1450183048777067,0.11247020226722997,0.006038406035971362,0.5587725700282062,0.3000569624019692,-0.002468508419172573,0.03418234762131732,2.0481297521407607,1.5356581172697796,1.3776026681134694,0.15805544915631026,1.1175451400454854,0.6705270840272912,0.44701805601819417,0.08458192208776205,0.05997617038251625,0.07421783196453233,1.1530625074380572,0.10965898405621169,0.0061163159234334085
2312,0.5501479295524244,0.29750107143792265,0.0003129513145378321,0.03365474372933622,1.9952288983913145,1.4948421966671952,1.3350513829389608,0.15979081372823456,1.100295859087256,0.6601775154523537,0.4401183436349023,0.08611159220960243,0.06127203572707038,0.07558002895590171,1.1450183046383684,0.11247020227299026,0.0060384060363440975,0.5587725700359327,0.3000569624402967,-0.0024685082940016367,0.0341823475303059,2.0481297518024273,1.5356581169971648,1.3776026677685798,0.158055449228585,1.1175451400564125,0.6705270840338475,0.44701805602256495,0.08458192213112123,0.05997617041924812,0.07421783200328101,1.1530625072029042,0.10965898406148772,0.0061163159237921285
2313,0.5501479295637651,0.29750107147879223,0.00031295142889582045,0.03365474364580821,1.995228898068294,1.4948421964072685,1.3350513826053843,0.15979081380188412,1.100295859104849,0.6601775154629096,0.44011834364193947,0.08611159225363191,0.06127203576437009,0.07558002899524338,1.1450183044044218,0.11247020227925227,0.006038406036742129,0.5587725700463118,0.3000569624797041,-0.0024685081673315387,0.03418234743977611,2.0481297514781334,1.535658116735806,1.3776026674350141,0.1580554493007919,1.1175451400718655,0.6705270840431192,0.44701805602874617,0.08458192217344651,0.05997617045510413,0.074217832041121,1.1530625069733533,0.10965898406726514,0.006116315924177123
2314,0.5501479295779421,0.2975010715208372,0.00031295154456336544,0.03365474356279649,1.9952288977602606,1.494842196159241,1.3350513822837422,0.15979081387549898,1.1002958591275303,0.6601775154765184,0.44011834365101193,0.08611159229658995,0.061272035800762154,0.07558002903364058,1.145018304176164,0.1124702022860789,0.006038406037168465,0.5587725700596463,0.3000569625203295,-0.0024685080393309286,0.034182347349787215,2.048129751169587,1.5356581164869558,1.3776026671140125,0.15805544937294325,1.1175451400926237,0.6705270840555743,0.44701805603704947,0.08458192221468025,0.05997617049003544,0.0742178320779984,1.153062506749711,0.10965898407360658,0.006116315924591505
2315,0.5501479295953889,0.2975010715642518,0.00031295166188286677,0.033654743480383435,1.9952288974692083,1.494842195924784,1.3350513819756775,0.15979081394910644,1.1002958591558842,0.6601775154935308,0.44011834366235353,0.08611159233837387,0.06127203583615953,0.07558002907100657,1.1450183039541293,0.11247020229355685,0.006038406037627548,0.5587725700763846,0.30005696256237246,-0.002468507909652244,0.034182347260425364,2.04812975087887,1.5356581162523582,1.3776026668072945,0.15805544944506375,1.1175451401192926,0.6705270840715756,0.44701805604771705,0.08458192225471883,0.059976170523954264,0.07421783211382565,1.1530625065325264,0.10965898408059808,0.006116315925039856
2316,0.5501479296164253,0.29750107160917505,0.00031295178064307677,0.033654743398632544,1.9952288971970438,1.4948421957052818,1.335051381682577,0.15979081402270473,1.1002958591907777,0.6601775155144667,0.4401183436763109,0.08611159237890592,0.061272035870496414,0.07558002910726873,1.1450183037387243,0.11247020230175477,0.00603840603812263,0.5587725700968559,0.30005696260597553,-0.002468507778522311,0.034182347171757124,2.0481297506079676,1.5356581160334555,1.3776026665163061,0.1580554495171493,1.1175451401527692,0.6705270840916615,0.44701805606110767,0.0845819222934841,0.0599761705567944,0.07421783214852966,1.1530625063222146,0.10965898408830732,0.006116315925525502
2317,0.5501479296415223,0.29750107165580697,0.000312951901228542,0.03365474331763328,1.9952288969460517,1.4948421955026423,1.3350513814063412,0.1597908140963011,1.1002958592328507,0.6601775155397105,0.4401183436931401,0.08611159241805288,0.0612720359036599,0.07558002914231315,1.1450183035306414,0.11247020231076525,0.0060384060386584415,0.5587725701215458,0.30005696265134374,-0.00246850764554931,0.03418234708387599,2.0481297503592537,1.5356581158322309,1.3776026662430267,0.15805544958920417,1.1175451401937118,0.670527084116227,0.44701805607748474,0.08458192233084218,0.0599761705884424,0.07421783218199593,1.1530625061194864,0.10965898409682598,0.006116315926053313
2318,0.5501479296711173,0.2975010717043313,0.0003129520236274247,0.03365474323747383,1.995228896718689,1.4948421953187494,1.335051381148862,0.15979081416988747,1.1002958592830447,0.6601775155698271,0.44011834371321773,0.08611159245568427,0.06127203593553947,0.07558002917602341,1.1450183033305619,0.11247020232067836,0.00603840603923937,0.5587725701509033,0.30005696269866433,-0.0024685075107565846,0.03418234699687431,2.0481297501352786,1.53565811565064,1.3776026659894238,0.1580554496612162,1.1175451402430916,0.6705270841458548,0.4470180560972367,0.08458192236666157,0.05997617061878694,0.07421783221410716,1.1530625059250388,0.10965898410624257,0.006116315926627771
2319,0.5501479297057216,0.29750107175495494,0.0003129521480803449,0.03365474315825082,1.9952288965177098,1.494842195155814,1.3350513809123692,0.15979081424344482,1.1002958593422343,0.6601775156053407,0.44011834373689357,0.08611159249164038,0.0612720359659998,0.07558002920825883,1.1450183031393166,0.1124702023315955,0.006038406039870482,0.5587725701854542,0.3000569627481489,-0.002468507373903056,0.03418234691085319,2.0481297499388966,1.5356581154909752,1.3776026657578129,0.15805544973316243,1.1175451403018066,0.6705270841810839,0.44701805612072276,0.08458192240078201,0.05997617064769219,0.0742178322447221,1.153062505739723,0.10965898411665703,0.006116315927254068
2320,0.5501479297459584,0.29750107180793767,0.0003129522749160882,0.03365474308009015,1.995228896346345,1.4948421950164466,1.3350513806994788,0.15979081431696768,1.1002958594114431,0.6601775156468661,0.4401183437645771,0.08611159252572512,0.061272035994874796,0.07558002923885015,1.145018302957928,0.11247020234364102,0.006038406040558008,0.5587725702258376,0.3000569628000624,-0.002468507234662902,0.03418234682594438,2.048129749773454,1.5356581153559414,1.3776026655509088,0.1580554498050325,1.1175451403709087,0.670527084222545,0.4470180561483636,0.08458192243300622,0.05997617067499103,0.07421783227367043,1.1530625055645858,0.10965898412819183,0.006116315927938561
2321,0.5501479297922761,0.29750107186344743,0.0003129524038470513,0.03365474300308291,1.9952288962075924,1.4948421949028388,1.3350513805124422,0.1597908143903965,1.1002958594919168,0.6601775156951502,0.44011834379676656,0.08611159255777501,0.06127203602202597,0.07558002926764554,1.1450183027872478,0.11247020235690798,0.006038406041306283,0.5587725702725124,0.30005696285457595,-0.0024685070933391437,0.034182346742243706,2.048129749642048,1.5356581152478048,1.3776026653710427,0.15805544987676218,1.1175451404516752,0.670527084271005,0.44701805618067014,0.0845819224631701,0.05997617070054448,0.0742178323007997,1.153062505400498,0.10965898414093812,0.006116315928685677
2322,0.5501479298455327,0.29750107192183295,0.0003129525358967489,0.03365474292739571,1.9952288961055356,1.4948421948185246,1.335051380354804,0.15979081446372057,1.1002958595845522,0.6601775157507315,0.4401183438338207,0.08611159258749831,0.061272036047206185,0.07558002929439886,1.1450183026287954,0.11247020237155952,0.0060384060421238145,0.5587725703263573,0.30005696291204476,-0.002468506948897567,0.03418234665992527,2.048129749548897,1.5356581151702169,1.3776026652218822,0.15805544994833468,1.1175451405450247,0.6705270843270148,0.44701805621800994,0.08458192249098097,0.059976170724104536,0.07421783232586289,1.1530625052490127,0.10965898415505614,0.006116315929504099
2323,0.5501479299064579,0.2975010719833859,0.00031295267091580037,0.03365474285318143,1.9952288960445759,1.4948421947668267,1.3350513802299364,0.15979081453689023,1.1002958596910652,0.6601775158146393,0.4401183438764259,0.08611159261463965,0.06127203607019906,0.0755800293188803,1.1450183024839022,0.11247020238774545,0.006038406043017805,0.5587725703881209,0.3000569629727666,-0.0024685068014993414,0.0341823465791499,2.0481297494985524,1.5356581151266178,1.3776026651069238,0.15805545001969412,1.1175451406527144,0.6705270843916286,0.4470180562610858,0.08458192251618141,0.05997617074545318,0.07421783234862846,1.1530625051114956,0.10965898417069318,0.006116315930401187
2324,0.5501479299760412,0.2975010720485038,0.000312952809622076,0.033654742780636474,1.9952288960298838,1.494842194752002,1.3350513801421342,0.15979081460986794,1.1002958598129158,0.6601775158877496,0.44011834392516613,0.08611159263886559,0.06127203609072214,0.07558002934080083,1.145018302354305,0.11247020240565861,0.006038406043998029,0.558772570458817,0.3000569630371471,-0.0024685066504252853,0.03418234650012356,2.0481297494963577,1.5356581151214086,1.3776026650306128,0.1580554500907957,1.1175451407762416,0.6705270844657449,0.4470180563104967,0.0845819225384366,0.05997617076430676,0.07421783236880605,1.1530625049897238,0.10965898418803885,0.006116315931386916
2325,0.5501479300553689,0.2975010721176286,0.000312952952392892,0.03365474270998204,1.995228896067415,1.4948421947787778,1.3350513800961652,0.15979081468261258,1.1002958599520825,0.6601775159712496,0.4401183439808328,0.08611159265981674,0.061272036108471,0.07558002935984498,1.1450183022418763,0.11247020242551566,0.006038406045075264,0.5587725705395604,0.30005696310563756,-0.0024685064953028843,0.03418234642307889,2.048129749548473,1.5356581151594826,1.3776026649978925,0.1580554501615901,1.117545140917634,0.6705270845505804,0.44701805636705366,0.08458192255738467,0.05997617078035867,0.07421783238607801,1.1530625048856185,0.1096589842073062,0.006116315932472319
2326,0.5501479301457688,0.2975010721913054,0.0003129530999392699,0.03365474264148482,1.9952288961641882,1.4948421948528352,1.3350513800977453,0.15979081475508994,1.1002958601107378,0.6601775160664428,0.44011834404429495,0.08611159267707182,0.06127203612308868,0.07558002937564584,1.145018302148811,0.11247020244757909,0.006038406046262723,0.5587725706317137,0.3000569631787948,-0.002468506335422546,0.03418234634829637,2.0481297496621624,1.5356581152467235,1.37760266501469,0.15805545023203355,1.1175451410791208,0.6705270846474725,0.4470180564316484,0.08458192257260119,0.059976170793249406,0.07421783240007475,1.1530625048014305,0.10965898422875364,0.006116315933670898
2327,0.5501479302488171,0.29750107227019107,0.00031295325300224885,0.03365474257546161,1.9952288963285039,1.4948421949808581,1.335051380153581,0.159790814827277,1.1002958602915376,0.6601775161749227,0.4401183441166149,0.0861115926901544,0.06127203613417165,0.07558002938778832,1.1450183020775917,0.11247020247216223,0.006038406047576167,0.5587725707368968,0.30005696325729136,-0.002468506170043086,0.0341823462761096,2.0481297498460207,1.5356581153900573,1.3776026650879643,0.15805545030209311,1.1175451412634274,0.6705270847580564,0.447018056505371,0.08458192258360596,0.05997617080257213,0.07421783241037783,1.1530625047397094,0.10965898425269002,0.006116315934998805
2328,0.5501479303664432,0.2975010723551028,0.00031295341256772774,0.03365474251229693,1.9952288965703049,1.4948421951708986,1.3350513802717243,0.1597908148991742,1.100295860497634,0.6601775162985806,0.4401183441990535,0.08611159269851641,0.06127203614125555,0.07558002939579664,1.1450183020310736,0.1124702024996488,0.006038406049034992,0.5587725708570944,0.3000569633419638,-0.0024685059981760377,0.03418234620692377,2.0481297501103612,1.5356581155978417,1.377602665226085,0.15805545037175664,1.1175451414737936,0.6705270848842761,0.4470180565895175,0.08458192258984554,0.05997617080785801,0.0742178324165068,1.1530625047033924,0.10965898427949396,0.006116315936475928
2329,0.5501479305010092,0.29750107244705615,0.0003129535798108776,0.033654742452459016,1.9952288969016085,1.4948421954326894,1.3350513804618767,0.1597908149708126,1.1002958607328863,0.6601775164397319,0.44011834429315444,0.08611159270152764,0.061272036143806524,0.07558002939912487,1.145018302012541,0.11247020253051045,0.006038406050663064,0.5587725709947388,0.3000569634338531,-0.0024685058186433573,0.03418234614123267,2.048129750467658,1.5356581158801859,1.3776026654391447,0.1580554504410411,1.117545141714189,0.6705270850285134,0.4470180566856757,0.08458192259068276,0.05997617080856726,0.07421783241790975,1.1530625046958607,0.10965898430963127,0.006116315938126763
2330,0.5501479306554464,0.2975010725473316,0.00031295375621900184,0.03365474239652263,1.9952288973370704,1.4948421957781317,1.3350513807358593,0.1597908150422724,1.1002958610020184,0.6601775166012112,0.44011834440080727,0.08611159269846205,0.061272036141209504,0.07558002939714575,1.1450183020257767,0.11247020256533341,0.006038406052490154,0.5587725711528518,0.30005696353427286,-0.0024685056299475205,0.034182346079642795,2.0481297509331466,1.5356581162494702,1.3776026657394602,0.1580554505100099,1.1175451419894775,0.6705270851936864,0.4470180567957911,0.08458192258538239,0.059976170804077036,0.07421783241395155,1.153062504721016,0.10965898434368163,0.006116315939981905
2331,0.5501479308334556,0.2975010726575713,0.0003129539437276216,0.033654742345206254,1.9952288978948276,1.4948421962220022,1.3350513811082916,0.15979081511371063,1.100295861310893,0.6601775167865359,0.44011834452435716,0.08611159268847182,0.061272036132746226,0.07558002938913039,1.145018302075198,0.11247020260485964,0.006038406054554057,0.5587725713352534,0.30005696364490947,-0.0024685054301365333,0.034182346022912743,2.0481297515257064,1.5356581167210848,1.3776026661422844,0.1580554505788003,1.1175451423057037,0.6705270853834221,0.4470180569222816,0.08458192257308442,0.05997617079365876,0.07421783240389283,1.1530625047834224,0.10965898438237964,0.006116315942080243
2332,0.5501479310396906,0.2975010727798755,0.00031295414466987054,0.03365474229940338,1.9952288985973596,1.4948421967826069,1.335051381597213,0.15979081518539393,1.1002958616669112,0.6601775170001467,0.4401183446667644,0.08611159267058943,0.06127203611759712,0.07558002937424899,1.1450183021658455,0.11247020265002607,0.006038406056902572,0.5587725715467503,0.30005696376791996,-0.0024685052168596233,0.03418234597198623,2.0481297522687645,1.5356581173141148,1.3776026666664605,0.15805545064765444,1.1175451426705068,0.670527085602304,0.4470180570682028,0.08458192255280576,0.05997617077647964,0.0742178323868905,1.1530625048882974,0.10965898442665367,0.00611631594447099
2333,0.5501479312801295,0.2975010729169809,0.00031295436217929073,0.033654742260246936,1.9952288994729426,1.4948421974830652,1.3350513822253138,0.1597908152577513,1.1002958620793812,0.6601775172476287,0.44011834483175244,0.08611159264368137,0.061272036094801856,0.07558002935153546,1.145018302303627,0.11247020270203834,0.006038406059597412,0.5587725717935232,0.3000569639061178,-0.0024685049869470205,0.03418234592806006,2.048129753191824,1.5356581180526963,1.3776026673357236,0.15805545071697258,1.1175451430935006,0.6705270858561003,0.44701805723740035,0.08458192252339247,0.059976170751562065,0.07421783236196106,1.1530625050417658,0.10965898447769941,0.0061163159472177415
2334,0.5501479315624752,0.2975010730724706,0.0003129546002285308,0.033654742229179316,1.9952289005573889,1.4948421983526847,1.3350513830212334,0.15979081533145123,1.100295862560259,0.6601775175361555,0.4401183450241035,0.08611159260643847,0.06127203606325139,0.0755800293198801,1.1450183024953624,0.11247020276245547,0.006038406062718533,0.5587725720835426,0.30005696406318716,-0.0024685047363779897,0.034182345892658346,2.0481297543322947,1.5356581189674543,1.3776026681800668,0.15805545078738747,1.1175451435870465,0.6705270861522278,0.4470180574348187,0.08458192248350893,0.05997617071777458,0.07421783232797224,1.1530625052509151,0.1096589845370641,0.006116315950402965
2335,0.550147931896773,0.29750107325108793,0.0003129548640623467,0.033654742208057406,1.9952289018964795,1.4948421994290255,1.3350513840215092,0.15979081540751627,1.1002958631249504,0.6601775178749703,0.4401183452499801,0.08611159255734738,0.06127203602166372,0.07558002927801022,1.145018302748938,0.11247020283331623,0.006038406066370768,0.5587725724272079,0.30005696424400696,-0.0024685044598399403,0.03418234586774296,2.0481297557380453,1.5356581200976729,1.3776026692377943,0.15805545085987868,1.1175451441670852,0.6705270865002511,0.44701805766683417,0.08458192243160798,0.059976170673806506,0.07421783228362289,1.1530625055239578,0.10965898460677267,0.0061163159541348325
2336,0.5501479322962199,0.29750107345915633,0.0003129551605624767,0.03365474219929006,1.995228903549251,1.4948422007606055,1.3350513852731232,0.15979081548748228,1.100295863793546,0.6601775182761278,0.4401183455174183,0.08611159249466517,0.06127203596856226,0.0755800292244736,1.145018303073436,0.11247020291730755,0.006038406070692568,0.5587725728381877,0.30005696445508173,-0.0024685041503561198,0.03418234585585855,2.0481297574708592,1.5356581214941383,1.3776026705582098,0.1580554509359284,1.1175451448544158,0.6705270869126494,0.4470180579417664,0.0845819223659029,0.059976170618144226,0.07421783222742374,1.1530625058703756,0.1096589846894944,0.006116315958556263
2337,0.5501479327783924,0.29750107370523676,0.000312955499028815,0.033654742206045,1.9952289055925274,1.4948422024107537,1.3350513868370633,0.15979081557369038,1.1002958645924399,0.660177518755464,0.44011834583697584,0.0861115924164298,0.06127203590228488,0.0755800291576602,1.145018303479079,0.11247020301801904,0.006038406075869416,0.5587725733346898,0.30005696470521603,-0.0024685037984930047,0.03418234586034993,2.048129759611192,1.5356581232231783,1.377602672205367,0.15805545101781138,1.1175451456763754,0.6705270874058251,0.4470180582705503,0.08458192228437586,0.0599761705490783,0.07421783215771788,1.153062506300878,0.10965898478879633,0.006116315963858745
2338,0.5501479333668391,0.2975010740009636,0.0003129558918453512,0.033654742232515765,1.995228908127305,1.494842204462854,1.3350513887932338,0.1597908156696201,1.100295865556785,0.6601775193340711,0.4401183462227139,0.08611159232044444,0.06127203582097057,0.07558002907579912,1.1450183039773145,0.1124702031402758,0.006038406082151121,0.558772573941113,0.3000569650063728,-0.002468503391678256,0.03418234588564288,2.048129762264874,1.53565812537217,1.3776026742632466,0.15805545110892338,1.1175451466693795,0.6705270880016276,0.44701805866775196,0.08458192218475835,0.05997617046468699,0.07421783207267439,1.1530625068275053,0.10965898490947379,0.0061163159703002245
2339,0.5501479340935582,0.2975010743623824,0.00031295635612410555,0.03365474228433242,1.9952289112876864,1.4948422070279852,1.3350513912474793,0.1597908157805058,1.1002958667336782,0.660177520040207,0.44011834669347116,0.08611159220433326,0.06127203572260657,0.075580028977034,1.145018304580523,0.11247020329065277,0.006038406089878987,0.5587725746906008,0.3000569653750414,-0.002468502912553197,0.03418234593767447,2.048129765572471,1.5356581280575274,1.3776026768431355,0.15805545121439202,1.117545147882226,0.6705270887293355,0.44701805915289056,0.0845819220645832,0.05997617036288019,0.07421783197036094,1.153062507463352,0.10965898505805961,0.006116315978232987
2340,0.5501479350024282,0.29750107481180565,0.0003129569153713721,0.033654742369134,1.9952289152537455,1.4948422102556524,1.3350513943414755,0.1597908159141769,1.1002958681871164,0.66017752091227,0.4401183472748465,0.08611159206564788,0.06127203560511877,0.07558002885954719,1.1450183053014618,0.11247020347819386,0.006038406099523476,0.5587725756285846,0.30005696583413527,-0.0024685023372712916,0.034182346024492716,2.048129769722756,1.535658131435942,1.3776026800940353,0.1580554513419067,1.1175451493812014,0.6705270896287208,0.4470180597524807,0.08458192192128564,0.05997617024148517,0.07421783184886346,1.153062508222031,0.109658985243536,0.006116315988142426
2341,0.5501479361543474,0.2975010753806174,0.00031295760251594945,0.03365474249742449,1.995228920270026,1.4948422143494968,1.335051398267112,0.15979081608238496,1.1002958700048566,0.660177522002914,0.44011834800194255,0.08611159190210206,0.06127203546657037,0.07558002872181965,1.1450183061520454,0.1124702037154856,0.006038406111740818,0.5587725768180755,0.30005696641585167,-0.002468501632455232,0.03418234615715153,2.0481297749720615,1.5356581357207884,1.3776026842177602,0.1580554515030282,1.117545151257169,0.6705270907543013,0.44701806050286774,0.08458192175243136,0.05997617009843968,0.07421783170654117,1.1530625091164624,0.10965898547839521,0.006116316000705118
2342,0.550147937634741,0.29750107611339116,0.00031295846393410154,0.033654742683837446,1.9952289266725898,1.4948422195901478,1.3350514032873728,0.15979081630277503,1.1002958723086949,0.660177523385217,0.4401183489234779,0.08611159171202284,0.06127203530554409,0.0755800285631063,1.1450183071409916,0.1124702040202311,0.006038406127455869,0.558772578347378,0.3000569671658631,-0.0024685007511606114,0.03418234635103152,2.048129781672514,1.5356581412059558,1.3776026894908238,0.15805545171513202,1.1175451536361507,0.6705270921816904,0.4470180614544604,0.08458192155616065,0.059976169932168276,0.07421783154249684,1.1530625101565182,0.10965898578019131,0.006116316016873633
2343,0.5501479395647867,0.29750107707408013,0.0003129595656175474,0.033654742949057945,1.9952289349288632,1.4948422263690788,1.335051409767174,0.15979081660190475,1.100295875269482,0.6601775251616893,0.4401183501077928,0.08611159149521383,0.0612720351218736,0.07558002838432308,1.145018308269326,0.11247020441760465,0.006038406147986262,0.5587725803416039,0.30005696814960187,-0.002468499626704722,0.03418234662784566,2.0481297903135895,1.535658148301111,1.3776026962967363,0.15805545200437457,1.1175451566947558,0.6705270940168534,0.44701806267790245,0.08458192133204429,0.059976169742307336,0.07421783135745946,1.1530625113444777,0.10965898617385607,0.006116316038003392
2344,0.5501479421184674,0.2975010783554899,0.00031296100233414725,0.03365474332284026,1.995228945697282,1.4948422352395037,1.335051418219538,0.15979081701996561,1.1002958791295734,0.6601775274777439,0.4401183516518294,0.08611159125471717,0.061272034918136015,0.07558002818981316,1.1450183095211985,0.11247020494383408,0.0060384061752315615,0.5587725829801092,0.300056969461843,-0.002468498163590238,0.03418234701878745,2.048129801584208,1.5356581575845962,1.3776027051742836,0.1580554524103127,1.1175451606832079,0.6705270964099246,0.4470180642732832,0.08458192108284435,0.05997616953119673,0.07421783115555294,1.153062512665685,0.10965898669521307,0.006116316066045286
2345,0.550147945549204,0.2975010800942266,0.0003129629107133172,0.03365474384915543,1.9952289599183743,1.4948422469946716,1.3350514293762135,0.1597908176184581,1.1002958842369348,0.6601775305421609,0.4401183536947739,0.08611159100116478,0.06127203470333821,0.07558002799160479,1.1450183108412149,0.112470205651809,0.006038406211969883,0.558772586523609,0.3000569712417445,-0.0024684962247880984,0.0341823475699031,2.0481298164674095,1.5356581698846348,1.3776027168912786,0.15805545299335616,1.1175451659602185,0.670527099576131,0.4470180663840875,0.08458192081889611,0.05997616930759206,0.07421783094858972,1.1530625140652906,0.10965898739645286,0.006116316103846326
