Year,GDP ($Y_t$): Baseline,Labor ($L_t$): Baseline,Government Expenditures ($G_t$): Baseline,Lump sum transfers ($TR_t$): Baseline,Wealth ($B_t$): Baseline,Capital Stock ($K_t$): Baseline,Domestically-owned Capital Stock ($K^d_t$): Baseline,Foreign-owned Capital Stock ($K^f_t$): Baseline,Government Debt ($D_t$): Baseline,Domestically-owned Gov Debt ($D^d_t$): Baseline,Foreign-owned Gov Debt ($D^f_t$): Baseline,Real interest rate ($r_t$): Baseline,"Real interest rate on gov debt ($r_{gov,t}$): Baseline","Real interest rate on HH portfolio ($r_{p,t}$): Baseline",Wage rate: Baseline,Total tax revenue ($REV_t$): Baseline,Business tax revenue: Baseline,GDP ($Y_t$): Reform,Labor ($L_t$): Reform,Government Expenditures ($G_t$): Reform,Lump sum transfers ($TR_t$): Reform,Wealth ($B_t$): Reform,Capital Stock ($K_t$): Reform,Domestically-owned Capital Stock ($K^d_t$): Reform,Foreign-owned Capital Stock ($K^f_t$): Reform,Government Debt ($D_t$): Reform,Domestically-owned Gov Debt ($D^d_t$): Reform,Foreign-owned Gov Debt ($D^f_t$): Reform,Real interest rate ($r_t$): Reform,"Real interest rate on gov debt ($r_{gov,t}$): Reform","Real interest rate on HH portfolio ($r_{p,t}$): Reform",Wage rate: Reform,Total tax revenue ($REV_t$): Reform,Business tax revenue: Reform
2026,0.7410750926690702,0.33948250406316133,0.008323101189500654,0.04533451255567897,2.9725200854689193,2.637148559920024,2.5582939717843485,0.07885458813567528,0.6903768561409511,0.4142261136845707,0.27615074245638044,0.05415738840318449,0.034201921240074054,0.05001712055479236,1.3516560632759984,0.1398621075721053,0.007532999807180457,0.7468969261395397,0.3434841512066841,0.008388486883288608,0.045690657244524986,2.9725200854689193,2.641093644564403,2.5582939717843485,0.08279967278005461,0.6903768561409511,0.4142261136845707,0.27615074245638044,0.054812715671986596,0.034757084006775844,0.05065659382305498,1.3464038468045756,0.13578477254076396,0.0076083452160152325
2027,0.7405625183076421,0.34058970312378417,0.008317344406794673,0.04530316376186087,2.9366335009746014,2.618461726777356,2.5363179916051513,0.08214373517220466,0.6642443738007349,0.4003155093694501,0.26392886443128477,0.054821950154436375,0.03476490703058385,0.05076345886322578,1.346330217640426,0.1398612977610499,0.00754404358042917,0.7464019319236541,0.3443558696125625,0.008382927545256892,0.045660384317626077,2.9423525248655236,2.6256565042637448,2.54018670829825,0.08546979596549459,0.6688701417952938,0.4021658165672736,0.2667043252280202,0.05535404839337826,0.03521567589760826,0.05126544552334369,1.342105460833997,0.13575701133855414,0.0076164956129973465
2028,0.7359594291648373,0.3406544290394838,0.008265646573337782,0.04502155990285643,2.875010650417131,2.575142937431151,2.4881151023009793,0.08702783513017165,0.6390567680691053,0.3868955481161516,0.25216121995295365,0.05591263634577638,0.03568888561718314,0.051891670606617236,1.3377076486657908,0.13922762004513306,0.00752321937678211,0.7434162222936672,0.3444885728758716,0.00834939469059928,0.045477721412502725,2.8982956114232086,2.5965385805083767,2.5076880957604457,0.08885048474793082,0.6483366869356331,0.39060751566276275,0.2577291712728703,0.05610243802303634,0.035849676765802516,0.05205585129261459,1.336221911983344,0.13534877157746403,0.0076039715379752
2029,0.7350915895454628,0.3410238241855247,0.008255899764897228,0.04496846768119997,2.847860627521926,2.562656762145342,2.4738369366301334,0.08881982551520845,0.6150280661658326,0.37402369089179244,0.24100437527404014,0.05629962662251426,0.03601672577117706,0.05237393260767786,1.3346829410348462,0.13908428662076944,0.007523456487022023,0.7425884156726449,0.34469944292809396,0.008340097497453451,0.04542707932438052,2.8757093522627546,2.586378363345313,2.4961679773067003,0.09021038603861256,0.6288222763264879,0.37954137495605456,0.24928090137043332,0.0563979272244479,0.03610000146675079,0.05242808129112864,1.333917478171657,0.13520111265910945,0.007602510907115867
2030,0.734545133393188,0.34124627359902415,0.008249762451828688,0.044935038273724054,2.826501671539714,2.554946875116611,2.4650267231153444,0.08992015200126635,0.5916082151691783,0.3614749484243694,0.23013326674480888,0.05653895045807755,0.036219469787814526,0.05271850606257016,1.3328213556139268,0.1389631842958805,0.0075234589536351424,0.7420444952950114,0.344779987073355,0.008333988663966995,0.04539380550648266,2.8582784786108135,2.5804261762371756,2.489466207553734,0.09095996868344161,0.6099515217509538,0.3688122710570796,0.24113925069387418,0.056563724144679306,0.03624045690226861,0.05267820528167264,1.3326290386264845,0.1350730870728073,0.0076008536008831
2031,0.7342343085028715,0.3413720644786686,0.00824627154106956,0.044916024228073254,2.809350808294142,2.5505799420448576,2.4600367832020837,0.09054315884277374,0.5688615129337794,0.34931402509205833,0.21954748784172107,0.056674958771287295,0.036334689701666104,0.05296568415739322,1.3317664460443208,0.13886193195955043,0.007523442563651665,0.7417146753371351,0.34478013203815694,0.008330284417378658,0.0453736298191648,2.8446098400936823,2.5774137039656813,2.4861188573456814,0.09129484661999968,0.5918039070736355,0.3584909827480008,0.23331292432563472,0.05664015790343932,0.036305208025871616,0.052842889750885386,1.3320361568779369,0.13496370784500705,0.007599273407696091
2032,0.7342812314604275,0.3414812819971412,0.008246798538303325,0.04491889556320785,2.79654115484755,2.549681511558231,2.4589188896055814,0.09076262195264981,0.5469111721017262,0.3376222652419686,0.20928890685975765,0.056718966787977027,0.03637197124550783,0.053125317066356904,1.3314255797996575,0.1388055804415508,0.007524946481185572,0.7417134952185339,0.34477612651684625,0.008330271163328387,0.04537355880255613,2.8348308957081834,2.577451623838848,2.486165378209257,0.0912862456295912,0.5745193027441211,0.3486655174989265,0.22585378524519462,0.056638435342123566,0.0363037487520837,0.052931948899556616,1.332049511079767,0.13489555366450232,0.007599220814204968
2033,0.73468341236517,0.34161079218837365,0.008251315479163664,0.04494349968809948,2.7874520578811777,2.551776562132648,2.461104857366013,0.09067170476663464,0.5256321940864743,0.3263472005151645,0.1992849935713098,0.05669001742573525,0.03634744669296514,0.053215411810676586,1.3316497831713145,0.1387993947294755,0.007528394729331783,0.7420659439799707,0.3448076755961222,0.008334229556660683,0.04539512088254948,2.8285675921569604,2.5802851121852797,2.489279139550608,0.09100597263467149,0.5579853243144439,0.3392884526063523,0.2186968717080916,0.05657255083453784,0.03624793446316981,0.052958806693728225,1.3325605372352505,0.13487822003464403,0.007601281172161981
2034,0.7353765496417359,0.3417706780543759,0.008259100185124157,0.04498590283720812,2.7811532405436274,2.5561578036119057,2.4657977635534327,0.09036004005847298,0.5047489113351176,0.3153554769901946,0.18939343434492295,0.056608380555200136,0.03627828773519126,0.05325588856185112,1.3322825681153196,0.13883823549199756,0.00753359488250196,0.742685883394533,0.34487711151849965,0.008341192168857214,0.0454330464938352,2.824783710134508,2.5851030648567406,2.494556359786448,0.09054670507029261,0.5419285947297815,0.33022735034806017,0.21170124438172136,0.05646378817195444,0.036155795796661956,0.052944299742777014,1.3334052706811366,0.13489904771228184,0.00760506525208185
2035,0.736231369489507,0.341923854459152,0.008268700766984447,0.0450381967692834,2.7767538126825295,2.562100455278605,2.4722329195316814,0.08986753574692345,0.4840063824161949,0.30452089315084796,0.17948548926534696,0.05648586388397901,0.03617449731260357,0.05325849662967014,1.3332337045030396,0.13889795089914675,0.007539488074043452,0.7434526265742839,0.34495135679663863,0.008349803551339982,0.045479952639437216,2.8226184599078445,2.5912101317354685,2.5012606609454076,0.08994947079006095,0.5260986469451676,0.321357798962437,0.20474084798273062,0.05632380319908298,0.03603720704179747,0.052900073690556146,1.3344945726384057,0.13494149950748877,0.007609602558619458
2036,0.7371804694922003,0.3420533164213537,0.008279360220310453,0.04509625814581315,2.773775728585729,2.5692009188344285,2.479980510101813,0.08922040873261548,0.46331708520626697,0.29379521848391604,0.16952186672235092,0.05632989143889337,0.0360423647152507,0.05323027801655592,1.3344471525490935,0.1389686225826089,0.00754554699364519,0.7442958862940775,0.3450107483811656,0.008359274300048583,0.0455315395416561,2.8216017854043014,2.598207738276424,2.508970721439687,0.08923701683673722,0.5104066989080134,0.3126310639646146,0.1977756349433988,0.056159226744013094,0.035897785527570565,0.05283245588137347,1.3357782280512684,0.13499306298647548,0.007614321719955474
2037,0.7381836826871031,0.34215725267230607,0.008290627425238022,0.04515762974506868,2.7718306059932707,2.5771190213218786,2.488664549385215,0.08845447193666357,0.44268048186984466,0.2831660566080557,0.1595144252617889,0.056149109538840565,0.035889214702149036,0.05317913186991738,1.335857250386507,0.13904455133712032,0.007551553462420165,0.7451771893578264,0.34505325778148954,0.008369172318010272,0.045585453592303815,2.821363549574162,2.6057721613684905,2.5173290709439047,0.08844309042458606,0.494851536925349,0.30403447863025745,0.19081705829509157,0.05597804906820134,0.0357443002316632,0.052748771131884586,1.3371951248437954,0.13504879282043425,0.007619011728035473
2038,0.7392416245469776,0.3422480740226452,0.008302509294213849,0.045222349186182016,2.7707665550176235,2.585713099751197,2.498114039186315,0.08759906056488183,0.4221493617966506,0.2726525158313089,0.14949684596534168,0.055949756493020905,0.035720332078555524,0.0531105585435434,1.337416747997966,0.13912840045691785,0.007557652396645807,0.7461000125213437,0.3450892171917922,0.00837953665307692,0.045641907449790006,2.821810453039722,2.6138116735550883,2.526222472116706,0.08758920143838216,0.47948802452591816,0.29558798092301586,0.1839000436029023,0.055784698981796804,0.03558050303594055,0.05265285068679522,1.3387115771112383,0.13511102748291035,0.007623808265551497
2039,0.740496302392612,0.34240007084063895,0.00831660072809517,0.04529910365541066,2.7709566630833833,2.5953788826994955,2.508687299825845,0.0866915828736501,0.40172955230344387,0.26226936325753825,0.1394601890459056,0.055736290627703834,0.03553949373101897,0.05302910474213339,1.3390919584801302,0.13924746701371632,0.00756539294903376,0.7471977602403855,0.3451898243074607,0.008391865586320678,0.0457090620040006,2.823275705669472,2.622679162406407,2.5359650318917493,0.08671413051465789,0.46433282860390507,0.2873106737777227,0.17702215482618236,0.05558399608974113,0.03541047688543052,0.052549571848132026,1.3402904837611493,0.1352039557036529,0.007630184823363537
2040,0.7420329190793505,0.3426603283340133,0.008333858650132649,0.04539310525740159,2.7725184344909977,2.6063235272936516,2.520562928480858,0.08576059881279374,0.3812459487833426,0.25195550601013983,0.12929044277320276,0.05551282751696124,0.03535018618237627,0.05293983099547231,1.3408515399705792,0.13941817865310316,0.0075757337772179925,0.7485732073913708,0.34540417360254794,0.008407313394419625,0.04579320434826226,2.8260305264200607,2.6327172124663205,2.5468836213919253,0.08583359107439544,0.4492244463283319,0.2791469050281355,0.17007754130019642,0.055376952664098505,0.03523507932992015,0.052441043711964445,1.3419244051073733,0.13534732554192366,0.007639208413003801
2041,0.7438593706328354,0.3430235362161441,0.008354371741515364,0.04550483697356616,2.7755491650371975,2.6186887230052864,2.5339041748162225,0.08478454818906374,0.3605317013546329,0.24164499022097474,0.11888671113365816,0.05527528293640383,0.03514894946778277,0.05283965827054561,1.3427286736122608,0.13964200985006525,0.0075886456534422185,0.7502218365798646,0.3457227533508584,0.008425829341987608,0.04589405797247373,2.830109518248901,2.644003991501883,2.559075512891525,0.08492847861035824,0.4340042391956371,0.2710340053573763,0.16297023383826073,0.05516020802123103,0.035051463354619686,0.052324815958883344,1.3436405010295944,0.13553755587933602,0.007650742274334387
2042,0.7459186782872396,0.3434558243046318,0.00837750006704873,0.045630812993939826,2.779928789530101,2.6323726814404007,2.5486350422097193,0.0837376392306814,0.3395032854463634,0.23129374732038135,0.10820953812598202,0.055020315165191055,0.03493295263684819,0.05272553302556822,1.3447511867002506,0.13990522754810386,0.007603452062679667,0.7520866161744489,0.3461118572588056,0.008446772900090391,0.04600813401502734,2.8353896477341327,2.6564338349749907,2.572460223416793,0.08397361155819788,0.41859247793875903,0.26292942431733957,0.15566305362141947,0.05493044304208116,0.03485681715631758,0.05219786482367112,1.3454659931541748,0.13576442643308045,0.007664112909846678
2043,0.7482726140505671,0.34398434771167896,0.008403937395391796,0.04577481213370142,2.785886293278443,2.647615073899378,2.564992086239544,0.08262298765983375,0.31813753549749596,0.22089420703889873,0.09724332845859722,0.054747747951488526,0.034702046377220234,0.05259740912198501,1.3469221763817436,0.1402208284059908,0.007620761778665105,0.7542276653143765,0.3465970483393506,0.008470819273824433,0.04613911008425681,2.842108519740297,2.670249255568464,2.5872792096322224,0.08297004593624142,0.4029752931704363,0.2548293101080748,0.14814598306236149,0.05468698211682106,0.03465056838980703,0.052059688834951046,1.3474074233857527,0.13603890815076217,0.0076799038836784204
2044,0.7508721285230452,0.3446004201207758,0.008433132846989124,0.04593383369516146,2.792980092453427,2.664074226413587,2.582605184204025,0.0814690422095619,0.2963105418403508,0.21037490824940208,0.08593563359094873,0.0544648739729004,0.03446240870600295,0.052462761091201,1.349185018028721,0.1405816131115825,0.007640237312056292,0.7565923039633569,0.3471675962951904,0.008497376807530207,0.046283763380576035,2.849811179107257,2.685098558752447,2.6031534538675865,0.08194510488486063,0.38701758431602173,0.24665772523967036,0.14035985907635137,0.05443676089649402,0.03443859261590373,0.05191741390391612,1.349410446337767,0.13635336819371052,0.007697738006670134
2045,0.7536185850054611,0.34526891328879333,0.00846397862151567,0.04610184347240891,2.800654398823843,2.6812761958559017,2.6009862123088974,0.08028998354700444,0.27392245565364604,0.19966818651494572,0.0742542691387003,0.05417700223260846,0.03421853716363929,0.052326989635500046,1.3514981167672047,0.14096994385374076,0.0076609945262452244,0.7590760910731474,0.3477852713177283,0.008525272511558673,0.04643570465471068,2.8579177573239085,2.7004911430799314,2.6195797205570246,0.08091142252290678,0.37059708128349117,0.2383380367668837,0.13225904451660747,0.05418472748513341,0.03422508163808648,0.05177611177733922,1.3514358996580282,0.1366897162709279,0.007716668288819557
2046,0.7565259459296372,0.34599130820077767,0.1610188159602099,0.046279695437454874,2.809027607404179,2.699335400162214,2.6202606793144714,0.07907472084774264,0.2509788060171246,0.18876692808970735,0.06221187792741722,0.05388200267914484,0.03396862726964691,0.0521879738400025,1.3538793233934476,0.14138717684894037,0.00768311295328149,0.7616859725465641,0.34844791520611157,0.14537326378325396,0.04659535854860747,2.8665238338807137,2.716520418708476,2.636664162870165,0.07985625583831099,0.3537106633192279,0.22985967101054858,0.12385099230867933,0.053928462193082095,0.03400798560787717,0.051633465375902285,1.3535035683404821,0.13704789845438037,0.007736699121599395
2047,0.7523110979226656,0.3456755402418671,0.14512113283376998,0.046021857387861465,2.81888298390098,2.663974663325436,2.58131686576318,0.0826577975622561,0.3771861146013395,0.2375661181378002,0.1396199964635393,0.05466710448237709,0.03463372898290491,0.052182400219074825,1.3475662658433571,0.14088884717767985,0.007659896125958743,0.757888330015601,0.3481729754143699,0.1306283780576475,0.046363042808711355,2.8763954746028504,2.684541395689974,2.601433085706939,0.08310830998303513,0.47067679149661795,0.2749623888959115,0.19571440260070647,0.054635526231558484,0.03460697735829436,0.05164776136259788,1.347818690670279,0.13663586487569346,0.0077158945837021145
2048,0.7484901458656686,0.3454350874749385,0.13074956554637165,0.045788115678340506,2.8265903661525806,2.6315671897396875,2.5455719551280493,0.08599523461163805,0.48992972272573854,0.28101841102453146,0.20891131170120708,0.05541100879400166,0.0352639300983839,0.05224883378258482,1.341655291817848,0.14046737941908424,0.007639187680469269,0.7544526426125603,0.347963129581801,0.1173049414239942,0.046152869406034934,2.8842978314787944,2.655303677235006,2.569176598204528,0.08612707903047814,0.5751867783500764,0.3151212332742665,0.26006554507580987,0.05530191823749262,0.03517151365540068,0.05171769102660793,1.3425178456646436,0.13628680420239395,0.007697368498115446
2049,0.7450554543812126,0.3452520714463715,0.11781225169490214,0.04557800328265293,2.832851596546171,2.6022161400047694,2.5131601544590563,0.08905598554571295,0.5906347796262985,0.3196914420871148,0.2709433375391837,0.056104397697382916,0.03585133691071615,0.052357833038615666,1.3362066065367917,0.14010904094610666,0.007620784377048439,0.7513770243776594,0.34780368421805513,0.1053228554876358,0.045964723037036,2.890909367172506,2.6289310940049844,2.5400483853208784,0.08888270868410607,0.6685586290375808,0.35086098185162756,0.3176976471859532,0.05591898908372119,0.03569426736114753,0.051818453319133484,1.337657855576285,0.13599061479504562,0.007680975864742782
2050,0.7420053693959857,0.34512486434531364,0.10617370847414859,0.04539141884559685,2.838130602943204,2.575878148913127,2.4840350633056563,0.09184308560747068,0.6805823925399113,0.3540955396375478,0.32648685290236346,0.056744621375125155,0.03639370461791241,0.0524913746826166,1.3312269757752606,0.13980931912832256,0.007604705528254735,0.7486587157919627,0.34769406620458626,0.09455267521033753,0.04579843455475133,2.8966370596005664,2.6053643663496073,2.513983208575241,0.09138115777436606,0.7519781710093546,0.382653851025325,0.3693243199840296,0.05648521751815436,0.03617394974155534,0.051935879471626874,1.3332387214904418,0.13574337684969504,0.007666736307456403
2051,0.7392921422238465,0.3450408556908381,0.095684562014301,0.04522544100961143,2.842539122034738,2.552227797752626,2.457848918914641,0.09437887883798492,0.7609252271651171,0.38469020312009683,0.3762350240450203,0.057334458884620236,0.03689338750807253,0.052639784078915605,1.3266821341284585,0.13955943109247304,0.00759061565979407,0.7462588744097941,0.3476241142224573,0.08485535655271284,0.04565162785088113,2.9016199386245103,2.5843360041966994,2.4906949875437356,0.09364101665296358,0.8265120970668117,0.41092495108077454,0.4155871459860372,0.057002824284096025,0.03661244210700962,0.05206183962545077,1.32923243030686,0.13553969733029803,0.0076543795951971895
2052,0.7368690915822143,0.34498556054480756,0.08620751317624062,0.04507721426710862,2.8461854883260225,2.530979623816701,2.4343004073857957,0.09667921643090527,0.8326911328933749,0.41188508094022663,0.4208060519531483,0.05787590376780693,0.037352074417158286,0.05279512851745261,1.3225458535314467,0.13934929313071548,0.007578155295119869,0.7441216425546007,0.34757887177701396,0.07609519063573987,0.045520885891149034,2.9058565242383856,2.5654884608578112,2.4698028315586735,0.09568562929913765,0.8931126622420894,0.4360536926797122,0.4570589695623772,0.05747592588212321,0.037013231765239345,0.05219184246638188,1.3255981387500144,0.13536824276938808,0.007643490979714571
2053,0.7346914620248164,0.34494427415774115,0.07764527841766278,0.044944001083291954,2.849162630843846,2.511874254046845,2.4131174440993624,0.09875680994748254,0.8967958379204803,0.4360451867444835,0.46075065117599684,0.058370721923269454,0.03777126133227475,0.05295114477556181,1.3187952477050522,0.13916875418132352,0.0075669659917218385,0.742206412783138,0.3475457187920585,0.06818381442887884,0.04540372497713038,2.909429707553589,2.548580537630203,2.4510525661657776,0.09752797146442516,0.9526257245288007,0.45837714138781144,0.49424858314098924,0.05790659001862182,0.03737807038087461,0.05232107595267638,1.322312439889736,0.13522259628477837,0.0076337508924980944
2054,0.7327690742409935,0.34490839569521026,0.06994452403455119,0.044826402369033055,2.8519850431307385,2.495073662305973,2.3944894214178216,0.10058424088815121,0.9540545465333957,0.4574956217129169,0.4965589248204788,0.05881101117801714,0.03814425390018908,0.05309442182352824,1.3154813440778652,0.13901246893425187,0.007557025135722907,0.7405250139236421,0.3475160877512031,0.06107269007612169,0.04530086856079094,2.9128561554872725,2.5337985365503357,2.434660578534695,0.09913795801564092,1.0058044346325483,0.47819557695257786,0.5276088576799705,0.05828680116437924,0.037700167570566386,0.05243694621123374,1.3194293766065712,0.13509676533163684,0.007625140570500141
2055,0.7310742915547509,0.3448694739510822,0.06300056810494006,0.044722727038996594,2.8547615701703073,2.480403563988237,2.378231947279107,0.10217161670912983,1.0052029067282546,0.47652962289120004,0.5286732838370546,0.05919794987084956,0.03847205035469872,0.05322086476319393,1.3125869789736744,0.13887834767389087,0.007548124998313864,0.7390536850472327,0.34748228313267576,0.054662992183713205,0.04521086285479062,2.9162555712392715,2.5209986511842377,2.420475513457765,0.10052313772647302,1.0533289939540218,0.4957800577815068,0.557548936172515,0.05861738981421248,0.037980226890876836,0.05253575519304013,1.3169359644365912,0.1349896379646571,0.007617475597899263
2056,0.7295616093230797,0.34481727846964233,0.05669208249857076,0.044630191419537904,2.857423196873304,2.4675563330935835,2.364014421516743,0.10354191157684048,1.0508974743663795,0.49340877535656136,0.5574886990098181,0.05953634722676538,0.038758724847426915,0.053330445222315837,1.3100693752083847,0.13876165929463993,0.007539943462637617,0.7377354389864316,0.3474325446102837,0.048832651626159906,0.045130221772527054,2.91945039756221,2.509791744986613,2.408077879324974,0.1017138656616389,1.0958068315680662,0.5113725182372361,0.5844343133308302,0.0589052105021671,0.038224055184076025,0.05261982405880519,1.3147751713197149,0.13489508625157015,0.007610356320441124
2057,0.7282055138170616,0.3447372690063704,0.050938599989972334,0.044547234832201785,2.860134289933581,2.4564568836616436,2.3517693427536637,0.10468754090797978,1.0917200487943575,0.5083649471799172,0.5833551016144403,0.05982420181100084,0.03900258185597788,0.053417699011497996,1.307937752817384,0.13865254292269535,0.007532206043817208,0.7365571303726933,0.3473543371402133,0.04351176972094112,0.045058140723235544,2.922685532389251,2.5001939307906405,2.397499310243658,0.10269462054698215,1.133773236208546,0.5251862221455925,0.6085870140629535,0.05914651042081365,0.03842847324634528,0.05268261542991482,1.3129707875603103,0.13480724411680864,0.007603588495100091
2058,0.7269914008193463,0.3446259569360863,0.04571617183856709,0.044472964277790614,2.862989974988891,2.447001221121392,2.3413849829266704,0.10561623819472168,1.128189146678334,0.5216049920622206,0.6065841546161135,0.06006265353696357,0.03920458706194507,0.053480663716740776,1.3061788505390233,0.13855184313852115,0.007524814437253812,0.7355028621274079,0.34724276478806887,0.038676733631827054,0.04499364818285055,2.926050443038997,2.49210891303746,2.3886381741832183,0.10347073885424159,1.16770733866223,0.537412268855779,0.6302950698064511,0.05934212908121467,0.03859419227239047,0.05272224995963966,1.3115127612251922,0.13472387328527022,0.007597048819604447
2059,0.725918159553069,0.34449319532943423,0.041013259188949686,0.044407311369411825,2.8660144843820565,2.439054027836533,2.3327001959960794,0.10635383184045373,1.1607685121743698,0.5333142883859772,0.6274542237883927,0.060256542318010795,0.03936884061470103,0.05352126419886765,1.3047532301487736,0.1384599702012386,0.007517883974655896,0.7345734644621434,0.3471082816751734,0.03432132813070266,0.04493679443462445,2.9295672884585384,2.485412954700489,2.3813455340537137,0.10406742064677538,1.1980371772214888,0.5482217544048248,0.649815422816664,0.059496789776635556,0.038725213616469176,0.052740857164029126,1.3103630165822173,0.13464712351546265,0.007590867850901197
2060,0.7249799242869682,0.34434860420793656,0.036804365154836,0.04434991732603146,2.8691746110551968,2.4324443755983056,2.3255145239028217,0.10692985169548384,1.1898752928675467,0.5436600871523751,0.6462152057151715,0.060411875642114574,0.039500431778499344,0.05354278908016527,1.3036140429631413,0.13837773040907828,0.007511499668841619,0.7337642981193849,0.34696082683089935,0.030423505061788245,0.044887295739507366,2.9331983119616813,2.479942776352891,2.3754290809996172,0.10451369535327389,1.2251481523917687,0.5577692309620641,0.6673789214297046,0.059616367184266175,0.0388265140317206,0.05274186165030995,1.3094758926114118,0.13457795273602705,0.0075851399031045515
2061,0.7241655527080619,0.3441943367433958,0.033038060631828486,0.044300100468091894,2.872475320509378,2.4270435104033625,2.319682548046356,0.1073609623570066,1.2158837484381857,0.5527927724630215,0.6630909759751642,0.060532208303599885,0.039602372009671,0.053546545228053986,1.3027333377705534,0.13830362802281657,0.007505634145561308,0.7330673358893232,0.34680311401528274,0.026936007886391236,0.04484466107175586,2.9369606915601785,2.475591365663058,2.3707669397618436,0.10482442590121473,1.2493861967764688,0.5661937517983349,0.6831924449781339,0.05970396078448671,0.03890071925368961,0.052726388971988954,1.308827050833145,0.1345154464163442,0.007579858995126402
2062,0.723460159769282,0.34402679364443783,0.029660032746577733,0.044256950382081967,2.875950849815533,2.422757564933779,2.315103914091315,0.1076536508424638,1.2391284841359795,0.5608469357242178,0.6782815484117617,0.06061911828978856,0.039675998105643956,0.053532270454460205,1.3020982213765895,0.1382353219569475,0.007500175520647976,0.7324670114789426,0.3466314154732303,0.023806691473023674,0.044807938154596466,2.9408747000750153,2.4722611145256956,2.3672547402945145,0.10500637423118109,1.2710610442766865,0.5736199597805006,0.6974410844961859,0.05976126606867903,0.03894926562377579,0.05269445871718596,1.308403023565155,0.13445703309499482,0.007574907586990091
2063,0.7228445362531598,0.34384070189881305,0.026622721077507933,0.04421929188242023,2.8796032387741577,2.41947516686946,2.3116606511034314,0.10781451576602862,1.2599076676762382,0.567942587670726,0.6919650800055122,0.060674442487432784,0.03972286619139577,0.05350012459947257,1.301694349249857,0.13817008727910152,0.007494969995750942,0.7319455352492328,0.3464408259534414,0.020991493962472685,0.04477603886560057,2.944942780373704,2.469849483310398,2.3647839229155507,0.10506556039484725,1.2904483421448065,0.5801588574581534,0.7102894846866531,0.059789962359251575,0.03897357578577691,0.05264625078844489,1.3081908223784313,0.1344007194221698,0.007570142665729059
2064,0.7223041311111246,0.3436351189376447,0.023876400054766413,0.04418623480254577,2.8834078966676815,2.4170775176155037,2.3092217931393137,0.10785572447619002,1.2784858081592463,0.5741861035283677,0.7042997046308785,0.060701166042813524,0.03974550514394295,0.05345152063017179,1.3014993823451175,0.1381065014447474,0.007489934258697873,0.731489336580638,0.3462305029189583,0.01844313345557739,0.04474813286456475,2.9491405560833335,2.4682451593707815,2.363231729826595,0.1050134295441863,1.3077926149801724,0.5859088262567383,0.7218837887234341,0.05979282278742337,0.03897599900741504,0.052583123155816085,1.3081696750847338,0.13434503849553397,0.007565487032468397
2065,0.7218260944138629,0.3434137088073044,0.02136772110272553,0.04415699306352462,2.8872822615867366,2.4154090508639645,2.307610475128141,0.1077985757358234,1.2950980535655467,0.5796717864585954,0.7154262671069513,0.06070428842668087,0.03974815028225631,0.053389854046979046,1.3014766072310135,0.13804437104595882,0.007485043564502387,0.7310865459751158,0.346004248735238,0.01611061394236865,0.04472349405834988,2.9533850998669777,2.4672987882654875,2.362428046515288,0.10487074175019953,1.3233112207982827,0.5909570533516899,0.7323541674465928,0.05977461397494657,0.03896057334882547,0.05250837936905338,1.3083043077563863,0.1342899396807208,0.007560923283602824
2066,0.7214123640600101,0.34318382986032586,0.019056188115026254,0.04413168521556626,2.8912271154322555,2.414402551384748,2.3067439530990743,0.10765859828567362,1.3099534670917647,0.5844831623331812,0.7254703047585835,0.06068710716278927,0.03973359511501151,0.053317207200643736,1.3016019416313709,0.1379846643331527,0.007480389047722413,0.7307400861965817,0.3457695544094534,0.01395554350840554,0.04470230127694233,2.9576780682227004,2.466949766039053,2.362297329560834,0.10465243647821927,1.3371974079134774,0.5953807386618662,0.7418166692516112,0.059738433425842924,0.03892992287127417,0.05242402319603624,1.3085719283914312,0.13423648367635832,0.007556549570364465
2067,0.7210655510822584,0.3429481053415988,0.01690387302795736,0.04411047103838371,2.8953072303301517,2.4140512891816446,2.306611875760951,0.10743941342069344,1.3232405931945903,0.5886953545692005,0.7345452386253898,0.06065031393793865,0.039702425607078026,0.05323341924082775,1.3018704487966648,0.13792792834101297,0.00747601269248451,0.7304533981279856,0.3455291041522226,0.011941836425387188,0.0446847650116028,2.962086043419399,2.4671981050395058,2.3628366523834563,0.1043614526560496,1.349625684361446,0.5992493910359427,0.7503762933255034,0.059684811403163396,0.03888449678894232,0.05232983625254891,1.3089688249002034,0.1341852838942034,0.007552412659784061
2068,0.7207702885826925,0.34270154754830456,0.014912400981648415,0.044092410312038297,2.8995098832461386,2.4142779327831345,2.3071337828149887,0.10714414996814564,1.335129644091583,0.59237610043115,0.742753543660433,0.06059510445019027,0.03965565469821199,0.05313875767561931,1.302273626043508,0.1378727267865537,0.007471780124954457,0.7302116718329945,0.3452778944660274,0.010073059220666813,0.04466997919901052,2.9665968734395203,2.4679714601901255,2.363971112424644,0.10400034776548149,1.3607537955508986,0.6026257610148763,0.7581280345360223,0.059614773455521075,0.03882516389889137,0.0522260102723659,1.3094877043306208,0.13413499812527319,0.0075483809435524345
2069,0.720507517599641,0.34244031663094066,0.0130937499667962,0.04407633729982849,2.9037626164369748,2.41495975230012,2.3081775139110583,0.10678223838906174,1.3457707373989634,0.5955851025259162,0.7501856348730471,0.060524193079769986,0.03959558188502797,0.05303492616257022,1.3027919504855971,0.1378166764547826,0.007467550537050829,0.7299963804465822,0.345012092755758,0.008363118428085854,0.04465681051975604,2.971138021642218,2.469151036890658,2.365572913930924,0.10357812295973418,1.3707207503624075,0.605565107711294,0.7651556426511135,0.05953084748164399,0.03875406571928882,0.05211414960561004,1.3101101858211714,0.13408338323343227,0.0075443170542436825
2070,0.7202600371180848,0.3421618593240149,0.01140315480583616,0.04406119969733054,2.9079857954039725,2.415975634821687,2.309611296009904,0.10636433881178323,1.3552951671789955,0.5983744993940687,0.7569206677849267,0.060440506686977244,0.039524686667371245,0.05292391288262435,1.3034043510289381,0.13775711350710493,0.007463206820974455,0.729790903552784,0.3447291936640989,0.0067687072054603975,0.044644242351032995,2.9756299989608737,2.470619461269446,2.3675143858722096,0.10310507539723611,1.3796479514154836,0.6081156130886641,0.7715323383268194,0.05943577747651963,0.038673526834997196,0.05199613873443805,1.3108162624104582,0.13402794238182372,0.007540108173254869
2071,0.7200203246967133,0.341862525267024,0.009823516439444707,0.04404653735825999,2.9122028862130924,2.4173022774576056,2.311413235637239,0.10588904182036663,1.363817657884713,0.6007896505758533,0.7630280073088597,0.06034400773736744,0.03944293724780701,0.05280517015280645,1.3041114505709483,0.13769200252919336,0.00745866917045907,0.7295882628279273,0.3444255758124864,0.005274174035854229,0.0446318477589286,2.980097786762658,2.4723579858039546,2.369778664546893,0.10257932125706165,1.387641336984492,0.6103191222157651,0.7773222147687269,0.059329401904155615,0.038583410400240804,0.05187137040869636,1.311607490203612,0.13396676558457257,0.00753567750071382
2072,0.7197967620352532,0.34154706684982034,0.008357464597973888,0.044032862964636356,2.916471358912022,2.418960135597557,2.3136008552085405,0.1053592803890163,1.3714399570355844,0.6028705037034813,0.7685694533321031,0.06023510292443055,0.0393506781581346,0.052678714886417094,1.30491066563053,0.1376229266003297,0.007454031818108423,0.7293974302164499,0.34410603889587743,0.00388342605660269,0.04462017551756781,2.9846007791933786,2.474391651754048,2.3723883159634798,0.10200333579056826,1.394794855851628,0.6122124632298989,0.7825823926217292,0.05921201549232537,0.03848396609467421,0.051739804743940174,1.3124820744352639,0.13390143616873976,0.007531122873305256
2073,0.7196035026452473,0.3412258351748241,0.006970988004895762,0.044021042268336204,2.9208239713791815,2.4209561711552547,2.3161705515261426,0.1047856196291122,1.3782553137390763,0.6046534198530388,0.7736018938860375,0.06011569542702093,0.039249521682915685,0.052545989542880714,1.3057884361135486,0.13755356901591184,0.007449480470910193,0.7292331226755993,0.34378097822300474,0.0025632455614630623,0.04461012590897517,2.9891732096571864,2.4767312768813197,2.375343972775876,0.10138730410544389,1.4011948563097552,0.6138292368813104,0.7873656194284447,0.0590853971102198,0.03837670089349691,0.05160281047181168,1.3134271599986067,0.13383556118459303,0.007526633941430766
2074,0.7194500495856132,0.3409095795246075,0.005655372190583527,0.04401165652603153,2.925239301515254,2.4232514438034114,2.3190672827335392,0.104184161069872,1.3843504828942181,0.6061720187817147,0.7781784641125035,0.059989053222643834,0.0391422363006185,0.05240966339589534,1.3067210855012208,0.1374879149228501,0.007445181857917763,0.7291052612399399,0.34346115123586796,0.0013057446110129878,0.044602305687304,2.9937939650864456,2.4793404023269314,2.3785933413768583,0.10074706095007327,1.4069219952138992,0.6152006237095872,0.791721371504312,0.05895267720110006,0.03826426676256565,0.05146296707603456,1.3144197082965219,0.13377302144127576,0.00752238072465993
2075,0.7193379434718115,0.34060991636613736,0.00446495540474906,0.04400479994006082,2.929602131294677,2.4257259959189508,2.3221450378378914,0.10358095808105944,1.3898054445219188,0.6074570934567856,0.7823483510651332,0.05986086186398995,0.03903363854690739,0.05227455658542778,1.3076669271260082,0.1374292149911936,0.007441272550994222,0.7290157272801808,0.3431581858516673,0.00016649928756914262,0.044596829913019664,2.9983466235001797,2.482099943868332,2.381991368675963,0.10010857519236936,1.4120508479404972,0.616355254824217,0.7956955931162801,0.05881937091408593,0.03815133587956915,0.0513249730982201,1.3154186269926451,0.13371699415021704,0.0075185035855639595
2076,0.7192635918690103,0.34033191027487514,0.003452118093316567,0.044000252817329714,2.933834119914796,2.4282894353203806,2.325297833316786,0.10299160200359443,1.3946924887640892,0.6085362865980095,0.7861562021660797,0.059734659982039515,0.038926726185279814,0.05214355248316156,1.3085998478927552,0.13737730995819528,0.007437790839833274,0.7289612663230297,0.3428771522445921,-0.0008008179231543261,0.0445934995772681,3.00275271362422,2.484921123989688,2.3854338590908526,0.09948726489883536,1.416648908602484,0.6173188545333674,0.7993300540691166,0.05868887192773454,0.03804078321105735,0.05119161039763122,1.3163984427427917,0.13366737182254226,0.00751504385206044
2077,0.719225600446139,0.3400778602090661,0.0026199650434187843,0.04399792992720189,2.937913513270554,2.430902435433799,2.3284794546848655,0.10242298074893325,1.3990759582614825,0.6094340585856884,0.789641899675794,0.059612002102896,0.03882281613791133,0.0520177953026269,1.3095082470885697,0.13733159659596153,0.00743475567530958,0.7289408493224522,0.3426203567286631,-0.001592243161498877,0.04459225177818156,3.0069915712265156,2.4877671338347627,2.3888773875426836,0.09888974629207908,1.4207762710068415,0.618114183683832,0.8026620873230095,0.058562620460441916,0.037933828843035325,0.051063945630207136,1.317348193278312,0.13362361639213471,0.007512023014261451
2078,0.7192073375043756,0.3398411989654238,0.0019299516537376465,0.043996813809246124,2.9417896345800156,2.4334932674874947,2.331617397059288,0.10187587042820656,1.4030134825245621,0.6101722375207276,0.7928412450038346,0.05949357351295311,0.03872248894754511,0.05189757244553507,1.31038689730862,0.1372895146780599,0.00743201008812319,0.7289380499511104,0.34238119842092457,-0.0022458035373014787,0.044592081626642924,3.0110131513312077,2.4905681303753204,2.392251581312046,0.09831654906327447,1.424486813770648,0.6187615700191618,0.8057252437514861,0.05844119773542428,0.03783096516076481,0.05094219623672317,1.3182633180681955,0.13358327260533798,0.007509285077230655
2079,0.719187225534485,0.33961255821618846,0.001333863337851314,0.04399558447036434,2.94539866120595,2.4359787873583283,2.334629540201321,0.10134924715700722,1.4065536017729812,0.6107691210046289,0.7957844807683523,0.05937980511235308,0.03862610965272986,0.051782944530902944,1.3112324319661952,0.13724761350633585,0.007429340873727325,0.7289314126149479,0.3421502661204943,-0.0028093299405750408,0.044591676586885655,3.014753842345881,2.4932423176641456,2.3954758650969223,0.09776645256722345,1.4278257423838057,0.6192779772489585,0.8085477651348472,0.05832494297821918,0.03773247954033549,0.05082636164175492,1.319141059508515,0.13354301542594468,0.00750661719435524
2080,0.7191548436915424,0.33938665985673866,0.000803817397416931,0.04399360444109437,2.9487259834264723,2.438327354911418,2.3374865100718134,0.10084084483960463,1.40973568670258,0.6112394733546588,0.7984962133479213,0.059270503882736705,0.03853351473729372,0.05167352036612671,1.312046117077811,0.1372038047672656,0.0074266368582059615,0.7289106611286205,0.34192225023328215,-0.0033103032048667005,0.04459040803843035,3.0181997111042698,2.49575970509659,2.3985227321632774,0.09723697293331271,1.430829450668415,0.6196769789409926,0.8111524717274223,0.058213598606434436,0.03763815376993121,0.0507160098035105,1.319983167101707,0.13350083657696069,0.007503908568388857
2081,0.7191207727637596,0.3391702994246163,0.0003199422187593337,0.04399152098640485,2.95179249178238,2.4405532818162703,2.340196764654718,0.10035651716155228,1.4125930867706304,0.6115957271276619,0.8009973596429686,0.059166596045960605,0.03844548885329217,0.05157007932587289,1.312820882060869,0.13716027750873935,0.007424028092794686,0.7288866713551511,0.3417039741381528,-0.003768354546849831,0.04458894129644053,3.0213726718834155,2.4981365072441712,2.401402724333087,0.0967337829110845,1.4335286378272976,0.6199699475503286,0.8135586902769689,0.05810803208256392,0.037548722723409714,0.0506118806450391,1.32078288128805,0.1334588789179628,0.007501291427913177
2082,0.7191045587032241,0.3389742101944174,-0.00011816159157372608,0.043990529787165056,2.954651823908311,2.442704604057194,2.3428019199749777,0.09990268408221631,1.4151579326463193,0.6118499039333332,0.8033080287129861,0.05906886371908609,0.03836269457390405,0.051473337044981735,1.313550698166325,0.1371210221364489,0.00742173400364614,0.7288793242799902,0.3415062135293913,-0.004183640272931055,0.044588492536365563,3.024327770704837,2.5004229068965422,2.404159796503792,0.09626311039275026,1.435953108315598,0.6201679742010445,0.8157851341145536,0.058008980539553376,0.03746481086550042,0.050514660136192366,1.3215343995714501,0.13342102543105339,0.007498987684566713
2083,0.7191200361839116,0.3388050559867114,-0.0004824906814367702,0.04399147713330119,2.95735879574483,2.444826044877144,2.3453443689372424,0.09948167593990172,1.4174630511223323,0.6120144268075878,0.8054486243147445,0.05897738375649897,0.0382851970065886,0.05138333576419751,1.3142347909067555,0.1370889573702358,0.007419899564995613,0.7289026785708992,0.3413356259418085,-0.004527727583229113,0.04458992175011095,3.0271212347470664,2.502665620784866,2.406838563452397,0.09582705733246885,1.4381336623400367,0.6202826712946693,0.8178509910453674,0.057916481763939605,0.03738645020719889,0.050424364961679666,1.3222372158712257,0.13339010332755047,0.007497143436265245
2084,0.7191617631838036,0.3386603793378918,-0.0007523771532980394,0.04399403008914095,2.9599058642210943,2.4468972799422732,2.34780422086817,0.09909305907410332,1.4195407532468816,0.6121016433529244,0.8074391098939572,0.0588922162907642,0.03821304709285661,0.051299977093293085,1.3148725200334557,0.137063669512598,0.007418470382936579,0.7289513332904162,0.341189683625444,-0.004779470399360358,0.044592898514871915,3.0297461423786367,2.5048454550641632,2.40942046759638,0.09542498746778304,1.440100831820213,0.6203256747822568,0.8197751570379563,0.057830540394514254,0.03731364467827358,0.05034085718119759,1.3228910885664724,0.13336570009942092,0.007495703757969118
2085,0.7192146644100901,0.33853445957939693,-0.0009252634850863001,0.04399726645077753,2.9622344050150433,2.4488502642859977,2.350112136702702,0.0987381275832957,1.421419030558954,0.6121222683123415,0.8092967622466125,0.05881407617190462,0.03814685042038213,0.05122370321345152,1.3154583441245,0.1370429235626768,0.007417307096754054,0.7290102180762179,0.34106260204616046,-0.004935894387101389,0.04459650092825897,3.0321438579286326,2.5068948650706138,2.4118367957213627,0.09505806934925108,1.441881015296275,0.6203070622072697,0.8215739530890054,0.057751802499473315,0.03724694159763556,0.050264527874240364,1.3234909005483284,0.1333456510842154,0.007494528873750565
2086,0.7192712003024259,0.3384256997823999,-0.0010201976537013296,0.044000725037241215,2.9642999413301423,2.450635790350224,2.3522151906613464,0.09842059968887756,1.4231200603850769,0.6120847506687961,0.8110353097162808,0.05874396962010879,0.0380874594120848,0.05115528952459837,1.3159845234846221,0.13702543252658797,0.007416354636959086,0.7290719224795602,0.34095278409961194,-0.005015836542880667,0.04460027570758354,3.034270172739161,2.5087654001744943,2.4140354632716394,0.094729936902855,1.443494957381891,0.6202347094675215,0.8232602479143695,0.05768121436840451,0.03718714261778829,0.050196107930161514,1.3240292365212953,0.1333287328656295,0.007493564739794041
2087,0.7193257014897756,0.33833120295557306,-0.0010328138953595786,0.04400405906419183,2.9660935802852877,2.4522366757249117,2.3540974645584165,0.0981392111664953,1.4246622944070544,0.6119961157268712,0.8126661786801832,0.058681770473292705,0.038034767189317954,0.05109451900651688,1.3164518173907673,0.13700990749659675,0.007415552490330138,0.7291308967018474,0.3408573313965266,-0.005014604645043885,0.044603883382981255,3.0361169181537173,2.5104409832926495,2.4160017817338226,0.09443920155882679,1.444959846139614,0.6201151364198948,0.8248447097197192,0.057618613884164366,0.03713411040063188,0.050135355694134964,1.3245071365838097,0.13331371419988527,0.0074927514030448325
2088,0.7193750384014573,0.3382499965790078,-0.001005151887585494,0.04400707710272722,2.9676033569134397,2.4536358605582853,2.355741068306972,0.09789479225131292,1.4260612052643042,0.6118622886064675,0.8141989166578367,0.05862772937884345,0.037988986088884145,0.05104154122826056,1.3168581748726698,0.13699570896659802,0.00741487455420899,0.7291841807775142,0.34077529737266354,-0.004974297083495255,0.04460714290072459,3.0376728755973224,2.511905652718368,2.4177190527501677,0.09418659996820028,1.4462900408660222,0.6199538228471545,0.8263362180188677,0.05756421512348801,0.03708802630201435,0.05008239478631686,1.324922791673513,0.13330000085537638,0.007492064008130508
2089,0.7194162486038524,0.3381802435093456,-0.0009980164200505681,0.04400959793528904,2.968830530439934,2.454828033814898,2.3571421131739587,0.0976859206409392,1.4273300924181653,0.6116884172659751,0.8156416751521902,0.05858160873000645,0.037949914821397854,0.05099607567657928,1.3172052358518078,0.13698232998718432,0.007414285673491405,0.7292289404987258,0.3407048619265666,-0.00495596444010149,0.0446098808870285,3.038940027535732,2.5131551136451136,2.4191844980630544,0.0939706155820592,1.4474978729349228,0.619755529472678,0.8277423434622448,0.05751775799715712,0.037048669986453106,0.05003693023075596,1.3252780368851667,0.1332871167496119,0.007491468163637849
2090,0.7194475138737606,0.3381190308366397,-0.00103488166299949,0.04401151034670093,2.9698024274581187,2.4558309243012446,2.3583234886516307,0.09750743564961384,1.4284803328971196,0.6114789388064883,0.8170013940906313,0.05854233681011213,0.03791664547836856,0.05095710635561471,1.3175009490998404,0.13696928535008673,0.0074137440405600726,0.7292634105238082,0.34064310123231145,-0.00498310169963808,0.04461198936140355,3.03994646680099,2.5142080781606255,2.420422111656879,0.09378596650374654,1.448593873741176,0.6195243551441106,0.8290695185970655,0.05747816813272054,0.03701513129560305,0.049997947817628424,1.3255809674580328,0.13327458996498978,0.007490921833090471
2091,0.7194733970781138,0.3380647611806772,-0.0010840488528449932,0.044013093493809746,2.9705907745616296,2.4567040433383074,2.3593530682094754,0.09735097512883188,1.4295218023821599,0.6112377063521542,0.8182840960300056,0.05850797297388029,0.03788753403542215,0.05092288394226921,1.3177598480768176,0.13695658278710443,0.007413254324824812,0.7292922060800054,0.34058839771854277,-0.005023672893178149,0.04461375068360292,3.0407652152050835,2.515125473554485,2.4215013624170654,0.09362411113741945,1.4495871684718205,0.6192638527880183,0.8303233156838021,0.05744352200200252,0.03698578070590443,0.049963715979482695,1.3258462192038705,0.13326242034082236,0.007490429032885907
2092,0.7194965076087926,0.33801470333041256,-0.0011398747681147653,0.044014507006720785,2.971264062390147,2.457502908019048,2.3602955292906858,0.09720737872836199,1.4304643015595668,0.6109685330994611,0.8194957684601057,0.0584764676104679,0.03786084415763035,0.05089154876800743,1.3179973285924105,0.13694384340297666,0.007412798488158933,0.7293179820759784,0.3405379937992606,-0.005071881899345369,0.044615327267835875,3.041466166196553,2.515964292835574,2.422488596584663,0.09347569625091111,1.4504868928406396,0.61897756961189,0.8315093232287496,0.05741178472931942,0.03695889436537029,0.049932390543782894,1.326089323006011,0.13325023370351594,0.007489970921063873
2093,0.7195224725161894,0.3379692831607228,-0.0011995351291773093,0.04401609508447216,2.9718758311063915,2.458272873167764,2.3612007996386826,0.09707207352908112,1.4313171729253686,0.6106750314677087,0.8206421414576599,0.058446672598852514,0.03783560321029034,0.0508620737362763,1.3182220202796875,0.1369318757656375,0.007412409313042673,0.7293464427293884,0.34049230830952415,-0.005124819492426977,0.044617068033375853,3.042103966181941,2.5167710916812007,2.4234350838956713,0.0933360077855294,1.4513017999717714,0.6186688822862696,0.8326329176855018,0.057381814181800356,0.03693350471218118,0.049902951771367374,1.326319001390049,0.1332388084042178,0.007489580171693938
2094,0.7195518233900969,0.3379279106304687,-0.0012619470067887217,0.04401789020919146,2.972443389180638,2.459025638283217,2.362082525031005,0.09694311325221223,1.4320899501360695,0.6103608641496332,0.8217290859864363,0.05841815343436629,0.03781144310126706,0.05083403903196969,1.3184371847283045,0.1369210707323514,0.007412082749319204,0.729378140350102,0.3404507301094842,-0.005181319147452422,0.044619006729610444,3.0426964051912058,2.517558167593807,2.424355157687812,0.09320300990599499,1.452040908520472,0.6183412475033939,0.833699661017078,0.05735316841027392,0.036909237347565044,0.049874975567357455,1.3265386250580902,0.13322851392820634,0.007489252439893111
2095,0.7195807889895833,0.3378892117641083,-0.0013280653185824831,0.04401966166502652,2.9729519458520386,2.4597435773929077,2.362922626114504,0.09682095127840355,1.4327913198004818,0.6100293197375345,0.8227620000629473,0.058391115130559564,0.03778853750850008,0.05080757419851358,1.3186412619273646,0.13691117800333547,0.007411784516484013,0.7294092864474562,0.340411859590914,-0.005242245534750306,0.04462091158538617,3.0432286184064377,2.5183079680477243,2.425230848293718,0.09307711975400616,1.4527124457384453,0.6179977701127196,0.8347146756257257,0.05732603440168826,0.03688625067816295,0.0498485780809093,1.3267467463184235,0.13321910088242073,0.00748895313985001
2096,0.7196019991655628,0.3378500595517078,-0.0013996706301978024,0.04402095860608907,2.9733751131384594,2.4603975041157096,2.363692098921552,0.09670540519415739,1.43342834561835,0.6096830142169073,0.8237453314014428,0.058365729268882977,0.03776703178780996,0.05078276031610504,1.3188329424967615,0.1369010191723496,0.007411442549800128,0.7294324571566465,0.3403725371595487,-0.005309265933188485,0.04462232846886122,3.043673909138707,2.5189911467756363,2.426033009787503,0.0929581369881332,1.4533230584540922,0.6176408993512038,0.8356821591028883,0.05730056615661194,0.03686467516609026,0.04982382744130449,1.3269421689917729,0.13320942251965873,0.00748860963067393
2097,0.7196215913744416,0.33781598108324545,-0.0014743870345232946,0.04402215651602916,2.973697003268099,2.4609770226360372,2.3643733381396728,0.09660368449636463,1.4340059108896277,0.6093236651284265,0.8246822457612012,0.05834336193409301,0.03774808322263207,0.05076084978953259,1.3190018917775936,0.13689199873608635,0.007411150308774995,0.7294538991523686,0.3403383300162036,-0.005379938244002,0.04462363954511073,3.0440161856986183,2.5195973029138488,2.4267439873100383,0.09285331560381054,1.453877244040012,0.6172721983885799,0.8366050456514321,0.05727810955871684,0.03684565098136352,0.04980195982422109,1.327114545447793,0.1332008559608022,0.007488316861564972
2098,0.7196455052339211,0.33779107451422,-0.0015493943850604444,0.04402361877052232,2.973920357311415,2.4614868556301546,2.364967102043744,0.09651975358641034,1.4345296380755534,0.6089532552676707,0.8255763828078827,0.058324689072603665,0.037732264443313436,0.05074247073042418,1.3191429787843858,0.13688528534426073,0.007410983990578775,0.7294796472005594,0.3403133669448848,-0.00545138037671155,0.04462521401046653,3.044258289268535,2.520131396611666,2.4273647694444924,0.09276662716717349,1.4543802994664843,0.6168935198240427,0.8374867796424416,0.05725933050083178,0.03682974223740026,0.04978359578050613,1.3272587383249124,0.13319454486558407,0.007488152094336898
2099,0.7196743920389548,0.33777489803080873,-0.0016236376328808422,0.04402538523121842,2.9740600966522663,2.461938018471917,2.365486113903463,0.096451904568454,1.4350057753147825,0.6085739827488036,0.8264317925659789,0.058309323646439405,0.03771924756929186,0.0507272582741017,1.3192591054449108,0.13688081191792173,0.007410941831880509,0.7295103718397637,0.34029720252235723,-0.0055224704049342405,0.04462709290383439,3.044415433973191,2.520604801759733,2.4279084817663215,0.0926963199934116,1.454838198959948,0.6165069522068695,0.8383312467530785,0.057243843138359535,0.03681662206461281,0.04976837282425284,1.3273776872491576,0.13319042376110185,0.007488113481701456
2100,0.7197049214267445,0.3377634022142774,-0.0016962409677664658,0.0440272521831422,2.9741426616874933,2.462348537194064,2.3659548384007536,0.09639369879331025,1.4354400761910953,0.6081878232867398,0.8272522529043554,0.0582959803138341,0.037707943718836,0.05071401513813373,1.319359971588805,0.13687746838833284,0.007410961180970708,0.7295426976001236,0.3402857561103459,-0.005592246100445987,0.04462906975092479,3.044514490616823,2.5210359883412092,2.4284001164337594,0.0926358719074499,1.455256453431906,0.6161143741830636,0.8391420792488423,0.05723037426206419,0.03680521185938489,0.049755105617592194,1.327481156178421,0.133187407312445,0.0074881373307926005
2101,0.7197387885660977,0.3377552445065461,-0.0017654433634188005,0.04402932333394427,2.974205538439909,2.4627495322761876,2.366409324492146,0.09634020778404179,1.4358370528573345,0.6077962139477633,0.8280408389095713,0.0582835540132585,0.03769741673524195,0.05070174381122415,1.319453923829347,0.1368751352728641,0.0074110350867190615,0.7295783156601986,0.3402776717646528,-0.005658901163454404,0.04463124801533683,3.044593463360964,2.5214566118371518,2.428876331512639,0.09258028032451288,1.4556393476087404,0.6157171318483252,0.8399222157604151,0.05721783448755131,0.03679458874595164,0.049742811160818745,1.3275775067133906,0.13318537226651292,0.007488216120544212
2102,0.7197792481925278,0.33775015214232806,-0.0018298418118615906,0.044031797784053424,2.974286473739914,2.463173474423487,2.3668859495276413,0.09628752489584574,1.4362011052848207,0.6074005242122729,0.8288005810725478,0.05827111480205664,0.037686878814366116,0.050689615036515624,1.3195479912774883,0.13687416161191293,0.007411176498888637,0.7296204809882756,0.34027266676830537,-0.005721022012080287,0.04463382681175597,3.044690546874614,2.52189961016995,2.4293740343843075,0.09252557578564236,1.4559910759799062,0.6153165124903067,0.8406745634895995,0.057205309556839404,0.03678397820749582,0.04973067447330209,1.3276737615232568,0.13318464772812702,0.00748836235353301
2103,0.7198284571787984,0.3377470287205791,-0.0018887220433628088,0.044034807470756165,2.974424116449777,2.4636527521784157,2.3674219017806664,0.09623085039774933,1.4365368443948445,0.6070022146691105,0.829534629725734,0.05825757397856743,0.03767540765882358,0.050676648846838514,1.3196504093235237,0.13687465941406654,0.007411383520947649,0.729671318639911,0.34026962198995475,-0.005777899099011413,0.04463693613116237,3.044844775013374,2.522397762526404,2.429930872270373,0.09246689025603123,1.456316064579571,0.6149139027430008,0.8414021618365701,0.05719172870504498,0.036772473141835814,0.049717731740287555,1.3277781518537504,0.13318532812770006,0.007488573324128627
2104,0.7198878800013818,0.3377468358480311,-0.001941954950691105,0.04403844197063293,2.9746208634090587,2.4641891373072955,2.368018096530902,0.09617104077639349,1.43684885139112,0.6066027668781567,0.8302460845129632,0.05824307421196146,0.03766312413129662,0.050662967874680276,1.3197601036227393,0.1368772619295273,0.007411674354716712,0.7297322707449662,0.34026949191895334,-0.00582942418267722,0.04464066418318825,3.045058294019315,2.522952670312587,2.430547578957768,0.09240509135481845,1.456618721849596,0.6145107150615469,0.8421080067880492,0.05717723594338241,0.036760195548570934,0.049704107411671375,1.3278895754260445,0.13318801761372617,0.007488867094558624
2105,0.7199546325181825,0.3377495403550024,-0.001991079466655922,0.044042524866036756,2.9748498633222167,2.4647571095193412,2.368646214233959,0.09611089528538239,1.4371415422522842,0.6062036490882577,0.8309378931640264,0.05822829804657405,0.03765060645158414,0.05064915177432623,1.3198719135783534,0.13688182472784172,0.007412034389174784,0.729800410333053,0.3402722353142265,-0.0058771319411857065,0.04464483193044869,3.0453035913727846,2.5235382677625036,2.4311952376599892,0.0923430301025143,1.4569033038136294,0.6141083537127955,0.8427949501008339,0.05716250384564085,0.03674771520091735,0.04969037349060383,1.3280028642309918,0.13319257225231648,0.007489228997332927
2106,0.7200274462217137,0.3377539445447167,-0.002035735643417122,0.044046978601243895,2.975116682535065,2.4653594822946325,2.3693106929427774,0.09604878935185529,1.437418314530692,0.6058059895922876,0.8316123249384044,0.058212934887822324,0.03763759149840895,0.05063490146221525,1.3199881916359435,0.13688758855747205,0.007412443667000966,0.7298744359945738,0.34027664304094474,-0.005920626064571187,0.04464935980479608,3.045586135373483,2.5241573237474064,2.4318782493939217,0.09227907435348481,1.457173055498877,0.6137078859795613,0.8434651695193158,0.05714722729239755,0.03673477361589873,0.049676236461626014,1.3281203666633774,0.13319825537459945,0.007489638670823427
2107,0.7201043005088351,0.3377583359048727,-0.002074631985228184,0.044051679580943366,2.9754265481808293,2.46599842420218,2.370015818074341,0.09598260612783863,1.4376819723219656,0.6054107301064884,0.8322712422154772,0.05819659062052149,0.03762374539572649,0.05061983975392906,1.3201119248718163,0.1368939000097237,0.007412872627735181,0.7299522891618272,0.3402809891794156,-0.005958577080617533,0.044654121888533835,3.0459110711452038,2.5248119715970376,2.4326008751083403,0.0922110964886972,1.457430637147904,0.6133101960368633,0.8441204411110407,0.0571310181840605,0.036721042013600824,0.049661325172815435,1.3282450718669412,0.13320442987732234,0.007490066072407337
2108,0.7201845252923375,0.3377627780921766,-0.0021058398456166028,0.04405658681676529,2.975772575213182,2.4666671693066142,2.3707540021927618,0.09591316711385232,1.437934635191536,0.6050185730204203,0.8329160621711158,0.058179461072463357,0.037609234039729225,0.05060413113737422,1.3202416357141287,0.13690065614741923,0.007413318683207838,0.7300332978750309,0.3402853420215413,-0.005989019012198574,0.04465907707877833,3.0462712915413617,2.5254952993973134,2.4333553600913644,0.09213993930594898,1.457678031265479,0.612915931449997,0.8447620998154819,0.05711407075181592,0.0367066849376461,0.049645803463925886,1.3283754902667746,0.13321099767288186,0.007490508729166212
2109,0.7202706123977659,0.3377675274925306,-0.002126231190422906,0.04406185274824139,2.976176602975836,2.467385101797104,2.3715465024394065,0.09583859935769744,1.43817807673085,0.6046301005364296,0.8335479761944204,0.05816107620689155,0.03759365923715015,0.050587363602789495,1.3203808894940026,0.1369078566278152,0.007413797025481963,0.730119972898649,0.34028996176454845,-0.006008786201613277,0.04466437897370221,3.046688916825904,2.526226992465545,2.43416329189624,0.0920637005693054,1.4579168877139375,0.6125256249296641,0.8453912627842733,0.05709592412861653,0.0366913119629184,0.04962926767021937,1.3285151742845742,0.13321796008988995,0.007490981800381071
2110,0.7203655157108713,0.3377732070956711,-0.0021338448644998287,0.04406765804824534,2.976659994395643,2.4681714207720704,2.3724139687193007,0.09575745205276981,1.4384143915373182,0.6042460256763423,0.8341683658609759,0.05814104402885647,0.03757668890810928,0.0505691972788833,1.3205326645450837,0.1369159522871746,0.007414329306757495,0.7302152805361987,0.34029546969911273,-0.006015918064309796,0.04467020900572699,3.0471855791724054,2.52702652927179,2.4350456327020815,0.09198089656970852,1.4581491935222732,0.6121399464703239,0.8460092470519494,0.057076193552894366,0.03667459713732209,0.049611384410910606,1.328667094586546,0.13322575011504578,0.007491506837785614
2111,0.7204670511137862,0.33778054527640244,-0.0021301669039962834,0.04407386906907764,2.9771914162798905,2.4689978490292614,2.373324184052865,0.09567366497639634,1.4386460555257607,0.6038672322270254,0.8347788232987353,0.05812027019529395,0.037559090283018265,0.05055042359150254,1.320690107193395,0.1369253198795792,0.007414913090260248,0.7303170207210904,0.34030259230149873,-0.0060119139027648635,0.04467643255144173,3.0477293982627813,2.5278651722873438,2.4359696561351463,0.09189551615219739,1.4583773302772856,0.611759742127635,0.8466175881496506,0.05705576861450008,0.03665729407998188,0.04959293175592085,1.3288244093655952,0.13323472977806516,0.007492081631490791
2112,0.7205676942136315,0.3377889304660278,-0.0021194758648690887,0.04408002551955619,2.9777050304286137,2.4698039483357874,2.3742106647638814,0.09559328357190591,1.4388748601959418,0.6034943656647322,0.8353804945312095,0.05810025939541691,0.037542138064558084,0.050532339442674254,1.3208418135071915,0.13693531066371903,0.007415504337964193,0.7304176287383086,0.34031071479414193,-0.006001032421973078,0.044682586853202144,3.0482535156436157,2.5286815935982867,2.43686789349975,0.09181370009853647,1.4586030013937754,0.6113856221438654,0.84721737924991,0.05703612492067774,0.03664065285668808,0.049575182385241834,1.3289757530721737,0.1332442748557619,0.007492662452853005
2113,0.7206604711544748,0.33779716863355647,-0.0021055081448056803,0.044085700823435964,2.9781481586325063,2.4705411217324547,2.375020722179464,0.09552039955299074,1.4391009130190742,0.6031274364530422,0.8359734765660319,0.05808208084377846,0.037526738041542586,0.05051585955874889,1.3209796688082394,0.13694472786663603,0.00741605508261246,0.7305101131404856,0.34031864849188975,-0.0059869582259540755,0.04468824425893185,3.0487045186091133,2.529426571911584,2.437686956562877,0.09173961534870678,1.45882622700206,0.6110175620462364,0.8478086649558236,0.05701830991767978,0.036625560815163195,0.04955903313716329,1.3291130468742378,0.13325323825996913,0.007493201697254534
2114,0.7207414832379959,0.33780378099243746,-0.002090650294392468,0.04409065652094066,2.9785023965908746,2.4711918220440263,2.375736479309563,0.09545534273446328,1.4393229159480618,0.6027659172813116,0.8365569986667503,0.05806591252390898,0.037513040993336313,0.0505011224886725,1.321102311451917,0.13695246499930175,0.007416529234962511,0.7305905864259106,0.3403249243730382,-0.005972030346732528,0.044693166993975644,3.04906386683832,2.530082476825619,2.438408865164253,0.09167361166136595,1.4590456269299512,0.6106550016740672,0.848390625255884,0.05700249514690183,0.03661216327729499,0.04954461768780087,1.3292349568111543,0.1332605607594204,0.007493663507893225
2115,0.7208110620265021,0.33780834321513786,-0.0020753421344079717,0.04409491290872486,2.9787763308430515,2.4717640494082094,2.376367290006905,0.09539675940130453,1.4395389210008547,0.6024090408361464,0.8371298801647082,0.05805145381573179,0.03750079224859959,0.050487866680898136,1.32121201138357,0.13695813384851835,0.007416923591292198,0.7306594295704588,0.34032913683368576,-0.00595666092007914,0.04469737837781981,3.0493404692647816,2.5306576428942416,2.4390433242201217,0.09161431867411989,1.4592591815221385,0.6102971450446598,0.8489620364774787,0.05698838348743193,0.03660020853607328,0.049531677863943066,1.3293437629083602,0.1332658776333523,0.00749404503048286
2116,0.7208702477285104,0.3378104592363584,-0.0020593976678680015,0.044098533607296916,2.9789853590149105,2.4722718590798096,2.3769292050734885,0.09534265400632093,1.4397472413060697,0.6020561539414221,0.8376910873646476,0.05803824794574579,0.03748960485007802,0.050475693986786696,1.3213122267813846,0.13696166266670345,0.0074172387454279915,0.7307177319371584,0.34033090342317734,-0.0059406477181347395,0.044700945037834026,3.049550189556971,2.5311665778971606,2.4396068724243705,0.09155970547278992,1.4594651492840165,0.6099433171326006,0.8495218321514159,0.05697552286629803,0.03658931361631318,0.04951981976801925,1.3294429434049806,0.13326912600457716,0.007494347090918906
2117,0.7209217878838148,0.33781045031342827,-0.002041794329923602,0.044101686668233886,2.9791518539622555,2.472736157164752,2.377445101608765,0.09529105555598702,1.439946566721165,0.6017067523534901,0.8382398143676749,0.05802579598899063,0.03747905613176254,0.05046417840089545,1.3214067392411832,0.13696335021343875,0.007417491898900617,0.7307682986131682,0.3403305577440967,-0.005922959083273123,0.04470403854586773,3.0497159933993716,2.5316307478156683,2.440122995437129,0.09150775237853954,1.4596621807430468,0.6095929979622425,0.8500691827808042,0.05696341964173157,0.03657906032767984,0.04950862191843319,1.3295363006433505,0.13327059987590467,0.00749458713342716
2118,0.7209685925636784,0.3378092673341417,-0.0020216044648581066,0.04410455007148589,2.9792910643245927,2.4731718283003534,2.377930476490662,0.0952413518096914,1.4401362676258118,0.6013605878339303,0.8387756797918815,0.058013884706349654,0.037468965447396516,0.05045314957623209,1.3214971645079099,0.13696381563283677,0.007417708266954189,0.7308140916103235,0.34032905986848616,-0.005902669318907816,0.044706840059118014,3.049853598916108,2.5320654774771776,2.4406076691759524,0.09145780830122527,1.4598496223913755,0.6092459297401555,0.85060369265122,0.05695186088272166,0.036569268284929485,0.04949791406794879,1.329625474263783,0.13327090100949857,0.0074947906550868245
2119,0.7210113064110106,0.33780820102545805,-0.0019990790067890146,0.044107163211988334,2.979390932794816,2.473569305941959,2.3783732863553557,0.09519601958660298,1.4403163593759662,0.6010176464394603,0.8392987129365059,0.058003023096164896,0.03745976399668925,0.05044306937315303,1.321579635283836,0.13696369886671797,0.007417905834728816,0.7308557919032309,0.3403277089160091,-0.005880030727041588,0.04470939119496131,3.0499509770341144,2.5324612380215803,2.44104888295532,0.0914123550662603,1.4600274784743026,0.6089020940787945,0.8511253843955081,0.05694134343102017,0.03656035838927395,0.04948814750634007,1.3297066280446361,0.13327065164632526,0.007494976098644908
2120,0.7210482533885457,0.33780778198107914,-0.0019763257600977496,0.04410942354369558,2.979427075732772,2.4739071595629833,2.378749138291237,0.09515802127174619,1.4404869847205717,0.6006779374415349,0.8398090472790368,0.057993888526895514,0.03745202561467825,0.05043453523874863,1.3216490033253585,0.1369631396540801,0.007418082473307675,0.7308917394224399,0.34032703848686763,-0.005857147038163368,0.044711590384208716,3.049983578756705,2.5327964540493877,2.4414220796003914,0.09137437444899636,1.4601958890075186,0.6085614991563134,0.8516343898512052,0.05693252831363,0.03655289063202945,0.04947990562749211,1.3297746564483433,0.13326999073140977,0.007495141691910738
2121,0.7210771928575915,0.33780797069675544,-0.001956230250883463,0.04411119400141435,2.9793774609564747,2.4741656544594366,2.3790361481226108,0.09512950633682596,1.4406479369262237,0.6003413128338639,0.8403066240923598,0.0579870007151395,0.03744619058108049,0.050428000296454695,1.3217013157761288,0.13696193340128773,0.00741822674338855,0.7309197054096886,0.3403270115160863,-0.005836895602705054,0.0447133012885411,3.049929240825413,2.533051275028464,2.441705243565537,0.0913460314629272,1.4603546479912548,0.6082239972598761,0.8521306507313787,0.05692592149426677,0.036547293642110956,0.04947362979354093,1.3298256488634772,0.13326872544309187,0.0074952762687438695
2122,0.7210975982391915,0.3378085555112536,-0.0019404030914090958,0.04411244238404831,2.9792395029075043,2.47434255046011,2.3792320586252926,0.09511049183481747,1.4407985818051194,0.6000074442822115,0.8407911375229079,0.05798237702799327,0.03744227360849189,0.05042347876962321,1.3217364353975531,0.136959867352407,0.007418333645403929,0.7309391816013224,0.3403274189646929,-0.005820875218107542,0.04471449282738944,3.049785518886566,2.5332235893639794,2.4418962576167758,0.09132733174720359,1.4605031242740667,0.6078892612697901,0.8526138630042766,0.05692153631481039,0.036543578722138315,0.0494693307551608,1.3298594971545832,0.1332666543450962,0.007495374954639384
2123,0.72110698470942,0.3378088227254847,-0.0019307399457506175,0.04411301668823803,2.97899817679676,2.474423946579861,2.379322206050338,0.09510174052952321,1.4409382432724458,0.5996759707464225,0.8412622725260233,0.05798024896054242,0.037440470808776403,0.050421164560998794,1.3217526001259028,0.13695667308495293,0.007418382797222369,0.7309476881165363,0.34032754911199325,-0.005810968550322856,0.044715013299787415,3.0495373163872075,2.5332994311312693,2.441980383682994,0.09131904744827557,1.4606406481669245,0.6075569327042137,0.8530837154627108,0.05691959654208042,0.03654193543694815,0.049467195901782196,1.3298744705597323,0.1332635205778348,0.007495417497263051
2124,0.7211059063692856,0.3378079873447427,-0.0019280467367720142,0.044112950831897944,2.9786697231617705,2.4744241794147355,2.3793233798366415,0.09510079957809414,1.4410658158870853,0.5993463433251288,0.8417194725619564,0.05798007819611453,0.03744032614509957,0.05042058097320422,1.3217538972379022,0.13695203137872689,0.007418367912821466,0.730945802091777,0.3403266203451912,-0.005807969603091198,0.0447148980329245,3.049201284695,2.533293507579471,2.44197481933529,0.09131868824418081,1.4607661209735392,0.60722646535971,0.8535396556138292,0.05691957024701398,0.036541913160991486,0.04946675402978129,1.3298746735024753,0.13325901863961137,0.00749539756648776
2125,0.7210993762021012,0.33780593777627477,-0.0019310475507414993,0.04411255148068372,2.9783054575956474,2.4743897481059163,2.3792873679359743,0.09510238016994203,1.441180415572234,0.599018089659673,0.8421623259125611,0.05798059758453175,0.03744076614679707,0.05042062481613495,1.3217499518812903,0.1369461982862205,0.007418312323397751,0.7309385768005519,0.3403245235605586,-0.00581061418850802,0.044714456157098195,3.048829641448455,2.5332531283005912,2.4419322502998595,0.09132087800073165,1.4608786692945406,0.6068973911485952,0.8539812781459454,0.05692021115748113,0.03654245611051471,0.04946691961265981,1.3298697261168368,0.1332533954337666,0.007495338260063449
2126,0.721093098235757,0.3378032779018988,-0.00193786317025086,0.0441121675426355,2.9779537888841694,2.4743648581064823,2.3792626260227947,0.09510223208368773,1.441282249255431,0.5986911628613748,0.8425910863940561,0.05798074180569107,0.037440888324251964,0.05042037534681741,1.3217488563379753,0.13693999829282943,0.007418250965814426,0.7309317448832533,0.34032186019014615,-0.005817059627392027,0.044714038330482604,3.0484715694794575,2.5332231866136836,2.4419018992301766,0.09132128738350699,1.460978517725197,0.606569670249281,0.8544088474759161,0.05692047259283886,0.03654267758638397,0.04946678751318562,1.3298677080114971,0.13324744202099933,0.007495274240807532
2127,0.7210884157621174,0.33780052765662727,-0.0019482652293673908,0.044111881157976984,2.977621108755725,2.474355421016308,2.3792551530015933,0.09510026801471498,1.441372643977039,0.5983659557541318,0.8430066882229071,0.05798045453739739,0.03744064496392149,0.05041978642280902,1.3217510384179563,0.13693410714964002,0.007418196403986334,0.7309266442090152,0.3403191430553389,-0.005827110213434267,0.044713726361428355,3.0481335407679753,2.533209651547521,2.441889836632928,0.09131981491459329,1.4610670149293281,0.6062437041350472,0.8548233107942809,0.0569202988212932,0.036542530375216896,0.0494663118871323,1.3298690493572676,0.13324180452123874,0.007495217943556875
2128,0.721086325053936,0.33779807614774215,-0.001962137777175431,0.04411175327097973,2.977312260260717,2.4743657798805545,2.379269348247741,0.09509643163281334,1.4414530627317583,0.5980429120129758,0.8434101507187826,0.05797969579451364,0.03744000219225822,0.05041882384546617,1.3217568018971027,0.136928779585628,0.007418157996016091,0.7309242628577249,0.3403167540533062,-0.005840662666006496,0.04471358069309356,3.047820444011789,2.533216893506143,2.441900500180237,0.0913163933259058,1.4611456422781983,0.6059199438315516,0.8552256984466468,0.056919650267882184,0.03654198095094729,0.049465458736101406,1.3298740556705,0.13323672520427027,0.007495178588660502
2129,0.7210876336347316,0.3377962186734254,-0.0019790911084958673,0.044111833282528545,2.9770315597391304,2.4743996945000455,2.3793090658463765,0.09509062865366891,1.4415250214693696,0.5977224938927537,0.8438025275766159,0.05797842283055236,0.03743892379642715,0.050417449507890975,1.3217664716134105,0.13692418446500917,0.007418143096142037,0.7309253970637447,0.34031498146322353,-0.005857334383303429,0.04471365003577997,3.047536606940795,2.5332486702573784,2.44193774938702,0.09131092087035876,1.4612159306219237,0.6055988575537751,0.8556170730681486,0.05691848519728257,0.036540993957351456,0.04946419071802819,1.3298830492315101,0.13323236382461745,0.0074951633788397955
2130,0.7210930051227912,0.3377951772278716,-0.0019984557274125847,0.044112161792027524,2.976782935815404,2.474460501371963,2.379377769842868,0.09508273152909508,1.441590046049379,0.597405165972536,0.8441848800768429,0.057976589885731115,0.037437371010870045,0.05041562160717407,1.3217803954065284,0.13692044788368096,0.007418157510227463,0.7309306964662681,0.34031404041665336,-0.005876459784955018,0.044713974133746684,3.0472859399122387,2.533308291077416,2.4420050255704626,0.09130326550695342,1.46127941697248,0.6052809143417762,0.8559985026307039,0.05691675941781341,0.036539531957293724,0.0494624673127528,1.3298963713949796,0.13322883875110014,0.007495177956150009
2131,0.7211029489008829,0.33779510875422125,-0.0020193723349040127,0.044112769964932214,2.976569697095687,2.4745509223920465,2.379478312649393,0.09507260974265387,1.4416496424689993,0.5970913844462941,0.8445582580227052,0.05797415493791564,0.03743530823639023,0.050413300743537295,1.3217988928626734,0.13691766039502176,0.007418205539712069,0.7309406541611831,0.34031408117008866,-0.0058971812755305025,0.044714583156127925,3.047071704317132,2.5333984261693323,2.4421051310310435,0.09129329513828875,1.4613376145684855,0.6049665732860883,0.8563710412823973,0.05691443282092164,0.03653756097267439,0.04946025073583599,1.329914332135619,0.13322623394619357,0.007495226450436571
2132,0.7211177987285287,0.3377961096569078,-0.0020409065144177535,0.04411367822416782,2.976394243409283,2.474672818441914,2.3796126563102193,0.09506016213169423,1.4417052680022762,0.5967815870990637,0.8449236809032125,0.057971087192719976,0.03743270938541692,0.050410456607989956,1.3218221984351886,0.13691587694126015,0.007418289928362213,0.7309555858066399,0.34031519373098856,-0.005918564663859316,0.04471549641852429,3.046896224017819,2.533520860564367,2.4422399505421164,0.09128091002225085,1.4613919839438736,0.6046562734757025,0.8567357104681711,0.05691147665244353,0.036535056644304016,0.04945751243677385,1.32993715393546,0.1332245989998197,0.007495311432489089
2133,0.7211376962068784,0.33779821463370524,-0.00206215429947558,0.044114895238511406,2.976257906694304,2.47482705430836,2.3797817236914236,0.09504533061693621,1.4417583009477544,0.5964761830028805,0.8452821179448738,0.05796737047278573,0.03742956075324491,0.05040707102010734,1.3218504357001937,0.13691511412598847,0.007418411767679569,0.7309756136632111,0.34031740682372463,-0.0059397052683578255,0.044716721406583865,3.046760728710241,2.533676361389489,2.4424103050021366,0.0912660563873522,1.4614439027108144,0.6043504237081044,0.8570934790027099,0.056907876751566173,0.03653200697580086,0.04945423600672284,1.3299649467820416,0.13322394661046993,0.007495433825007572
2134,0.7211625961960213,0.3378013949401077,-0.0020823072162571704,0.044116418253834694,2.9761610197779134,2.47501356814005,2.379985477556197,0.09502809058385278,1.4418100100943547,0.5961755422217163,0.8456344678726384,0.05796300101358991,0.03742585915074547,0.05040313608356373,1.3218836340903293,0.13691534891391705,0.007418570503600478,0.7310006727007371,0.3403206862810203,-0.005959793262179672,0.0447182541494246,3.046665428798902,2.533864752881754,2.4426160365459775,0.09124871633577677,1.4614946351723754,0.6040493922529245,0.8574452429194509,0.05690363129405169,0.03652841042175548,0.04945041528664595,1.329997725578517,0.1332242514317047,0.007495592913318975
2135,0.7211923016859746,0.3378055668089637,-0.0021006690989997107,0.044118235225954046,2.976103136086439,2.475231585344347,2.380223149005076,0.09500843633927115,1.4418615283241234,0.5958799870813635,0.8459815412427599,0.05795798338075718,0.03742160844570339,0.05039865083443372,1.3219217598941126,0.1369165232507833,0.007418764204393446,0.7310305463264122,0.3403249436087568,-0.0059781306389302125,0.044720081404915,3.0466097434529655,2.5340851378424407,2.4428562452231377,0.09122889261930303,1.461545306195285,0.603753498229828,0.857791807965457,0.05689874670161851,0.036524272422348916,0.04944605100403012,1.3300354417056708,0.13322545462750285,0.007495786617642483
2136,0.7212265096549555,0.33781060834908644,-0.002116646581813403,0.04412032762544561,2.9760832414144103,2.475479830492863,2.3804934544157157,0.09498637607714705,1.4419138358289059,0.5955897869986947,0.8463240488302112,0.05795232810270137,0.03741681755730092,0.050393619472753136,1.3219647342220557,0.13691855331742953,0.007418989979848531,0.7310649131008338,0.34033005300927277,-0.005994121795132125,0.044722183516960626,3.046592520365819,2.5343361167078,2.443129513762271,0.09120660294552939,1.4615968848410392,0.6034630066035478,0.8581338782374914,0.056893235242487954,0.03651960337064735,0.04944114897033362,1.3300780015260942,0.13322747288418263,0.007496011917033876
2137,0.7212648433324944,0.33781637762570726,-0.002129740543707903,0.04412267241075296,2.9760998165226176,2.4757566026051876,2.3807946592860487,0.09496194331913876,1.4419677541770064,0.595305157236569,0.8466625969404374,0.05794605319092319,0.03741150174404328,0.050388052963438484,1.3220124214275664,0.13692133933220874,0.007419244347329717,0.7311033796611301,0.3403358695259866,-0.006007265037512616,0.04472453642898648,3.046612103661849,2.5346158674778625,2.4434339765052417,0.09118189097262082,1.4616501789771021,0.603178127156607,0.8584720518204951,0.056887116448978356,0.03651441981352195,0.049435721587051354,1.3301252554101266,0.13323020792835705,0.0074962652199334675
2138,0.7213068595239573,0.33782272798310164,-0.0021395507608915967,0.044125242475829225,2.9761506917972107,2.4760596584553114,2.381124431790258,0.09493522666505333,1.4420239474258045,0.5950262600069526,0.846997687418852,0.0579391902530475,0.03740568778243943,0.050381974578061955,1.322064582605782,0.13692477293816693,0.007419523443832973,0.7311454884408477,0.34034224438002053,-0.006017157253312609,0.04472711215576479,3.0466661900439522,2.5349220301522717,2.4437671742026743,0.09115485594959746,1.461705837011618,0.6028990158412778,0.8588068211703402,0.05688042304974165,0.03650874947716363,0.04942979322665167,1.3301769518782542,0.13323355369990594,0.007496542580510492
2139,0.7213520368636355,0.33782951988080356,-0.002145793309192019,0.04412800593135689,2.9762327608296064,2.476385965387739,2.3814795551645584,0.09490641022318058,1.4420829245880156,0.5947532056650482,0.8473297189229674,0.057931793404703,0.03739942151673176,0.05037542782250364,1.3221208077779227,0.13692874107199066,0.007419823104546901,0.7311907061641616,0.34034903681933637,-0.006023511257720354,0.04472987807938315,3.0467515411638204,2.535251458240456,2.4441257649345283,0.09112569330592765,1.4617643509986258,0.6026257762292923,0.8591385747693335,0.05687320966104708,0.03650263862993414,0.04942340796670498,1.3302326703931056,0.13323740013865537,0.00749683978176062
2140,0.7213997608561726,0.3378366269072598,-0.0021483231559978055,0.04413092518976429,2.9763417436965685,2.4767314944009278,2.3818556912125146,0.09487580318841327,1.442145039501941,0.594486052484054,0.8476589870178871,0.05792394595063091,0.037392773518820435,0.05036848234656435,1.3221804649749747,0.13693312631396704,0.007420138858937072,0.7312384090615835,0.3403561201472704,-0.006026178279292589,0.04473279604492718,3.0468637459104766,2.5356000107429653,2.444505286374561,0.09109472436840448,1.4618260571315957,0.6023584595359157,0.85946759759568,0.05686555929806333,0.036496157598421286,0.049416635350691296,1.330291770934791,0.13324163357466529,0.007497152335021948
2141,0.7214493229381764,0.33784393760550385,-0.0021471510256276943,0.044133956908046765,2.976472149072909,2.4770911894048826,2.3822473441469585,0.09484384525792415,1.4422104877229815,0.5942248049259503,0.8479856827970312,0.057915761523861416,0.037385840053320775,0.05036123497366705,1.3222426914063279,0.13693780624167817,0.007420465947621013,0.7312878821345263,0.3403633835687063,-0.006025164739041272,0.044735822315717724,3.046997184033048,2.535962522573847,2.4449001209039896,0.0910624016698572,1.461891133230753,0.6020970631290588,0.8597940701016942,0.056857584456277796,0.03648940168356708,0.04940957136540576,1.3303533854790968,0.13324613614662825,0.007497475498486438
2142,0.7214999492054976,0.3378513584985265,-0.0021424406640281474,0.04413705374534669,2.9766175160758164,2.477459189613318,2.3826481043783843,0.0948110852349338,1.4422793035383188,0.593969411697432,0.8483098918408868,0.057907378691105876,0.03737873850750249,0.05035380505175925,1.322306434296741,0.1369426552390634,0.0074207994985529034,0.7313383481866383,0.3403707352408431,-0.00602062951014834,0.044738909349489535,3.0471452731546096,2.536333031422751,2.445303744338672,0.09102928708407898,1.4619595963345828,0.6018415288159374,0.8601180675186454,0.056849421793368396,0.036482486655396926,0.0494023338538687,1.3304164589120804,0.13325078756811784,0.007497804453209644
2143,0.7215508662177011,0.3378588221214079,-0.002134481862683252,0.04414016838854963,2.976770958077337,2.477829326681281,2.38305119209164,0.09477813458964103,1.4423513630255862,0.5937197659856973,0.8486315970398889,0.05789894920665136,0.037371597440535774,0.05034632431821244,1.322370540062579,0.13694755110057308,0.00742113494244707,0.7313890340114066,0.34037811029863885,-0.006012857094530907,0.0447420098474301,3.047301021663305,2.536705282847959,2.4457092783524614,0.09099600449549734,1.4620313063384525,0.6015917433108435,0.8604395630276089,0.05684122058766653,0.036475538975566574,0.049395052550182866,1.3304798380759872,0.13325547148245187,0.007498134716074715
2144,0.7216013954474999,0.3378663025890244,-0.002123647709272619,0.04414325932999464,2.9769258906501364,2.4781957905613403,2.383450180033183,0.09474561052815761,1.4424263999665676,0.5934757106169533,0.8489506893496144,0.057890623257147736,0.03736454408356148,0.050338924205096544,1.3224338664617419,0.13695238745407912,0.007421468655003215,0.7314392651606137,0.34038548633168786,-0.006002215281713991,0.044745082551397704,3.047457767573561,2.537073405651441,2.4461102239404795,0.09096318171096109,1.462105982506889,0.6013475436330814,0.8607584388738075,0.056833128253046455,0.036468683526250434,0.049387856608628655,1.330542383651712,0.13326008737551717,0.007498462777179505
2145,0.7216510596120187,0.3378738412700158,-0.0021103461897435394,0.04414629737185244,2.977076740687348,2.478553782312876,2.383839690731321,0.09471409158155492,1.4425040390594106,0.5932370499560269,0.8492669891033837,0.057882537063229524,0.0373576938363622,0.05033172528371459,1.3224953769241459,0.1369570913815276,0.007421798773241463,0.731488572384297,0.34039290885384554,-0.005989107411214403,0.04474809875494931,3.047609897109555,2.5374325727870364,2.446501167861964,0.09093140492507244,1.4621832372883228,0.6011087292475914,0.8610745080407314,0.05682527817894445,0.036462033308771694,0.04938086424256427,1.3306030641749698,0.13326456745048773,0.007498786909842828
2146,0.721699690597256,0.3378815840882865,-0.0021551153743733092,0.04414927222793526,2.9772195120180553,2.4789000428548595,2.3842159431390253,0.09468409971583443,1.442583847075873,0.59300356887903,0.8495802781968429,0.057874806096549436,0.03735114452114869,0.050324831708337736,1.3225541922502453,0.13696164446940282,0.007422126153075128,0.7315367993857051,0.3404005282852165,-0.006034888757839696,0.04475104889477781,3.047753416295239,2.537779534972285,2.4468783350320185,0.09090119994026684,1.4622626280363502,0.6008750812632205,0.8613875467731297,0.056817783098213906,0.036455683825157764,0.049374177285421636,1.3306610074044454,0.13326889677428302,0.00749910812118915
2147,0.721712235912764,0.3378874106827504,-0.0021634616807290133,0.04415003958987583,2.9770337622370877,2.478943692019097,2.384258059725187,0.09468563229390986,1.4426654004877368,0.5927757025119008,0.849889697975836,0.057874781702470374,0.037351123855620075,0.050324622941313985,1.3225543778072555,0.1369614783897151,0.007422254633806257,0.731548964735841,0.3404063145311282,-0.006043229549113627,0.0447517930094795,3.047564231837516,2.5378202174310176,2.4469171994767676,0.09090301795425014,1.4623437251098563,0.6006470323607482,0.8616966927491081,0.05681784620190861,0.03645573728367141,0.04937405068427851,1.3306605194912742,0.13326873653588572,0.0074992342958865536
2148,0.7217254186101548,0.3378926727041521,-0.0021707219436120848,0.04415084594745205,2.9768644920911767,2.478999824979814,2.3843146656329184,0.09468515934689575,1.4427413076215159,0.5925498264582582,0.8501914811632577,0.0578743133507941,0.03735072708987451,0.050324037904183314,1.3225579411004869,0.13696124011844635,0.007422379746640905,0.7315617813481351,0.3404115379040521,-0.006050479852026433,0.04475257696869259,3.047391815413957,2.5378736558507984,2.4469708537858903,0.09090280206490789,1.4624191455460387,0.6004209616280669,0.8619981839179718,0.05681747149951362,0.03645541985323901,0.049373552819606155,1.3306634163866036,0.13326850874335594,0.0074993570290512335
2149,0.7217392085855855,0.337897505153411,-0.002176932293095901,0.04415168945243886,2.9767096703844573,2.4790665599683943,2.3843835221274134,0.09468303784098075,1.4428122605813953,0.592326148257044,0.8504861123243513,0.05787347777349389,0.03735001922766908,0.05032314309874874,1.322564298396933,0.13696104750862823,0.007422502896153317,0.7315752162553413,0.34041633223600065,-0.006056683550188707,0.044753398749116366,3.047234094200979,2.537937927753364,2.447037015272069,0.09090091248129484,1.4624895872610615,0.6001970789289099,0.8622925083321515,0.05681673444007014,0.0364547954507773,0.04937274909051892,1.3306691148211192,0.1332683236649548,0.007499477725569354
2150,0.7217535393978629,0.3379019925459095,-0.002182223740554809,0.04415256604030042,2.9765675973489394,2.4791422897952393,2.3844627508638148,0.09467953893142447,1.4428788762403728,0.5921048464851246,0.8507740297552482,0.057872334477290815,0.03734905068032873,0.050321989547958676,1.3225729970456532,0.13696090491911256,0.00742262472824279,0.7315892017069754,0.3404207816794664,-0.006061971668815697,0.044754254206133354,3.0470893375312618,2.538011396105045,2.4471137728278776,0.09089762327716719,1.4625556717860235,0.5999755647033843,0.8625801070826392,0.05681569353366023,0.03645391364330504,0.04937168968176822,1.3306771625166012,0.13326818559190087,0.007499597042307014
2151,0.7217683381459428,0.33790619451610515,-0.0021867139533288255,0.04415347125134923,2.976436836673077,2.4792256458427437,2.384550765831965,0.09467488001077881,1.4429416964959079,0.5918860708411123,0.8510556256547955,0.05787093172164958,0.03734786233102622,0.05032061836717176,1.322583669978201,0.13696081227402715,0.007422745571026955,0.7316036637580458,0.34042494573233256,-0.0060664617479247035,0.04475513881620451,3.046956081988124,2.5380926663440126,2.4471995117658487,0.090893154578164,1.4626179449488164,0.5997565702222751,0.8628613747265412,0.056814396279641965,0.03645281467006804,0.04937041507816177,1.3306871923348127,0.13326809455197175,0.0074997153181969485
2152,0.7217835286770059,0.33791015398616786,-0.0021905088436918047,0.04415440042699574,2.9763161328615078,2.479315429524545,2.384646188252046,0.0946692412724991,1.4430011944755055,0.5916699446094619,0.8513312498660436,0.05786930994842637,0.03734648844022018,0.0503190638486894,1.3225960096043223,0.1369607666795659,0.0074228655445221885,0.7316185254011631,0.34042886729920985,-0.006070259475179675,0.044756047868472724,3.0468330481771724,2.538180517159172,2.4472928280756956,0.09088768908347636,1.462676883205544,0.5995402201014768,0.8631366631040671,0.056812882505466566,0.0364515322710296,0.04936895906778311,1.3306988964529782,0.13326804785974974,0.0074998326835419744
2153,0.7217990333970302,0.33791390189658316,-0.0021937038910023188,0.044155348820507215,2.9762043639471885,2.479410572164652,2.3847477968139037,0.09466277535074842,1.4430577807633558,0.5914565671332846,0.8516012136300711,0.05786750377940912,0.03734495833787821,0.050317355249266976,1.3226097526075709,0.13696076329659881,0.007422984623930956,0.7316337083365259,0.3404325773698173,-0.006073460032289368,0.044756976573038565,3.0467190929930243,2.5382738598816257,2.4473924781789935,0.09088138170263216,1.4627328999652223,0.5993266148140308,0.8634062851511914,0.05681118631556328,0.03645009533787515,0.04936735048612333,1.3307120112894635,0.1332680409555734,0.0074999491232206035
2154,0.7218147752089753,0.33791746061605327,-0.0021963850303793886,0.044156311715572244,2.976100514339116,2.479510111790098,2.3848544981558804,0.09465561363421769,1.4431118093664266,0.5912460161832356,0.851865793183191,0.057865543303731296,0.03734329751411401,0.05031551794079714,1.3226246701463023,0.1369607959958695,0.007423102688361113,0.7316491348877369,0.340436098401088,-0.0060761490033212,0.04475792017815493,3.046613182139434,2.538371714926245,2.4474973490483674,0.09087436587787763,1.4627863516360051,0.5991158330910666,0.8636705185449385,0.05680933735057686,0.03644852898077959,0.04936561434167157,1.3307263077639644,0.13326806803751873,0.0075000645254406605
2155,0.7218306795254873,0.3379208464415534,-0.0021986291713966266,0.044157284549423775,2.9760036613958305,2.479613181454787,2.3849653111527354,0.0946478703020516,1.443163583471579,0.5910383502430951,0.8521252332284839,0.05786345487934307,0.03734152829815642,0.05031357412522654,1.3226405617536354,0.13696085793577517,0.007423219559443375,0.7316647299990934,0.34043944680144006,-0.006078402914686629,0.044758874092410375,3.0465143764684135,2.5384731998646552,2.4476064422339694,0.09086675763068586,1.462837543449952,0.598907934234444,0.8639296092155081,0.05680736157356791,0.0364468551944397,0.049363772517220725,1.3307415852167273,0.13326812261815682,0.007500178720388993
2156,0.7218466765143688,0.33792407165054655,-0.0022005044368763257,0.04415826305020133,2.9759129706936616,2.4797190050091853,2.3850793599672944,0.09463964504189096,1.4432133610295186,0.590833610726367,0.8523797503031516,0.057861261648126355,0.03733967029473087,0.05031154329409473,1.3226572514174186,0.13696094212349985,0.007423335035936185,0.7316804234649117,0.34044263496970145,-0.006080289498017644,0.044759834021101605,3.04642182708588,2.538577525014679,2.44771886672941,0.09085865828526879,1.4628867351047756,0.5987029603564695,0.8641837747483061,0.05680528177656265,0.036445093287199484,0.04936184422169486,1.330757667491194,0.13326819806377843,0.007500291514790602
2157,0.7218627026968681,0.33792714598397433,-0.0022020705049700037,0.044159243334721446,2.9758276929371346,2.47982689382588,2.3851958687877035,0.09463102503817655,1.4432613602294406,0.5906318241494309,0.8526295360800097,0.057858983914127846,0.03733774070448089,0.0503094425610678,1.3226745847025811,0.13696104183577595,0.007423448918610775,0.7316961515131478,0.34044567276853627,-0.006081868051485036,0.04476079606310696,3.0463347721139433,2.5386839900055915,2.4478338335413765,0.09085015646421502,1.4629341462872805,0.5985009385725667,0.8644332077147138,0.056803117953176455,0.03644326019671947,0.04935984631771004,1.3307744000530448,0.13326828799803975,0.007500402716748754
2158,0.7218787019523699,0.3379300778014265,-0.002203379046694348,0.04416022196993339,2.975747159535658,2.4799362420833644,2.3853141553218125,0.094622086761552,1.44330776474587,0.5904330042138459,0.8528747605320242,0.057856639496159254,0.03733575462267458,0.05030728696824448,1.3226924260690747,0.1369611509792103,0.007423561028455955,0.7317118577939551,0.34044856866995915,-0.006083189894552837,0.04476175677135625,3.0462525321138254,2.538791978899245,2.4479506490138547,0.09084132988539029,1.462979961961182,0.5983018830999707,0.8646780788612114,0.056800887645490475,0.03644137078383451,0.049357793622886684,1.3307916473088852,0.133268386646304,0.007500512153887284
2159,0.7218946260814914,0.3379328747927719,-0.0022044741896204006,0.044161196007363054,2.9756707799918924,2.4800465233593756,2.3854336262324694,0.09461289712690645,1.4433527286617571,0.5902371537594229,0.8531155749023343,0.05785424395862534,0.037333725234751355,0.05030508968111991,1.32271065711682,0.13696126434452022,0.007423671217617101,0.7317274939275902,0.3404513304602597,-0.006084298845675226,0.044762713186344796,3.046174507335122,2.538900956639485,2.44806871011086,0.09083224652862501,1.4630243373238552,0.598105797224262,0.8649185400995931,0.05679860617188422,0.03643943802556287,0.04935569910230077,1.3308092908458373,0.13326848907746783,0.007500619684221766
2160,0.7219104351920081,0.33793554440117196,-0.002205393006900508,0.04416216300671906,2.9755980415062666,2.480157289070685,2.3855537749405817,0.09460351413010304,1.4433963810118797,0.5900442665656846,0.8533521144461951,0.05785181073659254,0.03733166392227432,0.050302862088540026,1.3227291756357844,0.13696137772455394,0.007423779376146759,0.7317430198776789,0.34045396565946046,-0.006085231719328857,0.0447636628589657,3.046100177202484,2.5390104673725675,2.4481875020907564,0.09082296528181118,1.4630674023769874,0.5979126751117276,0.8651547272652598,0.0567962867516722,0.03643747312069266,0.04935357396822629,1.330827228469461,0.1332685913159157,0.007500725202853064
2161,0.7219260975251873,0.337938093989444,-0.002206166175674651,0.04416312102526767,2.975528506506364,2.4802681649277782,2.38567417750364,0.0945939874241381,1.4434388299490932,0.5898543290027238,0.8535845009463694,0.05784935126360109,0.037329580371206685,0.05030061390267,1.3227478946354174,0.13696148789871496,0.007423885433060938,0.7317584037676899,0.34045648168701514,-0.006086018985639319,0.04476460383928155,3.0460290977104134,2.539120130772142,2.4483065942413975,0.09081353653074473,1.4631092661148244,0.597722503469016,0.8653867626458084,0.05679394063243248,0.03643548559764863,0.04935142777993959,1.3308453732210959,0.13326869032594937,0.007500828643014622
2162,0.721941588785664,0.337940530864177,-0.002206818726371025,0.044164068576836746,2.975461807061663,2.4803788446083894,2.3857944855598907,0.09458435904849866,1.4434801664592214,0.589667321501772,0.8538128449574494,0.057846875145827946,0.03732748271945455,0.05029835329885006,1.322766741021387,0.13696159258117782,0.007423989353326872,0.7317736212032094,0.34045888588689877,-0.006086685518371368,0.04476553463506343,3.0459608956815942,2.539229635566556,2.4484256326607587,0.09080400290579738,1.46315002025688,0.5975352630208353,0.8656147572360446,0.0567915772624733,0.036433483460597806,0.04934926858240797,1.3308636520461925,0.13326878396153824,0.007500929973097809
2163,0.7219568913682426,0.33794286224354264,-0.0022073707574575482,0.04416500458451575,2.9753976388711005,2.4804890831728192,2.3859144190472854,0.09457466412553378,1.4435204675704318,0.589483219823815,0.8540372477466168,0.05784439033207154,0.03732537770087008,0.050296087052687496,1.322785654304039,0.13696169035292532,0.007424091133698299,0.7317886544923675,0.34046118549702503,-0.006087251307402647,0.04476645416410101,3.045895262601691,2.539338732813044,2.448544332817315,0.09079439999572902,1.4631897424718336,0.5973509297843757,0.865838812687458,0.056789204459077945,0.03643147333197884,0.049347103042168716,1.3308820044952296,0.13326887090066056,0.007501029192536574
2164,0.7219719935480997,0.3379450951591458,-0.002207838133461655,0.04416592833111858,2.975335755640166,2.4805986909357887,2.3860337595019425,0.09456493143384619,1.443559799087037,0.5893019961382232,0.8542578029488138,0.05784190325858558,0.03732327076794787,0.0502938206558685,1.3228045854981612,0.1369617805362044,0.007424190797613161,0.7318034918313843,0.3404633875535644,-0.006087732151437902,0.04476736170438034,3.0458319488579697,2.5394472296431423,2.448662472705312,0.09078475693783054,1.4632284991231237,0.5971694761526579,0.8660590229704658,0.05678682855201091,0.03642946057407366,0.04934493656227708,1.3309003816158491,0.13326895052503931,0.007501126326763719
2165,0.7219868885859669,0.33794723640031343,-0.0022082331942680222,0.044166839404445206,2.975275961821957,2.4807075260642035,2.386152341894467,0.0945551841697366,1.4435982178879534,0.58912361992749,0.8544745979604634,0.05783941903615423,0.03732116625030646,0.05029155847083137,1.3228234957010274,0.1369618630523522,0.007424288390163562,0.7318181264057313,0.34046549883716754,-0.006088140360375471,0.044768256839099616,3.0457707563376593,2.5395549817304484,2.4487798845345154,0.09077509719593282,1.4632663475770882,0.5969908718031438,0.8662754757739444,0.056784454567999486,0.03642744944529171,0.0493427734349826,1.3309187445278767,0.13326902278426117,0.007501221422251472
2166,0.7220015736760584,0.33794929246445915,-0.002208565458903425,0.04416773763292163,2.975218103530238,2.480815485682664,2.3862700448015546,0.09454544088110929,1.4436357738163514,0.5889480587286836,0.8546877150876678,0.05783694167808472,0.03731906754783298,0.05028930392254538,1.322842354358682,0.13696193829218414,0.007424383972366166,0.7318325553352215,0.340467525825255,-0.006088485452003897,0.044769139392135344,3.0457115291927153,2.5396618842617182,2.4488964447503623,0.09076543951135577,1.4633033381005256,0.5968150844423532,0.8664882536581724,0.05678208645492333,0.03642544329009291,0.04934061703044461,1.330937062690926,0.1332690880719626,0.007501314540872906
2167,0.7220160490026377,0.337951269568461,-0.0022088422401973923,0.044168623027885656,2.9751620595048682,2.4809224972298236,2.3863867807894836,0.09453571644034019,1.443672511169928,0.5887752787153848,0.8548972324545432,0.05783447433335954,0.03731697732819883,0.05028705969697098,1.322861137492577,0.13696200701557285,0.007424477616667811,0.7318467787285166,0.3404694747048103,-0.006088774760507454,0.044770009370202174,3.045654144669585,2.5397678631701646,2.449012064279165,0.09075579889099974,1.4633395153575173,0.5966420803904204,0.8666974349670968,0.05677972731079062,0.03642344473296563,0.04933846999175602,1.3309553121346165,0.1332691471300991,0.007501405755498134
2168,0.7220303168134484,0.33795317364360655,-0.0022090692283495694,0.044169495726905,2.9751077323460926,2.481028510161897,2.3865024872013247,0.09452602296057207,1.4437084698534626,0.5886052451447676,0.8551032247086949,0.057832019507214574,0.0373148977137233,0.050284827929445594,1.3228798260215404,0.13696207022774476,0.00742456940234573,0.731860798755844,0.3404713513692034,-0.0060890140125111,0.04477086690612728,3.0455985042194755,2.5398728667272206,2.4491266791891055,0.09074618753811486,1.4633749195674688,0.59647182503037,0.8669030945370988,0.056777379600302644,0.036421455861890106,0.049336334420016906,1.3309734737844319,0.13326920093128222,0.0075014951454925715
2169,0.7220443807122053,0.3379550103360761,-0.002209250936117353,0.04417035595049647,2.975055041744322,2.481133489565562,2.3866171190596406,0.09451637050592153,1.443743686230806,0.5884379226846816,0.8553057635461243,0.0578295792317865,0.037312830425938005,0.050282610350619254,1.3228984044635144,0.1369621290836891,0.007424659412045467,0.731874618941493,0.3404731614206952,-0.006089207766418511,0.044771712215569796,3.0455445266298047,2.539976859067214,2.449240243492689,0.09073661557452475,1.4634095873618906,0.5963042831371155,0.8671053042247752,0.05677504532256527,0.036419478370415814,0.04933421201785708,1.3309915321651604,0.13326925058806657,0.007501582793339927
2170,0.7220582451400417,0.33795678499322146,-0.002209391045245486,0.04417120397040473,2.975003919716991,2.481237411644643,2.386730644066715,0.094506767577928,1.4437781937501664,0.588273275650276,0.8555049180998904,0.0578271551839384,0.037310776885403324,0.05028040838689678,1.3229168600391659,0.136962184791919,0.007424747729081516,0.7318882436457498,0.34047491015890774,-0.006089359753385794,0.04477254556532936,3.045492143186849,2.540079815607869,2.4493527240710393,0.09072709153682984,1.4634435524140001,0.5961394191158095,0.8673041332981907,0.05677272612713315,0.036417513655968674,0.04933210418844045,1.331009474503781,0.13326929726171982,0.007501668782013301
2171,0.7220719150072908,0.33795850265145266,-0.0022094926593338587,0.044172040087077445,2.974954307262675,2.4813402605435613,2.386843039088326,0.0944972214552352,1.443812023403158,0.5881112681743491,0.8557007552288088,0.057824748767703375,0.037308738281550756,0.05027822323061121,1.322935182044691,0.13696223854006426,0.007424834435493239,0.7319016776973395,0.34047660257084134,-0.0060894731261248725,0.04477336725086159,3.0454412942728726,2.540181719823134,2.449464097099087,0.0907176227240473,1.46347684590175,0.5959771971737858,0.8674996487279641,0.056770423395425366,0.03641556288882267,0.049330012104830734,1.3310272901000682,0.13326934209181543,0.0075017531930888556
2172,0.7220853953958349,0.33796016803328804,-0.0022095584988552214,0.044172864611456794,2.9749061515430926,2.4814420256977545,2.3869542872129976,0.09448773848475711,1.4438452040643002,0.5879518643300948,0.8558933397342053,0.05782236118443533,0.03730671563211143,0.05027605590000686,1.32295336131808,0.13696229144323244,0.007424919610552224,0.7319149260964988,0.34047824332971105,-0.006089550651022242,0.04477417757811402,3.0453919265017833,2.5402825605523125,2.4495743450569916,0.09070821549532108,1.463509496851043,0.5958175814447918,0.8676919154062511,0.05676813830997311,0.03641362707076318,0.04932793676925486,1.3310449697912081,0.133269386147468,0.007501836105302813
2173,0.7220986912855236,0.3379617855390399,-0.002209591055989099,0.04417367784824329,2.9748594033459175,2.4815426994650043,2.3870643751292477,0.09447832433575676,1.4438777627370372,0.5877950282166697,0.8560827345203674,0.05781999349439096,0.03730470983528547,0.05027390729198687,1.3229713897705035,0.13696234451042397,0.00742500332932609,0.7319279937422178,0.3404798367881189,-0.006089594861013542,0.04477497684684023,3.04534399014442,2.5403823295978287,2.44968345406847,0.0906988755293583,1.4635415323852383,0.59566053607595,0.8678809963092883,0.056765871915106944,0.036411707086498456,0.04932587906512555,1.331062505482529,0.13326943039564798,0.007501917593158805
2174,0.7221118073375163,0.3379633592377549,-0.002209592706772512,0.044174480082641576,2.974814015097191,2.481642275279027,2.3871732910839487,0.0944689841950783,1.4439097247204382,0.587640724013242,0.8562690007071962,0.057817646664217195,0.03730272170997119,0.050271778222826836,1.3229892600249253,0.13696239862387258,0.007425085661512764,0.7319408852164239,0.3404813869701566,-0.00608960816650457,0.04477576533739723,3.0452974371141672,2.5404810198546572,2.4497914118310375,0.09068960802361963,1.4635729778951583,0.5955060252831298,0.8680669526120285,0.05676362516370439,0.03640980374326201,0.04932383979714944,1.3310798897859915,0.13326947568173295,0.007501997725796886
2175,0.7221247476441,0.33796489283096226,-0.0022095658270006244,0.044175271565055574,2.9747699389040405,2.4817407458249554,2.3872810228947943,0.0944597229301613,1.4439411137158977,0.5874889160092461,0.8564521977066516,0.05781532160851309,0.037300752030974334,0.050269669463538016,1.3230069650997556,0.13696245450704064,0.007425166669797902,0.7319536045347226,0.3404828975362397,-0.0060895929695533035,0.04477654329549714,3.0452522189871956,2.5405786234655148,2.449898205604738,0.0906804178607768,1.4636038571489274,0.5953540133824577,0.8682498437664696,0.05676139895801028,0.03640791780539367,0.04932181972608249,1.3310971157044706,0.1332695226991569,0.007502076565383058
2176,0.7221375155967483,0.337966389631275,-0.002209512842216363,0.04417605250301697,2.974727125545448,2.481838102104375,2.3873875569348897,0.09445054516948508,1.4439719518731278,0.5873395686105581,0.8566323832625696,0.05781301921056921,0.03729880154657757,0.05026758175749063,1.3230244982510082,0.1369625127166196,0.007425246408962346,0.7319661550149376,0.3404843717623212,-0.006089551713581665,0.04477731092416508,3.0452082859817753,2.5406751308751043,2.450003821184077,0.09067130969102724,1.4636341923409792,0.5952044647976986,0.8684297275432806,0.0567591941700258,0.03640605001161227,0.04931981958606366,1.3311141764740653,0.13326957198185357,0.0075021541662336575
2177,0.7221501138167113,0.33796785254168005,-0.002209436258444969,0.04417682305693897,2.974685524067854,2.481934333056368,2.3874928777343793,0.09444145532198889,1.4440022598051647,0.5871926463334745,0.8568096134716903,0.05781074032841284,0.03729687098366168,0.050265515825340626,1.323041852926325,0.13696257362864006,0.007425324925303775,0.7319785392081837,0.3404858125197049,-0.006089486913632439,0.044778068379522556,3.0451655865497624,2.5407705304469608,2.4501082424944065,0.09066228795255432,1.4636640041098687,0.595057344055356,0.8686066600545127,0.05675701164750143,0.036404201080092555,0.049317840089503254,1.3311310655177886,0.13326962389112035,0.007502230574247641
2178,0.7221625442346905,0.33796928406257953,-0.0022093386253120156,0.04417758334498999,2.9746450824712203,2.4820294261926965,2.3875969686784866,0.09443245751420994,1.4440320565879907,0.5870481137927338,0.8569839427952569,0.05780848577925164,0.03729496103452697,0.05026347235156946,1.3230590228835095,0.13696263745079776,0.007425402257107631,0.7319907589785839,0.34048722228222783,-0.006089401120523377,0.04477881577566385,3.0451240680685308,2.540864809103108,2.450211452294786,0.09065335680832198,1.4636933115405186,0.5949126157737449,0.8687806957667737,0.05675485219882378,0.036402371695662045,0.04931588191399468,1.331147776562572,0.13326967862744235,0.00750230582737375
2179,0.7221748081667739,0.3379706863038519,-0.002209222511412881,0.04417833344773868,2.974605748292159,2.4821233681393586,2.387699812596037,0.0944235555433213,1.4440613597761298,0.5869059356961215,0.8571554240800083,0.05780625632740117,0.037293072346666026,0.050261451974078664,1.3230760022825443,0.13696270422796475,0.0074254784351574545,0.7320028155793453,0.34048860313840024,-0.0060892968967622765,0.04477955318930954,3.0450836774303043,2.5409579528704267,2.4503134327717615,0.09064452009866511,1.4637221321821834,0.5947702446585428,0.8689518875236406,0.05675271658126686,0.03640056249984805,0.049313945692178195,1.3311643037302656,0.13326973623586755,0.007502379956118141
2180,0.7221869064217732,0.3379720610141091,-0.002209090455837351,0.04417907341471953,2.9745674692606383,2.4822161452562534,2.387801392415924,0.09441475284032942,1.4440901854318715,0.5867660768447146,0.8573241085871569,0.05780405267350194,0.03729120551362888,0.0502594552751061,1.3230927857678123,0.13696277386984718,0.00742555348359683,0.732014709759927,0.3404899568203487,-0.006089176769686969,0.044780280666362,3.045044361707059,2.541049947506604,2.4504141662031595,0.09063578130344441,1.463750482079834,0.5946301955038993,0.8691202865759347,0.056750605490429096,0.03639877408192917,0.04931203200282848,1.331180641619471,0.13326979663239263,0.007502452984397959
2181,0.7221988394011228,0.33797340961223404,-0.00220894492973224,0.04417980327054397,2.974530193857039,2.482307744162553,2.3879016917163076,0.09440605244624549,1.4441185481730388,0.5866285021407315,0.8574900460323073,0.05780187544669993,0.037289361068398696,0.05025748277469623,1.3231093685277526,0.13696284617444296,0.007425627420781129,0.7320264418657431,0.34049128473488655,-0.0060890431943269735,0.04478099822800435,3.045006068716362,2.5411407790322667,2.450513635515312,0.0906271435169549,1.4637783758238356,0.5944924332010498,0.8692859426227858,0.05674851955250243,0.0363970069723861,0.04931014136438231,1.3311967853654716,0.13326985962632948,0.007502524930383909
2182,0.7222106071963745,0.337974733221969,-0.002208788300650244,0.04418052302086428,2.974493871807528,2.4823981522039396,2.388000695205881,0.09439745699805852,1.4441464612359596,0.5864931766016465,0.8576532846343131,0.05779972519897782,0.037287539478589565,0.05025553492603821,1.3231257463381514,0.13696292085273998,0.007425700260152572,0.7320380119353949,0.34049258799750787,-0.00608889851905766,0.04478170587664859,3.044968747525762,2.541230434205139,2.45061182477266,0.09061860943247939,1.4638058266146006,0.5943569227531024,0.8694489038614982,0.05674645931860173,0.03639526163809769,0.049308274230255286,1.3312127306842272,0.13326992494382858,0.007502595807365074
2183,0.7222222098287434,0.33797603272819116,-0.0022086227408905784,0.04418123266702774,2.974458455698031,2.482487358943042,2.388098390318266,0.09438896862477607,1.4441739365516384,0.5863600653797649,0.8578138711718735,0.05779760237646896,0.03728574112214486,0.050253612091002195,1.323141915780759,0.13696299757131394,0.007425772012060239,0.732049419938214,0.3404938674876595,-0.006088744896922446,0.04478240361046708,3.0449323500735552,2.5413189020150764,2.450708720778358,0.09061018123671828,1.46383284634022,0.5942236292951971,0.8696092170450228,0.056744425236879066,0.03639353845871754,0.049306430965038235,1.3312284740883176,0.13326999226828673,0.007502665625537261
2184,0.722233647268075,0.3379773088048722,-0.002208450253124321,0.04418193220723683,2.9744239007991733,2.4825753559971604,2.3881947670010786,0.09438058899608176,1.4442009848622233,0.5862291337980946,0.8579718510641287,0.05779550732927745,0.037283966295656515,0.05025171454870851,1.3231578741686287,0.13696307594659926,0.007425842684174341,0.7320606657952989,0.34049512387654834,-0.006088584309672254,0.04478309142467944,3.0448968310131588,2.5414061735388076,2.4508043128824175,0.09060186065639016,1.4638594456938405,0.594092518130741,0.8697669275630995,0.05674241766163925,0.03639183773439619,0.049304611852452836,1.3312440128165233,0.13327006123540433,0.00750273439242901
2185,0.722244919564957,0.3379785619780309,-0.002208272612764746,0.044182621644631145,2.974390165520231,2.4826621374792754,2.3882898181369825,0.09437231934229273,1.4442276158296157,0.5861003473832483,0.8581272684463673,0.05779344031207027,0.03728221521486651,0.05024984249657252,1.3231736195417407,0.13696315559753555,0.007425912282857189,0.732071749510502,0.340496357688795,-0.006088418513202798,0.044783769319565604,3.0448621481748304,2.541492242386204,2.450898593410022,0.09059364897618173,1.4638856342835163,0.5939635547648082,0.869922079518708,0.05674043685371846,0.0363901596861019,0.04930281709618131,1.3312593448310206,0.13327013148281086,0.007502802114252213
2186,0.7222560269146995,0.3379797926616426,-0.002208091371130684,0.04418330099120116,2.9743572115746626,2.482747700147056,2.3883835396699173,0.09436416047713898,1.4442538381596453,0.5859736719047453,0.8582801662549,0.0577914014871581,0.037280488017276944,0.05024799605308594,1.3231891506436504,0.1369632361511276,0.0074259808138894025,0.7320826712342426,0.3404975693378904,-0.006088249040603455,0.04478443730436949,3.0448282627351393,2.5415771048520686,2.4509915577913466,0.09058554706072192,1.463911420757265,0.5938367049437929,0.8700747158134721,0.056738482983415106,0.03638850445810357,0.04930104682250982,1.3312744687948128,0.13327020265565337,0.007502868796623337
2187,0.7222669697022067,0.3379810011940819,-0.002207907855852481,0.04418397027053332,2.9743250039465994,2.482832043372972,2.3884759305319685,0.09435611284100374,1.4442796597266203,0.5858490734146311,0.8584305863119892,0.05778939093244631,0.037278784768885576,0.050246175264849674,1.3232044668610365,0.13696331725765107,0.007426048283108729,0.732093431308019,0.34049875916214895,-0.006088077203160139,0.044785095400022,3.0447951391839534,2.5416607598859366,2.451083204488616,0.09057755539732051,1.4639368129283872,0.5937119346953377,0.8702248782330495,0.05673655613820468,0.03638687212450638,0.04929930108715003,1.3312893840121223,0.13327027442111952,0.00750293444519768
2188,0.7222777485269298,0.3379821878712133,-0.0022077231812518278,0.04418462951933627,2.974293510704446,2.4829151689745985,2.388566992418573,0.09434817655602562,1.4443050876943995,0.5857265182858729,0.8585785694085266,0.057787408652451897,0.03727710547351902,0.05024438011624366,1.323219568139871,0.13696339860089338,0.00742611469691285,0.7321040302890254,0.3404999274573626,-0.0060879041010623025,0.04478574364064665,3.044762745136636,2.5417432089204675,2.451173534769662,0.0905696741508053,1.463961817897152,0.5935892103669737,0.8703726075301784,0.056734656333462107,0.036385262698335225,0.04929757988464939,1.3313040903454865,0.13327034647822147,0.007502999066169457
2189,0.7222883642181991,0.33798335297477683,-0.002207538262151698,0.04418527878837859,2.974262702782824,2.4829970810142132,2.3886567295347527,0.0943403514794604,1.4443301286303454,0.5856059732480714,0.858724155382274,0.057785454589215135,0.0372754500820765,0.050242610538961896,1.3232344549023736,0.1369634799053695,0.007426180062660999,0.7321144689651928,0.34050107450481676,-0.00608773063740517,0.04478638207447975,3.044731051114089,2.5418244556687877,2.451262552452059,0.09056190321672852,1.463986442165242,0.5934684986620298,0.8705179435032122,0.05673278352308907,0.036383676140537766,0.04929588315767787,1.3313185881335712,0.13327041856468952,0.0075030626666716125
2190,0.7222988178349516,0.3379844967938075,-0.0022073538337431114,0.04418591814247235,2.9742325537048577,2.4830777855406785,2.3887451482848556,0.09433263725582265,1.444354788610951,0.5854874054200022,0.8588673831909487,0.057783528633381945,0.03727381850191831,0.05024086642162574,1.3232491279626502,0.13696356093882742,0.007426244388919058,0.7321247483547688,0.3405022005924611,-0.006087557537986149,0.04478701076384451,3.044700030262706,2.5419045058638945,2.451350263590382,0.09055424227351219,1.4640106917417564,0.593349766672324,0.8706609250694324,0.056730937610314405,0.03638211236913398,0.04929421080639795,1.3313328781076241,0.13327049045938502,0.007503125255021307
2191,0.7223091106513707,0.33798561963915585,-0.0022071704743561182,0.04418654765959441,2.9742030392581373,2.48315729028652,2.3888322569200695,0.09432503336645036,1.444379073316846,0.5853707823380678,0.8590082909787782,0.057781630635125966,0.03727221060611853,0.05023914761919532,1.32326358844353,0.13696364151241383,0.0074263076855563045,0.7321348696918806,0.3405033060292782,-0.006087385373914608,0.04478762978426794,3.044669658027347,2.541983366952778,2.451436676120604,0.090546690832174,1.4640345722385344,0.5932329819067428,0.8708015903317916,0.05672911845834981,0.03638057126824319,0.0492925626976487,1.3313469613090376,0.1332705619824756,0.007503186840818476
2192,0.7223192441273412,0.337986721850475,-0.002206988631810694,0.04418716742907909,2.97417413712175,2.483235604317847,2.388918065141791,0.09431753917605612,1.4444029881154354,0.5852560719799589,0.8591469161354766,0.05777976041484956,0.03727062624253042,0.05023745396212269,1.3232778376950742,0.1369637214777164,0.0074263699636811925,0.7321448343968916,0.3405043911522105,-0.0060872145876972525,0.044788239222667336,3.0446399117739285,2.542061047742196,2.4515217994589213,0.09053924828327432,1.4640580889530572,0.5931181123150072,0.87093997663805,0.056727325900856676,0.036379052696951054,0.04929093867390207,1.3313608390083511,0.13327063299262223,0.007503247434884265
2193,0.7223292198600619,0.3379878037954654,-0.0022068086545459914,0.044187777548657915,2.9741458264100062,2.483312737606634,2.38900258362721,0.09431015397942394,1.44442653812936,0.5851432427827963,0.8592832953465637,0.05777791777443376,0.037269065243316774,0.05023578526592137,1.323291877208887,0.13696380072044026,0.007426431235395806,0.7321546440278208,0.34050545632542206,-0.006087045524005824,0.04478883917437829,3.0446107703263503,2.542137557964765,2.4516056440204466,0.0905319139443185,1.4640812469371298,0.5930051263059037,0.8710761206312261,0.056725559752987945,0.03637755649866374,0.049289338562660545,1.3313745126197918,0.13327070338094443,0.00750330704901881
2194,0.7223390395627528,0.33798886586824084,-0.0022066308073730445,0.04418837812315716,2.974118087494046,2.483388700858036,2.3890858238392294,0.09430287701880663,1.444449728288436,0.5850322636548168,0.8594174646336193,0.057776102501521064,0.03726752742857824,0.050234141334704885,1.3233057085854933,0.13696387915767133,0.007426491513672826,0.7321643002588888,0.34050650193871995,-0.006086878445306809,0.04478942974184216,3.044582213783956,2.5422129081025515,2.451688221024922,0.09052468707762956,1.464104051048981,0.5928939927590343,0.8712100582899466,0.05672381981563225,0.03637608250470338,0.04928776217996825,1.3313879836684281,0.13327077306841498,0.007503365695879626
2195,0.722348705039503,0.3379899084824112,-0.0022064552913341057,0.04418896926295913,2.974090901857034,2.4834635053660006,2.3891677978736086,0.09429570749239188,1.444472563372143,0.5849231039834252,0.8595494593887177,0.05777431437200875,0.0372660126084654,0.05023252196312191,1.3233193335153504,0.13696395672891054,0.007426550812152766,0.7321738048552678,0.34050752840075915,-0.006086713551321149,0.04479001103306153,3.044554223372975,2.542287109239378,2.451769542340063,0.09051756689931462,1.4641265059958608,0.5927846810329119,0.8713418249629489,0.05672210587791344,0.03637463053642549,0.04928620933235914,1.3314012537708253,0.1332708419973091,0.00750342338878068
2196,0.7223582181691449,0.3379909320657003,-0.00220628225505147,0.04418955108301584,2.974064252014224,2.4835371629319813,2.3892485183745436,0.09428864455743799,1.444495048042829,0.5848157336396805,0.8596793144031484,0.057772553151161476,0.037264520584121386,0.05023092693714058,1.3233327537703752,0.13696403339202456,0.007426609145003085,0.7321831596569687,0.3405085361337865,-0.006086550990193812,0.044790583160614565,3.044526781364441,2.542360172977704,2.451849620394961,0.09051055258274307,1.4641486163673285,0.59267716096948,0.8714714553978485,0.05672041771832155,0.03637320040617717,0.04928467981766304,1.331414324626294,0.1332709101273458,0.0075034801415534615
2197,0.722367580887704,0.3379919370545842,-0.0022061118060998433,0.04419012370177562,2.97403812141598,2.4836096857705594,2.3893279984356717,0.0942816873348879,1.444517186872375,0.5847101229803083,0.8598070638920666,0.05777081859507526,0.0372630511489221,0.05022935603516081,1.3233459711927933,0.1369641091188753,0.00742666652677057,0.7321923665613794,0.3405095255683997,-0.006086390869634695,0.04479114624058704,3.044499870975802,2.5424321113430715,2.4519284680796485,0.09050364326342292,1.4641703866619893,0.5925714028961535,0.8715989837658358,0.05671875510616639,0.0363717919185284,0.0492831734261144,1.331427198005641,0.13327097743151928,0.00750353596840169
2198,0.7223767951697335,0.3379929238891599,-0.002205944020868933,0.04419068724004153,2.974012494333971,2.4836810864022483,2.38940625148659,0.09427483491565825,1.4445389843626784,0.5846062428473815,0.8599327415152969,0.05776911045252742,0.0372616040900434,0.0502278090294867,1.3233589876810405,0.1369641838921867,0.0074267229722309105,0.732201427504714,0.3405104971385245,-0.00608623326661159,0.04479170039143768,3.0444734762559333,2.542502936675916,2.452006098630397,0.09049683804551928,1.4641918213080662,0.5924673776255361,0.8717244436825301,0.056717117803397596,0.036370404871814,0.0492816899418035,1.331439875737076,0.13327104389311356,0.007503590883753396
2199,0.7223858630124221,0.3379938930079531,-0.0022057789522612198,0.04419124181999927,2.9739873557738608,2.4837513775720335,2.389483291208031,0.09426808636400283,1.4445604449603573,0.58450406456583,0.8600563803945273,0.05776742846612846,0.03726017918943686,0.05022628568720883,1.3233718051809875,0.13696425770288576,0.007426778496251147,0.7322103444462342,0.34051145127633475,-0.006086078234893592,0.04479224573303316,3.0444475819969266,2.542572661549381,2.452082525543959,0.09049013600542216,1.4642129246782025,0.5923650564529676,0.871847868225235,0.056715505565743556,0.03636903905909841,0.049280229143551596,1.3314523596973944,0.13327110950317425,0.007503644902125649
2200,0.7223947864238056,0.3379948448422449,-0.002205616635325966,0.04419178756449629,2.973962691434355,2.4838205722107225,2.389559131495129,0.09426144071559343,1.444581573066806,0.5844035599392258,0.8601780131275801,0.05776577237224,0.03725877622376031,0.05022478577001938,1.3233844256865621,0.13696433054730517,0.007426833113666674,0.7322191193565265,0.34051238840668424,-0.0060859258105636915,0.04479278238593111,3.044422173692348,2.5426412987300075,2.4521577625399935,0.09048353619001415,1.4642337010996294,0.5922644111523546,0.8719692899472747,0.05671391814265176,0.03636769426812523,0.04927879080474892,1.3314646518124387,0.13327117425784787,0.0075036980380030335
2201,0.7224035674166079,0.3379957798109727,-0.0022054570902732967,0.04419232459666511,2.973938487713279,2.483888683440264,2.389633786468922,0.09425489697134193,1.4446023730448865,0.5843047012443572,0.8602976718005293,0.05776414189983384,0.037257394963411274,0.05022330903312356,1.3233968512484438,0.13696440242489666,0.0074268868391923724,0.7322277542113791,0.3405133089421059,-0.006085776014955913,0.04479331047100561,3.0443972375427664,2.542708861182625,2.4522318235719753,0.09047703761064961,1.4642541548609718,0.5921654139707908,0.872088740890181,0.05671235527620008,0.036366370280394814,0.04927737469231387,1.3314767540655241,0.1332712381562104,0.0075037503057497484
2202,0.7224122080047007,0.3379966983168265,-0.00220530032435369,0.04419285303970706,2.9739147317220986,2.483955724588418,2.3897072704969227,0.09424845409149522,1.4446228492237196,0.5842074612251759,0.8604153879985438,0.05776253676933635,0.03725603517154799,0.05022185522416131,1.3234090839828672,0.13696447333646208,0.007426939687360342,0.7322362509882607,0.34051421327899173,-0.006085628856481368,0.04479383010923213,3.0443727604697806,2.5427753620846176,2.452304722847233,0.09047063923738477,1.4642742902171502,0.5920680376225476,0.8722062525946026,0.05671081669999338,0.0363650668702296,0.04927598056566203,1.3314886685059877,0.13327130119858696,0.007503801719547933
2203,0.7224207102009411,0.3379976007444666,-0.0022051463329856164,0.044193373016760074,2.973891411283447,2.4840217091905346,2.38977959819705,0.09424211099348455,1.444643005902288,0.5841118130863971,0.8605311928158907,0.05776095669223115,0.03725469660375281,0.050220424082823935,1.323421126074654,0.13696454328343524,0.007426991672488798,0.7322446116642028,0.34051510179586675,-0.0060854843317368,0.04479434142155811,3.044348730113376,2.5428408148275645,2.4523764748306593,0.09046433999690504,1.4642941113930872,0.5919722552827164,0.8723218561103708,0.05670930213878847,0.03636378380445639,0.0492746081763433,1.3315003972520887,0.13327136338587597,0.007503852293367325
2204,0.7224290760126965,0.3379984874602606,-0.002204995101896992,0.044193884650625334,2.9738685148834216,2.484086650952287,2.3898507843965087,0.09423586655577851,1.444662847352247,0.5840177304869131,0.8606451168653338,0.05775940137199832,0.037253379008827844,0.05021901534165972,1.3234329797700504,0.1369646122675218,0.007427042808657138,0.7322528382113058,0.3405159748531462,-0.00608534242764644,0.044794844528628336,3.044325134783399,2.5429052329792206,2.4524470942027374,0.09045813877648295,1.464313622586619,0.5918780405806614,0.8724355820059575,0.056707811309425024,0.03636252084319491,0.049273257268840784,1.331511942483802,0.1332714247192008,0.007503902040940804
2205,0.7224373074385687,0.3379993588133111,-0.0022048466084986715,0.0441943880635671,2.973846031617007,2.484150563707807,2.3899208440841466,0.09422971962366036,1.4446823778195614,0.5839251875328599,0.8607571902867015,0.057757870505428854,0.03725208212990854,0.05021762872722885,1.3234446473667116,0.1369646802911084,0.0074270931097017625,0.7322609325934436,0.34051683279416267,-0.006085203122853884,0.04479533955058365,3.044301963404272,2.5429686302409795,2.4525165958111494,0.09045203442982985,1.4643328279702184,0.5917853675931223,0.8725474603770961,0.05670634392211734,0.03636127774095219,0.04927192758170612,1.3315233064328131,0.13327148520030416,0.007503950975760591
2206,0.7224454064668812,0.33800021513678546,-0.0022047008229382006,0.04419488337722026,2.97382395114664,2.4842134613901274,2.389989792376159,0.09422366901396881,1.4447016015253187,0.5838341587704813,0.8608674427548374,0.05775636378366969,0.03725080570534895,0.050216263961030405,1.3234561312057322,0.13696474735741035,0.007427142589224013,0.7322688967647679,0.3405176759464947,-0.006085066388775748,0.04479582660696958,3.0442792054733494,2.5430310204181015,2.452584994636242,0.0904460257818594,1.4643517316918848,0.5916942108371074,0.8726575208547774,0.05670489968147476,0.03636005424748704,0.04927061884846486,1.3315344913746114,0.1332715448316946,0.007503999111086615
2207,0.7224533750736525,0.3380010567489712,-0.0022045577095450575,0.04419537071246661,2.9738022636595303,2.4842753580002594,2.3900576444805695,0.0942177135196899,1.444720522666163,0.5837446191789607,0.8609759034872023,0.05775488089325197,0.03724954946959285,0.050214920760412146,1.3234674336638035,0.1369648134702431,0.007427191260592406,0.732276732667695,0.3405185046230254,-0.006084932191030817,0.04479630581661331,3.044256851017921,2.543092417388483,2.4526523057551657,0.09044011163331721,1.4643703378756499,0.5916045452627552,0.8727657926128947,0.056703478287507963,0.036358850108662445,0.049269330798507024,1.3315454996206957,0.13327160361643078,0.007504046459949242
2208,0.7224612152237787,0.3380018839548238,-0.0022044172266670325,0.04419585018950724,2.973780959850026,2.4843362675993563,2.390124415686833,0.09421185191252335,1.444739145414277,0.5836565441631932,0.8610826012510838,0.05775342151660053,0.03724831315360534,0.050213598839036394,1.32347855714933,0.13696487863444817,0.007427239136966288,0.732284442234095,0.34051931912348604,-0.0060848004892892354,0.04479677729769668,3.044234890577537,2.5431528350947543,2.4527185443314052,0.0904342907633493,1.464388650621624,0.5915163462461317,0.8728723043754922,0.05670207943612747,0.03635766506686795,0.049268063157543104,1.331556333514708,0.13327166155853634,0.007504093035173063
2209,0.722468928869898,0.3380026970472165,-0.002204279327910938,0.04419632192779317,2.973760030883235,2.4843962042835153,2.390190121336464,0.09420608294705118,1.444757473917605,0.5835699095467712,0.8611875643708338,0.0577519853329472,0.037247096485646544,0.0502122979076931,1.3234895040954586,0.1369649428556181,0.007427286231304663,0.7322920273841553,0.3405201197357049,-0.006084671238498443,0.04479724116768653,3.044213315167256,2.543212287518725,2.452783725585015,0.09042856193371018,1.4644066740062802,0.591429589582241,0.8729770844240392,0.056700702820040125,0.03635649886177911,0.04926681564840221,1.3315669954254852,0.13327171866274237,0.007504138849386086
2210,0.7224765179495355,0.3380034963082638,-0.002204143963571159,0.04419678604585081,2.9737394683403253,2.4844551821421526,2.39025477677534,0.09420040536681237,1.444775512299824,0.5834846915649853,0.8612908207348388,0.0577505720196958,0.037245899192428,0.05021101767550842,1.32350027694967,0.13696500614023122,0.007427332556367511,0.7322994900234824,0.3405209067369212,-0.006084544390323382,0.0447976975431577,3.0441921162221166,2.543270788638981,2.4528478647440677,0.09042292389491305,1.464424412082483,0.5913442514780487,0.8730801606044343,0.05669934813009163,0.03635535123149476,0.049265587992220916,1.3315774877366562,0.13327177493461845,0.007504183915021176
2211,0.7224839843834708,0.338004282010661,-0.0022040110814286473,0.044197242661182135,2.9737192641757577,2.4845132152272345,2.390318397318045,0.09419481790918952,1.4447932646597488,0.5834008668577129,0.8613923978020359,0.05774918125350087,0.03724472100002649,0.05020975785090587,1.3235108781655476,0.13696506849592696,0.007427378124723255,0.7323068320414452,0.34052168039511627,-0.006084419893957312,0.044798146539691615,3.0441712855538223,2.543328352399601,2.452910977008437,0.09041737539116405,1.464441868878931,0.5912603085453855,0.8731815603335454,0.05669801505632554,0.036354221913434265,0.049264379909387125,1.3315878128384315,0.13327183038083817,0.007504228244323711
2212,0.7224913300743188,0.3380050544185785,-0.002203880627737173,0.04419769189017794,2.9736994106830568,2.484570317529748,2.390380998220746,0.09418931930900214,1.444810735070468,0.5833184124623109,0.8614923226081571,0.05774781271106666,0.03724356163456087,0.05020851814231819,1.3235213101966816,0.13696512993129675,0.007427422948752138,0.7323140553097298,0.3405224409698977,-0.006084297697102531,0.04479858827178803,3.04415081531606,2.543384992686199,2.452973077522206,0.09041191516399288,1.464459048399327,0.5911777377938542,0.8732813106054728,0.05669670328876845,0.03635311064500254,0.049263191120239615,1.331597973121517,0.13327188500898005,0.007504271849355044
2213,0.7224985569052105,0.33800581378825967,-0.0022037525480132075,0.04419813384803716,2.973679900465882,2.4846265029606225,2.3904425946593406,0.09418390830128204,1.4448279275782852,0.5832373058065413,0.8615906217717438,0.05774646606976964,0.037242420822719516,0.05020729825874197,1.3235315754919128,0.13696519045568178,0.007427467040646696,0.7323211616810006,0.3405231887130936,-0.006084177746755778,0.0447990228527831,3.044130697975189,2.5434407233064893,2.453034181351426,0.09040654195506308,1.4644759546213402,0.5910965166237631,0.8733794379975771,0.056695412518042027,0.036352017164108685,0.0492620213456134,1.331607970972363,0.13327193882733362,0.0075043147419929825
2214,0.72250566673864,0.33800656036849114,-0.002203626787651819,0.044198568648696354,2.973660726412629,2.484681785334662,2.3905032017110885,0.09417858362357326,1.4448448462014982,0.5831575247015404,0.8616873214999579,0.05774514100817559,0.03724129829219833,0.05020609791019898,1.3235416764913834,0.13696525007901073,0.007427510412411546,0.732328152987726,0.34052392386921565,-0.00608405998982077,0.04479945039477752,3.0441109262845165,2.5434955579739116,2.453094303465413,0.09040125450849852,1.4644925914954066,0.5910166228191034,0.8734759686763032,0.056694142435871626,0.036350941209596754,0.049260870307293494,1.331617808769217,0.1332719918447447,0.007504356933931658
2215,0.7225126614154276,0.33800729440101146,-0.0022035032924463197,0.044198996404766225,2.973641881673159,2.484736178356272,2.390562834338306,0.09417334401796582,1.4448614949290763,0.5830790473348529,0.8617824475942234,0.05774383720649712,0.03724019377208827,0.05020491680814501,1.323551615623039,0.13696530881165697,0.007427553075863064,0.7323350310411201,0.34052464667586163,-0.006083944373625957,0.04479987100857186,3.044091493260723,2.5435495102930776,2.453153458720136,0.09039605157294173,1.4645089629434112,0.5909380345405866,0.8735709284028246,0.056692892735536085,0.03634988252162687,0.04925973772841701,1.331627488878631,0.1332720440704777,0.007504398436681147
2216,0.7225195427537628,0.3380080161208767,-0.0022033820090297807,0.044199417227473226,2.9736233596370183,2.4847896956064233,2.3906215073734787,0.09416818823294479,1.4448778777192544,0.5830018522635397,0.8618760254557146,0.05774255434700985,0.03723910699322809,0.0502037546658426,1.323561395299448,0.13696536666431494,0.007427595042628942,0.7323417976301685,0.340525357364075,-0.006083830846363464,0.04480028480360701,3.044072392161823,2.5436025937464906,2.4532116618430675,0.09039093190342315,1.4645250728572943,0.5908607303187553,0.873664342538539,0.05669166311227648,0.03634884084202142,0.04925862333383904,1.3316370136522875,0.1332720955140975,0.007504439261567011
2217,0.722526312548493,0.3380087257568075,-0.002203262885184104,0.044199831226615915,2.973605153914474,2.4848423505320527,2.390679235507105,0.09416311502494795,1.4448939984980815,0.582925918407369,0.8619680800907126,0.05774129211439975,0.037238037688498364,0.050202611198673266,1.3235710179151443,0.1369654236479109,0.007427636324148722,0.7323484545209037,0.34052605615868475,-0.006083719357393817,0.04480069188791971,3.0440536164680125,2.543654821683768,2.4532689274208375,0.09038589426293092,1.4645409250975985,0.5907846890471753,0.8737562360504232,0.05669045326363662,0.036347815914553605,0.04925752685043898,1.331646385424353,0.1332721461853837,0.007504479419730872
2218,0.7225329725704535,0.338009423531469,-0.002203145870129125,0.04420023851052401,2.9735872583190197,2.4848941564366305,2.3907360332769096,0.09415812315972077,1.444909861157972,0.5828512250421103,0.8620586361158618,0.05774005019606667,0.03723698559307882,0.05020148612441094,1.3235804858443028,0.13696547977349044,0.007427676931673794,0.7323550034557179,0.34052674327857885,-0.006083609857535241,0.04480109236810068,3.0440351598639976,2.5437062073120456,2.453325269888269,0.09038093742377662,1.4645565234920193,0.5907098899757287,0.8738466335162905,0.056689262889760415,0.036346807485199334,0.04925644800738831,1.3316556065091638,0.13327219609422236,0.007504518922130282
2219,0.7225395245661549,0.3380101096617516,-0.002203030914628354,0.04420063918603932,2.973569666853581,2.4849451264739604,2.3907919150606483,0.09415321141331223,1.4449254695562657,0.582777751792933,0.8621477177633327,0.05773882828234171,0.037235950444632356,0.05020037916342003,1.323589801439075,0.13696553505216738,0.00742771687626911,0.7323614461530475,0.34052741893697924,-0.006083502299161436,0.044801486349275194,3.0440170162251317,2.5437567636897134,2.453380703521121,0.09037606016859256,1.4645718718339609,0.5906363127040106,0.8739355591299502,0.056688091693603844,0.03634581530231669,0.0492553865363438,1.3316646791995792,0.13327224525055797,0.007504557779540495
2220,0.7225459702575139,0.3380107843590063,-0.002202917971104848,0.04420103335849916,2.973552373697915,2.4849952736429,2.3908468950699797,0.0941483785729201,1.44494082751387,0.5827054786279352,0.8622353488859348,0.057737626066671606,0.03723493198346134,0.050199290038824035,1.3235989670281718,0.1369655894950375,0.0074277561688146174,0.7323677843070955,0.34052808334167245,-0.006083396636316518,0.04480187393508613,3.043999179604752,2.5438065037210738,2.4534352424298955,0.09037126129117803,1.4645869738811743,0.5905639371748566,0.8740230367063178,0.05668693938111451,0.03634483911679818,0.0492543421716118,1.3316736057655765,0.13327229366431087,0.007504596002555835
2221,0.7225523113417056,0.3380114478292807,-0.002202806993675928,0.04420142113172742,2.973535373197382,2.485044610783192,2.3909009873455798,0.0941436234376121,1.4449559388139859,0.5826343858518024,0.8623215529621835,0.05773644324577341,0.03723392995263855,0.05019821847664774,1.3236079849156754,0.13696564311314308,0.007427794820007277,0.7323740195876823,0.34052873669523964,-0.006083292824740336,0.04480225522768491,3.0439816442229297,2.5438554401521487,2.453488900554932,0.0903665395972168,1.4646018333544757,0.5904927436679979,0.8741090896864778,0.05668580566138172,0.03634387868219782,0.049253314650286276,1.3316823884530842,0.13327234134534457,0.007504633601591705
2222,0.7225585494911189,0.33801210027354606,-0.0022026979381482154,0.044201802608031734,2.9735186598529677,2.4850931505722946,2.390954205753368,0.09413894481892664,1.4449708072009286,0.5825644540995999,0.8624063531013287,0.05773527951976102,0.03723294409811444,0.05019716420593466,1.3236168573800677,0.13696569591744498,0.007427832840363496,0.7323801536401985,0.3405293791952809,-0.006083190821867729,0.04480263032772845,3.0439644044564718,2.543903585567495,2.4535416916626183,0.09036189390487713,1.4646164539365645,0.5904227127938537,0.8741937411427108,0.056684690246759435,0.03634293375483525,0.04925230371236297,1.3316910294830193,0.13327238830344013,0.007504670586887031
2223,0.7225646863533876,0.3380127418879169,-0.0022025907619940693,0.04420217788820546,2.9735022283123715,2.4851409055230422,2.3910065639816684,0.09413434154137384,1.4449854363790595,0.5824956643307032,0.8624897720483563,0.05773413459224798,0.037231974168804194,0.050196126958843276,1.3236255866734337,0.13696574791880334,0.00742787024022183,0.7323861880856339,0.3405300110346286,-0.006083090586794099,0.04480299933438109,3.043947454830023,2.5439509523878696,2.4535936293425653,0.09035732304530453,1.4646308392709477,0.5903538254874579,0.8742770137834899,0.056683592852965314,0.03634200409387971,0.049251309100832176,1.3316995310505104,0.1332724345482784,0.0075047069685068805
2224,0.7225707235514373,0.3380133728638495,-0.0022024854243232472,0.04420254707153046,2.97348607336163,2.4851878879816405,2.3910580755387647,0.09412981244287556,1.4449998300118312,0.5824279978228654,0.8625718321889658,0.05773300817043774,0.037231019916664214,0.05019510647073154,1.3236341750207694,0.13696579912795875,0.007427907029745525,0.7323921245206226,0.3405306324015431,-0.006082992080248005,0.0448033623453172,3.0439307900076766,2.543997552868213,2.4536447270051527,0.09035282586306057,1.4646449929609797,0.5902860630025241,0.8743589299584557,0.056682513199168186,0.0363410894614241,0.04925033056176084,1.3317078953242134,0.13327248008942327,0.007504742756345046
2225,0.7225766626836992,0.33801399338834665,-0.002202381885786163,0.04420291025579028,2.9734701899185128,2.4852341101271436,2.3911087537520963,0.09412535637504717,1.4450139917209357,0.5823614361664163,0.8626525555545194,0.05773189996517527,0.0372300810967358,0.05019410248020762,1.3236426246195745,0.1369658495555394,0.007427943218925941,0.7323979645176589,0.34053124347991354,-0.0060828952644898585,0.0448037194567345,3.043914404786417,2.544043399097169,2.453694997880773,0.09034840121639581,1.4646589185690062,0.5902194069056437,0.8744395116633625,0.05668145100803708,0.036340189622526525,0.049249367844340725,1.3317161244459235,0.1332725249363302,0.0075047779601274175
2226,0.7225825053242887,0.3380146036441356,-0.0022022801085213733,0.044203267537280905,2.9734545730260447,2.4852795839708968,2.3911586117674415,0.0941209722034555,1.4450279250855822,0.5822959612586031,0.8627319638269791,0.0577308096909947,0.03722915746718555,0.050193114729176244,1.323650937639484,0.13696589921204086,0.007427978817585527,0.7324037096252733,0.34053184444943274,-0.00608280010325913,0.044804070763364734,3.0438982940896673,2.5440885029965443,2.453744455019043,0.09034404797750151,1.4646726196156374,0.5901538390706244,0.8745187805450131,0.056680406005786756,0.036339304345248874,0.049248420700932966,1.331724220530213,0.13327256909832708,0.007504812589414928
2227,0.722588253023308,0.3380152038098532,-0.0022021800560371105,0.04420361901082946,2.9734392178473477,2.485324321357051,2.3912076625492875,0.09411665880776356,1.4450416336418817,0.5822315552980603,0.8628100783438214,0.05772973706613986,0.03722824878932276,0.05019214296286126,1.3236591162221032,0.13696594810784554,0.007428013835381423,0.7324093613683407,0.3405324354857788,-0.006082706561650303,0.04480441635849259,3.0438824529621957,2.5441328763218825,2.4537931112892375,0.090339765032645,1.4646860995791282,0.5900893416729581,0.8745967579061701,0.05667937792219598,0.036338433400672276,0.04924748888708845,1.3317321856642819,0.1332726125846343,0.007504846653607157
2228,0.7225939073074404,0.338015794060263,-0.0022020816930018866,0.04420396476983039,2.9734241196630444,2.4853683339652934,2.391255918883628,0.09411241508166529,1.4450551208823554,0.5821682007794164,0.862886920102939,0.05772868181253193,0.03722735482757197,0.05019118692978204,1.323667162481244,0.13696599625326272,0.007428048281810925,0.732414921248696,0.3405330167608326,-0.006082614605893974,0.044804756333993286,3.0438668765677575,2.544176530665411,2.4538409793833305,0.09033555128208044,1.4646993618948836,0.590025897184427,0.8746734647104566,0.05667836649057176,0.03633757656286686,0.04924657216152119,1.3317400219082307,0.13327265540440777,0.007504880161947884
2229,0.7225994696799158,0.3380163745663678,-0.002201984985328684,0.044204304906243434,2.973409273864026,2.4854116333091705,2.391303393375975,0.09410823993319518,1.445068390255608,0.5821058804880509,0.8629625097675572,0.05772764365583431,0.03722647534952801,0.05019024638181274,1.3236750785024252,0.1369660436584615,0.007428082166212605,0.7324203907450753,0.3405335884427849,-0.0060825242034529825,0.044805090780329015,3.0438515601816762,2.5442194774541873,2.4538880718138154,0.09033140564037177,1.4647124099551345,0.5899634883678608,0.8747489215872737,0.05667737144781568,0.036336733608947874,0.04924567028616873,1.3317477312945338,0.13327269756666937,0.007504913123526061
2230,0.7226049416207961,0.33801694549558225,-0.0022018899000373557,0.04420463951061107,2.973394675946669,2.4854542307365852,2.3913500984517233,0.09410413228486213,1.44508144516603,0.5820445774949456,0.8630368676710845,0.05772662232547125,0.037225610125971684,0.05018932107420186,1.3236828663427214,0.13696609033355145,0.007428115497769733,0.7324257713134016,0.3405341506963076,-0.006082435322878152,0.044805419786566346,3.0438364991860616,2.5442617279505995,2.453934400914074,0.09032732703652507,1.4647252471086363,0.5899020982719875,0.8748231488366488,0.05667639253444223,0.03633590431909129,0.0492447830262114,1.331755315827895,0.13327273908039097,0.007504945547279227
2231,0.7226103245872316,0.3380175070118678,-0.0022017964052270453,0.04420496867207416,2.9733803215084063,2.4854961374304745,2.3913960463567525,0.09410009107372193,1.445094288973586,0.5819842751516537,0.8631100138219323,0.05772561755463435,0.037224758930875325,0.050188410765580546,1.323690528030705,0.13696613628855311,0.007428148285513123,0.7324310643870352,0.34053470368268485,-0.006082347933783552,0.04480574344039162,3.04382168906538,2.544303293253038,2.4539799788389804,0.0903233144140575,1.464737876660453,0.5898417102263999,0.8748961664340532,0.05667542949458515,0.036335088476539094,0.04924391015008032,1.3317627774851877,0.13327277995446368,0.0075049774419962455
2232,0.7226156200137318,0.3380180592758584,-0.0022017044700234772,0.044205292478388516,2.9733662062436856,2.4855373644097223,2.3914412491583086,0.09409611525141351,1.4451069249936739,0.5819249570853768,0.863181967908297,0.05772462908028099,0.03722392154140147,0.05018751521796337,1.323698065566452,0.13696618153339676,0.007428180538323891,0.7324362713770414,0.34053524755993597,-0.006082262006790032,0.04480606182812728,3.0438071254024197,2.5443441842968166,2.454024817565787,0.09031936673102943,1.4647503018718147,0.5897823078366324,0.8749679940351822,0.05667448207599559,0.036334285867597814,0.049243051429458055,1.3317701182154646,0.13327282019769696,0.0075050088163200745
2233,0.722620829312447,0.3380186024449777,-0.002201614064521032,0.04420561101594213,2.973352325940274,2.485577922530287,2.3914857187461247,0.09409220378416207,1.4451193564970528,0.5818666071941495,0.8632527493029033,0.057723656643125704,0.03722309773789553,0.05018663419674274,1.323705480921601,0.13696622607792105,0.007428212264936241,0.7324413936724693,0.340535782482931,-0.006082177513473508,0.04480637503474892,3.0437928038745974,2.544384411855299,2.454068928895253,0.09031548296004603,1.4647625259600416,0.5897238749793444,0.8750386509806972,0.05667355003003375,0.03633349628163138,0.049242206639273006,1.3317773399400148,0.13327285981881778,0.007505039678750469
2234,0.7226259538734572,0.338019136673549,-0.0022015251597330004,0.04420592436977285,2.9733386764758456,2.4856178224864753,2.3915294668337177,0.09408835565275772,1.4451315867098369,0.5818092096421278,0.8633223770677091,0.05772269998762589,0.037222287303873725,0.05018576747067796,1.3237127760394545,0.13696626993187322,0.007428243473940141,0.7324464326406359,0.3405363086034972,-0.006082094426309713,0.04480668314390264,3.043778720250542,2.5444239865411697,2.4541123244529373,0.09031166208823264,1.4647745520985311,0.5896663957976048,0.8751081563009263,0.056672633111654984,0.036332719511049376,0.04924137555768886,1.3317844445524636,0.1332728988264711,0.007505070037646605
2235,0.7226309950650667,0.3380196621128978,-0.002201437727538655,0.04420623262358642,2.9733252538148207,2.485657074812355,2.3915725049598437,0.0940845698525116,1.4451436188135447,0.581752748854977,0.8633908699585677,0.057721758861962826,0.03722149002600694,0.05018491481187996,1.3237199528351171,0.13696631310490934,0.00742827417378396,0.7324513896274185,0.34053682607051994,-0.0060820127186221595,0.044806986237922966,3.043764870386954,2.5444629188078602,2.4541550156906737,0.09030790311718662,1.4647863834168051,0.5896098546962804,0.8751765287205248,0.05667173107939118,0.03633195535129123,0.049240557966089546,1.3317914339189136,0.13327293722922007,0.007505099901229691
2236,0.7226359542341034,0.3380201789114489,-0.0022013517406349603,0.04420653585977473,2.9733120540054445,2.4856956898832796,2.3916148444900878,0.09408084539319195,1.4451554559452036,0.5816972095153569,0.8634582464298467,0.05772083301801843,0.037220705694101075,0.050184075995792,1.3237270131956649,0.13696635560659517,0.007428304372777101,0.7324562659575496,0.3405373350300372,-0.006081932364535671,0.04480728439785088,3.043751250225675,2.544501218951069,2.454197013888157,0.09030420506291237,1.4647980230006086,0.589554236337518,0.8752437866630906,0.05667084369532813,0.03633120360080712,0.049239753649060525,1.3317983098781103,0.13327297503554753,0.007505129277585512
2237,0.7226408327062235,0.33802068721481876,-0.002201267172487177,0.04420683415943448,2.9732990731770648,2.485733677917509,2.3916564966185634,0.09407718129894556,1.4451671011975036,0.5816425765585014,0.8635245246390022,0.05771992221134862,0.03721993410107448,0.05018325080116729,1.323733958980345,0.1369663974464081,0.0074283340790925415,0.7324610629349181,0.3405378356253303,-0.0060818533389244145,0.04480757770345223,3.043737855790972,2.5445388971103893,2.4542383301546495,0.09030056695573972,1.4648094738920578,0.5894995256363222,0.8753099482557356,0.05666997072507969,0.036330464061036016,0.04923896239436695,1.3318050742416392,0.13327301225385751,0.007505158174666955
2238,0.7226456317862188,0.3380211871659038,-0.0022011839972838065,0.04420712760238599,2.9732863075376033,2.485771048977919,2.3916974723697138,0.09407357660820484,1.445178557618998,0.5815888351678897,0.8635897224511082,0.057719026201153684,0.037219175042932845,0.05018243901004367,1.3237407920207926,0.13696643863373917,0.007428363300769385,0.7324657818428735,0.34053832799701,-0.006081775617369431,0.04480786623323633,3.043724683187019,2.544575963271023,2.454278975430795,0.09029698784022758,1.4648207390898358,0.5894457077562241,0.8753750313336117,0.05666911193775896,0.03632973653638126,0.049238183992929105,1.3318117287941416,0.13327304889247757,0.007505186600296483
2239,0.7226503527583289,0.33802167890496493,-0.0022011021898921818,0.044207416267192254,2.9732737533712137,2.48580781297379,2.391737782600209,0.09407003037358104,1.4451898282143416,0.5815359707710046,0.863653857443337,0.057718144750245615,0.037218428318741545,0.05018164040771554,1.3237475141212758,0.1369664791778956,0.007428392045715387,0.7324704239445339,0.3405388122830984,-0.0060816991761115935,0.04480815006447482,3.0437117285955515,2.5446124272655686,2.4543189604905136,0.09029346677505506,1.464831821549427,0.5893927681050379,0.875439053444389,0.0566682671059465,0.036329020834183705,0.04923741823879507,1.3318182752935552,0.13327308495966178,0.007505214562168617
2240,0.7226549968865585,0.3380221625697103,-0.0022010217258153636,0.04420770023117841,2.973261407036095,2.4858439796626657,2.3917774380009167,0.09406654166174916,1.4452009159445736,0.5814839690351785,0.863716946909395,0.05771727762501372,0.03721769373059646,0.05018085478270409,1.3237541270589501,0.13696651908810556,0.007428420321709452,0.7324749904831013,0.3405392886191121,-0.006081623992008678,0.044808429273220915,3.0436989882736816,2.5446482987758827,2.454358295942977,0.09029000283290607,1.4648427241833908,0.5893406923307047,0.875502031852686,0.05666743600565717,0.03632831676469355,0.04923666492911199,1.3318247154713654,0.1332731204635947,0.007505242067852408
2241,0.7226595654149942,0.3380226382953735,-0.0022009425811487376,0.044207979570451035,2.973249264962459,2.4858795586522584,2.391816449098937,0.0940631095533212,1.445211823727428,0.5814328158635222,0.8637790078639058,0.05771642459538747,0.037216971083592544,0.05018008192672498,1.323760632584139,0.13696655837352148,0.007428448136404131,0.7324794826821734,0.34053975713813633,-0.006081550042496053,0.04480870393432855,3.0436864585518792,2.5446835873349976,2.4543969922346602,0.09028659510033728,1.4648534498616717,0.589289466317219,0.8755639835444526,0.05666661841630382,0.036327624141039634,0.04923592386409448,1.3318310510328832,0.13327315541239546,0.007505269124793848
2242,0.7226640595681247,0.3380231062147883,-0.002200864732542246,0.044208254359917806,2.9732373236506637,2.4859145594024357,2.391854826259728,0.09405973314270755,1.445222554437684,0.5813824973909355,0.8638400570467485,0.05771558543479739,0.037216260185790676,0.050179321634654134,1.3237670324206234,0.1369665970432252,0.00742847549732804,0.7324839017460625,0.34054021797090067,-0.006081477305543731,0.04480897412147174,3.0436741358320907,2.544718302329095,2.4544350596514537,0.09028324267764135,1.4648640014119392,0.589239076180637,0.8756249252313022,0.05666581412065963,0.03632694277919749,0.049235194846991695,1.3318372836575294,0.13327318981412242,0.007505295740318274
2243,0.7226684805511692,0.3380235664584669,-0.0022007881571581497,0.04420852467330756,2.973225579669453,2.485948991227236,2.391892579689257,0.09405641153797893,1.4452331109075403,0.5813329999801964,0.8639001109273439,0.05771475992013497,0.03721556084818371,0.05017857370449265,1.323773328265945,0.1369666351062347,0.0074285024118884,0.7324882488601181,0.3405406712458535,-0.006081405759617721,0.04480923990716447,3.0436620165859956,2.544752452999536,2.4544725083208325,0.09027994467870355,1.4648743816199576,0.5891895082651628,0.8756848733547948,0.05666502290481927,0.03632627249795649,0.0492344776840533,1.331843414999132,0.13327322367677996,0.007505321921632832
2244,0.7226728295504123,0.3380240191546767,-0.0022007128326310132,0.044208790583190695,2.9732140296543634,2.485982863296954,2.3919297194362352,0.09405314386071864,1.4452434959270202,0.5812843102181284,0.8639591857088917,0.057713947831711354,0.037214872884661486,0.050177837937330466,1.3237795217917134,0.13696667257151218,0.0074285288873735585,0.7324925251910601,0.34054111708923895,-0.006081335383638024,0.044809501362780974,3.043650097353402,2.5447860484449425,2.454509348214088,0.09027670023085449,1.4648845932299857,0.5891407491393141,0.8757438440906715,0.056664244558158744,0.03632561311888578,0.04923377218449418,1.3318494466862316,0.1332732570083262,0.007505347675828983
2245,0.7226771077335362,0.3380244644295132,-0.0022006387370275687,0.04420905216099963,2.9732026703062364,2.48601618464026,2.3919662553943937,0.09404992924586662,1.4452537122444005,0.5812364149118427,0.8640172973325577,0.057713148953213785,0.037214196111973866,0.050177114137308056,1.3237856146439355,0.13696670944797248,0.0074285549309554815,0.7324967318873068,0.3405415556251677,-0.006081266156940976,0.04480975855857584,3.0436383747407705,2.5448190976233205,2.454545589148609,0.0902735084747116,1.464894638945199,0.5890927855921616,0.8758018533530373,0.05666347887329337,0.036324964466298716,0.049233078160457404,1.3318553803224027,0.13327328981668143,0.007505373009884906
2246,0.7226813162499707,0.3380249024069797,-0.002200565848805021,0.04420930947705011,2.973191498389879,2.4860489641463883,2.392002197304824,0.09404676684156422,1.4452637625666676,0.5811893010850547,0.8640744614816128,0.05771236307166194,0.03721353034969388,0.05017640211157798,1.3237916084433423,0.13696674574449513,0.007428580549692393,0.7325008700793213,0.3405419869756954,-0.006081198059237972,0.04481001156370515,3.043626845419867,2.544851609354246,2.4545812407902234,0.09027036856402251,1.4649045214281406,0.5890456046296435,0.8758589167984971,0.056662725646035486,0.03632432636721701,0.049232395426977,1.3318612174865767,0.13327332210973925,0.007505397930668125
2247,0.7226854562312499,0.33802533320906897,-0.0022004941467674705,0.04420956260056304,2.973180510732856,2.4860812105673777,2.3920375547583834,0.09404365580899443,1.445273649559995,0.581142955974473,0.864130693585522,0.05771158997736303,0.03721287542017951,0.05017570167026517,1.3237975047857262,0.13696678146993746,0.00742860575053147,0.7325049408799661,0.34054241126090373,-0.006081131070569165,0.04481026044624814,3.043615506126555,2.5448835923211086,2.454616312655604,0.09026727966550446,1.4649142433011908,0.5889991934709506,0.8759150498302402,0.056661984675351176,0.03632369865133407,0.049231723801939756,1.3318669597333739,0.13327335389537995,0.007505422444938138
2248,0.7226895287913732,0.3380257569558406,-0.002200423610022713,0.044209811599686524,2.973169704224428,2.486112932520379,2.392072337198169,0.09404059532220976,1.4452833758502452,0.581097367026259,0.8641860088239862,0.057710829463864605,0.03721223114853388,0.05017501262642541,1.323803305242299,0.13696681663314986,0.007428630540311515,0.7325089453848569,0.3405428285989749,-0.006081065171266206,0.044810505273228975,3.0436043536597377,2.5449150550734205,2.4546508141147516,0.09026424095866895,1.464923807147065,0.5889535395449863,0.8759702676020786,0.056661255763314336,0.03632308115097613,0.04923106310604461,1.3318726085934522,0.13327338518148413,0.007505446559349029
2249,0.7226935350271784,0.3380261737655035,-0.0022003542179333396,0.04421005654151876,2.9731590758146367,2.4861441384900367,2.392106553922078,0.0940375845679588,1.4452929440234952,0.5810525218925588,0.8642404221309363,0.05771008132790614,0.03721159736256411,0.050174334796002376,1.323809011360054,0.13696685124299238,0.007428654925765742,0.7325128846727352,0.34054323910627404,-0.006081000341899873,0.04481074611063934,3.0435933848804386,2.544946006029195,2.4546847543935466,0.09026125163564824,1.4649332155093298,0.588908630486892,0.8760245850224377,0.05666053871506015,0.036322473701062785,0.04923041316276155,1.3318781655738672,0.1332734159759497,0.007505470280452214
2250,0.7226974760187388,0.33802658375450756,-0.0022002859500671046,0.04421029749213224,2.9731486225135577,2.4861748368309673,2.392140214085457,0.09403462274551062,1.445302356626581,0.5810084084281009,0.8642939481984802,0.057709345369370224,0.03721097389274006,0.050173667997784686,1.323814624662134,0.13696688530835707,0.007428678913524795,0.7325167598058607,0.3405436428974392,-0.006080936563233781,0.04481098302346253,3.043582596711049,2.544976453477422,2.4547181425764033,0.09025831090101866,1.464942470892944,0.5888644541346454,0.8760780167582986,0.05665983333873799,0.03632187613906709,0.04922977379828994,1.3318836321584309,0.13327344628671262,0.007505493614699417
2251,0.7227013528297994,0.33802698703765505,-0.002200218786132156,0.04421053451660038,2.973138341390724,2.486205035770349,2.392173326703859,0.09403170906648953,1.4453116161676705,0.5809650146868648,0.8643466014808057,0.057708621391234144,0.037210360572153246,0.05017301205336325,1.3238201466481976,0.13696691883819817,0.0074287025101201585,0.7325205718304401,0.34054404008549005,-0.006080873816161014,0.04481121607569964,3.0435719861347503,2.545006405580658,2.454750987609026,0.09025541797163188,1.4649515757648215,0.5888209985257246,0.8761305772390969,0.05665913944546436,0.03632128830497575,0.04922914484151732,1.3318890098080716,0.13327347612177565,0.007505516568445988
2252,0.7227051665082075,0.3380273837281971,-0.002200152705915795,0.04421076767902397,2.9731282295747845,2.486234743410643,2.392205900655965,0.09402884275467778,1.4453207251168634,0.5809223289188195,0.8643983961980439,0.05770790919951586,0.0372097572364711,0.050172366787083617,1.3238255787948288,0.1369669518415609,0.007428725721987406,0.732524321777056,0.3405444307819235,-0.006080812081643051,0.04481144533039573,3.0435615501951756,2.5450358703777485,2.454783298301331,0.09025257207641718,1.4649605325544273,0.5887782518938445,0.8761822806605828,0.05665845684927086,0.036320710041244986,0.049228526123973236,1.3318942999612362,0.13327350548923578,0.007505539147954102
2253,0.7227089180863928,0.33802777393795486,-0.0022000876892088184,0.044210997042560304,2.9731182842533834,2.4862639677324827,2.392237944686655,0.09402602304582802,1.4453296859068185,0.5808803395667284,0.8644493463400902,0.05770720860321958,0.0372091637238909,0.050171732025998186,1.3238309225559428,0.13696698432761906,0.007428748555469947,0.7325280106611398,0.34054481509683227,-0.006080751340639963,0.044811670849668715,3.043551285996265,2.5450648557866984,2.454815083330506,0.09024977245619245,1.4649693436543956,0.5887362026657587,0.8762331409886369,0.056657785367051836,0.036320141192756235,0.04922791747978339,1.3318995040342902,0.13327353439732031,0.007505561359396442
2254,0.7227126085818734,0.33802815777744327,-0.0022000237157241767,0.044211222669454195,2.973108502673305,2.4862927165977373,2.3922694674102796,0.09402324918745797,1.4453385009334152,0.5808390352630255,0.8644994656703897,0.057706519414277804,0.0372085798750906,0.05017110759981515,1.323836179363231,0.13696701630571767,0.007428771016822927,0.7325316394834698,0.34054519313902537,-0.006080691574027949,0.04481189269473981,3.0435411907024235,2.545093369607746,2.4548463512442913,0.09024701836345467,1.464978011421184,0.5886948394581324,0.8762831719630515,0.056657124818508056,0.03631958160676834,0.049227318745619905,1.3319046234219507,0.13327356285442662,0.007505583208859991
2255,0.7227162389978306,0.33802853535602784,-0.0021999607649936387,0.044211444621073084,2.9730988821409388,2.4863209977528324,2.3923004773141794,0.09402052043865315,1.4453471725564482,0.5807984048267594,0.8645487677296888,0.05770584144749281,0.03720800553317931,0.05017049334084739,1.3238413506265978,0.1369670477854296,0.007428793112217872,0.7325352092307408,0.3405455650161833,-0.006080632762501731,0.044812110925968276,3.0435312615389574,2.545121419526658,2.454877110464474,0.09024430906218345,1.4649865381757594,0.5886541510744833,0.8763323871012761,0.056656475026090655,0.036319031132870175,0.049226729760652475,1.3319096594977178,0.13327359086917592,0.007505604702350605
2256,0.7227198103237187,0.3380289067820834,-0.002199898816255881,0.04421166295794416,2.9730894200231077,2.4863488188323393,2.392330982762497,0.09401783606984235,1.4453557031003694,0.5807584372606106,0.8645972658397588,0.05770517452047148,0.037207440543642056,0.050169889083955546,1.3238464377346584,0.136967078776616,0.007428814847747498,0.7325387208761633,0.3405459308350117,-0.006080574886467842,0.044812325602887934,3.043521495792897,2.5451490131183134,2.454907369290702,0.0902416438276115,1.4649949262043318,0.588614126502195,0.8763807997021368,0.05665583581493801,0.03631848962292712,0.04922615036649304,1.3319146136143611,0.13327361845047092,0.007505625845797706
2257,0.7227233235359596,0.33802927216318923,-0.0021998378483206737,0.044211877739796804,2.9730801137483156,2.486376187362908,2.3923609920003344,0.09401519536257405,1.445364094855076,0.5807191217479813,0.8646449731070948,0.057704518453558076,0.03720688475428287,0.05016929466648941,1.323851442055247,0.1369671092895045,0.007428836229431369,0.7325421753801498,0.34054629070143416,-0.006080517925910356,0.044812536784249096,3.043511890814227,2.5451761578506247,2.454937135904624,0.09023902194600031,1.4650031777591312,0.5885747549096028,0.8764284228495285,0.0566552070128112,0.03631795693102639,0.04922558040713965,1.3319194871044155,0.1332736456075688,0.0075056466450598314
2258,0.7227267795987438,0.33802963160636756,-0.002199777839402707,0.044212089025611426,2.973070960808518,2.486403110767647,2.392390513158356,0.09401259760929123,1.4453723500767606,0.5806804476501618,0.8646919024265988,0.057703873069763836,0.03720633801516508,0.05016870992822719,1.3238563649359472,0.1369671393347852,0.007428857263222573,0.732545573691102,0.34054664472082424,-0.00608046186023415,0.04481274452806647,3.043502444017624,2.5452028610888795,2.454966418374468,0.09023644271441122,1.4650112950592482,0.5885360256431561,0.8764752694160921,0.05665458845002614,0.03631743291341949,0.0492250197289177,1.3319242812807044,0.1332736723501724,0.007505667105931147
2259,0.7227301794648728,0.3380299852183121,-0.002199718766939307,0.04421229687367076,2.9730619587615186,2.486429596370982,2.3924195542579403,0.09401004211304173,1.4453804709888332,0.5806424045035782,0.864738066485255,0.057703238194681816,0.0372058001785393,0.05016813471130141,1.323861207704744,0.13696716892371238,0.0074288779550144785,0.7325489167462376,0.3405469929982273,-0.006080406668092231,0.04481294889166963,3.0434931528848357,2.545229130100585,2.4549952246601743,0.09023390544041077,1.4650192802915438,0.5884979282246616,0.8765213520668822,0.05665397995937145,0.036316917428452736,0.04922446818040853,1.3319289974369743,0.13327369868852545,0.007505687234148034
2260,0.7227335240769289,0.33803033310580094,-0.002199660607324183,0.04421250134163118,2.9730531052341003,2.486455651404283,2.3924481232169774,0.09400752818730529,1.4453884597829243,0.580604982017123,0.8647834777658013,0.05770261365641733,0.03720527109878429,0.050167568860140725,1.3238659716705476,0.13696719806827154,0.007428898310651223,0.7325522054727416,0.34054733563876477,-0.00608035232712463,0.044813149931773086,3.0434840149677633,2.5452549720610493,2.4550235626191563,0.09023140944189306,1.4650271356116367,0.588460452348607,0.8765666832630297,0.056653381376041555,0.03631641033651052,0.04922392561239336,1.331933636848409,0.13327372463356996,0.007505707035399338
2261,0.7227368143684201,0.33803067537602494,-0.0021996033356356595,0.04421270248659252,2.9730443979262104,2.486481283012265,2.392476227856623,0.0940050551556421,1.4453963186200174,0.5805681700695874,0.86482814855043,0.05770199928548166,0.037204750632317145,0.05016701222137819,1.3238706581240023,0.13696722678133266,0.007428918335937096,0.7325554407888891,0.34054767274795356,-0.006080298813706184,0.04481334770454461,3.0434750278925975,2.5452803940597337,2.4550514400130097,0.0902289540467241,1.465034863145021,0.5884235878795879,0.876611275265433,0.05665279253753479,0.03631591149992897,0.049223391877765324,1.3319382007724172,0.13327375019709034,0.007505726515335519
2262,0.7227400512652592,0.3380310121370812,-0.0021995469252783506,0.044212900365187956,2.973035834616234,2.4865064982604483,2.3925038759090436,0.09400262235140472,1.4454040496316996,0.5805319587071909,0.8648720909245087,0.05770139491468976,0.03720423863750642,0.05016646464376477,1.323875268338263,0.1369672550768673,0.007428938036649483,0.7325586236054948,0.34054800443218614,-0.006080246102598767,0.04481354226569356,3.043466189365023,2.5453054031076405,2.455078864515194,0.09022653859244652,1.4650424649882967,0.5883873248498288,0.8766551401384679,0.056652213283554895,0.036315420782912604,0.04922286683144619,1.331942690449393,0.13327377539191698,0.007505745679581253
2263,0.722743235687538,0.3380313434985778,-0.0021994913475354705,0.044213095033692106,2.9730274131677383,2.486531304143937,2.3925310750265125,0.09400022911742446,1.4454116549215812,0.5804963381412259,0.8649153167803553,0.05770080037904478,0.0372037349745745,0.050165925978072665,1.3238798035698744,0.13696728297021768,0.007428957418554486,0.732561754827653,0.34054833079931957,-0.006080194166526276,0.044813733670576596,3.04345749717687,2.5453300061460093,2.455105843720051,0.09022416242595871,1.4650499432105661,0.5883516534568191,0.8766982897537471,0.05665164345590073,0.036314938051440725,0.04922235033029367,1.331947107103569,0.13327380023217944,0.007505764533750667
2264,0.72274636855166,0.3380316695723715,-0.0021994365710202857,0.04421328654815079,2.9730191315380368,2.48655570759786,2.3925578327921997,0.09399787480566026,1.4454191365669309,0.5804612987458372,0.8649578378210937,0.057700215515604725,0.0372032395054845,0.05016539607698385,1.3238842650597864,0.1369673104784293,0.007428976487425892,0.7325648353568239,0.3405486519593925,-0.006080142975650515,0.0448139219743247,3.0434489492145786,2.545354210056651,2.4551323851534987,0.09022182490315207,1.46505729985504,0.5883165640610799,0.8767407357939601,0.05665108289833813,0.03631446317315905,0.04922184223299457,1.3319514519440054,0.13327382473361798,0.0075057830834658005
2265,0.722749450773158,0.338031990473635,-0.002199382560934285,0.04421347496455234,2.9730109877890447,2.4865797155100515,2.392584156733094,0.09399555877695777,1.4454264966205694,0.5804268310559507,0.8649996655646187,0.0576996401633538,0.037202752093831344,0.05016487479498677,1.32388865403433,0.13696733762071212,0.007428995249071221,0.7325678660935905,0.3405489680256627,-0.00608009249686553,0.04481410723201061,3.0434405434698917,2.5453780216744657,2.4551584962858093,0.09021952538865635,1.4650645369409008,0.5882820471840823,0.8767824897568185,0.056650531456477235,0.03631399601727565,0.04922134239996594,1.3319557261655408,0.13327384891401653,0.007505801334381944
2266,0.7227524832697763,0.3380323063219052,-0.0021993292782438445,0.04421366033901501,2.9730029801012563,2.4866033347363525,2.3926100543358544,0.09399328040049836,1.445433737113144,0.5803929257654017,0.8650408113477424,0.057699074163001185,0.03720227260467124,0.05016436198820799,1.323892971706753,0.1369673644189329,0.007429013709358908,0.7325708479406697,0.34054927911562377,-0.0060800426930132795,0.0448142894988319,3.0434322780536522,2.54540144780257,2.4551841845472975,0.0902172632552729,1.4650716564655288,0.5882480935063548,0.8768235629591741,0.056649988977579474,0.03631353645439753,0.04922085069319363,1.331959930950283,0.13327387279366315,0.007505819292214069
2267,0.7227554669658247,0.3380326172427777,-0.002199276678498105,0.04421384272805164,2.9729951067913993,2.4866265721196754,2.3926355330661386,0.09399103905353684,1.445440860055785,0.5803595737252608,0.8650812863305243,0.05769851735680574,0.03720180090437325,0.05016385751427456,1.3238972192785523,0.1369673908983525,0.007429031874259099,0.7325737818071634,0.340549585352648,-0.0060799935217582535,0.04481446883036905,3.0434241512131948,2.545424495231091,2.455209457347405,0.09021503788368604,1.4650786604071102,0.58821469386579,0.8768639665413203,0.05664945531039056,0.036313084356389094,0.04922036697610088,1.3319640674689044,0.13327389639604123,0.007505836962776442
2268,0.7227584027973755,0.3380329233698401,-0.002199224710397109,0.044214022188885316,2.9729873663353903,2.4866494345138155,2.3926606003929427,0.09398883412087272,1.4454478674433715,0.5803267659424478,0.8651211015009237,0.05769796958832206,0.03720133686040409,0.050163361232108857,1.3239013979414127,0.13696741708849983,0.007429049749891368,0.7325766686136277,0.34054988686786214,-0.006079944934226748,0.044814645282893355,3.0434161613549677,2.5454471707606454,2.455234322098737,0.09021284866190842,1.4650855507278318,0.5881818392562309,0.8769037114716008,0.056648930304897906,0.03631263959616667,0.04921989111335226,1.3319681368825176,0.133273919748646,0.00750585435202895
2269,0.7227612917195512,0.3380332248476395,-0.002199173313773284,0.0442141987798921,2.9729797573977454,2.4866719288137995,2.39268526381907,0.09398666499472966,1.4454547612585096,0.5802944935786754,0.8651602676798342,0.05769743070217499,0.037200880341137166,0.05016287300176053,1.3239055088789204,0.1369674430244448,0.007429067342594518,0.7325795092991807,0.34055018380302216,-0.00607989687308956,0.04481481891379831,3.0434083070734856,2.5454694812322165,2.4552587862471054,0.09021069498511124,1.4650923293777742,0.5881495208263803,0.876942808551394,0.05664841381211638,0.03631220204751698,0.04921942297069383,1.331972140344336,0.13327394288417668,0.007505871466144915
2270,0.7227641347149321,0.3380335218348461,-0.002199122417238214,0.04421437256111139,2.972972278869873,2.486694061994,2.392709530920014,0.09398453107398579,1.4454615434765692,0.5802627479498587,0.8651987955267105,0.057696900543667086,0.03720043121552001,0.050162392684092075,1.3239095532695588,0.136967468748236,0.0074290846590041645,0.7325823048296911,0.3405504763135756,-0.006079849270324331,0.04481498978209626,3.0434005871890157,2.545491433564663,2.4552828573098524,0.0902085762548105,1.4650989982998328,0.5881177298791632,0.8769812684206696,0.05664790568371428,0.036311771584780286,0.0492189624146533,1.3319760790025716,0.13327396584187903,0.007505888311586271
2271,0.7227669328056101,0.3380338145092382,-0.002199071934800026,0.04421454359497762,2.972964929919278,2.4867158411573995,2.3927334093932395,0.09398243176416013,1.4454682160718986,0.5802315205260387,0.8652366955458599,0.05769637895844598,0.037199989352792485,0.050161920140538205,1.3239135322892426,0.13696749431103636,0.007429101706169111,0.7325850562095129,0.3405507645734862,-0.006079802044011415,0.044815157949130324,3.04339300079597,2.5455130348031476,2.4553065429243763,0.09020649187877132,1.4651055594357878,0.5880864578715935,0.8770191015641943,0.05664740577169752,0.036311348082582934,0.04921850931231141,1.3319799540028772,0.1332739886695411,0.007505904895216407
2272,0.7227696870687423,0.33803410307410775,-0.0021990217614875768,0.044214711947264035,2.9729577100542226,2.486737273599488,2.392756907122158,0.09398036647732984,1.4454747810258308,0.5802008029320642,0.8652739780937666,0.057695865792061665,0.037199554622111705,0.05016145523278322,1.3239174471146948,0.1369675197758843,0.0074291184917012094,0.7325877644966192,0.34055104878142817,-0.0060797550941765754,0.04481532347949185,3.0433855473264892,2.5455342921819293,2.4553298509111134,0.09020444127081592,1.4651120147341117,0.5880556964153757,0.877056318318736,0.056646913927989234,0.03631093141548105,0.04921806353099528,1.3319837664916099,0.13327401142607181,0.007505921224445381
2273,0.7227723986570009,0.338034387766711,-0.002198971767562584,0.04421487768832301,2.9729506192090818,2.4867583668919346,2.3927800322598443,0.09397833463209031,1.4454812403369963,0.5801705869492376,0.8653106533877587,0.05769536088939921,0.03719912689207154,0.050160997822350895,1.3239212989277729,0.13696754522133725,0.007429135023972714,0.7325904308224775,0.3405513291689491,-0.00607970829731222,0.04481548644222498,3.043378226634304,2.545555213206496,2.4553527893558558,0.09020242385063988,1.4651183661600242,0.5880254372784479,0.8770929288815763,0.056646430003890996,0.036310521457504255,0.049217624937888435,1.3319875176200004,0.13327403418489922,0.007505937307420964
2274,0.7227750688296771,0.3380346688722951,-0.002198921789767591,0.04421504089497308,2.9729436578577064,2.4867791289958197,2.3928027933394813,0.0939763356563383,1.445487596034697,0.5801408645182251,0.8653467315164718,0.05769486409441582,0.03719870603047981,0.05016054777052764,1.323925088917472,0.13696757074719132,0.007429151312430004,0.7325930564222377,0.3405516060139968,-0.006079661498094073,0.04481564691265663,3.0433710391060718,2.5455758057646105,2.45537536671832,0.0902004390462907,1.4651246157085172,0.5879956723877522,0.877128943320765,0.056645953849831884,0.03631011808194304,0.04921719339995602,1.3319912085460999,0.1332740570393011,0.007505953153332006
2275,0.722777698989705,0.3380349467394733,-0.0021988716207992642,0.04421520165274286,2.9729368271687955,2.4867995684122186,2.3928251994248355,0.09397436898738289,1.4454938501971628,0.5801116277439601,0.8653822224532027,0.057694375249153024,0.037198291903521405,0.05016010493765624,1.3239288182874618,0.1369675964811115,0.007429167367951763,0.7325956426706985,0.3405518796557738,-0.006079614499409608,0.04481580497457427,3.0433639858138286,2.545596078273927,2.455397591979889,0.09019848629403779,1.4651307654221133,0.5879663938339393,0.877164371588174,0.056645485314436195,0.036309721160558944,0.04921676878327862,1.3319948404420066,0.1332740801085887,0.0075059687727550865
2276,0.7227802907425537,0.3380352218071894,-0.002198820992644762,0.04421536005944189,2.9729301292163517,2.486819694391735,2.392847260313534,0.09397243407820083,1.4455000049753879,0.5800828689028176,0.8654171360725703,0.057693894193447226,0.03719788437551322,0.05015966918318264,1.3239324882582924,0.1369676225895447,0.007429183203447637,0.7325981911393996,0.340552150520719,-0.006079567046611542,0.044815960723684795,3.043357068721399,2.5456160398871575,2.455419474843121,0.09019656504403684,1.4651368174140416,0.5879375938782782,0.8771992235357634,0.056645024244249664,0.036309330563352664,0.04921635095309587,1.3319984144959829,0.1332741035482668,0.0075059841782329426
2277,0.7227828459775189,0.33803549464157634,-0.0021987695535000615,0.044215516230088084,2.972923567276456,2.4868395172280646,2.3928689868228714,0.09397053040519336,1.4455060626263598,0.5800545804535845,0.8654514821727753,0.057693420764345534,0.037197483308409114,0.05015924036555284,1.32393610007185,0.13696764929274496,0.007429198834680422,0.7326007036754031,0.3405524191580191,-0.006079518805707354,0.044816114272385604,3.04335029097521,2.5456357007792803,2.4554410260119632,0.09019467476731696,1.4651427739005174,0.5879092649632466,0.8772335089372708,0.05664457048319154,0.036308946158099834,0.049215939773712664,1.3320019319167071,0.13327412756402005,0.007505999385068617
2278,0.7227853669911651,0.33803576599395196,-0.002198716832781486,0.044215670304391275,2.9729171462482857,2.4868590486795226,2.3928903911946433,0.09396865748487906,1.4455120255592275,0.5800267550536427,0.8654852705055849,0.05769295479625433,0.03719708856192592,0.05015881834300215,1.323939654990224,0.13696767688788888,0.0074292142815379335,0.73260318252086,0.34055268629546664,-0.006079469330317042,0.04481626575700692,3.043343657316607,2.545655072559619,2.4554622575884375,0.09019281497118155,1.4651486372455462,0.5878813997281693,0.8772672375173769,0.05664412387270727,0.03630856781048042,0.04921553510925555,1.3320053939320855,0.13327415243322263,0.007506014412553766
2279,0.7227878566768157,0.33803603689200457,-0.002198662187457054,0.044215822458242265,2.972910873268789,2.4868783025903194,2.3929114876855717,0.09396681490474784,1.4455178964015378,0.5799993855832171,0.8655185108183208,0.05769249612226812,0.03719669999466904,0.05015840297577147,1.3239431542855673,0.13696770578487652,0.0074292295700102255,0.7326056304964288,0.3405529529272252,-0.006079418011029972,0.04481641534892339,3.0433371746834923,2.545674168878739,2.4554831836508253,0.09019098522791363,1.465154410025164,0.5878539910326668,0.8773004189924971,0.05664368425304481,0.03630819538515993,0.049215136825784975,1.3320088017793594,0.13327417853823736,0.007506029285877219
2280,0.7227903188315247,0.3380363087923416,-0.002198604715313704,0.04421597292233033,2.9729047586364548,2.4868972958392397,2.392932293454284,0.0939650023849556,1.4455236780967473,0.5799724651821707,0.8655512129145766,0.05769204457878789,0.037196317468045,0.05015799413194758,1.323946599204862,0.13696773656502395,0.007429244735448452,0.732608051298253,0.34055322046059544,-0.006079363993604342,0.04481656327255087,3.0433308531139702,2.545693006354388,2.455503821121726,0.090189185232662,1.465160095121933,0.5878270319922444,0.8773330631296886,0.05664325146765824,0.03630782874951994,0.04921474479684871,1.3320121566709675,0.13327420642098947,0.007506044039269808
2281,0.7227927586934982,0.3380365838586013,-0.002198543103708893,0.044216122014754236,2.9728988172628266,2.4869160498684364,2.3929528299553335,0.09396321991310265,1.4455293740533777,0.5799459873074931,0.8655833867458845,0.05769160001924258,0.03719594085788565,0.050157591702827686,1.323949990865228,0.1369677700853862,0.007429259828397403,0.7326104500175595,0.34055349098343685,-0.006079306036426535,0.04481670983685225,3.0433247071654694,2.545711606062303,2.4555241911315715,0.09018741493073142,1.4651656958693906,0.5878005160338977,0.8773651798354929,0.05664282537624779,0.03630746778470503,0.049214358918066005,1.332015459693457,0.1332742368799373,0.007506058721631288
2282,0.7227951839749358,0.3380368655198896,-0.0021478072851609867,0.04421627020373717,2.972893071101617,2.4869345933350866,2.392973125273766,0.0939614680613205,1.4455349883867394,0.5799199458278509,0.8656150425588885,0.05769116235268775,0.03719557008714705,0.050157195643593784,1.3239533299594386,0.1369678076826185,0.007429274926080999,0.7326128341390087,0.340553767801132,-0.006029422839306284,0.044816855495916616,3.0433187582881174,2.5457299961193396,2.4555443213005774,0.09018567481876204,1.4651712162859636,0.58777443698754,0.8773967792984236,0.05664240589142124,0.03630711241668056,0.0492139791457333,1.332018711523281,0.13327427115959006,0.007506073407612933
2283,0.7227950136384458,0.3380367357167822,-0.002205772244163892,0.04421625997869674,2.9728875536190476,2.4869346062269995,2.3929732817851868,0.09396132444181256,1.4455903679498716,0.5799142718338606,0.865676096116011,0.0576911363890063,0.03719554809192433,0.05015698882263932,1.3239535280322383,0.13696759606034958,0.0074292725971396275,0.7326126920219722,0.3405536467264745,-0.006086307890174378,0.044816847007594945,3.0433130391918644,2.5457301700896005,2.455544647226746,0.09018552286285428,1.4652256682780174,0.5877683919651183,0.877457276312899,0.05664237790723024,0.036307088709776184,0.04921377802323954,1.332018928442549,0.13327407135863917,0.007506071307034415
2284,0.7227975317004365,0.3380370254044197,-0.002200020029459307,0.044216413821186254,2.972881157114866,2.486953892364647,2.392994393501507,0.09395949886313998,1.4455900272768913,0.5798867636133592,0.8657032636635321,0.05769068058157903,0.037195161953082784,0.05015659665312938,1.3239570055546117,0.13696764201400305,0.007429288240626625,0.7326151628044218,0.3405539305693219,-0.006080723825513501,0.04481699794543988,3.0433064602260407,2.5457492659315877,2.4555655539058607,0.09018371202572711,1.4652253840439446,0.5877409063201798,0.8774844777237648,0.05664194165455756,0.03630671913681276,0.04921340236475654,1.3320223102805966,0.1332741133701946,0.007506086491189816
2285,0.7227997461187768,0.3380372658481071,-0.002200509924598422,0.044216549174358494,2.972875017590589,2.486971023771016,2.393013165014069,0.09395785875694673,1.445595063400873,0.5798618525765202,0.8657332108243527,0.05769027233165744,0.03719481610274699,0.05015622757416162,1.3239601202624809,0.13696766187224838,0.007429301832646238,0.7326173407429347,0.3405541672297357,-0.006081195584372243,0.0448171310587595,3.0433001374902475,2.5457662627590643,2.45558418003054,0.0901820827285244,1.4652303256088437,0.587715957459708,0.8775143681491357,0.05664155021499861,0.03630638752743391,0.049213048370436274,1.3320253447445793,0.133274131146026,0.007506099716981839
2286,0.7228019508240219,0.3380375041487236,-0.00220038827300887,0.04421668391420281,2.9728690078479834,2.486988093227222,2.3930318700406494,0.0939562231865726,1.4455994922375537,0.579837137807334,0.8657623544302196,0.057689865339723284,0.03719447131811959,0.05015586155253057,1.3239632253919336,0.13696768361156056,0.007429315352440952,0.7326195083061342,0.34055440166670037,-0.006081080258725273,0.04481726351747048,3.0432939471274403,2.5457831921135248,2.4556027336207804,0.09018045849274436,1.4652346814858694,0.5876912135066599,0.8775434679792096,0.05664116011340127,0.036306057051513886,0.049212697385948447,1.332028368854803,0.1332741506503027,0.00750611286687344
2287,0.7228041177463593,0.3380377365043743,-0.002200326832649764,0.04421681634537503,2.972863128598286,2.487004892442394,2.393050281311564,0.09395461113083017,1.4456039016480438,0.5798128472867221,0.8657910543613216,0.057689464369398744,0.03719413163471967,0.05015550076262242,1.3239662845984417,0.13696770461136587,0.007429328619026937,0.7326216388230311,0.3405546303070815,-0.006081022114096737,0.04481739371260754,3.043287889531789,2.545799853896856,2.4556209962593774,0.09017885763747878,1.4652390166122684,0.5876668932724116,0.8775721233398568,0.056640775778289416,0.03630573146069203,0.0492123514193817,1.3320313482802268,0.13327416947927131,0.007506125770995808
2288,0.7228062502227748,0.33803796382314794,-0.0022002601896136814,0.044216946667948336,2.9728573708180086,2.4870214407429208,2.3930684193058522,0.09395302143706862,1.4456082354927187,0.5797889515121564,0.8658192839805623,0.05768906909029531,0.03719379677265741,0.05015514511160468,1.323969300401902,0.13696772519500533,0.007429341659181592,0.7326237354540766,0.3405548540144136,-0.006080959083330943,0.04481752183334284,3.0432819557994337,2.545816266492036,2.4556389874259406,0.09017727906609524,1.4652432776460618,0.5876429683734934,0.8776003092725684,0.05664039690870279,0.0363054105000088,0.04921201038917714,1.3320342853531826,0.13327418792850101,0.007506138454636902
2289,0.7228083484917242,0.33803818641191274,-0.002200194867391661,0.04421707489736358,2.9728517282104905,2.4870377366002745,2.393086281989005,0.09395145461126957,1.4456125004455496,0.5797654462214857,0.8658470542240638,0.05768867960105235,0.03719346681549553,0.05015479466827844,1.3239722720489513,0.13696774537505524,0.00742935447761069,0.7326257984481377,0.34055507308792893,-0.00608089729154513,0.044817647895773284,3.0432761396675985,2.5458324285206073,2.455656705261071,0.0901757232595362,1.4652474709081533,0.5876194344065272,0.8776280365016261,0.0566400235956027,0.036305094246522396,0.04921167435895339,1.3320371793677745,0.13327420601101903,0.007506150922499172
2290,0.7228104130829746,0.33803840454950507,-0.0022001302988153143,0.04421720106598895,2.9728461954546272,2.4870537814654754,2.393103870667828,0.09394991079764738,1.445616696983448,0.5797423247867993,0.8658743721966488,0.05768829591733936,0.03719314177650847,0.05015444944855954,1.3239751994192537,0.1369677651820053,0.007429367080120073,0.7326278283245452,0.34055528779771166,-0.006080836214063273,0.044817771931634186,3.043270435838835,2.54584834143876,2.455674151086905,0.09017419035185481,1.4652515968962754,0.5875962847519302,0.8776553121443452,0.05663965585316082,0.0363047827122384,0.049211343343105875,1.3320400302134012,0.1332742237554207,0.007506163180241646
2291,0.722812444485876,0.33803861845482663,-0.0022000665936085517,0.04421732520385975,2.9728407680272158,2.487069577138727,2.393121187102761,0.0939483900359658,1.4456208261659491,0.5797195809244546,0.8659012452414945,0.057687918033568625,0.03719282165096259,0.05015410944717453,1.323978082554671,0.13696778463543152,0.007429379471626993,0.7326298255652178,0.34055549835632476,-0.006080775953133957,0.04481789397051159,3.0432648398008926,2.545864007057817,2.4556913266831812,0.09017268037463548,1.4652556566490906,0.5875735131177112,0.8776821435313794,0.05663929367511465,0.036304475891851526,0.049211017335777166,1.332042837937883,0.13327424118019968,0.007506175232669837
2292,0.7228144431959751,0.3380388283134499,-0.0022000037525979482,0.044217447341357435,2.972835442024475,2.487085125875489,2.393138233596594,0.09394689227889519,1.4456248889717518,0.5796972084278812,0.8659276805438706,0.05768754592563599,0.03719250641843798,0.05015377464248915,1.3239809216383525,0.13696780375201367,0.007429391656694623,0.7326317906579856,0.3405557049441007,-0.006080716509482151,0.044818014042319596,3.043259347652148,2.545879427635366,2.4557082343607934,0.09017119327457244,1.4652596511304354,0.5875511132913545,0.877708537839081,0.0566389370376352,0.03630417376517493,0.04921069631556844,1.3320456027252363,0.13327425830107328,0.007506187084239965
2293,0.7228164097028955,0.3380390342827613,-0.0021999417940281873,0.044217567508503516,2.972830214001204,2.4871004302148356,2.3931550127981174,0.09394541741671836,1.4456288863919502,0.5796752012030868,0.8659536851888634,0.05768717955641339,0.03719219604748146,0.05015344500108225,1.3239837169528346,0.1369678225444965,0.007429403639532133,0.7326337240850743,0.34055590771418104,-0.006080657900200008,0.04481813217663155,3.04325395594346,2.545894605708305,2.455724876770765,0.09016972893754022,1.465263581315971,0.5875290791726949,0.877734502143276,0.05663858590451372,0.03630387630153427,0.04921038024987427,1.3320483248554658,0.1332742751300647,0.007506198739062742
2294,0.7228183445041122,0.3380392365060114,-0.0021998807002343024,0.04421768573578687,2.9728250808956167,2.4871154929359633,2.39317152763841,0.09394396529755315,1.445632819405791,0.5796535532572066,0.8659792661485844,0.05768681887966631,0.03719189049892531,0.05015312048143348,1.3239864688501513,0.13696784102602103,0.007429415424224009,0.7326356263362361,0.34055610680596815,-0.006080600108155497,0.0448182484034674,3.043248661604073,2.5459095440492914,2.455741256841123,0.09016828720816805,1.4652674481701489,0.5875074047629496,0.8777600434071993,0.056638240230880765,0.036303583462918246,0.049210069098381326,1.3320510046757343,0.1332742916795122,0.007506210201123974
2295,0.7228202480955176,0.3380394351116793,-0.0021998204681863906,0.04421780205360004,2.972820039953027,2.4871303169805183,2.393187781245232,0.0939425357352866,1.4456366890082244,0.5796322587077954,0.866004430300429,0.05768646384197748,0.03719158972751688,0.0501528010355032,1.3239891777371604,0.13696785920840526,0.0074294270146766025,0.7326374978996916,0.340556302344578,-0.006080543130228266,0.044818362752753804,3.0432434618664947,2.5459242455906903,2.455757377693,0.09016686789769025,1.4652712526724725,0.5874860841734945,0.877785168498978,0.05663789996503924,0.03630329520553145,0.04920976281457752,1.3320536425861556,0.13327430796049675,0.007506221474234661
2296,0.7228221209749895,0.3380396302176554,-0.002199761082650062,0.04421791649245088,2.9728150886922755,2.4871449054348247,2.3932037769186927,0.09394112851613179,1.4456404961910352,0.5796113117735827,0.8660291844174525,0.05768611438404458,0.03719129368301803,0.050152486609982824,1.3239918440656417,0.13696787710347283,0.00742943841468382,0.7326393392655395,0.3405564944448719,-0.006080486951640478,0.04481847525452567,3.0432383542333032,2.545938713406728,2.455773242616382,0.09016547079034594,1.4652749957993831,0.5874651116169216,0.8778098841824615,0.056637565049705504,0.03630301148084589,0.04920946134694662,1.332056239030172,0.1332743239840774,0.00750623256209463
2297,0.7228239636381657,0.33803982193204213,-0.0021997025339448167,0.04421802908271154,2.9728102248529615,2.4871592614821183,2.3932195180773066,0.09393974340481184,1.4456442419499789,0.5795907067756549,0.8660535351743239,0.05768577044209604,0.037191002311404445,0.05015217714751801,1.3239944683214957,0.1369678947222401,0.007429449627915688,0.7326411509216548,0.3405566832122347,-0.006080431563023514,0.04481858593868319,3.043233336425226,2.5459529506665755,2.4557888550171314,0.09016409564944405,1.4652786785310787,0.5874444814080947,0.877834197122984,0.05663723542335475,0.03630273223674056,0.049209164640131565,1.3320587944841251,0.13327433976054331,0.007506243468281934
2298,0.7228257765790012,0.3380400103549311,-0.002199644808054013,0.04421813985464676,2.972805446370468,2.487173388386342,2.393235008238035,0.09393838014830733,1.4456479272763314,0.579570438132433,0.8660774891438984,0.05768543194867633,0.037190715555530926,0.0501518725874449,1.3239970510187522,0.13696791207560155,0.00742946065794158,0.732642933354203,0.3405568687442893,-0.006080376950904229,0.04481869483501713,3.04322840635642,2.545966960618229,2.455804218397196,0.09016274222103292,1.4652823018433092,0.5874241879592239,0.8778581138840853,0.0566369110209719,0.03630245741813777,0.049208872635638265,1.332061309451435,0.1332743553000496,0.007506254196275423
2299,0.7228275602887008,0.33804019557975434,-0.0021995878909116667,0.044218248838354006,2.9728007513446033,2.4871872894663105,2.3932502509861036,0.09393703848020711,1.4456515531580025,0.5795505003584999,0.8661010527995027,0.057685098833587134,0.037190433355928774,0.050151572866626914,1.32399959269239,0.1369679291741066,0.007429471508240575,0.7326446870465999,0.34055705113220447,-0.006080323101798381,0.04481880197315098,3.043223562103598,2.5459807465630937,2.455819336324937,0.09016141023815646,1.465285866708406,0.587404225778661,0.8778816409297451,0.05663659177494659,0.036302186967761135,0.04920858527263189,1.3320637844556629,0.13327437061241576,0.007506264749465084
2300,0.7228293152526639,0.3380403776925147,-0.0021995317728201944,0.04421835606357449,2.972796138017583,2.4872009680773335,2.3932652499554266,0.09393571812190696,1.4456551205774018,0.5795308880621566,0.8661242325152452,0.05768477102422896,0.037190155651095014,0.0501512779197479,1.3240020938957298,0.13696794602764395,0.007429482182177661,0.7326464124765385,0.3405572304599562,-0.00608027000649148,0.04481890738235686,3.0432188018842794,2.5459943118378625,2.4558342124158035,0.09016009942205885,1.4652893740932,0.5873845894684757,0.8779047846247243,0.056636277615400514,0.036301920826413,0.04920830248821802,1.332066220037972,0.13327438570683003,0.007506275131129073
2301,0.7228310419530237,0.33804055677473577,-0.002199476437233734,0.04421846155984984,2.9727916047530565,2.487214427598857,2.393280008811643,0.09393441878721423,1.4456586305053276,0.5795115959414139,0.8661470345639137,0.057684448446498296,0.037189882378252645,0.05015098768015622,1.3240045551935893,0.13696796264607197,0.007429492683050156,0.7326481101183825,0.34055740680713514,-0.0060802176493071625,0.04481901109170338,3.043214124036094,2.546007659802208,2.4558488503155806,0.09015880948662724,1.465292824953077,0.5873652737205135,0.8779275512325635,0.0566359684710354,0.0363016589336928,0.04920802421824043,1.3320686167505533,0.13327440059242884,0.0075062853444781575
2302,0.7228327408648932,0.33804073290228226,-0.0021994218743070157,0.04421856535629457,2.9727871500158916,2.4872276714146624,2.3932945312314065,0.09393314018325592,1.4456620839060472,0.5794926187844849,0.8661694651215623,0.057684131025083504,0.03718961347360113,0.05015070208008931,1.324006977160024,0.1369679790385963,0.007429503014055757,0.7326497804395579,0.34055758024783667,-0.006080166021005369,0.044819113129837065,3.0432095269967934,2.546020793819356,2.455863253680022,0.09015754013933436,1.4652962202367648,0.5873462733167718,0.877949946919993,0.05663566426941918,0.03630140122823945,0.04920775039749996,1.3320709751544082,0.133274415277724,0.0075062953926253485
2303,0.722834412459445,0.33804090614677074,-0.002199368066410287,0.044218667481782686,2.972782772378279,2.4872407029238195,2.3933088209130124,0.09393188201080689,1.4456654817297865,0.5794739514652669,0.8661915302645196,0.057683818683447935,0.03718934887230217,0.05015042105070318,1.3240093603784584,0.13696799521437575,0.0074295131783238795,0.7326514239034682,0.34055775085198825,-0.006080115104984171,0.04481921352515895,3.043205009310032,2.546033717266562,2.4558774261850336,0.09015629108152845,1.4652995608791155,0.5873275831249983,0.8779719777541172,0.056635364936970106,0.03630114764771794,0.04920748095978174,1.3320732958194705,0.1332744297711554,0.007506305278615469
2304,0.7228360571989535,0.338041076574745,-0.00219931500601403,0.0442187679646491,2.9727784704827966,2.487253525505748,2.39332288153848,0.09393064396726837,1.44566882491889,0.5794555889443166,0.8662132359745734,0.057683511344591654,0.03718908850912504,0.05015014452270501,1.3240117054358707,0.13696801118145407,0.007429523178881892,0.7326530409646698,0.3405579186845478,-0.006080064894456838,0.044819312305534195,3.043200569588988,2.546046433500819,2.4558913714894532,0.09015506201136564,1.4653028478069363,0.587309198099535,0.8779936497074013,0.05663507039967864,0.03630089812943079,0.049207215838455456,1.3320755793190093,0.13327444408009792,0.007506315005392596
2305,0.7228376755391596,0.33804124424888776,-0.0021992626797193854,0.04421886683282657,2.972774243043301,2.4872661425271114,2.393336716779882,0.09392942574722972,1.4456721143979068,0.579437526263419,0.8662345881344877,0.057683208931111944,0.03718883231849775,0.05014987242645451,1.324014012922333,0.1369680269478257,0.007429533018680675,0.7326546320711012,0.3405580838066479,-0.006080015377118719,0.04481940949842046,3.04319620651695,2.5460589458653047,2.455905093240958,0.09015385262434669,1.4653060819293395,0.587291113275992,0.8780149686533475,0.056634780583168454,0.03630065261036987,0.04920695496657437,1.3320778262291562,0.13327445821183828,0.007506324575824163
2306,0.7228392679275174,0.33804140922766734,-0.0021992110776441545,0.04421896411374762,2.9727700888328186,2.4872785573301566,2.39335033028678,0.09392822704337674,1.4456753510783191,0.5794197585460386,0.8662555925322806,0.05768291136542968,0.03718858023469885,0.05014960469214216,1.3240162834292826,0.13696804252061479,0.007429542700581965,0.7326561976623506,0.3405582462752404,-0.00607996654414493,0.044819505130771584,3.0431919188352543,2.5460712576778692,2.4559185950636624,0.09015266261420697,1.4653092641422023,0.5872733237715918,0.8780359403706105,0.05663449541290947,0.036300411027396756,0.04920669827704322,1.3320800371272525,0.1332744721728103,0.007506333992688503
2307,0.7228408348022247,0.33804157156516446,-0.00219916019177728,0.04421905983428051,2.9727660066735337,2.4872907732260754,2.393363725679036,0.0939270475470395,1.4456785358550346,0.5794022809944976,0.8662762548605369,0.05768261856993928,0.03718833219198451,0.05014934124992769,1.3240185175483763,0.13696805790611502,0.007429552227351619,0.732657738168655,0.34055840614290644,-0.006079918388665159,0.04481959922897132,3.043187705333136,2.5460833722242353,2.4559318805507715,0.09015149167346392,1.465312395324701,0.5872558247823643,0.8780565705423367,0.0566342148143635,0.03630017331736618,0.0492064457027524,1.332082212590721,0.13327448596862,0.007506343258667802
2308,0.7228423765909967,0.3380417313109413,-0.002199110016765801,0.04421915402065579,2.9727619954241526,2.487302793485455,2.3933769065363446,0.09392588694911022,1.4456816696044494,0.5793850888878083,0.8662965807166412,0.05768233046723148,0.037188088124777224,0.05014908203013939,1.3240207158697936,0.1369680731096029,0.0074295616016521295,0.7326592540096469,0.34055856345770613,-0.0060798709065328985,0.04481969181875844,3.0431835648350076,2.5460952927483764,2.455944953254055,0.0901503394943214,1.46531547633731,0.5872386115809526,0.8780768647563574,0.056633938713197496,0.0362999394173066,0.04920619717676894,1.3320843531954105,0.1332744996038615,0.007506352376340331
2309,0.7228438937096715,0.3380418885093771,-0.002199060550369905,0.044219246698381384,2.9727580539731258,2.487314621333639,2.393389876393808,0.09392474493983055,1.4456847531819934,0.5793681775793178,0.8663165756026756,0.057682046980085944,0.037187847967659504,0.050148826963266196,1.3240228789822894,0.1369680881350801,0.007429570826028149,0.7326607455929304,0.3405587182625121,-0.006079824096780567,0.04481978292513991,3.0431794961933774,2.5461070224476225,2.455957816679139,0.0901492057684833,1.4653185080192939,0.5872216795142381,0.8780968285050558,0.05663366703528018,0.0362997092644175,0.0492059526323322,1.3320864595156237,0.1332745130818652,0.007506361348165801
2310,0.7228453865623543,0.33804204319959735,-0.002199011790309374,0.04421933789225189,2.9727541812386544,2.4873262599528836,2.393402638744409,0.09392362120847468,1.4456877874193432,0.5793515424942454,0.8663362449250979,0.05768176803139806,0.03718761165531191,0.05014857597990212,1.3240250074737516,0.13696810298519047,0.0074295799029063594,0.732662213314135,0.34055887059490947,-0.006079777958600853,0.04481987257239478,3.0431754982883725,2.5461185644743742,2.45597047428752,0.09014809018685398,1.4653214911858605,0.5872050240008524,0.8781164671850081,0.05663339970661711,0.036299482796014186,0.04920571200280495,1.332088532124618,0.13327452640460602,0.007506370176484461
2311,0.7228468555356095,0.33804219541398334,-0.002198963747608515,0.044219427625995074,2.9727503761305996,2.4873377124476987,2.3934151970021307,0.09392251544556794,1.4456907731247084,0.5793351791284689,0.8663555939962395,0.057681493544806395,0.03718737912304458,0.05014832901127122,1.3240271019264176,0.1369681176601594,0.00742958883454994,0.7326636575511973,0.3405590204857293,-0.006079732504250139,0.04481996078372631,3.043171569989891,2.546129921901746,2.4559829294599975,0.09014699244174863,1.46532442662827,0.5871886405298935,0.8781357860983764,0.05663313665394918,0.03629925995003498,0.04920547522217484,1.332090571589966,0.1332745395717051,0.0075063788634724534
2312,0.7228483009989088,0.33804234517804865,-0.0021989164329793837,0.04421951592229423,2.9727466375508267,2.487348981850388,2.3934275545082526,0.09392142734213536,1.4456937110712187,0.5793190830425743,0.8663746280286444,0.05768122344452382,0.037187150306654204,0.05014808598911634,1.3240291629181558,0.13696813215833156,0.0074295976230593155,0.7326650786646625,0.3405591679588805,-0.006079687745991019,0.04482004758127492,3.043167710157228,2.54614109772836,2.455995185502183,0.09014591222617717,1.465327315102395,0.5871725246550448,0.8781547904473501,0.05663287780460051,0.036299040664912255,0.04920524222495547,1.3320925784747342,0.13327455258090187,0.007506387411141324
2313,0.7228497232999324,0.33804249250894414,-0.0021988698686931027,0.04421960280251095,2.9727429643665784,2.487360071096447,2.3934397145056496,0.09392035659079774,1.4456966019978177,0.5793032498609287,0.866393352136889,0.057680957655686926,0.037186925142719984,0.05014784684598103,1.3240311910198055,0.13696814647480385,0.007429606270331958,0.7326664769930324,0.34055931302988124,-0.006079643707470397,0.04482013298584463,3.0431639176123046,2.5461520948537415,2.456007245618773,0.0901448492349687,1.465330157329325,0.5871566719935316,0.8781734853357933,0.056632623086815576,0.036298824879858055,0.04920501294645951,1.3320945533348696,0.13327456542677388,0.007506395821298456
2314,0.7228511227633461,0.33804263741401264,-0.0021988240808956533,0.04421968828660383,2.9727393554140287,2.48737098303086,2.3934516801473706,0.09391930288348938,1.445699446599865,0.5792876752666581,0.8664117713332068,0.05768069610391493,0.03718670356822998,0.05014761151483393,1.3240331867985358,0.13696816060138745,0.007429614778039776,0.732667852851392,0.34055945570439206,-0.006079600416508096,0.04482021701681202,3.0431601911421975,2.546162916083634,2.4560191129210596,0.09014380316257459,1.4653329539860647,0.587141078221138,0.8781918757649266,0.05663237242935021,0.03629861253451766,0.049204787322450025,1.3320964967223676,0.1332745781006632,0.007506404095523321
2315,0.7228524996836305,0.3380427798887239,-0.002198779113421534,0.04421977239269675,2.9727358094537357,2.487381720367964,2.3934634544543094,0.09391826591365458,1.4457022455266921,0.5792723549994265,0.8664298905272656,0.05768043871596271,0.03718648552113432,0.05014737992961833,1.3240351508128685,0.13696817452496626,0.007429623147570239,0.7326692065243192,0.34055959597618496,-0.0060795579183160545,0.044820299691700025,3.043156529454549,2.546173564089976,2.4560307903846854,0.09014277370529057,1.465335705702784,0.5871257390698633,0.8782099666329207,0.0566321257620999,0.03629840356950178,0.049204565289670404,1.3320984091804031,0.1332745905891336,0.007506412235109649
2316,0.7228538543216898,0.33804291991534163,-0.0021987350197589586,0.04421985513686464,2.9727323251488516,2.4873922856767914,2.393475040300374,0.09391724537641699,1.4457049993672613,0.5792572848484774,0.8664477145187839,0.057680185419858775,0.03718627094046211,0.05014715202539961,1.3240370836116186,0.13696818822745388,0.007429631379994448,0.7326705382623903,0.3405597338257914,-0.006079516267894894,0.04482038102595684,3.0431529311550016,2.5461840413954646,2.4560422808339735,0.09014176056149101,1.4653384130486382,0.587110650321028,0.8782277627276102,0.05663188301624639,0.036298197926510775,0.04920434678599774,1.332100291242192,0.13327460287389115,0.007506420241032805
2317,0.72285518689724,0.33804305745980895,-0.0021986918729806626,0.04421993653267567,2.972728901029571,2.487402681349527,2.3934864403808547,0.09391624096867214,1.4457077086433792,0.5792424606487162,0.866465247994663,0.05767993614512088,0.03718605976650408,0.05014692773853291,1.324038985732254,0.1369682016840216,0.007429639475994051,0.7326718482745848,0.34055986921742737,-0.006079475539643629,0.04482046103249978,3.043149394711069,2.546194350341603,2.456053586909792,0.09014076343181081,1.4653410765247805,0.5870958078012766,0.878245268723504,0.05663164412447372,0.03629799554851772,0.04920413175061259,1.3321021434293157,0.1332746149301045,0.007506428113877333
2318,0.7228564975810352,0.3380431924692418,-0.0021986497669996274,0.0442200165907153,2.9727255354439017,2.487412909561273,2.3934976571704603,0.09391525239081251,1.44571037379448,0.5792278782734412,0.8664824955210388,0.057679690823339215,0.037185851941306615,0.05014670700718545,1.3240408576964402,0.1369682148618921,0.007429647435794343,0.7326731367204959,0.3405600020964974,-0.00607943582863002,0.044820539721238256,3.0431459184023644,2.5462044930479832,2.4560647110270475,0.09013978202093564,1.4653436965491695,0.5870812073753167,0.8782624891738529,0.056631409021539895,0.03629779638025261,0.049203920124510886,1.3321039662472893,0.13327462672524168,0.007506435853770322
2319,0.7228577864922585,0.3380433248693979,-0.0021986088056460407,0.044220095318425884,2.972722226560515,2.4874229722767662,2.393508692933558,0.09391427934320862,1.4457129951620704,0.579213533626957,0.8664994615351134,0.05767944938750236,0.037185647408100764,0.05014648977076465,1.3240427000151866,0.13696822771969366,0.007429655259122343,0.7326744037074281,0.34056013238705124,-0.006079397240317787,0.04482061709889547,3.0431425003209145,2.5462144714167128,2.456075655382389,0.0901388160343239,1.4653462734409919,0.5870668449385255,0.8782794285024664,0.05663117764367314,0.03629760036769099,0.049203711849992324,1.33210576019024,0.13327463821840807,0.007506443460337679
2320,0.7228590536760852,0.33804345455935997,-0.0021985691480781028,0.04422017271874583,2.9727189722167453,2.4874328711112437,2.3935195495753994,0.09391332153584427,1.445715572984517,0.5791994226413459,0.8665161503431711,0.0576792117746436,0.03718544611354405,0.050146275972168086,1.324044513168651,0.13696824020315493,0.007429662945035869,0.7326756492685251,0.3405602599865904,-0.006079359933843002,0.04482069316768284,3.0431391382217674,2.546224286995965,2.456086421808286,0.09013786518767886,1.465348807414856,0.5870527164134814,0.8782960910013745,0.05663094993106996,0.036297407460170086,0.04920350687278682,1.3321075257215398,0.13327464935634029,0.007506450932538315
2321,0.722860299097802,0.3380435814076005,-0.0021985309726803015,0.04422024878973063,2.972715769897125,2.4874426073244105,2.3935302286397344,0.09391237868467622,1.44571810735217,0.5791855412573906,0.8665325660947795,0.05767897792525102,0.037185248007220756,0.05014606555735903,1.3240462976106397,0.1369682522457334,0.007429670491849446,0.7326768733564467,0.34056038476207257,-0.006079324088257593,0.04482076792489317,3.043135829498627,2.5462339409708683,2.4560970117672842,0.09013692920358415,1.4653512985370503,0.5870388177313427,0.8783124808057076,0.05663072582738093,0.036297217609953344,0.049203305141688636,1.332109263277792,0.1332746600738431,0.007506458268586992
2322,0.7228615226255585,0.3380437052458596,-0.0021984945046828186,0.04422032352353098,2.9727126166424385,2.487452181737787,2.393540731223675,0.09391145051411168,1.4457205981956043,0.5791718854187631,0.8665487127768412,0.05767874778422365,0.0371850530424519,0.050145858476156796,1.3240480537613117,0.13696826376365978,0.00742967789697942,0.7326780758263709,0.3405605065439531,-0.0060792899283776125,0.04482084136189558,3.043132571092288,2.5462434340807785,2.4561074262666094,0.09013600781416914,1.4653537467128932,0.5870251448256787,0.8783286018872145,0.056630505280648225,0.03629703077302446,0.049203106609336696,1.3321109732615593,0.1332746702891895,0.007506465465802931
2323,0.7228627240082912,0.3380438258599753,-0.0021984600277124636,0.044220396905028395,2.9727095089452478,2.48746159464504,2.3935510578881134,0.09391053675692665,1.4457230452511167,0.5791584510571341,0.8665645941939826,0.05767852130148906,0.03718486117681845,0.05014565468275525,1.3240497820024655,0.13696827465265135,0.007429685156730392,0.7326792564139608,0.3405606251171116,-0.006079257736714361,0.04482091346277353,3.0431293593851554,2.546252766528614,2.456117665767371,0.09013510076124309,1.4653561516527418,0.5870116936177843,0.8783444580349575,0.05663028824392037,0.03629684690960835,0.04920291123273019,1.3321126560365988,0.1332746799009355,0.007506472520397775
2324,0.7228639028531418,0.33804394298212803,-0.0021984278877536442,0.044220468910463544,2.9727064426159844,2.4874708457006784,2.3935612085425406,0.09390963715813799,1.4457254480165822,0.579145234073444,0.8665802139431382,0.05767829843342899,0.037184672373369046,0.0501454541370039,1.3240514826666576,0.1369682847839159,0.007429692266095448,0.7326804147129011,0.3405607402132015,-0.006079227857108391,0.04482098420296078,3.043126190066455,2.5462619378688367,2.456127730068475,0.09013420780036187,1.4653585128279216,0.58699845999798,0.8783600528299417,0.056630074676645395,0.03629666598535128,0.04920271897448152,1.3321143119170578,0.13327468878411866,0.00750647942727814
2325,0.7228650585954444,0.3380440562794813,-0.002198398511928365,0.04422053950560484,2.9727034126259952,2.4874799337848033,2.393571182307215,0.09390875147758786,1.445727805706284,0.5791322303187799,0.866595575387504,0.05767807914424965,0.037184486601780864,0.05014525680559051,1.3240531560267472,0.13696829399887786,0.00742969921847857,0.7326815501450781,0.34056085149945614,-0.006079200713167407,0.044821053547422385,3.0431230579743307,2.5462709468714233,2.4561376181677432,0.09013332870368025,1.4653608294258023,0.5869854398065875,0.8783753896192148,0.056629864546013736,0.036296487972458484,0.049202529803976394,1.3321159411570624,0.13327469678523426,0.007506486179771369
2326,0.7228661904614068,0.338044165339946,-0.0021983724279332137,0.044220608643474046,2.972700412912682,2.487488856836243,2.3935809773433525,0.09390787949289053,1.4457301171908887,0.5791194355693294,0.8666106816215593,0.05767786340762464,0.037184303839751374,0.05014506266347063,1.3240548022833558,0.1369683021024832,0.007429706005348145,0.7326826619235292,0.3405609585646636,-0.0060791768272779115,0.044821121448397325,3.043119956900122,2.5462797913542934,2.4561473280910855,0.09013246326320776,1.4653631002901564,0.5869726288090366,0.8783904714811198,0.05662965782856174,0.036296312851052684,0.04920234369877031,1.3321175439382815,0.1332747037158668,0.007506492769283384
2327,0.7228672974233472,0.33804426965534806,-0.0021983502845944886,0.04422067626161653,2.9726974361414267,2.4874976116494785,2.3935905906459203,0.09390702100355802,1.4457323809228133,0.5791068454955064,0.8666255354273069,0.05767765120879418,0.037184124074776816,0.05014487169570622,1.324056421548848,0.13696830885530142,0.007429712615824195,0.7326837490080181,0.3405610609025833,-0.006079156840708935,0.04482118784269034,3.043116879349453,2.546288467979533,2.4561568566842484,0.0901316112952847,1.4653653238470585,0.5869600226652046,0.8784053011818539,0.056629454512217,0.03629614061090667,0.04920216064638091,1.3321191203540672,0.13327470934517666,0.007506499184891208
2328,0.722868378136493,0.3380443685951212,-0.0021983328966159454,0.04422074227824661,2.9726944734128296,2.487506193618353,2.3936000177876937,0.09390617583065952,1.4457345948466944,0.579094455625136,0.8666401392215585,0.05767744254622362,0.037183947305557075,0.050144683898835654,1.3240580138346751,0.13696831396197884,0.007429719036066251,0.7326848100424457,0.3405611578860862,-0.0060791415573367286,0.04482125264785565,3.043113816248715,2.5462969719966275,2.456166199355842,0.0901307726407854,1.465367498016036,0.5869476168928727,0.8784198811231634,0.056629254597920065,0.03629597125281725,0.04920198064563033,1.3321206703968813,0.13327471338893393,0.007506505412739596
2329,0.7228694308717303,0.33804446138185806,-0.002198321260968042,0.04422080658814695,2.9726915138878187,2.487514596420965,2.393609252595913,0.09390534382505203,1.445736756272986,0.5790822612919055,0.8666544949810804,0.05767723743518584,0.03718377354503064,0.050144499284068486,1.3240595790240342,0.13696831705942059,0.007429725248662878,0.7326858432882843,0.3405612487431462,-0.006079131959413224,0.044821315758139496,3.043110756569733,2.546305296926942,2.4561753497530656,0.09012994717387629,1.4653696200848914,0.5869354068166677,0.8784342132682237,0.056629058103109885,0.03629580479155788,0.04920180370975513,1.3321221939312675,0.13327471549831166,0.007506511435440302
2330,0.7228704534192355,0.33804454705145226,-0.0021983166271598714,0.044220869056789736,2.9726885443389306,2.4875228116258166,2.3936182867583358,0.09390452486748102,1.4457388617434606,0.5790702575805948,0.8666686041628657,0.057677035910424695,0.037183602822630876,0.050144317879488795,1.3240611168515417,0.13696831769934406,0.007429731231701255,0.7326868465292672,0.3405613325177006,-0.0060791292763576615,0.044821377038667565,3.043107686880727,2.5463134341698,2.456184299366889,0.0901291348029114,1.4653716865765685,0.586923387513838,0.8784482990627305,0.05662886506431812,0.03629564125807649,0.04920162986855549,1.332123690673734,0.1332747152433358,0.007506517231156082
2331,0.722871442971725,0.33804462440721855,-0.002198320552514378,0.0442209295132172,2.972685548560333,2.4875308281858493,2.393627109311308,0.09390371887454149,1.445740906838471,0.5790584392490251,0.8666824675894459,0.05767683803061396,0.037183435188063496,0.050144139733930976,1.3240626268692077,0.136968315327146,0.007429736957667771,0.7326878169560508,0.3405614080246476,-0.00607913503842826,0.04482143631841415,3.0431045907569017,2.5463213724971374,2.456193037019851,0.09012833547728633,1.4653736930585346,0.5869115537370505,0.8784621393214841,0.05662867554149442,0.03629548070315963,0.04920145917215785,1.3321251601592148,0.1332747120928727,0.0075065227725199316
2332,0.7228723959601694,0.33804469195013115,-0.0021983350169690608,0.04422098774001598,2.9726825066279994,2.4875386317887314,2.3936357059942805,0.09390292579445102,1.4457428859434496,0.579046800633719,0.8666960853097305,0.05767664388197515,0.037183270714371344,0.05014396491991964,1.324064108418822,0.13696830925199946,0.007429742391840948,0.7326887510040105,0.34056147378141904,-0.0060791511889188715,0.04482149338030622,3.0431014480418974,2.5463290974052297,2.456201548220718,0.090127549184512,1.4653756339121016,0.5868998998211798,0.8784757340909217,0.056628489621512665,0.03629532320040281,0.04920129169386766,1.3321266017138824,0.13327470538629907,0.007506528025054893
2333,0.7228733078655654,0.3380447478044919,-0.0021983624934011348,0.04422104346183589,2.97267939394725,2.48754620404548,2.3936440584297007,0.09390214561577925,1.4457447919203388,0.5790353355175492,0.8667094564027896,0.05767645358528446,0.037183109503870375,0.050143793539813346,1.324065560578483,0.13696829861292295,0.007429747490514732,0.7326896441675921,0.3405615279351849,-0.00607918015204667,0.044821547949903284,3.043098233897867,2.546336590305617,2.456209814345245,0.09012677596037225,1.465377502008021,0.586888419552622,0.878489082455399,0.056628307424957156,0.036295168851959436,0.049201127536124184,1.332128014402526,0.13327469430141817,0.007506532945430241
2334,0.7228741729483663,0.3380447896025819,-0.0021984061452782755,0.044221096328880286,2.9726761800447012,2.4875535214258435,2.3936521430664577,0.09390137835938571,1.4457466157311307,0.5790240369782436,0.8667225787528872,0.05767626730159675,0.037182951692998796,0.05014362573040984,1.3240669821189137,0.1369682823291572,0.007429752198346523,0.7326904907335932,0.3405615681498765,-0.006079225025899866,0.0448215996791277,3.0430949176016093,2.5463438274647316,2.4562178115817446,0.09012601588298705,1.465379288335184,0.5868771060198649,0.8785021823153191,0.05662812911165447,0.03629501779322714,0.049200966834956054,1.332129396985656,0.13327467780752397,0.0075065374788577475
2335,0.7228749838999085,0.33804481433543226,-0.0021984700230213566,0.0442211458956364,2.972672826998762,2.487560553894239,2.3936599298277237,0.09390062406651549,1.4457483458967326,0.5790128971710383,0.8667354487256943,0.05767608523930143,0.03718279745829439,0.05014346166877763,1.3240683714496149,0.13696825903600693,0.007429756444933404,0.7326912834379001,0.3405615914602151,-0.006079289773133947,0.04482164812532549,3.0430914609816067,2.546350778646161,2.456225509582387,0.09012526906377434,1.4653809814671863,0.5868659513992198,0.8785150300679665,0.05662795488750666,0.036294870198636586,0.049200809765637135,1.3321307478665183,0.13327465460478755,0.007506541555734072
2336,0.7228757313897758,0.3380448181599858,-0.002198559324987061,0.0442211915932541,2.9726692873905565,2.4875672631272394,2.3936673803416193,0.09389988278562018,1.445749967799817,0.5790019070489374,0.8667480607508795,0.05767590766376816,0.03718264702456603,0.05014330158024519,1.3240697265452506,0.1369682270016743,0.007429760140377146,0.7326920130201323,0.34056159408325454,-0.0060793794743997445,0.0448216927240975,3.043087816379163,2.546357405337825,2.456232869699832,0.09012453563799312,1.4653825668758003,0.5868549466793307,0.8785276201964696,0.05662778501382683,0.03629472628956004,0.04920065655042906,1.3321320650187034,0.13327462304575483,0.007506545087295355
2337,0.7228764033704227,0.33804479607608867,-0.0021986809621618378,0.044221232687104886,2.972665501607601,2.487573600095112,2.3936744456078616,0.09389915448725038,1.4457514627795516,0.5789910559997393,0.8667604067798123,0.057675734898464226,0.03718250066584011,0.05014314573780897,1.3240710449371207,0.13696818399602534,0.007429763168162176,0.7326926675408909,0.34056157110344565,-0.006079500876587159,0.044821732747641174,3.0430839239678247,2.5463636583504026,2.4562398426638,0.09012381568660253,1.4653840260402646,0.5868440813040245,0.8785399447362401,0.05662761980855449,0.03629458633534109,0.0492005074581507,1.332133345976721,0.13327458101167047,0.007506547958650633
2338,0.7228769842729026,0.3380447415808542,-0.002198843863710491,0.044221268227693705,2.972661394185837,2.4875795019303393,2.393681062896953,0.09389843903338624,1.4457528067408452,0.578980331288884,0.8667724754519611,0.057675567340571214,0.0371823587185904,0.05014299447545959,1.3240723235939804,0.1369681271420266,0.007429765377240704,0.7326932315909203,0.34056151613486546,-0.006079662690544621,0.044821767256496683,3.043079708120646,2.5463694747072214,2.456246365495388,0.09012310921183374,1.4653853350817816,0.5868333426252585,0.878551992456523,0.056627459661271404,0.036294450666015256,0.049200362816992,1.3321345877195632,0.133274525772318,0.007506550021029002
2339,0.7228774537179484,0.3380446460653704,-0.0021990600941775573,0.044221296971975854,2.972656868906255,2.487584887499642,2.393687151491057,0.09389773600858471,1.4457539685458052,0.5789697174151984,0.8667842511306068,0.05767540546071455,0.037182221581508856,0.05014284818475051,1.3240735589240997,0.13696805267197945,0.007429766568778862,0.7326936850273424,0.34056142073359186,-0.006079876673813635,0.0448217950224211,3.0430750725443714,2.5463747732558604,2.456252357274759,0.09012241598110132,1.4653864631818405,0.5868227152696124,0.8785637479122281,0.05662730503310033,0.036294319672224296,0.049200223011386296,1.332135786671488,0.13327445375655853,0.0075065510788296045
2340,0.7228777847706287,0.3380444980008914,-0.0021993459536324145,0.04422131727679684,2.9726518019509016,2.487589651370843,2.3936926068719657,0.0938970444988773,1.4457549074358969,0.578959195078936,0.8667957123569608,0.05767524980420105,0.03718208971655405,0.05014270731290765,1.3240747467658158,0.1369679555968881,0.007429766478245432,0.7326940012630833,0.34056127360533794,-0.006080158697235036,0.04482181442398071,3.043069893495105,2.5463794486917406,2.456257713368654,0.09012173532308697,1.4653873700546847,0.586812180126451,0.8785751899282337,0.05662715645809284,0.03629419380639183,0.04920008848038933,1.332136938691252,0.13327436024127515,0.007506550872128485
2341,0.7228779413132332,0.3380442816751143,-0.0021997240254092026,0.04422132693846631,2.9726460323150525,2.4875936551953433,2.39369729253036,0.09389636266498327,1.4457555695412574,0.5789487397846926,0.8668068297565648,0.0576751009730099,0.037181963633694706,0.050142572340833205,1.3240758825249608,0.13696782920408387,0.0074297647480044806,0.7326941446944956,0.34056105937586206,-0.006080530730586023,0.04482182328951023,3.0430640102833,2.546383363032748,2.456262297304644,0.0901210657281038,1.4653880025261665,0.5868017129786561,0.8785862895475104,0.056627014526165746,0.03629407356826796,0.0491999596967939,1.3321380392044175,0.1332742388790189,0.007506549049926594
2342,0.7228778740731946,0.3380439752347455,-0.002200226283004772,0.0442213229501456,2.9726393479931876,2.4875967152379688,2.3937010282542706,0.09389568698369805,1.4457558826264665,0.5789383197389171,0.8668175628875494,0.057674959574594134,0.0371818438475368,0.05014244372821523,1.3240769615655688,0.13696766429081797,0.00742976088533751,0.7326940668161687,0.3405607566884125,-0.006081023851531454,0.044821818659870644,3.043057211605855,2.5463863332952825,2.456265929161929,0.09012040413335363,1.465388289388991,0.5867912824439265,0.8785970069450644,0.05662687983443018,0.03629395946369741,0.04919983711491237,1.3321390835807374,0.1332740809780607,0.007506545129212432
2343,0.7228775142929743,0.3380435474689799,-0.002200899457282697,0.04422130111510504,2.972631465532542,2.487598583664715,2.393703572861078,0.09389501080363707,1.445755748146389,0.578927892671464,0.8668278554749249,0.05767482609050513,0.03718173076602824,0.05014232177987084,1.3240779802124394,0.13696744792977428,0.007429754194426071,0.7326937000358836,0.3405603350804586,-0.006081683442313163,0.044821796410667025,3.0430492153352753,2.546388113023428,2.4562683684694324,0.09011974455399525,1.4653881336323369,0.5867808468658431,0.8786072867664938,0.05662675286208409,0.03629385189863441,0.04919972104325386,1.3321400681042301,0.13327387434369628,0.007506538428684314
2344,0.722876762834929,0.33804295204853624,-0.0022018152569617255,0.04422125538090663,2.972621998481449,2.487598919025097,2.393704597710716,0.09389432131438104,1.4457550285859486,0.5789174007707328,0.8668376278152158,0.05767470053498202,0.03718162440123174,0.05014220630869279,1.324078938356545,0.136967161314088,0.007429743656690007,0.7326929470435258,0.3405597493967917,-0.006082579077842848,0.044821750602729686,3.0430396373654394,2.546388363196137,2.4562692880003794,0.09011907519575765,1.4653874000717673,0.5867703493650601,0.8786170507067071,0.05662663364526546,0.036293750903693384,0.049199611323456335,1.3321409924943377,0.1332736012576644,0.007506527952269119
2345,0.7228754703506595,0.3380421166807065,-0.002203090164033035,0.04422117662742597,2.972610405630231,2.487597236822472,2.3937036436634314,0.0938935931590405,1.4457535256698582,0.5789067619667996,0.8668467637030586,0.05767458164970488,0.03718152368715723,0.050142095852751915,1.3240798456001284,0.13696677578589847,0.007429727708843877,0.7326916614982105,0.3405589292928199,-0.006083823639412525,0.044821672302095966,3.043027940570626,2.546386603597087,2.4562682312369493,0.09011837236013798,1.4653858940870517,0.5867597093336768,0.8786261847533748,0.05662652101177315,0.036293655485840064,0.04919950658607876,1.332141865839859,0.13327323476072117,0.007506512173447596
