Year,GDP ($Y_t$): Baseline,Labor ($L_t$): Baseline,Government Expenditures ($G_t$): Baseline,Lump sum transfers ($TR_t$): Baseline,Wealth ($B_t$): Baseline,Capital Stock ($K_t$): Baseline,Domestically-owned Capital Stock ($K^d_t$): Baseline,Foreign-owned Capital Stock ($K^f_t$): Baseline,Government Debt ($D_t$): Baseline,Domestically-owned Gov Debt ($D^d_t$): Baseline,Foreign-owned Gov Debt ($D^f_t$): Baseline,Real interest rate ($r_t$): Baseline,"Real interest rate on gov debt ($r_{gov,t}$): Baseline","Real interest rate on HH portfolio ($r_{p,t}$): Baseline",Wage rate: Baseline,Total tax revenue ($REV_t$): Baseline,Business tax revenue: Baseline,GDP ($Y_t$): Reform,Labor ($L_t$): Reform,Government Expenditures ($G_t$): Reform,Lump sum transfers ($TR_t$): Reform,Wealth ($B_t$): Reform,Capital Stock ($K_t$): Reform,Domestically-owned Capital Stock ($K^d_t$): Reform,Foreign-owned Capital Stock ($K^f_t$): Reform,Government Debt ($D_t$): Reform,Domestically-owned Gov Debt ($D^d_t$): Reform,Foreign-owned Gov Debt ($D^f_t$): Reform,Real interest rate ($r_t$): Reform,"Real interest rate on gov debt ($r_{gov,t}$): Reform","Real interest rate on HH portfolio ($r_{p,t}$): Reform",Wage rate: Reform,Total tax revenue ($REV_t$): Reform,Business tax revenue: Reform
2026,0.7353473214688737,0.3371110957457728,0.008258771920090393,0.04498410530898253,2.9457294681510593,2.6135805145883904,2.5347049091102787,0.07887560547811145,0.6850409317346343,0.41102455904078056,0.27401637269385376,0.05428315432227919,0.03430846427425763,0.05013490159553369,1.3506439475351082,0.14392981820743275,0.007477847748837233,0.7423204477539209,0.3419085473338021,0.00750337912652703,0.045410677477175254,2.9457294681510593,2.6183101551372134,2.5347049091102787,0.08360524602693463,0.6850409317346343,0.41102455904078056,0.27401637269385376,0.055074508418842705,0.03497886263947758,0.05090711039331158,1.3443206298937156,0.13565148772655605,0.007568088803774554
2027,0.7347102091390871,0.338296798390112,0.008251616436871015,0.044945135565415455,2.9008995999791525,2.592794171334246,2.5103101466395237,0.08248402469472241,0.6509824222327146,0.39058945333962874,0.2603929688930859,0.055021225708432556,0.034933724006710576,0.05098992281852255,1.3447439446892075,0.14387489718351737,0.007489222132597685,0.7416882212114939,0.3427769615217659,0.0067472897194753335,0.045372006660775066,2.9106602663933927,2.601705365466158,2.5153038768942295,0.08640148857192853,0.6589273158319383,0.39535638949916296,0.26357092633277535,0.055649733339412276,0.035466166424291776,0.0515709107647866,1.3397728021282658,0.13558119980694525,0.007575499010110621
2028,0.7340488910572788,0.33911419678846033,0.008244189096014756,0.044904668469482226,2.862035872987712,2.5765401969682165,2.4913547921972965,0.08518540477091975,0.6178018013173594,0.3706810807904156,0.24712072052694378,0.05558341496849639,0.035409984586554255,0.051681759780747766,1.3402950863985121,0.14377201422293265,0.007495898690333447,0.7411433887016877,0.34333354116314363,0.006068099939848232,0.04533866952959936,2.881314608460489,2.5898487016074636,2.5015201253878083,0.08832857621965517,0.6329908051211345,0.37979448307268066,0.2531963220484538,0.056051746998814135,0.03580673368897071,0.05207545580594833,1.3366183141268042,0.13548613096803253,0.007579520625931721
2029,0.7336605363134016,0.3396728730275566,0.008239827438386955,0.04488090832418422,2.830301817269828,2.566084877325352,2.479125793194331,0.08695908413102094,0.5852933734591623,0.3511760240754974,0.23411734938366494,0.055954104308259936,0.03572401534530196,0.05219683495341294,1.3373827110358265,0.14366227361157735,0.007500696866599882,0.740770101653044,0.34365268547848876,0.005458539292161633,0.045315831727905063,2.8572834572784096,2.582520403535972,2.493027979449581,0.08949242408639074,0.6070924630480474,0.3642554778288284,0.24283698521921904,0.056296871310613554,0.03601439159915226,0.05243640843539963,1.3347044362010632,0.1353770045012274,0.007581509513369929
2030,0.7333998810433681,0.3400392020919737,0.008236899988511057,0.04486496204253572,2.8030382327871415,2.559202308191928,2.4710772151852023,0.08812509300672587,0.5532683626698991,0.3319610176019394,0.22130734506795968,0.05619905658055897,0.035931527511624595,0.05259631676520786,1.3354673021081793,0.14354457308888027,0.007503787346800657,0.7405112212989349,0.3438103628420064,0.005456631671184868,0.0452999940680861,2.8367575960729394,2.5782273546288597,2.4880852044140718,0.09014215021478772,0.5811206527647796,0.34867239165886776,0.2324482611059119,0.05643538994238729,0.03613173813807445,0.052700786295647284,1.3336260895870446,0.1352617896287647,0.0075821280868143826
2031,0.7333805044661498,0.3402956028337718,0.008236682367902174,0.044863776509033323,2.780194502199876,2.5558904233273956,2.467116480260725,0.08877394306667087,0.5217967032319187,0.31307802193915124,0.2087186812927675,0.05633263300445547,0.03604468724201711,0.05289296513524125,1.334425829626092,0.14344643889937983,0.007506716237753612,0.740451049550896,0.3438809326501961,0.005456188281460829,0.045296312813825707,2.8198910891500963,2.5768172034604593,2.4864410672072235,0.09037613625323593,0.555750036571455,0.333450021942873,0.22230001462858207,0.056484532460702744,0.03617336939276124,0.05288110778354209,1.3332440722259955,0.13516369244962007,0.007582669286437459
2032,0.7337397981492488,0.3405255877745456,0.008240717637351607,0.04488575623915586,2.7619829412712282,2.5563701107356605,2.4673975394380743,0.08897257129758616,0.490975669721923,0.2945854018331538,0.19639026788876923,0.0563644707940444,0.03607165873579633,0.05309496528912582,1.3341779109681726,0.1433965526781467,0.007511138469955348,0.7407460014529308,0.3439460813970814,0.005458361704150219,0.04531435631121483,2.8071437535359496,2.578719090304873,2.4884829104986834,0.09023617980618934,0.5311014050621101,0.31866084303726605,0.21244056202484407,0.056448708026211276,0.03614302059893772,0.05298084916771871,1.3335225319870656,0.13511031981621918,0.007584845933265869
2033,0.7345022228797482,0.34077148387335804,0.008249280518824885,0.044932397416898,2.7479451477824264,2.5603445275330925,2.471544202095683,0.08880032543740951,0.4606682428112388,0.2764009456867433,0.18426729712449552,0.05631020607426418,0.036025688190388476,0.05321704860418744,1.33460054130092,0.14340561861122295,0.0075176727158643465,0.7414097393746866,0.34404205762277607,0.005463252613647669,0.04535496017202427,2.7980537876862477,2.5836188042632235,2.4938219042073735,0.08979690005585,0.5070531391314573,0.3042318834788744,0.20282125565258294,0.05634299808153559,0.03605346805298411,0.05301430185576926,1.334345094858546,0.1351073408288003,0.00758914663581679
2034,0.7355985306923991,0.3410418912055812,0.008261593280311268,0.044999463644002834,2.737091302016211,2.5670789608861764,2.478730700068545,0.08834826081763153,0.43060100324610995,0.25836060194766597,0.17224040129844398,0.05619066526681865,0.035924418781110676,0.05327951426006749,1.3355328026971067,0.14346436397660134,0.007526085736276044,0.7423764608116311,0.3441791664425289,0.0054703761286712385,0.045414099035577755,2.791650094008558,2.590795425898372,2.501645738453737,0.0891496874446351,0.4833405925913681,0.29000435555482085,0.19333623703654723,0.05618811337732832,0.03592225693908575,0.05300173917781139,1.3355527117841999,0.13514982735344838,0.0075953717005940715
2035,0.7369106413631631,0.3413056529577691,0.008276329748980401,0.04507973152904167,2.728540204114072,2.5758806088611874,2.488221382783617,0.08765922607757033,0.4005313688840917,0.24031882133045498,0.1602125475536367,0.05601816283784969,0.035778282750628915,0.053294501709748164,1.3368811141599348,0.14355325666473204,0.00753544001738494,0.7435262002498132,0.3443238738892157,0.0054788482550233416,0.04548443407336602,2.7870666397060284,2.5995678257506243,2.5112343360281826,0.08833348972244162,0.459720506129743,0.27583230367784584,0.18388820245189721,0.05599543884133569,0.035759032038235564,0.052954494306542504,1.3370589843129017,0.13521819118564896,0.007602546732132861
2036,0.7383731788510739,0.34154747947992203,0.008292755678856787,0.04516920169094306,2.7218089118409,2.5863467485567453,2.4995855287213544,0.08676121983539088,0.37037230519924275,0.22222338311954562,0.14814892207969713,0.05580069389050392,0.03559405317827968,0.0532695070428841,1.3385859962342574,0.14366140643709335,0.007545234953814293,0.7447993215974431,0.3444585944024785,0.005488229550089409,0.04556231697836529,2.783911043403517,2.6096123192167116,2.5222473106958616,0.08736500852085,0.4361062211794256,0.26166373270765536,0.17444248847177024,0.05577031635624706,0.0355683187448653,0.05287764920281108,1.338824588476704,0.13530243446523138,0.007610172974902532
2037,0.7399450347621889,0.3417679177450567,0.008310409376751836,0.04526535934835208,2.716480649762416,2.59810284642726,2.512406390340368,0.0856964560868922,0.34012376570341374,0.2040742594220482,0.13604950628136553,0.05554848463115285,0.03538039323022795,0.053213854348845124,1.3405703976941994,0.14378342906752292,0.007555272688136911,0.7461522265051049,0.34458063651132037,0.0054981987491439475,0.04564508076718794,2.7817841529560097,2.620568651141557,2.5342873272040007,0.08628132393755637,0.4124947095866813,0.24749682575200876,0.1649978838346725,0.0555217101333246,0.03535771112160983,0.052779408670992886,1.3407815028601293,0.13539557565534918,0.0076180049574652835
2038,0.7416348164558317,0.3419815516965354,0.00832938751292654,0.04536873110940377,2.712465832709965,2.611057753721033,2.5265667159141283,0.08449103780690463,0.30983186132639423,0.18589911679583648,0.12393274453055773,0.05526722951697704,0.03514212698560747,0.053132461840741455,1.342792469217355,0.14392393071579795,0.007565758096090974,0.7475915306447335,0.344702754793521,0.0055088046013266985,0.04573312898454261,2.7806012515503253,2.632346650702893,2.5472402243119476,0.08510642639094532,0.38893504539729645,0.23336102723837784,0.1555740181589186,0.0552546675371,0.03513148506082303,0.05266416425392248,1.3428919286291303,0.13550227442037238,0.007626219535925426
2039,0.7435847934377431,0.3422635435117373,0.008351287932868049,0.04548802014278718,2.710109893216678,2.62560298588737,2.542419189525517,0.08318379636185323,0.2794845061519356,0.1676907036911613,0.11179380246077429,0.054962134836034376,0.03488366496938809,0.05303047497307754,1.3452138548092334,0.14410989514195693,0.0075782479559433685,0.7492640952467808,0.344899433704527,0.0055211292882688156,0.04583544711025671,2.7807695415332003,2.6453851154092622,2.5615119641044752,0.08387315130478686,0.3654292957145422,0.2192575774287253,0.1461717182858169,0.05497281750781116,0.034892714831802965,0.05253564142456216,1.3451288644904826,0.13564829761311784,0.007636390337672751
2040,0.7459031814035583,0.34266814451257305,0.008377326019732503,0.04562984631173503,2.709615720796354,2.642074023324928,2.5602771399618254,0.08179688336310265,0.2488976347242143,0.14933858083452853,0.09955905388968578,0.05463602253059657,0.034607397799744324,0.05291165636534101,1.3478147644244722,0.14436333672470675,0.007593890095156177,0.7512765640103962,0.34522231169832424,0.005535958639231994,0.04595855888048575,2.782520129813729,2.6600339814519103,2.5774347995112503,0.08259918194066014,0.34180888383746444,0.20508533030247864,0.1367235535349858,0.054677857146171044,0.03464283813929967,0.05239653446771456,1.3474803599482728,0.13585294057273073,0.007649629884972064
2041,0.7486030568241788,0.34319408532668366,0.008407648636896626,0.0457950096394406,2.7110424630491003,2.6606177107472138,2.5803051184936496,0.08031259225356417,0.21789557425908443,0.1307373445554506,0.08715822970363384,0.054286093145881426,0.0343109539088563,0.052774025323189803,1.350620363731247,0.14468530851963704,0.007612720745268066,0.7536406712627971,0.3456682896350777,0.005553379121375264,0.046103181781837824,2.7859290242375114,2.676446813803898,2.595182753095784,0.08126406070811415,0.31791045190287937,0.19074627114172757,0.1271641807611518,0.054366211319601024,0.034378826297360096,0.05224414629715916,1.3499766391484394,0.1361170946477197,0.007665949685351666
2042,0.7516435993074547,0.3438154551704222,0.008441797325753696,0.04598101297558623,2.7143215728282586,2.681191121128081,2.6024838112472617,0.07870730988081913,0.18639626930166142,0.11183776158099679,0.07455850772066464,0.05390970980200694,0.033992099454794325,0.05261504049616042,1.353655241537603,0.14506706201458344,0.007634226328712542,0.7563126841928226,0.3462089871343835,0.005573068479160035,0.04626664059386935,2.7909301174827794,2.6945805215988194,2.6147390341501606,0.07984148744865865,0.29365180555436476,0.1761910833326188,0.11746072222174596,0.05403448529641587,0.03409780344727317,0.05207531294553107,1.352647145747164,0.1364318137126167,0.007684796724676112
2043,0.7551066227690323,0.3445678975675287,0.00848069094797559,0.04619286119966671,2.719752728318341,2.7041221040459087,2.6271384514102967,0.07698365263561224,0.15435712818007394,0.0926142769080443,0.061742851272029636,0.05350700171772168,0.033650943905668994,0.05243477804111778,1.3569222899956908,0.14552470980421822,0.007659203094940404,0.7593709158922175,0.34687749795777073,0.0055956037810822225,0.04645372590374913,2.797827539186371,2.714758123827073,2.636426301566282,0.07833182226079077,0.2690020627001487,0.16140123762008918,0.10760082508005953,0.053682083457975455,0.03379926500864388,0.0518895346242904,1.3554993476339372,0.13681131006679775,0.007706924314752988
2044,0.7589698536286341,0.3454547218433514,0.008524079346372655,0.04642919174447705,2.727007300482297,2.7291724392198917,2.654000724727767,0.0751717144921246,0.12167762625754978,0.07300657575452982,0.048671050503019966,0.05308559224891026,0.03329394541383557,0.05224086131122163,1.3603633185998252,0.14605600434128127,0.0076875778542462615,0.7627870057268049,0.34767349807540665,0.00562077604511669,0.04666270273238601,2.8062697369994907,2.7367266052450576,2.659963782239852,0.07676282300520564,0.2438432579327315,0.14630595475963887,0.09753730317309266,0.05331590917581849,0.03348905919659383,0.05169385114884016,1.358479808800729,0.13725222980068089,0.007732190772926751
2045,0.7631697386926897,0.34645720698551236,0.008571248747582062,0.04668611680854,2.7356830165556216,2.75599339132482,2.682703654610032,0.073289736714788,0.08829893657598273,0.05297936194558959,0.03531957463039314,0.052651361917838826,0.032926085684109825,0.052039006879264396,1.3639331091805218,0.1466497358091149,0.007718822744283222,0.7664885594507729,0.34857329078953503,0.005648051817180436,0.0468891423893942,2.815814853831876,2.7601140839239724,2.684964231527282,0.07514985239669048,0.21808437050765625,0.1308506223045937,0.08723374820306255,0.05294111149704098,0.03317154804421362,0.0514934433618793,1.3615483469224785,0.13774231779593096,0.007759970353298194
2046,0.7677705661228404,0.3476005764585279,0.19500560334315278,0.04696756917902565,2.7460868927921536,2.7848780963990705,2.7135453178377515,0.07133277856131874,0.05423595825733684,0.032541574954402054,0.021694383302934786,0.052203329904062526,0.03254653381105305,0.05182782696235098,1.3676422609528207,0.14731742512756904,0.00775352921148849,0.7705277205743144,0.34959547212790076,0.17064204401333669,0.04713623463060755,2.8267320656952473,2.785180201390923,2.711695769818098,0.07348443157282525,0.19172715979524874,0.11503629587714918,0.07669086391809955,0.052555884613155225,0.03284520175458516,0.05128641961470644,1.3647213105541072,0.13828988752813937,0.007790721680513547
2047,0.759495404272855,0.34687011763899933,0.17611137338816607,0.046461346443427136,2.7592573214259652,2.7160208688470453,2.6378374360322625,0.07818343281478263,0.20236647565617125,0.12141988539370269,0.08094659026246856,0.05365113507584397,0.033773046979474336,0.05227275387392441,1.3557506032375612,0.14651696001293493,0.007707399536737233,0.7631132233887099,0.3489414796382308,0.1533483632010509,0.04668266212817495,2.840020919787464,2.7236316944470036,2.644024927029112,0.07960676741789141,0.32665998793058676,0.195995992758352,0.13066399517223476,0.053851981715808815,0.033943194906523755,0.0517199202326331,1.3541222884251138,0.13766075833161862,0.00774924789830511
2048,0.7519990365149236,0.3462776019318251,0.15898342321382938,0.04600276564674616,2.7694972385797256,2.6535549396957694,2.5690798932126504,0.0844750464831192,0.33402890894512516,0.20041734536707503,0.13361156357805012,0.055031036913548007,0.03494203560312335,0.052784974653363875,1.3446660120087217,0.14584131970488926,0.007665697026078765,0.7564145507295474,0.3484082396132958,0.13768998939291904,0.04627287953547364,2.850680165974104,2.667922724455698,2.5827101856849417,0.08521253877075646,0.4466166338152701,0.267969980289162,0.1786466535261081,0.05507837030491208,0.034982134249644026,0.052196622344639815,1.344289986343403,0.13713000562533867,0.007711877049517637
2049,0.745239496929314,0.3457909009918172,0.1435145529042826,0.04558925961104983,2.777734255154983,2.5973100982354453,2.507118759942825,0.09019133829262038,0.4510258253535973,0.27061549521215833,0.18041033014143898,0.0563289218030827,0.036041543284913574,0.05332724345759476,1.3344547383070957,0.14526902536523742,0.007628015217384609,0.7503943136914998,0.34796839085453957,0.12357166794371383,0.04590459958812558,2.8595490100565137,2.617895579294459,2.527606281708722,0.09028929758573692,0.5532378805796526,0.33194272834779154,0.22129515223186108,0.0562234905892454,0.03595222686675561,0.05268695261653168,1.3352766248268526,0.1366810596260274,0.00767825284931518
2050,0.7391844714574265,0.3453987595301843,0.1295600578300557,0.04521885149916742,2.784580517621558,2.546954664737265,2.4515978322990977,0.09535683243816767,0.5549711422041005,0.3329826853224602,0.22198845688164026,0.05753906616597491,0.03706672127550727,0.053876324513622426,1.3251151114367463,0.1447889666455341,0.007594234505961977,0.745023501741827,0.3476137928474142,0.1108569235416418,0.04557604771950932,2.86717420705547,2.5732409304324397,2.4783784338994774,0.09486249653296237,0.6479929552599873,0.3887957731559924,0.25919718210399495,0.05728365822367678,0.03685035155211238,0.0531732331741633,1.3270719812623148,0.13630615474967128,0.0076482790602262676
2051,0.733760044778501,0.3450820647255617,0.11696340299007792,0.044887019447167706,2.7902653105802107,2.5018952787761273,2.4018787572151052,0.10001652156102199,0.6473109222751757,0.3883865533651054,0.2589243689100703,0.05866231922122793,0.03801828899372595,0.054418996466333,1.3165980771782184,0.14438761178023127,0.007563921950198846,0.740230416956575,0.34732730958902497,0.09939637777283836,0.045282837595404704,2.8737319664648338,2.533389561423185,2.4344129504154215,0.09897661100776356,0.7321983600823541,0.4393190160494124,0.29287934403294164,0.058261351208170574,0.0376786075519713,0.05364636241070965,1.3196218642815096,0.1359946185229947,0.007621529613866125
2052,0.7288932306117102,0.34482103674310605,0.1055782735560811,0.04458929868940789,2.794969852817192,2.461580733353178,2.357370749415177,0.10420998393800092,0.7293318390033582,0.43759910340201486,0.29173273560134333,0.059700119453485134,0.038897465056820076,0.05494535737792164,1.3088555157278032,0.14405006507999804,0.0075366166070905075,0.7359442859865833,0.34709056897545326,0.08905023133538802,0.04502063975524219,2.879363266255044,2.497818163316176,2.395148501775784,0.10266966154039195,0.8070246074654337,0.4842147644792602,0.3228098429861735,0.059159243969078325,0.038439260515883866,0.0540995370072862,1.3128757689426613,0.13573408489534491,0.007597546761185807
2053,0.7245178152331093,0.34459747956737136,0.09529668395558538,0.04432163873525102,2.7988589296149406,2.425523955632457,2.317552548879722,0.1079714067527346,0.8021773012253643,0.48130638073521853,0.3208709204901458,0.06065411749994411,0.03970564780781161,0.05544781827203757,1.30184270862714,0.1437627892576626,0.007511887787904969,0.7321012519577478,0.3468864559172677,0.07971667065227114,0.04478554786609745,2.8842025343683435,2.4660696225746688,2.360095932018619,0.10597369055604984,0.8735110039162072,0.5241066023497243,0.3494044015664829,0.05997990631442114,0.03913448746562044,0.05452751475148179,1.3067885335122975,0.1355131644359054,0.007575902977132122
2054,0.7206224020103354,0.344399627754339,0.08605111057456492,0.04408334243541474,2.802485696874301,2.3936626411704944,2.282367816384631,0.11129482478586364,0.8668631341494498,0.5201178804896698,0.34674525365978004,0.061516564839055786,0.04043627305981898,0.05591203338809173,1.2955871354902482,0.1435168405441029,0.007489640610330522,0.7286931696437474,0.34670416729254594,0.07133489873478366,0.0445770637080591,2.888788945014981,2.438120339145991,2.3292408526652992,0.10887948648069173,0.932580153916136,0.5595480923496816,0.37303206156645446,0.06071629654638083,0.03975832300247242,0.05491780219133938,1.3013890432707327,0.13532455079266917,0.00755651027520543
2055,0.7171607117304678,0.3442168296889805,0.07772827041999623,0.04387157859698511,2.805998078418596,2.365626960136831,2.2514172977366527,0.11420966240017827,0.9243013011365719,0.554580780681943,0.3697205204546289,0.06228939343120767,0.04109097747977933,0.05633372717869789,1.2900481763158664,0.1433079675976632,0.007469602385598236,0.7256762339419943,0.3465336758714087,0.06379692438228789,0.04439250744340463,2.893254612597451,2.4136318244018913,2.302218149125488,0.11141367527640361,0.9850607724532721,0.5910364634719631,0.3940243089813089,0.061370828214149346,0.04031281177300158,0.05526747459948712,1.2966386529683456,0.13516511294216016,0.007539099392465155
2056,0.7140598197629878,0.3440354938151761,0.0701953731540891,0.04368188609482335,2.8092859617726047,2.340866195823203,2.2241039737512,0.11676222207200311,0.9753033133690083,0.5851819880214049,0.39012132534760346,0.06298050571301189,0.04167645564425332,0.056714872512104164,1.2851472269009,0.14312789469757561,0.007451312536201859,0.7229796538247553,0.34636183463665726,0.0569748850072959,0.0442275484571944,2.8974730607720223,2.3920792639132147,2.2784590955742163,0.11362016833899857,1.0316899419963435,0.6190139651978059,0.41267597679853746,0.06195162756460425,0.04080483795541046,0.055579432191378536,1.2924613155822149,0.13502781947831233,0.007523213790598189
2057,0.711285592686917,0.3438406059913777,0.06336523597249132,0.04351217689618574,2.8125896199153493,2.319195273416643,2.2002386523245265,0.11895662109211663,1.0205849459847052,0.612350967590823,0.4082339783938822,0.063587939648269,0.042191045407475466,0.05704938387006035,1.280879823099803,0.14296696819407406,0.007434485410529447,0.720571928462189,0.3461740257995075,0.05078707243993419,0.04408025980223852,2.9016788586451274,2.3733087820577423,2.257808731508131,0.1155000505496112,1.0731168785616605,0.6438701271369962,0.42924675142466434,0.062456885145528204,0.04123286866598279,0.0558483439652859,1.2888559157748873,0.13490422196498122,0.007508573535262745
2058,0.7088052116981375,0.34362583505509514,0.05719659934737523,0.04336044352844445,2.816009251320101,2.300353949562772,2.17953910936593,0.12081484019684155,1.0607835699236179,0.6364701419541706,0.42431342796944727,0.06411444401533112,0.042637075406552205,0.05733613440111873,1.2772109347704053,0.14282177885816771,0.0074189256841862995,0.7184226122746892,0.34596419392520666,0.045197101475479215,0.043948778971244606,2.9059662206628336,2.357087085100264,2.2400144748240747,0.11707261027618952,1.109919576397932,0.665951745838759,0.4439678305591729,0.06288934155236194,0.0415992256096433,0.05607357397264298,1.285790901835831,0.1347916115643358,0.007494989589402053
2059,0.7066024189255261,0.3433999172048813,0.05166377704160681,0.04322569123862611,2.8195727246565614,2.2840697009324433,2.1616929714940314,0.12237672943841212,1.0964662552708837,0.6578797531625301,0.4385865021083536,0.06456699927222562,0.043020459160691166,0.05757844909413704,1.2740793174431397,0.1426926497588699,0.007404675016059929,0.7165180082765024,0.34574138469273735,0.04018390708057447,0.04383226806504034,2.9103583759224247,2.3431663799661395,2.2247910911945787,0.11837528877156096,1.1426121412130767,0.6855672847278459,0.45704485648523085,0.06325580128629511,0.04190967324315476,0.056258701584655776,1.2832085678043554,0.1346907592047898,0.007482514589706292
2060,0.7046572264738404,0.343171355841692,0.046727527385864547,0.043106697300273264,2.8232514931194976,2.270051378396701,2.1463674250021576,0.12368395339454333,1.1281401135289006,0.6768840681173403,0.4512560454115604,0.06495387018324553,0.04334819819360347,0.05778116776978007,1.271418156842044,0.14257928432411046,0.007391742308565182,0.7148407769967694,0.34551442824316747,0.035712968658322145,0.043729666374567586,2.914823551379296,2.3312784001443916,2.211830834131055,0.11944756601333667,1.1716545287470694,0.7029927172482415,0.46866181149882796,0.063564222014343,0.042170952931705225,0.056408642495410596,1.2810457422945964,0.13460183293022407,0.007471171387463293
2061,0.7029460544468459,0.3429413982589711,0.04232589276579668,0.043002019292298174,2.8270545551468818,2.2580640127154346,2.133300026664415,0.12476398605101953,1.1562575474707786,0.6937545284824671,0.46250301898831153,0.06528072900641509,0.04362509777833065,0.05794706761317231,1.2691811421701398,0.1424792002942998,0.007380033478909026,0.7133699815435821,0.34528486089437127,0.03172707643885281,0.04363969313545789,2.919370448887983,2.3212108260796467,2.2008961101249533,0.1203147159546933,1.1974572312717164,0.7184743387630297,0.4789828925086867,0.06381991185271237,0.04238756146433373,0.05652615271930667,1.279259937177644,0.1345228983904153,0.007460879999593016
2062,0.7014428875610825,0.34270569505799786,0.03839545588057212,0.042910065740723285,2.8310173565300114,2.2479178960610526,2.1222847543621697,0.1256331416988831,1.18122100361307,0.7087326021678418,0.4724884014452281,0.06555114992709796,0.043854185798389345,0.05807729080730962,1.2673381810957625,0.1423892057580644,0.007369377707631401,0.7120820912067655,0.34504856087903396,0.028167359801957552,0.04356090889007551,2.9240359788999144,2.3127955756114797,2.1918046762279575,0.12099089938352206,1.2203855044532614,0.7322313026719567,0.4881542017813047,0.06402605883387512,0.04256219959379648,0.05661229308313216,1.2778249033643474,0.13445128384118538,0.007451482539518184
2063,0.700118657429254,0.34245835437087047,0.034880188882279395,0.04282905838699477,2.835144308112485,2.2394184102488617,2.1131118196540974,0.12630659059476426,1.2033874807639797,0.7220324884583877,0.481354992305592,0.06576890908950254,0.044038661227431344,0.05817338946188891,1.2658592160693611,0.14230591411218874,0.007359567401280038,0.7109502979085215,0.3447998270330117,0.02498213308234634,0.04349167367290827,2.928825786601089,2.3058571358908897,2.184367763251516,0.12148937263937361,1.2407633722492886,0.744458023349573,0.49630534889971556,0.06418602583436735,0.04269771619260457,0.05666847451935708,1.276714246935296,0.1343840850432443,0.0074427837271473195
2064,0.6989496800020737,0.3421978402094649,0.0317234108287323,0.042757548405393794,2.839413004903079,2.2323735144745678,2.1055695263990195,0.12680398807554827,1.2230724641734325,0.7338434785040594,0.4892289856693731,0.0659389174848187,0.04418268442866144,0.058238191888151665,1.2647077077202673,0.14222733088295533,0.007350465682359356,0.7099530902251031,0.34453732812968796,0.022118694697025217,0.043430671536618566,2.9337184974161543,2.3002203770190865,2.1783922406525162,0.1218281363665702,1.2588770946060641,0.7553262567636383,0.5035508378424258,0.06430428161465113,0.04279789698666922,0.05669732807236291,1.2758948207991325,0.1343196886861902,0.0074346599214945965
2065,0.6979142707757688,0.34192718296039687,0.028866092891086555,0.042694209261463015,2.8437426121738594,2.226562677081584,2.099409519919957,0.12715315716162717,1.2405551537565045,0.7443330922539025,0.49622206150260195,0.06606821221983805,0.04429221691148412,0.058276635320347124,1.2638338021816877,0.14215281870245236,0.007341990319613412,0.7090708182375933,0.3442642967433161,0.019521556034693723,0.04337670040989995,2.938633178954331,2.295678847626697,2.1736451770400445,0.12203367058665229,1.2749800031904786,0.764988001914287,0.5099920012761916,0.06438737418275767,0.04286828914368521,0.05670352690641425,1.2753198754638806,0.1342577343141475,0.007427042979573402
2066,0.6970063224914855,0.341653223896078,0.026262199209465764,0.04263866737911434,2.8481317821065986,2.2218580803735515,2.0944822865849937,0.12737579378855757,1.2560824925360081,0.7536494955216048,0.5024329970144034,0.06616187576713098,0.044371564310149984,0.058292155041343025,1.2632017180614534,0.14208291893044436,0.007334181488100108,0.708299358575635,0.34398775500239187,0.01714787189791217,0.043329508086953794,2.9435702760463904,2.292118873934633,2.169992576135021,0.12212629779961165,1.2892961665189493,0.7735776999113694,0.5157184666075799,0.06443994221226046,0.04291282233204496,0.056690260289380505,1.2749564907524489,0.13419894336325186,0.007419986414159253
2067,0.6962215151461255,0.3413781931218513,0.023869144899378497,0.04259065849093524,2.8526413080655075,2.2181972822363694,2.090716003397085,0.1274812788392845,1.2698755077807045,0.7619253046684226,0.5079502031122819,0.06622207055486737,0.04442255853317667,0.05828569403564835,1.2627959341880022,0.1420178244833692,0.007327040645171539,0.7076361170202523,0.34371002919600274,0.014957889433093091,0.043288935866848954,2.948593710326329,2.289491826845958,2.1673778573770206,0.12211396946893745,1.3020264215821813,0.7812158529493086,0.5208105686328727,0.06446377031669306,0.04293300839328766,0.05665826486169222,1.2747918646780005,0.13414364640439339,0.007413501830338379
2068,0.6955379049820541,0.3410965914252387,0.021680169760047968,0.04254884018159219,2.8572548161659945,2.215453171999436,2.087975460146879,0.12747771185255705,1.2821322600318592,0.7692793560191155,0.5128529040127437,0.06625152276954764,0.04444750907890519,0.05825868804971476,1.2625975160928442,0.1419557732037596,0.007320391986509267,0.7070604658696958,0.3434256334014033,0.0129477996195448,0.04325372187842465,2.95368826314149,2.2876812745911463,2.1656776614446818,0.12200361314646463,1.3133510028280138,0.7880106016968081,0.5253404011312056,0.0644611954982088,0.042930827126886104,0.05660874563520846,1.2748096509228932,0.1340902815401836,0.007407421022228485
2069,0.6949304076575102,0.34080405495696703,0.019698241065745248,0.04251167798002451,2.861898672235898,2.2134612892434578,2.0860827032208475,0.1273785860226103,1.2930266150250842,0.7758159690150505,0.5172106460100337,0.06625448568882011,0.04445001912623443,0.05821403335396413,1.2625775594009767,0.14189402833093515,0.007314053012838112,0.7065485635376322,0.34313024328298486,0.011123516144524795,0.043222407610838925,2.958780524954282,2.286531519224534,2.164723727522791,0.12180779170174333,1.3234279957191517,0.7940567974314908,0.5293711982876609,0.06443605529587264,0.04290952951735749,0.056544332009969556,1.2749833496982639,0.1340363909563132,0.007401569939718692
2070,0.6943767271897783,0.34049761238746235,0.017876031847428878,0.04247780795901878,2.866494568820769,2.2120664382904214,2.0848685477883224,0.127197890502099,1.3027100350540777,0.7816260210324465,0.5210840140216312,0.06623527042962898,0.04443374085282311,0.05815479499152605,1.2627069966411568,0.14182959219410077,0.007307870202461689,0.7060793869601326,0.34282097782416165,0.009440075416070844,0.04319370704551603,2.963792819036913,2.285895556753578,2.1643558737240554,0.12153968302952252,1.3323949088547635,0.7994369453128579,0.5329579635419056,0.06439225440583765,0.0428724234415791,0.05646781926914281,1.2752861276435654,0.1339792954916959,0.007395804470520471
2071,0.6938652380530141,0.34017334579879405,0.016192809684843545,0.04244651896417697,2.871064207202256,2.211213085046279,2.0842755810102807,0.126937504035998,1.3113143769866256,0.7867886261919752,0.5245257507946504,0.06619481388334948,0.04439946794944648,0.05808116687497359,1.2629796329642216,0.14176012828680343,0.00730173903519425,0.7056424734585272,0.34249398525188907,0.007879008691455497,0.04316698017470516,2.96874943468153,2.2857268915239315,2.1645266574647426,0.12120023405918906,1.3403712953613134,0.8042227772167878,0.5361485181445256,0.06433043192305256,0.04282005031105138,0.056379215040212746,1.2757138031910904,0.13391690203368545,0.007390027191248848
2072,0.6934006119338831,0.3398357982971744,0.014646988732178776,0.04241809675787943,2.875663253089102,2.2108929806582407,2.0842896609499624,0.1266033197082784,1.318955986898566,0.7913735921391395,0.5275823947594266,0.06613432683403866,0.04434822613601423,0.05799377961365397,1.2633875432470982,0.14168710575031057,0.007295730973903616,0.7052436401603406,0.3421538700117813,0.0064406429199518195,0.04314258281726599,2.9737091368481394,2.2860259785121113,2.165231540538007,0.12079443797410404,1.3474626605168873,0.8084775963101322,0.5389850642067552,0.06425153368829914,0.0427532113980703,0.056278980402267954,1.2762601528241058,0.13385067224482192,0.007384316747466424
2073,0.6929934222953925,0.3394951026450003,0.013204532836676962,0.04239318811297535,2.8803242883968463,2.21108838965306,2.084879982039555,0.12620840761350524,1.3257405105954858,0.7954443063572914,0.5302962042381945,0.06605652356643366,0.04428231482824737,0.05789470798956843,1.263912739073843,0.14161423807514623,0.007290006860507388,0.7048945113050947,0.3418108022423366,0.00509217181968661,0.04312122602238973,2.9787068547169118,2.2867823765509305,2.1664477812185523,0.12033459533237832,1.3537651224972664,0.8122590734983596,0.5415060489989069,0.06415799831564514,0.04267397258299399,0.056169002103398154,1.2769086574824469,0.1337841573450386,0.007378841235457042
2074,0.6926490905128062,0.33916161260840766,0.011854164658012957,0.042372124620263955,2.8850240262557723,2.211736075470149,2.085964939858763,0.12577113561138598,1.3317651439950158,0.7990590863970093,0.5327060575980065,0.06596565115316652,0.04420533194844372,0.05778740375454473,1.2645268820858866,0.14154555670231686,0.0072847013525632,0.7046013219293911,0.3414751213832798,0.0038235473595573874,0.043103291152630674,2.983719793467095,2.2879377947441815,2.1680992859619597,0.11983850878222171,1.3593675125085591,0.8156205075051352,0.543747005003424,0.0640537783135615,0.042585682247070406,0.05605252105308681,1.2776322615932483,0.13372117784988097,0.007373741607409216
2075,0.6923642940695287,0.33884627838819587,0.010640842347730155,0.04235470301047585,2.8896445067770076,2.2126928469068803,2.0873734381581626,0.12531940874871758,1.3371184476980755,0.8022710686188452,0.5348473790792303,0.06586866083454072,0.0441231662639148,0.05767771913105665,1.265183237022128,0.14148424382736957,0.007279907302318905,0.7043614537337451,0.3411577674825765,0.002681487365572069,0.04308861802009541,2.988628295451526,2.289351481271826,2.1700176800653774,0.11933380120644835,1.3643510256435816,0.8186106153861487,0.5457404102574329,0.06394547019363254,0.04249392864794742,0.055935122141930325,1.278385391767583,0.13366476978609326,0.007369117938107652
2076,0.6921318868533037,0.3385536729184732,0.009607993916671158,0.04234048617171944,2.894107964618146,2.2138505418314125,2.088980287572842,0.12487025425857068,1.3418794617421737,0.8051276770453041,0.5367517846968696,0.0657700246556236,0.04403960628313662,0.05756929007707315,1.2658516481776854,0.14142990815403267,0.007275631815551556,0.7041684766525954,0.3408633183586215,0.0017113172512001965,0.04307681332445234,2.993354686867246,2.290918864784263,2.1720817585716627,0.11883710621260031,1.3687882138259724,0.8212729282955831,0.5475152855303893,0.06383723945562693,0.04240224060318895,0.055820212529762214,1.279139149533905,0.13361464179167665,0.007364983606856635
2077,0.6919485678903867,0.3382859111091397,0.008755635876295603,0.04232927221811003,2.8983982050181636,2.215159028296782,2.0907274692549933,0.12443155904178874,1.346117892938617,0.8076707357631702,0.5384471571754469,0.06567182072760067,0.04395641248520135,0.057463670515290534,1.2665180521876593,0.1413818383213679,0.007271878337567902,0.704019822501435,0.34059390406769313,0.0009143814427380881,0.04306771999391165,2.9978847360262706,2.2925946709228495,2.174238883361934,0.11835578756091542,1.3727430877738946,0.8236458526643364,0.5490972351095582,0.0637309232209785,0.042312174436583916,0.05570916969436088,1.2798807113598172,0.1335701996393335,0.007361347339032979
2078,0.6917964662404682,0.3380363097189174,0.008046264637865619,0.04231996789498091,2.9024718653246544,2.216539170135722,2.0925343749909544,0.12400479514476742,1.3498958172228332,0.8099374903336999,0.5399583268891334,0.06557519949617774,0.04387455947417537,0.05736150709069901,1.2671746160178792,0.1413374586518845,0.007268480191535932,0.7038981340113023,0.3403428284818403,0.00025408347628134986,0.04306027620353271,3.0021763267715023,2.294303561821604,2.176412680673427,0.11789088114817703,1.3762727434967923,0.8257636460980751,0.5505090973987172,0.06362745371433322,0.0422245198854717,0.05560248185264405,1.280603502088429,0.1335290626815348,0.0073580457800022335
2079,0.6916528219738844,0.33779536654198444,0.007433672910918024,0.04231118088230096,2.9062703657345175,2.2179006387883753,2.0943110484853316,0.12358959030304362,1.3532655287486437,0.8119593172491861,0.5413062114994576,0.06548106290985063,0.04379481133885246,0.05726322802448638,1.2678151564208124,0.141293263058111,0.007265215022950704,0.7037810322833143,0.34010057198069027,-0.000315052406393769,0.043053112942125486,3.006171445870232,2.2959580664331445,2.178516388300608,0.11744167813253654,1.3794250959493737,0.827655057569624,0.5517700383797497,0.06352753814283857,0.04213987606283792,0.055500436210498605,1.2813024848445123,0.13348796421116924,0.007354859001030537
2080,0.6915061747465491,0.33755772045788635,0.006890774762553752,0.04230221011646315,2.909781243900377,2.2192039759136826,2.0960195197392433,0.12318445617443935,1.3562695402685563,0.8137617241611337,0.5425078161074226,0.0653895421621741,0.04371727922030719,0.05716869320105682,1.2684387134787236,0.14124708230808367,0.007261965061847503,0.7036574191540733,0.33986175549305353,-0.00081942536792666,0.04304555130203639,3.0098588020781305,2.297521849851595,2.1805155263914715,0.11700632346012341,1.382238792811099,0.8293432756866592,0.5528955171244399,0.06343116652565077,0.04205823451337622,0.055402792824868916,1.2819776250477164,0.13344488934652174,0.007351671145333808
2081,0.6913658295699272,0.3373300811843271,0.006398611088063527,0.042293624821641174,2.9130259227417388,2.2204556535358004,2.097659630027133,0.12279602350866779,1.3589438211910105,0.8153662927146061,0.5435775284764044,0.06530183105493022,0.04364297445185614,0.05707889655821735,1.2690370707168181,0.1412011374606964,0.007258850571873019,0.7035371024619953,0.33963311045213596,-0.0012776313630075281,0.043038191266982904,3.013261426456552,2.299004692147317,2.1824135880400695,0.11659110410724738,1.384746397360804,0.8308478384164822,0.5538985589443218,0.06333940877076694,0.04198050161335397,0.05531045480587561,1.2826213112858889,0.13340195847412323,0.0073486061238849515
2082,0.6912499411510654,0.3371230659782484,0.005956166960449073,0.042286535580539894,2.916056851953085,2.221694857490115,2.099263288961548,0.12243156852856699,1.3613226049858953,0.816793562991537,0.5445290419943583,0.06521890258890047,0.043572721314483184,0.056994707572445576,1.2696034833987802,0.1411594990712292,0.007256080595817928,0.7034387587227234,0.3394252813214345,-0.0016903839016689168,0.043032175340432126,3.0164338854996022,2.3004493121710334,2.1842463786293287,0.1162029335417047,1.3869791781171226,0.8321875068702734,0.5547916712468491,0.06325314241501574,0.04190742077113654,0.05522422197022522,1.283227249665468,0.13336302114079998,0.007345876668009503
2083,0.6911711279136578,0.3369432178648821,0.005587956052328327,0.042281714292714954,2.9189275952142495,2.2229576474546016,2.1008633955837386,0.12209425187086297,1.3634403327175189,0.8180641996305111,0.5453761330870077,0.06514097973925823,0.04350670870237907,0.0569162827699005,1.2701363124305707,0.14112515787065782,0.007253791923767344,0.7033753769775147,0.33924478550858006,-0.0020326296727630616,0.04302829809390187,3.019431840802084,2.3018950170796697,2.186050433572111,0.11584458350755887,1.3889690120499552,0.833381407229973,0.5555876048199822,0.06317250887959706,0.041839111792183456,0.05514419189488419,1.2837943030668844,0.13333088634016035,0.007343621476107622
2084,0.6911230422957755,0.33678795268783546,0.005311310153074143,0.04227877263716039,2.9216319696907944,2.224217810101404,2.1024336546736953,0.1217841554277086,1.3653305250284988,0.8191983150170992,0.5461322100113997,0.06506835324105774,0.043445182912752546,0.05684370460356378,1.270633454561637,0.14109772441804386,0.007251923527375139,0.7033407687925757,0.3390889586971566,-0.0022863587166752214,0.043026180940807554,3.0222501058509175,2.3033176173308023,2.18780179410664,0.11551582322416248,1.3907471862404628,0.8344483117442776,0.5562988744961852,0.06309768867932304,0.04177572760024339,0.0550703642470408,1.2843210632917121,0.13330517165401493,0.007341779732458835
2085,0.6910899029909235,0.33665142271006104,0.0051269464783873925,0.042276745217170675,2.924114933237412,2.225404436923694,2.1039016846465297,0.12150275227716399,1.3670220809848042,0.8202132485908824,0.5468088323939218,0.06500204330841589,0.043389008223528105,0.0567776590915053,1.2710878051192713,0.14107493309162503,0.007250329207818281,0.7033192820505018,0.33895189456277214,-0.0024502023512322363,0.04302486638754923,3.024833782343451,2.3046473444417974,2.189429409518492,0.11521793492330518,1.3923406213749316,0.8354043728249589,0.5569362485499727,0.06302956733541264,0.041718018367685634,0.055003321302853514,1.2848011551684748,0.1332837510861561,0.007340205895700842
2086,0.6910637289391377,0.3365319642546968,0.005016515214744326,0.04227514382908307,2.926336497034071,2.2264675572573673,2.105213784943366,0.12125377231400143,1.3685378534845085,0.821122712090705,0.5474151413938035,0.06494327502310306,0.04333922246697287,0.05671909717007666,1.2714908376875937,0.1410554663770993,0.007248948628970148,0.7033032120116415,0.33883194344844664,-0.0025421422196669624,0.04302388313414368,3.0271434667266157,2.3058357158506353,2.1908812173380925,0.11495449851254294,1.393770415647539,0.8362622493885233,0.5575081662590157,0.06296925298138879,0.0416669228536642,0.05494392366412887,1.2852266200817999,0.13326542329921162,0.007338841951910801
2087,0.6910387944938011,0.3364267082938183,0.004983096378075105,0.04227361823542144,2.9282912494636872,2.2273892276182856,2.106353161109356,0.12103606650892954,1.3698968139238854,0.8219380883543311,0.5479587255695543,0.06489200162096712,0.043295786026673305,0.056667860658572,1.2718427446318687,0.1410380231838635,0.007247721246149193,0.7032870792273214,0.33872625083257346,-0.002558610849822139,0.043022896003824106,3.0291749714226093,2.3068667269533045,2.1921425615315413,0.11472416542176336,1.3950540164851133,0.8370324098910679,0.5580216065940454,0.06291662690912198,0.04162234049417578,0.05489196019402562,1.2855981533001586,0.13324899283855973,0.007337628834591171
2088,0.691012187900142,0.3363347921329062,0.004988228769210838,0.04227199032576572,2.929972270360986,2.2281537676284455,2.1073033355028317,0.12085043212561386,1.371114891430257,0.8226689348581542,0.5484459565721029,0.06484852559250084,0.0432589551584986,0.056624137466472,1.2721413359857987,0.14102202338248473,0.00724662258824789,0.7032682722327775,0.3386339987033524,-0.0025380856681930103,0.043021745255941254,3.0309226255878,2.3077265798721913,2.1931990071785608,0.11452757269363067,1.3962060306820663,0.8377236184092396,0.5584824122728267,0.06287192158302302,0.0415844682222516,0.05484756623375367,1.2859139887352695,0.1332339518480669,0.007336544340546787
2089,0.6909810152705539,0.3362544724609501,0.004976699586938006,0.04227008307403819,2.9313830498102664,2.228755172607703,2.1080595458899105,0.12069562671779224,1.3722058398672599,0.8233235039203558,0.548882335946904,0.06481265963543602,0.04322857118868316,0.05658768487897807,1.272387800341916,0.1410070135840564,0.0072456191006601955,0.7032441267597317,0.33855347793689383,-0.0025360472379893292,0.04302026791096725,3.032391062127272,2.3084109423922223,2.1940476128910227,0.11436332950119968,1.3972390820604152,0.8383434492362489,0.5588956328241663,0.0628349043249778,0.041553108923820976,0.05481046676205635,1.2861756635588981,0.13321989561613878,0.007335556424766139
2090,0.6909431210261312,0.3361828540999096,0.004926997871598712,0.042267764623559474,2.932547978115097,2.2292061677361374,2.10863910275431,0.12056706498182748,1.373181458934645,0.8239088753607868,0.5492725835738581,0.06478338488940188,0.043203770986133205,0.056557527414288086,1.272589064064303,0.140992486126426,0.007244669212406503,0.703212599432398,0.33848179158077646,-0.0025740082193750485,0.04301833897596968,3.0336057950142026,2.308934073648167,2.194707395490411,0.11422667815775625,1.39816399920632,0.8388983995237917,0.5592655996825282,0.06280454417578396,0.04152738921822298,0.05477968140942181,1.2863903837186312,0.1332063443934054,0.007334623563096052
2091,0.6909028145333328,0.33611838787652726,0.004867672926308228,0.042265298613567925,2.933533826485464,2.2295598179751837,2.1091026641376196,0.1204571538375639,1.3740519372464066,0.824431162347844,0.5496207748985626,0.06475869275737176,0.04318285296091709,0.05653185585156004,1.2727588873528874,0.14097838288981046,0.0072437803601994605,0.7031780889546935,0.33841736925355215,-0.0026229994766641673,0.04301622755519469,3.034635455429309,2.3093511515099667,2.1952413839260085,0.1141097675839583,1.3989901191721676,0.8393940715033004,0.5595960476688673,0.06277885803076849,0.04150562911146173,0.05475342662483278,1.2865721208225014,0.13319323330885116,0.007333752370162437
2092,0.690862936465677,0.33605847177455694,0.004803972825222484,0.042262858821124905,2.9344073023759734,2.229868177718752,2.1095109185189136,0.12035725919983833,1.3748273064284326,0.8248963838570595,0.5499309225713731,0.06473638966239575,0.04316395881672021,0.05650868526355461,1.2729123308991834,0.14096431084078664,0.007242940987897352,0.7031435170728347,0.3383575825504596,-0.002677579112873203,0.043014112385025914,3.035548789963305,2.3097164437890068,2.195712754935771,0.11400368885323585,1.3997267250458896,0.8398360350275336,0.559890690018356,0.06275567769933516,0.04148599181336009,0.05472974280298569,1.2867361864424227,0.13318018281514274,0.007332930258496554
2093,0.6908292061302092,0.3360036374045953,0.004738726873710866,0.0422607950989074,2.9352210284296816,2.230173949279057,2.1099107305824467,0.12026321869661026,1.3755171630787248,0.8253102978472349,0.55020686523149,0.06471523692650735,0.043146039203210806,0.056486910429361735,1.2730579049586916,0.1409511421882409,0.007242187688974911,0.7031147144357188,0.33830295199092497,-0.0027348383366425644,0.04301235012921603,3.0364000062553087,2.310074423393154,2.196170352681788,0.11390407071136588,1.400382755955868,0.8402296535735205,0.5601531023823474,0.06273377552537608,0.04146743731079203,0.05470753680826464,1.2868912560169987,0.13316800346787766,0.007332193628592512
2094,0.6908020029095906,0.33595333278573186,0.004672906983248883,0.04225913063034832,2.9359916501697705,2.2304862878164036,2.110312877371634,0.12017341044476973,1.376131287996894,0.8256787727981364,0.5504525151987577,0.06469482966260423,0.043128751118877026,0.05646613420929499,1.2731983900894732,0.1409393346336218,0.007241516796505099,0.7030921037679746,0.33825289971575795,-0.0027937123443229003,0.04301096662259775,3.0372064202169717,2.310435130825156,2.1966259662685172,0.11380916455663886,1.4009674232474247,0.8405804539484546,0.5603869692989701,0.06271273227841262,0.041449610451204814,0.05468640194865859,1.2870402905376155,0.13315710991693736,0.007331538549377018
2095,0.6907771661878913,0.3359061512784312,0.004605293833026616,0.042257610884445976,2.9367036949942715,2.2307850867901218,2.110696559126798,0.1200885276633237,1.376678559779123,0.8260071358674737,0.5506714239116492,0.06467550775216757,0.04311238249549349,0.056446597505575694,1.2733314410936787,0.1409286559466752,0.007240891127437176,0.7030715258709578,0.3382059909250667,-0.00285529406476865,0.043009707420954765,3.037952435754487,2.3107785927132234,2.197058974748721,0.11371961796450232,1.4014891016762772,0.840893461005766,0.5605956406705112,0.06269285240907332,0.04143276915100338,0.05466655165176608,1.28718112731549,0.13314727313744118,0.007330927728705449
2096,0.6907469339047795,0.33585890945994135,0.004533752253053858,0.04225576103486879,2.9373299806584763,2.231038878103054,2.111030298435203,0.12000857966785117,1.3771661370387887,0.8262996822232731,0.5508664548155155,0.06465759641339212,0.04309720884278087,0.05642850798669901,1.2734548114945166,0.14091787807764378,0.007240235488333304,0.703045177825103,0.3381590107866166,-0.002921537126204861,0.04300809519849848,3.0386104282132065,2.3110731565391376,2.197437730203502,0.11363542633563584,1.4019544966828412,0.8411726980097045,0.5607817986731367,0.06267442508843145,0.04141715838246457,0.05464816577434733,1.2873117098190687,0.13313733273823816,0.007330285595420082
2097,0.690716789398582,0.33581704904801357,0.0044602847739229,0.04225391653905403,2.9378538183818197,2.231235365869243,2.1112944723123004,0.11994089355694303,1.3775989101158654,0.8265593460695191,0.5510395640463464,0.06464262297674228,0.043084524044034817,0.05641325751070843,1.2735579701959194,0.14090839121526183,0.007239636277418145,0.7030186942175194,0.3381174392779835,-0.002990370250157977,0.04300647466521077,3.0391634265607834,2.311306534764224,2.1977425770130368,0.1135639577511871,1.402368082579578,0.8414208495477465,0.5609472330318314,0.06265893759503663,0.04140403809876561,0.05463260304449961,1.2874214865803173,0.1331286201771405,0.007329700595932974
2098,0.6906922158516243,0.33578461927491954,0.0043874525136828185,0.0422524128411952,2.938277102764367,2.2313772783201475,2.11148767657397,0.11988960174617734,1.3779823769839952,0.826789426190397,0.5511929507935982,0.06463134890026608,0.04307497317107942,0.05640154878453396,1.2736356568386262,0.14090135676605114,0.007239165409050669,0.7029976899831683,0.3380853553240657,-0.0030591706052351536,0.043005189325132684,3.039613494876112,2.311481823278316,2.197972486977038,0.11350933630127816,1.4027350131651242,0.8416410078990743,0.5610940052660499,0.06264713024981078,0.041394035465341,0.0546205491922265,1.2875051946375147,0.13312224446334783,0.00732924608139961
2099,0.6906737025659742,0.33576117476799106,0.004316199008587582,0.042251279885589646,2.9386138698383983,2.231473544608524,2.111620320364846,0.11985322424367797,1.3783225824559209,0.8269935494735524,0.5513290329823685,0.06462339836551534,0.04306823784801396,0.05639302574973665,1.2736904493327352,0.14089668712999828,0.007238820928509467,0.7029826926410937,0.33806231131303977,-0.003126907239616311,0.04300427146047357,3.039975127663591,2.3116085146913408,2.1981384977564438,0.11347001693489714,1.4030610498452454,0.841836629907147,0.5612244199380984,0.06263862653144811,0.04138683151086171,0.05461164925462021,1.2875654905230356,0.13311812333804066,0.007328920073543401
2100,0.6906580466438775,0.33574270949473956,0.00424737650215401,0.04225032174790298,2.938889715051429,2.2315402606055175,2.1117146762173147,0.11982558438820289,1.3786250647235236,0.827175038834114,0.5514500258894096,0.06461742361149297,0.04306317631443934,0.05638643539163568,1.273731629466101,0.14089323364936102,0.007238543777461097,0.7029704547737738,0.33804427241865476,-0.003192600805188135,0.043003522423501035,3.040274580477612,2.3117034041922215,2.1982636904442483,0.11343971374797313,1.40335148338894,0.8420108900333638,0.5613405933555762,0.06263209819174086,0.04138130100525576,0.054604668982771734,1.287611784956366,0.13311516364666767,0.007328662234710178
2101,0.6906470982880387,0.335727945204709,0.004182832061418423,0.04224965161592493,2.9391414270396745,2.2316069302527897,2.1118049264917067,0.11980200376108292,1.3788941675799469,0.8273365005479679,0.551557667031979,0.06461222613298717,0.04305877325251207,0.05638070027908457,1.2737674551816998,0.14089087814594897,0.00723833067064863,0.7029628225313532,0.3380299454532784,-0.003254356630659795,0.0430030551541677,3.0405494166537084,2.3117968032816183,2.198383161050828,0.11341364223079023,1.4036104260048008,0.8421662556028803,0.5614441704019205,0.06262637387965814,0.04137645163443817,0.054598555415379675,1.287652381380941,0.13311324305666228,0.007328468446142002
2102,0.6906442253189944,0.335716665808606,0.004124084484670665,0.04224947550822972,2.939406153816264,2.2317044628218823,2.1119256515285283,0.11977881129335399,1.3791341704795599,0.8274805022877357,0.5516536681918242,0.06460678605577533,0.04305416467225032,0.05637491466931609,1.2738049559358569,0.1408899988479731,0.0072381976002963005,0.7029631594706836,0.3380191000963509,-0.0033106648565581417,0.043003075410307554,3.040837448178511,2.3119203177648835,2.1985322794321562,0.11338803833272731,1.4038419479105915,0.8423051687463547,0.5615367791642367,0.06262046130495491,0.04137144277628921,0.05459242728999084,1.2876943164746733,0.13311270271714043,0.0073283539707090836
2103,0.6906517661520852,0.33570784494394745,0.0040719492343292835,0.042249936468867856,2.9397221114960357,2.2318637974216586,2.1121123523987944,0.11975144502286435,1.379349598495403,0.8276097590972415,0.5517398393981614,0.06459991310718755,0.04304834223003702,0.05636801154949352,1.2738523382164957,0.14089073864606244,0.0072381465350595964,0.70297375408979,0.33801068006677976,-0.0033607361921504375,0.04300372318248109,3.0411774495517934,2.3121054619510746,2.198747218543592,0.11335824340748256,1.404050385013669,0.8424302310082012,0.5616201540054677,0.06261320239659983,0.04136529336692156,0.05458524600357208,1.2877458053730315,0.13311365485386953,0.007328319544003358
2104,0.6906709381623239,0.33570241031561854,0.004026406515341752,0.0422511089609247,2.940091352526554,2.2320852441125303,2.112364357400786,0.11972088671174395,1.3795449918762799,0.8277269951257678,0.5518179967505121,0.06459179267158983,0.04304146297488029,0.05636014936290613,1.273908326663415,0.1408937749001003,0.0072381937263414796,0.7029957891806499,0.33800559927524587,-0.0034046376773702314,0.043005070818354064,3.0415711016097116,2.312352295176702,2.1990270432115557,0.1133252519651462,1.4042400973302598,0.8425440583981557,0.5616960389321041,0.06260478303920322,0.04135816087912704,0.054577171243296044,1.287805532337022,0.1331167206905777,0.007328381188942721
2105,0.6906983540057944,0.3357002183780268,0.003985510064104331,0.04225278577677097,2.940486422733688,2.2323416145837562,2.112651614541018,0.11969000004273789,1.3797246803211165,0.8278348081926697,0.5518898721284468,0.06458325237471009,0.04303422803278352,0.05635202939792304,1.2739672169203866,0.14089893829675998,0.0072383193298738305,0.7030258301577729,0.33800370430951165,-0.0034442983329557725,0.04300690822054745,3.0419900095866623,2.312632864199517,2.199340862326644,0.11329200187287286,1.4044152454333636,0.8426491472600179,0.5617660981733457,0.0625960082160993,0.04135072725732675,0.054568886246676086,1.2878677887139718,0.13312173557405588,0.007328519156325373
2106,0.6907326323692932,0.3357000405915752,0.003949251037481047,0.04225488244302829,2.9409123369516355,2.2326344726111484,2.1129772070975372,0.11965726551361103,1.3798918830901636,0.827935129854098,0.5519567532360656,0.06457398598553298,0.043026377979080876,0.056343354928118566,1.274031122082717,0.14090538112278322,0.007238503059325311,0.7030624560395736,0.33800375422811474,-0.0034796602156447268,0.04300914848919489,3.042439072069829,2.312948703243743,2.1996917399168803,0.11325696332686266,1.4045788869215818,0.842747332152949,0.5618315547686329,0.06258657878808194,0.04134273908470559,0.054560101525017966,1.2879346982434043,0.13312790303456787,0.007328712649011523
2107,0.6907717352531987,0.3357001510472343,0.003918583069694635,0.04225727429414936,2.941374083029641,2.2329651903667287,2.1133445502766377,0.11962064009009095,1.3800492212550062,0.8280295327530035,0.5520196885020027,0.06456358928603897,0.04301757037907638,0.05633373872332157,1.2741028323871575,0.14091240420219847,0.007238715885374555,0.7031035808364657,0.3380040093108919,-0.0035097088561088924,0.04301166402303758,3.042923167401825,2.3133011551612626,2.200083073739422,0.11321808142184053,1.4047334894373382,0.8428400936624028,0.5618933957749355,0.0625760995352045,0.041333861549316245,0.054550438735925556,1.2880090678472764,0.1331345606394126,0.007328932013515992
2108,0.6908148202800851,0.3357005616829979,0.0038950636123537344,0.04225990979938901,2.9418647402956246,2.233326497278046,2.1137455525875377,0.11958094469050842,1.3801986461801452,0.828119187708087,0.5520794584720582,0.06455229459216201,0.04300800204001848,0.05632337570358989,1.2741807485368104,0.14091987980286014,0.007238953363976166,0.7031483627848829,0.3380044876323853,-0.0035328347216381437,0.043014403328945676,3.043435063979561,2.3136827553410155,2.2005065499830225,0.1131762053579932,1.404880856660898,0.8429285139965386,0.5619523426643593,0.06256479789805701,0.041324287328242656,0.054540089586468776,1.288089286418891,0.13314159091057945,0.0073291730011727525
2109,0.690864515575123,0.3357015494085743,0.0038816402135415998,0.04226294973306329,2.9424064318103444,2.2337377197090413,2.114201384439456,0.11953633526958529,1.380341745618148,0.8282050473708886,0.5521366982472593,0.06453955220291871,0.042997207280814215,0.0563117863303422,1.2742686665952054,0.1409277818000308,0.007239232595927229,0.7031994497431172,0.33800546909764967,-0.003546047695939511,0.04301752838848484,3.043997299474671,2.3141132779579805,2.2009838333436003,0.11312944461438038,1.4050224435517848,0.8430134661310708,0.5620089774207141,0.0625521413688518,0.04131356530566722,0.054528589737202454,1.2881791375331637,0.13314897184993826,0.007329452549406595
2110,0.6909239503969722,0.33570377172249377,0.0038802656679792005,0.042266585504768264,2.9430212462298058,2.2342183301697705,2.1147329617269914,0.11948536844277896,1.3804804741713577,0.8282882845028146,0.5521921896685431,0.0645248883653824,0.04298478476003005,0.056298561490639415,1.2743698616958672,0.14093659910835538,0.007239577354085315,0.7032599772170892,0.3380076050384559,-0.0035474170116340242,0.04302123099345677,3.044632333413638,2.3146125856322914,2.2015362799265,0.1130763057057914,1.40516008914523,0.8430960534871379,0.5620640356580922,0.06253767151636466,0.04130130711998967,0.05451554340606814,1.28828188194238,0.13315715580372212,0.007329794139979905
2111,0.6909906367638142,0.3357078758108635,0.0038892998733785836,0.042270664889982094,2.9436786712616554,2.234740217738699,2.1153083411614855,0.11943187657721342,1.3806172168336164,0.8283703301001698,0.5522468867334466,0.06450932515365224,0.04297160033128093,0.05628459066709278,1.2744772864624336,0.14094676355635608,0.00723998091035202,0.7033274397632222,0.3380115387518712,-0.003538605565360113,0.04302535785123955,3.0453088332528107,2.3151518808730893,2.2021311878483356,0.11302069302475393,1.405296075674125,0.8431776454044749,0.5621184302696501,0.06252238105038187,0.041288353748745586,0.05450181561261001,1.2883904765745489,0.1331665423227532,0.0073301914691852755
2112,0.6910564831631063,0.33571309494057644,0.003904130113974412,0.042274692901504485,2.9443134081207285,2.235242967208724,2.115861234618918,0.11938173258980617,1.3807536225030177,0.8284521735018106,0.5523014490012071,0.06449460325769726,0.04295912862610621,0.05627136937477608,1.274578925949211,0.14095759458592444,0.0072403914944881385,0.7033937135250485,0.3380165048230575,-0.003524166402851886,0.04302941199623267,3.045960020355525,2.3156694697342495,2.2027008467199107,0.11296862301433852,1.4054319560593571,0.8432591736356142,0.5621727824237429,0.06250795476509162,0.041276132471169874,0.05448885531410232,1.2884929557350453,0.13317649881505028,0.0073305935596432135
2113,0.6911141020483741,0.3357181009089497,0.003920702220643814,0.042278217640052296,2.944873071356494,2.2356781947644504,2.1163393372252917,0.11933885753915892,1.3808895568853372,0.8285337341312022,0.552355822754135,0.06448196498614459,0.04294842207056436,0.05625995798169781,1.2746661971370954,0.1409677873776187,0.0072407553096441,0.7034514110814414,0.3380211903049932,-0.0035080377700988097,0.043032941536992206,3.046532468575755,2.3161160969525216,2.2031919666806963,0.11292413027182557,1.4055675031584312,0.8433405018950587,0.5622270012633724,0.06249559224082504,0.041265659515897016,0.054477687604381715,1.2885807917029732,0.13318582017453465,0.007330947456197111
2114,0.6911595407709529,0.3357213565060339,0.003936526734765036,0.042280997330545605,2.9453395475083215,2.236028945931536,2.1167254945444345,0.11930345138710124,1.3810234216064783,0.8286140529638869,0.5524093686425914,0.06447161949745554,0.04293965785397074,0.05625052095212546,1.2747376476205203,0.14097613024309147,0.007241034961812427,0.7034966099069087,0.33802407884527436,-0.0034926113123166236,0.04303570654125781,3.0470078921274837,2.316474718634167,2.2035872710921582,0.11288744754200904,1.4057010350588761,0.8434206210353257,0.5622804140235504,0.06248548986567071,0.04125710125377678,0.05446846695884951,1.2886525809357652,0.13319338923957721,0.007331216260556926
2115,0.6911933079542293,0.33572243194077905,0.003951253759201356,0.04228306309517694,2.945721921426556,2.236304177055119,2.1170301288665434,0.11927404818857586,1.3811529876000213,0.8286917925600128,0.5524611950400085,0.06446319350204635,0.042932519742760855,0.05624273548690785,1.2747958490051434,0.14098218256296724,0.007241228732731914,0.7035298876013767,0.3380247689902132,-0.0034781924599894334,0.043037742350796854,3.047395849533927,2.3167547827130743,2.203897697413305,0.1128570852997696,1.4058302535343705,0.8434981521206223,0.5623321014137482,0.06247728223339137,0.041250148129649056,0.05446087771372557,1.2887109135210204,0.13319880981199353,0.00733139871835828
2116,0.6912167102858534,0.335720954582576,0.003965260075708042,0.04228449485963183,2.9460362642772315,2.2365190132160375,2.1172704540187124,0.11924855919732497,1.381276350430865,0.828765810258519,0.5525105401723459,0.0644561324724627,0.04292653796708014,0.05623612088542746,1.274844627447326,0.14098587059144965,0.007241339807815252,0.7035526157854143,0.33802290874834434,-0.0034643884379113726,0.04303913286349356,3.0477130775117622,2.3169720597753187,2.2041411540910367,0.11283090568428221,1.405953205701209,0.8435719234207253,0.5623812822804837,0.062470426245610146,0.04124434005584181,0.05445444909691548,1.288759645122088,0.13320202200365425,0.007331498275577391
2117,0.6912328143217293,0.3357172934280672,0.003979829133652656,0.04228548019939159,2.94630580178585,2.236695505781382,2.1174705673188803,0.1192249384625018,1.3813920574449492,0.8288352344669696,0.5525568229779796,0.06444982007109534,0.04292119039438713,0.056230152267684935,1.2748882384221076,0.1409875219604598,0.007241388621710148,0.7035679319481267,0.33801888306490313,-0.0034499212105499402,0.04304006999412956,3.047983636885432,2.3171493850334683,2.2043425919125292,0.11280679312093929,1.4060684082881711,0.8436410449729026,0.5624273633152685,0.0624643193766812,0.04123916660066624,0.05444866783378993,1.2888030561409023,0.13320333920947472,0.007331535575653395
2118,0.6912447629281869,0.3357124394713103,0.0039961659828910215,0.04228621134917172,2.9465467724508017,2.236849621188091,2.1176471237119214,0.11920249747616946,1.3814994145648003,0.8288996487388802,0.5525997658259201,0.06444396175921074,0.042916227505173016,0.05622459112239559,1.2749287156985116,0.1409878181681048,0.007241402511769834,0.7035790409397185,0.3380136925481819,-0.0034336127607914463,0.04304074976926543,3.04822440746094,2.317303318798806,2.2045193151515523,0.1127840036472537,1.4061751538489795,0.8437050923093876,0.5624700615395919,0.062458672237647755,0.041234382607264766,0.05444329941438462,1.2888432025606873,0.1332034027138296,0.007331538226177688
2119,0.6912531362577689,0.3357076605122871,0.00401418643292651,0.04228672377281695,2.9467480029991804,2.2369725512625145,2.117788947582806,0.11918360367970829,1.3815984256939577,0.8289590554163746,0.5526393702775831,0.06443909933093876,0.0429121082822124,0.05621992760654467,1.2749623146017692,0.14098746608284463,0.007241397855388775,0.7035865715467531,0.3380086140050689,-0.003415565645364549,0.0430412106279687,3.0484242182838943,2.3174250636669202,2.2046601502926793,0.11276491337424088,1.4062734466520255,0.8437640679912153,0.5625093786608102,0.062454007454302435,0.0412304308198887,0.054438817347340976,1.288876367729826,0.1332028782623834,0.007331523255346084
2120,0.6912560806677334,0.3357034410259465,0.0040319062431288175,0.04228690406516901,2.9468856945514217,2.2370432900864388,2.117872168325752,0.11917112176068656,1.3816892103761158,0.8290135262256694,0.5526756841504464,0.06443599364183204,0.04290947728692335,0.05621683002940875,1.2749837758189764,0.14098663082122806,0.007241369699813979,0.7035886993584001,0.33800413699875725,-0.0033977568905776204,0.04304134095345571,3.048559008521931,2.3174933775486095,2.2047409587442273,0.11275241880438241,1.4063634162961736,0.8438180497777041,0.5625453665184694,0.06245105747682124,0.04122793173624279,0.05443586562754703,1.2888973423072168,0.13320192576998896,0.007331486335460164
2121,0.6912511901460217,0.3356996978664772,0.004046569026800596,0.04228660504336634,2.9469380575459487,2.2370422871790656,2.1178751542627183,0.11916713291634712,1.381771505472051,0.8290629032832305,0.5527086021888205,0.0644352410199961,0.04290883970072694,0.05621581648299932,1.27498897678124,0.14098509538860832,0.007241304179910624,0.7035830452950137,0.3380001848481162,-0.0033829197547960085,0.043040995210550055,3.04860679372164,2.3174885328898682,2.204739904998698,0.11274862789117002,1.4064448145382362,0.8438668887229417,0.5625779258152945,0.06245039398975365,0.041227369660874286,0.05443494135942606,1.288902059857918,0.13320035000339664,0.00733141413821356
2122,0.6912379532429146,0.33569621870942046,0.004056754701632269,0.04228579542783114,2.94690261894091,2.2369674952143983,2.1177958631684803,0.11917163204591819,1.3818445929540502,0.82910675577243,0.5527378371816202,0.06443686128467174,0.04291021231356169,0.056216903596663426,1.2749777800070408,0.14098262643741255,0.007241196315908466,0.7035691270391076,0.3379965512497771,-0.003372452370871644,0.043040143901903964,3.0485652989658645,2.317408656464736,2.2046551336798155,0.11275352278492053,1.4065169421434152,0.843910165286049,0.5626067768573662,0.06245203062960979,0.041228756145999926,0.054436055816643264,1.288890422954864,0.13319793938699837,0.007331301912075242
2123,0.6912137650828328,0.33569225491498655,0.004060688462646615,0.04228431587033904,2.9467641703175897,2.2368048927557185,2.117619535733253,0.11918535702246556,1.3819077243072284,0.8291446345843368,0.5527630897228916,0.06444113851765287,0.04291383578630374,0.05622032971368714,1.2749482236365672,0.1409789468911259,0.007241024209670236,0.7035443569640403,0.33799249523646774,-0.0033681026755660454,0.04303862873450377,3.0484192146573204,2.3172396310602115,2.204471770655183,0.1127678604050286,1.4065790733368952,0.8439474440021371,0.5626316293347582,0.06245623696078528,0.04123231955403164,0.05443943512774827,1.2888605162329463,0.13319443885641558,0.007331128085727044
2124,0.6911793333397364,0.33568705249977554,0.004057797237706821,0.042282209676187885,2.946538588427263,2.236568670657978,2.1173627654914196,0.1192059051665586,1.3819597048930723,0.8291758229358432,0.552783881957229,0.06444746993693821,0.04291919947009189,0.05622556376721316,1.2749044758201258,0.1409737031608017,0.007240783803482616,0.7035094766557471,0.33798727110958754,-0.003370423461069777,0.04303649508824842,3.0481850276376448,2.3169961918657105,2.2042070052000367,0.11278918666567402,1.4066300373960137,0.8439780224376081,0.5626520149584056,0.06246242246511474,0.04123755962545926,0.05444455864679425,1.2888165410488601,0.13318952275487111,0.007330888537806671
2125,0.6911401342667569,0.33568061397245197,0.0040497581481393485,0.042279811850710794,2.946276992336364,2.2363053427197035,2.1170772316933366,0.11922811102636688,1.3819996010717124,0.8291997606430273,0.5527998404286851,0.06445439549620866,0.042925066481627305,0.056231339972410956,1.2748566272276847,0.1409671611958627,0.007240504712585265,0.7034700036355223,0.3379808835990738,-0.003377774588070398,0.04303408049297294,3.0479151602722863,2.3167260125531492,2.2039138028797494,0.11281220967339994,1.4066689289875618,0.844001357392537,0.5626675715950248,0.06246916834127232,0.04124327441782295,0.054450195273515,1.2887685864549177,0.13318343905034524,0.0073306123265945
2126,0.6911022836546408,0.3356736596998345,0.004038842953345008,0.04227749650195378,2.946027815128002,2.236059071213905,2.1168112144372664,0.1192478567766387,1.3820276678178924,0.8292166006907353,0.5528110671271571,0.0644606784438565,0.04293038910249976,0.056236593189386744,1.2748132225090263,0.14096022287565685,0.0072402275133949135,0.7034320729955572,0.33797404518018204,-0.003387971408616415,0.04303176023740635,3.0476591349391624,2.3164742097668505,2.2036415128496163,0.11283269691723406,1.40669603681591,0.844017622089546,0.562678414726364,0.06247527572341144,0.0412484483077663,0.054455311498629644,1.2887251747812873,0.1331770216865648,0.007330339370992926
2127,0.6910671069500474,0.335666733418591,0.00402541952564496,0.042275344691054775,2.945797297845398,2.2358352247074125,2.116570083185179,0.11926514152223366,1.3820453577670315,0.8292272146602188,0.5528181431068128,0.0644662635882805,0.042935120576953006,0.05624127834679951,1.2747746417080394,0.14095364711219857,0.007239965050648866,0.7033969966585472,0.33796728750411165,-0.0034007127319024555,0.04302961455538432,3.047423279610236,2.316246199917714,2.203395570970178,0.11285062894753609,1.4067128477334305,0.8440277086400583,0.5626851390933723,0.062480691480606816,0.04125303628524184,0.05445986368968811,1.2886866824352148,0.13317096892458852,0.007330082285763676
2128,0.6910355499974118,0.33566024359434343,0.004009629293887748,0.042273414278532595,2.9455899461146555,2.235637411826707,2.1163574000864527,0.11928001174025422,1.3820542433803378,0.8292325460282026,0.5528216973521352,0.06447112269139017,0.04293923698299086,0.05624537131761369,1.274741078715079,0.14094771150243615,0.007239726704780488,0.7033657059178323,0.3379610072725032,-0.0034158822494942537,0.04302770041738653,3.0472121522479725,2.316045611968395,2.2031795748728946,0.11286603709550054,1.4067209622917967,0.844032577375078,0.5626883849167187,0.06248538815601608,0.0412570150900904,0.054463828156997254,1.2886533033868768,0.13316553427882774,0.0073298502339155
2129,0.6910083577948827,0.3356545020050261,0.003991831114132836,0.04227175084036781,2.945409658491427,2.2354685822755425,2.1161761010663547,0.11929248120918795,1.3820559290417866,0.829233557425072,0.5528223716167147,0.06447522798670555,0.042942714798143544,0.05624884680214091,1.274712724260957,0.14094259546775142,0.007239519760845435,0.7033389276257828,0.3379555049522876,-0.0034331357149240058,0.04302606228937242,3.047029659578947,2.3158753797449068,2.202996455231237,0.11287892451367001,1.4067220072461835,0.84403320434771,0.5626888028984735,0.0624893393601678,0.04126036236637983,0.054467180624319156,1.2886252241241167,0.13316088051555516,0.007329650269116179
2130,0.6909861257026997,0.3356497441320136,0.003972621426312745,0.042270390799736234,2.945259916183916,2.2353312411037836,2.1160287115659653,0.11930252953781816,1.3820520076965843,0.8292312046179506,0.5528208030786337,0.06447854973102454,0.04294552882535438,0.05625167666683688,1.2746897828471657,0.14093843083801272,0.0072393498981679905,0.7033172355911325,0.33795100504861625,-0.0034518858638974137,0.04302473527613645,3.0468792516548135,2.3157379605224824,2.2028486964267806,0.11288926409570191,1.4067175920467216,0.8440305552280328,0.5626870368186888,0.06249251741361736,0.04126305466537268,0.0544698946306169,1.2886026404262005,0.1331571258667157,0.007329487823746488
2131,0.6909692913065308,0.33564613687153916,0.003952754075329974,0.042269360928900324,2.9451435878179373,2.235227296141573,2.115917168577458,0.11931012756411526,1.3820440320674658,0.8292264192404796,0.5528176128269863,0.06448106263207662,0.04294765763818872,0.05625383575361493,1.2746724283748252,0.14093531068937196,0.007239221226781129,0.7033010429712471,0.3379476638569244,-0.0034713841186320357,0.043023744655565244,3.046763727046812,2.3156351829373607,2.2027381590706465,0.11289702386671406,1.406709279960276,0.8440255679761655,0.5626837119841106,0.06249489948141039,0.04126507264235824,0.05447194708308189,1.288585713792962,0.13315435223773356,0.0073293667520707585
2132,0.6909581138145137,0.3356437824410246,0.003933035037491983,0.042268677088690434,2.945062667266624,2.2351578407648285,2.115842574993408,0.11931526577142011,1.3820334871220255,0.8292200922732154,0.5528133948488101,0.0644827535129944,0.042949090073817704,0.056255308702321614,1.2746607512418806,0.14093328960855217,0.007239136216720905,0.7032905824316611,0.3379455735616622,-0.0034908267296760095,0.04302310466476593,3.0466849705980388,2.315568029861077,2.20266583426294,0.11290219559813695,1.4066985605584978,0.8440191363350985,0.5626794242233993,0.06249647490029905,0.04126640726392913,0.05447332478928202,1.288574519407021,0.13315260559415143,0.007329289269792542
2133,0.6909526588766856,0.3356427169572108,0.003914226016568441,0.042268343299771194,2.9450181317740354,2.235123040410712,2.1158050750703996,0.11931796534031236,1.3820217611727257,0.8292130567036355,0.5528087044690901,0.06448362459555229,0.04294982801442522,0.056256092889371404,1.2746547356951967,0.14093238091023083,0.007239095601033797,0.7032858918349433,0.33794476104771515,-0.0035094517353057367,0.04302281762452191,3.046643814797713,2.315536527979102,2.202631722204325,0.11290480577477705,1.4066868209889805,0.844012092593388,0.5626747283955924,0.062497248240095504,0.04126706240141759,0.05447402720470686,1.288569024404969,0.13315189353150345,0.007329255865929369
2134,0.6909528068133209,0.3356429090108862,0.0038969871026601835,0.04226835224588965,2.9450100209326697,2.2351222179371626,2.1158039508341955,0.11931826710296707,1.3820101168307906,0.8292060700984744,0.5528040467323162,0.06448369052308237,0.042949883865160784,0.05625619592531599,1.2746542804005776,0.14093255530646348,0.007239098405363301,0.7032868234258167,0.3379451866861207,-0.003526596661318049,0.04302287450107173,3.046640127176045,2.3155398407569217,2.2026349368218026,0.11290490393511927,1.406675317257071,0.8440051903542424,0.5626701269028286,0.062497236287460636,0.04126705227570154,0.054474063892988075,1.2885691093175886,0.13315218418330943,0.007329265338074898
2135,0.6909582908233436,0.3356442687851346,0.0038818655175100122,0.0422686876110049,2.9450376629061084,2.2351540794403864,2.1158378629998826,0.1193162164405039,1.381999666510376,0.8291997999062256,0.5527998666041504,0.06448297316717536,0.042949276154618285,0.05625563136920188,1.2746592343005325,0.140933745891495,0.0072391422497294945,0.7032930831318653,0.33794675364045185,-0.00354171014801323,0.04302325731005727,3.046673048018901,2.3155765045231242,2.202673957888985,0.1129025466341394,1.4066651502165273,0.8439990901299161,0.5626660600866111,0.0624964629043523,0.041266397101521274,0.05447345027611821,1.2885746045947446,0.1331534110132501,0.00732931509913326
2136,0.6909687454665998,0.33564666573054275,0.0038693090602400365,0.04226932704480088,2.945099891323682,2.235216934663896,2.1159050765092777,0.11931185815461837,1.3819913580240073,0.8291948148144044,0.5527965432096029,0.06448149839158121,0.04294802679336309,0.05625441623693009,1.2746694189459653,0.14093585817219348,0.007239223795195277,0.7033042801074638,0.3379493256696197,-0.0035543389298629616,0.043023942146984656,3.0467412181276354,2.315644658428475,2.202746867034887,0.1128977913935882,1.4066572518212477,0.8439943510927485,0.5626629007284992,0.06249495580081227,0.041265120353534704,0.05447220513930315,1.2885853135181313,0.1331554822911319,0.0073294016292133005
2137,0.6909837398516454,0.33564994719730523,0.0038596777135382204,0.04227024419255711,2.9451951119243605,2.2353087771112823,2.1160035291354045,0.11930524797587774,1.3819859713149267,0.8291915827889561,0.5527943885259706,0.06447929742578232,0.042946162237559454,0.056252572490244755,1.2746846189890968,0.14093878081272812,0.007239339117835043,0.7033199607531402,0.3379527458048761,-0.0035641165996337515,0.043024901267966986,3.046842852416692,2.3157421304276813,2.2028514228203226,0.11289070760735856,1.4066523826606159,0.8439914295963694,0.5626609530642465,0.06249274777797407,0.04126324981933576,0.0544703519976491,1.2886010033457502,0.13315829119986705,0.007329520855245408
2138,0.6910027836693973,0.33565395388797403,0.003853241119467464,0.04227140906398148,2.9453211587888384,2.235427167893221,2.1161306854965805,0.11929648239664051,1.3819841221537628,0.8291904732922577,0.5527936488615051,0.06447641374178428,0.042943719314667554,0.05625013323575017,1.2747045346625119,0.1409423938189967,0.007239483902722167,0.7033396153136464,0.33795685179922236,-0.0035707663131700276,0.043026103493084916,3.0469755977762096,2.315866322110501,2.2029849158491004,0.11288140626140063,1.4066511365451821,0.8439906819271091,0.562660454618073,0.062489883307873965,0.04126082317356407,0.054467925032993476,1.2886213585261168,0.1331617235375071,0.007329668351693736
2139,0.6910253124494394,0.3356585314539839,0.003850162463203133,0.04227278713117649,2.9454750055149908,2.235568984769777,2.116283245511631,0.11928573925814573,1.3819862666722658,0.8291917600033596,0.5527945066689062,0.06447291335681284,0.042940753951408936,0.05624715184054154,1.2747287105772083,0.1409465728172593,0.007239653485385822,0.7033626635541376,0.33796148773696844,-0.003574116841202263,0.04302751333003959,3.047136242131995,2.3160139553599475,2.2031438745599594,0.11287008079998813,1.406653945953393,0.8439923675720358,0.5626615783813573,0.062486428444041876,0.04125789637369642,0.054464977868675775,1.2886459102236174,0.13316566179167924,0.007329839390019278
2140,0.6910506698504737,0.3356635363171364,0.0038504772509273116,0.042274338245348334,2.9456525220649477,2.2357302084408923,2.116456900567991,0.11927330787290116,1.381992702494927,0.8291956214969562,0.5527970809979708,0.06446889274757542,0.04293734787836066,0.05624370889674035,1.274756480983718,0.1409511893913369,0.0072398428170433885,0.7033884374039829,0.3379665098878888,-0.003574123558366421,0.04302908991247939,3.047320469780707,2.3161808568252242,2.203323819339378,0.1128570374858463,1.4066610840688814,0.8439966504413288,0.5626644336275526,0.06248247842104809,0.04125455009802904,0.05446159026092776,1.2886739822350355,0.1331699855443107,0.007330028910468126
2141,0.6910781056326082,0.3356688376792267,0.003854078612561297,0.04227601651292372,2.9458484273921153,2.2359058832545933,2.116646287662798,0.11925959559179528,1.382003566215529,0.8292021397293174,0.5528014264862116,0.0644644804759528,0.0429336100071655,0.05623991367520416,1.2747869584375517,0.1409561102448469,0.0072400464749068135,0.7034161792737422,0.33797178875610384,-0.0035708829612722884,0.043030786897203355,3.047522816286251,2.3163619202327492,2.2035192184005767,0.11284270183217247,1.40667266314279,0.8440035978856739,0.562669065257116,0.06247815916786209,0.041250891027724806,0.05445786945227059,1.288704680129774,0.13317457076437494,0.0073302315355189525
2142,0.6911068054999442,0.3356743212681337,0.0038607228527928195,0.04227777212129018,2.9460565199964535,2.2360903298452652,2.1168452215641547,0.11924510828111066,1.3820188307204977,0.8292112984322987,0.552807532288199,0.06445983125773884,0.042929671405844395,0.0562358990367653,1.2748190746539823,0.14096119892882758,0.007240258862931696,0.7034450722829844,0.33797721284798315,-0.0035646271905599783,0.04303255431346847,3.047736906675271,2.316551325454416,2.203723727065315,0.1128275983891009,1.4066886326832595,0.8440131796099556,0.5626754530733039,0.0624736215172753,0.041247046941305675,0.05445394519645734,1.2887369322923496,0.13317929146163937,0.007330441769671459
2143,0.6911359603252543,0.335679898694576,0.0038700599097187885,0.0422795555736094,2.946270210405663,2.2362776316690782,2.117047225156601,0.11923040651247724,1.3820383087484367,0.8292229852490621,0.5528153234993746,0.06445511260534488,0.042925673983117085,0.05623180994969902,1.2748516726853063,0.14096632271114262,0.0072404746839581265,0.7034743098484135,0.3379826979666314,-0.00355569407360333,0.04303434282003378,3.047956001150499,2.316743036428025,2.203930730827581,0.11281230560044407,1.4067087838715304,0.8440252703229181,0.5626835135486123,0.0624690282404349,0.04124315573091303,0.05444995860049197,1.288769581986888,0.1331840260763998,0.007330654465554317
2144,0.6911648650457934,0.33568552467984636,0.003881680026003531,0.042281323738580956,2.946483238694187,2.2364622885491072,2.1172462367310003,0.11921605181810704,1.3820616699386437,0.8292370019631864,0.5528246679754573,0.06445048788682048,0.04292175613679289,0.05622778896088848,1.2748836239130221,0.14097136576285885,0.007240689654251208,0.7035031947611898,0.33798820422276804,-0.0035444815007281763,0.04303610976602847,3.048173728423351,2.31693146826531,2.2041340679509154,0.11279740031439447,1.4067327674540602,0.844039660472436,0.5626931069816242,0.06246453763175329,0.04123935149620689,0.054446048031068894,1.2888015039996712,0.13318866967637147,0.007330865527860009
2145,0.6911930281116125,0.3356912241664637,0.003895165270794518,0.04228304654562695,2.9466903729186797,2.236639853028382,2.117437287346317,0.11920256568206489,1.3820884759539378,0.8292530855723628,0.552835390381575,0.06444610201441944,0.04291804062978978,0.056223964035415235,1.2749139269432486,0.14097624792748137,0.007240901378074726,0.7035312485051476,0.33799376274340615,-0.0035313974016692937,0.0430378258781776,3.0483847977720067,2.317112135039447,2.2043287199754715,0.11278341506397571,1.4067601296608923,0.8440560777965352,0.562704051864357,0.06246028967012325,0.04123575282079135,0.05444233734103892,1.2888317030370526,0.13319315128444148,0.007331072775128216
2146,0.6912202794515083,0.3356971303517574,0.0038525183834340684,0.042284713589374634,2.9468879613167673,2.2368074359546397,2.117617020928247,0.11919041502639245,1.3821182339808666,0.82927094038852,0.5528472935923466,0.06444207354448223,0.042914627897522435,0.05622044206690691,1.2749417622596686,0.14098094695062022,0.007241110328159586,0.7035583187830986,0.3379995131446402,-0.0035754611894755414,0.043039481838388266,3.048585559913922,2.317282162250741,2.2045113400764222,0.11277082217431873,1.4067903663958328,0.8440742198374995,0.5627161465583332,0.06245639842632982,0.041232456340127226,0.05443892962375375,1.2888593677722615,0.1331974543973283,0.007331276907604677
2147,0.6912095392094766,0.3357005598801127,0.0038424349523348,0.0422840565431713,2.946760855957868,2.2366790166384773,2.1174705760740187,0.11920844056445859,1.382150466473082,0.8292902798838492,0.5528601865892327,0.06444682539217696,0.042918653441763814,0.056224506257934626,1.2749089287687845,0.14098057338273193,0.007241088097635693,0.7035475545544293,0.338002924634049,-0.003585429161223057,0.04303882331734642,3.04845570398651,2.3171510365415444,2.2043619078787886,0.11278912866275587,1.4068229935128693,0.8440937961077215,0.5627291974051478,0.06246100163269763,0.04123635596235343,0.0544428690333864,1.288826641457062,0.13319712320291216,0.007331256959657099
2148,0.6912000907352022,0.3357034853604225,0.0038336691745336146,0.04228347852134812,2.946649349529804,2.236567039937361,2.1173429529292025,0.11922408700815837,1.382177327667669,0.8293063966006015,0.5528709310670675,0.0644509555573586,0.04292215232550989,0.056228042123067715,1.2748803926724053,0.14098011577763997,0.007241067579710767,0.7035380906504547,0.3380058350397997,-0.0035940808011393557,0.04303824434406122,3.0483418554384945,2.317036747873882,2.2042317323950136,0.11280501547886841,1.4068502050724683,0.8441101230434809,0.5627400820289874,0.06246500120995188,0.04123974421808428,0.054446295083719266,1.2887982083878553,0.1331967171011321,0.007331238460453327
2149,0.6911918552727676,0.3357060386003158,0.00382617217161052,0.04228297470183233,2.9465514426236856,2.2364694067668536,2.11723167479492,0.11923773197193376,1.3821996130479426,0.8293197678287656,0.552879845219177,0.06445455744485651,0.042925203676985546,0.05623112993526486,1.2748555079135628,0.14097971790662128,0.007241049727002898,0.7035298439843015,0.33800837400349126,-0.003601479545535767,0.04303773983164412,3.048241946974911,2.3169371306162576,2.2041182653577236,0.11281886525853416,1.4068728026953123,0.8441236816171873,0.562749121078125,0.06246848803730927,0.04124269809596316,0.054449285915221766,1.2887734218083113,0.13319636428595574,0.00733122236787659
2150,0.6911847211817349,0.3357083003289019,0.003819778179176815,0.04228253825509361,2.9464654396053245,2.236384292544954,2.1171346259267034,0.11924966661825068,1.3822180227977017,0.829330813678621,0.5528872091190806,0.06445770518051055,0.042927870292152864,0.056233832784111565,1.2748337618457009,0.1409793827118956,0.007241034780470439,0.7035227015883115,0.3380106215352052,-0.0036077898058092597,0.04303730286938036,3.0481542358047427,2.3168503145216417,2.2040193410711577,0.11283097345048382,1.4068914912226418,0.8441348947335849,0.5627565964890568,0.062471534090706965,0.04124527857065466,0.05445190283200048,1.288751769551138,0.13319606767446288,0.007331208948858113
2151,0.6911785766673197,0.3357103271605674,0.0038143401728756854,0.04228216234219971,2.9463899051100175,2.236310133025423,2.1170500062574504,0.11926012676797258,1.3822331647542785,0.8293398988525671,0.5528932659017114,0.06446045969054312,0.04293020378487227,0.05623620225795218,1.2748147331656785,0.14097910883240186,0.007241022728035552,0.7035165507056148,0.33801263391310293,-0.003613157179381314,0.0430369265594871,3.0480772456897873,2.3167746961059965,2.2039331162389635,0.11284157986703325,1.4069068824180397,0.8441441294508237,0.562762752967216,0.062474198576324275,0.041247535798878715,0.054454196007101004,1.2887328303721386,0.13319582617997303,0.007331198216061744
2152,0.6911733116171092,0.33571215951325567,0.003809727257009017,0.04228184022716627,2.94632358279284,2.2362455540093653,2.116976244625451,0.11926930938391417,1.3822455636123145,0.8293473381673887,0.5528982254449258,0.0644628725600814,0.04293224785566307,0.05623828188447881,1.274798065213592,0.14097889219668305,0.007241013397305514,0.7035112805279667,0.3380144514346202,-0.003617711107508796,0.043036604123415395,3.048009684635772,2.3167088671629577,2.203857982045357,0.11285088511760022,1.4069195043173583,0.8441517025904148,0.5627678017269435,0.06247653163684566,0.04124951225918427,0.05445620778851864,1.2887162475619878,0.1331956361897919,0.007331190020414683
2153,0.6911688184645856,0.3357138261323433,0.0038058225908385312,0.04228156532977509,2.946265349175443,2.2361893295958786,2.1169119474307405,0.11927738216513824,1.3822556695745045,0.8293534017447026,0.5529022678298019,0.0644649882866657,0.042934040200770685,0.056240109126633894,1.2747834503748947,0.1409787268526331,0.007241006507554633,0.7035067830065961,0.3380161028599523,-0.0036215669683398663,0.04303632895144735,3.0479503979530334,2.316651572167368,2.203792511958304,0.11285906020906378,1.4069298099912158,0.8441578859947292,0.5627719239964866,0.06247857652337738,0.04125124459189586,0.054457974623506364,1.2887017134784395,0.13319549233895306,0.007331184103189767
2154,0.6911649934261257,0.33571534734531794,0.0038025219196314228,0.042281331301240704,2.9462141872960714,2.2361403573782193,2.116855867510089,0.11928448986813041,1.3822638663099713,0.8293583197859827,0.5529055465239886,0.06446684573703991,0.0429356137462919,0.05624171666919454,1.274770619995187,0.1409786055814437,0.007241001710449737,0.7035029540561076,0.3380176086218669,-0.0036248275636101626,0.04303609467633718,3.047898341321538,2.3166016828521,2.2037354299654903,0.11286625288660984,1.4069381855934133,0.8441629113560477,0.5627752742373656,0.06248037100497475,0.04125276479319959,0.05445952830387063,1.288688959506262,0.1331953880856097,0.007331180136878038
2155,0.6911617380336478,0.33571673747407205,0.003799732629829501,0.042281132117963985,2.9461691739003673,2.2360976452923587,2.116806886881848,0.11929075841051073,1.382270478364199,0.8293622870185193,0.5529081913456797,0.06446847906240405,0.04293699742353416,0.05624313322381774,1.2747593380417435,0.14097852046205364,0.0072409986235632785,0.7034996950574056,0.33801898320947993,-0.0036275840915246035,0.04303589526524666,3.0478525675425856,2.316558184593114,2.2036855928354098,0.11287259175770403,1.4069449578452935,0.8441669747071758,0.5627779831381177,0.06248194825845593,0.041254100968951886,0.0544608967488848,1.288677749716916,0.1331953162375301,0.007331177758744485
2156,0.6911589610574641,0.3357180068579065,0.003797373191559518,0.04228096219915675,2.9461294751790175,2.2360603060085187,2.116764008298312,0.11929629771020674,1.382275778134509,0.8293654668807052,0.5529103112538037,0.06446991829581991,0.04293821667510986,0.056244384053453,1.2747493969646781,0.14097846344121312,0.007240996861920636,0.7034969147445569,0.3380202371640221,-0.003629916741841571,0.043035725135168505,3.047812221953117,2.316520170450178,2.20364198130977,0.11287818914040813,1.4069504010722453,0.844170240643347,0.5627801604288983,0.062483337451453916,0.04125527782861416,0.05446210451715165,1.288667876712542,0.13319526948038068,0.007331176602224226
2157,0.6911565798384083,0.33571916333412183,0.003795372542456932,0.04228081648832994,2.946094343872006,2.2360275521869166,2.1167263483524756,0.11930120383444076,1.3822799925325508,0.8293679955195303,0.5529119970130205,0.06447118980943507,0.04293929384227517,0.05624549136780767,1.2747406145293558,0.14097842676963623,0.007240996060683421,0.7034945305042004,0.33802137853754455,-0.0036318953416615354,0.04303557923241304,3.0477765392475495,2.3164868361210877,2.2036036928991907,0.11288314322189724,1.406954743913932,0.8441728463483591,0.562781897565573,0.06248456418904011,0.04125631706361138,0.05446317319297776,1.2886591584424951,0.13319524078004039,0.0073311763194516735
2158,0.6911545210433981,0.3357202134108529,0.0037936694056732168,0.04228069049950889,2.9460631147379868,2.235998690174611,2.116693129189801,0.11930556098481027,1.3822833092469773,0.8293699855481862,0.5529133236987911,0.06447231675669865,0.042940248539554776,0.05624647470255448,1.2747328307547305,0.14097840339075582,0.007240995891497024,0.7034924690999177,0.33802241404378486,-0.0036335800632472937,0.04303545307691678,3.047744838683987,2.3164574733603422,2.20356993330996,0.11288754005038255,1.4069581756233787,0.8441749053740272,0.5627832702493515,0.0624856509436372,0.04125723771153429,0.05446412175510247,1.2886514351408755,0.133195223738658,0.007331176597452121
2159,0.6911527210409316,0.3357211630078915,0.0037922116281028442,0.0422805803402017,2.946035201828026,2.235973115156966,2.1166636723094507,0.11930944284751561,1.3822858825309592,0.8293715295185754,0.5529143530123838,0.06447331937874708,0.04294109791429754,0.05624735117565348,1.2747259057916032,0.14097838722722073,0.007240996072269017,0.703490667019064,0.33802334978286763,-0.003635022107023614,0.04303534278345636,3.0477165211208748,2.316431464887007,2.20354000999226,0.11289145489474653,1.4069608518810246,0.8441765111286147,0.5627843407524099,0.06248661735380363,0.04125805640925573,0.05446496682676042,1.2886445671976783,0.13319521285469868,0.007331177167765255
2160,0.6911511261705829,0.3357220179187961,0.0037909555249300148,0.04228048272788267,2.946010098119621,2.235950308430559,2.1166373950279915,0.11931291340256778,1.3822878384860497,0.8293727030916298,0.5529151353944199,0.06447421518601575,0.042941856800529477,0.056248135632829196,1.2747197186639674,0.14097837331798369,0.007240996373461577,0.7034890707178058,0.3380241916934746,-0.003636264367032807,0.043035245076636364,3.047691068445227,2.3164082814528055,2.2035133283871864,0.11289495306561924,1.406962900096735,0.8441777400580409,0.562785160038694,0.0624874804031921,0.041258787544535935,0.054465722819278736,1.2886384338827792,0.13319520364678206,0.00733117781260253
2161,0.6911496924542881,0.33572278400651434,0.0037898650555589844,0.042280394972329535,2.9459873730984247,2.2359298328225243,2.1166138051754877,0.11931602764703647,1.3822892798715616,0.8293735679229369,0.5529157119486247,0.06447501914251805,0.0429425378750664,0.05624884079306631,1.2747141659929049,0.1409783578078439,0.007240996618581765,0.7034876363157638,0.33802494574484054,-0.003637342251068161,0.04303515727220858,3.0476680409335057,2.3163874770529542,2.203489386395132,0.11289809065782211,1.4069644242306223,0.8441786545383734,0.5627857696922489,0.06248825460190968,0.0412594434096624,0.054466402075619605,1.2886329320538166,0.13319519264255777,0.007331178365312092
2162,0.6911483847904039,0.3357234672433561,0.003788910915154993,0.0422803149263194,2.94596666718036,2.23591132540369,2.1165924929552022,0.11931883244848773,1.382290290375263,0.8293741742251578,0.5529161161501052,0.0644757439027627,0.04294315185821919,0.05624947743947907,1.2747091603577043,0.14097833790227277,0.007240996680248468,0.7034863287813486,0.3380256179773906,-0.003638284580054621,0.043035077227234333,3.0476470714356547,2.316368681421914,2.203467765993227,0.11290091542868719,1.4069655090707127,0.8441793054424276,0.5627862036282851,0.06248895221804712,0.04126003439759071,0.05446701505725293,1.28862797450831,0.13319517733570396,0.007331178706536739
2163,0.6911471760534912,0.33572407368755675,0.003788069678689013,0.04228024093055894,2.9459476857252924,2.2358944900892603,2.116573122747802,0.11932136734145833,1.3822909382958175,0.8293745629774906,0.5529163753183269,0.06447640003905764,0.042943707706355194,0.056250054603021266,1.2747046287240011,0.14097831180472456,0.0072409964750861575,0.7034851210262795,0.33802621448201225,-0.0036391144334896874,0.04303500328469255,3.0476278591611763,2.3163515924294624,2.20344812480923,0.11290346762023247,1.406966223919911,0.8441797343519465,0.5627864895679645,0.06248958349976414,0.04126056919008489,0.05446757052399637,1.288623488403509,0.13319515612706861,0.007331178759233288
2164,0.6911460461650472,0.3357246093833548,0.003787322969782951,0.04228017175683857,2.945930193453093,2.2358790908223205,2.1165554256469323,0.11932366517538809,1.382291279676934,0.8293747678061605,0.5529165118707735,0.06447699623457676,0.04294421277545523,0.05625057971728824,1.2747005111088558,0.14097827858352818,0.007240995957661861,0.7034839929746687,0.33802674130513405,-0.0036398499639839557,0.04303493421653321,3.0476101638922755,2.316335969084869,2.20343018845237,0.11290578063249851,1.4069666257331754,0.8441799754399052,0.5627866502932702,0.06249015686418141,0.0412610549177379,0.05446807568582879,1.2886194139125964,0.13319512820220492,0.007331178482760018
2165,0.6911449810590802,0.335725080295083,0.003786656614764447,0.04228010654475406,2.945914007122222,2.2358649434967495,2.116539190556872,0.11932575293987724,1.38229136094225,0.8293748165653501,0.5529165443769,0.06447753952324854,0.04294467302433622,0.056251058816368125,1.2746967589228289,0.14097823801507273,0.007240995114207609,0.703482930529754,0.3380272043872727,-0.0036405052227678897,0.04303486916046942,3.04759379846395,2.3163216232842663,2.203413741411075,0.11290788187319126,1.4069667617547914,0.8441800570528748,0.5627867047019166,0.06249067913064864,0.04126149735758544,0.054468536395573586,1.2886157025659062,0.13319509338781876,0.0073311778667840555
2166,0.691143971464804,0.33572549223670173,0.0037860598046331184,0.042280044727239084,2.9458989862607057,2.23585190637679,2.1165242536248012,0.11932765275198887,1.3822912210598406,0.8293747326359044,0.5529164884239361,0.0644780355760094,0.04294509325715157,0.05625149677465485,1.2746933329921437,0.14097819044032142,0.007240993955305684,0.7034819243613155,0.33802760949725225,-0.003641090977081478,0.04303480754579894,3.0475786192984278,2.316308410056671,2.20339861628727,0.11290979376940109,1.4069666716852631,0.8441800030111579,0.5627866686741052,0.06249115579794473,0.04126190116793714,0.05446895738140377,1.2886123152802471,0.1331950520204931,0.0073311769241981165
2167,0.691143011806738,0.3357258508628839,0.0037855243613313244,0.04227998596327991,2.945885023922079,2.23583987084813,2.1165104879739887,0.11932938287414144,1.3822908932468174,0.8293745359480905,0.5529163572987269,0.06447848898957025,0.04294547736802087,0.05625189755146753,1.2746902015637402,0.14097813665225345,0.007240992509850483,0.7034809688114835,0.3380279622267377,-0.003641615425639788,0.04303474902646803,3.047564516989503,2.316296218162344,2.203384683356103,0.11291153480624094,1.4069663893889996,0.8441798336333999,0.5627865557555998,0.06249159132334126,0.04126227012478606,0.05446934248348533,1.288609220375225,0.1331950048441293,0.007331175685307147
2168,0.6911420991235216,0.3357261616405803,0.003785044039192345,0.04227993007177559,2.9458720376405942,2.2358287525399088,2.1164977938705043,0.11933095866940434,1.382290406283483,0.82937424377009,0.5529161625133932,0.06447890355947258,0.04294582857235027,0.05625226442315181,1.274687338419018,0.14097807775242957,0.007240990818907233,0.7034800608208693,0.33802826796585556,-0.0036420848765308655,0.043034693415378945,3.047551407103801,2.316284961078133,2.203371840576363,0.11291312050177023,1.4069659442123958,0.8441795665274376,0.5627863776849582,0.062491989386300406,0.041262607345201326,0.05446969487835474,1.288606391698944,0.13319495287956865,0.00733117419191827
2169,0.691141232240941,0.3357264298318506,0.0037846139922362854,0.042279876980949135,2.945859962429838,2.2358184844846347,2.116486091141934,0.11933239334270054,1.3822897854798395,0.8293738712879039,0.5529159141919356,0.06447928249146541,0.04294614958590112,0.056252600163013027,1.2746847214136916,0.14097801504010252,0.007240988931062401,0.7034791991080995,0.3380285318899604,-0.0036425042639291125,0.043034640634199164,3.047539223058801,2.3162745700500387,2.203360005885603,0.11291456416443553,1.40696536195533,0.8441792171731981,0.5627861447821318,0.062492353092843615,0.041262915460459765,0.05447001725307439,1.2886038071754378,0.13319489732421186,0.007331172492883131
2170,0.6911404111635666,0.33572666046515887,0.0037842303578835973,0.04227982669113253,2.9458487458392684,2.2358090122603635,2.116475313811242,0.11933369844912134,1.3822890533800436,0.8293734320280263,0.5529156213520173,0.064479628548169,0.04294644274903678,0.056252907165784245,1.2746823314646711,0.14097794989784262,0.007240986898835462,0.703478383566667,0.33802875893486756,-0.0036428775501564786,0.04303459067646526,3.0475279110875753,2.3162649891535203,2.203349111738725,0.11291587741479514,1.4069646655814165,0.84417879934885,0.5627858662325665,0.06249268511772349,0.04126319673648733,0.05447031192603463,1.2886014477941687,0.1331948394485403,0.007331170640659442
2171,0.6911396366378703,0.33572685831089133,0.0037838899514497024,0.04227977924804148,2.9458383444588288,2.2358002905440464,2.116465406293977,0.11933488425006962,1.3822882302747528,0.8293729381648517,0.5529152921099011,0.06447994415227118,0.042946710114145616,0.05625318753507854,1.274680151837197,0.14097788370186287,0.007240984776061648,0.70347761483188,0.33802895377594966,-0.0036432080206697665,0.04303454358109197,3.0475174266708,2.3162561717816605,2.203339101228835,0.11291707055282574,1.4069638757366085,0.8441783254419651,0.5627855502946434,0.06249298780482544,0.04126345315891468,0.05447058093215314,1.2885992968964106,0.13319478051514524,0.007331168688808678
2172,0.6911389097946751,0.33572702786733355,0.003783590029431287,0.04227973472090313,2.945828720952029,2.2357922802256684,2.116456320207118,0.11933596001855061,1.3822873345748516,0.829372400744911,0.5529149338299406,0.06448023147429144,0.042946953519990755,0.05625344315809458,1.2746781675385994,0.1409778177589247,0.007240982615812736,0.7034768939264455,0.33802912081697467,-0.003643498513256002,0.04303449941069163,3.0475077315099877,2.3162480777047967,2.203329924832394,0.11291815287240264,1.4069630111293232,0.8441778066775939,0.5627852044517293,0.062493263252529296,0.041263686505391514,0.05447082609562462,1.2885973395685468,0.13319472172185312,0.0073311666900120025
2173,0.6911382318207565,0.33572717334085816,0.003783328101893503,0.042279693182366705,2.94581984137495,2.2357849458327994,2.1164480115291693,0.11933693430363031,1.3822863830763013,0.8293718298457807,0.5529145532305205,0.0644804925093804,0.04294717465677095,0.05625367577110311,1.2746763647878125,0.14097775326490308,0.007240980468414923,0.7034762219351574,0.33802926417278206,-0.003643751600463263,0.043034458231673595,3.047498790798116,2.3162406704505405,2.203321537517108,0.11291913293343235,1.40696208880168,0.844177253281008,0.562784835520672,0.062493513388265226,0.041263898408747016,0.05447104909356501,1.288595562112187,0.1331946641643695,0.007331164694173016
2174,0.691137603698201,0.33572729862643075,0.0037831017968724193,0.042279654692559204,2.9458116730754047,2.2357782535273727,2.116440438395711,0.11933781513166167,1.3822853911328226,0.8293712346796935,0.552914156453129,0.06448072913620102,0.04294737511600203,0.05625388700970142,1.2746747306086599,0.1409776912786339,0.0072409783798362895,0.7034755997471804,0.3380293876519161,-0.0036439697218131548,0.04303442009847905,3.047490571085006,2.316233915268816,2.20331389649988,0.11292001876893575,1.4069611243085436,0.8441766745851261,0.5627844497234175,0.06249374002562397,0.041264090405370844,0.05447125150480452,1.2885939516382718,0.13319460881277143,0.007331162746875614
2175,0.6911370259026913,0.33572740725701616,0.0037829087187906812,0.04227961928062833,2.9458041825710413,2.235772169090326,2.116433558915533,0.11933861017479278,1.38228437275918,0.829370623655508,0.5529137491036721,0.06448094316968403,0.04294755643520885,0.05625407845352662,1.2746732524654631,0.14097763268149316,0.007240976389527589,0.7034750277576661,0.3380294947084427,-0.003644155320953628,0.04303438503532761,3.0474830381256046,2.316227777088624,2.2033069590293297,0.11292081805929435,1.4069601318271252,0.844176079096275,0.5627840527308502,0.06249394491542074,0.0412642639784722,0.05447143485321194,1.2885924957041637,0.13319455647483697,0.007331160887296904
2176,0.6911364982375846,0.3357275023714008,0.0037827463869019237,0.042279586934592425,2.945797334425086,2.2357666568604326,2.1164273300268057,0.11933932683362697,1.3822833406638004,0.8293700043982802,0.5529133362655202,0.0644811363876433,0.04294772012047263,0.056254251648785114,1.2746719180791835,0.14097757816633208,0.007240974529189393,0.7034745057037579,0.33802958841138336,-0.0036443109062411563,0.04303435302618525,3.0474761557396297,2.3162222194405513,2.2033006812220624,0.11292153821848905,1.406959124195946,0.8441754745175676,0.5627836496783785,0.0624941297715676,0.0412644205799976,0.054471600629613474,1.2885911821297535,0.13319450778609773,0.0073311591470162744
2177,0.6911360197387019,0.3357275866835582,0.0037826121951230335,0.042279557595516166,2.9457910907473717,2.2357616792570973,2.116421707000409,0.11933997225668813,1.3822823062449372,0.8293693837469623,0.5529129224979749,0.06448131053935734,0.042947867653700664,0.056254408115262486,1.274670715368118,0.14097752821767479,0.007240972821937664,0.7034740325705966,0.3380296714154545,-0.0036444390896835654,0.04303432400901433,3.0474698853040767,2.316217203969954,2.203295017553815,0.1129221864161386,1.4069581129171032,0.8441748677502618,0.5627832451668413,0.06249429627960279,0.04126456163785663,0.05447175029877336,1.2885899989368128,0.13319446319192377,0.0073311575492067925
2178,0.6911355887541257,0.33572766248557584,0.003782503455004506,0.04227953116239189,2.945785411895476,2.235757197426409,2.1164166441545653,0.11934055327184351,1.3822812795681838,0.8293687677409104,0.5529125118272734,0.06448146732586482,0.042948000475933786,0.05625454932932229,1.2746696325839433,0.1409774831236306,0.007240971282765888,0.7034736066703154,0.3380297459643924,-0.0036445425464951206,0.043034297880605914,3.047464186457137,2.3162126910828102,2.20328992157343,0.11292276950938039,1.4069571081395122,0.8441742648837074,0.5627828432558049,0.06249444607810757,0.04126468854017905,0.054471885283335644,1.2885889344810044,0.13319442295852238,0.007331156109086599
2179,0.6911352030173059,0.3357277316553559,0.0037824174222164456,0.042279507496611524,2.9457802570609855,2.2357531717786827,2.116412095443671,0.11934107633501173,1.3822802693621907,0.8293681616173145,0.5529121077448762,0.06448160838467029,0.04294811997438968,0.056254676710743606,1.2746686584172984,0.14097744297837042,0.0072409699190208055,0.7034732257142934,0.3380298138988724,-0.003644623990051582,0.04303427450099951,3.047459017685913,2.3162086404820874,2.2032853464901385,0.11292329399194889,1.4069561186596242,0.8441736711957746,0.5627824474638496,0.06249458074432589,0.04126480262313256,0.05447200695142844,1.2885879775540348,0.13319438717534374,0.007331154834384186
2180,0.6911348597582909,0.33572779568403566,0.0037823513544341172,0.04227948642877069,2.94577558496578,2.235749562636334,2.1164080151481204,0.11934154748821367,1.3822792830294328,0.8293675698176598,0.552911713211773,0.06448173527511106,0.04294822747006628,0.05625479161037644,1.2746677820988122,0.14097740771307476,0.007240968731290121,0.7034728869228183,0.3380298766834064,-0.0036446861179766366,0.04303425370019142,3.0474543370264717,2.316205011816153,2.2032812458645594,0.11292376595159373,1.4069551519365207,0.8441730911619124,0.5627820607746082,0.06249470178032071,0.04126490515919501,0.054472116604964003,1.2885871174819896,0.13319435578331837,0.007331153726204273
2181,0.6911345558074514,0.3357278557058633,0.003782302557209502,0.04227946776501364,2.945771354467938,2.2357463307914007,2.116404358461049,0.11934197233035163,1.3822783266781478,0.8293669960068888,0.552911330671259,0.06448184946707805,0.042948324208186825,0.056254895300672264,1.2746669934769679,0.14097737712151376,0.007240967714275251,0.70347258712733,0.3380299354354642,-0.0036447315694952964,0.043034235284389016,3.0474501026748664,2.316201765238225,2.203277574198407,0.11292419103981799,1.4069542141274323,0.8441725284764594,0.5627816856509729,0.062494810602237445,0.04126499734805887,0.05447221547060236,1.2885863442016,0.13319432859815625,0.00733115277987856
2182,0.6911342876970393,0.3357279125320968,0.003782268427013319,0.042279451293246006,2.9457675251049564,2.2357434380011387,2.1164010820018624,0.11934235599927612,1.3822774051718232,0.829366443103094,0.5529109620687291,0.06448195233252643,0.0429484113510079,0.05625498896863576,1.2746662830767024,0.14097735088773508,0.007240966857694282,0.7034723228703736,0.33802999095835984,-0.0036447628856323758,0.04303421904212544,3.047446273535625,2.316198861904128,2.2032742874515323,0.1129245744525958,1.4069533101401548,0.8441719860840929,0.5627813240560618,0.06249490853217648,0.04126508030974609,0.05447230469298046,1.288585648317968,0.13319430533552068,0.007331151985844782
2183,0.6911340519349132,0.33572796671353716,0.003782246565025918,0.04227943679987961,2.9457640588953184,2.235740848636059,2.116398145578889,0.11934270305716979,1.3822765221940485,0.8293659133164292,0.5529106088776193,0.06448204510675101,0.042948489945013754,0.05625507368287097,1.2746656423668186,0.1409773286361665,0.007240966148414772,0.7034720906733221,0.3380300438016882,-0.0036447824026275416,0.043034204760637115,3.047442811019531,2.31619626561361,2.203271344799403,0.112924920814207,1.4069524437002137,0.8441714662201282,0.5627809774800855,0.062494996761599086,0.0412651550536072,0.05447238530353059,1.2885850213645744,0.1331942856563474,0.007331151331704381
2184,0.6911338450206466,0.3357280185680555,0.003782234746744495,0.042279424070818,2.9457609201970065,2.235738529518651,2.1163955119800306,0.11934301753862049,1.3822756803616263,0.8293654082169758,0.5529102721446505,0.06448212889921486,0.04294856093008985,0.05625515040299532,1.2746650636851782,0.14097730992266516,0.007240965570828179,0.7034718870555118,0.3380300942885569,-0.003644792279296684,0.04303419222703447,3.0474396789288765,2.3161939426723603,2.2032687084499627,0.1129252342223977,1.4069516174648566,0.8441709704789139,0.5627806469859428,0.062495076361000136,0.04126522248651564,0.05447245822889317,1.2885844557345285,0.13319426915954188,0.007331150802615618
2185,0.6911336635959034,0.3357280682504426,0.0037822309963650783,0.042279412900655226,2.945758076272912,2.2357364504444006,2.1163931474751565,0.11934330296924421,1.3822748813295929,0.8293649287977557,0.5529099525318372,0.06448220469178945,0.042948625138032076,0.05625521997878143,1.2746645402508427,0.14097729429946557,0.007240965108392018,0.7034717086809922,0.33803014258274866,-0.0036447944299366555,0.04303418123727912,3.0474368440260506,2.316191862412487,2.203266344148367,0.11292551826412012,1.4069508331294736,0.844170499877684,0.5627803332517896,0.06249514827810767,0.0412652834113425,0.054472524289964665,1.288583944693342,0.13319425544010186,0.007331150382786985
2186,0.6911335045174333,0.33572811579196876,0.003782233585449872,0.042279403097141344,2.9457554975352416,2.2357345843734735,2.116391021985753,0.11934356238772054,1.382274125915814,0.8293644755494884,0.5529096503663256,0.0644822733410072,0.04294868329445478,0.056255283152255885,1.2746640661485034,0.140977281321346,0.007240964744437455,0.7034715524301994,0.3380301887272254,-0.00364479052572423,0.04303417160056831,3.047434276278306,2.3161899973831948,2.2032642213466715,0.11292577603652323,1.4069500915527247,0.8441700549316347,0.56278003662109,0.06249521334006074,0.041265338528801494,0.05447258420391689,1.288583482363446,0.13319424409522146,0.0073311500562677975
2187,0.6911333649086316,0.3357281611413527,0.0037822410358451866,0.042279394484336534,2.945753157570407,2.235732907425073,2.116389109033775,0.11934379839129759,1.382273414227719,0.8293640485366315,0.5529093656910876,0.06448233558681438,0.04294873602620604,0.05625534056546247,1.2746636362680217,0.1409772705649181,0.007240964462875745,0.7034714154500957,0.33803023268390997,-0.0036447819933535935,0.043034163142402285,3.047431948879527,2.3161883233410445,2.2032623131494318,0.11292601019161266,1.4069493928834924,0.8441696357300953,0.5627797571533971,0.06249527226182518,0.041265388444578444,0.05447263859165562,1.2885830636643765,0.13319423474185954,0.007331149807639228
2188,0.6911332421873575,0.3357282042026027,0.003782252109578603,0.042279386904312585,2.945751032979452,2.2357313987039658,2.1163873855074478,0.119344013196518,1.3822727457866737,0.8293636474720042,0.5529090983146695,0.06448239206594533,0.042948783872697543,0.056255392772203504,1.2746632462120626,0.14097726164192118,0.007240964248743585,0.7034712951808764,0.3380302743704057,-0.0036447700259480825,0.04303415570621773,3.0474298380865723,2.316186819071749,2.2032605960754754,0.1129262229962736,1.406948736685162,0.8441692420110971,0.562779494674065,0.062495325659006784,0.04126543368018587,0.0544726879890689,1.2885826842217203,0.13319422702882855,0.007331149622549174
2189,0.6911331340828654,0.33572824486828434,0.0037822657943479415,0.042279380218188535,2.9457491031716714,2.235730040084089,2.1163858313843846,0.11934420869970448,1.382272119645478,0.8293632717872867,0.5529088478581912,0.06448244332568948,0.04294882729756744,0.05625544025007898,1.2746628922010108,0.1409772542091027,0.007240964088641914,0.703471189372052,0.33803031369225395,-0.0036447555980011967,0.04303414915437147,3.047427923009406,2.316185466169805,2.2032590497777136,0.11292641639209133,1.406948122052821,0.8441688732316925,0.5627792488211285,0.062495374061010675,0.041265474684111195,0.05447273285853593,1.2885823402736032,0.1331942206457738,0.007331149488143297
2190,0.6911330386352822,0.3357282830453047,0.0037822812813638057,0.04227937430609863,2.9457473500866778,2.235728815924897,2.1163844293881757,0.11934438653672104,1.3822715344975032,0.8293629206985018,0.5529086137990014,0.06448248983820609,0.04294886670080707,0.056255483412919076,1.2746625709741115,0.14097724797233852,0.007240963971002203,0.7034710960815241,0.33803035056795283,-0.003644739487317139,0.043034143368083956,3.04742618533031,2.316184248751757,2.2032576566971405,0.11292659205461675,1.4069475477219495,0.8441685286331696,0.5627790190887799,0.06249541792470065,0.04126551184338816,0.054472773600794125,1.2885820285736247,0.1331942153269267,0.007331149393328844
2191,0.6911329541791688,0.33572831867292663,0.0037822979395046447,0.042279369066186734,2.9457457578616455,2.2357277127366553,2.11638316459676,0.11934454813989506,1.382270988774809,0.8293625932648853,0.5529083955099238,0.06448253201481735,0.04294890243086945,0.05625552262312071,1.2746622796907592,0.1409772426878947,0.0072409638861855915,0.703471013659106,0.3380303849464517,-0.0036447223003464035,0.04303413824643104,3.047424608968413,2.3161831531187955,2.203256401668777,0.11292675145001863,1.4069470121660597,0.8441682072996357,0.562778804866424,0.062495457648032285,0.04126554549514621,0.0544728105667114,1.2885817462939824,0.1331942108522571,0.007331149328875837
2192,0.6911328793083032,0.3357283517317925,0.0037823152843769123,0.04227936441245196,2.9457443124314735,2.235726718783575,2.1163820239915765,0.11934469479199868,1.3822704807331618,0.8293622884398969,0.5529081922932649,0.06448257022037422,0.042948934796839346,0.05625555820395947,1.2746620158312842,0.14097723815964913,0.007240963826386665,0.7034709407114705,0.33803041681591306,-0.0036447045022838936,0.043034133704199715,3.047423179675645,2.316182167356081,2.20325527146688,0.11292689588920109,1.4069465136812749,0.8441679082087648,0.5627786054725101,0.06249549358378842,0.04126557593824655,0.05447284406906505,1.2885814909278672,0.133194207044938,0.0073311492873267435
2193,0.6911328128158117,0.33572838224334567,0.0037823329403803008,0.04227936027108603,2.9457430010129744,2.2357258235814985,2.116380995900071,0.11934482768142761,1.3822700085215065,0.8293620051129036,0.5529080034086029,0.06448260478892666,0.042948964081708334,0.056255590452947084,1.274661777088737,0.1409772342319479,0.007240963785303704,0.7034708760425248,0.3380304462031197,-0.0036446864538409104,0.04303412966824041,3.047421884513364,2.3161812808238023,2.203254254240099,0.11292702658370342,1.4069460504554414,0.8441676302732647,0.5627784201821767,0.062495526054632364,0.04126560344603452,0.05447287439538358,1.2885812601825006,0.13319420376482083,0.007331149262676431
2194,0.6911327536693884,0.33572841026895806,0.003782350623098965,0.042279356578957476,2.9457418119127685,2.235725017696843,2.116380069773258,0.11934494792358473,1.3822695702325176,0.8293617421395103,0.5529078280930073,0.06448263602986148,0.04294899054757455,0.05625561964696777,1.274661561326496,0.1409772307872328,0.007240963757995598,0.7034708186286792,0.3380304731726641,-0.003644668428396676,0.043034126075954186,3.0474207116558776,2.3161804839524014,2.2032533392848364,0.11292714466756487,1.4069456206184021,0.8441673723710411,0.562778248247361,0.06249555535904699,0.041265628271370924,0.05447290181292333,1.2885810519369294,0.1331942009062944,0.007331149250233357
2195,0.6911327009812807,0.3357284359024102,0.0037823681152633973,0.042279353281775456,2.9457407343670186,2.235724292573058,2.1163792360011326,0.11934505657192558,1.3822691639431435,0.8293614983658858,0.5529076655772577,0.06448266423178345,0.042949014438930455,0.056255646045389025,1.2746613665514652,0.14097722773477603,0.007240963740641067,0.7034707675889653,0.33803049781967787,-0.003644650634893304,0.0430341228734645,3.0474196502255007,2.316179768065191,2.203252516856122,0.11292725120906932,1.406945222282298,0.8441671333693787,0.5627780889129194,0.062495581775137796,0.0412656506498538,0.05447292657172664,1.2885808642150027,0.13319419838802257,0.007331149246384259
2196,0.6911326539900047,0.33572845926418826,0.0037823852541536,0.042279350332971324,2.9457397584619964,2.2357236404370537,2.1163784858149457,0.11934515462210818,1.3822687877450852,0.8293612726470508,0.5529075150980344,0.06448268966426263,0.042949035984143326,0.05625566989138211,1.274661190902005,0.14097722500607723,0.007240963730380287,0.7034707221669368,0.3380305202643744,-0.0036446332299151576,0.04303412001451029,3.047418690210398,2.31617912528268,2.2032517780672816,0.11292734721539853,1.4069448535718612,0.8441669121431166,0.5627779414287446,0.06249560556237016,0.04126567080129012,0.05447294890594519,1.2885806951730248,0.13319419614877026,0.007331149248440345
2197,0.6911326120401761,0.33572848049537374,0.0037824019186415356,0.04227934769246493,2.945738875038179,2.235723054194019,2.116377811177033,0.11934524301698626,1.3822684397685776,0.8293610638611463,0.5529073759074313,0.06448271257986075,0.04294905539717169,0.05625569141350357,1.2746610326339387,0.1409772225495478,0.007240963725142054,0.7034706817108823,0.33803054064620536,-0.0036446163300268355,0.043034117459235514,3.04741782236742,2.316178548416589,2.203251114778583,0.11292743363800613,1.4069445126480622,0.8441667075888372,0.562777805059225,0.062495626963534556,0.0412656889313607,0.054472969035379556,1.288580543085791,0.1331941941425683,0.007331149254470438
2198,0.6911325745608536,0.3357284997514468,0.0037824180181699613,0.04227934532534004,2.945738075577613,2.235722527310566,2.11637720465776,0.11934532265280579,1.3822681181997551,0.8293608709198528,0.5529072472799024,0.06448273321650734,0.04294907287957836,0.056255710827602945,1.2746608901041423,0.14097722032682314,0.0072409637234620156,0.7034706456526386,0.33803055911793184,-0.0036446000222988273,0.04303411517289338,3.047417038108839,2.3161780308527185,2.20325051947358,0.11292751137913869,1.4069441977254322,0.8441665186352593,0.562777679090173,0.06249564620702723,0.041265705233552205,0.05447298716731436,1.2885804063303823,0.1331941923353617,0.007331149263125848
2199,0.6911325410473146,0.3357285171958561,0.0037824334844484137,0.04227934320072964,2.945737352123069,2.235722053729527,2.116376659347899,0.11934539438162789,1.3822678212919504,0.82936069277517,0.5529071285167804,0.06448275179883123,0.042949088621658436,0.05625572833784144,1.2746607617613472,0.14097721830963073,0.00724096372431704,0.7034706134898123,0.3380305758394896,-0.003644584372219213,0.04303411312475885,3.0474163294210377,2.3161775664655875,2.203249985170988,0.11292758129459973,1.4069439070834167,0.84416634425005,0.5627775628333667,0.06249566350814119,0.04126571989025085,0.05447300349751047,1.2885802833769882,0.1331941907021804,0.007331149273480941
2200,0.6911325110475741,0.33572853299286426,0.003782448265539494,0.04227934129099136,2.94573669724864,2.2357216278329166,2.116376168825309,0.11934545900760743,1.3822675473722184,0.8293605284233309,0.5529070189488875,0.06448276853782654,0.04294910280215633,0.05625574413626919,1.274660646148447,0.14097721647634462,0.0072409637269776235,0.7034705847725826,0.33803059097113486,-0.003644569429287016,0.0430341112873215,3.0474156888340738,2.3161771495806867,2.203249505390251,0.11292764419043577,1.4069436390730374,0.8441661834438225,0.5627774556292149,0.062495679068790805,0.041265733072509095,0.054473018209840705,1.288580172790866,0.13319418922402304,0.007331149284890112
2201,0.6911324841557585,0.33572854730105234,0.0037824623232261337,0.04227933957130231,2.9457361040843524,2.235721244455964,2.1163757271776458,0.1193455172783184,1.3822672948445114,0.8293603769067066,0.5529069179378048,0.06448278362905119,0.042949115586739584,0.05625575840114915,1.2746605419149395,0.14097721480916095,0.00724096373090429,0.7034705590971949,0.3380306046672385,-0.0036445552294735034,0.04303410963588764,3.047415109444814,2.3161767749873703,2.203249074172664,0.11292770081470643,1.4069433921202503,0.8441660352721503,0.5627773568481,0.06249569307585926,0.04126574493864568,0.0544730314747485,1.288580073244081,0.1331941878853141,0.007331149296886914
2202,0.6911324600084477,0.33572856026819087,0.0037824756316266472,0.04227933801943545,2.9457355663498968,2.2357208989115867,2.11637532903517,0.11934556987641654,1.382267062191212,0.829360237314727,0.5529068248764851,0.06448279725078303,0.042949127126436906,0.05625577129527112,1.2746604478296555,0.14097721329185559,0.007240963735674294,0.7034705361023225,0.338030617071394,-0.00364454179651838,0.04303410814835784,3.04741458494892,2.3161764379618868,2.203248686112321,0.11292775184956583,1.406943164727664,0.8441658988365985,0.5627772658910655,0.06249570569951171,0.04126575563281659,0.05447304344770218,1.2885799835274938,0.13319418667188074,0.00733114930911238
2203,0.691132438282727,0.3357285720286931,0.0037824881767500387,0.04227933661564061,2.9457350783700442,2.235720587001402,2.116374969585776,0.11934561741562577,1.3822668479737805,0.829360108784268,0.5529067391895125,0.06448280956313983,0.04294913755689264,0.05625578296514573,1.2746603627868396,0.14097721190894608,0.007240963740944462,0.703470515467181,0.3380306283140364,-0.0036445291423621295,0.04303410680511191,3.0474141096553184,2.316176134277619,2.203248336370101,0.11292779790751778,1.4069429554753625,0.8441657732852177,0.5627771821901448,0.06249571709240326,0.04126576528434414,0.05447305426846781,1.2885799025563853,0.13319418557020937,0.007331149321279535
2204,0.6911324186901836,0.33572858270272066,0.0037824999541501494,0.042279335342277485,2.9457346350298477,2.235720304974427,2.1163746445300795,0.11934566044434769,1.3822666508329478,0.8293599904997683,0.5529066603331795,0.06448282070919037,0.04294914699930798,0.05625579354195599,1.2746602857984763,0.1409772106451749,0.007240963746409462,0.7034704969055315,0.33803063851161763,-0.0036445172694780856,0.04303410558864208,3.047413678439914,2.316175860162409,2.2032480206271567,0.11292783953525261,1.406942763021262,0.8441656578127574,0.5627771052085047,0.062495727390782324,0.041265774008651654,0.05447306406205567,1.2885798293626187,0.1331941845669614,0.00733114933313298
2205,0.691132400972433,0.3357285923969499,0.0037825109677143073,0.0422793341835421,2.945734231721733,2.2357200494807667,2.11637435002912,0.11934569945164686,1.3822664694876896,0.8293598816926134,0.5529065877950762,0.06448283081657036,0.04294915556180996,0.05625580314297752,1.2746602159831286,0.14097720948618275,0.007240963751785555,0.7034704801611986,0.338030647767378,-0.0036445061721511463,0.04303410448327921,3.0474132866916075,2.3161756122512163,2.203247735031462,0.11292787721975409,1.4069425861002423,0.8441655516601455,0.5627770344400967,0.06249573671605979,0.04126578190859278,0.054473072940099856,1.2885797630834879,0.13319418364958643,0.007331149344433628
2206,0.6911323848994477,0.33572860120585135,0.003782521228936804,0.042279333125364735,2.9457338643118454,2.2357198175435693,2.1163740826718014,0.11934573487176803,1.3822663027334068,0.8293597816400438,0.552906521093363,0.06448283999863193,0.04294916334042524,0.05625581187260367,1.2746601525580004,0.14097720841876732,0.007240963756814957,0.7034704650064358,0.3380306561726261,-0.0036444958372141498,0.04303410347509283,3.047412930278347,2.3161753875577262,2.2032474761648717,0.1129279113928547,1.4069424235224581,0.844165454113475,0.5627769694089831,0.06249574517591658,0.04126578907538979,0.054473081001846696,1.288579702953848,0.13319418280656367,0.007331149354963799
2207,0.6911323702672775,0.3357286092126768,0.003782530755553938,0.042279332155270646,2.94573352910439,2.2357196065289737,2.1163738394404166,0.11934576708855707,1.382266149439956,0.8293596896639732,0.5529064597759827,0.06448284835559497,0.04294917042005543,0.056255819823368663,1.274660094830986,0.14097720743057687,0.0072409637612637755,0.7034704512396664,0.3380306638077283,-0.0036444862453755,0.04303410255175304,3.0474126055109796,2.3161751834437947,2.2032472410080794,0.11292794243571538,1.4069422741714999,0.8441653645029,0.5627769096685998,0.06249575286541686,0.041265795589576576,0.05447308833514436,1.288579648298205,0.13319418202712394,0.007331149364526009
2208,0.6911323568996777,0.33572861649114716,0.0037825395722652505,0.042279331262479715,2.9457332228335025,2.2357194141416574,2.1163736177038532,0.11934579643780402,1.382266008549416,0.8293596051296493,0.5529064034197667,0.0644828559750404,0.04294917687489504,0.05625582707641015,1.2746600421972634,0.1409772065107337,0.007240963764948476,0.7034704386870809,0.3380306707437805,-0.003644477370571289,0.043034101702628454,3.047412309134807,2.3161749976146293,2.203247026933437,0.11292797068119215,1.4069421370022832,0.84416528220137,0.5627768548009132,0.0624957598674932,0.04126580152140982,0.054473095016897136,1.288579598527268,0.13319418130182792,0.0073311493729693
2209,0.6911323446463657,0.3357286231067582,0.0037825477093621843,0.04227933043779986,2.945732942628656,2.235719238395899,2.11637341518401,0.11934582321188901,1.38226587907441,0.8293595274446458,0.5529063516297642,0.06448286293309312,0.04294918276943352,0.05625583370252333,1.2746599941311234,0.14097720564950453,0.007240963767740036,0.7034704272008795,0.3380306770438971,-0.0036444691812977173,0.04303410091867861,3.0474120382943886,2.3161748280892365,2.2032468316707057,0.11292799641853091,1.406942011039471,0.8441652066236827,0.5627768044157884,0.062495766254090715,0.04126580693183804,0.054473101114085376,1.2885795531298192,0.1331941806222735,0.007331149380193847
2210,0.6911323333786057,0.3357286291181448,0.0037825552009273164,0.0422793296733571,2.945732685953953,2.235719077563294,2.116373229896208,0.11934584766708603,1.3822657600962422,0.8293594560577451,0.5529063040384972,0.06448286929635155,0.042949188160089934,0.05625583976386593,1.2746599501726465,0.14097720483854212,0.007240963769554333,0.7034704166548227,0.3380306827645439,-0.003644461642416906,0.043034100192182005,3.0474117904717737,2.3161746731471067,2.203246653246354,0.1129280199007527,1.4069418953756998,0.8441651372254199,0.5627767581502799,0.06249577208802945,0.04126581187407945,0.054473106685411686,1.2885795116594807,0.1331941799813124,0.0073311493861418576
2211,0.6911323229864826,0.3357286345785361,0.0037825620839133864,0.042279328962428676,2.9457324505617595,2.235718930133837,2.116373060104356,0.119345870029481,1.3822656507623394,0.8293593904574034,0.5529062603049361,0.06448287512341566,0.04294919309650749,0.05625584531531787,1.2746599099171498,0.1409772040713252,0.0072409637703526025,0.7034704069414822,0.3380306879569581,-0.0036444547161040702,0.04303409951656788,3.0474115634394625,2.3161745312886137,2.2032464899380058,0.11292804135060795,1.4069417891690943,0.8441650735014565,0.5627767156676378,0.06249577742447475,0.04126581639486758,0.054473111782609884,1.2885794737242668,0.13319417937345254,0.007331149390798359
2212,0.691132313376479,0.3357286395366508,0.0037825683968790574,0.042279328299295066,2.945732234456382,2.2357187947856563,2.116372904286341,0.11934589049931517,1.3822655502834018,0.8293593301700408,0.552906220113361,0.0644828804660261,0.04294919762251844,0.056255850405495425,1.2746598730073189,0.1409772033428493,0.007240963770137656,0.7034703979697946,0.33803069266802027,-0.003644448363081622,0.04303409888626661,3.0474113552234936,2.316174401204165,2.203246340239205,0.11292806096496028,1.4069416916404816,0.844165014984289,0.5627766766561926,0.06249578231203559,0.04126582053538168,0.05447311645142331,1.2885794389787784,0.1331941787945729,0.0073311493941876915
2213,0.6911323044691962,0.3357286440372187,0.0037825741789928244,0.04227932767910045,2.94573203586388,2.2357186703600016,2.1163727611056657,0.119345909254336,1.3822654579303575,0.8293592747582142,0.5529061831721432,0.06448288536995976,0.042949201776902854,0.05625585507754895,1.2746598391270245,0.14097720264932845,0.007240963768947024,0.7034703896627618,0.33803069694076493,-0.0036444425435885677,0.04303409829656909,3.0474111640726647,2.316174281748617,2.203246202830429,0.11292807891818811,1.4069416020703924,0.8441649612422355,0.5627766408281569,0.0624957867936316,0.04126582433198128,0.05447312073237722,1.2885794071180432,0.13319417824165017,0.007331149396366888
2214,0.6911322961972821,0.3357286481213449,0.003782579469262179,0.04227932709772599,2.945731853205803,2.235718555839697,2.116372629387107,0.11934592645258978,1.3822653730311611,0.8293592238186964,0.5529061492124647,0.06448288987578354,0.04294920559402707,0.05625585936983527,1.2746598079961182,0.14097720198795494,0.0072409637668455346,0.7034703819553554,0.33803070081473374,-0.0036444372181336088,0.04303409774349852,3.0474109884317544,2.316174171919232,2.203246076554211,0.11292809536502091,1.4069415197959054,0.8441649118775433,0.5627766079183621,0.062495790907222876,0.04126582781682438,0.05447312466143013,1.2885793778723311,0.1331941777125386,0.007331149397418461
2215,0.6911322885034932,0.33572865182680484,0.003782584305887869,0.04227932655167134,2.945731685075061,2.2357184503294887,2.1163725080945603,0.11934594223492836,1.3822652949675012,0.8293591769805004,0.5529061179870007,0.06448289401953403,0.04294920910441965,0.056255863316525184,1.2746597793657362,0.14097720135668515,0.007240963763917927,0.7034703747925627,0.3380307043262638,-0.003644432348130236,0.04303409722369092,3.0474108269169107,2.3161740708355687,2.203245960392479,0.1129281104430894,1.4069414442073858,0.8441648665244315,0.5627765776829543,0.062495794686467813,0.041265831018424834,0.05447312827056197,1.2885793510024766,0.133194177205772,0.007331149397443192
2216,0.691132281338839,0.3357286551882947,0.003782588725696881,0.04227932603794101,2.9457315302131013,2.235718353037569,2.116372396310232,0.11934595672733711,1.3822652231714496,0.8293591339028696,0.55290608926858,0.0644828978333508,0.042949212335307754,0.05625586694817005,1.274659753013927,0.1409772007540516,0.007240963760261419,0.7034703681275147,0.3380307075087265,-0.003644427896444348,0.043034096734280484,3.0474106782924464,2.3161739777206316,2.2032458534453503,0.11292812427528146,1.40694137474516,0.844164824847096,0.562776549898064,0.06249579816133481,0.04126583396217044,0.054473131588321455,1.2885793262955343,0.1331941767203895,0.00733114939655287
2217,0.6911322746610701,0.3357286582376728,0.0037825927637704856,0.04227932555395206,2.9457313874904463,2.235718263260119,2.116372293217203,0.11934597004291568,1.3822651571220723,0.8293590942732432,0.5529060628488291,0.06448290134601298,0.04294921531107168,0.056255870292184276,1.274659728741946,0.14097720017902787,0.007240963755980077,0.7034703619199651,0.33803071039275956,-0.0036444238277575786,0.04303409627280672,3.0474105414510886,2.3161738918851444,2.2032457549134,0.1129281369717443,1.406941310896147,0.8441647865376882,0.5627765243584588,0.062495801358618056,0.04126583667076003,0.05447313464029031,1.2885793035611144,0.13319417625581037,0.007331149394864752
2218,0.6911322684332112,0.33572866100412235,0.003782596453076194,0.042279325097444156,2.945731255888696,2.235718180367086,2.1163721980834485,0.11934598228363749,1.382265096342079,0.8293590578052473,0.5529060385368317,0.06448290458342054,0.04294921805365272,0.05625587337327852,1.2746597063709317,0.140977199630853,0.007240963751178547,0.7034703561348157,0.3380307130064211,-0.0036444201089204376,0.04303409583712413,3.047410415395729,2.3161738127130747,2.2032456640814138,0.1129281486316609,1.4069412521905258,0.8441647513143155,0.5627765008762103,0.06249580430240104,0.041265839164595974,0.05447313744950051,1.2885792826280884,0.13319417581167162,0.007331149392495502
2219,0.6911322626226477,0.3357286635143374,0.0037825998243926004,0.042279324666423874,2.9457311344874775,2.2357181037924088,2.1163721102507695,0.11934599354163905,1.3822650403945134,0.8293590242367079,0.5529060161578054,0.06448290756894062,0.04294922058284641,0.05625587621377577,1.2746596857395143,0.14097719910895662,0.007240963745959084,0.7034703507412032,0.338030715375369,-0.003644416709018772,0.0430340954253463,3.0474102992262675,2.3161737396517506,2.2032455803072057,0.11292815934454499,1.406941198198436,0.8441647189190616,0.5627764792793745,0.06249580701438749,0.041265841462064703,0.05447314003673659,1.2885792633422366,0.13319417538775982,0.007331149389558273
2220,0.6911322572002652,0.33572866579265853,0.0037826029061927974,0.0422793242591119,2.9457310224526534,2.2357180330252424,2.1163720291248986,0.11934600390034365,1.3822649888795915,0.8293589933277549,0.5529059955518366,0.06448291032371176,0.04294922291656032,0.056255878833889356,1.274659666701714,0.14097719861282187,0.007240963740418309,0.7034703457116402,0.3380307175229885,-0.003644413599476863,0.043034095035793495,3.047410192127736,2.3161736722030017,2.2032455030116362,0.11292816919136528,1.4069411485268333,0.8441646891160999,0.5627764594107334,0.06249580951419216,0.041265843579782885,0.05447314242080157,1.288579245564184,0.13319417498388575,0.007331149386159575
2221,0.6911322521397726,0.33572866786122235,0.0037826057246619915,0.04227932387390175,2.9457309190261567,2.2357179676025893,2.1163719541671453,0.11934601343544403,1.3822649414316854,0.8293589648590112,0.5529059765726743,0.06448291286690697,0.04294922507103695,0.05625588125196512,1.2746596491251259,0.1409771981419359,0.007240963734645087,0.7034703410213456,0.33803071947053903,-0.0036444107540332046,0.04303409466695153,3.0474100933600985,2.316173609915742,2.203245431670212,0.11292817824552995,1.406941102816478,0.8441646616898867,0.5627764411265913,0.06249581181959155,0.04126584553280998,0.054473144618748026,1.2885792291676172,0.13319417459984007,0.007331149382397337
2222,0.691132247417174,0.3357286697401151,0.0037826083037560063,0.04227932350932736,2.945730823517279,2.23571790710315,2.1163718848873962,0.11934602221575392,1.382264897716471,0.8293589386298825,0.5529059590865886,0.06448291521595927,0.04294922706104475,0.05625588348469024,1.274659632889358,0.14097719769575123,0.007240963728719318,0.7034703366477202,0.33803072123730016,-0.0036444081486771765,0.04303409431743979,3.047410002249533,2.316173552379806,2.2032453658060738,0.11292818657373208,1.4069410607390995,0.8441646364434595,0.56277642429564,0.06249581394673783,0.04126584733482932,0.05447314664607636,1.2885792140377639,0.1331941742353597,0.007331149378359698
2223,0.6911322430103553,0.3357286714475254,0.003782610665292327,0.04227932316403781,2.9457307352951583,2.235717851142153,2.116371820838203,0.11934603030394962,1.3822648574282588,0.8293589144569551,0.5529059429713037,0.06448291738675627,0.04294922890004295,0.05625588554727446,1.2746596178846943,0.14097719727366226,0.007240963722711262,0.7034703325699422,0.33803072284072017,-0.0036444057615453995,0.04303409398598644,3.047409918180956,2.3161734992208003,2.2032453049841165,0.11292819423668377,1.4069410219947331,0.8441646131968397,0.5627764087978935,0.06249581591034259,0.04126584899830389,0.05447314851690627,1.2885792000700897,0.13319417389010776,0.00733114937412448
2224,0.6911322388986676,0.3357286729998757,0.0037826128290318825,0.04227932283677188,2.945730653781632,2.235717799366395,2.11637176160913,0.11934603775726504,1.3822648202875039,0.8293588921725021,0.5529059281150017,0.06448291939382347,0.04294923060033688,0.05625588745362062,1.2746596040108236,0.14097719687498078,0.007240963716680662,0.7034703287685563,0.33803072429654213,-0.0036444035728448176,0.043034093671403296,3.0474098405908836,2.316173450095141,2.203245248805335,0.11292820128980617,1.4069409863092481,0.8441645917855487,0.5627763945236994,0.06249581772385064,0.04126585053462352,0.054473150244138624,1.2885791871690597,0.13319417356365174,0.007331149369758391
2225,0.6911322350628042,0.33572867441198173,0.003782614812877498,0.042279322526350506,2.9457305784465957,2.2357177514514777,2.1163717068235037,0.1193460446279739,1.382264786038487,0.8293588716230921,0.5529059144153948,0.0644829212504448,0.04294923217318008,0.05625588921644034,1.2746595911760086,0.1409771964989596,0.007240963710677761,0.7034703252253631,0.3380307256189595,-0.003644401564645086,0.043034093372579,3.047409768962884,2.316173404687362,2.2032451969036635,0.11292820778369857,1.4069409534320345,0.8441645720592205,0.562776381372814,0.06249581939955211,0.04126585195419982,0.05447315183956346,1.2885791752473452,0.13319417325548893,0.007331149365318104
2226,0.691132231484577,0.33572867569717174,0.0037826166329721425,0.042279322231663016,2.945730508803046,2.235717707098602,2.1163716561347266,0.1193460509638757,1.382264754447199,0.8293588526683194,0.5529059017788797,0.06448292296878821,0.04294923362888065,0.056255890847372855,1.27465957929622,0.14097719614475968,0.007240963704743317,0.7034703219232005,0.3380307268207309,-0.003644399720776674,0.04303409308846568,3.0474097028226885,2.316173362706961,2.2032451489423464,0.1129282137646148,1.4069409231339036,0.844164553880342,0.5627763692535617,0.062495820948699876,0.041265853266565726,0.054473153313971276,1.2885791642249869,0.13319417296501576,0.007331149360850333
2227,0.69113222814692,0.3357286768674339,0.00378261830392454,0.04227932195166743,2.945730444404024,2.235717666033018,2.1163716092243874,0.11934605680863038,1.3822647252993945,0.8293588351796367,0.5529058901197578,0.06448292455998543,0.042949234976868894,0.0562558923570636,1.2746595682945836,0.14097719581149348,0.0072409636989101646,0.7034703188459619,0.3380307279133233,-0.0036443980266056067,0.04303409281808014,3.0474096417352543,2.3161733238869444,2.2032451046121624,0.11292821927478208,1.4069408952051534,0.8441645371230918,0.5627763580820616,0.06249582238158238,0.04126585448043712,0.0544731546772254,1.288579154028879,0.13319417269157116,0.007331149356393482
2228,0.6911322250344505,0.3357286779336411,0.003782619839220208,0.04227932168542475,2.945730384843904,2.235717628006346,2.1163715658046005,0.11934606220174558,1.3822646983988391,0.8293588190393035,0.5529058793595356,0.06448292603410584,0.0429492362256751,0.056255893755151505,1.2746595581015616,0.14097719549830862,0.007240963693208623,0.7034703159792057,0.3380307289071399,-0.0036443964686119074,0.04303409256054097,3.047409585306521,2.3161732879865684,2.203245063634223,0.11292822435234524,1.4069408694538306,0.844164521672298,0.5627763477815325,0.06249582370748825,0.04126585560368286,0.05447315593824062,1.2885791445930197,0.1331941724345197,0.007331149351983284
2229,0.691132222132915,0.3357286789055913,0.0037826212510640375,0.0422793214320651,2.9457303297517523,2.2357175927914383,2.1163715256122453,0.11934606717919308,1.3822646735658453,0.8293588041395072,0.552905869426338,0.0644829274003268,0.04294923738307392,0.05625589505042293,1.274659548653776,0.14097719520426946,0.0072409636876638655,0.7034703133095652,0.33803072981155136,-0.0036443950345529386,0.043034092315032545,3.047409533176447,2.316173254785882,2.2032450257538745,0.11292822903200789,1.4069408457042885,0.8441645074225728,0.5627763382817157,0.062495824934875585,0.04126585664346829,0.05447315710513625,1.2885791358573089,0.13319417219313512,0.0073311493476500515
2230,0.6911322194291085,0.3357286797921523,0.003782622550623116,0.04227932119078268,2.9457302787878126,2.235717560180123,2.1163714884063065,0.11934607177381654,1.3822646506358436,0.8293587903815062,0.5529058602543374,0.06448292866703462,0.04294923845616985,0.05625589625090696,1.2746595398933132,0.1409771949285125,0.007240963682297059,0.7034703108246734,0.3380307306350378,-0.0036443937132299986,0.04303409208080043,3.0474094850155304,2.316173224083502,2.203244990738067,0.11292823334543525,1.406940823795773,0.8441644942774635,0.5627763295183095,0.06249582607146737,0.04126585760633596,0.054473158185326,1.28857912776687,0.133194171966753,0.007331149343419782
2231,0.6911322169107484,0.33572868060135463,0.0037826237480581767,0.04227932096082815,2.9457302316403178,2.235717529981134,2.116371453965469,0.11934607601566466,1.382264629458081,0.8293587776748486,0.5529058517832324,0.06448292984190934,0.04294923945146903,0.05625589736395522,1.2746595317671359,0.14097719467020228,0.007240963677125588,0.7034703085130393,0.33803073138527906,-0.003644392494449873,0.04303409185714378,3.0474094405216325,2.316173195694538,2.2032449583729545,0.11292823732158319,1.4069408035811304,0.8441644821486779,0.5627763214324525,0.062495827124331466,0.041265858498273425,0.054473159185593645,1.2885791202714807,0.13319417175472723,0.007331149339314485
2232,0.6911322145663736,0.3357286813404753,0.003782624852597727,0.04227932074150238,2.9457301880227114,2.235717502018337,2.1163714220860577,0.11934607993227914,1.3822646098944225,0.8293587659366535,0.552905843957769,0.06448293093199775,0.04294924037494122,0.056255898396311094,1.2746595242265792,0.14097719442852963,0.007240963672163442,0.7034703063639488,0.3380307320692338,-0.003644391368955016,0.04303409164340921,3.0474093994172415,2.316173169448845,2.2032449284618663,0.11292824098697916,1.4069407849256255,0.8441644709553751,0.5627763139702504,0.0624958280999493,0.04126585932477145,0.05447316011215811,1.2885791133250866,0.1331941715564282,0.007331149335352529
2233,0.6911322123852581,0.33572868201611084,0.00378262587261035,0.04227932053215124,2.945730147671225,2.235717476129216,2.1163713925802723,0.1193460835489433,1.382264591818255,0.8293587550909531,0.5529058367273019,0.06448293194377669,0.04294924123207324,0.05625589935416984,1.2746595172269155,0.14097719420270877,0.007240963667421467,0.7034703043673812,0.33803073269321043,-0.0036443903283494214,0.043034091438985775,3.0474093614470643,2.31617314518952,2.203244900823553,0.11292824436596738,1.4069407677058527,0.8441644606235115,0.5627763070823413,0.06249582900427505,0.04126586009087414,0.05447316097072983,1.28857910688538,0.1331941713712411,0.007331149331548936
2234,0.6911322103573397,0.33572868263424327,0.0037826268156742338,0.04227932033216111,2.9457301103427245,2.235717452163538,2.116371365274636,0.11934608688890216,1.382264575113481,0.8293587450680887,0.5529058300453923,0.06448293288320836,0.04294924202791604,0.05625590024323142,1.2746595107269707,0.14097719399197664,0.00724096366290769,0.7034703025139358,0.3380307332629289,-0.0036443893650290812,0.043034091243300446,3.0474093263759023,2.3161731227715787,2.203244875290656,0.11292824748092266,1.4069407518087438,0.8441644510852461,0.5627763007234977,0.06249582984278752,0.041265860801222895,0.05447316176656032,1.2885791009134295,0.13319417119856455,0.007331149327915672
2235,0.6911322084731532,0.33572868320029653,0.0037826276886423066,0.04227932014095491,2.945730075812798,2.2357174299821914,2.1163713400086372,0.11934608997355421,1.382264559673601,0.8293587358041606,0.5529058238694403,0.06448293375578926,0.042949242767125986,0.0562559010687472,1.2746595046887874,0.1409771937955907,0.007240963658627544,0.7034703007947714,0.3380307337835754,-0.003644388472116983,0.043034091055814336,3.0474092939867696,2.316173102060814,2.203244851708376,0.11292825035243795,1.4069407371306566,0.8441644422783937,0.5627762948522629,0.06249583062053569,0.04126586146009495,0.054473162504485896,1.28857909537336,0.13319417103781026,0.007331149324461912
2236,0.691132206723775,0.3357286837191878,0.0037826284977050956,0.042279319957988656,2.9457300438740543,2.235717409456153,2.1163713166335314,0.11934609282262164,1.3822645454008715,0.8293587272405231,0.5529058181603485,0.06448293456659283,0.04294924345400103,0.05625590183556092,1.2746594990773286,0.1409771936128281,0.007240963654584093,0.7034702992015499,0.3380307342598509,-0.003644387643400464,0.04303409087601939,3.04740926407922,2.3161730829327825,2.2032448299332925,0.11292825299948975,1.4069407235765454,0.8441644341459271,0.5627762894306183,0.06249583134217862,0.041265862071437266,0.05447316318896599,1.2885790902320648,0.1331941708884017,0.007331149321194274
2237,0.6911322051007761,0.33572868419537355,0.003782629248446419,0.04227931978274854,2.9457300143346066,2.2357173904655845,2.116371295011283,0.11934609545430147,1.3822645322055396,0.8293587193233238,0.5529058128822157,0.06448293532030783,0.0429492440925133,0.056255902548145637,1.274659493860214,0.140977193442985,0.007240963650778276,0.7034702977263914,0.338030734696015,-0.0036443868732745355,0.04303409070343548,3.0474092364678507,2.316173065271915,2.20324480983233,0.11292825543958503,1.4069407110592012,0.8441644266355206,0.5627762844236806,0.06249583201202107,0.04126586263889661,0.054473163824117474,1.2885790854589563,0.1331941707497738,0.00733114931811704
2238,0.6911322035961786,0.3357286846328897,0.0037826299459006937,0.042279319614748345,2.9457299870167195,2.235717372899033,2.116371275013635,0.11934609788539818,1.3822645200051407,0.8293587120030845,0.5529058080020561,0.0644829360212718,0.04294924468633736,0.05625590321063588,1.2746594890074903,0.14097719328537553,0.007240963647209074,0.7034702963618321,0.3380307350959239,-0.003644386156686018,0.043034090537607934,3.047409210980983,2.316173048970737,2.2032447912818474,0.11292825768888953,1.4069406994985594,0.8441644196991355,0.5627762797994239,0.06249583263404443,0.04126586316584585,0.05447316441374465,1.2885790810257443,0.1331941706213724,0.007331149315232349
2239,0.6911322022024194,0.3357286850353886,0.003782630594600059,0.04227931945352719,2.9457299617556023,2.2357173566527275,2.1163712565212847,0.11934610013144292,1.3822645087238623,0.8293587052343175,0.5529058034895448,0.06448293667350094,0.04294924523887554,0.05625590382685663,1.274659484491421,0.14097719313933083,0.007240963643873718,0.7034702951007911,0.3380307354630656,-0.003644385489084072,0.04303409037810542,3.047409187459477,2.316173033929178,2.2032447741668353,0.11292825976234298,1.4069406888210698,0.8441644132926417,0.5627762755284281,0.06249583321193451,0.04126586365540744,0.054473164961366116,1.2885790769062386,0.13319417050265392,0.007331149312540412
2240,0.6911322009123215,0.3357286854061725,0.0037826311986235567,0.04227931929864771,2.9457299383983373,2.2357173416299596,2.1163712394231613,0.11934610220679819,1.3822644982919599,0.8293586989751761,0.5529057993167837,0.06448293728071657,0.04294924575328036,0.056255904400348854,1.2746594802863087,0.14097719300419898,0.007240963640767862,0.7034702939365395,0.33803073580059173,-0.0036443848663732167,0.04303409022451814,3.047409165755684,2.3161730200539723,2.2032447583802117,0.1129282616737606,1.406940678959121,0.8441644073754724,0.5627762715836486,0.06249583374910597,0.0412658641104741,0.054473165470238574,1.2885790730761757,0.13319417039308473,0.007331149310039673
2241,0.691132199719065,0.335728685748223,0.0037826317616398222,0.04227931914969438,2.9457299168029194,2.235717327740534,2.1163712236157823,0.11934610412475176,1.382264488645228,0.829358693187137,0.552905795458091,0.06448293784636848,0.04294924623247434,0.056255904934392365,1.2746594763683285,0.1409771928793443,0.007240963637885749,0.7034702928626781,0.338030736111346,-0.003644384284869226,0.04303409007645634,3.0474091457325088,2.316173007258123,2.203244743822199,0.11292826343592369,1.406940669850517,0.8441644019103098,0.5627762679402071,0.06249583424872398,0.04126586453372723,0.05447316594337791,1.2885790695130654,0.1331941702921418,0.00733114930772699
2242,0.691132198616167,0.33572868606422884,0.0037826322869487367,0.042279319006272215,2.9457298968373933,2.2357173149002834,2.1163712090026823,0.11934610589760092,1.382264479724518,0.8293586878347109,0.5529057918898072,0.06448293837365623,0.04294924667916798,0.05625590543202637,1.2746594727153853,0.1409771927641474,0.00724096363522039,0.7034702918731155,0.3380307363978904,-0.003644383741258604,0.0430340899335491,3.047409127262575,2.3161729954604353,2.203244730399775,0.11292826506066019,1.406940661438001,0.8441643968628002,0.5627762645752007,0.062495834713723566,0.041265864927653245,0.05447316638357812,1.2885790661960521,0.1331941701993123,0.007331149305597841
2243,0.6911321975974645,0.3357286863566121,0.0037826327775185783,0.04227931886800572,2.9457298783790966,2.235717303030645,2.116371195493917,0.11934610753672792,1.3822644714752994,0.8293586828851797,0.5529057885901197,0.06448293886554765,0.0429492470958755,0.05625590589606763,1.2746594693069833,0.1409771926580058,0.007240963632763735,0.7034702909620519,0.33803073666252975,-0.0036443832325599793,0.04303408979544327,3.0474091102274836,2.316172984585107,2.20324471802619,0.11292826655891748,1.4069406536688236,0.8441643922012938,0.5627762614675298,0.06249583514682687,0.04126586529455821,0.05447316679342825,1.2885790631057934,0.13319417011409435,0.0073311493036464555
2244,0.6911321966570975,0.3357286866275512,0.0037826332360198917,0.04227931873453789,2.945729861313961,2.2357172920582724,2.1163711830056036,0.11934610905266868,1.3822644638472625,0.8293586783083574,0.5529057855389051,0.0644829393247959,0.042949247484929245,0.05625590632912714,1.2746594661241097,0.14097719256033356,0.007240963630506836,0.7034702901239662,0.33803073690733376,-0.00364438275608972,0.04303408966180265,3.0474090945171404,2.316172974561357,2.20324470662053,0.11292826794082722,1.4069406464943515,0.8441643878966105,0.5627762585977409,0.06249583555055869,0.04126586563658102,0.05447316717532756,1.288579060224349,0.1331941700359976,0.0073311493018660134
2245,0.6911321957894986,0.3357286868790023,0.0037826336648600564,0.04227931860552955,2.9457298455359058,2.2357172819147055,2.116371171459533,0.11934611045517268,1.3822644567939555,0.8293586740763732,0.5529057827175823,0.06448293975395468,0.04294924784849259,0.05625590673362492,1.2746594631491295,0.14097719247056267,0.007240963628440011,0.7034702893536048,0.33803073713415843,-0.003644382309431718,0.04303408953230738,3.047409080029162,2.3161729653231014,2.2032446961073364,0.11292826921576511,1.4069406398697097,0.8441643839218255,0.5627762559478843,0.06249583592726039,0.04126586595570517,0.05447316753149928,1.2885790575350815,0.13319416996454386,0.007331149300248809
2246,0.6911321949893812,0.33572868711272064,0.0037826340662099472,0.042279318480658606,2.9457298309462634,2.23571727253605,2.116371160782788,0.11934611175326192,1.3822644502724597,0.8293586701634756,0.5529057801089841,0.06448294015539224,0.04294924818857182,0.056255907111803775,1.2746594603656873,0.14097719238814305,0.0072409636265529905,0.7034702886459732,0.3380307373446656,-0.003644381890404662,0.04303408940665335,3.0474090666683296,2.3161729568086593,2.2032446864162543,0.11292827039240504,1.4069406337534598,0.8441643802520755,0.5627762535013843,0.062495836279102844,0.041265866253769726,0.05447316786400322,1.2885790550225666,0.13319416989926827,0.007331149298786406
2247,0.6911321942517319,0.3357286873302789,0.003782634442032272,0.04227931835961962,2.945729817453275,2.235717263862703,2.1163711509074212,0.1193461129552817,1.3822644442430898,0.8293586665458538,0.552905777697236,0.06448294053130414,0.04294924850702688,0.05625590746574171,1.2746594577586214,0.14097719231254396,0.007240963624835079,0.7034702879963282,0.33803073754034085,-0.003644381497037587,0.04303408928455173,3.047409054346101,2.3161729489604843,2.2032446774817163,0.11292827147876823,1.4069406281073087,0.8441643768643848,0.5627762512429239,0.06249583660809789,0.041265866532479024,0.05447316817474715,1.2885790526725076,0.13319416983972013,0.007331149297469806
2248,0.6911321935718027,0.33572868753308505,0.0037826347941038382,0.042279318242123276,2.945729804971634,2.235717255839105,2.1163711417701574,0.11934611406894763,1.3822644386691276,0.8293586632014764,0.5529057754676512,0.06448294088372475,0.04294924880558122,0.05625590779736326,1.2746594553138824,0.14097719224325447,0.007240963623275296,0.703470287400173,0.3380307377225111,-0.0036443811275441926,0.04303408916572867,3.047409042980168,2.316172941724931,2.203244669242662,0.11292827248226892,1.4069406228958434,0.8441643737375057,0.5627762491583377,0.06249583691610905,0.041265866793411744,0.05447316846549722,1.288579050471664,0.1331941697854638,0.007331149296289601
2249,0.6911321929451053,0.3357286877223991,0.0037826351240421927,0.042279318127896065,2.945729793422055,2.2357172484135006,2.1163711333121102,0.11934611510139047,1.3822644335165755,0.8293586601099451,0.5529057734066304,0.06448294121453811,0.04294924908583091,0.056255908108450034,1.274659453018459,0.14097719217978452,0.007240963621862533,0.7034702868532517,0.33803073789235993,-0.0036443807803020825,0.04303408904992499,3.0474090324940493,2.316172935052029,2.203244661642273,0.11292827340975592,1.4069406180862938,0.844164370851776,0.5627762472345178,0.06249583720486129,0.0412658670380292,0.05447316873788753,1.2885790484077781,0.13319416973608006,0.0073311492952361085
2250,0.6911321923674052,0.3357286878993479,0.0037826354333193174,0.042279318016679876,2.945729782730899,2.2357172415377313,2.1163711254785356,0.1193461160591956,1.382264428753939,0.8293586572523632,0.5529057715015757,0.06448294152548775,0.04294924934925298,0.05625590840065024,1.274659450860312,0.14097719212166587,0.007240963620585644,0.7034702863515446,0.33803073805094247,-0.003644380453832391,0.04303408893689582,3.0474090228167223,2.316172928895285,2.203244654627734,0.11292827426755084,1.4069406136483147,0.8441643681889885,0.5627762454593261,0.062495837475949986,0.04126586726768292,0.054473168993428966,1.2885790464695142,0.13319416969116687,0.007331149294299509
2251,0.6911321918347153,0.33572868806493916,0.0037826357232843,0.0422793179082316,2.9457297728298073,2.2357172351670322,2.116371118218592,0.11934611694844062,1.382264424352026,0.8293586546112154,0.5529057697408105,0.0644829418181859,0.04294924959721322,0.0562559086754877,1.2746594488283063,0.14097719206845222,0.007240963619433597,0.7034702858912655,0.3380307381991997,-0.003644380146780618,0.04303408882641044,3.047409013882281,2.3161729232114916,2.2032446481500063,0.11292827506148524,1.4069406095537917,0.8441643657322748,0.5627762438215169,0.06249583773084948,0.04126586748362191,0.05447316923351754,1.2885790446463958,0.13319416965034028,0.007331149293469988
2252,0.6911321913432904,0.33572868822007446,0.0037826359951753305,0.0422793178023228,2.9457297636553723,2.2357172292598437,2.1163711114851127,0.11934611777473103,1.3822644202837664,0.8293586521702597,0.5529057681135067,0.06448294209412199,0.04294924983097344,0.056255908934370116,1.274659446912156,0.14097719201972034,0.00724096361839554,0.7034702854688547,0.33803073833796976,-0.0036443798579040773,0.04303408871825182,3.0474090056296177,2.316172917960551,2.2032446421636185,0.1129282757969326,1.4069406057766658,0.8441643634659992,0.5627762423106666,0.06249583797092069,0.04126586768699908,0.05447316945944176,1.2885790429287527,0.13319416961323516,0.007331149292737822
2253,0.6911321908896239,0.3357286883655616,0.0037826362501366395,0.04227931769873941,2.9457297551488386,2.235717223777642,2.11637110523441,0.11934611854323199,1.3822644165240476,0.8293586499144284,0.5529057666096192,0.0644829423546708,0.04294925005169827,0.056255909178596866,1.2746594451023678,0.14097719197507078,0.0072409636174609535,0.703470285080978,0.33803073846800086,-0.0036443795860541944,0.043034088612216526,3.047408998002133,2.3161729131053113,2.203244636626471,0.1129282764788405,1.4069406022927702,0.8441643613756619,0.5627762409171083,0.062495838197418635,0.04126586787887759,0.05447316967238992,1.2885790413076672,0.13319416957950603,0.007331149292093501
2254,0.6911321904704392,0.3357286885021249,0.0037826364892278655,0.04227931759728125,2.945729747255807,2.235717218684766,2.1163710994260665,0.11934611925869934,1.3822644130495674,0.8293586478297403,0.552905765219827,0.06448294260109991,0.042949250260461536,0.05625590940936617,1.2746594433901879,0.14097719193412733,0.007240963616619678,0.7034702847245199,0.3380307385899612,-0.003644379330167327,0.04303408850811426,3.0474089909474604,2.3161729086114065,2.203244631499647,0.1129282771117593,1.406940599079689,0.8441643594478132,0.5627762396318758,0.06249583841149916,0.04126586806023666,0.054473169873456725,1.2885790397749268,0.13319416954882743,0.007331149291527805
2255,0.6911321900826849,0.3357286886304152,0.0037826367134372527,0.04227931749776162,2.945729739925973,2.2357172139482615,2.116371094022754,0.11934611992550757,1.3822644098386985,0.8293586459032191,0.5529057639354794,0.06448294283457667,0.04294925045825219,0.05625590962778196,1.274659441767555,0.14097719189653807,0.007240963615862002,0.703470284396579,0.3380307387044485,-0.0036443790892522684,0.04303408840576753,3.0474089844172085,2.3161729044471038,2.2032446267472343,0.11292827769986964,1.4069405961166241,0.8441643576699742,0.5627762384466499,0.062495838614225536,0.041265868231977004,0.05447317006364945,1.2885790383229754,0.13319416952089422,0.007331149291031899
2256,0.6911321897235292,0.3357286887510194,0.0037826369236886523,0.042279317400006886,2.945729733112873,2.2357172095377305,2.1163710889900536,0.11934612054767707,1.3822644068713656,0.8293586441228193,0.5529057627485463,0.06448294305617504,0.042949250645980014,0.05625590983486016,1.2746594402270515,0.14097719186197494,0.007240963615178741,0.7034702840944634,0.3380307388119995,-0.0036443788623817877,0.043034088305011285,3.047408978366721,2.316172900583163,2.203244622336155,0.11292827824700845,1.4069405933842776,0.8441643560305663,0.5627762373537113,0.06249583880657457,0.04126586839492616,0.054473170243893976,1.2885790369448729,0.13319416949542207,0.007331149290597376
2257,0.6911321893903509,0.33572868886446794,0.0037826371208513204,0.042279317303855896,2.9457297267736373,2.2357172054251766,2.1163710842962766,0.11934612112889975,1.382264404128935,0.8293586424773608,0.5529057616515741,0.06448294326688209,0.04294925082448123,0.05625591003153506,1.2746594387618617,0.14097719183013382,0.007240963614561263,0.7034702838156832,0.3380307389130973,-0.0036443786486846305,0.04303408820569237,3.0474089727548366,2.316172896992685,2.2032446182359915,0.11292827875669352,1.4069405908647423,0.8441643545188451,0.5627762363458972,0.062495838989442616,0.04126586854984345,0.05447317041504042,1.2885790356342495,0.13319416947214713,0.007331149290216322
2258,0.6911321890807324,0.3357286889712422,0.0037826373057441437,0.04227931720915944,2.9457297208687674,2.235717201584863,2.116371079912301,0.11934612167256237,1.3822644015941117,0.8293586409564668,0.5529057606376448,0.06448294346760385,0.04294925099452335,0.05625591021866475,1.2746594373657283,0.14097719180073404,0.007240963614001516,0.7034702835579455,0.33803073900817937,-0.003644378447339107,0.04303408810766906,3.04740896754368,2.3161728936509847,2.203244614418838,0.11292827923214702,1.4069405885414048,0.8441643531248425,0.5627762354165623,0.062495839163651035,0.04126586869742472,0.05447317057786835,1.2885790343852692,0.13319416945082616,0.007331149289881381
2259,0.6911321887924525,0.33572868907178144,0.003782637479142578,0.04227931711577959,2.945729715361916,2.2357171979931776,2.116371075811408,0.11934612218176976,1.382264399250847,0.829358639550508,0.552905759700339,0.06448294365917126,0.04294925115681035,0.056255910397036875,1.2746594360329135,0.14097719177351792,0.007240963613492074,0.7034702833191446,0.3380307390976427,-0.003644378257566,0.04303408801081041,3.047408962698442,2.316172890535447,2.2032446108591306,0.11292827967631647,1.4069405863988533,0.8441643518393117,0.5627762345595416,0.06249583932995173,0.041265868838306935,0.054473170733092005,1.2885790331925895,0.1331941694312361,0.007331149289585727
2260,0.6911321885234765,0.3357286891664882,0.003782637641784249,0.04227931702358896,2.945729710219674,2.2357171946284886,2.116371071969122,0.11934612265936645,1.3822643970842527,0.8293586382505514,0.5529057588337013,0.06448294384234582,0.04294925131198732,0.05625591056737372,1.2746594347581575,0.1409771917482503,0.0072409636130261355,0.7034702830973559,0.33803073918185006,-0.0036443780786268934,0.043034087914995536,3.047408958187182,2.3161728876254006,2.203244607533504,0.11292828009189629,1.4069405844227971,0.844164350653678,0.5627762337691191,0.06249583948903217,0.04126586897307248,0.054473170881365045,1.2885790320513253,0.13319416941317364,0.007331149289323137
2261,0.6911321882719463,0.33572868925573285,0.0037826377943693534,0.042279316932469876,2.9457297054113742,2.235717191471016,2.1163710683630605,0.11934612310795578,1.382264395080523,0.8293586370483136,0.5529057580322093,0.06448294401782476,0.042949251460644905,0.056255910730337214,1.274659433536646,0.14097719172471745,0.007240963612597524,0.7034702828908264,0.3380307392611348,-0.0036443779098175033,0.04303408782011284,3.047408953980632,2.316172884901986,2.203244604420639,0.11292828048134683,1.4069405825999888,0.8441643495599931,0.5627762330399957,0.06249583964152043,0.04126586910225344,0.05447317102328518,1.2885790309570133,0.13319416939645454,0.007331149289087964
2262,0.691132188036172,0.335728689339858,0.0037826379375679522,0.042279316842313466,2.9457297009088976,2.2357171885027016,2.116371064972782,0.11934612352991972,1.3822643932268597,0.8293586359361157,0.552905757290744,0.0644829441862462,0.04294925160332372,0.0562559108865337,1.2746594323639722,0.14097719170272655,0.007240963612200675,0.703470282697965,0.3380307393358048,-0.0036443777504663183,0.043034087726059066,3.04740895005201,2.3161728823480305,2.203244601501117,0.11292828084691359,1.4069405809181552,0.844164348550893,0.5627762323672623,0.06249583978798995,0.0412658692263356,0.0544731711593987,1.2885790299055795,0.13319416938091283,0.007331149288875145
2263,0.6911321878146197,0.33572868941918205,0.003782638072018507,0.04227931675301858,2.9457296966864916,2.2357171857070828,2.1163710617796467,0.11934612392743604,1.3822643915114081,0.8293586349068448,0.5529057566045633,0.06448294434819404,0.04294925174051839,0.05625591103651834,1.2746594312361033,0.1409771916821036,0.0072409636118306135,0.7034702825173335,0.33803073940614553,-0.003644377599931213,0.04303408763273827,3.047408946376843,2.316172879947927,2.2032445987572835,0.11292828119064341,1.4069405793659326,0.8441643476195594,0.5627762317463733,0.06249583992896403,0.04126586934576228,0.05447317129020458,1.288579028893305,0.13319416936639994,0.0073311492886801825
2264,0.6911321876059021,0.3357286894940015,0.003782638198331814,0.04227931666449061,2.94572969272059,2.23571718306917,2.116371058766675,0.1193461243024951,1.3822643899231914,0.8293586339539147,0.5529057559692767,0.06448294450420279,0.04294925187268174,0.05625591118079972,1.2746594301493488,0.14097719166269335,0.0072409636114829385,0.703470282347635,0.33803073947242285,-0.0036443774575975474,0.04303408754006055,3.047408942932795,2.316172877687513,2.2032445961731115,0.1129282815144011,1.4069405779328057,0.8441643467596832,0.5627762311731225,0.06249584006492035,0.041265869460938145,0.054473171416158594,1.288579027916796,0.13319416935278328,0.007331149288499102
2265,0.691132187408765,0.33572868956459306,0.003782638317092586,0.042279316576639935,2.9457296889896445,2.235717180575328,2.116371055918413,0.1193461246569151,1.382264388452053,0.8293586330712316,0.5529057553808213,0.06448294465476187,0.04294925200022841,0.0562559113198436,1.2746594291003284,0.1409771916443567,0.007240963611153754,0.7034702821877038,0.33803073953488527,-0.0036443773228778745,0.04303408744794054,3.047408939699495,2.3161728755539497,2.2032445937340643,0.11292828181988537,1.406940576609052,0.8441643459654309,0.562776230643621,0.0624958401962953,0.04126586957223288,0.054473171537677306,1.2885790269729513,0.13319416933994532,0.007331149288328442
2266,0.6911321872220771,0.3357286896312148,0.003782638428859647,0.042279316489380325,2.9457296854739594,2.235717178213156,2.1163710532207993,0.11934612499235656,1.3822643870886004,0.8293586322531601,0.5529057548354404,0.06448294480032055,0.04294925212353892,0.05625591145407749,1.2746594280859396,0.14097719162696984,0.007240963610839637,0.7034702820364914,0.3380307395937638,-0.0036443771952086035,0.04303408735629562,3.0474089366583783,2.3161728735356073,2.203244591426966,0.11292828210864148,1.4069405753856876,0.8441643452314124,0.5627762301542752,0.0624958403234882,0.04126586967998479,0.054473171655141796,1.2885790260589336,0.13319416932778178,0.00733114928816517
2267,0.6911321870448154,0.3357286896941067,0.00378263853416657,0.04227931640262672,2.9457296821555325,2.2357171759713745,2.116371050661039,0.11934612531033549,1.3822643858241561,0.8293586314944935,0.5529057543296626,0.06448294494129198,0.04294925224296335,0.05625591158389418,1.2746594271033291,0.14097719161042196,0.007240963610537561,0.7034702818930566,0.33803073964927377,-0.0036443770740494166,0.043034087265043715,3.047408933792531,2.3161728716219563,2.203244589239881,0.11292828238207533,1.406940574254417,0.84416434455265,0.562776229701767,0.06249584044686567,0.041265869784504444,0.05447317176890165,1.2885790251721376,0.1331941693162003,0.007331149288006638
2268,0.6911321868760519,0.3357286897534902,0.0037826386335250775,0.04227931631629267,2.945729679017894,2.2357171738397086,2.1163710482274722,0.11934612561223626,1.3822643846507034,0.8293586307904218,0.5529057538602816,0.0644829450780581,0.042949252358825254,0.05625591170965612,1.2746594261498596,0.1409771915946134,0.0072409636102448195,0.703470281756549,0.33803073970161346,-0.0036443769588845945,0.04303408717410051,3.047408931086529,2.316172869803443,2.2032445871619775,0.11292828264146558,1.4069405732075868,0.8441643439245518,0.5627762292830351,0.06249584056676594,0.04126586988607836,0.0544731718792786,1.2885790243101605,0.13319416930511813,0.007331149287850508
2269,0.6911321867149364,0.3357286898095656,0.0037826387274211143,0.042279316230286704,2.94572967604595,2.2357171718087656,2.116371045909444,0.1193461258993219,1.382264383560844,0.8293586301365061,0.5529057534243378,0.06448294521097393,0.042949252471425364,0.05625591183169893,1.2746594252230792,0.14097719157945274,0.007240963609958908,0.7034702816261937,0.33803073975096176,-0.0036443768492179784,0.04303408708337566,3.0474089285262806,2.3161728680713725,2.2032445851833984,0.11292828288797425,1.4069405722381376,0.8441643433428823,0.5627762288952554,0.06249584068350321,0.04126586998497276,0.05447317198657034,1.2885790234707697,0.13319416929446,0.007331149287694624
2270,0.6911321865606775,0.33572868986250953,0.0037826388163199123,0.04227931614450805,2.945729673225819,2.235717169869916,2.116371043697171,0.11934612617274475,1.382264382547747,0.8293586295286479,0.552905753019099,0.06448294534037285,0.04294925258104611,0.056255911950336066,1.2746594243206857,0.14097719156485417,0.007240963609677378,0.7034702815012711,0.338030739797475,-0.0036443767445760583,0.043034086992768124,3.0474089260988655,2.3161728664177854,2.2032445832951284,0.11292828312265701,1.4069405713395624,0.8441643428037371,0.5627762285358253,0.06249584079737274,0.04126587008143773,0.05447317209105473,1.2885790226518665,0.13319416928415498,0.007331149287536877
2271,0.6911321864125209,0.3357286899124689,0.0037826389006636596,0.04227931605884051,2.9457296705446567,2.235717168015148,2.1163710415815924,0.11934612643355587,1.382264381605108,0.8293586289630646,0.5529057526420433,0.06448294546657193,0.0429492526879561,0.056255912065863015,1.274659423440489,0.1409771915507329,0.007240963609397699,0.7034702813810941,0.3380307398412805,-0.0036443766445057105,0.04303408690215969,3.0474089237923527,2.3161728648353095,2.203244581488837,0.11292828334647252,1.4069405705058604,0.8441643423035159,0.5627762282023445,0.06249584090865616,0.04126587017571186,0.054473172192994135,1.2885790218514503,0.13319416927413316,0.00733114928737502
2272,0.6911321862697173,0.3357286899595515,0.003782638980872159,0.04227931597314427,2.9457296679904625,2.235717166236914,2.116371039554202,0.11934612668271197,1.3822643807271011,0.8293586284362605,0.5529057522908406,0.06448294558987785,0.04294925279241513,0.05625591217856196,1.2746594225803722,0.1409771915370007,0.007240963609116944,0.7034702812649772,0.33803073988246807,-0.0036443765485728308,0.04303408681140616,3.04740892159561,2.3161728633170044,2.2032445797567144,0.11292828356029015,1.4069405697314934,0.8441643418388957,0.5627762278925977,0.062495841017627306,0.04126587026802715,0.05447317229263992,1.2885790210675756,0.13319416926431965,0.007331149287206408
2273,0.691132186131484,0.3357286900038133,0.0037826390573414623,0.04227931588724454,2.94572966555185,2.235717164527933,2.1163710376068496,0.11934612692108337,1.3822643799083345,0.8293586279450006,0.5529057519633339,0.06448294571059418,0.042949252894680386,0.056255912288707466,1.2746594217382383,0.14097719152355787,0.007240963608831459,0.703470281152194,0.3380307399210742,-0.00364437645636196,0.04303408672032509,3.0474089194980616,2.3161728618561543,2.203244578091258,0.11292828376489616,1.4069405690113395,0.8441643414068033,0.5627762276045362,0.06249584112455951,0.041265870358615134,0.05447317239023804,1.2885790202982994,0.1331941692546287,0.007331149287027617
2274,0.6911321859969476,0.3357286900452351,0.0037826391304470255,0.042279315800914874,2.94572966321777,2.235717162880947,2.1163710357314915,0.1193461271494555,1.3822643791437978,0.8293586274862786,0.5529057516575192,0.0644829458290284,0.04294925299501235,0.056255912396571114,1.2746594209119637,0.14097719151028315,0.007240963608536322,0.70347028104192,0.3380307399570607,-0.0036443763674762694,0.04303408662867798,3.047408917489393,2.316172860446006,2.2032445764850066,0.11292828396099917,1.4069405683406444,0.8441643410043862,0.5627762273362582,0.062495841229732924,0.041265870447713154,0.05447317248603399,1.2885790195416322,0.13319416924495295,0.0073311492868338955
2275,0.691132185865064,0.3357286900836917,0.003782639200537209,0.04227931571385438,2.9457296609771215,2.2357171612883713,2.116371033919837,0.11934612736853399,1.3822643784288073,0.8293586270572844,0.552905751371523,0.06448294594550383,0.042949253093684914,0.0562559125024301,1.2746594200993162,0.14097719149701882,0.007240963608224583,0.7034702809331469,0.33803073999027994,-0.0036443762815353345,0.043034086536145696,3.0474089155591595,2.316172859079413,2.2032445749301814,0.1129282841492314,1.4069405677149638,0.8441643406289779,0.5627762270859858,0.06249584133344611,0.04126587053557414,0.054473172580281046,1.2885790187954513,0.13319416923514868,0.007331149286618353
2276,0.6911321857345015,0.335728690118901,0.003782639267934297,0.04227931562565325,2.945729658818261,2.235717159741837,2.1163710321628972,0.11934612757893957,1.3822643777589392,0.8293586266553634,0.5529057511035758,0.0644829460603708,0.042949253190994865,0.05625591260657413,1.2746594192978762,0.14097719148354798,0.0072409636078860935,0.7034702808245603,0.3380307400204229,-0.0036443761981784714,0.043034086442291467,3.047408913696244,2.316172857748334,2.203244573418186,0.11292828433014784,1.406940567130097,0.8441643402780578,0.5627762268520392,0.06249584143602799,0.04126587062247673,0.0544731726732475,1.2885790180574206,0.13319416922501442,0.007331149286370754
2277,0.6911321856034619,0.33572869015034745,0.003782639332928106,0.042279315535742754,2.945729656728248,2.2357171582314836,2.1163710304502805,0.11934612778120322,1.3822643771299459,0.8293586262779674,0.5529057508519785,0.06448294617402442,0.042949253287276924,0.05625591270931633,1.2746594185049158,0.1409771914695611,0.007240963607505748,0.7034702807143521,0.3380307400469394,-0.0036443761170609212,0.043034086346507204,3.04740891188807,2.3161728564430915,2.2032445719388702,0.11292828450422106,1.4069405665819996,0.8441643399491994,0.5627762266328002,0.062495841537855576,0.041265870708740326,0.0544731727652277,1.2885790173248608,0.13319416921425753,0.007331149286075683
2278,0.6911321854694153,0.3357286901771646,0.0037826393957693313,0.04227931544332006,2.9457296546917897,2.2357171567449523,2.1163710287692035,0.11934612797574902,1.382264376537644,0.8293586259225862,0.5529057506150576,0.06448294628692507,0.04294925338292109,0.05625591281100434,1.2746594177172552,0.14097719145460472,0.00724096360706084,0.7034702805999428,0.33803074006891615,-0.003644376037857361,0.04303408624793295,3.047408910119466,2.3161728551512923,2.2032445704794643,0.11292828467182783,1.4069405660666703,0.8441643396400018,0.5627762264266685,0.062495841639375056,0.04126587079474291,0.05447317285655323,1.2885790165946016,0.13319416920244476,0.0073311492857097565
2279,0.6911321853286905,0.3357286901979517,0.0037826394566672986,0.042279315347233705,2.945729652689646,2.235717155265852,2.1163710271029883,0.11934612816286379,1.3822643759777626,0.8293586255866575,0.5529057503911051,0.06448294639962304,0.04294925347839357,0.05625591291203108,1.2746594169310939,0.14097719143800286,0.007240963606516878,0.7034702804775504,0.3380307400848859,-0.0036443759602540968,0.043034086145334195,3.04740890837096,2.316172853856187,2.2032445690229654,0.11292828483322169,1.4069405655799916,0.8441643393479946,0.562776226231997,0.06249584174112699,0.04126587088094241,0.05447317294760382,1.288579015862802,0.13319416918892518,0.007331149285237316
2280,0.691132185175834,0.33572869021048135,0.0037826395157956882,0.04227931524580368,2.9457296506962116,2.235717153771415,2.1163710254287773,0.11934612834263747,1.3822643754457244,0.8293586252674345,0.5529057501782899,0.06448294651278248,0.04294925357425699,0.056255913012838055,1.274659416141846,0.14097719141873288,0.007240963605821138,0.7034702803415204,0.3380307400925248,-0.003644375883925917,0.0430340860369095,3.047408906616197,2.3161728525341756,2.203244567545696,0.11292828498847962,1.4069405651175027,0.8441643390705013,0.5627762260470014,0.06249584184377059,0.0412658709678973,0.05447317303881051,1.2885790151247782,0.13319416917270976,0.00733114928460367
2281,0.6911321850025762,0.33572869021122076,0.0037826395733424334,0.042279315136525844,2.945729648675742,2.2357171522288,2.116371023713951,0.11934612851484908,1.3822643749363188,0.8293586249617911,0.5529057499745277,0.0644829466271879,0.04294925367117594,0.056255913113891026,1.274659415344094,0.1409771913952243,0.007240963604892037,0.703470280183244,0.33803074008815964,-0.003644375808455176,0.04303408591997519,3.0474089048178894,2.316172851150856,2.203244566013456,0.11292828513740015,1.4069405646740563,0.8441643388044334,0.5627762258696228,0.0624958419480908,0.04126587105627252,0.05447317313063085,1.2885790143749531,0.13319416915227605,0.00733114928372407
2282,0.6911321847960854,0.3357286901945071,0.003782635191387461,0.042279315015554125,2.945729646576241,2.2357171505890543,2.11637102191032,0.11934612867873473,1.3822643744432022,0.8293586246659211,0.552905749777281,0.06448294674368063,0.042949253769863166,0.056255913215569144,1.2746594145320276,0.1409771913650171,0.007240963603601083,0.7034702799893499,0.3380307400659247,-0.0036443796348610627,0.04303408579041457,3.0474089029213047,2.3161728496546177,2.2032445643753253,0.11292828527929255,1.4069405642432995,0.8441643385459793,0.5627762256973202,0.06249584205493312,0.04126587114678436,0.054473173223435346,1.2885790136073176,0.13319416912523915,0.007331149282465171
2283,0.6911321854517408,0.3357286905548863,0.003782641551959648,0.042279315302440446,2.9457296443190533,2.2357171515324277,2.116371022563751,0.11934612896867694,1.3822643695921708,0.8293586217553023,0.5529057478368685,0.0644829466014061,0.04294925364933481,0.05625591324228528,1.2746594155051048,0.1409771914642079,0.007240963610907494,0.7034702806237398,0.3380307404217876,-0.003644373962180855,0.04303408609225199,3.047408900843174,2.3161728504380172,2.2032445648559547,0.11292828558206243,1.4069405599786995,0.8441643359872193,0.5627762239914802,0.06249584191235752,0.041265871026000954,0.05447317325254221,1.2885790146099132,0.13319416921917954,0.007331149289624371
2284,0.6911321850789113,0.3357286904456278,0.0037826394566844793,0.04227931509304736,2.945729643443589,2.2357171499286883,2.1163710209015005,0.11934612902718783,1.3822643709034816,0.8293586225420887,0.552905748361393,0.06448294677770104,0.04294925379868367,0.05625591334076018,1.2746594142804542,0.14097719141539025,0.007240963607751258,0.7034702802753063,0.3380307403088239,-0.0036443759271009707,0.04303408587199706,3.047408900216973,2.316172849077928,2.2032445634684854,0.11292828560944242,1.40694056124748,0.8441643367484876,0.5627762244989923,0.062495842075409945,0.041265871164131364,0.05447317333837223,1.2885790134433042,0.133194169175272,0.007331149286578097
2285,0.6911321851546668,0.335728690554452,0.0037826404382952095,0.04227931507029038,2.945729642011299,2.2357171491495684,2.1163710199166053,0.11934612923296328,1.3822643701578226,0.8293586220946934,0.5529057480631292,0.06448294681463783,0.042949253829974804,0.05625591339637702,1.274659414018072,0.14097719143453893,0.007240963609296656,0.7034702803695924,0.3380307404154102,-0.0036443749444911855,0.043034085845812864,3.0474088989925163,2.3161728484573048,2.203244562662149,0.11292828579515578,1.4069405605506127,0.8441643363303672,0.5627762242202454,0.0624958421032001,0.04126587118767389,0.054473173385867935,1.2885790132377035,0.1331941691955076,0.007331149288218762
2286,0.6911321850210213,0.3357286905633021,0.003782640025331116,0.04227931497829354,2.945729640808229,2.2357171479937152,2.116371018622629,0.11934612937108598,1.3822643703093336,0.8293586221856001,0.5529057481237335,0.06448294691894227,0.04294925391833665,0.056255913481642175,1.2746594132905784,0.14097719142232143,0.007240963608666392,0.7034702802537697,0.3380307404216858,-0.00364437533845844,0.04303408574846485,3.047408897996128,2.3161728474649133,2.2032445615526175,0.11292828591229581,1.406940560739185,0.8441643364435106,0.5627762242956743,0.06249584219712734,0.04126587126724469,0.054473173461959526,1.288579012562287,0.13319416918597604,0.007331149287676789
2287,0.6911321849758473,0.33572869060966654,0.0037826402444630924,0.04227931490877229,2.945729639526574,2.2357171470302717,2.116371017501349,0.1193461295289231,1.382264370042042,0.8293586220252253,0.5529057480168168,0.06448294699931392,0.04294925398642378,0.05625591355647162,1.2746594127284618,0.1409771914221263,0.007240963608906029,0.7034702802247634,0.3380307404650927,-0.0036443751055159207,0.04303408567369684,3.047408896908358,2.3161728466538025,2.203244560603835,0.1129282860499674,1.4069405605075394,0.8441643363045233,0.5627762242030161,0.062495842268441196,0.041265871327658465,0.05447317352862727,1.288579012047665,0.13319416918756377,0.007331149287990318
2288,0.6911321848934524,0.3357286906398881,0.0037826401933138826,0.042279314830951625,2.9457296382767146,2.23571714598398,2.1163710163056977,0.11934612967828256,1.3822643699516945,0.8293586219710168,0.5529057479806777,0.06448294709178307,0.042949254064759336,0.0562559136384493,1.2746594120829018,0.1409771914167295,0.007240963608775929,0.7034702801581906,0.3380307404926339,-0.0036443751392964546,0.04303408559055791,3.04740889584272,2.3161728457532065,2.203244559573004,0.1129282861802024,1.4069405604495269,0.8441643362697158,0.5627762241798111,0.06249584235174557,0.041265871398230056,0.05447317360246633,1.288579011447955,0.1331941691842198,0.007331149287935825
2289,0.6911321848226946,0.3357286906734217,0.003782640244914981,0.042279314754742066,2.945729637020486,2.235717144975421,2.1163710151483435,0.11934612982707762,1.3822643697869046,0.8293586218721428,0.5529057479147618,0.0644829471825277,0.042949254141633975,0.05625591372007156,1.274659411449352,0.14097719141247209,0.007240963608743325,0.7034702801019442,0.3380307405232887,-0.0036443750730149257,0.04303408550887264,3.0474088947611717,2.3161728448819336,2.2032445585713436,0.11292828631058996,1.406940560316381,0.8441643361898282,0.5627762241265527,0.0624958424338668,0.04126587146779934,0.054473173676382394,1.2885790108567639,0.1331941691817909,0.007331149287969098
2290,0.6911321847464607,0.3357286907041095,0.0037826402587350025,0.04227931467731764,2.9457296357696765,2.2357171439563643,2.1163710139824428,0.11934612997392169,1.3822643696453891,0.8293586217872335,0.5529057478581556,0.06448294727576362,0.042949254220619106,0.05625591380358774,1.2746594107986975,0.14097719140730383,0.007240963608651401,0.703470280039562,0.3380307405511621,-0.003644375043247619,0.04303408542590338,3.047408893675907,2.3161728439934204,2.203244557553574,0.11292828643984634,1.4069405602038885,0.8441643361223328,0.5627762240815557,0.06249584251869865,0.04126587153966493,0.054473173752413236,1.2885790102464232,0.13319416917842702,0.007331149287940215
2291,0.6911321846705679,0.33572869073400696,0.0037826402839235412,0.042279314599583416,2.9457296345210526,2.2357171429444107,2.1163710128253,0.11934613011911087,1.3822643694929213,0.8293586216957528,0.5529057477971685,0.0644829473697901,0.04294925430027395,0.056255913887921206,1.274659410142684,0.14097719140192053,0.007240963608553079,0.703470279976642,0.3380307405782115,-0.0036443750028288396,0.043034085342529935,3.047408892584282,2.316172843104998,2.203244556536808,0.11292828656818998,1.406940560079124,0.8441643360474741,0.56277622403165,0.06249584260462585,0.041265871612458455,0.05447317382952865,1.2885790096284109,0.13319416917475946,0.007331149287899661
2292,0.6911321845934958,0.335728690762713,0.0037826403050827753,0.04227931452140049,2.945729633276028,2.235717141934153,2.1163710116713466,0.1193461302628065,1.382264369341136,0.8293586216046817,0.5529057477364544,0.06448294746476663,0.042949254380733645,0.05625591397308948,1.2746594094802093,0.14097719139618486,0.007240963608435944,0.7034702799118231,0.3380307406040786,-0.0036443749662858557,0.04303408525863465,3.047408891488173,2.316172842211955,2.203244555516203,0.112928286695752,1.406940559953284,0.84416433597197,0.562776223981314,0.06249584269174557,0.04126587168626224,0.054473173907700186,1.2885790090020364,0.13319416917067692,0.007331149287836414
2293,0.6911321845159474,0.33572869079050716,0.00378264032713814,0.042279314442900576,2.9457296320351216,2.235717140927976,2.1163710105229265,0.11934613040504977,1.3822643691869914,0.8293586215121949,0.5529057476747965,0.06448294756035657,0.042949254461713,0.056255914058823214,1.2746594088135978,0.14097719139019999,0.007240963608306715,0.7034702798458243,0.3380307406290364,-0.0036443749289943456,0.043034085174353434,3.0474088903886205,2.316172841316967,2.2032445544944332,0.11292828682253396,1.4069405598236462,0.8441643358941873,0.5627762239294589,0.06249584277971138,0.041265871760782766,0.054473173986646334,1.2885790083697601,0.13319416916627935,0.0073311492877572
2294,0.6911321844379695,0.33572869081746703,0.0037826403488715674,0.042279314364130974,2.9457296307990837,2.2357171399258737,2.116371009379947,0.11934613054592652,1.3822643690318945,0.8293586214191367,0.5529057476127578,0.06448294765639766,0.04294925454307455,0.056255914144966716,1.2746594081439704,0.1409771913839968,0.0072409636081664595,0.7034702797787489,0.3380307406531683,-0.0036443748920666,0.04303408508974117,3.0474088892868414,2.3161728404204354,2.2032445534718526,0.11292828694858287,1.4069405596916487,0.8441643358149887,0.5627762238766599,0.06249584286833855,0.04126587183586358,0.0544731740661919,1.2885790077328965,0.13319416916160234,0.007331149287663451
2295,0.6911321843598298,0.3357286908437316,0.0037826403709086895,0.04227931428516089,2.945729629568837,2.2357171389287607,2.1163710082432736,0.11934613068548719,1.3822643688759393,0.8293586213255636,0.5529057475503757,0.06448294775270316,0.042949254624660094,0.05625591423135517,1.2746594074726163,0.14097719137763168,0.007240963608018071,0.7034702797109084,0.3380307406766165,-0.003644374854890567,0.04303408500487335,3.047408888184226,2.31617283952364,2.203244552449728,0.11292828707391207,1.4069405595574977,0.8441643357344982,0.5627762238229995,0.06249584295742377,0.041265871911332436,0.054473174146156815,1.2885790070928882,0.13319416915670398,0.007331149287558332
2296,0.6911321842817278,0.33572869086941554,0.003782640393244545,0.042279314206045485,2.9457296283453314,2.2357171379373173,2.1163710071135355,0.1193461308237819,1.3822643687196596,0.8293586212317958,0.5529057474878638,0.06448294784912337,0.04294925470634282,0.056255914317852616,1.2746594068005699,0.1409771913711519,0.007240963607863825,0.7034702796425446,0.3380307406994976,-0.003644374817464373,0.043034084919810665,3.047408887082163,2.316172838627609,2.2032445514290737,0.11292828719853519,1.4069405594218165,0.8441643356530895,0.562776223768727,0.06249584304680184,0.041265871987049396,0.05447317422639111,1.28857900645091,0.13319416915163398,0.0073311492874443725
2297,0.6911321842039281,0.3357286908946548,0.0037826404161384053,0.04227931412684664,2.945729627129722,2.235717136952501,2.116371005991648,0.11934613096085311,1.382264368563456,0.8293586211380737,0.5529057474253822,0.06448294794551557,0.042949254788001795,0.056255914404331864,1.2746594061288161,0.1409771913646154,0.007240963607706574,0.7034702795739654,0.3380307407219512,-0.0036443747795164433,0.0430340848346206,3.0474088859822377,2.316172837733645,2.203244550411185,0.11292828732246032,1.406940559285089,0.844164335571053,0.562776223714036,0.06249584313631616,0.04126587206288176,0.054473174306754996,1.2885790058080742,0.13319416914645155,0.007331149287324685
2298,0.6911321841266636,0.33572869091957314,0.0037826404396283445,0.04227931404761762,2.945729625923135,2.2357171359751633,2.1163710048784212,0.11934613109674196,1.3822643684078562,0.8293586210447138,0.5529057473631424,0.06448294804176383,0.04294925486953883,0.05625591449068793,1.2746594054581555,0.14097719135807502,0.007240963607548867,0.7034702795054424,0.3380307407441031,-0.00364437474101173,0.04303408474936113,3.04740888488598,2.316172836842917,2.2032445493972217,0.11292828744569537,1.4069405591479307,0.844164335488758,0.5627762236591727,0.06249584322583864,0.04126587213872103,0.05447317438713242,1.2885790051652912,0.13319416914121102,0.007331149287202056
2299,0.6911321840502116,0.33572869094430957,0.003782640463898014,0.04227931396841604,2.945729624726842,2.2357171350063316,2.1163710037748453,0.11934613123148635,1.3822643682533273,0.8293586209519965,0.5529057473013308,0.06448294813775937,0.0429492549508618,0.05625591457682381,1.2746594047893394,0.14097719135159112,0.007240963607393654,0.7034702794372906,0.3380307407660948,-0.0036443747017607386,0.0430340846640946,3.0474088837950486,2.316172835956765,2.2032445483885184,0.11292828756824658,1.4069405590108848,0.8441643354065305,0.5627762236043543,0.0624958433152495,0.04126587221446575,0.05447317446741641,1.2885790045234118,0.13319416913597337,0.007331149287079659
2300,0.6911321839748391,0.3357286909689995,0.0037826404890014403,0.04227931388929636,2.9457296235421353,2.2357171340470052,2.1163710026818814,0.11934613136512369,1.3822643681004232,0.8293586208602541,0.552905747240169,0.06448294823341225,0.04294925503189445,0.056255914662658384,1.274659404122989,0.14097719134522285,0.007240963607243794,0.7034702793698125,0.3380307407880641,-0.0036443746617100398,0.043034084578879625,3.047408882711099,2.316172835076473,2.203244547386351,0.11292828769012211,1.4069405588745811,0.8441643353247483,0.5627762235498328,0.062495843404449115,0.041265872290031515,0.054473174547517114,1.2885790038831444,0.13319416913079812,0.00733114928696057
2301,0.6911321839008402,0.33572869099378655,0.003782640515064134,0.04227931381031492,2.945729622370432,2.235717133098311,2.116371001600625,0.11934613149768603,1.3822643679496782,0.8293586207698072,0.5529057471798711,0.06448294832863669,0.04294925511256416,0.05625591474811503,1.2746594034596965,0.14097719133903355,0.007240963607102374,0.7034702793033354,0.3380307408101563,-0.0036443746207351496,0.04303408449377662,3.0474088816358975,2.3161728342034476,2.203244546392123,0.11292828781132487,1.406940558739625,0.8441643352437747,0.5627762234958504,0.062495843493343035,0.04126587236533831,0.05447317462734996,1.2885790032451592,0.13319416912574858,0.007331149286848063
2302,0.691132183828533,0.33572869101882324,0.003782640542195549,0.04227931373153128,2.945729621213298,2.235717132161492,2.1163710005322898,0.11934613162920234,1.3822643678016804,0.8293586206810084,0.552905747120672,0.06448294842335445,0.04294925519280465,0.05625591483312396,1.274659402800002,0.14097719133309128,0.007240963606972706,0.7034702792382101,0.3380307408325264,-0.003644374578726066,0.04303408440884907,3.047408880571341,2.316172833339196,2.203244545407339,0.11292828793185708,1.406940558606671,0.8441643351640021,0.5627762234426689,0.0624958435818453,0.04126587244031331,0.05447317470683818,1.2885790026100674,0.13319416912089224,0.007331149286745652
2303,0.6911321837582567,0.3357286910442679,0.003782640570494211,0.042279313653006016,2.945729620072455,2.2357171312379105,2.1163709994782156,0.11934613175969476,1.3822643676570658,0.8293586205942397,0.5529057470628261,0.06448294851749166,0.04294925527255331,0.05625591491761901,1.274659402144416,0.14097719132746805,0.00724096360685828,0.7034702791748068,0.33803074085533436,-0.00364437453558554,0.04303408432416131,3.0474088795194767,2.3161728324853392,2.203244544433625,0.11292828805171409,1.4069405584764203,0.8441643350858516,0.5627762233905687,0.06249584366987507,0.041265872514888016,0.05447317478590928,1.2885790019784436,0.13319416911630003,0.007331149286657006
2304,0.6911321836904014,0.33572869107029774,0.0037826406001183407,0.042279313574808366,2.945729618949892,2.2357171303291636,2.116370998439984,0.11934613188917986,1.3822643675165134,0.8293586205099082,0.5529057470066052,0.06448294861097151,0.0429492553517451,0.056255915001532375,1.2746594014934685,0.14097719132224545,0.007240963606763049,0.7034702791135468,0.3380307408787601,-0.0036443744911554,0.043034084239786566,3.047408878482608,2.3161728316437276,2.2032445434728403,0.11292828817088721,1.4069405583496135,0.8441643350097676,0.5627762233398459,0.062495843757349324,0.04126587258899215,0.05447317486448985,1.2885790013508773,0.1331941691120519,0.00733114928658627
2305,0.6911321836253324,0.3357286910970774,0.003782640631060541,0.042279313497001245,2.945729617847614,2.2357171294367983,2.116370997419132,0.11934613201766618,1.3822643673808028,0.8293586204284819,0.552905746952321,0.06448294870372809,0.04294925543032414,0.05625591508480415,1.2746594008476149,0.14097719131750056,0.007240963606690709,0.7034702790548221,0.33803074090296953,-0.003644374445453742,0.04303408415579101,3.0474088774630306,2.316172830816136,2.203244542526775,0.11292828828936097,1.4069405582270935,0.8441643349362556,0.5627762232908379,0.062495843844197,0.041265872662565456,0.05447317494251524,1.288579000727874,0.13319416910822302,0.007331149286537289
2306,0.6911321835635007,0.33572869112480064,0.00378264066355484,0.04227931341966128,2.9457296167679985,2.235717128562751,2.1163709964176,0.11934613214515077,1.3822643672506645,0.8293586203503988,0.5529057469002657,0.06448294879567909,0.04294925550822076,0.05625591516736222,1.2746594002074239,0.14097719131332517,0.007240963606645724,0.7034702789991124,0.33803074092815844,-0.0036443743982449844,0.043034084072255084,3.0474088764634186,2.316172830004741,2.2032445415976327,0.11292828840710803,1.406940558109644,0.844164334865786,0.5627762232438579,0.06249584393033093,0.041265872735534115,0.054473175019908886,1.2885790001100523,0.1331941691049024,0.007331149286514684
2307,0.6911321835053571,0.33572869115365883,0.003782640697649095,0.04227931334286485,2.945729615713604,2.235717127709024,2.1163709954374035,0.1193461322716207,1.3822643671270012,0.8293586202762009,0.5529057468508003,0.06448294888674562,0.04294925558536808,0.05625591524913576,1.274659399573439,0.14097719130981207,0.007240963606632522,0.7034702789468938,0.33803074095451974,-0.003644374349491067,0.04303408398925872,3.047408875486606,2.3161728292117645,2.2032445406876717,0.11292828852409281,1.4069405579982248,0.8441643347989345,0.5627762231992903,0.06249584401566817,0.041265872807827855,0.0544731750965963,1.288578999498002,0.13319416910217957,0.00733114928652304
2308,0.691132183451398,0.33572869118385573,0.0037826407334947687,0.042279313266694936,2.9457296146872496,2.23571712687787,2.116370994480821,0.11934613239704904,1.3822643670107142,0.8293586202064287,0.5529057468042855,0.06448294897683869,0.042949255661690736,0.05625591533004578,1.2746593989462762,0.14097719130706143,0.007240963606655923,0.7034702788986885,0.33803074098225877,-0.003644374299043525,0.043034083906888496,3.047408874535689,2.316172828439682,2.203244539799417,0.11292828864026526,1.4069405578937877,0.8441643347362723,0.5627762231575154,0.062495844100116396,0.04126587287936847,0.054473175172495385,1.2885789988923788,0.13319416910015083,0.007331149286567307
2309,0.6911321834021521,0.335728691215603,0.003782640771220848,0.042279313191239745,2.9457296136920337,2.2357171260717497,2.1163709935503556,0.11934613252139409,1.3822643669027963,0.829358620141678,0.5529057467611183,0.06448294906586152,0.042949255737106756,0.056255915410006116,1.274659398326603,0.14097719130517913,0.007240963606720987,0.7034702788550486,0.33803074101158836,-0.003644374246782829,0.04303408382523617,3.04740887361403,2.3161728276911657,2.2032445389356043,0.11292828875556155,1.4069405577973768,0.8441643346784258,0.562776223118951,0.06249584418357605,0.0412658729500716,0.05447317524751741,1.2885789982938904,0.13319416909891776,0.007331149286652674
2310,0.691132183358197,0.3357286912491253,0.0037826408109987233,0.042279313116594434,2.945729612731401,2.2357171252934145,2.116370992648818,0.11934613264459626,1.3822643668043042,0.8293586200825829,0.5529057467217213,0.0644829491537055,0.042949255811524076,0.056255915488920186,1.2746593977151697,0.14097719130427955,0.007240963606833191,0.7034702788165756,0.3380307410427348,-0.003644374192544861,0.043034083744400646,3.047408872725336,2.3161728269691784,2.203244538099278,0.11292828886990036,1.4069405577100973,0.8441643346260581,0.5627762230840392,0.06249584426593637,0.04126587301984343,0.05447317532156375,1.2885789977033235,0.13319416909858942,0.0073311492867847335
2311,0.6911321833201601,0.33572869128466154,0.003782640853009854,0.04227931304286332,2.945729611809162,2.235717124545905,2.116370991779325,0.11934613276657952,1.382264366716394,0.8293586200298367,0.5529057466865573,0.0644829492402483,0.04294925588483911,0.056255915566679415,1.2746593971128206,0.14097719130448624,0.007240963606998406,0.7034702787839185,0.3380307410759373,-0.0036443741361594784,0.04303408366449001,3.0474088718736776,2.3161728262769694,2.203244537293787,0.11292828898318263,1.4069405576331513,0.8441643345798905,0.5627762230532608,0.062495844347073545,0.04126587308857907,0.05447317539452441,1.2885789971215575,0.1331941690992834,0.007331149286969473
2312,0.6911321832886774,0.33572869132244554,0.00378264089735654,0.042279312970150563,2.945729610929358,2.2357171238324107,2.1163709909451653,0.11934613288724544,1.3822643666403203,0.8293586199841924,0.5529057466561279,0.06448294932536026,0.042949255956942003,0.05625591564316748,1.2746593965204518,0.14097719130592345,0.00724096360722252,0.7034702787577326,0.3380307411114304,-0.0036443740775378014,0.04303408358561192,3.0474088710633334,2.316172825617921,2.2032445365226314,0.11292828909528965,1.4069405575678373,0.8441643345407022,0.5627762230271351,0.06249584442685739,0.041265873156168226,0.05447317546628245,1.2885789965495185,0.1331941691011174,0.007331149287212856
2313,0.6911321832644992,0.3357286913627489,0.003782640944382361,0.04227931289858061,2.945729610096629,2.23571712315669,2.116370990150216,0.11934613300647408,1.3822643665773549,0.8293586199464131,0.5529057466309417,0.06448294940888119,0.042949256027697044,0.056255915718243156,1.2746593959391685,0.1409771913087354,0.007240963607512427,0.7034702787387895,0.3380307411494864,-0.003644374016341677,0.04303408350789509,3.0474088702991997,2.316172824996,2.203244535789921,0.11292828920607874,1.406940557515465,0.8441643345092787,0.5627762230061862,0.06249584450512731,0.041265873222474866,0.05447317553669623,1.2885789959883462,0.1331941691042279,0.007331149287521868
2314,0.6911321832484016,0.335728691405847,0.003782640994251789,0.04227931282828168,2.9457296093160097,2.235717122522734,2.1163709893986105,0.11934613312412351,1.3822643665289986,0.8293586199173993,0.5529057466115993,0.06448294949064193,0.042949256096960944,0.05625591579175521,1.2746593953701397,0.1409771913130718,0.0072409636078751925,0.703470278727883,0.3380307411903803,-0.003644373952427206,0.04303408343147187,3.0474088695865573,2.316172824415396,2.2032445351000103,0.11292828931538568,1.406940557477579,0.8441643344865473,0.5627762229910318,0.062495844581714734,0.04126587328735616,0.05447317560561485,1.2885789954392388,0.13319416910875595,0.00733114928790364
2315,0.691132183241277,0.3357286914520525,0.0037826410473382963,0.04227931275940254,2.9457296085931897,2.2357171219351337,2.1163709886951074,0.11934613324002621,1.3822643664968033,0.8293586198980821,0.5529057465987212,0.06448294957044275,0.042949256164564485,0.05625591586352699,1.2746593948147442,0.14097719131910272,0.007240963608318907,0.7034702787259284,0.3380307412344267,-0.003644373885422998,0.043034083356496125,3.047408868931354,2.316172823880916,2.2032445344578946,0.11292828942302113,1.406940557455766,0.8441643344734595,0.5627762229823066,0.06249584465642099,0.04126587335064383,0.0544731756728625,1.2885789949036086,0.13319416911486243,0.007331149288366361
2316,0.6911321832440407,0.3357286915016809,0.0037826411038256458,0.042279312692095526,2.945729607934244,2.2357171213987046,2.1163709880447117,0.11934613335399272,1.3822643664825538,0.8293586198895324,0.5529057465930214,0.06448294964807579,0.04294925623033158,0.0562559159333725,1.2746593942744173,0.14097719132700332,0.007240963608851819,0.7034702787338564,0.33803074128194033,-0.0036443738151757527,0.043034083283124844,3.047408868339912,2.3161728233975705,2.203244533868798,0.11292828952877279,1.4069405574518568,0.8441643344711139,0.5627762229807428,0.062495844729040226,0.04126587341216345,0.05447317573825481,1.2885789943829173,0.13319416912271154,0.0073311492889183115
2317,0.691132183257745,0.3357286915550917,0.0037826411641612434,0.04227931262653624,2.9457296073460064,2.2357171209189617,2.1163709874531578,0.11934613346580397,1.382264366488081,0.8293586198928486,0.5529057465952323,0.0644829497232961,0.04294925629405472,0.05625591600107488,1.2746593937508508,0.14097719133697234,0.007240963609483358,0.7034702787527392,0.3380307413332814,-0.0036443737412466815,0.04303408321153928,3.04740886781932,2.316172822971091,2.2032445333386925,0.1129282896323987,1.4069405574677127,0.8441643344806274,0.5627762229870853,0.06249584479933023,0.04126587347170988,0.054473175801577206,1.288578993878886,0.1331941691324901,0.007331149289568999
2318,0.691132183283533,0.3357286916126738,0.003782641228707251,0.042279312562916796,2.9457296068360255,2.235717120501946,2.1163709869267313,0.1193461335752148,1.38226436651549,0.829358619909294,0.5529057466061958,0.06448294979583655,0.04294925635550763,0.056255916066396544,1.2746593932458894,0.1409771913492262,0.007240963610223774,0.7034702787837369,0.3380307413888385,-0.003644373663299172,0.04303408314193764,3.047408867377388,2.3161728226077307,2.203244532874101,0.11292828973362962,1.4069405575054783,0.8441643345032868,0.5627762230021915,0.062495844867027195,0.041265873529059596,0.0544731758625949,1.2885789933933895,0.13319416914440124,0.0073311492903287015
2319,0.6911321833226761,0.33572869167485675,0.003782641297927068,0.042279312501448604,2.94572960641269,2.2357171201543973,2.1163709864724503,0.1193461336819469,1.382264366567066,0.8293586199402396,0.5529057466268263,0.06448294986540021,0.04294925641443871,0.056255916129073505,1.274659392761583,0.14097719136400477,0.007240963611084419,0.7034702788281408,0.3380307414490421,-0.0036443735808857486,0.04303408307453818,3.047408867022779,2.3161728223144578,2.203244532482295,0.11292828983216291,1.4069405575674736,0.844164334540484,0.5627762230269896,0.062495844931838365,0.04126587358396461,0.05447317592104745,1.2885789929285076,0.13319416915866958,0.007331149291208834
2320,0.6911321833766431,0.3357286917421432,0.0037826413724502198,0.04227931244238056,2.9457296060855245,2.235717119884009,2.116370986098313,0.11934613378569602,1.3822643666453525,0.8293586199872116,0.5529057466581409,0.06448294993164673,0.04294925647055969,0.05625591618880507,1.274659392300282,0.1409771913815856,0.007240963612078482,0.7034702788874407,0.3380307415143956,-0.0036443734934025473,0.04303408300959802,3.0474088667653145,2.3161728220992135,2.2032445321715457,0.11292828992766757,1.4069405576562817,0.8441643345937688,0.5627762230625128,0.06249584499342834,0.041265873636140774,0.05447317597663837,1.2885789924866238,0.13319416917555574,0.007331149292222642
2321,0.691132183446925,0.33572869181503523,0.0037826414525471905,0.04227931238596213,2.9457296058646336,2.2357171196987844,2.1163709858126616,0.11934613388612283,1.3822643667532861,0.8293586200519718,0.5529057467013143,0.06448294999422942,0.042949256523576826,0.05625591624528037,1.2746593918643812,0.14097719140225104,0.007240963613219262,0.7034702789631457,0.3380307415854017,-0.003644373400612473,0.04303408294737493,3.047408866615386,2.316172821970236,2.203244531950457,0.11292829001977883,1.4069405577748815,0.8441643346649287,0.5627762231099528,0.062495845051455994,0.041265873685299104,0.05447317602906157,1.2885789920701614,0.13319416919532365,0.007331149293383462
2322,0.6911321835354287,0.33572869189418764,0.0037826415393665616,0.042279312332514106,2.9457296057620748,2.235717119608611,2.116370985625765,0.1193461339828461,1.38226436689385,0.82935862013631,0.5529057467575399,0.06448295005270928,0.04294925657311824,0.05625591629811428,1.2746593914569115,0.14097719142635814,0.007240963614523914,0.7034702790571874,0.33803074166271657,-0.003644373301387803,0.04303408288820047,3.047408866585394,2.316172821937704,2.203244531829619,0.11292829010808465,1.4069405579262912,0.8441643347557746,0.5627762231705167,0.06249584510548911,0.041265873731073446,0.05447317607793768,1.2885789916821915,0.13319416921830787,0.007331149294708508
2323,0.6911321836442222,0.3357286919803175,0.003782641633533826,0.04227931228238614,2.9457296057913687,2.235717119624304,2.1163709855488544,0.11934613407544964,1.3822643670708572,0.8293586202425144,0.5529057468283428,0.06448295010662443,0.04294925661879265,0.05625591634689607,1.2746593910810622,0.1409771914542998,0.007240963616011094,0.7034702791716612,0.33803074174706027,-0.0036443731951377387,0.04303408283243677,3.047408866689235,2.3161728220127475,2.2032445318206104,0.11292829019213711,1.406940558114375,0.8441643348686247,0.5627762232457503,0.06249584515507267,0.041265873773078325,0.054473176122861906,1.2885789913259473,0.13319416924487695,0.0073311492962165265
2324,0.6911321837757476,0.33572869207427936,0.003782641736158103,0.042279312235988464,2.945729605968056,2.2357171197584593,2.1163709855949895,0.1193461341634698,1.3822643672884445,0.8293586203730667,0.5529057469153777,0.06448295015544366,0.04294925666015002,0.056255916391156596,1.2746593907405024,0.1409771914865381,0.007240963617702931,0.7034702793090408,0.33803074183929077,-0.0036443730807876953,0.04303408278050874,3.0474088669428796,2.3161728222083227,2.2032445319368863,0.1129282902714363,1.4069405583433223,0.8441643350059931,0.5627762233373292,0.0624958451996834,0.04126587381087046,0.05447317616337189,1.2885789910051468,0.133194169275464,0.007331149297929756
2325,0.691132183932827,0.3357286921770736,0.003782641848397092,0.04227931219379466,2.9457296063100302,2.2357171200255297,2.116370985779133,0.11934613424639669,1.3822643675514952,0.8293586205308972,0.552905747020598,0.06448295019857286,0.04294925669668708,0.0562559164303707,1.2746593904393337,0.1409771915236094,0.00724096361962512,0.7034702794721868,0.3380307419404136,-0.0036443729572220376,0.04303408273290758,3.0474088673647115,2.3161728225392952,2.203244532193863,0.11292829034543216,1.4069405586180814,0.8441643351708485,0.5627762234472329,0.0624958452387356,0.041265873843953665,0.05447317619894965,1.288578990723951,0.13319416931057257,0.0073311492998740365
2326,0.691132184118787,0.3357286922898941,0.0037826419717067045,0.042279312156360487,2.945729606838092,2.235717120442365,2.1163709861186994,0.11934613432366588,1.382264367865654,0.8293586207193925,0.5529057471462616,0.06448295023533712,0.04294925672783205,0.056255916463942957,1.2746593901822179,0.14097719156614752,0.007240963621808113,0.7034702796644727,0.33803074205162986,-0.003644372823026938,0.04303408269021018,3.047408867976117,2.3161728230230065,2.203244532609493,0.11292829041351338,1.4069405589443738,0.8441643353666239,0.5627762235777498,0.06249584527156328,0.04126587387176374,0.054473176229007395,1.288578990487093,0.1331941693507977,0.007331149302080021
2327,0.6911321843375623,0.3357286924141721,0.0037826421078101385,0.0422793121243401,2.945729607576588,2.2357171210286966,2.1163709866340437,0.11934613439465279,1.382264368237574,0.8293586209425444,0.5529057472950295,0.06448295026497072,0.04294925675293625,0.0562559164911985,1.2746593899744414,0.14097719161490413,0.007240963624288122,0.703470279889891,0.3380307421743801,-0.003644372676533246,0.04303408265309627,3.047408868802133,2.316172823679767,2.2032445332047654,0.11292829047500133,1.4069405593289457,0.8441643355973671,0.5627762237315785,0.062495845297410244,0.041265873893660085,0.0544731762528784,1.2885789902999452,0.1331941693968462,0.007331149304584186
2328,0.6911321845938598,0.33572869255164456,0.003782642258820426,0.0422793120985112,2.945729608554236,2.2357171218078316,2.116370987349161,0.11934613445867043,1.3822643686751248,0.829358621205075,0.5529057474700498,0.06448295028660139,0.042949256771260755,0.05625591651136994,1.274659389822029,0.14097719167078182,0.007240963627108723,0.7034702801532222,0.3380307423104151,-0.003644372515678597,0.04303408262237479,3.0474088698723167,2.3161728245335933,2.203244534004448,0.11292829052914524,1.4069405597797817,0.8441643358678688,0.562776223911913,0.06249584531541394,0.04126587390891198,0.0544731762698035,1.2885789901686362,0.13319416944956713,0.007331149307430479
2329,0.6911321848933384,0.33572869270442723,0.0037826424272925513,0.042279312079802726,2.9457296098051664,2.235717122807491,2.116370988292535,0.11934613451495618,1.3822643691877197,0.8293586215126318,0.5529057476750878,0.06448295029922946,0.04294925678195866,0.05625591652357891,1.2746593897318843,0.14097719173486928,0.007240963630322603,0.7034702804602182,0.33803074246186837,-0.003644372337976723,0.04303408259901288,3.047408871221827,2.3161728256130667,2.2032445350379604,0.1129282905751065,1.4069405603064444,0.8441643361838664,0.562776224122578,0.062495845324584506,0.041265873916680865,0.05447317627891267,1.2885789901002,0.13319416950998575,0.007331149310672076
2330,0.6911321852428611,0.3357286928751214,0.003782642616373448,0.04227931206933207,2.9457296113702305,2.2357171240608933,2.1163709894982246,0.11934613456266863,1.3822643697866768,0.8293586218720062,0.5529057479146706,0.06448295030170687,0.04294925678405741,0.056255916526818474,1.274659389711934,0.14097719180849097,0.007240963633994011,0.7034702808178608,0.3380307426313648,-0.0036443721403488366,0.0430340825841749,3.0474088728927886,2.316172826952478,2.2032445363405273,0.11292829061195045,1.4069405609204362,0.8441643365522615,0.5627762243681746,0.06249584532378363,0.041265873916002394,0.054473176279207135,1.2885789901027247,0.1331941695793508,0.007331149314373897
2331,0.6911321856508351,0.33572869306695474,0.0037826428300052894,0.0422793120684567,2.945729613298799,2.2357171256082418,2.1163709910073654,0.11934613460087636,1.3822643704857223,0.8293586222914334,0.5529057481942888,0.06448295029270343,0.04294925677643012,0.0562559165199246,1.2746593897713647,0.1409771918932746,0.007240963638202098,0.7034702812347107,0.3380307428221642,-0.0036443719189342832,0.0430340825792766,3.0474088749361603,2.3161728285933605,2.2032445379547276,0.11292829063863295,1.4069405616357213,0.8441643369814326,0.5627762246542888,0.06249584531169017,0.04126587390575738,0.05447317626953036,1.2885789901855969,0.13319416965919817,0.00733114931861599
2332,0.6911321861276079,0.33572869328395666,0.0037826430730416097,0.042279312078831524,2.9457296156508166,2.2357171274983805,2.1163709928698142,0.11934613462856608,1.3822643713016702,0.8293586227810023,0.552905748520668,0.06448295027068733,0.042949256757779095,0.056255916501559255,1.274659389920755,0.14097719199123165,0.00724096364304487,0.7034702817213125,0.3380307430383383,-0.0036443716689760347,0.04303408258604524,3.047408877413886,2.316172830586235,2.203244539932234,0.11292829065400085,1.4069405624694211,0.8441643374816523,0.5627762249877688,0.06249584528678065,0.04126587388465519,0.05447317624855118,1.288578990359643,0.13319416975142778,0.007331149323497552
2333,0.6911321866860315,0.33572869353119433,0.003782643351620811,0.042279312102492264,2.9457296184997457,2.235717129791245,2.116370995146616,0.11934613464462891,1.3822643722552157,0.8293586233531295,0.5529057489020862,0.06448295023387245,0.04294925672659125,0.05625591647016641,1.274659390172439,0.1409771921048682,0.0072409636486446965,0.7034702822907758,0.3380307432850106,-0.003644371384439099,0.043034082606607016,3.047408880401957,2.3161728329931544,2.2032445423363827,0.11292829065677155,1.4069405634426246,0.8441643380655744,0.5627762253770502,0.06249584524727589,0.04126587385118859,0.05447317621471902,1.2885789906375038,0.13319416985840873,0.0073311493291425825
2334,0.691132187342189,0.3357286938150936,0.0037826436735083763,0.04227931214196075,2.945729621936211,2.235717132560853,2.1163709979129735,0.11934613464787963,1.3822643733720628,0.8293586240232378,0.552905749348825,0.06448295018018012,0.042949256681105594,0.05625591642394033,1.2746593905407713,0.14097719223733202,0.007240963655155618,0.7034702829595182,0.338030743568682,-0.0036443710576820887,0.04303408264359754,3.047408883994216,2.3161728358908285,2.2032445452452856,0.11292829064554306,1.4069405645815511,0.8441643387489304,0.5627762258326208,0.06249584519110195,0.04126587380360064,0.05447317616623167,1.288578991033917,0.13319416998311948,0.007331149335707268
2335,0.6911321881163704,0.3357286941438719,0.003782644048625605,0.042279312200385624,2.9457296260728305,2.235717135899291,2.1163710012622037,0.11934613463708765,1.3822643746843777,0.8293586248106267,0.552905749873751,0.06448295010718823,0.04294925661927028,0.056255916360784204,1.274659391042479,0.1409771923926093,0.007240963662773091,0.703470283748267,0.33803074389766885,-0.003644370678929254,0.04303408270030929,3.0474088883074097,2.316172839374798,2.2032445487559884,0.11292829061880943,1.4069405659190364,0.8441643395514214,0.5627762263676149,0.062495845115838215,0.041265873739840725,0.0544731761009928,1.2885789915660812,0.1331941701293345,0.007331149343389964
2336,0.6911321890343555,0.33572869452810666,0.003782644489695078,0.04227931228172581,2.9457296310505945,2.2357171399219666,2.11637100531095,0.11934613461101673,1.3822643762327407,0.8293586257396445,0.5529057504930962,0.0644829500120669,0.042949256538687905,0.056255916278257545,1.2746593916971052,0.14097719257578362,0.007240963671746925,0.7034702846833771,0.3380307442826812,-0.0036443702356207044,0.04303408278088397,3.047408893487842,2.316172843564908,2.2032445529899216,0.11292829057498639,1.406940567496534,0.8441643404979201,0.562776226998614,0.06249584501865184,0.041265873657508945,0.054473176016558475,1.2885789922541269,0.13319417030187114,0.007331149352444347
2337,0.6911321901292907,0.3357286949816127,0.0037826450134401807,0.04227931239101773,2.945729637047372,2.235717144774738,2.1163710102061453,0.11934613456859298,1.3822643780687107,0.8293586268412265,0.5529057512274842,0.06448294989154474,0.04294925643658715,0.05625591617355609,1.2746593925272407,0.14097719279341983,0.0072409636824005055,0.7034702857987485,0.3380307447377067,-0.0036443697112429826,0.0430340828905916,3.0474088997202524,2.3161728486127524,2.2032445581002,0.11292829051255238,1.4069405693667543,0.8441643416200523,0.562776227746702,0.06249584489626139,0.04126587355382545,0.05447317591011447,1.2885789931213696,0.1331941705069533,0.007331149363198978
2338,0.691132191444007,0.3357286955224779,0.0037826456415024426,0.042279312534701186,2.9457296442895062,2.2357171506433495,2.1163710161343574,0.119346134508992,1.3822643802585814,0.8293586281551489,0.5529057521034325,0.0644829497418123,0.042949256309740794,0.056255916043432184,1.2746593935591934,0.14097719305403542,0.007240963695154225,0.7034702871382074,0.33803074528106336,-0.0036443690843942084,0.04303408303617261,3.047408907239926,2.316172854711534,2.203244564281428,0.11292829043010598,1.4069405715974972,0.8441643429584981,0.5627762286389991,0.062495844744838665,0.04126587342554717,0.05447317577839553,1.288578994195012,0.13319417075266016,0.007331149376081146
2339,0.691132193034511,0.33572869617469386,0.003782646402812208,0.042279312721109165,2.9457296530675032,2.23571715776665,2.116371023334695,0.11934613443195524,1.382264382888014,0.8293586297328084,0.5529057531552055,0.06448294955846959,0.04294925615442137,0.05625591588416748,1.274659394823349,0.14097719336881293,0.007240963710561302,0.7034702887590752,0.33803074593704446,-0.0036443683264561766,0.04303408322634929,3.047408916349056,2.3161728621098443,2.203244571783207,0.11292829032663698,1.406940574276415,0.8441643445658487,0.5627762297105663,0.06249584455995348,0.04126587326892105,0.0544731756176555,1.2885789955065339,0.13319417104960185,0.007331149391653323
2340,0.6911321949746143,0.3357286969703018,0.0037826473358461773,0.04227931296111713,2.945729663757757,2.235717166454496,2.116371032116344,0.11934613433815247,1.3822643860690218,0.8293586316414131,0.5529057544276087,0.06448294933645657,0.042949255966342276,0.05625591569152976,1.274659396354652,0.14097719375254977,0.007240963729355255,0.7034702907369067,0.338030746738088,-0.0036443673993488968,0.04303408347250541,3.047408927439407,2.3161728711303438,2.203244580928517,0.11292829020182693,1.4069405775181503,0.8441643465108899,0.5627762310072604,0.06249584433650069,0.041265873079622234,0.05447317542362117,1.2885789970922108,0.13319417141182,0.007331149410661356
2341,0.6911321973625398,0.33572869795248433,0.003782648492532195,0.042279313269069765,2.9457296768525643,2.2357171771128113,2.1163710428830274,0.11934613422978374,1.3822643899492284,0.829358633969537,0.5529057559796914,0.06448294907000984,0.042949255740621,0.05625591546076744,1.2746593981929033,0.1409771942250121,0.007240963752517876,0.7034702931722353,0.33803074772789393,-0.0036443662516918787,0.043034083789655286,3.0474089410235776,2.316172882195855,2.20324459213929,0.1129282900565649,1.4069405814738134,0.8441643488842877,0.5627762325895257,0.06249584406865434,0.04126587285271527,0.054473175191484896,1.2885789989934402,0.13319417185807073,0.007331149434103459
2342,0.691132200330155,0.3357286991799139,0.003782649943331391,0.04227931366408666,2.945729693002,2.2357171902784234,2.116371056166952,0.11934613411147135,1.3822643947250797,0.8293586368350477,0.5529057578900319,0.06448294875267414,0.04294925547178897,0.05625591518666544,1.2746594003826837,0.14097719481283477,0.007240963781374534,0.7034702961999975,0.33803074896580143,-0.0036443648137928983,0.04303408419781048,3.0474089577786434,2.316172895865669,2.2032446059719613,0.11292828989370765,1.4069405863444704,0.8441643518066819,0.5627762345377885,0.06249584374987607,0.04126587258266116,0.054473174915958114,1.2885790012566822,0.13319417241362125,0.007331149463326792
2343,0.6911322040561709,0.3357287007330155,0.003782651784751824,0.04227931417195334,2.945729713072857,2.235717206668319,2.116371072676671,0.11934613399164827,1.38226440066031,0.8293586403961859,0.5529057602641241,0.06448294837745581,0.042949255153921465,0.05625591486375327,1.2746594029722909,0.1409771955522419,0.007240963817730926,0.7034703000029711,0.3380307505330782,-0.00364436299031852,0.04303408472396087,3.047408978607498,2.3161729128867785,2.2032446231675014,0.11292828971927725,1.406940592399995,0.8441643554399967,0.5627762369599982,0.06249584337306779,0.041265872263446704,0.05447317459147963,1.2885790039323748,0.1331941731128179,0.007331149500165701
2344,0.6911322087856454,0.3357287027233864,0.0037826541508252376,0.042279314827998626,2.9457297382329934,2.2357172272505825,2.1163710933655886,0.11934613388499389,1.3822644081123419,0.829358644867405,0.5529057632449369,0.06448294793744666,0.04294925478116619,0.05625591448698303,1.274659406009433,0.14097719649308874,0.0072409638640768175,0.7034703048315579,0.33803075254232556,-0.0036443606491847608,0.043034085405091585,3.0474090047265876,2.3161729342675947,2.2032446447230227,0.1129282895445722,1.4069406000059421,0.844164360003565,0.5627762400023771,0.06249584293119745,0.04126587188911472,0.05447317421289745,1.2885790070704863,0.13319417400288566,0.007331149547146818
2345,0.6911322148592804,0.33572870530811505,0.003782657229171364,0.042279315681814915,2.9457297700757206,2.2357172533493985,2.116371119532946,0.11934613381645215,1.382264417571291,0.8293586505427745,0.5529057670285166,0.06448294742783862,0.042949254349449975,0.05625591405375781,1.2746594095273154,0.14097719770496153,0.007240963923893933,0.7034703110332831,0.3380307551516346,-0.003644357606486244,0.04303408629314201,3.0474090377950724,2.3161729613867843,2.2032446719972034,0.1129282893895811,1.4069406096631156,0.8441643657978691,0.5627762438652465,0.06249584241933622,0.041265871455489704,0.054473173777522324,1.2885790107060415,0.13319417514961535,0.0073311496077962425
