Year,GDP ($Y_t$): Baseline,Labor ($L_t$): Baseline,Government Expenditures ($G_t$): Baseline,Lump sum transfers ($TR_t$): Baseline,Wealth ($B_t$): Baseline,Capital Stock ($K_t$): Baseline,Domestically-owned Capital Stock ($K^d_t$): Baseline,Foreign-owned Capital Stock ($K^f_t$): Baseline,Government Debt ($D_t$): Baseline,Domestically-owned Gov Debt ($D^d_t$): Baseline,Foreign-owned Gov Debt ($D^f_t$): Baseline,Real interest rate ($r_t$): Baseline,"Real interest rate on gov debt ($r_{gov,t}$): Baseline","Real interest rate on HH portfolio ($r_{p,t}$): Baseline",Wage rate: Baseline,Total tax revenue ($REV_t$): Baseline,Business tax revenue: Baseline,GDP ($Y_t$): Reform,Labor ($L_t$): Reform,Government Expenditures ($G_t$): Reform,Lump sum transfers ($TR_t$): Reform,Wealth ($B_t$): Reform,Capital Stock ($K_t$): Reform,Domestically-owned Capital Stock ($K^d_t$): Reform,Foreign-owned Capital Stock ($K^f_t$): Reform,Government Debt ($D_t$): Reform,Domestically-owned Gov Debt ($D^d_t$): Reform,Foreign-owned Gov Debt ($D^f_t$): Reform,Real interest rate ($r_t$): Reform,"Real interest rate on gov debt ($r_{gov,t}$): Reform","Real interest rate on HH portfolio ($r_{p,t}$): Reform",Wage rate: Reform,Total tax revenue ($REV_t$): Reform,Business tax revenue: Reform
2026,0.8537598251950158,0.41361419313490777,0.009588676622548,0.052227865885480985,3.1062412930926646,2.7738945810277507,2.6290297150637247,0.14486486596402576,0.795352630048233,0.47721157802893976,0.3181410520192932,0.0639878334612159,0.04252981683688406,0.05920622753382849,1.2780907102491859,0.17008703999564023,0.008933144027973306,0.8602572376976787,0.4182830297820879,0.00966164982359679,0.05262534632598456,3.1062412930926646,2.77849742458274,2.6290297150637247,0.1494677095190153,0.795352630048233,0.47721157802893976,0.3181410520192932,0.06465931302428767,0.043098663075649676,0.05986102869062836,1.273443004094235,0.1599253308585051,0.009017039954674054
2027,0.8526390530382414,0.41479698416594557,0.009576089099146545,0.05215930857532923,3.0535618533042292,2.751537375455308,2.602892739415102,0.14864463604020625,0.7511151898152123,0.45066911388912734,0.30044607592608497,0.0647566131806553,0.04318109124029529,0.060129906119795386,1.272773222622614,0.16983308136566716,0.008939457191218901,0.8591869525714938,0.4191582217054249,0.009649629325950902,0.05255987531933123,3.064469833198391,2.7600330982634693,2.607555106645869,0.15247799161760012,0.7615245442542034,0.45691472655252197,0.3046098177016814,0.06527752224187416,0.04362238115663725,0.06059466519986028,1.2692030512926733,0.15970434115139384,0.009020287144958391
2028,0.851703862540261,0.415602973131078,0.009565585865097594,0.05210208704096383,3.008473322023253,2.7349733759248935,2.5836054105270145,0.1513679653978791,0.7081131858270642,0.4248679114962384,0.28324527433082575,0.06532022146960698,0.04365855395537874,0.060865217944251246,1.268911602482008,0.16957287252678832,0.008942709275923243,0.8583835373553363,0.4197116145378899,0.009640606075530788,0.05251072264786505,3.0302148157673026,2.7473608803885416,2.5928686748591807,0.154492205529361,0.7289102348468698,0.43734614090812185,0.29156409393874794,0.06569740925974837,0.04397808989888341,0.06114325763895227,1.2663443469780409,0.15949450726976164,0.009021579430832372
2029,0.8511725763780731,0.4161213383804706,0.009559618927965023,0.05206958252559025,2.971553887184692,2.724967243752788,2.571919665604619,0.15304757814816908,0.6660570359667884,0.399634221580073,0.26642281438671545,0.06566854414564291,0.04395363671744135,0.061403337590968166,1.26654036009627,0.16933226292605405,0.008945131322529241,0.8577639387645687,0.41999052696035355,0.009633647291166225,0.05247281749974088,3.00182789518817,2.739196069546475,2.5834911405347034,0.1557049290117715,0.6972279244224443,0.41833675465346654,0.27889116976897776,0.06595633581925361,0.044197440431038536,0.061541589014153394,1.264589909887227,0.15928058104275145,0.009021026019368633
2030,0.8508641426423459,0.416423124860485,0.009556154872543233,0.052050712867384295,2.939963650235478,2.719167873494733,2.5651453422210166,0.1540225312737165,0.6246971800241023,0.37481830801446137,0.249878872009641,0.0658715286144751,0.04412559571362405,0.06180896171020492,1.2651638774023621,0.16910381792071813,0.008946528157545933,0.8572981897978726,0.4200801757725916,0.009628416409954505,0.052444325023512484,2.9777578716401445,2.7343430593152,2.578000705117927,0.15634235419727294,0.666261944203696,0.39975716652221754,0.26650477768147846,0.06609787843394715,0.04431734874757039,0.06183052876761969,1.263633538302324,0.15907197504979917,0.00901937195458351
2031,0.8509002617677859,0.4166091036282407,0.009556560530672737,0.05205292174227036,2.913537919910395,2.7174973465735652,2.563085478981636,0.1544118675919291,0.5840874015479313,0.3504524409287587,0.23363496061917258,0.06594704426550076,0.044189569059078344,0.062097886878631284,1.2646527914738344,0.16891748843714097,0.008948629410081264,0.8571159986443232,0.4200782858389377,0.00962637019976363,0.05243317938956819,2.957988668239546,2.7328373739426417,2.5763297916148753,0.15650758232776651,0.636098127707785,0.3816588766246709,0.25443925108311405,0.06613682988121168,0.04435034660110078,0.06202325347289252,1.2633706855139266,0.15889678197381987,0.00901834638333297
2032,0.8514323640062791,0.41677896152686406,0.009562536633253904,0.05208547244589876,2.8924442241138437,2.7201585549441694,2.5658563138484496,0.15430224109571977,0.5443131837756566,0.3265879102653939,0.2177252735102627,0.0659063831168132,0.04415512282606271,0.06227959451839952,1.264927918916161,0.16880495874797338,0.008953298213526195,0.8573787422776608,0.42008245122393373,0.009629321104292467,0.05244925267377326,2.9428367709388867,2.7349936763462726,2.5787211203876934,0.15627255595857906,0.6068594175853222,0.3641156505511933,0.24274376703412895,0.06608130204712938,0.04430330600403476,0.06212654596842032,1.2637454441092784,0.15878566729999158,0.009019839928935826
2033,0.8524588948287436,0.41697440057386487,0.00957406572118849,0.052148269666941124,2.876028807904532,2.726699687687522,2.5729101540584813,0.1537895336290408,0.5051977564100841,0.30311865384605047,0.20207910256403366,0.06576888986952516,0.044038644945160896,0.06237208636157686,1.265859408224968,0.1687714983350807,0.008960948934718542,0.8580913261747196,0.4201313068391669,0.009637324217526064,0.05249284402495165,2.9317647747630278,2.740448547906337,2.584728572064794,0.15571997584154315,0.5783936711637229,0.34703620269823365,0.23135746846548924,0.06594764483873958,0.04419007783677881,0.062155819410354515,1.2646486972969666,0.15874289326621976,0.009024269580906267
2034,0.853877433858109,0.4172002553852665,0.009589997499222132,0.05223504778197496,2.8630939023954363,2.7362205624216225,2.5832415010987613,0.15297906132286118,0.46642066882779176,0.27985240129667505,0.18656826753111672,0.06555979091100364,0.043861506037849045,0.062399719139526695,1.2672794701024785,0.16880333418386217,0.008971056850231543,0.8591587441998217,0.42022759895089834,0.009649312514423785,0.05255814184226515,2.9236749196420955,2.74838510470247,2.593441489569854,0.15494361513261626,0.5503890501204025,0.33023343007224143,0.22015562004816108,0.06575822298124086,0.044029608453786395,0.06213286959655224,1.265931715413164,0.15875622703133577,0.00903113112114094
2035,0.855547701807855,0.4174169699960797,0.009608756474252918,0.05233722531510247,2.8526884243577215,2.7479765351272634,2.596066302558133,0.15191023256913022,0.42770353633264746,0.25662212179958843,0.171081414533059,0.06529274199814607,0.043635274625904726,0.06237587997461473,1.2690991863778192,0.16887590271029385,0.008982432619691725,0.8604361230812899,0.4203288011693694,0.009663658906298188,0.05263628485525748,2.917606675507304,2.7580483011959274,2.6040675170682275,0.15398078412769986,0.5225652640651275,0.3135391584390764,0.2090261056260511,0.0655260984965003,0.04383296339214665,0.06207061432418694,1.2675086428545042,0.1588014592251067,0.009039182779693993
2036,0.8573759788457869,0.41760037516781845,0.00962929006786533,0.05244906883699135,2.8442057532084632,2.761450731136746,2.6108367283736325,0.15061400276311387,0.38894837472471794,0.23336902483483074,0.1555793498898872,0.06497800769822401,0.04336864637306234,0.06231010177328823,1.2712526715124417,0.16897059052963448,0.00899430033359291,0.8618356898045998,0.4204106618232983,0.009679377604139741,0.05272190262945916,2.9130039867678197,2.7689675202666177,2.6161103120694302,0.15285720819718757,0.4948227911639828,0.29689367469838956,0.19792911646559322,0.06525993776459137,0.04360748440577082,0.06197720373974305,1.269323156828634,0.1588634067537223,0.009047684906879343
2037,0.8593048200070418,0.41774664709588355,0.009650953108928792,0.05256706435530224,2.8371769455425713,2.7762128973978974,2.627078908216032,0.1491339891818651,0.3501633955442317,0.21009803732653898,0.14006535821769273,0.06462688166952049,0.04307118874107279,0.06221256769726006,1.273666515991192,0.16908028276304624,0.009006293746172905,0.863300225879557,0.4204669819540741,0.0096958259803814,0.052811494908661126,2.9094198434201552,2.780734954263593,2.629123545336346,0.15161140892724664,0.46716049680634847,0.28029629808380896,0.18686419872253948,0.06496966427575257,0.04336157821380282,0.06186166062438224,1.2713098519184083,0.15893397479750734,0.009056252700736867
2038,0.8613223015779297,0.41786602595863254,0.009673611680817876,0.05269048239295393,2.8314053058358644,2.792064147043049,2.6445606395263233,0.14750350751672572,0.31140777718256885,0.18684466630954127,0.12456311087302757,0.06424692782984603,0.042749309529120844,0.06208980783638078,1.276292143315083,0.16920515626312996,0.009018442461179315,0.8648202297233891,0.4205064753115717,0.00971289732163385,0.05290448008087422,2.9066937758226734,2.7931834816255128,2.642911981153347,0.15027150047216586,0.4396363244488775,0.2637817946693264,0.1758545297795511,0.06466140069207907,0.043100431650653664,0.061729282290955784,1.2734286394412664,0.15901375974038912,0.009064918075375772
2039,0.8635634099149331,0.4180355533406481,0.009698781831117128,0.05282758070658021,2.8271599354103385,2.8093281138502766,2.6635571235947406,0.1457709902555359,0.27267135302599665,0.16360281181559796,0.10906854121039869,0.06384371749580228,0.04240772849737215,0.06194721749415168,1.2790940821905634,0.1693717151426726,0.009032269673311956,0.8665366943307006,0.4206052860890904,0.009732175136738115,0.05300948356319264,2.9051682614069745,2.806692361145363,2.657813609390382,0.14887875175498075,0.41225775336098763,0.24735465201659249,0.16490310134439515,0.06433873811894705,0.04282708693368725,0.06158368806642993,1.2756563562976946,0.159127939753516,0.009075232268904065
2040,0.8661213408038188,0.4183072993862618,0.009727510252615234,0.05298406021214694,2.824525118114298,2.8282424759745832,2.6842754093234737,0.14396706665110953,0.23374951465137356,0.1402497087908241,0.09349980586054944,0.06342093118768527,0.04204956361134976,0.06178945259806258,1.282049469385201,0.16959897793536746,0.009048813285354122,0.8685441460806166,0.42081392599703815,0.009754721062532778,0.053132288020755494,2.9049677788281603,2.8215226824308446,2.674063198792378,0.14745948363846648,0.3848409667263037,0.23090458003578213,0.15393638669052156,0.06400408964451762,0.042543588318901426,0.061428305056275126,1.2779776687652937,0.1592937945986207,0.00908822870721114
2041,0.868986754024888,0.41867349823091327,0.009759692044210466,0.05315934962819833,2.8234139739061836,2.8488228667515405,2.7067413738582515,0.14208149289328903,0.19445433341322008,0.11667260004793202,0.07778173336528806,0.06297787489192745,0.04167422693505493,0.06161664182639345,1.285165866435245,0.16988396499713743,0.009067931247636466,0.8708352745644341,0.42112402174856395,0.009780452994961218,0.0532724461452133,2.906034980226866,2.8377084886591253,2.6917077472584987,0.1460007414006265,0.357212054947279,0.21432723296836728,0.1428848219789117,0.0636558128205067,0.04224854440054069,0.0612623402955164,1.2804053305865781,0.15950914876976557,0.009103775190831883
2042,0.8720808417630961,0.41909302573494983,0.009794442106098996,0.05334862794567907,2.8235929983056205,2.87085735312608,2.7307645836467622,0.14009276947931787,0.15471402443143076,0.09282841465885844,0.06188560977257233,0.06251391028806118,0.04128117771309148,0.061428158579866526,1.2884507406496186,0.17021095705083483,0.009088756446904822,0.8733329946716256,0.42149361739386115,0.009808505182115873,0.05342524226754597,2.9081531165286787,2.8550559334315997,2.710577828691036,0.14447810474056352,0.32929214639607113,0.19757528783764258,0.13171685855842855,0.06329234754815306,0.04194063353553319,0.06108436969343587,1.2829518186120072,0.15975933968137598,0.009121010593000642
2043,0.8754442895506102,0.41958628019616423,0.00983221738225928,0.053554384043211244,2.8251739367405095,2.8944829223207593,2.7564749023009076,0.13800802001985157,0.11449839073266967,0.06869903443960178,0.04579935629306789,0.062030119421461326,0.040871332603948415,0.061224976743841794,1.2918995680259189,0.1705886319352199,0.009111709962745018,0.8760798401701277,0.4219426959347441,0.009839355325727658,0.053593278334620104,2.9114578575598262,2.8737169616249254,2.730820381235171,0.14289658038975436,0.3010624605410919,0.18063747632465504,0.12042498421643687,0.06291392560106193,0.04162005207169174,0.060894634993531364,1.285617274020263,0.16005261451706995,0.00914036670242847
2044,0.8789726829473737,0.42012102047546196,0.009871845181881934,0.053770230439904663,2.827554645786874,2.9191661174260566,2.7833149170511127,0.13585120037494403,0.07373288122626843,0.04423972873576104,0.029493152490507393,0.06153484436543937,0.04045175862393972,0.06101544065308817,1.2954554873995512,0.17099880407638124,0.009135886475611291,0.8789730989371434,0.4224383233196235,0.009871849853911773,0.053770271020651114,2.9153472927098805,2.8931777578857374,2.75190057509296,0.14127718279277726,0.27241119602820074,0.16344671761692034,0.1089644784112804,0.0625281269795317,0.041293221432536484,0.060700776588718586,1.2883497093730476,0.1603720627874291,0.00916094241008524
2045,0.8824925147534931,0.4206295186489721,0.009911376825276992,0.05398555303036133,2.829980992195453,2.9441666151461203,2.810536236016345,0.13363037912977518,0.03240792696517959,0.019444756179107736,0.012963170786071856,0.06103494265816333,0.040028265160288165,0.06080622925219265,1.2990708061990492,0.1714088664670425,0.009159640745483803,0.8818413032054264,0.4229119778212528,0.00990406299208526,0.053945730963229084,2.919057709079126,2.912722736576345,2.7730983742070174,0.13962436236932727,0.24326555812018164,0.14595933487210888,0.09730622324807274,0.06214111173993355,0.04096536013116901,0.06050886773457481,1.2911061373304986,0.160687283569413,0.009181096357419788
2046,0.8859420038117316,0.42108086938304384,0.009950118441029304,0.05419657241324088,2.832327829088914,2.969300355613577,2.8379682021137556,0.13133215349982127,-0.009400621708069632,-0.005640373024841796,-0.003760248683227836,0.06052984257227896,0.0396003678721844,0.06059631697542808,1.3027507534879805,0.17180624820095453,0.009182310270302599,0.8846250992074103,0.4233322704625531,0.009935328131130737,0.05411602724917243,2.922468867464124,2.932190541637726,2.794268877734021,0.13792166390370503,0.21366664955017106,0.12819998973010255,0.0854666598200685,0.061751600866362055,0.04063538464483276,0.060317384235665836,1.2938960313078618,0.16098666272062087,0.009200177158557091
2047,0.8893989734491051,0.42150254622935335,0.0099889440720423,0.054408049351347895,2.835049151662993,2.994943971080757,2.8659992009365993,0.12894477014415734,-0.051583415456010535,-0.030950049273606336,-0.0206333661824042,0.06001557007570267,0.03916470014457738,0.0603809939812733,1.3065257837573965,0.17220776714842814,0.00920459002571946,0.8874039144157032,0.4237264370176863,0.009966537330298727,0.05428601887166072,2.9260574038918974,2.951968851990126,2.8158130058055484,0.13615584618457774,0.18374066347724832,0.11024439808634892,0.0734962653908994,0.06135499554906849,0.04029939907591265,0.06012121538626947,1.296753063883596,0.1612860761100047,0.00921889094962259
2048,0.892838900728079,0.42188549532734543,0.010027578298331443,0.054618483696415775,2.8381019016250764,3.020993575682588,2.8945237213970283,0.1264698542855599,-0.09403636628658676,-0.05642181977195207,-0.037614546514634695,0.059493370259879476,0.03872231676099944,0.060160704234674,1.3103885390869292,0.172610087472533,0.009226246757044766,0.8901545325853399,0.4240849525895226,0.009997429845222026,0.054454285530759275,2.929786469884281,2.9719672304831706,2.837640706326265,0.13432652415690566,0.15357627259669301,0.09214576355801575,0.061430509038677264,0.0609520400830893,0.039958033956528055,0.059920480182759986,1.2996728692350774,0.16158252208857857,0.009237009277193148
2049,0.8962878557276555,0.4222355970441274,0.010066313916008351,0.05482947030665759,2.841703287120865,3.047621109032934,2.9237263661223687,0.12389474291056542,-0.13670513166917267,-0.08202307900150362,-0.054682052667669054,0.05896070324073297,0.03827106604985367,0.059932360345210337,1.3143597700869116,0.17301423274870176,0.00924746915564518,0.8929058104688701,0.4244136140962269,0.010028329769469355,0.05462259255208844,2.9338842084092343,2.9923775650149915,2.8599588380942493,0.13241872692074216,0.1232089505249748,0.07392537031498482,0.04928358020998998,0.0605394650863709,0.03960851961834273,0.059711729779235556,1.3026803315910036,0.16187717731150303,0.009254739489312753
2050,0.8997738137468896,0.42256853294262214,0.010105465118934278,0.05504272050386695,2.8459263095307357,3.0749023535694193,2.9536741601465364,0.12122819342288278,-0.17957975102633414,-0.1077478506158005,-0.07183190041053364,0.058418833950597576,0.03781201960295061,0.05969696746883369,1.3184321980791287,0.17342710055089133,0.00926856450038598,0.8956879873060629,0.42472795410133285,0.010059576723485366,0.054792789768947095,2.9384325846187545,3.013294040022179,2.882855036023726,0.13043900399845307,0.09262924765838079,0.05557754859502842,0.03705169906335237,0.06011790863602247,0.03925139661059088,0.05949559859597522,1.305772212820822,0.162176728302209,0.009272401905390646
2051,0.9032785077853968,0.4228868555375831,0.010144826748287757,0.05525711668365109,2.850575738556708,3.102651964413493,2.98415836867619,0.11849359573730289,-0.22263771686580355,-0.13358263011948215,-0.0890550867463214,0.05787257183642587,0.037349251759942526,0.05945913264129632,1.3225713502761791,0.17384984514959595,0.00928946310473308,0.8984834986567373,0.42503004809297606,0.010090973438984548,0.05496380266632077,2.943238790370558,3.034542953745659,2.906134024658482,0.12840892908717674,0.06184127618679321,0.037104765712075875,0.024736510474717338,0.05969186535456039,0.03889047256831266,0.05927641975430156,1.3089166584636387,0.16248238128755407,0.009289925167276707
2052,0.9067812039766057,0.42318767984866457,0.010184165939584162,0.055471390604493534,2.8555228225098843,3.130723489509999,3.015019427429726,0.11570406208027305,-0.26582767486640285,-0.15949660491984174,-0.10633106994656112,0.057324822088254,0.03688522366263604,0.05922139176371673,1.3267562141440252,0.17427918462011335,0.009310024256160926,0.901272256653053,0.4253165620847606,0.010122294306769709,0.05513440243207553,2.9481752840482476,3.055988416845726,2.9296484679112353,0.12633994893449055,0.030878026895020283,0.018526816137012122,0.012351210758008161,0.059263969623389284,0.03852797921684408,0.05905654977311364,1.3120948694083328,0.16279115413916653,0.009307167163315934
2053,0.9102650116550135,0.4234666267840742,0.010223292991780339,0.05568450904586543,2.860712935217048,3.1590210341082536,3.046155583566592,0.11286545054166151,-0.30907108058257354,-0.18544264834954413,-0.12362843223302941,0.05677704032767862,0.03642116844591098,0.05898461824618445,1.3309762779551533,0.17471132167471673,0.009330110758558484,0.9040380173877292,0.42558270875065934,0.010153356889615058,0.05530359541770473,2.9531877317643898,3.077544226307307,2.9533078287186942,0.12423639758861303,-0.0002001615905074997,-0.00012009695430454531,-8.006463620295438e-05,0.05883542534336683,0.03816493644496863,0.058836774028326606,1.3152982889995042,0.16309957551699183,0.009323990148045438
2054,0.9137641337787272,0.4237212275571216,0.01026259204230597,0.05589856433084907,2.8665769814298936,3.187892083243676,3.077955635893781,0.10993644734989519,-0.3522977574398125,-0.21137865446388754,-0.14091910297592497,0.056221809725282096,0.035950802917024315,0.05874033563510252,1.3352898866069387,0.17514570731381857,0.009349852662088102,0.9068180392251519,0.4258260401886026,0.010184579640576173,0.055473660912666915,2.958716650396324,3.0995758784236935,2.9775208955194628,0.12205498290423065,-0.03134040853856472,-0.018804245123138878,-0.012536163415425844,0.058398036528112,0.037794400994421676,0.05860849733249159,1.3185890862426657,0.163407365587066,0.009340548348731258
2055,0.9172764828593303,0.4239502802305007,0.010302039646334086,0.05611342874219047,2.873153257267493,3.21734204173972,3.110426906379749,0.10691513535997106,-0.3954560818537598,-0.2372736491122559,-0.1581824327415039,0.05565921353385704,0.03547419760386782,0.05848795565487296,1.3396983647218388,0.17558600354579149,0.009369216377910671,0.9096112812902014,0.42604493209890826,0.010215950869462634,0.05564453519527243,2.9648019278950013,3.1221001887025324,3.0023081314781765,0.11979205722435578,-0.0625103393052921,-0.0375062035831753,-0.025004135722116797,0.05795149175830712,0.03741610904524909,0.058371056117549565,1.3219711673629857,0.1637181201520995,0.009356811406301783
2056,0.9207736713418692,0.4241507496884241,0.010341316979909141,0.05632736576724274,2.8802543392386863,3.247155971640061,3.1433338997563802,0.10382207188368092,-0.4384659341961564,-0.2630795605176939,-0.17538637367846255,0.05509343502092383,0.034994896376017846,0.05823106790796241,1.3441705336334024,0.17603070689511932,0.009388023155106166,0.9123886720893769,0.4262355688110955,0.010247144070924943,0.055814439843914786,2.971250475821457,3.144907140613891,3.027440364602383,0.1174667760115084,-0.09364981463487626,-0.0561898887809258,-0.037459925853950464,0.057499917247267184,0.03703355613335946,0.058128083316032815,1.3254146071502857,0.16403043938425427,0.009372586527624589
2057,0.9242613801739092,0.4243160241223064,0.010380487846418816,0.056540722871796005,2.8881201078757086,3.277476935444875,3.1768428169704976,0.10063411847437718,-0.48120451515798174,-0.28872270909478903,-0.19248180606319268,0.05452086564743397,0.03450984224711461,0.057964565294367956,1.348736512359139,0.17647609762673497,0.009406212328943288,0.915156872257652,0.4263907692457257,0.010278234051334843,0.05598378237806359,2.978301718749735,3.1681491682610736,3.0530948323138483,0.11505433594722547,-0.1246551892735225,-0.07479311356411353,-0.04986207570940896,0.05703921052878531,0.036643266840289096,0.057874595777880684,1.3289520613210382,0.16434091496904632,0.009387817333216213
2058,0.9277455836717966,0.424448132572471,0.010419619344109938,0.05675386553447499,2.8968744537371838,3.3083456168044325,3.210996639455474,0.09734897734895823,-0.5235369761971508,-0.31412218571829054,-0.20941479047886027,0.05394135213955877,0.03401890537070302,0.05768677262781277,1.353399573153955,0.17692441067130352,0.009423825906041053,0.9179214930645063,0.4265116635274082,0.010309283831517272,0.05615290606323288,2.986074395598972,3.1918716877274025,3.0793207589823544,0.11255092874504805,-0.15541060563897038,-0.09324636338338227,-0.062164242255588115,0.056568902435886075,0.036244843709609,0.05760912930784169,1.3325889241612634,0.16465165490779435,0.009402536332144933
2059,0.9312538447847194,0.42456534882264946,0.010459021035694094,0.05696847993276239,2.906590648434348,3.339798894348031,3.2458163262578896,0.09398256809014124,-0.5653761297059029,-0.33922567782354174,-0.22615045188236113,0.05335727210212279,0.03352409994294938,0.057398962771833706,1.3581424598490786,0.17738161777930517,0.009441203059091244,0.9207085954783222,0.4266153978741098,0.010340586105261411,0.05632340516964358,2.994634337281276,3.216112185117362,3.1061410137689602,0.10997117134840205,-0.18584446081280748,-0.11150667648768452,-0.07433778432512296,0.056091166589121486,0.03584012813150211,0.057333163055546435,1.3363101046063859,0.16496810921596333,0.009417061691714463
2060,0.9348200166036187,0.4246896198848644,0.010499073129201841,0.05718663708042233,2.9173078545162916,3.371883408391131,3.2813296590668077,0.0905537493243232,-0.6067030075841934,-0.364021804550516,-0.24268120303367735,0.052771335675702094,0.033027721868834334,0.05710330674350526,1.3629445280679315,0.17785447560312015,0.009458759066287738,0.9235493327538952,0.4267224682981356,0.010372490758421761,0.05649718549250396,3.0040107118482453,3.240912142311773,3.1335792362021513,0.10733290610962172,-0.2159475405898434,-0.12956852435390606,-0.08637901623593733,0.05560858925168331,0.03543131106779367,0.05704902803314459,1.340096826925747,0.1652962519238082,0.009431776957558854
2061,0.938482218063685,0.4248387420426966,0.010540203742860289,0.05741066901534438,2.929142870040581,3.4047375444368315,3.3176709054005658,0.08706663903626588,-0.6475467255999742,-0.3885280353599845,-0.2590186902399897,0.052183918377729885,0.03253008926925269,0.05679983391375931,1.3678037480848242,0.1783491079451496,0.009476878767049649,0.9264783687809538,0.4268488628149687,0.010405387105205053,0.05667636759847931,3.0143080089494583,3.2663995555935763,3.1617601310096255,0.10463942458395076,-0.24575353676694497,-0.147452122060167,-0.09830141470677796,0.05512134420878139,0.03501853974122639,0.05675688245400755,1.3439488975830685,0.16564126472511506,0.009447030011325342
2062,0.9422837150403166,0.42502854103612964,0.010582898800785025,0.05764322272264939,2.9422929949395664,3.4385747397961945,3.3550598822200692,0.08351485757612516,-0.687944812134171,-0.4127668872805026,-0.27517792485366843,0.05159383112379595,0.03203019480722573,0.05648685780920864,1.3727311268050204,0.17887266077660108,0.009495944631364155,0.9295342783269013,0.42700804520767327,0.01043970838334338,0.05686331130423888,3.0257059246043143,3.2927705480420992,3.1908868644182733,0.10188368362382597,-0.2753015663565986,-0.16518093981395918,-0.1101206265426394,0.0546279724969136,0.034600578185813635,0.05645520706410851,1.347879172346253,0.16600905159576965,0.009463156235815015
2063,0.9462769118839209,0.4252789896494932,0.010627746862375128,0.05788750436978905,2.9569911477710016,3.4736433243246174,3.3937506332836134,0.07989269104100392,-0.7279324758543531,-0.4367594855126118,-0.29117299034174127,0.05100004101820195,0.03152716346158329,0.05616269704694348,1.3777367564355187,0.17943448648274116,0.00951642973444334,0.9327625119692139,0.42721677015511283,0.01047596505359733,0.057060797050347806,3.0384103780874305,3.3202456716834736,3.2211861410629554,0.09905953062051837,-0.304626271625875,-0.18277576297552503,-0.12185050865034999,0.05412718796639132,0.034176336835389745,0.05614256413728706,1.3518995140585262,0.16640721218658133,0.009480560943724048
2064,0.9505381832156219,0.42562259564230487,0.010675605699948425,0.05814818673853331,2.973531402564174,3.5102578378830795,3.4340570381381754,0.07620079974490396,-0.7675427259566691,-0.4605256355740014,-0.30701709038266767,0.05040236306126736,0.03102083850920491,0.05582632682064663,1.3828238552078491,0.18004877503168815,0.00953906920879762,0.9362293540437834,0.42750310657998764,0.01051490156310912,0.057272879815408836,3.052676305168451,3.3490987995082144,3.2529315174064974,0.09616728210171707,-0.3337586870634111,-0.20025521223804668,-0.13350347482536443,0.05361854157908552,0.03374543528574764,0.05581825330719681,1.3560153654744458,0.16684736077609427,0.009499881287525637
2065,0.9551745457390151,0.4261091460382761,0.010727677230640987,0.05843181749959728,2.992270235952811,3.548798650655827,3.4763471933286114,0.07245145732721561,-0.8067949289596673,-0.4840769573758003,-0.322717971583867,0.04980217829251665,0.030512389902509554,0.05547801420393402,1.3879822282138594,0.18073636853949196,0.009564951313921079,0.9400268920439387,0.42791047689879264,0.010557552157305222,0.057505193107203346,3.068803173359013,3.379651264800923,3.286432465266082,0.0932187995348407,-0.36271548651178226,-0.2176292919070694,-0.14508619460471286,0.05310315150909761,0.0333088208019522,0.05548297346158579,1.360219516627339,0.1673465420336993,0.009522059467790084
2066,0.9603512521455817,0.4268120167525084,0.33503611573559533,0.058748507490124474,3.0138248622665085,3.5898939548673896,3.521238713814506,0.06865524105288352,-0.845689752579996,-0.5074138515479976,-0.3382759010319985,0.04920024678773116,0.03000246154232927,0.05511658996634164,1.393206676795322,0.18152774920860096,0.00959571715498537,0.9442991414336634,0.4285029924823517,0.27459215481154214,0.05776654713679785,3.087329094321385,3.4124487009316042,3.3222250159759983,0.09022368495560584,-0.39149320275768873,-0.2348959216546133,-0.15659728110307544,0.05258121846933173,0.032866663418635686,0.055136097531487134,1.3645121014976285,0.1679297003723549,0.009548527445274393
2067,0.9450688727195373,0.4252955604549281,0.30367405241894546,0.057813648888032414,3.039133291846812,3.461791338133995,3.3805636079825403,0.08122773015145468,-0.56905052689288,-0.34143031613572794,-0.2276202107571521,0.051214306808086495,0.03170867946798919,0.05505144811050804,1.3759250034823216,0.17955580270898436,0.009511430666846794,0.9313164979667187,0.4271515818181663,0.24766916795029742,0.05697235145241902,3.109079680451532,3.307566979486031,3.2071701129686443,0.10039686651738654,-0.1634840541951872,-0.09809043251711236,-0.06539362167807483,0.054362078200251754,0.03437532491098068,0.05540135297510055,1.3500098762426798,0.16657041072970072,0.009473123360535178
2068,0.9310069721325226,0.4240137211776791,0.2750182148803403,0.05695344302660672,3.0578065470566926,3.344537380387006,3.2516855668525033,0.09285181353450277,-0.3231316996596846,-0.19387901979581068,-0.1292526798638739,0.05318495323712885,0.0333781194193252,0.05530328374460339,1.3595501189949064,0.17789173512787576,0.009433279623144976,0.9194430408362609,0.4259895350570598,0.2230965097002886,0.056246008340306436,3.1259288919796657,3.2121753276968232,3.1024523014890604,0.10972302620776271,0.03912765081767531,0.02347659049060514,0.01565106032707017,0.056075296361810634,0.035826683613439894,0.055831628850196845,1.3364341843247496,0.16541241794010522,0.009403651232497217
2069,0.9180857237851175,0.4229025848427157,0.24885291107324906,0.05616301103532573,3.071536660956766,3.2378011874847887,3.134306942117093,0.10349424536769579,-0.10461713526721167,-0.06277028116032696,-0.04184685410688471,0.055089247110997754,0.03499134857361141,0.05576034783878751,1.3442038106221608,0.17647243425913142,0.009360497725279193,0.9085964719771208,0.42496695062574125,0.20070865673308066,0.05558248345804998,3.1390745258915427,3.125811312550822,3.007612429549647,0.11819888300117494,0.21910349390315997,0.13146209634189593,0.08764139756126403,0.05770520104073081,0.03720746301037165,0.05636253999747088,1.3238463112627552,0.1644177788313097,0.009339437954619528
2070,0.90623090635028,0.4219191807493457,0.22493536693488098,0.055437813960394086,3.081539198261207,3.1410313837165744,3.027862164451287,0.11316921926528745,0.08946172301653302,0.053677033809919845,0.03578468920661317,0.05691121626654045,0.036534836057483894,0.056346961940678925,1.3299393658868213,0.17525095509728597,0.009292607401277918,0.8987001502107125,0.42404992563599914,0.18029692644676215,0.05497708846026189,3.1493791348778437,3.0478845673147354,2.9220316715328827,0.1258528957818527,0.3789124389082682,0.22734746334496087,0.15156497556330734,0.05924196778989338,0.038509340287354046,0.05694950213929237,1.312258829899093,0.16355667884883976,0.009280010641286661
2071,0.8953789749921923,0.42103128071746765,0.203078761428786,0.05477396517768318,3.088814424027608,3.0536617323246844,2.9317573848366463,0.12190434748803813,0.2617617319849358,0.1570570391909615,0.10470469279397429,0.05863752020755539,0.03799728042335608,0.05700794121649275,1.316784697694359,0.1741917996951042,0.009229290551260866,0.8896892698360409,0.42321236737542983,0.1616981757674693,0.05442585899643028,3.157585200827812,2.9778459626095075,2.8451284657920617,0.13271749681744593,0.520761225059584,0.31245673503575033,0.20830449002383364,0.06067746342466493,0.03972542538884059,0.057558800815689815,1.3016723537601442,0.16280586356247667,0.009225017562016949
2072,0.8854812595507031,0.4202217826934204,0.18313900131929833,0.05416848772545224,3.0941614015862995,2.975110160427619,2.845364589315371,0.12974557111224774,0.4146613537848807,0.24879681227092848,0.16586454151395225,0.06025874422226274,0.039370705965518435,0.057703591105359615,1.304737202109583,0.17327013995955767,0.009170446561736052,0.8815149259032641,0.42244144570428765,0.14478472706656986,0.05392580340312925,3.1643007670435987,2.91516461237043,2.7763269931310983,0.13883761923933155,0.6466229565208338,0.3879737739125002,0.2586491826083336,0.062006798135350344,0.04085157589560316,0.05816619266192953,1.292066373423446,0.16214946057028354,0.009174305572987047
2073,0.8764931910674186,0.41948361318236327,0.16494568615367536,0.05361865539875964,3.0981749127465332,2.9047543219152385,2.768000030556613,0.1367542913586255,0.5502914703165334,0.3301748821899201,0.2201165881266133,0.06176970471458375,0.040650721382589884,0.058406067072228826,1.2937660790666499,0.17246809699422438,0.009116069394672965,0.8741332469638665,0.4217330941797397,0.12939867430075858,0.053474237917933154,3.1699771847546354,2.8592890768505432,2.7150189971249934,0.14427007972555006,0.7582636460494033,0.4549581876296419,0.3033054584197614,0.06322874548883341,0.04188675283057736,0.05875532691930723,1.283398783872245,0.16157638731717666,0.009127809772736906
2074,0.8683650034440201,0.418813742523996,0.14836860094861537,0.05312142401003739,3.1012607296178505,2.8419256296935127,2.698924152718832,0.14300147697468057,0.6705609614983636,0.40233657689901825,0.2682243845993454,0.06316910653701394,0.04183622948587386,0.059096515092750886,1.2838183419117337,0.17177189954379357,0.009066126928463036,0.8674958388345759,0.42108635803361744,0.11541935977425344,0.053068202095620284,3.1749098197045758,2.8096306998627796,2.660551461202234,0.14907923866054548,0.8572639308372364,0.5143583585023417,0.34290557233489466,0.06434544800618999,0.042832771237917185,0.05931612049870026,1.275609916868952,0.16107819983238159,0.009085439645967388
2075,0.8610381683212249,0.41821276769282234,0.13335572361538017,0.05267321333275388,3.103623587398933,2.7858865930758823,2.637316867776534,0.14856972529934837,0.7771778660373313,0.46630671962239884,0.31087114641493246,0.06446038762375203,0.042930142733240466,0.05976421634031777,1.274815311869359,0.1711697402278111,0.009020534334431963,0.8615461611130484,0.4205032425318603,0.10280241294106882,0.05270423716760459,3.1792172302329824,2.765535197731151,2.6121952069207257,0.15333999081042507,0.9450367055204281,0.5670220233122567,0.37801468220817136,0.06536326079750253,0.04369501487115163,0.05984463393989589,1.268617946488873,0.16064741595957996,0.009047057187527104
2076,0.854449462171656,0.4176768723482864,0.11985495995321442,0.052270155931575316,3.10542260382821,2.7359528698808253,2.582421975969504,0.15353089391132124,0.8716677130978433,0.523000627858706,0.34866708523913725,0.06564748903359346,0.04393579980630541,0.06040156234118685,1.2666833741348735,0.17064842848617287,0.00897909172311875,0.8562244410380303,0.4199809793528163,0.09150414665978196,0.05237868665579781,3.1829955339212512,2.7264057866572573,2.5692901736066545,0.15711561305060298,1.0228422671909947,0.6137053603145967,0.40913690687639803,0.06628834665517555,0.044478704561222396,0.06033840700708304,1.2623495676511998,0.16027463743605405,0.009012425024082813
2077,0.8485391503593356,0.4172007280339713,0.10776302449848955,0.05190859778394389,3.1068117488444558,2.6915232008805647,2.5335772483110217,0.15794595256954297,0.9553908342223902,0.5732345005334343,0.382156333688956,0.06673424479166193,0.0448564487127384,0.06100288283312057,1.2593571246631798,0.17019616564281112,0.008941566553094233,0.8514757001268316,0.4195150901675163,0.08143077815911241,0.05208818735885853,3.1863545169030303,2.6917308102042123,2.5312727596953297,0.1604580505088826,1.0918029286795012,0.6550817572077006,0.4367211714718007,0.06712612053932554,0.04518842761035688,0.06079563247926033,1.2567424819068886,0.1599513338843216,0.008981288906467187
2078,0.8432356324881647,0.4167721673695072,0.09693738898422216,0.05158415895728111,3.1078680800067224,2.6520002726924528,2.4901323314835113,0.1618679412089412,1.0295595808720184,0.6177357485232111,0.41182383234880726,0.06772522743879969,0.04569596309635943,0.06156469115979711,1.2527726798059682,0.1698012369268334,0.008907561164080853,0.847233597905894,0.41909404399549605,0.07244975927181384,0.051828680994092505,3.189338586496462,2.6609993606065068,2.4975879209943113,0.1634114396121956,1.1529177758369176,0.6917506655021504,0.4611671103347672,0.06788225391414379,0.04582898861909833,0.061215726995448326,1.2517375859566786,0.15966868174242488,0.008953239397130422
2079,0.8384659396879204,0.41637764294632956,0.08723142861790979,0.05129237579202124,3.108621542124988,2.6168162097595835,2.451471092555518,0.16534511720406547,1.0952507492824495,0.6571504495694698,0.43810029971297976,0.06862581541630307,0.04645889932235084,0.062085448733940396,1.2468666501155676,0.16945258696739482,0.008876630916275604,0.8434307099113041,0.41870478388654503,0.0644245754849321,0.05159604296600261,3.1919533462805245,2.6337252177400208,2.4677097155798817,0.16601550216013888,1.2070727178344047,0.7242436307006427,0.48282908713376205,0.06856280053017041,0.04640551604319515,0.06159929043319195,1.2472774939759907,0.15941813903374338,0.008927828525217379
2080,0.8341713785613871,0.41600804910605754,0.07852549678315032,0.05102965791163104,3.1091282193592615,2.5854970685417076,2.4170769019841885,0.16842016655751915,1.1534188622917887,0.6920513173750733,0.46136754491671544,0.06944116471806458,0.04714962530880598,0.06256445631409996,1.2415822355730197,0.16914157757056011,0.00884843470451718,0.8400142249688608,0.41833861702201386,0.05724590687286579,0.051387042636824046,3.1942383077476117,2.609512101985467,2.441207354927677,0.16830474705778964,1.2550515880332254,0.753030952819935,0.5020206352132903,0.06917320393796964,0.046922621405371595,0.061947132721447105,1.2433124140207839,0.15919314743622331,0.008904720294519494
2081,0.830316177362169,0.41566620109270147,0.07071420221519283,0.050793817127021704,3.1094607070431155,2.557653401077707,2.386513955978183,0.1711394450995235,1.2049112517748872,0.7229467510649323,0.48196450070995484,0.07017746286849064,0.04777338283846765,0.06300286566958412,1.2368603831825244,0.16886463675916052,0.008822861599217403,0.8369544934353974,0.4179987403239303,0.05081843369163389,0.05119986624294405,3.196255721347745,2.588043951075264,2.41772615681354,0.1703177942617241,1.2975492742236747,0.7785295645342047,0.51901970968947,0.06971962462069045,0.04738552358027555,0.062261411604213154,1.2397909017412054,0.15899168609925252,0.008883816269325417
2082,0.8268769600319218,0.41535960428969015,0.06371892496130219,0.05058342351686325,3.109708115245695,2.532964865783548,2.359418098003796,0.17354676777975223,1.2504833620698321,0.7502900172418994,0.5001933448279328,0.07084084283069642,0.04833536747229173,0.06340247347091396,1.2326463081208237,0.16862098004788315,0.008799902579096769,0.8342343341695987,0.41769299013293926,0.045073397583927644,0.05103346275812205,3.198089247655386,2.5690692717973116,2.396978100362354,0.17209117143495778,1.3351852454883868,0.801111147293032,0.5340740981953548,0.07020792372736824,0.047799187860623246,0.06254453995767362,1.23666603399846,0.15881416124839537,0.008865125285627174
2083,0.8238280720762646,0.4150923559471083,0.05749652929675575,0.05039690775460507,3.109946572086295,2.5111393959688444,2.335460321364755,0.17567907460408916,1.2908104178692332,0.7744862507215401,0.5163241671476931,0.07143691291582357,0.04884033031049661,0.06376509353686345,1.228891811562402,0.16840956440430538,0.008779490393303701,0.8318341234963784,0.41742569984672406,0.03997755661760545,0.05088663172834196,3.1998130077113656,2.5523598388234143,2.378704855047285,0.1736549837761292,1.368513587773468,0.8211081526640808,0.5474054351093872,0.07064325146628492,0.048167977263207984,0.06279864549096507,1.233897530571044,0.1586605647352596,0.008848600545155787
2084,0.8211273278147709,0.41485994370038165,0.05200083899465833,0.05023168922069361,3.1101765900103433,2.491847615736081,2.3142795957118056,0.17756802002427557,1.3264949904975625,0.7958969942985377,0.5305979961990248,0.07197162705051383,0.04929331524266923,0.06409317213652166,1.2255492186626036,0.1682265731684042,0.008761369011180001,0.8297173470474137,0.4171924914581619,0.03549469416411639,0.05075713942652485,3.201427093364325,2.537644252279601,2.362609661147087,0.17503459113251396,1.3980290536953968,0.838817432217238,0.5592116214781587,0.07103095221945685,0.04849641929977505,0.063026242485882,1.2314455717753354,0.15852814212940683,0.008834007235896658
2085,0.8187256767845931,0.4146551425214875,0.04717129902219014,0.05008476735699374,3.1103388021274996,2.4747406783700794,2.295496227921043,0.17924445044903628,1.3580709570107605,0.8148425742064564,0.5432283828043041,0.072451753725558,0.0497000562192382,0.0643902050571428,1.2225681235502002,0.16806674196836416,0.008745207842998119,0.8278403543267103,0.4169862468141204,0.031574027645518886,0.050642315591402476,3.2028728581019235,2.5246262065455043,2.3483710874607193,0.1762551190847851,1.4241696177353402,0.8545017706412041,0.5696678470941361,0.07137705710272134,0.048789623251005915,0.06323069279544868,1.2292674580711456,0.15841267327602465,0.008821037536525314
2086,0.8165850783685782,0.4144754363803198,0.04292978002548002,0.049953815130832746,3.1103853618734703,2.4595188746972623,2.2787799638735082,0.18073891082375415,1.3860089966666032,0.8316053979999621,0.554403598666641,0.07288405058126698,0.050066277998610485,0.06466005072983956,1.2199002351381971,0.16792614206573603,0.008730778614689303,0.8261704156988325,0.41680459749836263,0.028146681967580522,0.05054015804520054,3.2041051610136773,2.5130545985182735,2.3357127249173883,0.177341873600885,1.4473207268271482,0.8683924360962889,0.5789282907308593,0.07168749773476601,0.04905261410822692,0.06341557212081644,1.2273223714842139,0.15831111431861905,0.008809488524573778
2087,0.8146731666013025,0.41431733502097506,0.03922811014452654,0.0498368526391435,3.1103035359794675,2.4459426621212748,2.2638684683752723,0.18207419374600262,1.4107251126736584,0.8464350676041953,0.5642900450694631,0.07327374364825305,0.050396407830729247,0.06490547836385324,1.2175083329253344,0.16780137456302335,0.008717872204767736,0.824680223916369,0.4166441916186983,0.025173346514231754,0.050448996315101496,3.205115607409479,2.5027347760537357,2.3244219650389586,0.17831281101477703,1.4678227372842,0.8806936423705202,0.5871290949136799,0.071966645180407,0.04928909483414433,0.06358328359229255,1.2255802393843107,0.15822082975407536,0.008799176582092463
2088,0.8129624018737486,0.4141792488753275,0.03597423030505463,0.04973219520911779,3.1100764963688734,2.4337966462381706,2.250524155532941,0.18327249070522966,1.4325872347265531,0.8595523408359321,0.573034893890621,0.07362602950216958,0.0506948480126672,0.06512948342088562,1.215356601134371,0.1676899519275287,0.008706321829837054,0.8233470433593204,0.4165035902182361,0.022570009036566738,0.05036743958573803,3.205892500911064,2.4934923298083556,2.314306595907632,0.17918573390072354,1.485976508339054,0.8915859050034325,0.5943906033356214,0.07221882314885904,0.04950272827400251,0.06373638959586436,1.2240119923623802,0.15813998029643836,0.008789960730566542
2089,0.8114285021221015,0.4140591434892206,0.0330615546940043,0.049638357431686916,3.1096995840796238,2.422898788730733,2.238546989102435,0.18435179962829817,1.4519209916286477,0.8711525949771889,0.5807683966514589,0.07394528103872076,0.05096530305817374,0.06533453036196604,1.213415242861286,0.167590009083762,0.008695972841040704,0.8221509940565707,0.416380884711408,0.020237362107637352,0.05029427172703861,3.206436405463855,2.4851821235848632,2.305207445757647,0.1799746778272161,1.5020482661770127,0.9012289597062078,0.600819306470805,0.07244755974689766,0.04969650327568252,0.06387690306091069,1.2225940717009087,0.15806723306032697,0.00878171059776351
2090,0.8100510629160785,0.413954040241185,0.03042716845684166,0.04955409110944154,3.1091933683049686,2.4131090322181072,2.2277846125708463,0.18532441964726087,1.4690145928902032,0.8814087557341221,0.5876058371560811,0.07423460470121551,0.051210404601462915,0.0655221351405563,1.211662892315999,0.1675000375423279,0.008686682840692427,0.8210756173953698,0.4162731729547155,0.0181193245325635,0.05022848590938385,3.206773094071531,2.477697253075127,2.2970089110491556,0.18068834202597148,1.5162736383706255,0.9097641830223754,0.6065094553482501,0.07265517205849074,0.0498723827648972,0.06400589975956532,1.2213108265964379,0.15800150768156418,0.008774305473244247
2091,0.8088182851008626,0.41386189008082663,0.028069665330322915,0.0494786744684568,3.10862464573882,2.40434760749383,2.2181506380281806,0.18619696946564948,1.4841233461843986,0.8904740077106393,0.5936493384737592,0.07449553116567507,0.051431449360030454,0.06569259971851693,1.2100882223645169,0.16741903222690852,0.008678368308421308,0.8201127399339778,0.41617845357487976,0.016221094682474464,0.05016958214539101,3.206975527264862,2.4709886722024983,2.28965868845728,0.18132998374521825,1.5288613980126369,0.9173168388075823,0.6115445592050546,0.07284246453500899,0.05003104823541296,0.06412326427202417,1.2201562076389956,0.15794213925731054,0.008767681514271075
2092,0.8077181505193038,0.4137793698003003,0.025964053613686977,0.04941137231574819,3.10805766269043,2.396546254780831,2.209572861538751,0.18697339324207984,1.497474668586131,0.8984848011516788,0.5989898674344523,0.07472909673837486,0.05162931524432873,0.0658459032629437,1.208683222629197,0.16734569693939863,0.008670931652573023,0.8192536794575427,0.4160934369873304,0.014523631908145353,0.05011702931259322,3.207114525684767,2.465016295465501,2.2831158419658655,0.18190045349963527,1.5399978061981687,0.9239986837189015,0.6159991224792672,0.07300978560351268,0.05017279485842134,0.06422856396449098,1.2191271291108663,0.1578881568291392,0.008761759324216176
2093,0.8067427807060491,0.413706374974998,0.024085600614266164,0.049351702672467426,3.107541304222078,2.389639640949147,2.2019788051232507,0.18766083582589627,1.5092708318313786,0.9055624990988274,0.6037083327325512,0.07493693070694094,0.051805382511016206,0.06598269152089892,1.207436605573538,0.16728013310994666,0.008664328739779941,0.8184936001907703,0.41601805058680613,0.013007506336486993,0.050070531575050106,3.2072450196130826,2.4597399033257634,2.277335762731166,0.18240414059459714,1.5498487614698602,0.9299092568819164,0.6199395045879438,0.07315811563100705,0.05029845315522814,0.06432204186869354,1.2182167550593714,0.15783986992452392,0.008756511928157136
2094,0.8058800535337645,0.4136419277994933,0.02241043706198865,0.049298923949383344,3.1070858663700656,2.3835386152576836,2.1952704834963948,0.18826813176128887,1.5196923047894508,0.9118153828736707,0.6078769219157801,0.07512135156237658,0.051961615277780676,0.06610428807750267,1.2063332466042898,0.16722218128341815,0.008658480701695498,0.8178230593014059,0.4159513212821626,0.011653657448267823,0.05002951126037035,3.2073821882847033,2.4550920933300078,2.272244625068086,0.18284746826192205,1.5585626053610282,0.9351375632166172,0.623425042144411,0.07328915193445536,0.05040946101378059,0.06440462257619346,1.217414004561064,0.1577973077201454,0.00875187591964424
2095,0.8051143045860619,0.4135843745194798,0.02091481604993168,0.049252077876115866,3.106667638732079,2.3781338092848148,2.189328187721724,0.1888056215630907,1.5288990850172584,0.9173394510103552,0.6115596340069032,0.07528529024641956,0.05210049650207202,0.06621262035595413,1.2053546489631213,0.16717104161229981,0.008653280000213722,0.8172287658986027,0.41589158700140494,0.010442717841811298,0.049993155304713086,3.2075061716797175,2.4509822787220736,2.267743597668593,0.18323868105348062,1.5662709566852067,0.9397625740111243,0.6265083826740824,0.07340522929161403,0.05050779634914582,0.06447783910131002,1.216704054243918,0.1577598754960266,0.008747757925052543
2096,0.8044274772530763,0.41353037716308993,0.019576376417040478,0.04921005986307111,3.106251116977948,2.3733139112874078,2.184031894518301,0.18928201676910691,1.537032037432745,0.9222192224596473,0.6148128149730978,0.07543150630786943,0.05222436394521861,0.06630951734681022,1.2044835995115633,0.1671249525318988,0.008648588448415718,0.8166947738386449,0.41583549319879176,0.009356360211490965,0.04996048822501528,3.207584811559116,2.447315678629792,2.263731043041272,0.18358463558852042,1.5730896141964066,0.9438537685178442,0.6292358456785624,0.07350854897090581,0.05059532397349634,0.0645431444643108,1.216073045962598,0.1577260572634866,0.008744032515186689
2097,0.8038153590076456,0.41348505366092797,0.018378936965414677,0.04917261222932605,3.105813208002056,2.368996672823811,2.179284610518004,0.18971206230580667,1.5442143291400858,0.9265285974840517,0.6176857316560341,0.07556345614173231,0.052336145704227455,0.06639759258038963,1.2036989553196182,0.16708459106698473,0.008644428056153168,0.8162189318118855,0.4157881929138356,0.008381946811747941,0.04993137843029101,3.2075983862241135,2.444025067715636,2.2601266216974163,0.1838984460182197,1.5791196075444953,0.9474717645266973,0.631647843017798,0.0736020473145268,0.05067453141929902,0.06460279505346263,1.2155027600460202,0.15769663508743484,0.008740735241424324
2098,0.8032749655679321,0.4134520883136258,0.01730905232997426,0.04913955242638531,3.1053505844143325,2.3651233272070287,2.1750170035977687,0.19010632360925994,1.550555968027606,0.9303335808165638,0.6202223872110422,0.07568361306872322,0.052437937061313195,0.06647863674565645,1.2029856046000822,0.1670505211839786,0.00864081489725948,0.8158001204751548,0.4157533972494321,0.007509234600146408,0.04990575745675789,3.207547172614966,2.4410654858046246,2.256876312723512,0.1841891730811125,1.5844514331524227,0.9506708598914537,0.6337805732609689,0.07368773334437126,0.05074712063641355,0.06465826167663917,1.2149807410201627,0.15767226425984296,0.008737894223380949
2099,0.8027995013768402,0.41343060366462325,0.01635356457631576,0.04911046474961385,3.104872794389232,2.3616484612088984,2.171179575786173,0.19046888542272555,1.5561553643384318,0.9336932186030592,0.6224621457353726,0.0757931950890353,0.05253076984956025,0.06655333425040043,1.2023360022979974,0.1670222111968994,0.008637700359717275,0.8154331608955975,0.4157302290902039,0.006727978754942347,0.04988330849634807,3.2074443790811418,2.438404095321265,2.2539445907218147,0.18445950459945012,1.5891663139322114,0.953499788359327,0.6356665255728844,0.07376641754278455,0.05081377822776739,0.06470994873241454,1.214501896951623,0.15765254362916076,0.008735470705404272
2100,0.8023796171358548,0.41341611008952506,0.015501126417159353,0.049084777268613516,3.1044022065222454,2.358540686942936,2.1677423696142712,0.1907983173286647,1.5610997281799568,0.9366598369079742,0.6244398912719826,0.0758923068923477,0.0526147327571931,0.06662139790885828,1.2017492601476727,0.16699818536767308,0.008634987594255268,0.8151100913062158,0.4157141774156148,0.006029495996592658,0.04986354450227106,3.207316028861193,2.436020954911615,2.251314240030327,0.18470671488128831,1.5933363147181099,0.9560017888308661,0.6373345258872438,0.07383785373536769,0.05087429564586535,0.06475732963080007,1.214067590620773,0.15763616170595818,0.008733375668425143
2101,0.802011619061034,0.4134066837167507,0.01474278064710885,0.04906226401582618,3.103974190196933,2.3557885657883597,2.1646947829234535,0.19109378286490633,1.5654656787891321,0.9392794072734794,0.6261862715156528,0.0759808920214042,0.05268977795625149,0.06668247557954801,1.2012254718376898,0.1669779825829543,0.00863263740946054,0.8148284837641537,0.4157033056019078,0.005407131776467511,0.04984631694929687,3.207201071827832,2.4339150465725488,2.2489862509233065,0.18492879564924225,1.5970247015075423,0.9582148209045255,0.6388098806030168,0.07390168125316669,0.05092836734875325,0.06479984470568825,1.2136798871018006,0.1576227503344161,0.008731577085729442
2102,0.8016938937992286,0.41340147214699124,0.014070398248723207,0.04904282628281366,3.1036247913536563,2.3533868607201915,2.162031930520201,0.1913549301999906,1.5693214347224256,0.9415928608334554,0.6277285738889702,0.07605890009162461,0.05275586276326368,0.0667362666789595,1.200764719910907,0.16696169218344475,0.008630632919740758,0.8145878484184447,0.4156967465861373,0.004854745616001667,0.04983159586723804,3.207138802180593,2.432090395219546,2.2469660453148217,0.18512434990472437,1.6002879281096187,0.9601727568657713,0.6401151712438474,0.07395758102057377,0.05097572303042422,0.06483700949163186,1.2133406055571128,0.1576124457983452,0.008730064418173563
2103,0.8014244364529034,0.4133988014952955,0.013476257575046661,0.04902634140597329,3.103391850255693,2.3513349977741624,2.159755008249676,0.1915799895244864,1.5727280700100286,0.9436368420060172,0.6290912280040114,0.07612598133028851,0.05281269086705755,0.06678222686302052,1.2003688778629833,0.16694922115130745,0.008628947421709436,0.8143871298795691,0.4156927962710267,0.0043663565481612265,0.04981931668799044,3.207169936819891,2.4305545824054615,2.2452639138304833,0.18529066857497845,1.603176704982346,0.9619060229894076,0.6412706819929384,0.07400497254833512,0.051015870927395304,0.06486812266541232,1.2130531594611351,0.1576051962874137,0.008728816009848093
2104,0.8011999758102384,0.41339914369338615,0.012952323164941881,0.04901260925478197,3.1032741559790664,2.349602886930014,2.1578300657993026,0.19177282113071137,1.5757401502996065,0.9454440901797638,0.6302960601198426,0.07618316955976201,0.05286113807383305,0.06682106375494629,1.2000316842910523,0.16694101345976858,0.008627565446902451,0.8142238965499013,0.41569190649345517,0.003935445550688144,0.04980933065370671,3.2072949493012035,2.4292839484799567,2.243853073025188,0.18543087545476827,1.6057364604600253,0.9634418762760152,0.6422945841840101,0.07404465396866836,0.05104948718014049,0.06489372559008089,1.2128126153520256,0.15760145405304446,0.00872782160862915
2105,0.8010127509988402,0.41340212652532776,0.012489104686024467,0.04900115506919399,3.1032381685974397,2.3481338096854185,2.1561944903384234,0.19193931934699515,1.5784061304316939,0.9470436782590164,0.6313624521726775,0.07623223164963158,0.052902701193283205,0.06685413039266427,1.1997426022624609,0.16693663157177066,0.00862643615691634,0.8140911226759205,0.4156936887465371,0.0035539372250681933,0.04980120797652129,3.207481195009593,2.4282269147162423,2.242676638775191,0.1855502759410515,1.6080075937240033,0.964804556234402,0.6432030374896013,0.07407815276753117,0.051077865803682065,0.06491499809811002,1.2126096470434349,0.15760084710140948,0.008727035415843645
2106,0.8008582525314317,0.4134063681217777,0.012080370128110668,0.048991703009700543,3.1032859279772715,2.3469055287050185,2.154825087424296,0.1920804412807223,1.5807680675882927,0.9484608405529757,0.6323072270353169,0.0762736176068865,0.05293776145038839,0.06688164795901362,1.1994988914316889,0.16693493379599325,0.00862551967966591,0.8139849702268876,0.4156967462808025,0.0032169224793583487,0.04979471388668342,3.2077323375938014,2.4273665261707436,2.241717302261729,0.1856492239090147,1.610025058886787,0.9660150353320722,0.6440100235547148,0.07410573153444353,0.051101229251641844,0.06493202884859281,1.2124426149755239,0.1576023442157397,0.008726421596179448
2107,0.8007315861286565,0.4134099161770889,0.011721727808844576,0.04898395367632556,3.1034196635183737,2.345898172972627,2.1537019167169236,0.19219625625570327,1.5828629113357502,0.9497177468014502,0.6331451645343,0.07630759827227504,0.052966548288827076,0.06690369304596022,1.1992988855469768,0.1669350103091966,0.00862476863090697,0.8139011310147527,0.41569911098294793,0.0029211866014398277,0.049789584839372306,3.2080520844065106,2.426687605975108,2.2409603561804188,0.1857272497946892,1.611819547043486,0.9670917282260917,0.6447278188173943,0.07412749562942382,0.05111966678012452,0.06494477745966049,1.2123108423789375,0.15760512247302644,0.008725936208630394
2108,0.8006290454682286,0.4134126230552732,0.011409878530826492,0.048977680333938484,3.1036285374440173,2.3450844140329328,2.1527947749872736,0.19228963904565932,1.5847229374279066,0.950833762456744,0.6338891749711626,0.07633503517996452,0.052989791560254615,0.06692089504242964,1.19913745927548,0.16693651937449824,0.008624158964945117,0.813836458488978,0.41570063546263336,0.002664476735794098,0.04978562834717979,3.208430728661862,2.4261668221271426,2.240380037536609,0.18578678459053363,1.613417818542088,0.9680506911252529,0.6453671274168351,0.07414414364676128,0.051133770205703116,0.06495375543218292,1.2122100708978365,0.15760889585369742,0.008725558965434399
2109,0.80055128595536,0.4134146361090437,0.011143852411239615,0.048972923071716676,3.103933318548623,2.3444678033372655,2.152107446881366,0.19236035645589947,1.5863764527787616,0.951825871667257,0.6345505811115046,0.07635582748154954,0.053007405830594885,0.06693306803922772,1.199015164835979,0.16693924380766983,0.008623696168810688,0.8137921298670958,0.4157014655240368,0.0024467488325329995,0.04978291642494661,3.2088908118138666,2.425811939977058,2.2399848147824617,0.18582712519459632,1.6148433283856751,0.9689059970314051,0.64593733135427,0.07415545290679831,0.05114335088453398,0.06495869117216486,1.2121416277885348,0.15761349226346213,0.008725298385900424
2110,0.8004996839844088,0.4134165039359371,0.010922046438110289,0.04896976606092869,3.104354799322351,2.3440537670260206,2.1516453605071764,0.19240840651884428,1.5878490646919574,0.9527094388151744,0.635139625876783,0.07636989008184136,0.05301931901116389,0.06694005498055387,1.1989324711596032,0.1669435998054251,0.008623393724396052,0.8137699715617415,0.41570213877806406,0.002267149468873478,0.04978156078634206,3.2094547168907384,2.4256321079911363,2.2397842639784225,0.1858478440127136,1.6161174215205267,0.9696704529123161,0.6464469686082106,0.07416123062551727,0.051148245498968556,0.0649593515868225,1.212106665220076,0.1576193211925977,0.008725170481985728
2111,0.8004691671134226,0.4134188709237593,0.010738822362584291,0.048967898966352646,3.1048562557722597,2.343797294984901,2.1513577987604737,0.19243949622442713,1.5891640950196435,0.953498457011786,0.6356656380078575,0.07637882952522074,0.053026892091601,0.06694317300416378,1.1988799114655486,0.16694996191080078,0.008623226056889664,0.8137652849007238,0.4157032888623475,0.0021207030181937536,0.04978127397579144,3.2100859242974917,2.4255845123187214,2.239730120088998,0.18585439222972316,1.6172596736808227,0.9703558042084937,0.646903869472329,0.07416293755127426,0.051149691527038674,0.0649569437297465,1.2120963366445205,0.15762675063117798,0.008725152643316768
2112,0.8004486643068508,0.41342103862865287,0.010585327565686156,0.04896664452731801,3.1053629762412935,2.3436196715546513,2.1511580648770754,0.19246160667757617,1.5903415189403638,0.9542049113642181,0.6361366075761457,0.07638512011867776,0.053032221189647205,0.06694448393295133,1.1988429293798204,0.16695745330899137,0.008623118529113082,0.8137673225108486,0.4157042134106447,0.0019992429074849397,0.049781398534383126,3.210709139247502,2.425591688863205,2.239737081271771,0.1858546075914339,1.6182867632928852,0.9709720579757312,0.6473147053171541,0.07416288052356919,0.0511496432158207,0.06495339973858737,1.2120966817078804,0.1576349860551392,0.008725173426541753
2113,0.8004284351566467,0.41342182327333454,0.010453811420336245,0.048965406910891296,3.1058146179744623,2.343456908946026,2.150976358029844,0.19248055091618205,1.5913970999076976,0.9548382599446184,0.6365588399630793,0.07639065902567968,0.053036913493908114,0.06694555794791235,1.1988103688987142,0.166964486592287,0.008623000397629345,0.813766670142168,0.41570374074299576,0.001895702607475916,0.04978135857284534,3.2112638382382905,2.4255910663549742,2.2397369073588305,0.1858541589961437,1.6192115514657666,0.97152693087946,0.6476846205863066,0.07416281233549225,0.05114958545005503,0.06495017833451883,1.212097094300519,0.15764257982347274,0.008725165156979128
2114,0.8004031601807838,0.41341985724377234,0.010338919128307617,0.04896386072755142,3.1061885842975743,2.3432807127948054,2.15078273812862,0.1924979746661853,1.5923430769482576,0.9554058461689544,0.6369372307793032,0.07639612691903602,0.05304154563871308,0.06694692191165348,1.1987782281461614,0.16696963743635723,0.008622826616788473,0.8137583348682401,0.41570052334518287,0.0018053239907215024,0.04978084867055134,3.211728094603794,2.4255563485672,2.23970185639522,0.18585449217198022,1.6200437303476238,0.9720262382085744,0.6480174921390495,0.07416331271777468,0.05115000935063958,0.06494773032493338,1.2120940665275408,0.15764823676571202,0.008725085302515753
2115,0.8003727450991195,0.413414955397064,0.010238199256776784,0.04896200021488609,3.106492138861718,2.343092064198151,2.150578498087965,0.19251356611018622,1.5931894012895886,0.9559136407737531,0.6372757605158356,0.07640145660551043,0.0530460607010791,0.06694847947732147,1.1987469019604189,0.16697238344644968,0.008622594959166964,0.8137425548596315,0.41569440325053814,0.0017261300756167552,0.0497798834020729,3.2121104527151365,2.4254908985521055,2.239635838143231,0.18585506040887428,1.6207910242865091,0.9724746145719055,0.6483164097146036,0.07416424696147626,0.05115080079842886,0.06494591012855659,1.2120884135538852,0.15765150268998873,0.00872493385944663
2116,0.800338103641274,0.4134069784467663,0.010150352061412654,0.04895988125427482,3.1067400265514187,2.342899270120148,2.1503730204431464,0.1925262496770016,1.593945010180454,0.9563670061082723,0.6375780040721817,0.07640634662462398,0.053050203297716744,0.06694993582207887,1.1987181618865754,0.1669726700660058,0.008622309839873464,0.8137205456631086,0.415685261662255,0.0016572106925365482,0.04977853711950456,3.212427066253408,2.4254053577494585,2.239550806555537,0.18585455119392172,1.6214604328297846,0.972876259697871,0.6485841731319136,0.07416525864849526,0.05115165785259285,0.06494438318147269,1.2120822920600216,0.15765235226914096,0.008724717095900062
2117,0.8003021101943556,0.41339654155978645,0.010075346522114989,0.048957679658563354,3.106954759655175,2.342718755906391,2.1501838817207775,0.19253487418561327,1.5946181298906632,0.9567708779343977,0.6378472519562655,0.07641036795832633,0.053053609984498006,0.06695089860379987,1.1986945286843018,0.166970886546169,0.008621994503927392,0.8136954631735445,0.4156737288557125,0.0015988554998549315,0.0497770028676804,3.2127019724356494,2.425318447962089,2.2394668732279923,0.18585157473409694,1.622058498679428,0.9732350992076569,0.648823399471771,0.07416587462876925,0.051152179682416546,0.06494272541012006,1.212078564934864,0.157651171074741,0.008724459870455807
2118,0.8002676134371033,0.41338489717116395,0.010013180880404413,0.04895556965804217,3.1071512585981313,2.342560876270688,2.150021215233851,0.19253966103683748,1.5952167389404677,0.9571300433642804,0.6380866955761872,0.07641341242715506,0.05305618911681641,0.06695126286593506,1.1986766372856437,0.16696781723692042,0.008621677698319678,0.81367040408235,0.4156610648767911,0.001551320619570612,0.04977547006334385,3.2129513512179373,2.425242452796037,2.239396306350221,0.18584614644581604,1.6225917414461941,0.9735550448677166,0.6490366965784775,0.07416593976203845,0.051152234860291274,0.0649407967716068,1.2120781708231385,0.15764870904699535,0.008724192442595882
2119,0.8002344064235519,0.41337361753976615,0.009962341993624356,0.048953538559463244,3.107314585682831,2.34240955210248,2.149865433042526,0.19254411905995422,1.5957485877338415,0.9574491526403048,0.6382994350935367,0.0764163084841623,0.05305864252154593,0.0669517396246943,1.1986596187092455,0.16696426263590497,0.008621372108251877,0.8136453753409201,0.4156488475248875,0.00151333052176153,0.04977393911199306,3.213160795250461,2.425162458160483,2.239320806379634,0.185841651780849,1.6230666481180445,0.9738399888708268,0.6492266592472177,0.0741662127225225,0.051152466099711226,0.06493925321928662,1.2120765192215925,0.1576457303848887,0.008723929282512926
2120,0.8001996670804293,0.4133634487711936,0.009919225056100739,0.04895141371061548,3.1074163441355784,2.342236217518818,2.1496839779884778,0.19255223953033995,1.596220610245168,0.9577323661471007,0.6384882440980673,0.07642014369639122,0.05306189153487599,0.06695325579915995,1.1986370822022188,0.1669604051531531,0.008621066902153907,0.8136177348282481,0.4156378254044222,0.0014815208084515072,0.049772248376314714,3.2133021200812575,2.4250506826448053,2.239208685056603,0.18584199758820222,1.6234890583744241,0.9740934350246546,0.6493956233497695,0.0741677048637281,0.05115373017230434,0.06493896076099426,1.2120674908763418,0.15764242188117755,0.008723661248954726
2121,0.8001601814832834,0.41335453819158696,0.00987951856010208,0.04894899850358943,3.1074308260732515,2.342014815540968,2.1494477364912092,0.1925670790497589,1.596638482636737,0.9579830895820421,0.6386553930546949,0.07642581031827739,0.05306669203324368,0.06695656550569681,1.1986037859919225,0.16695599660534216,0.008620743502887544,0.8135844326348362,0.4156281506174828,0.0014518122692729202,0.04977021128236655,3.213349870888489,2.424881814126362,2.23903165118691,0.1858501629394519,1.6238636995026314,0.9743182197015791,0.6495454798010524,0.07417124063255448,0.05115672551111826,0.0649406193329237,1.212046098081721,0.15763856970262005,0.008723371276619356
2122,0.8001151430552462,0.41334686450898817,0.009840743366009777,0.04894624360379603,3.107354072742736,2.341739350789096,2.149150070340904,0.19258928044819218,1.59700667066972,0.9582040024018318,0.6388026682678881,0.07643350396258589,0.05307320973068075,0.0669618218404397,1.1985585831959114,0.16695078349982456,0.008620396723932312,0.8135448132537253,0.4156198068666597,0.001421928379458759,0.04976778773524622,3.2133007300386276,2.424650882596528,2.238784200391026,0.18586668220550207,1.6241942160793357,0.9745165296476016,0.6496776864317341,0.07417697398418688,0.051161582539821705,0.06494434951256184,1.212011411157876,0.15763395304741487,0.008723055244445322
2123,0.8000614253859704,0.41333983115107253,0.009800085995178773,0.04894295775728284,3.1071684742102574,2.341391302933286,2.1487710548819794,0.19262024805130654,1.597329032213797,0.958397419328278,0.6389316128855189,0.07644372807676539,0.053081871124438025,0.06696943866415855,1.1984985199517788,0.16694450904714192,0.008620001913334244,0.8134958775888846,0.41561220472249505,0.0013892416949556202,0.049764794269593494,3.213137377041285,2.4243400180464567,2.2384471227679965,0.18589289527846015,1.6244837571221475,0.9746902542732887,0.6497935028488588,0.07418535998012173,0.051168686765338284,0.06495052677524633,1.2119606803665035,0.15762834431521117,0.008722689604489329
2124,0.7999998996316908,0.41333276619083165,0.009756404553530308,0.04893919427027085,3.1068908083541382,2.3409835723622283,2.1483257599123715,0.1926578124498567,1.5976084140696114,0.9585650484417667,0.6390433656278447,0.07645592983689213,0.053092207887812715,0.06697891815463093,1.1984268490457426,0.166936809072296,0.008619558479796757,0.8134386292764664,0.41560468068555423,0.0013527667674405053,0.049761292291446976,3.2128776157093997,2.4239633832666048,2.2380368815527736,0.18592650171383107,1.6247345569277098,0.9748407341566261,0.6498938227710838,0.07419583248378121,0.051177558583104285,0.06495864416949852,1.2118973351497873,0.15762141586410866,0.008722274349706963
2125,0.7999368974836231,0.41332567567414547,0.009711438689076174,0.04893534047725778,3.106576721690805,2.3405647692711438,2.147868190137412,0.19269657913373198,1.5978475525889886,0.958708531553393,0.6391390210355956,0.07646849802537213,0.05310285507223668,0.06698885613828502,1.198353037572307,0.1669280214705609,0.00861910564754854,0.813379524574478,0.4155972427351303,0.0013143108184368799,0.049757676756340796,3.212578827764918,2.423571435412359,2.237609531510779,0.18596190390158004,1.624948827090232,0.9749692962541393,0.6499795308360926,0.07420680570079043,0.05118685458191964,0.06496732060393218,1.2118309705865957,0.1576134888444331,0.0087218486175425
2126,0.7998792163768657,0.4133192218786355,0.009667622895463898,0.048931812181059006,3.106278980190559,2.3401810222601234,2.147448874094471,0.1927321481656525,1.5980501768268143,0.9588301060960883,0.639220070730726,0.07648002553402523,0.05311262064113896,0.06699803065076176,1.198285348382595,0.1669192104421164,0.008618691364636891,0.8133254486831882,0.4155905435559266,0.0012763023946892466,0.049754368845403456,3.2122952497134767,2.4232118586872735,2.237217340135814,0.18599451855145974,1.6251298492961042,0.9750779095776626,0.6500519397184416,0.0742168980757952,0.0511954043723785,0.06497535692763645,1.2117699416633656,0.15760555216751326,0.008721460049777302
2127,0.7998278856714169,0.41331386285609273,0.009624934716771609,0.048928672325590256,3.1060040032983975,2.3398360139633163,2.147071401846694,0.19276461211662213,1.598221002419506,0.9589326014517033,0.6392884009678027,0.07649047533237668,0.053121473224024565,0.06700639930720875,1.198223996152004,0.16691126190643854,0.008618326075548265,0.8132774775184262,0.4155850264390682,0.0012387312971058884,0.04975143436088206,3.2120336698842173,2.422888861111654,2.236864497422338,0.1860243636893158,1.625281954103132,0.9751691724618793,0.6501127816412527,0.07422605780851212,0.051203164071691294,0.06498269947146618,1.2117145594451042,0.15759842490009413,0.008721119217416234
2128,0.799783529890618,0.4133098937750079,0.009583085269284322,0.048925959113552873,3.1057564404021547,2.3395318168559376,2.146737752815052,0.19279406404088584,1.5983644793118388,0.959018687587103,0.6393457917247358,0.07649983323930536,0.05312940080730759,0.06701393821657836,1.1981690615698946,0.16690444804882582,0.008618016273027452,0.8132362746124709,0.4155809721037061,0.0012013619011942006,0.049748913892977864,3.2117990519209973,2.4226049658662094,2.2365534994030947,0.18605146646311488,1.625409254196504,0.9752455525179026,0.6501637016786014,0.07423425629728955,0.0512101094498697,0.06498931323932797,1.2116649948042337,0.15759235805797575,0.00872083270910769
2129,0.7997465749220205,0.41330748562010594,0.009542082570153522,0.04892369859922049,3.105540460252126,2.3392701212594607,2.1464496178368595,0.19282050342260126,1.5984847373587785,0.9590908424152669,0.6393938949435116,0.07650807447043112,0.0531363823948145,0.06702061374317952,1.1981206877891937,0.16689891808817212,0.008617766117716367,0.8132022939527982,0.41557853759550184,0.0011642578639158296,0.04974683521478486,3.2115958094531325,2.4223622296166885,2.236286459233524,0.18607577038316458,1.6255155836993476,0.9753093502196087,0.6502062334797388,0.07424145695794303,0.05121620951449507,0.0649951556203653,1.2116214670067356,0.157587488507619,0.008720604714403809
2130,0.7997173009249661,0.413306709828094,0.00950225486926353,0.048921907923511185,3.105359918909018,2.3390524149501157,2.1462085717446358,0.19284384320547995,1.5985855786073047,0.9591513471643826,0.6394342314429221,0.07651516231757508,0.05314238688908435,0.06702638172538818,1.1980790881596812,0.16689476394986602,0.008617577984310378,0.8131758337021069,0.4155777807914459,0.0011278001390299525,0.049745216567812334,3.2114279796743563,2.422162430481874,2.2360652892023727,0.18609714127950105,1.6256044841199724,0.9753626904719837,0.6502417936479887,0.07424761381860415,0.05122142532033979,0.06500017554447657,1.2115842522076714,0.15758389900451292,0.00872043757290418
2131,0.7996958295150215,0.4133075518261484,0.009464150814476761,0.04892059452950624,3.105218099300976,2.3388797601443523,2.1460158107420355,0.19286394940231666,1.5986704809315677,0.9592022885589404,0.6394681923726273,0.07652105812027712,0.053147381538774394,0.06703119627639455,1.198044487705114,0.16689203198005975,0.008617452502294069,0.8131570246886121,0.4155786739857834,0.0010925864974769134,0.04974406595760421,3.211298964283518,2.4220068493019804,2.23589144281448,0.1861154064875007,1.6256792024483968,0.9754075214690382,0.6502716809793586,0.07425268092414439,0.051225717936357495,0.065004321814236,1.211553626623174,0.15758162912121715,0.008720331828616437
2132,0.7996820998101637,0.4133099220952537,0.009428410844737514,0.04891975469690871,3.1051173821283617,2.338752507837497,2.1458718228835125,0.19288068495398442,1.5987425987414154,0.9592455592448491,0.6394970394965663,0.07652573285981114,0.05315134176057021,0.06703501996587796,1.1980170551174176,0.1668907242211202,0.008617388505637218,0.8131458079833455,0.4155811151668219,0.0010593030079739177,0.04974337978193287,3.2112112012754164,2.4218959875359545,2.2357655889906485,0.18613039854530614,1.6257426871412797,0.975445612284768,0.6502970748565117,0.07425662331795566,0.05122905774893646,0.06500755277966333,1.2115298002009176,0.15758067666732012,0.008720286197037592
2133,0.7996758548433998,0.41331366267597935,0.009395651227674467,0.048919372710751384,3.1050590539667646,2.3386701337529474,2.145776198669181,0.19289393508376676,1.5988047588293066,0.9592828552975838,0.6395219035317228,0.07652917385397512,0.053154256810700476,0.06703782971700283,1.197996863520442,0.16689079669583298,0.008617383006202402,0.8131419229382681,0.4155849347962471,0.001028608366002444,0.04974314209898375,3.2111659775217545,2.421829409640797,2.2356874295074616,0.18614198013333563,1.625797580023821,0.9754785480142928,0.6503190320095281,0.07425942327319274,0.051231429740718384,0.06500984185279418,1.211512879015489,0.15758099635270123,0.008720297554462268
2134,0.7996766572155255,0.4133185536966824,0.009366395678705036,0.04891942181880722,3.105043363214085,2.338631298616314,2.1457276908650513,0.19290360775126247,1.598859453915056,0.9593156723490335,0.6395437815660225,0.07653138399185772,0.05315612913666662,0.06703961625618712,1.1979838950004256,0.16689215971368856,0.008617431348446737,0.8131449245106142,0.41558990259599876,0.0010010658523079835,0.0497433256870744,3.21116349477751,2.421805814395805,2.235655770812054,0.18615004358375092,1.6258462066090926,0.9755077239654558,0.6503384826436368,0.074261079301407,0.05123283265075879,0.06501117677259877,1.2115028713019012,0.15758250031833085,0.008720361104758509
2135,0.7996839370291086,0.41332432972256333,0.009341060928503023,0.04891986716364115,3.105069742522994,2.338634065909354,2.1457244385430005,0.19290962736635311,1.5989088399666558,0.9593453039799933,0.6395635359866625,0.07653237757022113,0.05315697085002029,0.06704038074295383,1.1979780650537926,0.16689468503446242,0.008617527651193333,0.8131542329166928,0.415595744115308,0.0009771290920511377,0.049743895082013614,3.2112031055256733,2.421823266329474,2.2356687630154894,0.18615450331398453,1.6258905708503064,0.975534342510184,0.6503562283401224,0.07426160190090234,0.05123327537273226,0.06501155616175089,1.2114997131679202,0.15758506504109684,0.008720470831340922
2136,0.7996970483041532,0.41333070357597085,0.009319970449079229,0.048920669233402485,3.10513702488855,2.338676115957647,2.145764178863063,0.192911937094584,1.5989547433758118,0.9593728460254869,0.6395818973503249,0.07653217764854787,0.05315680148568196,0.06704013278154283,1.1979792381029748,0.16689821833544513,0.008617665368245521,0.8131691916534229,0.4156021646870906,0.0009571558362599583,0.0497448101262752,3.2112835418472496,2.4218794225080633,2.2357241256380807,0.18615529686998258,1.6259323603486144,0.9755594162091689,0.6503729441394456,0.07426101080064013,0.05123277462009676,0.06501098744179969,1.2115032852479233,0.15758854314528706,0.008720620067374413
2137,0.7997153056962009,0.413337390011425,0.00930336532224002,0.0489217861076211,3.1052434995948635,2.338754810042772,2.145844292375427,0.1929105176673454,1.5989986786990613,0.9593992072194366,0.6395994714796247,0.07653081835734747,0.05315564995743114,0.06703889268003385,1.1979872139343268,0.16690259222077022,0.008617837725773122,0.8131891055289171,0.4156088731426114,0.000941418914389959,0.04974602829523303,3.2114029799796437,2.421971605220288,2.235819202392981,0.18615240282730758,1.6259729626444377,0.9755837775866628,0.6503891850577749,0.07425933701248127,0.05123135666465773,0.0650094888719968,1.211513400285067,0.15759277567181967,0.00872080194274071
2138,0.7997379888710818,0.4133441251464891,0.00929139782834141,0.048923173724533926,3.1053867435036673,2.338867045130504,2.1459616203226304,0.1929054248078733,1.5990418719683954,0.9594251231810371,0.6396167487873583,0.07652835336438807,0.05315356173010352,0.06703669896109697,1.198001677988258,0.16690763601642064,0.008618037921814703,0.8132132460382264,0.4156156012267421,0.000930100117363053,0.049747505025832084,3.2115588746068937,2.4220966599544687,2.2359507821154274,0.18614587783904135,1.6260134874857772,0.9756080924914665,0.6504053949943107,0.07425663085717622,0.051229064135813296,0.0650070966843807,1.211529754596885,0.1575976013264207,0.008721009594017629
2139,0.7997643229509143,0.41335068108013256,0.009284108877827373,0.04892478468478316,3.1055633016549375,2.339008969021668,2.1461121321274743,0.19289683689419346,1.5990852825457722,0.9594511695274631,0.6396341130183091,0.07652486806827148,0.05315060914942059,0.06703361903790925,1.1980221297500564,0.16691318077263131,0.00861825913500596,0.8132408326155743,0.41562211821244655,0.0009232681836167725,0.049749192569647,3.211747638520719,2.422250670098402,2.236114765753812,0.18613590434458988,1.6260547879448446,0.9756328727669069,0.6504219151779377,0.07425297361743183,0.051225965892490226,0.06500387530024038,1.2115518575922715,0.15760286126747047,0.00872123618460302
2140,0.799793456917584,0.41335687351827677,0.009281400515848137,0.04892656693036537,3.105768425771096,2.3391757440142262,2.1462906544422693,0.192885089571957,1.599129618881378,0.9594777713288266,0.6396518475525513,0.07652048885323699,0.05314689928222864,0.06702975727289504,1.198047828341295,0.16691905956137232,0.008618494458780032,0.8132710117440345,0.4156282385507138,0.0009208520062099559,0.04975103871499625,3.211964380942713,2.42242872073322,2.236305895538628,0.18612282519459208,1.6260974756734752,0.9756584854040852,0.65043899026939,0.07424848635396167,0.05122216449169156,0.06499992501660452,1.21157897839018,0.15760839951287886,0.008721474848388984
2141,0.7998244614847936,0.4133625641996997,0.009283017934142143,0.04892846361464759,3.1059960340496002,2.3393615077821304,2.146490825023546,0.1928706827585842,1.5991753483767572,0.9595052090260542,0.639670139350703,0.07651538480084542,0.0531425753665578,0.06702525645829284,1.1980777823309703,0.16692510641214084,0.00861873691014653,0.8133028554796778,0.4156338243368831,0.0009226232002629148,0.04975298669677873,3.2122028712465442,2.422624863256855,2.2365177129735834,0.18610715028327168,1.6261419304549347,0.9756851582729609,0.6504567721819738,0.07424333143097915,0.05121779748082332,0.06499538332863909,1.2116101364577239,0.15761406205452527,0.008721718703796871
2142,0.799856363814264,0.4133676637163891,0.009288556909157267,0.048930415226275524,3.106238979980394,2.3395596135278507,2.14670535647877,0.19285425704908093,1.59922270583604,0.9595336235016239,0.6396890823344161,0.07650976019166512,0.05313781045939949,0.06702029133631365,1.198110793574124,0.1669311580856077,0.008618979670176611,0.8133353967985734,0.4156387881568372,0.0009282037097855314,0.049754977358904676,3.2124558174657207,2.422832364364206,2.236742832362495,0.1860895320017111,1.6261883085053765,0.975712985103226,0.6504753234021505,0.07423770514892314,0.05121303115648257,0.0649904185590195,1.211644145978244,0.15761969857639788,0.008721961094329203
2143,0.7998882267229337,0.41337213879415546,0.009297501898701224,0.04893236443467014,3.1064896540902627,2.339763170873356,2.146926629281089,0.192836541592267,1.5992717080152892,0.9595630248091734,0.6397086832061157,0.0765038378618774,0.05313279333719689,0.06701505424379378,1.1981455547429962,0.16693706161720584,0.008619216639463226,0.8133677093450147,0.41564310030720164,0.0009371034877046144,0.04975695403286226,3.2127154836769014,2.423044260958276,2.236973549468169,0.18607071149010668,1.6262365570145536,0.9757419342087322,0.6504946228058214,0.07423182155126634,0.0512080468463389,0.06498521587962902,1.2116797135912405,0.15762516947924834,0.008722196137871245
2144,0.7999192600061547,0.4133760265723664,0.009309283779764942,0.04893426290001937,3.1067407894064614,2.3399657692299107,2.147147479871453,0.1928182893584575,1.599322182558347,0.9595933095350082,0.6397288730233388,0.07649783783545464,0.05312771039402068,0.06700973671231558,1.1981807746533997,0.16694268895016431,0.00861944325430842,0.8133990190392963,0.41564680284788924,0.0009487771274204262,0.04975886936515506,3.21297451379653,2.4232540997414658,2.2372026478872695,0.1860514518541963,1.6262864431821011,0.9757718659092607,0.6505145772728405,0.07422589168984169,0.051203023343683984,0.06497995944085762,1.211715563652658,0.15763035941369047,0.008722419531111381
2145,0.7999489408993029,0.41337945844680185,0.009323342527127368,0.04893607864216734,3.1069862485837545,2.3401621836325224,2.1473619588015085,0.192800224831014,1.5993738163037434,0.959624289782246,0.6397495265214974,0.07649195836533579,0.0531227295805351,0.06700451321469,1.198215289539773,0.16694795763750042,0.008619657444050124,0.8134288244213981,0.4156500330011672,0.0009626848976777638,0.04976069267906371,3.2132267346049903,2.4234566568403633,2.23742417300194,0.18603248383842286,1.62633760267175,0.97580256160305,0.6505350410687,0.07422010526244074,0.051198121351659305,0.06497481661337834,1.2117505492421348,0.15763519637505727,0.00872262949197219
2146,0.7999771307616927,0.4133826957135434,0.009271835163251627,0.048937803178381846,3.1072216570099314,2.3403489431879687,2.1475659232979933,0.19278301988997526,1.5994262228532299,0.9596557337119379,0.639770489141292,0.07648636378126056,0.053117990109248586,0.06699953089480572,1.1982481344520055,0.16695285512500213,0.00861986066945771,0.8134570128010218,0.4156530581361004,0.0009098634420279944,0.0497624170798486,3.2134677994121335,2.4236485150487983,2.2376340350388206,0.18601448000997786,1.6263896072888546,0.9758337643733128,0.6505558429155418,0.07421461888479766,0.051193473547826746,0.06496992806459498,1.211783723135857,0.15763967408003876,0.008722827782270473
2147,0.7999621353284596,0.4133861457695512,0.009256320583309899,0.04893688590083596,3.1070862781338557,2.340201989401453,2.147398862101708,0.1928031272997451,1.5994790267202457,0.9596874160321474,0.6397916106880983,0.07649189232907397,0.053122673637687065,0.06700417647936338,1.198215677175996,0.16695199858602716,0.008619798455216847,0.8134421752441844,0.4156564464141309,0.0008947751816058142,0.049761509415493746,3.213330878111544,2.4235003076747392,2.2374656486394398,0.18603465903529962,1.6264420491201734,0.9758652294721042,0.6505768196480692,0.07421990769733587,0.05119795398369606,0.06497437555185143,1.2117517437707725,0.15763889902844688,0.008722768922348413
2148,0.7999491764367596,0.4133890704007386,0.009242923145358045,0.04893609320370809,3.106969270811651,2.340075522930987,2.1472551401433035,0.19282038278768365,1.5995235511139132,0.9597141306683479,0.6398094204455653,0.07649664214765385,0.053126697462956785,0.06700817011107175,1.1981877935440295,0.1669510973126773,0.008619744180107403,0.8134293554749182,0.4156593176616115,0.0008817599680333299,0.04976072518658913,3.213212589576196,2.423372794382003,2.2373208220219998,0.18605197236000312,1.626486279256993,0.9758917675541959,0.650594511702797,0.07422445035648936,0.05120180231313984,0.06497819780815361,1.2117242778687218,0.15763808571338964,0.008722717547304725
2149,0.7999380601111469,0.41339160433816924,0.009231516364370557,0.04893541321559297,3.1068681923016936,2.339966811097727,2.147131573527769,0.1928352375699581,1.5995610312898738,0.9597366187739242,0.6398244125159496,0.07650072915233397,0.053130159783134415,0.06701160959976585,1.198163802297917,0.16695033110687338,0.008619697841054146,0.8134183580440845,0.4156618037524097,0.0008706781408520589,0.04976005243361441,3.2131104334346614,2.4232631934935998,2.237196319978895,0.18606687351470497,1.6265235224262773,0.9759141134557665,0.6506094089705108,0.07422835850718607,0.05120511311654564,0.06498148912889308,1.2117006496491003,0.1576373943993291,0.008722673681258683
2150,0.7999285765580658,0.4133938313277668,0.009221825462626745,0.048934833102835876,3.10678094557933,2.3398734697567853,2.147025421469461,0.19284804828732438,1.5995925401831155,0.9597555241098693,0.6398370160732462,0.07650424814753981,0.053133140912117585,0.0670145743599121,1.1981431463493792,0.1669496911869384,0.008619658883981628,0.8134089749995164,0.4156639871738874,0.0008612621961608599,0.0497594784353513,3.2130222788249174,2.4231690944463304,2.2370893737494373,0.1860797206968932,1.6265548417924665,0.97593290507548,0.6506219367169864,0.07423172308896159,0.05120796343365622,0.0649843257660898,1.2116803087509695,0.15763681727644535,0.008722636820633487
2151,0.7999205324486653,0.4133958108906266,0.009213611716338319,0.048934341039052885,3.106705759474246,2.339793464745953,2.1469343585883958,0.1928591061575572,1.5996190014764171,0.9597714008858502,0.6398476005905669,0.07650727779725225,0.053135707490370276,0.06701713003120237,1.198125363528867,0.16694916664871454,0.008619626641304392,0.8134010147958601,0.4156659266442426,0.0008532798753215706,0.049758991474302086,3.2129463257431103,2.423088440885871,2.2369976341752364,0.18609080671063458,1.6265811526131229,0.9759486915678739,0.650632461045249,0.07423461955854525,0.051210417187901286,0.0649867707467145,1.2116627985862234,0.15763634453364603,0.008722606343481624
2152,0.7999137487410934,0.4133975860799487,0.009206666282598697,0.04893392607189144,3.1066410930161754,2.3397250236063285,2.1468563683250705,0.19286865528125816,1.5996412078185085,0.959784724691105,0.6398564831274035,0.07650988500486862,0.05313791619533735,0.06701933231112744,1.1981100608255537,0.1669487454461131,0.008619600387413526,0.8133943000898373,0.415667664685538,0.0008465281134620931,0.049758580701802294,3.212881008489875,2.423019441475537,2.2369190643032852,0.18610037717225159,1.6266032403109825,0.9759619441865895,0.6506412961243929,0.07423711207909195,0.05121252873531988,0.06498887754090238,1.2116477309641782,0.15763596527258192,0.008722581565482853
2153,0.7999080589370944,0.4133991879631244,0.00920080560989437,0.048933578016364776,3.106585579265333,2.3396665808296024,2.1467896771944073,0.192876903635195,1.5996598367848762,0.9597959020709257,0.6398639347139505,0.07651212756692966,0.05313981598955861,0.06702122925684875,1.1980968987755125,0.16694841483070788,0.008619579367751207,0.8133886659982766,0.4156692320151857,0.0008408285529865195,0.049758236031446454,3.212824938839669,2.422960514533192,2.236851873060958,0.18610864147223416,1.6266217762978517,0.975973065778711,0.6506487105191406,0.07423925606290559,0.05121434501863724,0.06499069226924446,1.2116347706857384,0.15763566792283215,0.008722561769626574
2154,0.7999033084623354,0.41340063884101635,0.009195868081165771,0.048933287416933396,3.1065379918989393,2.339616743391042,2.1467327129626548,0.19288403042838717,1.5996754648938074,0.9598052789362844,0.639870185957523,0.07651405591767868,0.053141449598578056,0.0670228627897807,1.1980855811966007,0.16694816167895127,0.008619562823608986,0.8133839594859698,0.4156706507128743,0.0008360242632910325,0.04975794810163272,3.2127768721458363,2.4229102531456874,2.236794473025203,0.18611578012048413,1.6266373318677219,0.9759823991206331,0.6506549327470887,0.07424109984635792,0.05121590698617824,0.06499225514862725,1.2116236253936243,0.15763544055361398,0.008722546231515943
2155,0.7998993549131552,0.4134019546568498,0.009191711676358308,0.048933045562590954,3.1064972274753027,2.339574270417137,2.1466840794171667,0.1928901909999702,1.5996885800968936,0.9598131480581361,0.6398754320387575,0.07651571425314935,0.05314285446321874,0.06702426965745238,1.1980758485720626,0.1669479728811296,0.008619550015080734,0.8133800396149765,0.4156719365957738,0.0008319774464951302,0.04975770829080736,3.2127356892553696,2.422867404547836,2.2367454549084833,0.18612194963935247,1.6266503905781438,0.9759902343468864,0.6506601562312574,0.07424268577150693,0.051217250508164,0.06499360141873944,1.2116140390158683,0.15763527123893004,0.008722534242633776
2156,0.7998960690417476,0.4134031470172643,0.009188212349719463,0.0489328445471251,3.1064622976876297,2.339538062109476,2.1466425418457287,0.19289552026374746,1.5996995930698352,0.9598197558419012,0.6398798372279341,0.07651714127586602,0.05314406337045829,0.0670254820659241,1.1980674736656811,0.16694783579513892,0.008619540245132527,0.8133767785212183,0.4156731012091383,0.0008285678335090835,0.04975750877720207,3.2127003885204632,2.422830858851005,2.236703572854468,0.18612728599653652,1.6266613594433248,0.975996815665995,0.6506645437773297,0.07424405090357342,0.051218406984524775,0.0649947619520629,1.2116057874151964,0.15763514847915872,0.008722525134483933
2157,0.799893335374667,0.41340422472285304,0.009185262538789589,0.04893267730694786,3.106432323494509,2.3395071503773606,2.146607014951788,0.1929001354255726,1.5997088475712011,0.9598253085427207,0.6398835390284804,0.07651837079134592,0.053145104958757794,0.06702652818050447,1.1980602580102742,0.1669477386132664,0.008619532877040465,0.8133740620242588,0.4156741533319804,0.0008256912100016306,0.049757342576132374,3.2126700797177694,2.4227996395095195,2.2366677321958273,0.1861319073136923,1.6266705792032363,0.9760023475219419,0.6506682316812944,0.0742452276053858,0.05121940383154282,0.06499576373663112,1.2115986749064414,0.1576350615400029,0.00872251829607072
2158,0.7998910523134314,0.4134051949940226,0.009182769714744507,0.048932537627243464,3.106406527741819,2.339480688304897,2.14657654980841,0.19290413849648694,1.5997166298890144,0.9598299779334087,0.6398866519556057,0.07651943228667163,0.05314600420820141,0.06702743260997897,1.1980540285041321,0.1669476707096928,0.008619527345911086,0.8133717897186075,0.41567510017842596,0.0008232579808009621,0.04975720354557886,3.212643976465914,2.422772892624161,2.236636976253255,0.1861359163709059,1.6266783336877646,0.9760070002126588,0.6506713334751058,0.07424624409317407,0.051220264952695146,0.06499663034163125,1.211592530889305,0.15763500077096726,0.008722513185450555
2159,0.7998891320375917,0.4134060642887347,0.009180655112049005,0.04893242013603384,3.1063842301711384,2.3394579418628423,2.1465503237534587,0.1929076181093836,1.5997231773627993,0.9598339064176797,0.6398892709451196,0.0765203513582172,0.05314678280284616,0.06702821675796158,1.1980486348947896,0.1669476229219703,0.008619523165352487,0.8133698748664603,0.41567594819665826,0.0008211919099409687,0.04975708637962205,3.2126213910517776,2.4227498785126285,2.236610476094152,0.18613940241847682,1.6266848582627096,0.9760109149576257,0.6506739433050839,0.07424712484750357,0.05122101108677749,0.06499738225528498,1.2115872073587015,0.15763495786104065,0.008722509336398974
2160,0.7998875004134938,0.41340683881934426,0.009178852557362373,0.04893232029859489,3.1063648453651505,2.3394382844377555,2.1465276337447277,0.19291065069302765,1.5997286860340378,0.9598372116204229,0.6398914744136149,0.07652114998953799,0.0531474593661371,0.067028899043526,1.1980439481436507,0.16694758766482318,0.008619519931507325,0.8133682442973802,0.4156767035736214,0.0008194289679167438,0.04975698660230338,3.212601732223449,2.4227299661275987,2.2365875237776103,0.18614244234998858,1.6266903474097307,0.9760142084458384,0.6506761389638923,0.07424789088080123,0.05122166003454018,0.06499803709753538,1.2115825772833693,0.15763492594149603,0.008722506362427246
2161,0.7998860963604616,0.4134075247980215,0.009177307157860609,0.04893223437868233,3.1063478786691556,2.3394211896950434,2.146507888161156,0.19291330153388775,1.599733317513333,0.959839990508,0.6398933270053331,0.07652184683386497,0.05314804970022349,0.0670294951248668,1.1980398587647398,0.16694755888559326,0.008619517321315322,0.8133668377716611,0.4156773724749543,0.000817916050430828,0.04975690052867842,3.212584500937218,2.4227126257925433,2.2365675240202783,0.1861451017722652,1.6266949615282333,0.9760169769169399,0.6506779846112934,0.07424856000952436,0.05122222688925673,0.06499860983586363,1.2115785329575308,0.1576348995437729,0.008722503955129201
2162,0.799884870659629,0.41340812851276465,0.009175973924947317,0.048932159365662024,3.106332918789019,2.3394062217230642,2.146490595768564,0.19291562595450037,1.5997372050340921,0.9598423230204554,0.6398948820136368,0.07652245755531452,0.05314856707501585,0.06703001817431964,1.1980362748197786,0.16694753199111553,0.008619515085819391,0.8133656067928979,0.4156779611199007,0.0008166096349648544,0.049756825192175766,3.2125692827547154,2.4226974191960413,2.23654998299687,0.18614743619917132,1.6266988329297425,0.9760192997578454,0.6506795331718971,0.07424914718260808,0.05122272431496937,0.06499911305038904,1.2115749840132393,0.15763487453084782,0.008722501877682557
2163,0.7998837846895526,0.4134086563219592,0.009174816501752059,0.04893209289716302,3.1063196301825164,2.3393930253665274,2.146475354984951,0.19291767038157653,1.599740458662609,0.9598442751975654,0.6398961834650435,0.07652299514865672,0.05314902249907864,0.06703047913667998,1.1980331200397758,0.1669475037582214,0.008619513042293862,0.8133645133490662,0.4156784757770173,0.0008154745396210111,0.0497567582675838,3.2125557400396727,2.422683989579615,2.236534497442464,0.18614949213715093,1.626702070995348,0.9760212425972087,0.6506808283981392,0.07424966478942766,0.05122316280738025,0.06499955718301209,1.2115718555572133,0.15763484801363406,0.008722499957191793
2164,0.7998828091896572,0.41340911457172286,0.009173805958387814,0.04893203318343521,3.106307746099658,2.339381317485757,2.146461844259103,0.19291947322665423,1.5997431697342581,0.959845901840555,0.6398972678937032,0.0765234702139184,0.05314942495226133,0.06703088695010345,1.1980303322121788,0.16694747216180966,0.008619511065858664,0.8133635286835402,0.4156789226850772,0.0008144827544223215,0.04975669799587017,3.212543604825764,2.4226720528702486,2.236520744886388,0.1861513079838605,1.6267047665656262,0.9760228599393757,0.6506819066262506,0.07425012292437294,0.05122355091798675,0.06499995075058917,1.2115690865703939,0.15763481819288283,0.008722498076527425
2165,0.7998819228910885,0.41340950953251066,0.009172919574987573,0.04893197892359588,3.106297059860327,2.339370877021621,2.1464498111010686,0.19292106592055208,1.5997454145987637,0.9598472487592583,0.6398981658395054,0.07652389127439117,0.053149781655099954,0.06703124880726283,1.1980278613136914,0.1669474361654093,0.008619509080442091,0.813362631935602,0.4156793079929022,0.0008136122638550541,0.04975664310101763,3.2125326699206123,2.422661387613908,2.236508472533149,0.18615291508075868,1.6267069956457716,0.9760241973874628,0.6506827982583088,0.07425052969276491,0.05122389551323961,0.06500030059649131,1.2115666280579995,0.15763478416727458,0.008722496165546772
2166,0.7998811109492765,0.4134098473318864,0.009172139650387899,0.048931929209744124,3.1062874140952754,2.3393615335738174,2.146439059465012,0.19292247410880542,1.5997472577171055,0.9598483546302634,0.639898903086842,0.0765242651433967,0.0531500983795236,0.06703157046092909,1.1980256673572716,0.1669473955325374,0.008619507048480848,0.8133618085855076,0.4156796376955043,0.000812845893445463,0.049756592694902776,3.212522777969753,2.4226518234162815,2.2364974844887637,0.1861543389275176,1.6267088224683153,0.9760252934809891,0.6506835289873262,0.07425089156319806,0.05122420207303106,0.06500061218450567,1.2115644409192678,0.15763474576052658,0.008722494191096502
2167,0.7998803634903835,0.41341013393466586,0.00917145244313887,0.04893188343804228,3.106278690049652,2.3393531564186634,2.146429437568502,0.19292371885016169,1.5997487541352502,0.9598492524811503,0.6398995016540999,0.0765245972854085,0.053150379754779875,0.06703185652750826,1.1980237182724713,0.16694735066780142,0.008619504961744677,0.8133610490138083,0.4156799176166056,0.000812170284820439,0.0497565461891642,3.212513810604844,2.422643229838389,2.236487629441693,0.18615560039669604,1.6267103019385853,0.9760261811631511,0.6506841207754342,0.07425121371411664,0.05122447498429808,0.06500088989045832,1.2115624938522638,0.1576347033760884,0.008722492148130107
2168,0.7998796742159479,0.41341037510518996,0.009170847180917936,0.048931841223357544,3.106270797263121,2.3393456441387537,2.14642082641124,0.1929248177275138,1.599749951419802,0.9598499708518813,0.6398999805679206,0.07652489215351635,0.053150629553319256,0.06703211077175592,1.198021987924768,0.1669473024242899,0.008619502832362402,0.8133603471196824,0.4156801533740412,0.0008115749403355618,0.04975650321068071,3.2125056779846566,2.4226355059164626,2.2364787890561635,0.18615671686029928,1.6267114815474883,0.9760268889284929,0.6506845926189955,0.0742515003576134,0.051224717815329696,0.06500113727569223,1.2115607613965131,0.15763465782149344,0.008722490051025785
2169,0.7998790393194372,0.4134105763738679,0.00917031529343227,0.04893180233298482,3.1062636655801104,2.3393389166091754,2.1464131309075034,0.19292578570167207,1.5997508911210112,0.9598505346726068,0.6399003564484044,0.07652515344940405,0.05315085091103601,0.06703233632615584,1.1980204545897224,0.16694725194881394,0.008619500685816895,0.8133596992492816,0.41568035034955914,0.0008110514841411093,0.04975646353601473,3.212498310699033,2.4226285720653475,2.236470869009027,0.1861577030563205,1.6267124028166762,0.9760274416900057,0.6506849611266705,0.07425175498895573,0.05122493352715374,0.06500135729786562,1.2115592224246499,0.1576346101676251,0.008722487926821634
2170,0.7998784566916252,0.4134107429949619,0.009169849814302466,0.04893176663803823,3.1062572395062844,2.339332909282705,2.1464062735826057,0.1929266357000993,1.5997516098727975,0.9598509659236787,0.6399006439491188,0.07652538430529315,0.05315104648140245,0.06703253584392654,1.1980190998851281,0.16694720052740855,0.008619498555650662,0.8133591034106373,0.41568051365004766,0.0008105930884938772,0.04975642704338577,3.2124916540478403,2.4226223643047207,2.2364637926169215,0.18615857168779912,1.6267131023848649,0.9760278614309189,0.650685240953946,0.0742519805613616,0.05122512462159906,0.0650015524581154,1.2115578590859184,0.15763456160841371,0.008722485810107565
2171,0.7998779253484253,0.41341087991085124,0.009169444938211521,0.04893173407845085,3.1062514742287712,2.3393275691239888,2.1464001900944654,0.1929273790295233,1.5997521402238428,0.9598512841343059,0.639900856089537,0.07652558741231366,0.05315121854421871,0.06703271160669999,1.1980179080175883,0.16694714946422298,0.00861949647960622,0.813358558708729,0.41568064807493144,0.0008101940495001542,0.04975639367811207,3.2124856640023354,2.4226168301490145,2.236457496305232,0.18615933384378247,1.6267136128285058,0.9760281676971034,0.6506854451314024,0.0742521796094942,0.05122529324591436,0.06500172490479118,1.211556656059666,0.15763451335102374,0.008722483739306765
2172,0.799877444962232,0.4134109917300901,0.009169095673935028,0.04893170463430613,3.1062463322451466,2.3393228512118798,2.14639482548246,0.1929280257294197,1.5997525112711437,0.9598515067626864,0.6399010045084573,0.07652576512927117,0.05315136909775512,0.06703286561611924,1.1980168651441634,0.1669470999957255,0.00861949449652968,0.8133580648828612,0.4156807580966476,0.0008098494541976253,0.049756363424310696,3.2124803037867027,2.4226119251737224,2.2364519258142623,0.18615999935946026,1.626713963287401,0.9760283779724406,0.6506855853149605,0.0742523543540533,0.05122544128137313,0.06500187652165429,1.2115555999231178,0.15763446653813798,0.008722481753696045
2173,0.7998770154400832,0.4134110827055342,0.009168797568041787,0.04893167830003309,3.106241780296987,2.339318715700781,2.146390130815101,0.19292858488567957,1.5997527491364756,0.9598516494818855,0.6399010996545901,0.0765259195795011,0.053151499940802614,0.06703299967568052,1.198015958803951,0.1669470532363105,0.008619492643564817,0.813357621890458,0.4156808478407441,0.0008095549145919062,0.04975633627943712,3.212475540774416,2.422607609948416,2.2364470328132757,0.18616057713514003,1.6267141799352332,0.9760285079611399,0.6506856719740932,0.07425250679474654,0.05122557042203469,0.0650020090065352,1.211554678589406,0.15763442219868928,0.008722479890703747
2174,0.799876636585318,0.4134111567155606,0.009168546499011304,0.048931655063709195,3.106237786901785,2.339315125394849,2.1463860605152782,0.192929064879571,1.5997528773108447,0.959851726386507,0.6399011509243377,0.07652605272794107,0.053151612737964954,0.06703311545596337,1.1980151774657652,0.16694701014490762,0.008619490953891494,0.8133572295739544,0.4156809210686812,0.0008093063693246638,0.04975631223390781,3.212471343997214,2.422603847594142,2.2364427722053333,0.1861610753888089,1.6267142863198014,0.9760285717918809,0.6506857145279206,0.07425263878408697,0.05122568223726183,0.06500212393386356,1.2115538808615,0.1576343812177001,0.008722478183735581
2175,0.7998763077511345,0.4134112172246082,0.009168338482348881,0.04893163488586774,3.106234319988545,2.3393120434502688,2.146382569850451,0.19292947359981782,1.5997529168968236,0.9598517501380943,0.6399011667587293,0.07652616645006177,0.05315170907805358,0.06703321455289227,1.1980145101236066,0.1669469714822026,0.008619489454230566,0.813356887319609,0.41568098114010815,0.0008090998965581131,0.04975629125022905,3.21246768176214,2.422600601472187,2.2364390996005725,0.18616150187161407,1.6267143036026122,0.9760285821615673,0.6506857214410449,0.07425275209328407,0.05122577822754079,0.06500222281041934,1.2115531960339343,0.1576343442974764,0.008722476659763938
2176,0.7998760276507345,0.41341126726032934,0.009168169575524548,0.04893161768788426,3.106231345625508,2.339309432127317,2.146379613571087,0.19292981855623026,1.599752886757368,0.9598517320544209,0.6399011547029472,0.07652626256903339,0.05315179050557346,0.06703329851906546,1.1980139460785297,0.16694693780037706,0.008619488163465645,0.8133565938712505,0.41568103099102355,0.0008089316224030585,0.04975627325160341,3.2124645203750815,2.4225978339341396,2.2364359699513177,0.18616186398282197,1.6267142507062728,0.9760285504237637,0.6506857002825092,0.0742528484476115,0.05122585985444318,0.0650023071051731,1.2115526136790196,0.15763431194847616,0.008722475338000591
2177,0.7998757942637079,0.4134113093940198,0.009168035819823367,0.048931603346250296,3.106228827500277,2.339307252251367,2.14637714533321,0.19293010691815693,1.5997528036117779,0.9598516821670667,0.6399011214447111,0.07652634286995008,0.05315185853277332,0.06703336887546014,1.1980134748551523,0.16694690942546045,0.008619487091889949,0.8133563472392498,0.4156810731149975,0.0008087976658790186,0.049756258116361474,3.212461823625121,2.4225955057877786,2.236433336979183,0.1861621688085953,1.6267141444098958,0.9760284866459374,0.6506856577639584,0.07425292953978219,0.051225928551956595,0.0650023782602957,1.2115521235659856,0.1576342844734535,0.00872247422917399
2178,0.7998756049293728,0.41341134575016275,0.009167933280747727,0.04893159169828386,3.1062267276487883,2.339305463841839,2.1463751183867834,0.1929303454550556,1.5997526821033416,0.959851609262005,0.6399010728413367,0.07652640908071312,0.053151914623450675,0.06703342709478032,1.1980130863138052,0.1669468864733316,0.008619486241869031,0.8133561447942812,0.4156811095726682,0.0008086941780131585,0.049756245683697964,3.212459553529501,2.4225935769403644,2.236431153879447,0.1861624230609175,1.6267139994167563,0.9760283996500538,0.6506855997667025,0.07425299701141454,0.05122598571078375,0.06500243767500252,1.2115517157729667,0.15763426198231567,0.008722473336183895
2179,0.799875456441987,0.41341137802301575,0.00916785807538277,0.048931582547954135,3.106225007127692,2.3393040266907428,2.1463734862003627,0.1929305404903802,1.5997525348788821,0.9598515209273292,0.639901013951553,0.07652646285591476,0.0531519601792991,0.067033474587456,1.1980127707450816,0.1669468688570384,0.00861948560857749,0.81335598336274,0.41568114200807765,0.0008086173687162149,0.04975623575950883,3.2124576710206485,2.422592006990061,2.236429373960286,0.18616263302977495,1.626713828433937,0.9760282970603623,0.6506855313735748,0.0742530524373903,0.05122603266509119,0.0650024866919528,1.2115513807815224,0.15763424439905743,0.008722472654828492
2180,0.7998753451770653,0.4134114075110276,0.009167806432272357,0.048931575673608896,3.106223626756998,2.3393029010160475,2.146372203149363,0.1929306978666847,1.5997523726793912,0.9598514236076346,0.6399009490717565,0.0765265057615894,0.05315199652699004,0.06703351268859659,1.1980125189593014,0.1669468563244677,0.008619485181086503,0.8133558593526473,0.4156811716821689,0.0008085635634264288,0.049756228124093554,3.2124561367053825,2.4225907558932325,2.236427951347528,0.18616280454570452,1.6267136422630915,0.976028185357855,0.6506854569052365,0.07425309731097338,0.0512260706799026,0.06500252658449804,1.2115511095665559,0.1576342314962766,0.00872247217487288
2181,0.7998752672076204,0.41341143515466494,0.00916777473837279,0.048931570835085744,3.1062225477479135,2.339302048006336,2.146371225079794,0.1929308229265415,1.5997522044468653,0.9598513226681191,0.6399008817787462,0.07652653926421912,0.05315202490885891,0.06703354264861562,1.1980123223510073,0.16694684849100888,0.008619484943419138,0.8133557688695682,0.4156811995094496,0.0008085292474839939,0.04975622253924643,3.212454911510154,2.4225897845235953,2.236426841565767,0.18616294295782812,1.626713449907312,0.9760280699443872,0.6506853799629247,0.07425313303291818,0.05122610094187193,0.06500255854737369,1.2115508936621273,0.15763422292506266,0.008722471881086009
2182,0.7998752184186227,0.413411461577552,0.009167759583683918,0.04893156778071436,3.1062217322854893,2.3393014303212665,2.146370509819268,0.19293092050199886,1.5997520374437026,0.9598512224662215,0.6399008149774812,0.07652656472183249,0.0531520464753643,0.06703356562566792,1.1980121729511892,0.1669468448739306,0.008619484875624025,0.8133557078305752,0.4156812260977476,0.0008085111080946006,0.049756218755228405,3.2124539572809003,2.4225890551868257,2.2364260020666036,0.18616305312022208,1.6267132586904944,0.9760279552142966,0.6506853034761978,0.07425316090255069,0.05122612455172769,0.06500258368909759,1.2115507252153432,0.15763421824640325,0.008722471754293993
2183,0.7998751948274122,0.4134114871531537,0.009167757900961783,0.04893156626691797,3.1062211455862,2.3393010139387505,2.146370019156366,0.19293099478238465,1.599751877383057,0.9598511264298341,0.639900750953223,0.07652658333514929,0.05315206224370013,0.06703358264381981,1.1980120637139535,0.166946844952464,0.008619484956350886,0.8133556722787811,0.41568125181249527,0.0008085061660989684,0.049756216530008654,3.2124532388473144,2.4225885334714574,2.2364253942147783,0.18616313925667938,1.6267130743875604,0.9760278446325362,0.6506852297550242,0.0742531820712461,0.05122614248486135,0.06500260299208999,1.2115505972675173,0.15763421698566962,0.00872247177387212
2184,0.7998751925615212,0.41341151203536186,0.00916776689773232,0.048931566056856966,3.106220755471321,2.3393007677031874,2.146369718305181,0.1929310493980062,1.5997517286102336,0.9598510371661401,0.6399006914440936,0.07652659616834347,0.05315207311538504,0.06703359461079539,1.1980119883946796,0.16694684814776994,0.008619485162984507,0.8133556583667325,0.4156812768068222,0.000808511714258775,0.049756215628248834,3.2124527236367437,2.4225881878338007,2.236424982794007,0.18616320503979356,1.626712901404561,0.9760277408427366,0.6506851605618243,0.07425319756103192,0.05122615560708709,0.06500261732857358,1.2115505036417291,0.15763421861557453,0.008722471917919172
2185,0.7998752080102963,0.4134115362320283,0.009167784143399756,0.04893156692970449,3.1062205329237553,2.339300663813338,2.1463695763668467,0.19293108744649096,1.5997515942615146,0.9598509565569087,0.6399006377046059,0.07652660414665405,0.053152079874238506,0.06703360231635225,1.1980119415640322,0.16694685390622804,0.008619485473235749,0.8133556625054248,0.41568130109209556,0.00080852539602283,0.04975621583041922,3.212452382244479,2.4225879900950074,2.2364247364820082,0.18616325361299912,1.6267127429374515,0.9760276457624709,0.6506850971749806,0.0742532082618772,0.051226164672345254,0.06500262745862484,1.2115504389592013,0.15763422263080898,0.008722472164804184
2186,0.7998752378909236,0.41341155964505344,0.0091678075520666,0.048931568684686,3.1062204523016503,2.3393006779605394,2.146369566439197,0.19293111152134249,1.5997514764374225,0.9598508858624535,0.6399005905749691,0.07652660805932855,0.05315208318887426,0.06703360643476469,1.198011918590685,0.16694686169811557,0.008619485865905968,0.8133556814302383,0.4156813245768631,0.0008085451900165658,0.04975621693683248,3.2124521886576627,2.422587915587724,2.236424627970788,0.18616328761693612,1.6267126011447914,0.9760275606868749,0.6506850404579165,0.07425321493422103,0.05122617032484445,0.06500263403229484,1.2115503986240133,0.15763422854761294,0.008722472493921479
2187,0.7998752792878958,0.41341158211106416,0.009167835375157744,0.04893157114349396,3.1062204913162472,2.3393007892575355,2.146369665493128,0.19293112376440746,1.599751376371865,0.959850825823119,0.639900550548746,0.07652660856963678,0.05315208362118365,0.06703360753344868,1.1980119155825557,0.16694687103666922,0.008619486321492169,0.8133557122399597,0.41568134710627885,0.0008085694019013129,0.04975621877003099,3.212452120237282,2.4225879430877013,2.236424633847466,0.18616330924023516,1.6267124773163602,0.9760274863898162,0.650684990926544,0.0742532182183673,0.05122617310702035,0.06500263759769738,1.2115503787663182,0.15763423592122916,0.008722472886287093
2188,0.7998753296666319,0.4134116034381858,0.009167866179626318,0.04893157415112098,3.106220630827981,2.339300980004751,2.1463698540726264,0.19293112593212453,1.5997512945922574,0.9598507767553545,0.6399005178369029,0.07652660622955343,0.05315208163877394,0.06703360608560531,1.1980119293006477,0.16694688149009035,0.00861948682259745,0.8133557524101598,0.4156813684977258,0.0008085966425441515,0.04975622117560516,3.212452157516058,2.4225880545808502,2.236424734296428,0.18616332028442206,1.6267123720327161,0.9760274232196299,0.6506849488130863,0.07425321864836609,0.05122617347129531,0.06500263861296308,1.2115503761584454,0.15763424435689297,0.008722473324945171
2189,0.7998753868747699,0.4134116234373569,0.009167898821108411,0.04893157757593906,3.1062208545911747,2.3393012354120977,2.1463701159513597,0.19293111946073793,1.599751231066358,0.9598507386398148,0.6399004924265431,0.07652660149489238,0.05315207762778941,0.06703360248322793,1.1980119570702392,0.16694689268902582,0.008619487354216727,0.8133557997944436,0.41568138857113757,0.0008086258015374201,0.04975622402227005,3.212452283944602,2.422588234985687,2.2364249127577156,0.18616332222797127,1.6267122853114768,0.9760273711868863,0.6506849141245905,0.07425321666632834,0.05122617179220516,0.0650026374585434,1.211550388128384,0.15763425351668606,0.008722473795252528
2190,0.7998754491256095,0.4134116419458064,0.009167932409422479,0.048931581308686745,3.1062211489264797,2.3393015432558166,2.146370437725674,0.19293110553014264,1.5997511853346762,0.9598507112008058,0.6399004741338704,0.07652659474112625,0.05315207190631305,0.06703359705064604,1.198011996688053,0.16694690432781492,0.008619487903842416,0.8133558526081708,0.41568140717173285,0.0008086560136491353,0.049756227200869335,3.2124524855648025,2.4225884718105664,2.236425155521271,0.18616331628929528,1.626712216739218,0.9760273300435311,0.6506848866956869,0.07425321263740145,0.05122616837908578,0.06500263445003487,1.2115504124692738,0.15763426312070292,0.008722474284987675
2191,0.7998755149655495,0.4134116588426259,0.009167966270790452,0.0489315852604774,3.10622150233628,2.3393018934851297,2.1463708083604818,0.19293108512464816,1.59975115662633,0.9598506939757981,0.6399004626505319,0.0765265862793879,0.05315206473792207,0.06703359005817727,1.1980120463283592,0.1669469161628097,0.008619488461400884,0.8133559093964038,0.4156814241850929,0.0008086866222032224,0.0497562306224148,3.2124527506252862,2.422588754760117,2.2364254512731274,0.18616330348698917,1.6267121655869305,0.9760272993521587,0.6506848662347718,0.07425320686493989,0.051226163488924975,0.06500262985112636,1.2115504473477159,0.15763427294554277,0.008722474784294474
2192,0.7998755832251314,0.4134116740558955,0.009167999906283787,0.04893158935980428,3.1062219050649396,2.3393022777806993,2.1463712186908555,0.19293105908984384,1.5997511439568068,0.9598506863740842,0.6399004575827226,0.07652657637248439,0.05315205634525443,0.06703358173573876,1.1980121044490049,0.16694692800697036,0.008619489019012484,0.813355968985546,0.41568143954403874,0.0008087171389214304,0.04975623421512781,3.2124530691396815,2.422589075291805,2.2364257905951703,0.18616328469663498,1.6267121309075183,0.9760272785445113,0.650684852363007,0.07425319960574138,0.0512261573392698,0.06500262388655492,1.21155049121169,0.1576342828193924,0.008722475285452056
2193,0.7998756529514662,0.41341168756129426,0.009168032945791112,0.04893159354840704,3.106222348584837,2.3393026890484627,2.146371660861145,0.19293102818731744,1.5997511462061524,0.9598506877236915,0.6399004584824609,0.07652656525145839,0.05315204692403872,0.06703357228688496,1.19801216969423,0.1669469397206974,0.008619489570560798,0.813356030416281,0.4156814532272237,0.0008087471994373124,0.04975623792033695,3.212453432367035,2.422589426104766,2.236426165398709,0.18616326070605696,1.6267121116138759,0.9760272669683259,0.65068484464555,0.07425319108589587,0.051226150121653144,0.0650026167555483,1.211550542694766,0.15763429261365558,0.008722475782455857
2194,0.7998757233742623,0.41341169937896427,0.009168065123563128,0.04893159777919347,3.1062228253760766,2.3393031211875823,2.1463721280705785,0.19293099311700374,1.5997511621758305,0.9598506973054983,0.6399004648703321,0.07652655312271019,0.053152036649127654,0.0670335618947281,1.1980122408528775,0.16694695120693753,0.008619490111454443,0.8133560929098808,0.41568146525607613,0.0008087765396624369,0.04975624169041701,3.212453832588669,2.4225898009052544,2.236426568667222,0.18616323223803258,1.6267121065357446,0.9760272639214471,0.6506848426142975,0.07425318150761501,0.05122614200737932,0.06500260863750579,1.2115506005748276,0.15763430223851915,0.008722476270785649
2195,0.7998757938734264,0.4134117095654585,0.009168096250899968,0.048931602014257655,3.1062233287677943,2.339303568915713,2.1463726143879347,0.19293095452777823,1.5997511906330997,0.9598507143798598,0.6399004762532399,0.07652654017229057,0.053152025678134804,0.06703355072538704,1.1980123168332,0.1669469623986858,0.008619490638355062,0.8133561558360457,0.4156814756869804,0.0008088049697684216,0.049756245486821574,3.2124542629462396,2.4225901942291967,2.2364269942677515,0.1861631999614451,1.6267121144641465,0.9760272686784882,0.6506848457856583,0.07425317105338783,0.05122613315104453,0.06500259969534207,1.2115506637489584,0.15763431163155045,0.008722476747139378
2196,0.7998758639573716,0.413411718206979,0.009168126200250856,0.04893160622355312,3.106223852849658,2.339304027664621,2.1463731146429725,0.1929309130216487,1.5997512303444754,0.9598507382066853,0.6399004921377901,0.07652652656809786,0.053152014153295804,0.06703353892967848,1.1980123966499692,0.16694697325279007,0.008619491148982977,0.8133562186915008,0.41568148460475,0.0008088323589855728,0.049756249278773874,3.21245471735174,2.4225906013366365,2.236427436840775,0.18616316449586146,1.626712134184941,0.976027280510965,0.6506848536739761,0.07425315988810798,0.05122612369233902,0.06500259007712868,1.2115507312205829,0.15763432075206643,0.00872247720924391
2197,0.7998759332389654,0.41341172541269183,0.009168154889318533,0.048931610383421614,3.106224392357762,2.3393044934569818,2.1463736242968605,0.1929308691601214,1.5997512801015024,0.9598507680609015,0.6399005120406008,0.0765265124627153,0.05315200220387208,0.06703352664539046,1.1980124794078248,0.1669469837437657,0.008619491641909022,0.8133562810764088,0.415681492116179,0.0008088586204458015,0.04975625304182387,3.212455190373029,2.4225910180883576,2.2364278916701803,0.18616312641817734,1.6267121645047475,0.9760272987028489,0.6506848658018987,0.07425314816177715,0.05122611375833723,0.06500257991826132,1.2115508020831278,0.15763432957548923,0.008722477655653298
2198,0.7998760014099147,0.41341173130815845,0.009168182267385819,0.04893161447502628,3.106224942541422,2.339304962770084,2.1463741392979347,0.19293082347214938,1.599751338739145,0.9598508032434871,0.639900535495658,0.07652649799670441,0.053151989948940825,0.06703351399997809,1.1980125642819504,0.16694699385957693,0.008619492116337616,0.8133563426692633,0.41568149834369994,0.0008088836980844893,0.049756256756312484,3.2124556771005253,2.4225914408096045,2.236428354538792,0.18616308627081235,1.6267122042695543,0.976027322561733,0.6506848817078213,0.07425313601263445,0.05122610346614888,0.0650025693440225,1.2115508755011115,0.1576343380894936,0.00872247808553881
2199,0.7998760682196773,0.4134117360284856,0.009168208305163697,0.04893161848306184,3.1062254990676177,2.3393054324369094,2.1463746559792893,0.19293077645762013,1.5997514051472137,0.9598508430883284,0.6399005620588853,0.07652648330060473,0.05315197749908904,0.06703350111216046,1.1980126505063384,0.16694700359806092,0.008619492571915485,0.8133564032062459,0.41568150341877974,0.0008089075569380627,0.049756260406108976,3.212456173051626,2.4225918661912154,2.2364288216257546,0.18616304456546062,1.6267122523764515,0.9760273514258713,0.6506849009505802,0.07425312356905858,0.05122609292453047,0.06500255847110119,1.2115509506986444,0.15763434629075682,0.008722478498503584
2200,0.7998761334616366,0.4134117397110123,0.009168232988354758,0.04893162239490881,3.106226057989425,2.339305899607236,2.1463751710235686,0.19293072858366714,1.5997514782764277,0.9598508869658567,0.639900591310571,0.07652646849485058,0.05315196495634311,0.06703348809172756,1.198012737374277,0.16694701296317338,0.008619493008581126,0.8133564624676654,0.4156815074748598,0.0008089301770309795,0.04975626397778135,3.2124566741387657,2.422592291250443,2.236429289470732,0.186163001779711,1.6267123077800552,0.9760273846680334,0.6506849231120218,0.07425311094950593,0.051226082233832695,0.06500254740742323,1.2115510269598047,0.1576343541815507,0.008722478894436041
2201,0.7998761969675772,0.4134117424887053,0.009168256315343216,0.04893162620029579,3.1062266157752454,2.339306361765975,2.146375681490578,0.192930680275397,1.599751557141112,0.9598509342846674,0.6399006228564447,0.07652645368791929,0.05315195241259996,0.06703347503783808,1.1980128242492185,0.1669470219619253,0.00861949342647209,0.8133565202725369,0.4156815106409971,0.0008089515512319442,0.04975626746026491,3.2124571766980967,2.4225927133488407,2.2364297550007466,0.18616295834809415,1.6267123694955827,0.9760274216973499,0.6506849477982328,0.07425309826077908,0.051226071484533786,0.06500253625055669,1.2115511036391033,0.15763436176697013,0.008722479273418942
2202,0.7998762586056075,0.4134117444850888,0.009168278296485477,0.048931629891172404,3.106227169349261,2.3393068167638758,2.146376184856951,0.19293063190692472,1.5997516408205164,0.95985098449231,0.6399006563282064,0.07652643897435722,0.05315193994795487,0.06703346203723728,1.198012910576363,0.16694703060211147,0.008619493825867089,0.8133565764765185,0.4156815130369894,0.0008089716846095968,0.04975627084473601,3.2124576775291938,2.422593130222281,2.2364302155688742,0.18616291465340684,1.6267124366005319,0.9760274619603194,0.6506849746402125,0.07425308559618542,0.05122606075567938,0.06500252508604631,1.2115511801726133,0.15763436905287445,0.00872247963567239
2203,0.7998763182781701,0.4134117458115619,0.009168298953689064,0.04893163346158774,3.106227716105268,2.339307262826908,2.1463766790295162,0.19293058379739192,1.599751728459586,0.9598510370757517,0.6399006913838342,0.07652642443396301,0.05315192763000953,0.067033449163511,1.1980129958874488,0.16694703889143192,0.008619494207149952,0.8133566309699867,0.41568151477082205,0.0008089905940103087,0.049756274124494494,3.212458173908702,2.4225935399901286,2.236430668967232,0.18616287102289625,1.6267125082357823,0.9760275049414696,0.6506850032943127,0.07425307303477904,0.05122605011424043,0.06500251398671936,1.2115512560825488,0.15763437604509756,0.008722479981518852
2204,0.7998763759160505,0.4134117465665514,0.009168318318073174,0.04893163690732405,3.1062282538653467,2.339307698518072,2.1463771623037897,0.1929305362142824,1.5997518192692612,0.9598510915615569,0.6399007277077043,0.07652641013289727,0.05315191551481211,0.06703343647803325,1.1980130797942437,0.16694704683720132,0.00861949457076496,0.8133566836720769,0.4156815159378623,0.0008090083057143704,0.049756277294599215,3.2124586635482557,2.422593941116245,2.2364311133845347,0.18616282773171036,1.6267125836062013,0.976027550163721,0.6506850334424803,0.07425306064244158,0.05122603961602881,0.06500250301360867,1.211551330970737,0.15763438274916577,0.008722480311339707
2205,0.7998764314732472,0.41341174683610793,0.009168336428351707,0.04893164022558297,3.1062287808287525,2.3393081226924903,2.146377633313425,0.1929304893790652,1.5997519125255453,0.9598511475153273,0.639900765010218,0.07652639612528711,0.05315190364821664,0.0670334240313663,1.1980131619791263,0.16694705444700064,0.008619494917190381,0.8133567345255737,0.41568151662144953,0.0008090248537649114,0.04975628035155552,3.2124591445428363,2.4225943323634427,2.236431547354838,0.18616278500860495,1.626712661979997,0.9760275971879984,0.6506850647919986,0.07425304847342558,0.05122602930700475,0.06500249221729966,1.2115514045092872,0.15763438917088865,0.008722480625549676
2206,0.799876484924352,0.4134117466949112,0.009168353329689391,0.04893164341482538,3.106229295537094,2.3393085344680653,2.1463780909965093,0.19293044347155586,1.5997520075676404,0.9598512045405843,0.6399008030270561,0.07652638245439033,0.05315189206686906,0.06703341186428832,1.1980132421882579,0.16694706172886592,0.008619495246931173,0.8133567834943312,0.415681516893883,0.0008090402788131848,0.049756283293157524,3.212459615335898,2.422594712763939,2.236431969723631,0.18616274304030833,1.626712742687112,0.9760276456122674,0.6506850970748446,0.07425303657146737,0.05122601922421959,0.06500248163891272,1.2115514764338668,0.15763439531653328,0.00872248092459025
2207,0.7998765362619995,0.41341174620712107,0.009168369072190652,0.048931646474615426,3.1062297968415904,2.3393089331980397,2.146378534564142,0.19293039863389727,1.5997521037957467,0.9598512622774481,0.6399008415182986,0.07652636915366758,0.053151880799115675,0.06703340000874075,1.1980133202252894,0.1669470686909651,0.00861949556051072,0.8133568305607324,0.4156815168172648,0.0008090546266283985,0.04975628611833272,3.212460074686324,2.422595081591503,2.2364323796159633,0.18616270197553986,1.6267128251172671,0.9760276950703604,0.6506851300469068,0.07425302497081904,0.051226009396690156,0.06500247131101486,1.211551546537463,0.15763440119252742,0.008722481208921981
2208,0.799876585497643,0.4134117454277792,0.009168383711275936,0.048931649405668014,3.1062302838923492,2.339309318464071,2.1463789634912063,0.19293035497286487,1.5997522006685718,0.9598513204011432,0.6399008802674286,0.07652635624727597,0.0531518698654213,0.06703338848828332,1.1980133959484647,0.16694707534205058,0.008619495858488093,0.8133568757264606,0.4156815164448786,0.0008090679484272778,0.049756288827189146,3.2124605216577367,2.422595438354426,2.2364327764271246,0.18616266192730113,1.6267129087176868,0.9760277452306122,0.6506851634870746,0.07425301369672369,0.051225999845801215,0.06500246125805742,1.2115516146675114,0.1576344068058819,0.008722481479041765
2209,0.7998766326595035,0.41341174440407724,0.009168397306143154,0.04893165220972337,3.1062307561052616,2.3393096900488173,2.1463793774845157,0.19293031256430174,1.5997522977012433,0.959851378620746,0.6399009190804973,0.0765263437512187,0.053151859279343086,0.06703337731911349,1.1980134692638753,0.1669470816911267,0.008619496141456556,0.8133569190104469,0.4156815158224334,0.0008090802993608176,0.049756291420889914,3.2124609555850627,2.422595782767669,2.2364331597903364,0.18616262297733288,1.6267129929912103,0.9760277957947263,0.650685197196484,0.0742530027665213,0.05122599058624239,0.06500245149735688,1.2115516807192126,0.1576344121638897,0.008722481735481753
2210,0.7998766777882668,0.41341174317673696,0.009168409917852935,0.04893165488928387,3.106231213108278,2.339310047890181,2.146379776430466,0.1929302714597147,1.5997523944630196,0.9598514366778119,0.6399009577852077,0.07652633167512554,0.05315184904903891,0.06703336651163432,1.1980135401150127,0.16694708774769307,0.008619496410029206,0.813356960444541,0.41568151498940825,0.0008090917365933536,0.04975629390138831,3.2124613760200202,2.422596114706278,2.236433529523513,0.18616258518276477,1.6267130774941787,0.9760278464965074,0.6506852309976713,0.07425299219136382,0.05122598162746107,0.06500244204060539,1.2115517446251656,0.1576344172743438,0.008722481978795429
2211,0.7998767209341658,0.4134117417813757,0.00916842160819862,0.048931657447435495,3.1062316546993185,2.339310392046349,2.1463801603546955,0.19293023169165366,1.5997524905743712,0.9598514943446229,0.6399009962297483,0.07652632002367113,0.05315183917846893,0.06703335607171067,1.1980136084744444,0.16694709352211853,0.008619496664832969,0.8133570000705772,0.4156815139803789,0.0008091023181487217,0.04975629627124845,3.212461782688541,2.4225964341698547,2.2364338855883394,0.1861625485815152,1.6267131618336692,0.9760278971002017,0.6506852647334675,0.0742529819775782,0.05122597297481718,0.06500243289507827,1.2115518063471307,0.15763442214587986,0.00872248220955196
2212,0.7998767621547287,0.4134117402493931,0.00916843243848662,0.048931659887710206,3.1062320808150883,2.33931072267034,2.1463805293928275,0.19293019327751204,1.5997525857037675,0.9598515514222608,0.6399010342815068,0.0765263087975882,0.05315182966825389,0.0670333460015696,1.1980136743378695,0.16694709902537128,0.008619496906502554,0.8133570379381024,0.4156815128258779,0.0008091121017109598,0.04975629853350618,3.2124621754591733,2.422596741256637,2.2364342280605225,0.18616251319611452,1.6267132456644176,0.9760279473986506,0.6506852982657669,0.07425297212764158,0.05122596463040925,0.06500242406450071,1.211551865870136,0.15763442678772543,0.008722482428330281
2213,0.7998768015129232,0.4134117386085211,0.009168442468654128,0.04893166221397225,3.1062324915070083,2.339311039990682,2.146380883768406,0.19293015622227566,1.5997526795643366,0.9598516077386022,0.6399010718257344,0.07652629799441284,0.05315182051630643,0.06703333630046436,1.1980137377197462,0.166947104268741,0.008619497135673837,0.8133570741024967,0.4156815115529281,0.000809121143753283,0.04975630069155407,3.2124625543186163,2.4225970361437428,2.2364345571072586,0.18616247903648397,1.6267133286855961,0.9760279972113578,0.6506853314742383,0.07425296264090162,0.05122595659368462,0.06500241554968952,1.2115519231981233,0.1576344312094435,0.00872248263571261
2214,0.7998768390755702,0.41341173688322475,0.009168451756650292,0.04893166443032124,3.106232886921128,2.339311344295558,2.146381223774835,0.19293012052072311,1.5997527719104876,0.9598516631462928,0.6399011087641948,0.07652628760908699,0.05315181171834166,0.0670333269652135,1.1980137986497534,0.16694710926363238,0.008619497352977564,0.8133571086233619,0.4156815101854286,0.000809129498923436,0.04975630274904291,3.212462919351267,2.4225973190709102,2.2364348729687453,0.18616244610216512,1.6267134106375358,0.9760280463825216,0.6506853642550142,0.07425295351415973,0.0512259488619336,0.06500240734907471,1.2115519783504236,0.15763443542074224,0.008722482832278177
2215,0.799876874911904,0.4134117350950451,0.009168460357950381,0.04893166654100396,3.106233267279932,2.339311635918582,2.1463815497592,0.1929300861593825,1.599752862534553,0.959851717520732,0.639901145013821,0.07652627763449582,0.05315180326833217,0.06703331799068203,1.1980138571696406,0.16694711402140877,0.008619497559033502,0.8133571415630555,0.41568150874448373,0.0008091372195613844,0.049756304709791976,3.2124632707206935,2.4225975903259207,2.2364351759416206,0.18616241438430026,1.6267134912984549,0.9760280947790729,0.650685396519382,0.07425294474219123,0.051225941430730094,0.06500239945916539,1.211552031358612,0.15763443943132702,0.008722483018597394
2216,0.7998769090922184,0.41341173326290404,0.009168468325160321,0.04893166855033167,3.106233632865358,2.3393119152256023,2.1463818621072708,0.1929300531183314,1.599752951263478,0.959851770758087,0.639901180505391,0.0765262680619633,0.05315179515892808,0.06703330937022652,1.1980139133303185,0.16694711855326916,0.008619497754444753,0.8133571729853152,0.41568150724869357,0.0008091443552941668,0.04975630657770484,3.2124636086523477,2.4225978502310688,2.2364354663636155,0.18616238386745323,1.6267135704812203,0.9760281422887321,0.6506854281924882,0.07425293631822472,0.05122593429433767,0.0650023918749799,1.2115520822636134,0.15763444325078554,0.008722483195226144
2217,0.7998769416867957,0.41341173140338283,0.00916847570777169,0.04893167046261439,3.1062339840045543,2.33931218260391,2.1463821612312097,0.1929300213727002,1.5997530379555738,0.9598518227733445,0.6399012151822293,0.0765262588816635,0.053151787381805315,0.06703330109606591,1.1980139671894448,0.1669471228701674,0.00861949793979359,0.8133572029541657,0.415681505714418,0.000809150952795129,0.04975630835670254,3.2124639334191025,2.4225980991321308,2.2364357446010055,0.18616235453112534,1.6267136480301616,0.9760281888180969,0.6506854592120647,0.07425292823433843,0.05122592744604538,0.06500238459040342,1.2115521311133046,0.1576344468885096,0.008722483362701596
2218,0.7998769727649476,0.41341172953093286,0.009168482551965437,0.04893167228210242,3.1062343210574266,2.3393124384529393,2.1463824475590014,0.19292999089393786,1.5997531224973753,0.9598518734984254,0.63990124899895,0.07652625008296918,0.05315177992796091,0.06703329315959733,1.19801401880938,0.16694712698270311,0.008619498115637374,0.8133572315329425,0.4156815041559755,0.0008091570555794972,0.049756310050663825,3.212464245328587,2.4225983373888313,2.2364360110378,0.1861623263510317,1.6267137238179785,0.976028234290787,0.6506854895271915,0.0742529204817971,0.05122592087845313,0.06500237759849292,1.2115521779604792,0.15763445035359178,0.008722483521538087
2219,0.7998770023944866,0.41341172765807693,0.009168488900638025,0.04893167401295385,3.106234644408034,2.3393126831783464,2.1463827215276576,0.19292996165068874,1.599753204800627,0.9598519228803765,0.6399012819202506,0.07652624165468636,0.05315177278791191,0.06703328555161242,1.1980140682558102,0.1669471309010797,0.008619498282507108,0.8133572587837452,0.4156815025858327,0.0008091627040306554,0.0497563116633917,3.2124645447144626,2.422598565368784,2.2364362660688015,0.1861622992999824,1.626713797742769,0.9760282786456612,0.6506855190971078,0.07425291305127785,0.05122591458366299,0.06500237089168541,1.2115522228614808,0.1576344536547858,0.008722483672225561
2220,0.7998770306412692,0.4134117257955652,0.00916849479342248,0.048931675659206725,3.106234954457249,2.3393129171870832,2.1463829835775714,0.19292993360951183,1.599753284799462,0.9598519708796773,0.6399013139197847,0.07652623358524735,0.05315176595185869,0.06703327826247649,1.1980141155966142,0.16694713463502264,0.008619498440905926,0.8133572847669716,0.4156815010147517,0.0008091679354134268,0.0497563131985849,3.212464831928971,2.422598783442432,2.236436510093826,0.1861622733486059,1.6267138697252415,0.9760283218351447,0.6506855478900968,0.07425290593305636,0.051225908553437005,0.06500236446197064,1.2115522658750812,0.1576344568004293,0.008722483815228093
2221,0.799877057568878,0.4134117239525327,0.009168500266799023,0.04893167722475951,3.1062352516166603,2.3393131408834855,2.146383234147998,0.19292990673548757,1.5997533624477698,0.959852017468662,0.6399013449791078,0.07652622586287051,0.0531517594098204,0.0670332712822781,1.198014160900927,0.166947138193763,0.008619498591308583,0.8133573095409828,0.4156814994519386,0.0008091727839823204,0.049756314659817474,3.212465107336755,2.422598991979045,2.2364367435130883,0.1861622484659566,1.6267139397061117,0.9760283638236668,0.6506855758824449,0.07425289911716082,0.05122590277932747,0.06500235830103525,1.2115523070615482,0.1576344597984276,0.008722483950983196
2222,0.7998770832384064,0.41341172213665345,0.00916850535423959,0.04893167871335802,3.106235536303559,2.3393133546662233,2.146383473673498,0.19292988099272546,1.5997534377167684,0.9598520626300612,0.6399013750867072,0.07652621847569017,0.053151753151744974,0.06703326460095216,1.1980142042383761,0.16694714158603235,0.008619498734161455,0.813357333161881,0.4156814979051889,0.0008091772811176234,0.04975631605052507,3.212465371309776,2.4225991913435814,2.2364369667235584,0.1861622246200229,1.626714007643697,0.976028404586218,0.650685603057479,0.07425289259349689,0.05122589725278298,0.06500235240038116,1.2115523464818878,0.157634462656248,0.00872248407990183
2223,0.799877107708335,0.41341172035428664,0.009168510086377119,0.04893168012858775,3.106235808936873,2.3393135589259897,2.146383702581209,0.1929298563447809,1.5997535105927727,0.9598521063556639,0.6399014042371088,0.07652621141186103,0.05315174716759763,0.06703325820838027,1.1980142456784697,0.16694714482006826,0.008619498869883075,0.8133573556833714,0.41568149638102664,0.0008091814554866406,0.049756317373996606,3.2124656242231873,2.422599381894309,2.236437180116165,0.18616220177814372,1.6267140735117036,0.9760284441070219,0.6506856294046817,0.07425288635194877,0.051225891965233854,0.06500234675142237,1.2115523841972382,0.15763446538092396,0.008722484202368826
2224,0.7998771310344249,0.4134117186106081,0.009168514491160643,0.04893168147386744,3.106236069933554,2.3393137540434807,2.1463839212884563,0.19292983275502423,1.5997535810751624,0.9598521486450977,0.6399014324300647,0.07652620465965017,0.05315174144743881,0.06703325209447916,1.1980142852900562,0.16694714790362045,0.008619498998864644,0.8133573771566478,0.41568149488482903,0.0008091853331964605,0.04975631863336715,3.212465866451656,2.4225995639807096,2.236437384073332,0.18616217990737793,1.6267141372972078,0.9760284823783245,0.6506856549188833,0.07425288038246766,0.05122588690816724,0.06500234134557031,1.2115524202683314,0.1576344679790599,0.008722484318743324
2225,0.7998771532697931,0.4134117169097469,0.009168518594095218,0.048931682752453715,3.1062363197065674,2.3393139403887133,2.1463841302018483,0.1929298101868651,1.5997536491745312,0.9598521895047191,0.6399014596698122,0.07652619820748492,0.05315173598146465,0.06703324624925047,1.1980143231410447,0.16694715084398626,0.0086194991214717,0.813357397630459,0.4156814934209563,0.0008091889380201431,0.04975631983162211,3.2124660983673525,2.4225997379427864,2.236437578968063,0.1861621589747236,1.6267141989988165,0.9760285193992897,0.6506856795995268,0.07425287467511782,0.05122588207316604,0.06500233617428151,1.2115524547552163,0.1576344704568635,0.008722484429360371
2226,0.7998771744649453,0.41341171525489717,0.009168522418410166,0.04893168396744298,3.106236558662911,2.3393141183202513,2.146384329716289,0.19292978860396237,1.5997537149110368,0.9598522289466224,0.6399014859644144,0.07652619204400007,0.05315173076004711,0.0670332406628291,1.198014359298126,0.16694715364801221,0.008619499238045331,0.813357417151133,0.4156814919928585,0.0008091922915641481,0.049756320971598614,3.2124663203379176,2.4225999041102297,2.236437765162902,0.18616213894732778,1.6267142586250265,0.9760285551750157,0.6506857034500108,0.0742528692201221,0.05122587745194751,0.06500233122910415,1.2115524877169843,0.1576344728201459,0.008722484534532041
2227,0.7998771946679591,0.4134117136484426,0.009168525985312904,0.048931685121782774,3.1062367872028878,2.3393142881854647,2.1463845202151344,0.19292976797033018,1.599753778312922,0.9598522669877535,0.6399015113251686,0.07652618615805196,0.05315172577374577,0.06703323532550219,1.1980143938266918,0.16694715632214518,0.008619499348904389,0.8133574357627581,0.41568149060319476,0.0008091954135138885,0.049756322055996616,3.2124665327257698,2.4226000628027045,2.2364379430101198,0.1861621197925849,1.6267143161927504,0.9760285897156501,0.6506857264771003,0.07425286400787495,0.05122587303637428,0.0650023265016959,1.2115525192116878,0.15763447507436934,0.008722484634549622
2228,0.7998772139248994,0.41341171209209926,0.009168529314311703,0.04893168621829714,3.1062370057212547,2.3393144503224086,2.1463847020721216,0.19292974825028675,1.5997538394152218,0.9598523036491333,0.6399015357660884,0.07652618053868337,0.05315172101327819,0.06703323022768524,1.198014426791039,0.1669471588724906,0.00861949945434936,0.8133574535076156,0.4156814892539749,0.0008091983219547932,0.04975632308740542,3.212466735889449,2.422600214331897,2.2364381128538326,0.18616210147806475,1.6267143717260273,0.9760286230356162,0.6506857486904111,0.07425285902890394,0.051225868818421755,0.0650023219837969,1.2115525492965764,0.157634477224703,0.008722484729687525
2229,0.79987723227965,0.4134117105869807,0.009168532423211036,0.04893168725967632,3.106237214604404,2.339314605057931,2.146384875649196,0.1929297294087352,1.5997538982586796,0.959852338955208,0.6399015593034716,0.07652617517519819,0.05315171646958314,0.06703322535999154,1.198014458253932,0.1669471613047714,0.008619499554661849,0.8133574704259744,0.4156814879466178,0.0008092010333572569,0.04975632406829103,3.2124669301805104,2.422600358999358,2.2364382750275418,0.1861620839718159,1.6267144252549477,0.9760286551529684,0.6506857701019793,0.07425285427394834,0.051225864790244637,0.06500231766730212,1.2115525780276202,0.15763447927597823,0.008722484820202572
2230,0.7998772497740179,0.413411709133705,0.009168535328345051,0.04893168824848314,3.1062374142294247,2.3393147527074825,2.1463850412961794,0.19292971141130302,1.5997539548887418,0.9598523729332454,0.6399015819554964,0.07652617005718816,0.05315171213384321,0.06703322071326014,1.1980144882764472,0.16694716362444126,0.008619499650106242,0.8133574865561882,0.41568148668205546,0.0008092035627957697,0.049756325001002175,3.2124671159425424,2.4226004970962607,2.236438429853754,0.18616206724250672,1.626714476814648,0.9760286860887886,0.6506857907258594,0.07425284973398578,0.051225860944199605,0.06500231354428943,1.2115526054593473,0.15763448123279963,0.008722484906335544
2231,0.7998772664478105,0.41341170773247216,0.009168538044669577,0.048931689187157804,3.10623760496337,2.339314893575004,2.1463851993505667,0.19292969422443756,1.5997540093546716,0.9598524056128033,0.6399016037418683,0.07652616517455074,0.05315170799749999,0.06703321627857564,1.1980145169178666,0.16694716583667313,0.008619499740930809,0.8133575019347637,0.4156814854608072,0.0008092059240434046,0.049756325887774434,3.212467293510378,2.422600628903249,2.236438577643726,0.18616205125952337,1.6267145264444207,0.9760287158666522,0.6506858105777685,0.07425284540025082,0.051225857272861025,0.06500230960703965,1.2115526316447347,0.1576344830995294,0.008722484988312277
2232,0.7998772823389225,0.41341170638313085,0.009168540585885065,0.0489316900780232,3.1062377871627698,2.3393150279529844,2.1463853501375096,0.1929296778154746,1.5997540617087667,0.9598524370252602,0.6399016246835064,0.07652616051749996,0.05315170405226328,0.06703321204728116,1.198014544235614,0.1669471679463759,0.008619499827368872,0.8133575165964384,0.41568148428304263,0.0008092081296794118,0.049756326730735045,3.212467463209563,2.4226007546904427,2.2364387186974044,0.1861620359930385,1.6267145741869316,0.9760287445121587,0.6506858296747728,0.07425284126424622,0.05122585376903039,0.0650023058480497,1.211552656635137,0.15763448488030266,0.00872248506634468
2233,0.799877297483429,0.4134117050852374,0.009168542964546271,0.04893169092329051,3.1062379611733326,2.3393151561226126,2.1463854939699276,0.19292966215268484,1.5997541120056742,0.9598524672034048,0.6399016448022694,0.07652615607657218,0.053151700290115934,0.06703320801098664,1.1980145702852223,0.16694716995821107,0.00861949990963989,0.8133575305742654,0.41568148314863956,0.0008092101912011151,0.04975632753190803,3.212467625356005,2.4226008747175514,2.23643885330349,0.18616202141406143,1.626714620087526,0.9760287720525154,0.6506858480350106,0.07425283731774981,0.05122585042574229,0.06500230226004179,1.2115526804802474,0.15763448657904158,0.008722485140631803
2234,0.7998773119156732,0.41341170383810755,0.00916854519216645,0.048931691725064744,3.1062381273297706,2.3393152783540008,2.1463856311486946,0.19292964720530623,1.5997541603017924,0.9598524961810757,0.6399016641207167,0.0765261518426284,0.05315169670331578,0.06703320416157349,1.1980145951203207,0.1669471718766088,0.008619499987950462,0.8133575438996948,0.4156814820572303,0.0008092121191221185,0.04975632829321927,3.212467780255775,2.4226009892340667,2.2364389817395987,0.1861620074944681,1.6267146641936268,0.976028798516176,0.6506858656774508,0.07425283355281731,0.05122584723626667,0.06500229883596856,1.2115527032280793,0.15763448819946893,0.008722485211360757
2235,0.799877325668356,0.41341170264085936,0.00916854727931353,0.04893169248535012,3.1062382859557487,2.3393153949064605,2.1463857619629,0.19292963294356036,1.5997542066547477,0.9598525239928488,0.6399016826618988,0.07652614780685327,0.05315169328439488,0.0670332004911963,1.1980146187926362,0.1669471737057818,0.008619500062495265,0.8133575566026571,0.41568148100824687,0.000809213923063698,0.0497563290165015,3.2124679282050006,2.422601098479503,2.236439104272479,0.18616199420702384,1.626714706554203,0.9760288239325217,0.6506858826216813,0.07425282996178262,0.051225844194109194,0.0650022955690156,1.2115527249249645,0.15763448974512143,0.008722485278707611
2236,0.799877338772621,0.4134117014924528,0.00916854923569646,0.04893169320605535,3.1062384373639005,2.3393155060287967,2.1463858866901337,0.19292961933866298,1.5997542511229443,0.9598525506737668,0.6399017004491775,0.07652614396075239,0.0531516900261572,0.06703319699228258,1.198014641352015,0.1669471754497402,0.008619500133457936,0.8133575687116416,0.4156814800009556,0.0008092156118376381,0.049756329703499205,3.2124680694898604,2.422601202683663,2.236439221158272,0.1861619815253911,1.6267147472193142,0.9760288483315884,0.6506858988877258,0.07425282653725598,0.05122584129300959,0.065002292452602,1.2115527456155653,0.1576344912193617,0.008722485342838178
2237,0.799877351258137,0.41341170039172176,0.009168551070247319,0.04893169388899864,3.1062385818559304,2.339315611959647,2.146386005596826,0.1929296063628213,1.5997542937651743,0.9598525762591048,0.6399017175060695,0.0765261402961473,0.0531516869216743,0.06703319365753027,1.1980146628464485,0.16694717711230325,0.008619500201011848,0.8133575802537732,0.4156814790344896,0.0008092171935248776,0.049756330355873304,3.212468204386638,2.4226013020669437,2.236439332642812,0.1861619694241319,1.626714786239711,0.9760288717438266,0.6506859144958845,0.0742528232721203,0.05122583852693858,0.06500228948037888,1.2115527653428955,0.1576344926253889,0.008722485403908827
2238,0.7998773631531753,0.4134116993374029,0.00916855279118952,0.04893169453591242,3.106238719722752,2.339315712927811,2.1463861189385813,0.19292959398922954,1.599754334640284,0.9598526007841707,0.6399017338561134,0.07652613680516965,0.05315168396428048,0.06703319047990412,1.1980146833221084,0.1669471786971115,0.008619500265320865,0.8133575912548865,0.4156814781078763,0.0008092186755435382,0.04975633097520561,3.2124683331618424,2.4226013968406486,2.2364394389619457,0.18616195787870274,1.6267148236664946,0.9760288941998966,0.650685929466598,0.07425282015952622,0.05122583589009372,0.06500228664622665,1.2115527841483513,0.15763449396624968,0.00872248546206712
2239,0.7998773744846839,0.4134116983281589,0.009168554406107296,0.048931695148448,3.1062388512446812,2.339315809152601,2.1463862269605465,0.19292958219205444,1.5997543738068907,0.9598526242841346,0.639901749522756,0.076526133480254,0.05315168114756669,0.067033187452631,1.1980147028233887,0.1669471802076372,0.008619500326540012,0.8133576017395938,0.4156814772200599,0.0008092200647120129,0.04975633156300311,3.2124684560723615,2.4226014872073116,2.2364395403418684,0.18616194686544316,1.6267148595508223,0.9760289157304932,0.6506859438203291,0.07425281719288618,0.051225833376894306,0.06500228394425125,1.211552802071746,0.15763449524484724,0.00872248551745246
2240,0.7998773852783589,0.4134116973625995,0.009168555922000998,0.048931695728179805,3.1062389766916687,2.339315900844204,2.146386329897785,0.1929295709464191,1.5997544113231383,0.9598526467938833,0.6399017645292551,0.07652613031412978,0.05315167846537357,0.06703318456919385,1.198014721392954,0.16694718164719413,0.008619500384816074,0.8133576117313528,0.4156814763699222,0.0008092213673051574,0.04975633212070199,3.212468573365659,2.422601573361026,2.2364396369994637,0.1861619363615625,1.6267148939436589,0.9760289363661951,0.6506859575774637,0.07425281436586759,0.051225830981975716,0.06500228136877928,1.2115528191513525,0.15763449646394956,0.00872248557019669
2241,0.7998773955587101,0.41341169643929854,0.0091685573453444,0.04893169627660949,3.1062390963235376,2.339315988204023,2.1463864279756395,0.19292956022838342,1.5997544472464964,0.9598526683478981,0.6399017788985983,0.07652612729981276,0.05315167591178446,0.06703318182332549,1.198014739071787,0.16694718301894645,0.008619500440288174,0.8133576212525288,0.4156814755562987,0.0008092225891072891,0.04975633264967157,3.212468685279995,2.4226016554877767,2.2364397291426568,0.1861619263451201,1.6267149268955636,0.976028956137338,0.6506859707582257,0.07425281167238565,0.05122582870018316,0.06500227891435266,1.2115528354239462,0.15763449762619813,0.008722485620424623
2242,0.7998774053491247,0.41341169555680896,0.009168558682130706,0.04893169679516983,3.106239210390262,2.339316071425029,2.1463865214101085,0.19292955001492082,1.599754481633589,0.9598526889801535,0.6399017926534354,0.07652612443059642,0.05315167348111789,0.06703317920900168,1.1980147558992427,0.1669471843259173,0.008619500493088315,0.8133576303244546,0.41568147477799416,0.0008092237354582893,0.04975633315121787,3.2124687920446693,2.422601733765768,2.2364398169707616,0.18616191679500627,1.6267149584565128,0.9760289750739076,0.6506859833826052,0.07425280910659557,0.05122582652656521,0.06500227657572287,1.2115528509248517,0.15763449873411456,0.008722485668254532
2243,0.7998774146719261,0.41341169471367506,0.0091685599379175,0.04893169728522834,3.106239319132247,2.339316150692108,2.146386610408214,0.19292954028389386,1.599754514540055,0.959852708724033,0.6399018058160219,0.07652612170004269,0.053151671167919856,0.06703317672043398,1.1980147719130998,0.16694718557099608,0.008619500543341811,0.8133576389674863,0.4156814740337942,0.0008092248112947509,0.04975633362658705,3.212468893880273,2.422601808365741,2.2364399006748212,0.18616190769091945,1.6267149886757526,0.9760289932054516,0.650685995470301,0.07425280666288478,0.051225824456367156,0.06500227434784471,1.211552865687989,0.15763449979010774,0.008722485713798599
2244,0.7998774235484312,0.41341169390844335,0.009168561117865043,0.04893169774809067,3.1062394227806154,2.3393162261823846,2.1463866951683546,0.1929295310140299,1.5997545460204343,0.9598527276122607,0.6399018184081736,0.07652611910197293,0.05315166896695604,0.0670331743520624,1.1980147871496143,0.16694718675694614,0.008619500591167777,0.8133576472010563,0.4156814733224766,0.000809225821188142,0.049756334076968736,3.2124689909989494,2.4226018794512885,2.2364399804379445,0.1861618990133439,1.6267150176016747,0.9760290105610049,0.6506860070406698,0.0742528043358651,0.051225822485024344,0.06500227222587016,1.2115528797459247,0.15763450079648034,0.008722485757163344
2245,0.7998774319990004,0.41341169313967135,0.009168562226772058,0.04893169818500388,3.106239521557494,2.3393162980655426,2.1463867758806474,0.19292952218489504,1.5997545761280771,0.9598527456768464,0.6399018304512307,0.0765261166304591,0.053151666873204544,0.0670331720985482,1.1980148016435725,0.16694718788641094,0.00861950063667951,0.8133576550437229,0.4156814726428204,0.0008092267693796118,0.04975633450349888,3.21246908360466,2.422601947179155,2.236440056435629,0.186161890743526,1.6267150452817185,0.9760290271690311,0.6506860181126874,0.07425280212036481,0.051225820608155614,0.06500227020514199,1.2115528931299147,0.1576345017554342,0.008722485798449996
2246,0.7998774400430877,0.41341169240593467,0.00916856326910688,0.04893169859715933,3.1062396156763072,2.339316366504133,2.1463868527272654,0.19292951377686782,1.5997546049150695,0.9598527629490419,0.6399018419660276,0.07652611427981476,0.05315166488184804,0.06703316995476649,1.1980148154283428,0.1669471889619203,0.00861950067998484,0.813357662513215,0.4156814719936127,0.0008092276598076487,0.049756334907262716,3.212469171893443,2.422602011699519,2.2364401288360685,0.1861618828634508,1.6267150717622911,0.9760290430573746,0.6506860287049165,0.07425280001142123,0.05122581882155675,0.06500226828118758,1.211552905869952,0.15763450266907597,0.00872248583775484
2247,0.7998774476992867,0.4134116917058344,0.009168564249035699,0.04893169898569554,3.106239705342059,2.3393164316538653,2.1463869258827506,0.19292950577111478,1.5997546324321803,0.9598527794593084,0.6399018529728719,0.07652611204458673,0.05315166298826687,0.0670331679157993,1.1980148285359242,0.16694718998589636,0.008619500721186502,0.8133576696264763,0.41568147137365635,0.0008092284961374874,0.04975633528929728,3.2124692560536725,2.422602073156269,2.23644019780045,0.1861618753558193,1.626715097088705,0.976029058253223,0.650686038835482,0.07425279800427309,0.051225817121194256,0.06500226644971277,1.2115529179948128,0.15763450353942238,0.00872248587516956
2248,0.7998774549853712,0.41341169103800085,0.009168565170449242,0.04893169935170076,3.106239790751608,2.33931649366388,2.146386995514316,0.19292949814956434,1.5997546587288196,0.959852795237292,0.6399018634915277,0.07652610991954653,0.053151661188031704,0.06703316597692827,1.1980148409969982,0.1669471909606587,0.00861950076038241,0.8133576763997054,0.41568147078177464,0.000809229281783494,0.04975633565059394,3.2124693362663206,2.4226021316872672,2.2364402634832428,0.18616186820402436,1.6267151213051299,0.9760290727830778,0.650686048522052,0.07425279609435334,0.051225815503199115,0.06500226470659574,1.2115529295321,0.15763450436840448,0.008722485910781504
2249,0.7998774619183368,0.4134116904010984,0.009168566036982809,0.04893169969621537,3.106239872093956,2.33931655267703,2.146387061782149,0.19292949089488112,1.599754683853012,0.9598528103118074,0.6399018735412045,0.07652610789968228,0.05315165947689671,0.06703316413362789,1.1980148528409744,0.16694719188842905,0.008619500797665965,0.8133576828483915,0.41568147021681584,0.000809230019931155,0.04975633599210062,3.2124694127052047,2.422602187424599,2.2364403260324703,0.1861618613921284,1.6267151444545578,0.9760290866727346,0.6506860577818232,0.07425279427728194,0.05122581396386078,0.06500226304788108,1.2115529405082848,0.1576345051578721,0.008722485944673952
2250,0.7998774685144363,0.4134116897938283,0.009168566852037777,0.048931700020234226,3.106239949550506,2.3393166088301207,2.146387124839679,0.19292948399044169,1.5997547078513783,0.9598528247108272,0.6399018831405511,0.07652610598019073,0.053151657850792795,0.06703316238155879,1.1980148640960384,0.16694719277133607,0.008619500833126292,0.8133576889873516,0.4156814696776571,0.000809230713557943,0.04975633631472397,3.2124694855372344,2.422602240494807,2.236440385589966,0.18616185490484102,1.6267151665787802,0.976029099947268,0.6506860666315122,0.07425279254885919,0.051225812499621465,0.06500226146977395,1.2115529509487497,0.1576345059095979,0.008722485976926377
2251,0.799877474789217,0.41341168921493177,0.009168567618801034,0.0489317003247087,3.106240023295339,2.3393166622541717,2.1463871848338623,0.1929294774203094,1.5997547307691278,0.959852838461477,0.6399018923076508,0.07652610415646957,0.05315165630582108,0.0670331607165609,1.1980148747891963,0.16694719361141944,0.008619500866848505,0.8133576948307611,0.41568146916320686,0.0008092313654465763,0.04975633661933129,3.2124695549226567,2.422602291019129,2.2364404422916335,0.18616184872749567,1.6267151877183725,0.9760291126310234,0.6506860750873491,0.07425279090505889,0.051225811107070335,0.06500225996863436,1.2115529608778277,0.15763450662528072,0.008722486007614655
2252,0.7998774807575504,0.41341168866319095,0.009168568340259906,0.04893170061054872,3.106240093495455,2.3393167130746315,2.14638724190542,0.19292947116921158,1.5997547526500584,0.9598528515900353,0.6399019010600231,0.07652610242411009,0.053151654838246756,0.06703315913464733,1.1980148849463201,0.166947194410634,0.00861950089891389,0.813357700392184,0.41568146867240685,0.0008092319782043861,0.04975633690675241,3.2124696210152774,2.422602339113695,2.236440496267665,0.18616184284602985,1.6267152079126874,0.9760291247476124,0.650686083165075,0.07425278934202212,0.0512258097829383,0.06500225854097189,1.2115529703188423,0.15763450730654943,0.008722486036811266
2253,0.7998774864336641,0.41341168813743057,0.009168569019217004,0.048931700878624515,3.106240160311038,2.3393167614116144,2.1463872961890997,0.19292946522251472,1.5997547735365627,0.9598528641219379,0.6399019094146248,0.0765261007788898,0.05315165344449267,0.06703315763199792,1.1980148945921858,0.16694719517085294,0.008619500929400135,0.8133577056846025,0.41568146820423474,0.0008092325542736339,0.049756337177781385,3.212469683962703,2.4226023848897524,2.2364405476427898,0.18616183724696278,1.6267152271998555,0.9760291363199133,0.6506860908799422,0.0742527878560508,0.051225808524092566,0.06500225718344003,1.2115529792941424,0.15763450795496553,0.00872248606458548
2254,0.7998774918311707,0.4134116876365187,0.00916856965830326,0.04893170112976848,3.1062402238956928,2.339316807380111,2.1463873478139086,0.1929294595662023,1.5997547934696394,0.959852876081784,0.6399019173878554,0.07652609921676541,0.0531516521211336,0.06703315620495312,1.1980149037505208,0.16694719589387177,0.008619500958381493,0.8133577107204429,0.415681467757704,0.0008092330959479227,0.049756337433178144,3.2124697439065524,2.422602428453853,2.2364405965364784,0.18616183191737484,1.6267152456167904,0.9760291473700741,0.6506860982467163,0.07425278644360189,0.05122580732753159,0.06500225589283117,1.2115529878251423,0.1576345085720265,0.008722486091003555
2255,0.7998774969630944,0.41341168715936705,0.009168570259991501,0.04893170136477669,3.106240284396681,2.3393168510901874,2.146387396903335,0.19292945418685242,1.59975481248891,0.9598528874933463,0.6399019249955638,0.07652609773386645,0.053151650864890605,0.06703315485000833,1.1980149124440367,0.16694719658141116,0.008619500985928964,0.8133577155115993,0.4156814673318652,0.0008092336053784552,0.04975633767366987,3.2124698009826704,2.4226024699080386,2.2364406430631507,0.18616182684488788,1.6267152631992,0.9760291579195197,0.6506861052796802,0.07425278510128164,0.05122580619038032,0.06500225466607154,1.2115529959323532,0.1576345091591685,0.008722486116128839
2256,0.799877501841896,0.41341168670493067,0.009168570826604688,0.04893170158441043,3.1062403419551523,2.339316892647185,2.146387443575569,0.19292944907161597,1.5997548306326381,0.9598528983795831,0.639901932253055,0.07652609632648835,0.05315164967262537,0.067033153563808,1.1980149206944724,0.16694719723512036,0.008619501012110443,0.8133577200694584,0.4156814669258066,0.0008092340845866075,0.049756337899952506,3.212469855321338,2.4226025093500247,2.2364406873323786,0.1861618220176461,1.6267152799815998,0.9760291679889598,0.65068611199264,0.07425278382583984,0.05122580510988538,0.06500225350021638,1.211553003635418,0.15763450971776835,0.008722486140021966
2257,0.799877506479498,0.4134116862722085,0.009168571360329683,0.0489317017893976,3.1062403967063643,2.339316932151908,2.146387487943712,0.19292944420819602,1.5997548479377535,0.9598529087626523,0.6399019391751012,0.07652609499108654,0.053151648541335084,0.06703315234314025,1.198014928522627,0.16694719785657938,0.008619501036990877,0.8133577244049209,0.4156814665386543,0.0008092345354728248,0.04975633811269199,3.2124699070474674,2.422602546873365,2.2364407294490682,0.1861618174242971,1.6267152959973317,0.9760291775983989,0.6506861183989328,0.07425278261416475,0.05122580408341064,0.06500225239244525,1.2115530109531436,0.15763451024914707,0.008722486162740963
2258,0.7998775108873063,0.41341168586024235,0.009168571863220648,0.04893170198043402,3.1062404487798925,2.339316969700793,2.1463875301159656,0.19292943958482753,1.599754864439878,0.959852918663927,0.639901945775951,0.07652609372427037,0.05315164746814739,0.06703315118493176,1.1980149359483974,0.16694719844730285,0.00861950106063241,0.8133577285284213,0.4156814661695713,0.0008092349598252876,0.04975633831252545,3.212469956280793,2.4226025825676167,2.236440769513643,0.18616181305397364,1.6267153112785828,0.9760291867671497,0.6506861245114332,0.07425278146327796,0.05122580310843291,0.06500225134005762,1.211553017903531,0.15763451075457088,0.008722486184341374
2259,0.799877515076232,0.41341168546811646,0.009168572337213035,0.04893170215818461,3.1062404982998415,2.3393170053860883,2.1463875701958304,0.19292943519025785,1.5997548801733514,0.959852928104011,0.6399019520693404,0.07652609252279755,0.053151646450315504,0.06703315008624251,1.1980149429908098,0.16694719900874133,0.008619501083094477,0.8133577324499479,0.41568146581775833,0.0008092353593240065,0.049756338500062294,3.2124700031360587,2.42260261651849,2.2364408076222135,0.18616180889627643,1.6267153258564087,0.9760291955138451,0.6506861303425635,0.07425278037032954,0.05122580218253785,0.06500225034046858,1.211553024503805,0.15763451123525435,0.008722486204876395
2260,0.7998775190567109,0.41341168509495646,0.00916857278412686,0.04893170232328445,3.1062405453850426,2.3393170392960116,2.146387608282285,0.19292943101372695,1.5997548951712626,0.9598529371027578,0.6399019580685048,0.07652609138356836,0.05315164548521356,0.06703314904426094,1.1980149496680526,0.1669471995422849,0.008619501104433953,0.8133577361790613,0.41568146548245277,0.000809235735551958,0.04975633867588526,3.2124700477231976,2.4226026488080006,2.236440843866743,0.18616180494125734,1.6267153397607572,0.9760292038564543,0.6506861359043029,0.07425277933259314,0.05122580130341586,0.06500224939120454,1.211553030770442,0.15763451169236184,0.008722486224396956
2261,0.7998775228387253,0.41341168473992934,0.009168573205675018,0.04893170247633985,3.10624059014925,2.339317071514913,2.1463876444699626,0.19292942704495025,1.5997549094654788,0.9598529456792875,0.6399019637861914,0.07652609030362058,0.05315164457033206,0.06703314805629923,1.1980149559975086,0.16694720004926467,0.00861950112470526,0.8133577397249115,0.4156814651629282,0.0008092360899963208,0.04975633884055136,3.2124700901475056,2.4226026795146116,2.236440878335209,0.18616180117940262,1.6267153530204939,0.9760292118122964,0.6506861412081975,0.07425277834746169,0.05122580046885835,0.06500224848989927,1.2115530367191993,0.15763451212700963,0.008722486242951825
2262,0.7998775264318204,0.4134116844022411,0.009168573603471356,0.04893170261792913,3.106240632701332,2.3393171021234247,2.146387678849326,0.1929294232740988,1.599754923086676,0.9598529538520059,0.6399019692346702,0.07652608928012428,0.05315164370327362,0.06703314711978876,1.1980149619957845,0.16694720053095585,0.008619501143960467,0.8133577430962553,0.41568146485849355,0.0008092364240599378,0.04975633899459264,3.212470130509813,2.422602708713373,2.2364409111117567,0.1861617976016163,1.6267153656634268,0.9760292193980562,0.6506861462653706,0.07425277741244296,0.051225799676753996,0.06500224763429009,1.2115530423651393,0.15763451254026792,0.00872248626058773
2263,0.7998775298451244,0.413411684081137,0.009168573979035428,0.048931702748603464,3.1062406731454564,2.339317131198616,2.146387711506833,0.1929294196917828,1.5997549360643726,0.9598529616386238,0.6399019744257488,0.07652608831037694,0.053151642881748805,0.06703314623227569,1.198014967678738,0.1669472009885794,0.008619501162249403,0.8133577463014726,0.4156814645684927,0.0008092367390616362,0.04975633913851707,3.2124701689066506,2.4226027364760547,2.2364409422768494,0.1861617941992053,1.6267153777163352,0.9760292266298012,0.650686151086534,0.07425277652515525,0.05122579892508513,0.06500224682221391,1.2115530477226564,0.15763451293316252,0.008722486277349423
2264,0.7998775330873651,0.41341168377589976,0.009168574333798363,0.04893170286888741,3.106240711581276,2.339317158814133,2.1463877425250995,0.19292941628903335,1.5997549484269602,0.9598529690561763,0.6399019793707839,0.07652608739179874,0.053151642103572094,0.06703314539141678,1.1980149730615086,0.16694720142330427,0.008619501179619762,0.813357749348582,0.415681464292303,0.0008092370362452611,0.049756339272809064,3.2124702054304195,2.422602762871284,2.2364409719074216,0.18616179096386226,1.6267153892049964,0.9760292335229979,0.6506861556819985,0.07425277568332328,0.051225798211924266,0.06500224605160358,1.2115530528055016,0.15763451330667658,0.008722486293279779
2265,0.7998775361668863,0.4134116834858482,0.009168574669107893,0.04893170297927932,3.1062407481040997,2.339317185040343,2.146387771983057,0.19292941305728586,1.5997549602017374,0.9598529761210426,0.6399019840806948,0.076526086521928,0.05315164136665808,0.06703314459497511,1.1980149781585405,0.16694720183624961,0.008619501196117166,0.813357752245257,0.4156814640293358,0.0008092373167824796,0.04975633939793009,3.212470240169543,2.422602787964668,2.2364410000770154,0.18616178788765267,1.626715400154213,0.9760292400925278,0.6506861600616852,0.07425277488477444,0.051225797535430856,0.06500224532048463,1.2115530576268063,0.15763451366175266,0.008722486308419887
2266,0.7998775390916675,0.4134116832103371,0.009168574986237979,0.04893170308025156,3.1062407828050813,2.33931720994448,2.1463877999561167,0.19292940998836305,1.5997549714149408,0.9598529828489647,0.6399019885659761,0.07652608569841718,0.05315164066901804,0.06703314384081667,1.1980149829836098,0.1669472022284871,0.008619501211785301,0.8133577549988421,0.41568146377903464,0.0008092375817792541,0.04975633951431898,3.2124702732086385,2.4226028118189307,2.2364410268559327,0.1861617849629978,1.6267154105878432,0.9760292463527059,0.6506861642351373,0.07425277412743486,0.05122579689384801,0.06500224462697142,1.2115530621991042,0.15763451399929426,0.008722486322809147
2267,0.7998775418693371,0.4134116829487547,0.009168575286388647,0.0489317031722503,3.1062408157713803,2.3393172335907706,2.146387826516312,0.1929294070744585,1.5997549820917802,0.9598529892550683,0.6399019928367119,0.07652608491902889,0.05315164000875655,0.06703314312690645,1.1980149875498454,0.16694720260104265,0.008619501226665986,0.8133577576163672,0.41568146354087515,0.0008092378322792637,0.049756339622392065,3.2124703046286687,2.422602834494033,2.2364410523113722,0.18616178218266066,1.6267154205288272,0.9760292523172963,0.6506861682115309,0.07425277340932598,0.05122579628549957,0.06500224396926438,1.211553066534353,0.15763451432016762,0.00872248633648534
2268,0.7998775445071908,0.41341168270052286,0.009168575570695961,0.04893170325569483,3.1062408470863367,2.339317256040576,2.146387851732455,0.19292940430812114,1.5997549922564696,0.9598529953538819,0.6399019969025876,0.07652608418163245,0.0531516393840686,0.06703314245130543,1.1980149918697505,0.16694720295489837,0.00861950124079927,0.8133577601045641,0.41568146331436434,0.000809238069271509,0.049756339722543,3.212470334507103,2.4226028560473036,2.2364410765075724,0.18616177953973145,1.6267154299992181,0.9760292579995308,0.6506861719996874,0.07425277272856129,0.051225795708787394,0.06500224334564665,1.2115530706439552,0.15763451462520395,0.008722486349484726
2269,0.7998775470122056,0.41341168246509435,0.009168575840237024,0.04893170333097638,3.1062408768296357,2.3393172773525173,2.146387875670279,0.19292940168223796,1.5997550019322604,0.9598530011593565,0.6399020007729039,0.07652608348420083,0.05315163879323698,0.0670331418121675,1.1980149959552193,0.1669472032909948,0.008619501254223505,0.813357762469882,0.4156814630990408,0.0008092382936939341,0.04975633981514217,3.212470362918075,2.422602876533563,2.2364410995059494,0.1861617770276138,1.6267154390202092,0.9760292634121255,0.6506861756080837,0.07425277208334329,0.05122579516218874,0.0650022427544816,1.2115530745387735,0.15763451491520084,0.00872248636184215
2270,0.7998775493910544,0.4134116822419522,0.009168576096031791,0.04893170339845588,3.106240905077467,2.3393172975826007,2.146387898392581,0.19292939919001967,1.5997550111414758,0.9598530066848857,0.6399020044565901,0.07652608282480874,0.05315163823463069,0.06703314120773748,1.1980149998175498,0.16694720361023213,0.008619501266975423,0.8133577647185035,0.415681462894474,0.0008092385064410179,0.04975633990053554,3.212470389932533,2.4226028960052446,2.2364411213652344,0.18616177464001,1.6267154476121646,0.9760292685672987,0.6506861790448659,0.07425277147196119,0.05122579464425427,0.06500224219421027,1.2115530782291477,0.15763451519092458,0.008722486373591125
2271,0.7998775516501165,0.413411682030605,0.00916857633905288,0.048931703458460506,3.106240931902677,2.3393173167843355,2.146387919959353,0.19292939682498267,1.5997550199055393,0.9598530119433238,0.6399020079622154,0.07652608220163092,0.05315163770670343,0.06703314063634928,1.1980150034674526,0.16694720391347187,0.008619501279090178,0.8133577668563589,0.41568146270026346,0.0008092387083659669,0.04975633997904254,3.212470415618405,2.4226029145125225,2.236441142141616,0.18616177237090642,1.6267154557946493,0.9760292734767894,0.6506861823178599,0.07425277089278877,0.051225794153606355,0.06500224166334936,1.2115530817249072,0.15763451545311158,0.0087224863847639
2272,0.7998775537954912,0.4134116818305859,0.009168576570230874,0.04893170351127854,3.106240957374908,2.3393173350088383,2.1463879404279025,0.19292939458093583,1.5997550282450084,0.9598530169470053,0.6399020112980031,0.07652608161294204,0.053151637207993624,0.06703314009642515,1.1980150069150521,0.1669472042015375,0.00861950129060139,0.8133577688891409,0.41568146251603855,0.0008092389002923167,0.04975634005095286,3.212470440040739,2.422602932103426,2.2364411618888655,0.1861617702145606,1.6267154635864562,0.9760292781518735,0.6506861854345828,0.07425277034428328,0.05122579368893802,0.06500224116048986,1.211553085035375,0.15763451570247025,0.00872248639539157
2273,0.7998775558329962,0.41341168164144343,0.009168576790455504,0.04893170355715122,3.106240981560715,2.339317352304913,2.146387959852951,0.192929392451962,1.599755036179606,0.9598530217077639,0.6399020144718421,0.07652608105711825,0.05315163673712555,0.06703313958647619,1.1980150101698777,0.16694720447521397,0.00861950130154109,0.8133577708223193,0.41568146234145725,0.0008092390830177071,0.04975634011652132,3.2124704632618557,2.422602948823959,2.2364411806584727,0.18616176816548627,1.6267154710056388,0.976029282603383,0.6506861884022559,0.07425276982498522,0.05122579324901286,0.06500224068429628,1.2115530881693726,0.1576345159396827,0.00872248640550413
2274,0.7998775577681705,0.4134116814627348,0.009168577000588735,0.0489317035962606,3.1062410045236635,2.339317368719119,2.1463879782867163,0.19292939043240287,1.5997550437282446,0.959853026236947,0.6399020174912976,0.07652608053263996,0.053151636292811964,0.06703313910510376,1.198015013240845,0.16694720473524685,0.008619501311939646,0.8133577726611498,0.4156814621762036,0.0008092392573236448,0.04975634017595992,3.212470485341473,2.4226029647181906,2.23644119849975,0.1861617662184407,1.626715478069539,0.976029286841723,0.650686191227816,0.07425276933351935,0.05122579283266586,0.06500224023350681,1.2115530911352117,0.15763451616540558,0.008722486415130525
2275,0.7998775596062525,0.41341168129400785,0.00916857720146215,0.04893170362871166,3.1062410263243585,2.3393173842957657,2.146387995778926,0.19292938851683986,1.5997550509090541,0.9598530305454328,0.6399020203636213,0.07652608003809976,0.05315163587386052,0.06703313865100463,1.1980150161362138,0.16694720498233712,0.00861950132182549,0.8133577744106811,0.4156814620199825,0.0008092394239865158,0.049756340229426016,3.2124705063368344,2.422602979828354,2.236441215459946,0.18616176436840814,1.626715484794815,0.9760292908768886,0.6506861939179265,0.07425276886859836,0.05122579243880643,0.06500223980693547,1.2115530939406725,0.15763451638026993,0.008722486424298634
2276,0.7998775613521459,0.4134116811347775,0.009168577393887725,0.04893170365450472,3.1062410470204136,2.3393173990768488,2.1463880123767733,0.19292938670007542,1.5997550577393995,0.9598530346436401,0.6399020230957594,0.07652607957221301,0.053151635479182946,0.06703313822297774,1.1980150188635224,0.16694720521713358,0.008619501331224674,0.8133577760757499,0.41568146187251154,0.0008092395837879518,0.04975634027700382,3.2124705263027735,2.422602994194879,2.236441231584292,0.18616176261058706,1.62671549119747,0.9760292947184815,0.6506861964789884,0.07425276842902886,0.05122579206642361,0.06500223940347555,1.2115530965929668,0.15763451658488015,0.008722486433035168
2277,0.7998775630103477,0.41341168098448555,0.009168577578657744,0.04893170367349421,3.1062410666662736,2.339317413101851,2.14638802812474,0.19292938497711118,1.5997550642358889,0.9598530385415337,0.6399020256943552,0.07652607913383679,0.05315163510781101,0.06703313781993726,1.1980150214294771,0.16694720544021777,0.008619501340160112,0.8133577776609658,0.4156814617335065,0.0008092397375296517,0.04975634031867674,3.2124705452917426,2.4226030078563934,2.2364412469160193,0.18616176094037407,1.626715497292873,0.9760292983757234,0.6506861989171496,0.0742527680137228,0.05122579171459564,0.06500223902210728,1.2115530990986714,0.1576345167798097,0.00872248644136545
2278,0.7998775645848303,0.41341168084244073,0.00916857775655449,0.04893170368532561,3.1062410853128544,2.339317426407357,2.146388043064232,0.1929293833431249,1.5997550704143695,0.9598530422486221,0.6399020281657474,0.07652607872199743,0.05315163475891987,0.0670331374409309,1.1980150238397917,0.16694720565208038,0.008619501348650263,0.8133577791706728,0.41568146160265873,0.0008092398860554684,0.049756340354284674,3.2124705633537354,2.4226030208496194,2.2364412614962683,0.18616175935335094,1.626715503095779,0.9760293018574671,0.6506862012383119,0.07425276762171423,0.05122579138250422,0.06500223866190885,1.2115531014636243,0.1576345169655936,0.008722486449312956
2279,0.7998775660788419,0.4134116807077219,0.00916857792835584,0.04893170368933775,3.106241103006864,2.339317439026366,2.1463880572329246,0.1929293817934411,1.5997550762898987,0.9598530457739396,0.6399020305159591,0.0765260783359305,0.053151634431861945,0.06703313708516617,1.198015026098952,0.16694720585308184,0.008619501356707072,0.8133577806088811,0.41568146147960033,0.0008092400302878583,0.049756340383457776,3.212470580536068,2.422603033209139,2.236441275363867,0.18616175784527203,1.6267155086203355,0.976029305172201,0.6506862034481345,0.07425276725218505,0.051225791069456295,0.0650022383220731,1.2115531036927698,0.15763451714271573,0.008722486456898625
2280,0.7998775674945888,0.41341168057903177,0.009168578094876638,0.048931703684407364,3.106241119789631,2.3393174509871244,2.1463880706636242,0.1929293803235,1.5997550818766773,0.9598530491260067,0.6399020327506706,0.07652607797513547,0.05315163412621318,0.06703313675204398,1.1980150282098951,0.1669472060433901,0.008619501364332698,0.8133577819791533,0.41568146136385375,0.0008092401712897768,0.04975634040551126,3.212470596882921,2.422603044966935,2.2364412885548743,0.18616175641206079,1.6267155138800782,0.9760293083280466,0.6506862055520316,0.07425276690450089,0.05122579077491446,0.06500223800192961,1.2115531057899411,0.15763451731158773,0.008722486464139664
2281,0.799877568832735,0.41341168045447724,0.009168578257074358,0.0489317036686913,3.10624113569513,2.3393174623112043,2.146388083382373,0.19292937892883114,1.5997550871879276,0.9598530523127569,0.6399020348751707,0.07652607763944297,0.0531516338418301,0.06703313644119328,1.1980150301736148,0.16694720622288492,0.00861950137151446,0.8133577832844455,0.415681461254775,0.0008092403104104362,0.04975634041927179,3.212470612434521,2.4226030561516136,2.2364413011017805,0.18616175504983326,1.6267155188879012,0.9760293113327404,0.6506862075551608,0.07425276657825791,0.05122579049853658,0.06500223770097001,1.21155310775758,0.15763451747252208,0.008722486471048087
2282,0.7998775700916539,0.41341168033126635,0.009168622725678782,0.04893170363917204,3.1062411507467034,2.3393174730103636,2.146388095405294,0.19292937760506976,1.5997550922356818,0.9598530553414094,0.6399020368942724,0.07652607732907607,0.053151633578901715,0.06703313615248017,1.1980150319888017,0.16694720639101693,0.008619501378217539,0.8133577845269405,0.4156814611515344,0.0008092824026655898,0.04975634042277444,3.2124706272257497,2.422603066787165,2.23644131303215,0.18616175375501498,1.6267155236560003,0.9760293141935997,0.6506862094624005,0.07425276627333197,0.05122579024021752,0.06500223741886262,1.2115531095964365,0.1576345176257079,0.008722486477629552
2283,0.7998775682345967,0.4134116801108305,0.009168568372179393,0.0489317037593802,3.1062411649515265,2.3393174596856663,2.1463880808415414,0.19292937884412498,1.599755140183308,0.9598530841099852,0.639902056073323,0.07652607740032624,0.05315163363926154,0.06703313615947781,1.1980150315642737,0.16694720642181327,0.008619501364762923,0.8133577826586678,0.4156814608265321,0.0008092307133101828,0.049756340467452975,3.21247064128397,2.4226030546042994,2.236441299851642,0.1861617547526574,1.6267155690538808,0.9760293414323281,0.6506862276215527,0.07425276640788674,0.05122579035420606,0.06500223745355958,1.211553108778919,0.15763451762082914,0.008722486463346838
2284,0.7998775698329577,0.41341167995628136,0.009168576107065785,0.04893170367617004,3.106241178659201,2.3393174738758304,2.1463880967776845,0.19292937709814595,1.5997551364691933,0.9598530818815163,0.639902054587677,0.07652607709519697,0.05315163338077023,0.0670331358636032,1.1980150333489232,0.16694720658054296,0.008619501373290043,0.8133577842669897,0.41568146072711387,0.0008092384579226619,0.04975634044404652,3.2124706545068134,2.4226030684245794,2.236441315316412,0.18616175310816735,1.6267155653173355,0.9760293391904009,0.6506862261269346,0.07425276607747473,0.05122579007429638,0.06500223715072287,1.2115531107719382,0.15763451777223875,0.008722486472178633
2285,0.7998775711183125,0.4134116799487303,0.009168575914181784,0.04893170371974315,3.1062411912713084,2.339317483493053,2.146388107471759,0.19292937602129423,1.599755139665915,0.9598530837995494,0.6399020558663657,0.07652607674837203,0.05315163308695627,0.06703313556853696,1.1980150353782886,0.16694720675250968,0.008619501381182542,0.813357785442869,0.4156814606900611,0.0008092379388811716,0.04975634049356123,3.2124706668729437,2.4226030777805803,2.2364413257525566,0.18616175202802385,1.6267155685339794,0.9760293411203872,0.6506862274135922,0.07425276576575152,0.05122578981021899,0.06500223688027236,1.211553112652037,0.15763451791574798,0.008722486478961232
2286,0.799877572229854,0.41341167985826366,0.009168575936751862,0.04893170370312993,3.1062412033769786,2.3393174929107854,2.1463881180350035,0.19292937487578185,1.599755142236625,0.9598530853419752,0.6399020568946497,0.0765260764860608,0.05315163286473842,0.06703313532740184,1.198015036911802,0.1669472068935445,0.008619501387263383,0.8133577865265883,0.4156814606058309,0.0008092380917084432,0.04975634050327578,3.21247067872018,2.422603087090104,2.236441336188738,0.1861617509013661,1.626715570885738,0.9760293425314422,0.6506862283542957,0.07425276550465096,0.05122578958902674,0.06500223664252565,1.2115531142262355,0.1576345180408766,0.008722486484754799
2287,0.799877573349657,0.413411679804435,0.009168576346681681,0.048931703701534796,3.1062412147510208,2.3393175018938908,2.1463881280751957,0.19292937381869485,1.599755144459708,0.959853086675825,0.639902057783883,0.07652607621559218,0.053151632635609986,0.06703313508764594,1.198015038493264,0.16694720703587354,0.008619501393720301,0.8133577875915862,0.4156814605448386,0.000809238394302858,0.049756340521891276,3.2124706899122297,2.4226030959324016,2.2364413460803245,0.1861617498520773,1.6267155730531764,0.9760293438319053,0.6506862292212711,0.07425276524426358,0.051225789368438655,0.06500223641083294,1.2115531157961776,0.15763451816448878,0.008722486490647245
2288,0.7998775743766048,0.413411679740745,0.009168576512331161,0.04893170368935702,3.106241225517282,2.3393175103113486,2.146388137497693,0.19292937281365533,1.599755146699314,0.9598530880195887,0.6399020586797254,0.07652607597500288,0.053151632431793924,0.06703313487162302,1.1980150398994716,0.16694720716643233,0.008619501399514768,0.8133577885818305,0.41568146047823723,0.0008092385553092191,0.049756340532433746,3.2124707005371755,2.4226031042789953,2.2364413554272726,0.18616174885172249,1.6267155751831723,0.9760293451099029,0.6506862300732694,0.07425276500686218,0.051225789167323246,0.06500223619779469,1.211553117227251,0.15763451827920222,0.008722486496035752
2289,0.7998775753569287,0.41341167968363796,0.009168576759417152,0.048931703675118246,3.106241235674092,2.339317518287074,2.146388146422166,0.19292937186490822,1.5997551487532098,0.9598530892519261,0.6399020595012836,0.07652607574869025,0.05315163224007238,0.06703313466933078,1.1980150412219825,0.16694720729060414,0.008619501405078896,0.813357789526307,0.41568146041661147,0.0008092387627667841,0.049756340540708585,3.212470710600033,2.4226031122053486,2.2364413643018373,0.18616174790351134,1.626715577163661,0.976029346298196,0.650686230865465,0.07425276478266231,0.05122578897739155,0.0650022359972002,1.211553118578589,0.1576345183883276,0.008722486501192547
2290,0.7998775762784408,0.4134116796281146,0.009168576961608887,0.048931703656656514,3.1062412452602035,2.339317525801086,2.1463881548318886,0.1929293709691974,1.5997551507138574,0.9598530904283148,0.6399020602855426,0.07652607554018934,0.05315163206344013,0.06703313448269531,1.1980150424400526,0.1669472074072316,0.008619501410292888,0.8133577904181095,0.41568146035671355,0.0008092389394281502,0.049756340545277805,3.212470720133281,2.4226031197061855,2.236441372701713,0.1861617470044725,1.626715579052614,0.9760293474315679,0.6506862316210461,0.07425276457370453,0.05122578880037225,0.06500223581006744,1.2115531198378604,0.15763451849123966,0.00872248650604613
2291,0.7998775771489682,0.4134116795757222,0.009168577163686083,0.04893170363489806,3.1062412543011995,2.3393175328910973,2.14638816276707,0.19292937012402742,1.5997551525568814,0.9598530915341292,0.6399020610227522,0.07652607534701114,0.05315163189978855,0.06703313430984961,1.1980150435682875,0.1669472075172023,0.008619501415218925,0.8133577912629577,0.4156814602995785,0.000809239113678098,0.04975634054682052,3.212470729160309,2.422603126811037,2.2364413806585786,0.18616174615245848,1.6267155808362188,0.9760293485017307,0.6506862323344881,0.07425276437822677,0.051225788634772576,0.06500223563505711,1.211553121015715,0.15763451858856475,0.008722486510640594
2292,0.7998775779698134,0.41341167952606117,0.009168577352624864,0.048931703609893434,3.106241262825184,2.339317539573555,2.146388170246422,0.1929293693271332,1.5997551542979365,0.9598530925787623,0.6399020617191742,0.0765260751685664,0.053151631748618464,0.0670331341501666,1.1980150446101454,0.16694720762076465,0.008619501419861527,0.8133577920623407,0.41568146024493274,0.0008092392772556592,0.049756340545406494,3.2124707377061834,2.422603133536014,2.2364413881906344,0.18616174534537952,1.6267155825259154,0.9760293495155488,0.6506862330103667,0.07425276419568892,0.05122578848013501,0.06500223547161876,1.2115531221154163,0.15763451868052594,0.008722486514982464
2293,0.7998775787440477,0.41341167947922997,0.009168577533285427,0.048931703581904955,3.106241270858374,2.339317545870744,2.1463881772945976,0.19292936857614632,1.5997551559396268,0.9598530935637765,0.6399020623758503,0.07652607500382559,0.05315163160905771,0.06703313400275124,1.1980150455716667,0.16694720771831942,0.0086195014242406,0.8133577928188821,0.4156814601928349,0.0008092394334432915,0.049756340541253066,3.2124707457945076,2.422603139900811,2.2364413953196993,0.18616174458111157,1.6267155841246814,0.9760293504748084,0.650686233649873,0.07425276402526693,0.05122578833576142,0.0650022353190323,1.211553123141945,0.15763451876744,0.008722486519088163
2294,0.7998775794740524,0.41341167943516743,0.00916857770512914,0.04893170355111606,3.106241278425934,2.3393175518019356,2.1463881839330767,0.19292936786885867,1.5997551574880953,0.9598530944928575,0.6399020629952378,0.07652607485196965,0.05315163148041244,0.06703313386686308,1.1980150464576587,0.1669472078101969,0.00861950142837033,0.8133577935347251,0.4156814601432317,0.000809239581979565,0.049756340534520105,3.212470753448005,2.4226031459229915,2.236441402065347,0.18616174385764475,1.6267155856377642,0.9760293513826581,0.6506862342551061,0.07425276386628069,0.05122578820107568,0.06500223517668355,1.211553124099411,0.15763451884957588,0.00872248652297018
2295,0.7998775801622733,0.41341167939385376,0.009168577869181495,0.04893170351771842,3.106241285552,2.3393175573862597,2.1463881901831368,0.19292936720312293,1.5997551589481047,0.9598530953688631,0.6399020635792416,0.07652607471219372,0.05315163136200076,0.06703313374178423,1.1980150472728432,0.166947207896728,0.0086195014322657,0.8133577942120346,0.4156814600960959,0.0008092397236358767,0.04975634052537248,3.212470760688503,2.4226031516198594,2.236441408446833,0.18616174317302656,1.6267155870694505,0.9760293522416699,0.6506862348277807,0.07425276371806333,0.051225788075512826,0.06500223504397712,1.2115531249918456,0.15763451892720093,0.008722486526641378
2296,0.799877580810983,0.4134116793552487,0.00916857802588611,0.04893170348188459,3.1062412922595883,2.3393175626417517,2.1463881960648603,0.19292936657689125,1.5997551603245463,0.9598530961947281,0.6399020641298182,0.07652607458376375,0.05315163125320086,0.06703313362685698,1.1980150480215288,0.16694720797822177,0.008619501435940423,0.8133577948528384,0.41568146005138595,0.0008092398587931093,0.04975634051396012,3.21247076753688,2.422603157007827,2.2364414144824387,0.18616174252538797,1.6267155884240692,0.976029353054441,0.6506862353696281,0.07425276358000013,0.05122578795855212,0.06500223492036192,1.2115531258229633,0.15763451900056558,0.00872248653011366
2297,0.7998775814223966,0.41341167931932904,0.009168578175882423,0.048931703443784114,3.1062412985707852,2.33931756758581,2.1463882015976052,0.19292936598820482,1.599755161621966,0.9598530969731799,0.6399020646487862,0.07652607446598453,0.0531516311534238,0.06703313352146023,1.198015048707794,0.1669472080549801,0.008619501439408005,0.8133577954591058,0.4156814600090707,0.0008092399879574899,0.049756340500429985,3.212470774013179,2.422603162102711,2.2364414201897733,0.18616174191293744,1.6267155897056769,0.9760293538234057,0.6506862358822711,0.07425276345150683,0.05122578784969856,0.06500223480531542,1.2115531265962955,0.15763451906991383,0.00872248653339866
2298,0.7998775819986013,0.41341167928606487,0.009168578319601148,0.04893170340357346,3.1062413045065975,2.3393175722349207,2.1463882067997213,0.19292936543519915,1.599755162844793,0.959853097706876,0.639902065137917,0.07652607435821619,0.053151631062127475,0.06703313342502093,1.1980150493353945,0.16694720812728744,0.008619501442681107,0.8133577960326983,0.4156814599691135,0.0008092401114866421,0.049756340484918275,3.212470780136513,2.42260316691955,2.236441425585586,0.18616174133396376,1.6267155909182118,0.9760293545509268,0.6506862363672851,0.07425276333204106,0.05122578774849273,0.06500223469835181,1.2115531273151203,0.15763451913547594,0.008722486536507326
2299,0.7998775825416192,0.4134116792554403,0.009168578457561138,0.04893170336140558,3.10624131008714,2.339317576604916,2.1463882116888184,0.1929293649160978,1.5997551639972025,0.9598530983983217,0.6399020655988809,0.07652607425985392,0.05315163097879952,0.06703313333699862,1.1980150499078785,0.16694720819542075,0.00861950144577211,0.8133577965754155,0.4156814599314878,0.0008092402298003204,0.0497563404675579,3.21247078592519,2.422603171472786,2.2364414306859524,0.18616174078683323,1.6267155920653968,0.9760293552392377,0.6506862368261591,0.07425276322108862,0.051225787654498985,0.06500223459901111,1.211553127982545,0.15763451919747562,0.008722486539450309
2300,0.7998775830533723,0.4134116792274406,0.00916857859015735,0.04893170331742536,3.106241315331583,2.3393175807108513,2.1463882162816397,0.1929293644292117,1.5997551650832382,0.9598530990499431,0.6399020660332951,0.07652607417033608,0.05315163090296419,0.06703313325689085,1.1980150504285423,0.16694720825964401,0.00861950144869279,0.8133577970889684,0.415681459896167,0.0008092403432237855,0.04975634044847468,3.2124707913966786,2.4226031757761692,2.23644143550618,0.186161740269989,1.6267155931508313,0.9760293558904983,0.6506862372603329,0.07425276311816904,0.051225787567310305,0.06500223450686315,1.2115531286014742,0.15763451925612576,0.008722486542237728
2301,0.7998775835357166,0.4134116792020619,0.00916857871782295,0.04893170327177372,3.106241320258279,2.3393175845671643,2.1463882205942317,0.1929293639729326,1.5997551661067446,0.9598530996640469,0.6399020664426978,0.07652607408913066,0.05315163083417073,0.06703313318422202,1.1980150509005072,0.1669472083202135,0.008619501451454603,0.8133577975750063,0.4156814598631326,0.0008092404521111221,0.04975634042779076,3.212470796567702,2.422603179842886,2.2364414400609407,0.1861617397819454,1.6267155941779365,0.9760293565067616,0.650686237671175,0.07425276302282602,0.051225787486540136,0.0650022344214997,1.2115531291746648,0.15763451931163233,0.008722486544879404
2302,0.7998775839904434,0.41341167917931226,0.009168578840958605,0.04893170322458902,3.1062413248848193,2.339317588187691,2.146388224641959,0.19292936354573176,1.5997551670714334,0.9598531002428602,0.6399020668285732,0.07652607401573513,0.053151630771993454,0.06703313311854307,1.1980150513267227,0.16694720837737836,0.00861950145406871,0.8133577980351159,0.41568145983237337,0.000809240556784864,0.04975634040562538,3.2124708014542844,2.422603183685564,2.236441444364277,0.18616173932128727,1.6267155951500123,0.9760293570900072,0.6506862380600051,0.07425276293462754,0.05122578741182249,0.06500223434253435,1.2115531297047284,0.15763451936419495,0.008722486547384837
2303,0.7998775844192842,0.4134116791592085,0.009168578959945925,0.04893170317600595,3.1062413292281117,2.3393175915857296,2.1463882284395797,0.19292936314615008,1.5997551679808866,0.959853100788532,0.6399020671923545,0.07652607394967287,0.05315163071602859,0.06703313305942799,1.198015051709985,0.16694720843138133,0.008619501456545981,0.8133577984708296,0.41568145980388604,0.0008092406575616051,0.04975634038209438,3.2124708060718077,2.4226031873163327,2.236441448429669,0.18616173888666343,1.6267155960702315,0.9760293576421387,0.6506862384280928,0.07425276285316294,0.05122578734280947,0.06500223426959975,1.2115531301941467,0.1576345194140074,0.008722486549763283
2304,0.7998775848239373,0.41341167914178734,0.009168579075198774,0.04893170312616135,3.1062413333044825,2.3393175947741405,2.146388232001341,0.19292936277279904,1.5997551688385685,0.9598531013031412,0.6399020675354273,0.07652607389048466,0.05315163066588709,0.06703313300646685,1.198015052052989,0.1669472084824629,0.00861950145889727,0.8133577988836379,0.41568145977768,0.0008092407547642191,0.04975634035731422,3.2124708104350868,2.4226031907468775,2.2364414522700917,0.18616173847678558,1.626715596941659,0.9760293581649951,0.6506862387766638,0.07425276277803733,0.05122578727916655,0.06500223420234304,1.211553130645306,0.1576345194612599,0.008722486552023855
2305,0.7998775852060118,0.41341167912708204,0.009168579186983147,0.04893170307518413,3.1062413371295206,2.339317597765152,2.1463882353407957,0.19292936242435613,1.5997551696478747,0.9598531017887248,0.6399020678591498,0.07652607383774097,0.05315163062120508,0.06703313295927521,1.1980150523582556,0.16694720853085226,0.008619501461132825,0.813357799274958,0.4156814597537632,0.0008092408486239239,0.049756340331394686,3.2124708145582717,2.422603193988332,2.2364414558979067,0.18616173809042535,1.6267155977672756,0.9760293586603651,0.6506862391069105,0.0742527627088799,0.05122578722057958,0.06500223414043202,1.2115531310604482,0.15763451950613402,0.008722486554175202
2306,0.7998775855671224,0.4134116791151536,0.009168579295757803,0.04893170302320976,3.106241340718424,2.3393176005707645,2.14638823847121,0.19292936209955489,1.5997551704120234,0.959853102247214,0.6399020681648094,0.07652607379101538,0.05315163058162134,0.06703313291747304,1.1980150526282864,0.16694720857678222,0.008619501463263186,0.8133577996461947,0.41568145973216314,0.0008092409394920563,0.049756340304449656,3.2124708184550856,2.422603197051544,2.2364414593251363,0.1861617377264076,1.626715598549916,0.9760293591299494,0.6506862394199666,0.07425276264532518,0.05122578716673898,0.0650022340835406,1.2115531314417813,0.15763451954881205,0.008722486556226093
2307,0.7998775859088226,0.41341167910606746,0.009168579401817922,0.048931702970370736,3.106241344085858,2.339317603202498,2.146388241405311,0.19292936179718703,1.5997551711342448,0.9598531026805468,0.639902068453698,0.07652607374990153,0.0531516305467916,0.06703313288069707,1.1980150528654663,0.16694720862047926,0.008619501465298562,0.8133577999986982,0.4156814597129108,0.0008092410276114639,0.04975634027658997,3.212470822138745,2.4226031999469213,2.2364414625633113,0.1861617373836099,1.6267155992923894,0.9760293595754334,0.650686239716956,0.07425276258702511,0.05122578711734989,0.06500223403135734,1.2115531317914092,0.15763451958947033,0.008722486558184975
2308,0.7998775862326446,0.4134116790999041,0.009168579505533875,0.048931702916801594,3.1062413472460686,2.3393176056715754,2.1463882441554816,0.19292936151609377,1.599755171817645,0.9598531030905869,0.6399020687270581,0.07652607371400064,0.05315163051637804,0.06703313284859144,1.1980150530721352,0.16694720866216858,0.008619501467249147,0.8133578003337902,0.41568145969604786,0.0008092411132699789,0.04975634024792719,3.2124708256220247,2.422603202684545,2.2364414656235874,0.18616173706095773,1.6267155999973961,0.9760293599984374,0.6506862399989587,0.07425276253364002,0.05122578707212453,0.06500223398357877,1.2115531321113846,0.15763451962828331,0.008722486560060241
2309,0.7998775865400936,0.4134116790967555,0.009168579607253327,0.04893170286263836,3.1062413502129274,2.3393176079889164,2.146388246733754,0.19292936125516247,1.5997551724652892,0.9598531034791734,0.6399020689861158,0.076526073682922,0.05315163049004965,0.0670331328208074,1.198015053250586,0.16694720870207402,0.008619501469125077,0.8133578006527624,0.4156814596816246,0.0008092411967415836,0.04975634021857324,3.212470828917317,2.4226032052741893,2.236441468516769,0.18616173675742018,1.6267156006675805,0.9760293604005481,0.6506862402670324,0.07425276248483895,0.051225787030782524,0.06500223393990914,1.2115531324037083,0.15763451966542294,0.008722486561860174
2310,0.7998775868326645,0.4134116790967295,0.009168579707355948,0.048931702808020006,3.1062413530000255,2.339317610165234,2.1463882491519133,0.19292936101332084,1.5997551730801873,0.9598531038481123,0.639902069232075,0.0765260736562785,0.05315163046747853,0.06703313279699961,1.1980150534030896,0.1669472087404203,0.00861950147093657,0.8133578009568855,0.4156814596697019,0.0008092412783128472,0.049756340188641474,3.2124708320366895,2.42260320772538,2.2364414712533747,0.18616173647200537,1.6267156013055248,0.9760293607833147,0.6506862405222101,0.07425276244029616,0.05122578699304795,0.0650022339000575,1.2115531326703484,0.15763451970106016,0.008722486563593018
2311,0.7998775871118428,0.41341167909994914,0.009168579806218588,0.048931702753090306,3.106241355620705,2.339317612211043,2.1463882514215076,0.19292936078953557,1.599755173665329,0.9598531041991973,0.6399020694661317,0.07652607363368408,0.05315163044833759,0.06703313277682382,1.1980150535319118,0.16694720877743346,0.008619501472693913,0.8133578012474135,0.41568145966035225,0.0008092413582745928,0.049756340158247994,3.21247083499191,2.4226032100474084,2.2364414738436476,0.18616173620376064,1.626715601913771,0.9760293611482624,0.6506862407655085,0.07425276239968986,0.051225786958648184,0.06500223386373656,1.2115531329132498,0.15763451973536566,0.008722486565267038
2312,0.7998775873790769,0.4134116791065404,0.00916857990415354,0.048931702697991714,3.1062413580879786,2.339317614136575,2.1463882535537673,0.1929293605828077,1.5997551742236855,0.9598531045342112,0.6399020696894743,0.07652607361475944,0.05315163043230551,0.0670331327599412,1.1980150536392784,0.16694720881333583,0.008619501474407192,0.8133578015255625,0.41568145965364967,0.0008092414368629369,0.04975634012750718,3.2124708377944,2.422603212249271,2.236441476297504,0.18616173595176716,1.626715602494827,0.9760293614968961,0.6506862409979309,0.07425276236270567,0.051225786927316885,0.06500223383066517,1.211553133134313,0.15763451976850623,0.008722486566890265
2313,0.7998775876358628,0.41341167911666094,0.009168580001666565,0.048931702642879535,3.106241360414856,2.339317615952129,2.146388255559964,0.1929293603921655,1.5997551747581538,0.9598531048548922,0.6399020699032616,0.07652607359910976,0.05315163041904783,0.06703313274600063,1.1980150537275065,0.16694720884836017,0.008619501476087078,0.8133578017925698,0.4156814596496907,0.0008092415144465154,0.04975634009654211,3.2124708404554614,2.4226032143399223,2.2364414786247866,0.18616173571513586,1.6267156030511252,0.9760293618306749,0.6506862412204503,0.07425276232902119,0.05122578689878097,0.06500223380055617,1.2115531333354856,0.15763451980065388,0.00872248656847108
2314,0.7998775878836779,0.4134116791304762,0.009168580099118653,0.048931702587910984,3.1062413626142225,2.33931761766785,2.146388257451187,0.1929293602166632,1.5997551752717258,0.9598531051630353,0.6399020701086905,0.0765260735863424,0.053151630408231926,0.06703313273465171,1.1980150537988987,0.16694720888273912,0.008619501477744172,0.8133578020496508,0.41568145964857695,0.0008092415912979226,0.04975634006547665,3.212470842986206,2.4226032163281266,2.2364414808351225,0.1861617354930043,1.6267156035851393,0.9760293621510834,0.650686241434056,0.07425276229831818,0.05122578687277081,0.06500223377312526,1.211553133518691,0.15763451983197974,0.00872248657001777
2315,0.7998775881240543,0.41341167914818383,0.009168580197043266,0.04893170253325691,3.106241364699047,2.3393176192940097,2.146388259238634,0.19292936005537584,1.5997551757673556,0.9598531054604131,0.6399020703069425,0.07652607357604764,0.05315163039951068,0.06703313272553009,1.198015053855861,0.1669472089167173,0.008619501479389726,0.8133578022980466,0.4156814596504324,0.0008092416677943082,0.049756340034443916,3.2124708453976907,2.422603218222645,2.23644148293811,0.18616173528453475,1.6267156040993016,0.9760293624595807,0.6506862416397209,0.07425276227026922,0.05122578684900904,0.06500223374808081,1.2115531336859091,0.1576345198626606,0.008722486571538984
2316,0.7998775883585065,0.41341167916998856,0.009168580295816395,0.04893170247909084,3.106241366682198,2.3393176208407356,2.146388260933333,0.19292935990740243,1.5997551762481088,0.9598531057488652,0.6399020704992436,0.07652607356781685,0.05315163039253793,0.06703313271827117,1.1980150539007894,0.16694720895053952,0.008619501481034927,0.8133578025389762,0.4156814596553854,0.0008092417442104594,0.049756340003578155,3.2124708477008013,2.4226032200320593,2.2364414849431453,0.18616173508891415,1.6267156045960933,0.9760293627576557,0.6506862418384376,0.07425276224455031,0.05122578682722117,0.06500223372513338,1.2115531338390975,0.15763451989287264,0.008722486573043281
2317,0.7998775885886223,0.4134116791961305,0.009168580396030732,0.04893170242560226,3.1062413685767543,2.3393176223184002,2.1463882625465467,0.19292935977185352,1.599755176717013,0.9598531060302077,0.6399020706868054,0.07652607356121763,0.05315163038694737,0.06703313271249066,1.198015053936223,0.16694720898446516,0.00861950148269174,0.8133578027736972,0.41568145966358816,0.000809241820959046,0.04975633997302466,3.2124708499064627,2.422603221765038,2.2364414868596914,0.18616173490534643,1.6267156050779523,0.9760293630467712,0.6506862420311811,0.0742527622208233,0.051225786807120754,0.06500223370398205,1.2115531339802992,0.15763451992279953,0.008722486574539659
2318,0.7998775888160283,0.4134116792268765,0.009168580498215582,0.04893170237299295,3.1062413703959795,2.339317623737489,2.146388264089633,0.1929293596478563,1.5997551771772442,0.9598531063063465,0.6399020708708978,0.07652607355580414,0.05315163038236132,0.06703313270779185,1.198015053964777,0.166947209018764,0.008619501484372604,0.8133578030034846,0.41568145967521086,0.0008092418984108063,0.049756339942936885,3.21247085202563,2.4226032234302486,2.236441488697194,0.18616173473305458,1.6267156055473946,0.9760293633284365,0.6506862422189581,0.07425276219874363,0.05122578678841588,0.06500223368431973,1.2115531341115973,0.1576345199526303,0.008722486576037396
2319,0.7998775890424229,0.41341167926252453,0.009168580602987204,0.04893170232147798,3.1062413721534967,2.3393176251088006,2.146388265574263,0.19292935953453744,1.5997551776320564,0.9598531065792338,0.6399020710528226,0.07652607355111152,0.053151630378385946,0.06703313270376109,1.1980150539891787,0.16694720905372093,0.008619501486090681,0.8133578032296547,0.4156814596904451,0.0008092419769989284,0.04975633991347771,3.2124708540694256,2.4226032250365126,2.236441490465244,0.18616173457126847,1.6267156060069692,0.9760293636041814,0.6506862424027878,0.07425276217795497,0.05122578677080469,0.06500223366582905,1.211553134235145,0.15763451998256287,0.008722486577546217
2320,0.7998775892696277,0.4134116793034339,0.009168580711102416,0.04893170227130156,3.106241373863424,2.3393176264435596,2.1463882670125165,0.1929293594310432,1.5997551780848456,0.9598531068509074,0.6399020712339382,0.07652607354663948,0.053151630374597435,0.067033132699955,1.1980150540123642,0.1669472090896464,0.00861950148786043,0.813357803453593,0.41568145970952236,0.0008092420572267944,0.049756339884830046,3.2124708560491952,2.422603226592849,2.2364414921736095,0.18616173441923953,1.6267156064593093,0.9760293638755855,0.6506862425837239,0.07425276215808026,0.05122578675396776,0.06500223364817524,1.211553134353221,0.15763452001280867,0.008722486579076625
2321,0.7998775894994166,0.41341167934995415,0.009168580822944826,0.0489317022227042,3.106241375539837,2.3393176277528127,2.1463882684162834,0.19292935933652922,1.5997551785392554,0.9598531071235533,0.6399020714157021,0.07652607354189694,0.05315163037057978,0.06703313269593462,1.1980150540372154,0.16694720912684724,0.008619501489695942,0.8133578036766437,0.4156814597326669,0.0008092421393571386,0.04975633985717352,3.2124708579761627,2.422603228108084,2.2364414938318515,0.18616173427623273,1.6267156069071858,0.9760293641443113,0.6506862427628745,0.0742527621387505,0.051225786737592496,0.0650022336310282,1.2115531344680561,0.1576345200435766,0.008722486580638806
2322,0.7998775897339079,0.41341167940256396,0.00916858093981772,0.04893170217598601,3.1062413771982254,2.3393176290490567,2.1463882697989254,0.19292935925013116,1.5997551789988333,0.9598531073993001,0.6399020715995333,0.07652607353629892,0.0531516303658374,0.06703313269118441,1.1980150540671644,0.1669472091656911,0.008619501491614579,0.8133578039003747,0.4156814597601901,0.000809242224265469,0.04975633983073058,3.212470859862426,2.42260322959196,2.2364414954504537,0.18616173414150672,1.6267156073532874,0.9760293644119723,0.650686242941315,0.07425276211953488,0.051225786721313914,0.06500223361400762,1.211553134582253,0.15763452007511197,0.008722486582245103
2323,0.7998775899752949,0.4134116794617862,0.009168581062460435,0.048931702131467386,3.1062413788548575,2.33931763034516,2.146388271174168,0.1929293591709921,1.5997551794678158,0.9598531076806895,0.6399020717871262,0.07652607352924778,0.05315163035986402,0.06703313268517301,1.198015054105718,0.16694720920656878,0.008619501493634557,0.8133578041263938,0.4156814597924317,0.0008092423124383408,0.04975633980573766,3.212470861720523,2.422603231054404,2.2364414970400737,0.1861617340143306,1.6267156078007492,0.9760293646804494,0.6506862431202998,0.07425276209999618,0.05122578670476163,0.0650022335967243,1.2115531346984547,0.15763452010767304,0.008722486583908355
2324,0.7998775902260442,0.4134116795282508,0.009168581192087272,0.04893170208951672,3.106241380527285,2.339317631655172,2.146388272556931,0.19292935909824088,1.5997551799505898,0.959853107970354,0.6399020719802359,0.0765260735200818,0.05315163035209902,0.06703313267731495,1.1980150541567594,0.16694720924992273,0.008619501495776746,0.8133578043564824,0.4156814598298023,0.0008092424046758848,0.0497563397824655,3.212470863563774,2.422603232506072,2.2364414986121015,0.18616173389397017,1.6267156082527878,0.9760293649516726,0.6506862433011152,0.07425276207965503,0.05122578668752957,0.06500223357875373,1.211553134819558,0.15763452014154913,0.008722486585643098
2325,0.7998775904888931,0.41341167960270153,0.009168581329958403,0.04893170205055252,3.106241382234598,2.339317632994343,2.1463882739633453,0.19292935903099784,1.5997551804520882,0.9598531082712529,0.6399020721808353,0.0765260735080812,0.05315163034193267,0.0670331326669733,1.198015054224512,0.16694720929625154,0.00861950149806468,0.8133578045925943,0.41568145987278693,0.0008092425018041,0.04975633976122075,3.2124708654064658,2.422603233958376,2.236441500178687,0.18616173377968864,1.6267156087129648,0.9760293652277787,0.6506862434851861,0.07425276205799454,0.0512257866691798,0.06500223355963786,1.211553134948687,0.1576345201770632,0.008722486587465599
2326,0.7998775907669508,0.4134116796860318,0.009168581477614068,0.04893170201505876,3.106241383997879,2.339317634379572,2.1463882754112076,0.1929293589683641,1.599755180977786,0.9598531085866716,0.6399020723911143,0.07652607349244883,0.05315163032868966,0.06703313265344371,1.1980150543136534,0.16694720934612808,0.00861950150052554,0.8133578048369239,0.41568145992197086,0.0008092426048272802,0.04975633974235717,3.212470867264147,2.4226032354237765,2.236441501753034,0.18616173367074274,1.6267156091851886,0.9760293655111131,0.6506862436740756,0.07425276203444658,0.05122578664923108,0.06500223353887423,1.2115531350892752,0.15763452021458277,0.00872248658939449
2327,0.7998775910637861,0.41341167977932247,0.009168581636855001,0.04893170198359909,3.106241385840712,2.339317635829791,2.146388276920371,0.1929293589094197,1.5997551815339013,0.9598531089203409,0.6399020726135604,0.07652607347229809,0.053151630311618875,0.06703313263594357,1.1980150544293857,0.16694720940021768,0.008619501503191015,0.8133578050919635,0.41568145997806194,0.0008092427149133871,0.04975633972628606,3.2124708691539863,2.422603236916054,2.2364415033496776,0.18616173356637652,1.6267156096738478,0.9760293658043085,0.6506862438695392,0.07425276200838342,0.05122578662715157,0.06500223351590825,1.211553135245116,0.15763452025453212,0.008722486591451329
2328,0.7998775913835598,0.4134116798838952,0.009168581809854935,0.048931701956837305,3.106241387789858,2.339317637366534,2.146388278513314,0.19292935885322007,1.5997551821275724,0.9598531092765437,0.6399020728510287,0.07652607344663298,0.0531516302898766,0.06703313261359503,1.198015054577554,0.16694720945930414,0.008619501506098585,0.8133578053605933,0.41568146004192813,0.000809242833469101,0.0497563397134914,3.212470871095229,2.422603238450693,2.2364415049848727,0.1861617334658205,1.626715610183927,0.9760293661103561,0.650686244073571,0.07425276197910385,0.05122578660234729,0.0650022334901213,1.211553135420448,0.15763452029740754,0.008722486593661488
2329,0.7998775917311778,0.4134116800013755,0.009168581999223588,0.0489317019355618,3.1062413898760997,2.3393176390146158,2.1463882802158274,0.19292935879878848,1.59975518276712,0.9598531096602722,0.6399020731068478,0.07652607341432499,0.05315163026250677,0.06703313258540462,1.19801505476478,0.16694720952432093,0.00861950150929305,0.8133578056461834,0.41568146011463847,0.0008092429621798375,0.04975633970454782,3.212470873109775,2.422603240045347,2.236441506677063,0.18616173336828404,1.6267156107211869,0.9760293664327119,0.650686244288475,0.07425276194581708,0.051225786574148266,0.06500223346081672,1.2115531356200502,0.15763452034379716,0.008722486596055139
2330,0.799877592112504,0.41341168013378127,0.0091685822081553,0.04893170192071771,3.106241392135332,2.339317640803032,2.1463882820579183,0.19292935874511363,1.5997551834623556,0.9598531100774136,0.639902073384942,0.07652607337408612,0.05315163022841826,0.06703313255024017,1.1980150549986215,0.16694720959639373,0.008619501512828616,0.8133578059527398,0.4156814601975227,0.0008092431031100772,0.04975633970014446,3.212470875222926,2.4226032417204584,2.236441508447506,0.18616173327295243,1.6267156112923669,0.9760293667754198,0.650686244516947,0.07425276190762355,0.051225786541792495,0.06500223342720333,1.2115531358493588,0.1576345203944077,0.008722486598668693
2331,0.799877592534651,0.4134116802836443,0.009168582440623761,0.04893170191345128,3.1062413946100498,2.3393176427661904,2.146388284075045,0.19292935869114564,1.599755184225008,0.9598531105350051,0.6399020736900028,0.07652607332442926,0.053151630186351294,0.06703313250679685,1.1980150552878048,0.16694720967689813,0.008619501516771787,0.8133578062850969,0.41568146029225217,0.0008092432588211532,0.049756339701117897,3.2124708774644093,2.4226032435001033,2.236441510321122,0.18616173317898138,1.6267156119054795,0.9760293671432874,0.6506862447621922,0.07425276186348717,0.051225786504402224,0.06500223338837159,1.2115531361146357,0.1576345204501004,0.008722486601546686
2332,0.7998775930063255,0.41341168045416143,0.009168582701528871,0.04893170191516168,3.10624139735112,2.3393176449453414,2.1463882863095383,0.19292935863580324,1.599755185069302,0.9598531110415814,0.6399020740277205,0.07652607326363309,0.05315163013484761,0.06703313245356662,1.1980150556424305,0.1669472097675313,0.008619501521204819,0.8133578066491529,0.4156814604009404,0.0008092434324729891,0.049756339708490444,3.2124708798695876,2.42260324541297,2.2364415123274717,0.1861617330854983,1.6267156125701938,0.976029367542116,0.6506862450280778,0.07425276181221074,0.05122578646096322,0.06500223334327215,1.2115531364231167,0.157634520511936,0.008722486604744145
2333,0.7998775935383253,0.4134116806494031,0.009168582997064384,0.04893170192757477,3.106241400420274,2.339317647390654,2.146388288812683,0.1929293585779707,1.599755186012651,0.959853111607591,0.6399020744050601,0.07652607318967998,0.05315163007219797,0.06703313238878532,1.1980150560743377,0.16694720987041065,0.008619501526230677,0.8133578070522082,0.41568146052628546,0.0008092436280699167,0.04975633972352537,3.212470882481187,2.422603247493802,2.2364415145022036,0.1861617329915984,1.6267156132983056,0.9760293679789831,0.6506862453193225,0.07425276175239169,0.05122578641028729,0.06500223329067836,1.2115531367832784,0.15763452058123703,0.008722486608329926
2334,0.7998775941441859,0.41341168087459895,0.009168583335088291,0.04893170195283806,3.1062414038933057,2.3393176501638355,2.146388291647315,0.19292935851652032,1.5997551870766507,0.9598531122459908,0.6399020748306599,0.07652607310019278,0.053151629996388575,0.06703313231037866,1.1980150565974759,0.1669472099882065,0.00861950153197956,0.8133578075034009,0.4156814606717593,0.0008092438506862865,0.049756339747797536,3.212470885351495,2.4226032497851975,2.2364415168888456,0.18616173289635188,1.6267156141044163,0.9760293684626495,0.6506862456417668,0.07425276168237738,0.05122578635097441,0.06500223322914789,1.2115531372051092,0.15763452065967082,0.00872248661239108
2335,0.7998775948410591,0.41341168113652615,0.009168583725673689,0.048931701993648526,3.1062414078643297,2.339317653341652,2.146388294891306,0.1929293584503461,1.5997551882883718,0.9598531129730234,0.6399020753153484,0.07652607299235266,0.053151629905031444,0.06703313221589269,1.198015057228386,0.16694721012432054,0.00861950153861778,0.8133578080143072,0.41568146084187074,0.0008092441068446726,0.049756339783289,3.2124708885453135,2.4226032523400525,2.2364415195412324,0.1861617327988201,1.6267156150068018,0.9760293690040809,0.650686246002721,0.07425276160020647,0.05122578628136305,0.0650022331569732,1.2115531377004625,0.15763452074936316,0.008722486617038897
2336,0.7998775956509019,0.41341168144404,0.009168584181844623,0.04893170205342365,3.106241412451508,2.339317657020657,2.1463882986422367,0.19292935837842023,1.599755189682118,0.9598531138092712,0.6399020758728469,0.07652607286279497,0.0531516297952762,0.06703313210240566,1.1980150579868116,0.16694721028312887,0.008619501546359844,0.8133578085997517,0.41568146104252357,0.0008092444049900005,0.04975633983251704,3.2124708921439344,2.4226032552248493,2.236441522526766,0.18616173269808345,1.6267156160286145,0.9760293696171685,0.650686246411446,0.07425276150353435,0.05122578619946694,0.06500223307211839,1.2115531382835085,0.15763452085305127,0.008722486622417074
2337,0.7998775966021863,0.4134116818088666,0.009168584720751799,0.04893170213654442,3.106241417804803,2.3393176613236624,2.1463883030237207,0.19292935829994173,1.5997551913018033,0.9598531147810823,0.6399020765207211,0.07652607270749703,0.05315162966371503,0.06703313196643629,1.1980150588963576,0.16694721047033376,0.008619501555486046,0.8133578092789712,0.4156814612815494,0.0008092447562575919,0.04975633989871599,3.2124708962505295,2.4226032585241524,2.236441525930828,0.18616173259332447,1.6267156171995032,0.9760293703197017,0.6506862468798015,0.07425276138955228,0.05122578610290663,0.06500223297215303,1.2115531389712229,0.15763452097430652,0.008722486628713652
2338,0.7998775977321326,0.4134116822466093,0.009168585364909346,0.04893170224867015,3.106241424116715,2.339317666408551,2.146388308194091,0.19292935821445992,1.5997551932043728,0.9598531159226239,0.6399020772817489,0.07652607252160512,0.05315162950623604,0.06703313180379727,1.1980150599855066,0.1669472106934222,0.008619501566365251,0.8133578100771424,0.41568146156938757,0.0008092451752885685,0.0497563399860738,3.212470900997637,2.4226032623467617,2.236441529862872,0.1861617324838897,1.6267156185579423,0.9760293711347652,0.6506862474231772,0.07425276125486216,0.05122578598880342,0.06500223285414629,1.2115531397841437,0.1576345211178254,0.008722486636176443
2339,0.7998775990900013,0.4134116827782773,0.009168586144563007,0.048931702397197414,3.1062414316370637,2.339317672480676,2.1463883143585045,0.1929293581221716,1.5997551954642653,0.9598531172785594,0.6399020781857059,0.07652607229923786,0.05315162931785684,0.0670331316094366,1.1980150612887708,0.16694721096234233,0.008619501579488823,0.8133578110276286,0.41568146192011446,0.0008092456817777871,0.04975634010007656,3.2124709065574883,2.4226032668343724,2.236441534464918,0.1861617323694545,1.6267156201542847,0.9760293720925706,0.6506862480617142,0.07425276109533352,0.051225785853658196,0.06500223271455115,1.2115531407472335,0.1576345212898574,0.008722486645136071
2340,0.7998776007416025,0.4134116834323737,0.009168587100428616,0.04893170259188653,3.106241440693736,2.339317679810034,2.1463883217857345,0.1929293580242995,1.5997551981800022,0.9598531189080015,0.6399020792720007,0.07652607203322519,0.053151629092503275,0.06703313137722355,1.1980150628482242,0.16694721129043333,0.008619501595517056,0.8133578121750532,0.41568146235284376,0.0008092463022459084,0.049756340247979425,3.2124709131565083,2.422603272173578,2.236441539923354,0.18616173225022364,1.6267156220552574,0.9760293732331542,0.6506862488221032,0.07425276090591135,0.05122578569318853,0.06500223254904659,1.2115531418910448,0.1576345214987933,0.00872248665603736
2341,0.7998776027757307,0.4134116842478937,0.009168588287952938,0.048931702845752434,3.106241451721739,2.3393176887555,2.1463883308318157,0.19292935792368415,1.599755201483205,0.9598531208899233,0.6399020805932818,0.07652607171477477,0.05315162882272691,0.06703313109968133,1.1980150647154617,0.16694721169575266,0.008619501615345639,0.8133578135796717,0.4156814628937273,0.0008092470727936243,0.04975634043947638,3.212470921095621,2.4226032786127987,2.236441546485557,0.18616173212724163,1.6267156243501066,0.9760293746100638,0.6506862497400429,0.07425276068036832,0.05122578550211897,0.06500223235233855,1.2115531432532136,0.15763452175600037,0.008722486669484077
2342,0.7998776053132794,0.4134116852785964,0.009168589783171907,0.04893170317632936,3.10624146530419,2.3393176997989813,2.146388341973313,0.19292935782566825,1.5997552055514612,0.9598531233308769,0.6399020822205843,0.07652607133305789,0.05315162849935413,0.06703313076766027,1.1980150669540266,0.16694721220295988,0.00861950164019995,0.8133578153235291,0.41568146357878144,0.0008092480428145005,0.0497563406876512,3.2124709307788506,2.4226032864860887,2.2364415544832448,0.1861617320028439,1.6267156271593435,0.9760293762956059,0.6506862508637375,0.0742527604109923,0.05122578527391614,0.06500223211791163,1.2115531448803518,0.1576345220770008,0.008722486686302069
2343,0.7998776085203576,0.41341168659920363,0.009168591691270246,0.048931703607503985,3.1062414822305384,2.3393177135940832,2.146388355854603,0.19292935773948006,1.599755210626559,0.9598531263759355,0.6399020842506234,0.07652607087472438,0.05315162811107531,0.06703313036997022,1.1980150696422598,0.16694721284603237,0.008619501671771276,0.8133578175192265,0.41568146445792675,0.0008092492802957846,0.04975634101035408,3.212470942753814,2.4226032962469084,2.2364415643655793,0.18616173188132923,1.6267156306470583,0.9760293783882347,0.6506862522588236,0.07425276008820991,0.051225785000469926,0.06500223183774023,1.2115531468303191,0.15763452248315138,0.008722486707629196
2344,0.7998776126276964,0.41341168831472946,0.009168594159547364,0.04893170417228191,3.10624150358045,2.339317731036636,2.1463883733560207,0.19292935768061542,1.599755217040715,0.9598531302244291,0.6399020868162859,0.07652607032349493,0.05315162764409939,0.06703312989312393,1.1980150728756904,0.1669472136723012,0.008619501712419712,0.8133578203226678,0.4156814656009197,0.0008092508795342762,0.04975634143227281,3.2124709577696966,2.4226033085166865,2.236441576746625,0.1861617317700616,1.6267156350384533,0.9760293810230718,0.6506862540153815,0.07425275970023493,0.051225784671795574,0.0650022315020514,1.2115531491743499,0.1576345230040918,0.008722486735046777
2345,0.7998776179603626,0.4134116905751066,0.009168597396839374,0.04893170491733515,3.1062415308476754,2.3393177533696403,2.1463883956944394,0.1929293576752008,1.5997552252553928,0.9598531351532359,0.6399020901021569,0.07652606966053471,0.05315162708247033,0.06703312932187594,1.1980150767648443,0.16694721474866908,0.008619501765487883,0.8133578239518268,0.41568146710615383,0.0008092529714402372,0.04975634198829584,3.2124709768619515,2.4226033241559572,2.2364415924747503,0.18616173168120698,1.6267156406453356,0.9760293843872012,0.6506862562581344,0.07425275923316794,0.05122578427611816,0.06500223109955769,1.2115531519964504,0.15763452368136052,0.00872248677077357
