Year,GDP ($Y_t$): Baseline,Labor ($L_t$): Baseline,Government Expenditures ($G_t$): Baseline,Lump sum transfers ($TR_t$): Baseline,Wealth ($B_t$): Baseline,Capital Stock ($K_t$): Baseline,Domestically-owned Capital Stock ($K^d_t$): Baseline,Foreign-owned Capital Stock ($K^f_t$): Baseline,Government Debt ($D_t$): Baseline,Domestically-owned Gov Debt ($D^d_t$): Baseline,Foreign-owned Gov Debt ($D^f_t$): Baseline,Real interest rate ($r_t$): Baseline,"Real interest rate on gov debt ($r_{gov,t}$): Baseline","Real interest rate on HH portfolio ($r_{p,t}$): Baseline",Wage rate: Baseline,Total tax revenue ($REV_t$): Baseline,Business tax revenue: Baseline,GDP ($Y_t$): Reform,Labor ($L_t$): Reform,Government Expenditures ($G_t$): Reform,Lump sum transfers ($TR_t$): Reform,Wealth ($B_t$): Reform,Capital Stock ($K_t$): Reform,Domestically-owned Capital Stock ($K^d_t$): Reform,Foreign-owned Capital Stock ($K^f_t$): Reform,Government Debt ($D_t$): Reform,Domestically-owned Gov Debt ($D^d_t$): Reform,Foreign-owned Gov Debt ($D^f_t$): Reform,Real interest rate ($r_t$): Reform,"Real interest rate on gov debt ($r_{gov,t}$): Reform","Real interest rate on HH portfolio ($r_{p,t}$): Reform",Wage rate: Reform,Total tax revenue ($REV_t$): Reform,Business tax revenue: Reform
2026,0.718460132832773,0.34082185787308694,0.008069109926029534,0.04395102628598116,2.712154068182379,2.415516195453923,2.310568653148714,0.1049475423052087,0.6693090250561076,0.4015854150336645,0.26772361002244305,0.06018772007985934,0.03931053761715812,0.0556580225012895,1.3052588806936791,0.13716208085630222,0.007439179893248505,0.7247444025995019,0.3452644801130007,0.008139689296039424,0.044335455729280396,2.712154068182379,2.4198960220980164,2.310568653148714,0.10932736894930227,0.6693090250561076,0.4015854150336645,0.26772361002244305,0.0609436801691796,0.03995095182648946,0.05639536718172111,1.2997336567227762,0.13327528804105818,0.007520393107495587
2027,0.7170743726628426,0.34224278982391565,0.00805354629120655,0.04386625736825303,2.6612871195129815,2.387098098943432,2.2774364932972593,0.10966160564617265,0.6413271756079112,0.3838506262157223,0.2574765493921889,0.06127483471784386,0.040231490549955645,0.05681849055699208,1.2973325605883665,0.1370094452349914,0.007447732609398662,0.7233715639879564,0.3464531756292623,0.00812427078475254,0.04425147709655073,2.668417846406901,2.3944590489752904,2.281003245748131,0.1134558032271596,0.6457821436617206,0.3874146006587698,0.2583675430029508,0.06190148054947006,0.04076235573776275,0.05741127223454163,1.2928206654900927,0.1331261264280144,0.007526247987785659
2028,0.7159019645551158,0.34327847938204903,0.008040378838390323,0.043794526319819255,2.618911117992449,2.365213987167864,2.2519863132255824,0.11322767394228184,0.6145895194731956,0.36692480476686634,0.24766471470632928,0.06211346118640296,0.04094193586892682,0.05774678542073793,1.291303725283352,0.13684233172457136,0.0074528877508777455,0.7221774938341455,0.3472827987801371,0.008110860042958835,0.04417842321927397,2.6323268616610944,2.374840284912901,2.2582958450232353,0.11654443988966595,0.6234722843119364,0.3740310166378589,0.24944126767407743,0.06263330842004688,0.04138232625435908,0.0582143408594282,1.2876033003830911,0.13296474695476704,0.007528925063716338
2029,0.71488708323629,0.3439953214875153,0.00802898058739595,0.04373243963230883,2.5832037342712844,2.348440287163087,2.2325636357951515,0.11587665136793582,0.58884774313074,0.350640098476133,0.238207644654607,0.06274864778530792,0.04148003639733082,0.05848484741160043,1.2867860660281722,0.13665497358290113,0.007455258542883765,0.7211004778038583,0.34781565875370657,0.008098763949740389,0.04411253612790337,2.6021222169723304,2.359661410150754,2.2408467307295847,0.11881467942116915,0.6021419778390056,0.36127548624274547,0.2408664915962601,0.06318402570346375,0.04184886830943191,0.058846519937581415,1.283713373553423,0.13278394361109375,0.0075289138806318
2030,0.7140363364106526,0.3444909371351474,0.008019425750124433,0.04368039582831569,2.5526340601988182,2.3356345072044222,2.2177920911550144,0.11784241604940762,0.5638985820186798,0.3348419690438036,0.2290566129748762,0.06322777513725972,0.0418859307938791,0.059077221251997686,1.2834056875166635,0.13646567948936297,0.007456036070324868,0.7201536393368327,0.34814725044263606,0.008088129895986425,0.04405461435734134,2.576408286065909,2.3478933582698485,2.2274078900782364,0.12048546819161188,0.581596615698516,0.3490003959876725,0.2325962197108434,0.06359839753593739,0.04219990484325394,0.0593501040688279,1.2808067709889328,0.13260013901639855,0.007527384773353903
2031,0.7134609488171787,0.3448538781165833,0.008012963504650202,0.04364519789346371,2.527016858421952,2.326708319611579,2.20747653729441,0.11923178231716874,0.5397952990866943,0.3195403211275417,0.22025497795915258,0.06356764467084104,0.04217385244701824,0.05953893986149771,1.281021903874766,0.1363005504451109,0.007456817578309147,0.7194519509283848,0.3483640940371513,0.008080249151261923,0.044011690276078555,2.5550953999786783,2.3395209500906105,2.2178676825982513,0.1216532674923593,0.5619045444028008,0.3372277173804269,0.22467682702237388,0.06389133407186946,0.0424480670447954,0.0597385107081484,1.278762371458799,0.13243843204949768,0.0075259154298867115
2032,0.7132947107599121,0.3451734641863559,0.008011096465552729,0.04363502997090361,2.506442221923733,2.3217854248692857,2.201656577821609,0.12012884704767682,0.5166322667485179,0.304785644102124,0.21184662264639392,0.0637800976219216,0.04235383270074923,0.059880205200327996,1.279537690446172,0.13618744975066666,0.007459302717215921,0.7191328245874592,0.34855379425842875,0.008076665005938415,0.04399216968497334,2.5383576339773697,2.334729310133165,2.2123358394835573,0.12239347064960787,0.5431774547381286,0.3260217944938126,0.21715566024431604,0.06407289630817886,0.04260187812246098,0.060020434520289226,1.277499545027824,0.13232550478265603,0.007526195531119296
2033,0.7135496865175996,0.34549474213073444,0.008013960128160063,0.04365062984479798,2.4902927427839887,2.320452657548267,2.1998237955276796,0.1206288620205873,0.4942641339984113,0.29046894725630934,0.20379518674210192,0.06388523555663941,0.0424429006664848,0.060119955862634425,1.2788048569710102,0.1361337893546891,0.007464053751914151,0.7192104941631455,0.3487594118967849,0.00807753732204265,0.043996922960252385,2.5256427653989513,2.333153182725202,2.2103593520599505,0.12279383066525143,0.5252822166017753,0.3152834133390006,0.2099988032627747,0.06416152105843206,0.04267695688675345,0.060213385920611345,1.2768843181320113,0.13226826898831906,0.007528770657057395
2034,0.7141613588101944,0.3458326571602406,0.008020829891341206,0.04368805060121674,2.4775431615435215,2.3219859403142906,2.2011572889713693,0.12082865134292145,0.47240350420515415,0.27638587257215225,0.1960176316330019,0.0639073951883013,0.04246167327523796,0.06028189912380945,1.278650540643328,0.1361325617055113,0.007470891505672164,0.7196216878921973,0.3489938706775958,0.008082155486988742,0.04402207948804667,2.515973251959143,2.33410574668819,2.211160928961233,0.12294481772695726,0.5079365672373515,0.30481232299791017,0.20312424423944134,0.06418000724036119,0.04269261751983573,0.06033972095250921,1.2767560861908056,0.13225972823503052,0.007533442652501018
2035,0.7150138901489385,0.34615787423929917,0.008030404770688495,0.0437402057353717,2.4672983628782603,2.3257146668390485,2.2049440737774337,0.12077059306161485,0.4507906459712751,0.2623542891008265,0.18843635687044866,0.06386091792522472,0.042422299900762815,0.06038016211619872,1.278974259174339,0.13616357644220017,0.007478887560618505,0.7202509999446585,0.34922556446253933,0.008089223364379604,0.04406057924678845,2.508490570174185,2.336946438113419,2.2140634540574404,0.12288298405597856,0.4908816797411725,0.29442711611674444,0.19645456362442812,0.06414126512005112,0.042659796998360186,0.06041229744161615,1.2770248644710918,0.13228009845324765,0.007539260010038341
2036,0.7160398347921504,0.34645671877974143,0.008041927275175218,0.04380296941872661,2.459040717807473,2.331214626778245,2.2107277843417017,0.12048684243654312,0.42933014241472917,0.24831293346577127,0.1810172089489579,0.06375616314501009,0.04233355652569238,0.06042443888159217,1.2797046754503452,0.1362158490654168,0.007487533885541068,0.7210314857461071,0.34943890325158294,0.008097989091856732,0.04410832723255555,2.5027077857521958,2.341276216880755,2.2186406268133507,0.1226355900674042,0.4740229242560713,0.284067158938845,0.1899557653172263,0.06405437000126038,0.042586183497354914,0.06043968190704231,1.2776282512587813,0.1323185476092686,0.007545697250219106
2037,0.7172007154324018,0.34673258254556655,0.008054965261653682,0.04387398779337341,2.452374118355647,2.338124630792123,2.2181033838176893,0.12002124697443353,0.4080161027496807,0.2342707345379577,0.173745368211723,0.06360513593725647,0.042205613303282305,0.06042563838272578,1.2807596626648738,0.13628499175745018,0.007496655530451426,0.7219250154645632,0.34963562331278286,0.008108024428809904,0.04416299064706943,2.49825214957805,2.346754343870645,2.2245119462891862,0.12224239758145893,0.4573529386883132,0.2737402032888637,0.1836127353994495,0.06393018820217508,0.04248098245592684,0.060431795568387695,1.2784918522488478,0.13237063988639197,0.007552564435055332
2038,0.7185004549706417,0.34700158789867425,0.008069562788684046,0.043953500828326754,2.4471684109703613,2.3463073197066953,2.2269005903726664,0.11940672933402895,0.3868931661623943,0.22026782059769479,0.1666253455646995,0.06341571423286022,0.04204514404999116,0.06039064519373181,1.2820860851375784,0.13637443569491384,0.007506438228066285,0.7229355581830529,0.34983024203841767,0.008119373952475596,0.044224812412747186,2.495014964600685,2.353260092063879,2.2315273689171793,0.1217327231466997,0.44091788501965806,0.2634875956835058,0.17743028933615224,0.06377556841358087,0.042349995766208084,0.06039463689884858,1.2795692745510219,0.13243947092574546,0.0075600318933066075
2039,0.7200836124374437,0.34734371609310305,0.008087343415675095,0.04405035171555827,2.4437304852495014,2.356129231962067,2.2374390570126748,0.11869017494939237,0.36595537334842076,0.20629142823682678,0.15966394511159399,0.06319367710221245,0.0418570445253273,0.06032519804846749,1.283645498012147,0.13651135367847814,0.007518493958275551,0.7242082047745916,0.3501016898169851,0.00813366719544737,0.044302668013905436,2.493327983789414,2.361174371811117,2.2400236676170584,0.12115070419405881,0.42472148326783166,0.2533043161723555,0.17141716709547616,0.06359536019047057,0.04219733174551627,0.06033314065585642,1.2808280159433147,0.1325511498582777,0.007569704982200061
2040,0.722060860059784,0.3478166132274194,0.008109550115374266,0.04417131082717786,2.4422031991147097,2.367911993746699,2.250013000300175,0.11789899344652387,0.3450193785598457,0.19219019881453467,0.15282917974531104,0.06294184542425219,0.04164370444665924,0.06023324264189576,1.2854202057129878,0.13671616250736038,0.007534017299282438,0.7258531380510682,0.35050624155139115,0.008152141633794479,0.044403297935531244,2.493354121365437,2.3708275361060505,2.250306257417182,0.12052127868886833,0.4085914599769958,0.24304786394825478,0.16554359602874102,0.0633915416381309,0.0420246661525998,0.060250482407397776,1.2822555994442122,0.13272512157275224,0.007582763214445673
2041,0.7244535798051994,0.34842347743607205,0.00813642303116406,0.04431768610754061,2.442620249656416,2.3818117100306373,2.264792366946948,0.11701934308368961,0.32391189791538455,0.1778278827094685,0.14608401520591605,0.06265725936621228,0.04140261638140143,0.06011279818631751,1.2874335141701985,0.13699146035085444,0.007553148470391783,0.7278897758789646,0.35104507708550603,0.008175015351850357,0.04452789003563322,2.495138377397632,2.38237792526898,2.2625497795989875,0.11982814566999263,0.39236279177685485,0.2325885977986448,0.15977419397821005,0.06316038193383758,0.04182883840805923,0.06014399335293291,1.283879752509826,0.13296336845346932,0.00759931795256699
2042,0.7272322085534555,0.34914335432285654,0.00816763013617753,0.044487669081578016,2.44493362383801,2.3978153211569317,2.2817855997896204,0.11602972136731145,0.3025476080279463,0.1631480240483894,0.13939958397955687,0.06233732138500955,0.04113157981192956,0.05996144880948785,1.289706835823676,0.13733087131004004,0.007575498148083756,0.7302853093931418,0.3516946651831377,0.008201919869406772,0.044674437255137034,2.4986322213992214,2.3958094826937977,2.276762169740992,0.11904731295280571,0.37595014254024617,0.22187005165822937,0.1540800908820168,0.06289854707727383,0.04160702410197273,0.060010656397283764,1.285725972614689,0.13325896191420752,0.0076189386356956545
2043,0.7304906305761103,0.3500197708034311,0.008204225855667949,0.04468700306641932,2.449445633885692,2.416260788144847,2.3013205314371263,0.11494025670772086,0.2808929934850735,0.14812510244856555,0.13276789103650796,0.061982309903167686,0.040830830604849405,0.05977951777283849,1.2922417491835743,0.1377523980024663,0.007602016932483948,0.7331294161786259,0.35249581116851453,0.008233862365927703,0.04484842562519228,2.5041368557854717,2.411450588623988,2.293263596392671,0.11818699223131726,0.3593281896653678,0.21087325939280102,0.14845493027256676,0.06260561561666139,0.041358866200005895,0.05985023896412436,1.2877997416461977,0.13362836447820814,0.0076425279087021635
2044,0.7342301973538385,0.3510664563730688,0.008246225368273111,0.04491577077229046,2.4559155082697273,2.4370174056783322,2.323236894392137,0.11378051128619532,0.25882192009138677,0.13267861387759056,0.1261433062137962,0.06160022543768923,0.04050714642586425,0.05957513702664735,1.2949846419320323,0.13825775402707655,0.0076328491840694955,0.7364167135483138,0.3534582883177067,0.008270782387823661,0.045049525795827924,2.5113885780255134,2.429154301938318,2.311880085938514,0.11727421599980402,0.34235926785314774,0.1995084920869994,0.14285077576614835,0.06228890756404719,0.04109056587573062,0.059670328519463425,1.2900517435157441,0.13407184862995256,0.00767015423039779
2045,0.7384223942305006,0.3522791306999016,0.008293308422549162,0.04517222794308725,2.4640789624032466,2.4598952521485815,2.347328353345107,0.11256689880347433,0.2362315505819355,0.11675060905813983,0.11948094152379568,0.06119708378505777,0.04016562357781199,0.05935434731331701,1.2978953350934042,0.13884213612242466,0.007667790310528442,0.7401089208220493,0.35457226518519147,0.008312250000290882,0.045275396003365276,2.520084852749233,2.4487061141689863,2.332384065058703,0.11632204911028327,0.3249192738724233,0.1877007876905301,0.1372184861818932,0.061953720465516476,0.04080661096367087,0.05947642935839246,1.2924464415475065,0.1345827837877972,0.007701503938114683
2046,0.7431771964547932,0.353705164450517,0.1637449431035855,0.04546310232214653,2.4743666031188902,2.485328466464074,2.3740253947593613,0.1113030717047126,0.21311104364998482,0.10034120835952905,0.11276983529045577,0.06077156642064692,0.03980514506798621,0.05911574736060246,1.3009862898646456,0.13952537590194414,0.00770791696367182,0.7443020563058741,0.35587754724080845,0.14891914525460162,0.04553191010202792,2.530614168757067,2.47050031403034,2.355170029183274,0.11533028484706598,0.306989707667815,0.17544413957379326,0.13154556809402176,0.06159786008509019,0.04050514260921321,0.059266540623981595,1.2950016530706292,0.13517750618539115,0.007737502349879823
2047,0.7324794272084,0.3527425967617499,0.14700131168773525,0.04480868044052565,2.487941331338359,2.4031042134029836,2.28371951578358,0.11938469761940394,0.34043537857594497,0.20422181555477942,0.13621356302116555,0.06289400219382013,0.041603173888205336,0.0602521209347765,1.2857581000995126,0.1387677039409298,0.0076417363452946085,0.7343987334269299,0.3549865921295334,0.13320399419418272,0.04492608736646829,2.5440888215395656,2.39485387741443,2.2720943903157753,0.12275948709865461,0.4251511481622083,0.2719944312237901,0.15315671693841817,0.06357392395000633,0.04217917196012297,0.060348407198409164,1.2809779647875572,0.13453909518926918,0.0076757819041228924
2048,0.7228137449325107,0.35194060270776634,0.1317701121905215,0.0442173952682082,2.498766322395138,2.329328297260492,2.202624784541925,0.12670351271856706,0.4528877261600306,0.2961415378532133,0.15674618830681727,0.06491532835812025,0.04331554735288781,0.06139934232212658,1.2716827228990102,0.1381331922971128,0.0075814436359396735,0.7254707415287961,0.3542410807455924,0.11893124305374958,0.04437992946960098,2.5550692963189396,2.3270967362355734,2.197625315368652,0.12947142086692134,0.5295157800313735,0.3574439809502876,0.1720717990810858,0.0654438998372965,0.0437633285131553,0.06142509250830582,1.2680683501203434,0.13400627665548323,0.00761971662736481
2049,0.7141174291122891,0.3512605555830772,0.1179863323772595,0.04368540992777921,2.507754827017212,2.2635622562877944,2.130296333229689,0.13326592305810545,0.5521617025305298,0.37745849378752283,0.17470320874300693,0.0668152951929962,0.044925110841096454,0.06252265833830212,1.2588152190361168,0.13760186190560003,0.007526608781366857,0.7174594803527413,0.3536069766637437,0.10604073864862162,0.043889851542104924,2.564394753809753,2.266813858860535,2.1313389417794575,0.1354749170810777,0.6216583503339955,0.4330558120302955,0.18860253830370005,0.06719053986579594,0.045243000666011585,0.06246699007428658,1.2563140961526469,0.13356187291152755,0.007568909896172579
2050,0.7063391387875887,0.3506880067895164,0.10553733938724473,0.043209583621826,2.515497644432129,2.2052325317260255,2.066112701414865,0.13911983031116076,0.6397690180999347,0.44938494301726395,0.19038407508267075,0.06858438636634379,0.04642380255911181,0.06360104435032773,1.2471367745710946,0.13716305499875792,0.007477086652805614,0.7103161232941553,0.3530727036327992,0.09442230602092143,0.043452866582059824,2.572600996583339,2.213461455126996,2.0726437389491075,0.14081771617788896,0.7029844113711441,0.4999572576342315,0.2030271537369126,0.06880692522905792,0.04661232712783436,0.06345711619182987,1.2456877712143182,0.13319726465140289,0.007523222070623617
2051,0.6993874130373022,0.3502017536226763,0.0942933119098048,0.04278432122023984,2.5222212760468827,2.1535477243956094,2.0092177822405133,0.14432994215509629,0.7170599440474591,0.5130034938063694,0.20405645024108962,0.07022187110429534,0.04781100342931954,0.06462378874531288,1.2365771380676187,0.13680351840824018,0.0074323966652422475,0.7039505449643014,0.35261876387765595,0.08394789400474399,0.043063461221786045,2.579869826338376,2.1662780053373636,2.020714931855685,0.14556307348167868,0.7747491948928608,0.5591548944826908,0.21559430041016991,0.07029458861781665,0.047872606322890504,0.0643880177829702,1.2361136254497338,0.13290098558219576,0.007482161921515143
2052,0.6931728577110214,0.34978064818125065,0.08413044149917903,0.04240415415520758,2.5280997426068477,2.1077797584668625,1.9588257680957197,0.14895399037114285,0.7852314322501736,0.5692739745111279,0.21595745773904562,0.07172872130620885,0.049087536799628684,0.06558338240944848,1.2270647385949158,0.13650838841155555,0.0073920252940586195,0.6982747155610427,0.35222514189307963,0.07449529479942116,0.04271625042213864,2.586341063556808,2.124567163048184,1.9748007273286707,0.14976643571951334,0.8380643843964349,0.6115403362281371,0.22652404816829785,0.07165633652965751,0.04902621578533489,0.06525477375875748,1.2275172874942364,0.13265977246645663,0.007445203888687363
2053,0.6876137359769252,0.3494055368721755,0.07496076440545849,0.04206408231522035,2.5332862210669416,2.067283018333768,1.914240289263549,0.15304272907021912,0.8453428605673604,0.6190459318033925,0.22629692876396787,0.07310694754304917,0.05025510593219947,0.06647457926461273,1.2185306381218264,0.1362639923055714,0.007355483632754161,0.6932084961286198,0.3518734944006931,0.06597830669213008,0.042406331675026054,2.5921419111317805,2.0877157923028404,1.9342399565270763,0.15347583577576426,0.893912889069,0.6579019546047042,0.23601093446429575,0.07289562583517292,0.05007608401506916,0.06605417798789794,1.2198290338345736,0.13246135100599377,0.007411849481751812
2054,0.6826850392153542,0.3490646895406161,0.06673539055800418,0.04176257586573188,2.538281057661191,2.031819951415387,1.875210247711171,0.1566097037042161,0.8983313217060095,0.66307080995002,0.23526051175598947,0.07434803866773276,0.05130650057928601,0.06728393115996728,1.210977697561138,0.13606098816342113,0.007322660665296795,0.6887295873872274,0.3515528420171224,0.05835082131621412,0.04213234089705936,2.5977598998563143,2.055524868388341,1.8988235077608426,0.15670136062749837,0.943163299387824,0.6989363920954716,0.24422690729235233,0.07400501102948195,0.0510159035268322,0.06677436319649482,1.2130529531439627,0.13229751765796458,0.00738198738127054
2055,0.6783258073561242,0.348747140510536,0.059352791238832775,0.04149590557093222,2.5432082541401138,2.0008861355452647,1.8411871862295826,0.15969894931568215,0.9450351973784794,0.7020210679105313,0.24301412946794812,0.07545553169645368,0.05224471713641406,0.06800964144286609,1.204340658604072,0.13589496526487346,0.00729321384972191,0.6847790833546423,0.3512526580669703,0.051513389569268105,0.04189067448322563,2.6033056449354715,2.0275223533426927,1.868038425386534,0.15948392795615843,0.9865928869264868,0.7352672195489374,0.2513256673775495,0.07498885951935744,0.051849374184406175,0.06741475348663564,1.2071256766497385,0.13216473519460634,0.007355271755571557
2056,0.674448601149345,0.3484385980118041,0.052687942764081716,0.04125872239945967,2.5479569860204596,1.9738317000531675,1.8114646815838107,0.16236701846935692,0.9861968391118564,0.7364923044366488,0.24970453467520762,0.07644056252316025,0.05307918941473169,0.06865723061275648,1.198517138194051,0.13575754497192385,0.007266580856280293,0.6812713279678619,0.35095890978386785,0.04534300724186642,0.04167609250418441,2.6086549437031343,2.003085895055138,1.8412085786321573,0.16187731642298087,1.0248894149047667,0.7674463650709771,0.25744304983378963,0.07585883252126015,0.052586374827725976,0.06798172945403509,1.2019473619707115,0.13205551763224882,0.00733113799227611
2057,0.671008280661184,0.34812413261043684,0.04666276572992108,0.041048265209985335,2.55273968137181,1.950363273965201,1.785733119813257,0.16463015415194399,1.0224668754305397,0.7670065615585528,0.2554603138719868,0.077302661587684,0.05380951962471499,0.06922250479550499,1.1934806491112546,0.13563891499739603,0.007242430786129817,0.678163676334771,0.3506569285591652,0.03976443839293097,0.04148598627896531,2.6140153226742213,1.9819530847354285,1.8180584702538103,0.1638946144816182,1.0586547390078622,0.795956852420411,0.26269788658745125,0.07661475672899602,0.053226758639848756,0.06847171565593678,1.1974949692114465,0.13196088704180645,0.0073092592682987186
2058,0.6679612296855686,0.347797604488541,0.041244663252364845,0.04086186568246733,2.557641034354615,1.9301347619150866,1.7636146761029112,0.16652008581217537,1.0544218440197224,0.7940263582517038,0.2603954857680186,0.07804702795806825,0.05444011217487343,0.0697068866106134,1.1891764124272282,0.13553572762047295,0.007220504276635228,0.6754148502280896,0.35034075872287473,0.03474786367949263,0.04131783064848893,2.619466835364854,1.9638050774961948,1.7982403520297034,0.16556472546649142,1.0884220003740306,0.8212264833351504,0.26719551703888017,0.077261921408061,0.05377500644036852,0.06888651057341308,1.1937174011530263,0.1318780512096059,0.007289381739151651
2059,0.6652796060238143,0.3474679114915731,0.03641456509697879,0.04069782062369708,2.56267629431618,1.9128004846033742,1.7447155155909926,0.16808496901238165,1.0825719055548642,0.8179607787251875,0.26461112682967664,0.07868387836226895,0.054979622201699385,0.07011681667188582,1.185526069374986,0.13544794567461538,0.007200756012366845,0.6729995372967207,0.35001954179035616,0.030277110708621838,0.041170077169812636,2.62502136016397,1.9483211846946034,1.7813878895768775,0.16693329511772578,1.1146627703822454,0.8436334705870925,0.27102929979515283,0.07781041906563092,0.054239668131713346,0.06923269841596519,1.1905401541910914,0.1318073949765886,0.007271470394289669
2060,0.6629316752928368,0.347143353839674,0.03213757682721267,0.040554188714613755,2.5678059307589503,1.898005946456218,1.7286326621975014,0.16937328425871656,1.107370636204141,0.8391732685614489,0.268197367642692,0.07922516721320627,0.05543817692752438,0.0704605435033469,1.182446505618926,0.13537482944291257,0.007183096261475191,0.6708886157709736,0.3497018400306634,0.02632042196742191,0.04104094437331513,2.6306371650942943,1.9351698293360307,1.7671232848534661,0.16804654448256462,1.137796400803365,0.8635138802408282,0.27428252056253677,0.0782719010580954,0.054630614200824636,0.06951848409885314,1.1878840952440652,0.1317485960195836,0.0072554489292242
2061,0.6608832745351982,0.34682475906422133,0.02835449978398675,0.04042888015550023,2.5730240742915984,1.8854569878043714,1.715038365362849,0.1704186224415226,1.1292199076422944,0.8579857089287495,0.27123419871354487,0.07967988404155613,0.05582339186441236,0.0707438656724716,1.1798756543888556,0.1353135505515628,0.007167344117742045,0.6690505612135406,0.3493887130424807,0.022821856888890643,0.04092850385681142,2.636308395003973,1.9240788945469713,1.7551430250872802,0.16893586945969108,1.1581944838772236,0.8811653699166929,0.27702911396053065,0.07865494585733171,0.054955111929880646,0.06974950543305139,1.1856912630021468,0.13169926403320323,0.0072411510614744665
2062,0.6590991857467989,0.3465073014020207,0.025004277534327726,0.040319740537207424,2.5783496411338183,1.874910075398963,1.703667318757151,0.17124275664181193,1.1484745717851046,0.8746823223766673,0.27379224940843727,0.08005452570410213,0.056140770847101375,0.07097055966752082,1.177768522739965,0.1352607699081192,0.007153255532741088,0.6674526760428365,0.34907551736036235,0.01972356293376789,0.04083075537438059,2.642055339676694,1.914825504134075,1.7452045565423426,0.1696209475917324,1.1761851477322094,0.8968507831343512,0.2793343645978582,0.07896558141712029,0.0552182679208154,0.06992930591758062,1.183920740939355,0.1316564566325207,0.007228347096520994
2063,0.657542254992738,0.3461845664439075,0.022032923898951208,0.04022449701276336,2.5837757182379057,1.8661274757995154,1.6942624004940408,0.17186507530547473,1.1654469517559538,0.889513317743865,0.27593363401208887,0.0803557003957243,0.05639591203078378,0.07114469507772431,1.1760817459590291,0.13521311204162034,0.007140554548539305,0.6660601266516547,0.348755992781628,0.016974670233517626,0.040745568017673345,2.647872405708804,1.9071902184367047,1.7370709148356573,0.1701193036010474,1.1920571681675558,0.9108014908731465,0.2812556772944093,0.0792099040524482,0.05542524668799604,0.07006166401576905,1.182533049038607,0.13161715106924554,0.007216774987996385
2064,0.6561811409059137,0.3458544178239974,0.01938470687511642,0.04014123232846753,2.589272013597681,1.8588823622436468,1.6865739210250608,0.17230844121858607,1.180410707578906,0.9026980925726201,0.27771261500628597,0.08059113436411278,0.05659536073296437,0.07127158043455102,1.1747675699507578,0.13516846940544075,0.007129033716351904,0.6648437953674895,0.3484281820929184,0.01452235624381673,0.040671160563395536,2.6537305444303216,1.9009624308541564,1.7305102365759215,0.1704521942782349,1.2060634766811311,0.9232203078544001,0.28284316882673105,0.07939509400294241,0.05558213099630458,0.07015154895051343,1.1814840574480185,0.13157953388355897,0.00720624188370976
2065,0.6549867691207069,0.3455191774287694,0.01700065677531018,0.04006816789359885,2.5947567529859357,1.8529299920730218,1.6803274006553184,0.17260259141770332,1.1936058650021986,0.9144293523306173,0.27917651267158133,0.08077085246737574,0.05674760954692909,0.07135876145170202,1.1737669875175065,0.13512607327417375,0.0071185336765032855,0.6637766722966306,0.3480945933576152,0.012310268076047952,0.040605880713462106,2.659548438341444,1.895911105201041,1.725263067543373,0.17064803765766776,1.218425888086516,0.9342853707980711,0.2841405172884449,0.07953059056890086,0.05569691738169881,0.07020611646579555,1.180718095687574,0.1315430630660244,0.007196603278885253
2066,0.65394722589427,0.34518529046588586,0.01483551254043114,0.04000457493074872,2.6002253159835154,1.8481204013899006,1.6753491527140882,0.17277124867581245,1.20524263232612,0.924876163269427,0.28036646905669305,0.08090211508896783,0.056858809131681294,0.0714115934467758,1.1730375940815514,0.1350862558498863,0.0071090370114548105,0.6628488522992613,0.34776185109237834,0.010295556991330328,0.04054912254853762,2.665323297908013,1.8918996055523172,1.7211703335097295,0.1707292720425877,1.2293386337371905,0.9441529643982833,0.2851856693389072,0.07962311182522577,0.05577529708461268,0.07023035513005416,1.1801958217814288,0.1315082378499561,0.007187856216181039
2067,0.6530542437206802,0.3448548679421987,0.012848279249842429,0.03994994769808804,2.605733516628034,1.8443704975490602,1.671544539630918,0.17282595791814204,1.215507814272362,0.934188976997116,0.2813188372752461,0.08098851079095862,0.05693199955001384,0.07143229111155955,1.1725581637849634,0.1350492509700434,0.007100511417208999,0.6620538486953528,0.3474321710089583,0.008439377959136178,0.04050048927660205,2.671113734095383,1.8888575235453404,1.7181513758574978,0.1707061476878427,1.238974540823324,0.9529623582378854,0.2860121825854385,0.07967576775585083,0.05581990473871276,0.07022615576351202,1.1798988545524858,0.13147541302884613,0.00717998037560634
2068,0.652282660497289,0.3445221714253128,0.011035311706536086,0.03990274693654779,2.611267682499011,1.8415415412589802,1.6687656925494265,0.17277584870955373,1.2245678815892618,0.9425019899495843,0.2820658916396774,0.08103439782563615,0.05697087291045537,0.07142371247773253,1.1723037346871836,0.1350136726757379,0.007092748544807114,0.661367896615977,0.3470998366743242,0.006740326650121156,0.0404585270882815,2.676907461589539,1.8866561909743145,1.7160694917273143,0.17058669924700023,1.2474878564800622,0.9608379698622247,0.28664988661783747,0.07969243768041662,0.055834026723075726,0.07019604218467715,1.1798048807038173,0.131443328662908,0.007172776696120035
2069,0.6516037948505721,0.34418236428755805,0.009402285067131269,0.039861218084771166,2.616759301201215,1.8394619579236011,1.6668272710994185,0.17263468682418256,1.2325676255297933,0.9499320301017967,0.28263559542799654,0.08104592737851013,0.05698064021112647,0.07139039270395778,1.1722398294771765,0.1349769594705105,0.007085523850598697,0.6607636018355595,0.3467600577620084,0.0052063098721081835,0.04042156020978483,2.682636620709488,1.8851323860324298,1.7147485709073247,0.17038381512510506,1.2550126501552512,0.9678880498021631,0.2871246003530881,0.0796787810203479,0.05582245743617344,0.0701441952170975,1.1798818657224257,0.13140959523260007,0.0071660300816301795
2070,0.6509915788287133,0.3438317966059078,0.007901868309823944,0.039823766499865514,2.622133297659739,1.8379699921914683,1.6655535452593662,0.17241644693210212,1.2396316219469283,0.9565797524003727,0.2830518695465556,0.0810292066592606,0.05696647519587115,0.07133694564578916,1.1723325100258637,0.1349360708933881,0.0070786388557310485,0.6602161647911,0.34640927521256115,0.003791719756615894,0.04038807156418432,2.688226977371832,1.8841319622202475,1.7140212381235316,0.170110724096716,1.261664105506838,0.9742057392483006,0.2874583662585375,0.07964043244821425,0.055789970310399326,0.07007488319808478,1.18009811459219,0.1313713741312064,0.007159551962904566
2071,0.6504325060753587,0.34346624316535124,0.006514797105355449,0.03978956596945536,2.627410693081517,1.837002467850034,1.6648789475624648,0.17212352028756928,1.2458667755179782,0.9625317455190521,0.2833350299989261,0.0809859544826182,0.05692983396454475,0.07126425851650635,1.1725723404958353,0.13488873316274252,0.007071970836342616,0.6597132476319293,0.3460433332556313,0.002478970146367429,0.04035730642826656,2.6937017784752992,1.8835997184052928,1.7138307110391302,0.16976900736616274,1.2675409279143743,0.979871067436169,0.28766986047820536,0.07957874842377227,0.05573771447533679,0.06998873462727354,1.180446171494978,0.13132654459785736,0.007153227814773546
2072,0.6499298224524855,0.34309029272898167,0.005241458151398225,0.03975881501730129,2.6326455017185757,1.836544135513685,1.664781507689338,0.17176262782434687,1.2513665991812521,0.9678639940292377,0.28350260515201436,0.0809178940780993,0.05687217635700368,0.07117343979664284,1.1729499921648254,0.13483644635565478,0.007065578619020635,0.6592592315294259,0.3456669019973141,0.0012699248248914455,0.040329532805815194,2.6991176069254004,1.8835279420634525,1.714163304521706,0.16936463754174652,1.272729484649323,0.9849543024036944,0.28777518224562854,0.07949513565144095,0.05566688162550909,0.0698866297528058,1.1809183937981853,0.13127662708701143,0.007147124633613362
2073,0.6494924197776528,0.34271423975342474,0.004048037755858977,0.039732057548238345,2.6378702357601655,1.8365722102485644,1.6652246324395943,0.17134757780897006,1.256215903753624,0.9726456033205713,0.2835703004330528,0.08082845252260551,0.05679640563332113,0.07106721571051484,1.1734467690671995,0.13478292361001604,0.007059605050859031,0.6588640403691917,0.3452903468532735,0.00013171167723629446,0.040305357713423876,2.704508996424646,1.8839002044864135,1.7149894101147534,0.16891079437166018,1.2773083824902758,0.9895195863098926,0.2877887961803832,0.0793927073610045,0.055580109144316325,0.06977106180281065,1.181497557718149,0.13122527072077914,0.007141393170759796
2074,0.64912426842336,0.34234866221104504,0.0029242700394552443,0.03970953639638775,2.6430684600814316,1.8370249137481303,1.6661280920784136,0.1708968216697166,1.2604927973337923,0.976940368003018,0.28355242933077435,0.08072285912622545,0.05670695182166007,0.0709499120852084,1.1740339684386956,0.1347323637668109,0.007054163657395747,0.6585324550911201,0.34492427097405576,-0.0009449826573314016,0.04028507355573946,2.7098602634505418,1.8846593002310592,1.7162338514624884,0.16842544876857077,1.2813503523150866,0.9936264119880533,0.2877239403270333,0.07927637325068096,0.05548155629961773,0.06964611362335782,1.1821562553167486,0.1311765691212139,0.007136153563660088
2075,0.648819988747292,0.34200448895802255,0.001917871613080012,0.03969092243439529,2.648136856136716,1.8377676418506712,1.6673303548939646,0.17043728695670649,1.2642683712850848,0.9808065012427511,0.2834618700423337,0.08060961916635681,0.05661102019724164,0.07082873057045116,1.1746645481783198,0.1346880655375117,0.007049311047147105,0.6582597743374117,0.34457963010029463,-0.0019110478717678792,0.040268392716309886,2.7150672616824507,1.8856732743600473,1.7177380109863263,0.16793526337372097,1.2849218081018017,0.9973292506961245,0.28759255740567713,0.07915427606543851,0.055378121246030525,0.06951870371995636,1.1828486223206638,0.1311337480580244,0.007131469088541601
2076,0.6485706464286278,0.3416860465805094,0.001075105986692089,0.03967566917328809,2.65300689797966,1.838696484162767,1.6687112255261098,0.16998525863665717,1.2676055319060346,0.9842956724535501,0.28330985945248455,0.08049433098050296,0.056513353411082046,0.0707082833535193,1.1753074480126275,0.13464954443748942,0.0070450259168883715,0.6580377166822287,0.3442607776371054,-0.0027187718088729704,0.040254808644705,2.720061677929493,1.8868413676724622,1.7193851652734875,0.16745620239897477,1.2880815821591038,1.0006765126560053,0.28740506950309846,0.0790317014740677,0.0552742817561873,0.06939320180532096,1.1835447686565224,0.13109638896055095,0.007127324280876445
2077,0.6483713616874842,0.3413951331485925,0.0003972631393606013,0.03966347813178543,2.657664021716053,1.8397594536333677,1.6702109709684398,0.16954848266492784,1.2705591080011565,0.9874530507476131,0.2831060572535433,0.08037971553506454,0.05641625653929665,0.07059068888881634,1.175947513073102,0.13461593179309989,0.007041292036148163,0.657862048232328,0.3439695415896711,-0.0033659019235374177,0.04024406237449158,2.724830308281672,1.8881153925435625,1.7211197701112728,0.16699562243228963,1.290880967279639,1.0037105381703992,0.28717042910923996,0.07891112226394008,0.055172132660478955,0.06927153607747628,1.1842306332341879,0.1310637011750298,0.007123708028778577
2078,0.6482029115348182,0.34112451799592153,-0.00015301755229130826,0.039653173350572515,2.6620672465208495,1.8408766001796621,1.671748678309272,0.16912792187039,1.2731774695385374,0.9903185682115774,0.28285890132696,0.08026757777242223,0.05632125864507799,0.07047715217596995,1.1765746282841243,0.13458477775910568,0.007037925131489093,0.6577139938739602,0.34369867975992435,-0.003889232191900717,0.04023500534529112,2.729332989574306,1.8894183217441598,1.7228641728350458,0.16655414890911413,1.2933652801981408,1.0064688167392601,0.28689646345888076,0.0787941169331504,0.05507301118903647,0.06915473882350467,1.184897167985516,0.13103333636124023,0.0071204393303526976
2079,0.6480416324560602,0.3408641053477299,-0.0006219514548763266,0.03964330723137903,2.6661626755992587,1.8419598631091982,1.6732375613047337,0.16872230180446457,1.2755003048916473,0.9929251142945251,0.2825751905971222,0.08015938199946189,0.056229600221078806,0.07036857684711076,1.1771805316053503,0.13455277641746227,0.007034688378153187,0.6575702189244664,0.3434380742439258,-0.004334570955284389,0.0402262100756956,2.7335161851568635,1.8906643108964263,1.7245340740131612,0.16613023688326517,1.295571550953119,1.0089821111437023,0.2865894398094166,0.07868195014029106,0.054977988701768864,0.0690435618208868,1.1855370651328525,0.13100210786689667,0.00711728369501667
2080,0.6478759839907273,0.34060822161603066,-0.0010359055728436997,0.03963317380845631,2.6699417701710857,1.8429727278141959,1.6746432630494366,0.1683294647647593,1.2775586008936943,0.9952985071216491,0.28226009377204514,0.08005537350000445,0.056141489060337946,0.07026492852898258,1.1777637589712837,0.13451787908145152,0.0070314600795415225,0.6574194976543598,0.3431820357688125,-0.004727873718783318,0.040216989854144874,2.7373721585538613,1.8918192272529069,1.7260977804330075,0.1657214468198993,1.2975284396427,1.0112743781208537,0.2862540615218463,0.07857472557843176,0.054887153042619485,0.06893786467405547,1.186149616579693,0.13096804481174806,0.007114121409076054
2081,0.6477151549874622,0.3403635842858155,-0.0014131802436432583,0.039623335197929536,2.673428914641683,1.843924485257764,1.6759687484638843,0.16795573679387982,1.2793779376024703,0.9974601661777989,0.2819177714246714,0.07995671349147665,0.05605790889222249,0.07016720192758233,1.1783176965024538,0.13448224315319962,0.0070283562029014495,0.657271445341717,0.34293732007925043,-0.005087206317720784,0.04020793288374729,2.740926406374284,1.89289486288193,1.7275609941110195,0.16533386877091052,1.2992594952093022,1.0133654122632645,0.28589408294603774,0.07847348975016724,0.05480139075988798,0.06883855450419868,1.1867287190427773,0.13093325916597573,0.007111071826288059
2082,0.6475775175688718,0.3401410579972778,-0.001753315921419335,0.03961491527929609,2.6766789227978216,1.8448564832366652,1.6772480583548894,0.16760842488177566,1.2809831748397158,0.9994308644429322,0.2815523103967836,0.07986415192838217,0.055979495043289126,0.07007611124001312,1.1788380161207215,0.1344498886718418,0.007025586662895298,0.6571448714036934,0.3427148396055045,-0.005411876902836996,0.04020018979565304,2.744235200470144,1.8939351797104682,1.7289606080936117,0.16497457161685636,1.3007878347567154,1.015274592376532,0.28551324238018344,0.07837890921399084,0.05472126653091182,0.06874628218370099,1.187270422371282,0.13090166121218097,0.0071083482865921515
2083,0.6474762352081893,0.33994750236291277,-0.0020291677750138917,0.03960871929104798,2.679747779474623,1.8458064031222898,1.6785155468537585,0.16729085626853146,1.2824003608695185,1.0012322326208645,0.28116812824865395,0.07977766578499125,0.05590622800721104,0.06999163015224136,1.179324729386782,0.1344239029153515,0.007023294096439077,0.6570532468253169,0.3425214488142292,-0.005674315562575513,0.04019458464068404,2.7473559334034543,1.8949801873018257,1.7303335690287784,0.16464661827304727,1.3021380255617825,1.0170223643746759,0.2851156611871067,0.07829088990092326,0.054646700664829184,0.06866096770304901,1.1877751304911586,0.13087623746662375,0.007106095363395783
2084,0.6474050920046943,0.3397803541077503,-0.0022212830135552586,0.03960436696381463,2.6826329748157254,1.8467500553526028,1.6797471444955407,0.16700291085706206,1.2836555718242046,1.0028858303201846,0.28076974150402007,0.07969769842233185,0.055838483378819505,0.06991397685619763,1.179775227105739,0.13440413187803024,0.007021417314424808,0.6569904782696678,0.34235451734697153,-0.005854592995813909,0.040190744647710316,2.7502866787550926,1.8960070704502483,1.731657407997738,0.16434966245251037,1.303334872370667,1.0186292707573545,0.2847056016133125,0.07820977265409115,0.05457798190807599,0.06858274947966189,1.1882407609373036,0.13085682150587258,0.007104252209109117
2085,0.6473477614438334,0.33963346651621973,-0.002327941533542946,0.0396008595482964,2.685283789971997,1.8476191651097584,1.6808737235192406,0.1667454415905179,1.2847710330427233,1.0044100664527562,0.28036096658996723,0.07962574847071424,0.05577753072797514,0.0698442396598476,1.1801809450175629,0.13438846649530656,0.007019800167293706,0.6569403213154826,0.34220784259299786,-0.00595057401759809,0.04018767608982712,2.7529766493146233,1.8969482439166665,1.7328638246660186,0.16408441925064784,1.3043994807875339,1.0201128246486046,0.2842866561389293,0.07813693019908127,0.05451627316989004,0.06851261639652624,1.1886593010252386,0.13084136580925704,0.007102663125550503
2086,0.6472954274514277,0.3395048066869411,-0.002367523675962095,0.03959765776121418,2.687662619863381,1.848365310509428,1.6818437086830667,0.16652160182636133,1.285763482027218,1.0058189111803144,0.2799445708469036,0.07956341328726298,0.05572472326130138,0.06978368745952498,1.1805327426729226,0.13437552434140268,0.007018369473999931,0.6568941505944448,0.3420794022007258,-0.005980441767659536,0.04018485135030822,2.7553884224861105,1.897756174219845,1.7339022193500686,0.16385395486977627,1.3053475969718773,1.0214862031360419,0.2838613938358354,0.07807385502544781,0.05446283881796911,0.06845175469815977,1.1890220329252474,0.13082855246401842,0.0071012566679971145
2087,0.6472420682967248,0.33939119053895733,-0.0023358215739960955,0.03959439325292077,2.6897649108716615,1.8489712007327328,1.682641375826705,0.16632982490602777,1.2866462193147816,1.0071235350449566,0.279522684269825,0.07951067494383016,0.05568004579090563,0.06973218854530772,1.1808305943130375,0.13436398211900488,0.007017060035486146,0.6568461118811114,0.341966020239124,-0.005939673638191673,0.04018191232664437,2.7575180615955475,1.8984147487538143,1.734758168087553,0.16365658066626138,1.3061916673935787,1.0227598935079945,0.2834317738855844,0.07802046734245727,0.05441761125731684,0.06839998584676835,1.1893292813690106,0.13081711510642324,0.00709996877895443
2088,0.64718404207851,0.3392913397960202,-0.002272066442268794,0.039590843245932164,2.6915830636770828,1.8494205623187607,1.6832500435581017,0.16617051876065891,1.2874300110426484,1.008333020118981,0.2790969909236673,0.07946791961035923,0.05564382546199369,0.06969000491498917,1.1810722095621808,0.1343531453949788,0.007015838025951161,0.6567927706884943,0.3418664553975005,-0.005867599256959184,0.04017864892993784,2.7593585780820513,1.8989088094984927,1.7354161883728343,0.16349262112565854,1.3069417230304432,1.023942389709217,0.28299933332122623,0.07797709417582788,0.054380867528903705,0.06835752653217417,1.1895790493897924,0.1308064048795602,0.00709876737725347
2089,0.6471181674213758,0.3392031588892901,-0.0022327926869780065,0.03958681312530121,2.693120808615994,1.8497078651406444,1.6836658627900536,0.16604200235059083,1.2881238183540857,1.0094549458259405,0.27866887252814515,0.07943488166699253,0.05561583725378268,0.06965682944792867,1.1812589996862357,0.1343425390190524,0.007014665524963704,0.6567311032214925,0.3417786385659533,-0.005821057599264337,0.04017487618529948,2.760914304755331,1.8992338411536431,1.7358735297205805,0.16336031143306254,1.3076061048650978,1.0250407750347503,0.28256532983034754,0.0779434336772751,0.05435235192090943,0.06832404321756555,1.1897729811596591,0.13079597450711367,0.007097615706582975
2090,0.64704290648041,0.33912361278019193,-0.002239257091163134,0.03958220882181565,2.694404672895322,1.8498483082041657,1.6839090459055388,0.16593926229862693,1.2887350700029523,1.0104956269897833,0.27823944301316894,0.07941018725548443,0.05559491729749891,0.06963138785452327,1.1813986677826693,0.13433176774741812,0.00701350697514806,0.6566596484391456,0.34169953004144904,-0.005821371151268399,0.04017050472214326,2.762212453072362,1.8994060331240947,1.7361515100666314,0.16325452305746338,1.3081917150228866,1.0260609430057308,0.28213077201715575,0.07791810731653225,0.054330896606641504,0.06829826119409821,1.1899189513405481,0.13078543744112392,0.007096478299075116
2091,0.6469638312025019,0.33905126870256963,-0.0022606306154679887,0.03957737121054028,2.6955021680553717,1.8498963267672721,1.6840416459848178,0.16585468078245424,1.2892701442987389,1.011460522070554,0.27780962222818495,0.07939115547597575,0.055578794459536396,0.06961130784266398,1.1815063384364994,0.13432087159474718,0.007012385657226596,0.6565840464441842,0.34162767969959673,-0.005837391799132376,0.040165879585101164,2.7633217426560073,1.8994812210247258,1.736313757457703,0.16316746356702294,1.3087044732084268,1.0270079851983043,0.2816964880101225,0.07789846574686063,0.054314257182829354,0.06827783734868316,1.1900321892386923,0.13077482474494595,0.00709537801223038
2092,0.6468847260994565,0.33898361351560574,-0.0022905550043363573,0.039572531804397286,2.6964781734502368,1.8499025808552045,1.684122704853785,0.1657798760014194,1.2897358961093655,1.0123554685964518,0.27738042751291375,0.07937501765773207,0.055565123250888124,0.06959412111902806,1.1815976569499922,0.1343095399449506,0.007011304190615233,0.6565081406377531,0.3415605508505025,-0.005862639192036161,0.04016123588971837,2.764308331332559,1.8995114796510584,1.7364209114824627,0.1630905681685958,1.3091508351764212,1.0278874198500962,0.2812634153263249,0.07788176880719025,0.0543001123125269,0.06826032990253472,1.1901284729679595,0.1307638281916451,0.007094316902371368
2093,0.6468118452545013,0.3389213095946579,-0.002325514502862558,0.0395680731663655,2.6973834887884274,1.8499081367119494,1.6841971261026347,0.16571101060931462,1.2901392517183201,1.0131863626857927,0.27695288903252746,0.07936016387071507,0.05555253981374316,0.06957841537158684,1.181681725945352,0.1342987089821224,0.007010308016103011,0.6564382692049481,0.3414988000820111,-0.00589354590730265,0.040156961343996156,2.765224002128327,1.8995390046726912,1.736519136988127,0.16301986768456428,1.3095373797863297,1.0287048651402002,0.28083251464612935,0.07786642149557296,0.05428711078430657,0.06824434082286476,1.1902169920478676,0.13075334819864648,0.007093340465002947
2094,0.6467457728581898,0.3388638723391556,-0.0023641391262352596,0.03956403100483265,2.6982346364237046,1.8499216734211614,1.6842750839919123,0.1656465894292491,1.290487695597388,1.0139595524317924,0.2765281431655957,0.0793461077617505,0.05554063213232452,0.06956372806391532,1.181761294735447,0.13428895274505886,0.007009396710026112,0.6563750459516515,0.34144192265750695,-0.005928686721149455,0.04015309346825396,2.766085662228449,1.8995730146901921,1.7366192297556182,0.1629537849345739,1.309871295648686,1.0294664324728307,0.2804048631758553,0.0778519265858481,0.054274831371303255,0.0682293999702338,1.1903006105865723,0.13074392874325963,0.007092448159043384
2095,0.6466822621513472,0.33880986523974427,-0.0024074783738967515,0.039560145516825386,2.6990177594936733,1.849924036669156,1.6843368695114973,0.16558716715765878,1.290788080609287,1.014680889982176,0.27610719062711114,0.07933333565488548,0.055529812197734056,0.0695504244553884,1.1818336072540676,0.1342801420099348,0.007008531000359438,0.65631421899497,0.34138845880502083,-0.005969040026036897,0.04014937214635466,2.766879314490994,1.8995943936579767,1.7367015487769295,0.16289284488104724,1.3101591752741477,1.0301777657140645,0.2799814095600832,0.077838739010645,0.054263659471270445,0.06821584769018807,1.1903767007532338,0.13073543517583544,0.007091600605924683
2096,0.646613479364718,0.33875600010246903,-0.002457568054191714,0.039555937488734275,2.699708126716252,1.8498855619498091,1.6843531240056704,0.16553243794413874,1.2910457249786278,1.0153550027105815,0.27569072226804636,0.07932235057145126,0.05552050614623563,0.0695388596266353,1.1818958113863371,0.13427113600569074,0.007007632980294696,0.6562479147729052,0.3413350917037145,-0.006016541338848561,0.040145315730641534,2.7675798704671344,1.8995732968435517,1.7367365665028736,0.1628367303406781,1.310406101545727,1.0308433039642608,0.2795627975814661,0.0778273295533734,0.05425399391000507,0.06820401364785947,1.1904425417786848,0.1307267558843437,0.007090719531575665
2097,0.6465443913091927,0.33870766399381574,-0.002512552877635965,0.03955171077976615,2.7002910873479418,1.8497957173518278,1.6843062443270447,0.16548947302478317,1.2912638483537087,1.015984843020897,0.2752790053328115,0.07931486865522407,0.05551416781497633,0.06953059454749608,1.1819381834161886,0.134263178909596,0.007006780325545604,0.6561812131237593,0.3412872536410918,-0.006069278382260929,0.04014123499488105,2.7681724261403944,1.899499167203283,1.736706602325876,0.16279256487740715,1.3106150743457352,1.0314658238145185,0.27914925053121675,0.07781938458308506,0.054247263300893245,0.06819543414553403,1.1904883958035999,0.1307191135556057,0.007089884172548555
2098,0.6464802105091427,0.33866885787102785,-0.002569876406731328,0.03954778427607368,2.7007697745323567,1.8496581216931127,1.6841958687127365,0.1654622529803763,1.2914463417801765,1.0165739058196201,0.2748724359605563,0.07931167354139133,0.05551146106322076,0.06952635732474821,1.181956279405775,0.13425732559551012,0.00700604041242576,0.6561194233432972,0.3412489807753084,-0.006124645261435316,0.040137454745304404,2.7686601562604167,1.8993758218362644,1.7366114762362068,0.16276434560005748,1.3107898095359136,1.03204868002421,0.2787411295117037,0.07781567538975115,0.05424412104490678,0.06819082746501184,1.1905098048428808,0.13071354229153873,0.007089163029645866
2099,0.6464215492207465,0.33863907484370515,-0.0026283802195522857,0.039544195442192905,2.7011588723238438,1.8494818687572958,1.684032656617452,0.16544921213984395,1.2915977497039877,1.0171262157063918,0.2744715339975959,0.0793122564226995,0.05551195485314086,0.06952567898630242,1.1819529781522535,0.1342534958876223,0.007005412799090102,0.656063179695836,0.34121976633325185,-0.006181432777418484,0.0401340137929561,2.769057973049126,1.8992126595766667,1.7364621865051386,0.16275047307152815,1.3109347132509819,1.0325957865439872,0.2783389267069946,0.07781569738131935,0.054244139675139996,0.06818972937189027,1.1905096779343378,0.1307099637592225,0.007088555666186838
2100,0.646365706128746,0.3386142679624735,-0.0026868772573157493,0.03954077903599717,2.701483954832356,1.8492826009953887,1.6838384215940227,0.16544417940136602,1.2917222845777379,1.0176455332383332,0.27407675133940473,0.07931499631902497,0.05551427596580767,0.06952707022512865,1.1819374604723403,0.134250631977518,0.007004845683290044,0.6560097381217084,0.34119553468573155,-0.006238386939952857,0.04013074428104435,2.7693918097387447,1.8990257042676217,1.7362810018705612,0.16274470239706051,1.3110538778650507,1.0331108078681834,0.2779430699968672,0.07781785050257586,0.05424596369927376,0.06819066982060529,1.1904972502856817,0.1307073426107475,0.0070880093311878915
2101,0.6463150258719746,0.33859320725226694,-0.0027431732264661876,0.03953767848984156,2.70178108033168,1.849088857765394,1.6836462213620171,0.16544263640337667,1.2918231973457135,1.0181348589696628,0.27368833837605056,0.07931837858898164,0.05551714126752219,0.06952918596285401,1.1819183053719402,0.1342486656244142,0.007004343431408945,0.6559614351707759,0.3411750434537707,-0.006293290292594608,0.04012778914725493,2.7696981639388056,1.8988439624067721,1.7361015126834036,0.1627424497233685,1.3111504377028873,1.033596651255402,0.27755378644748524,0.07782064946957318,0.05424833485386492,0.06819232955501367,1.190481095363082,0.13070560442942036,0.00708752783078749
2102,0.6462733531114525,0.3385757823683617,-0.002795357421972157,0.03953512899004716,2.7020866675696285,1.8489305033871433,1.683489359371274,0.1654411440158692,1.2919038827855371,1.0185973081983544,0.2733065745871827,0.079321093738073,0.055519441415483886,0.06953087696413693,1.1819029290232022,0.134248036688831,0.007003929525564335,0.6559221082911011,0.34115817184083125,-0.006344244798307502,0.040125383136808856,2.7700138244656447,1.8986976978058014,1.735957477722317,0.16274022008348438,1.3112276809667536,1.0340563467433277,0.27717133422342594,0.07782281458623656,0.05425016903994917,0.06819358526826967,1.1904685992565383,0.13070516467277676,0.007087134163973381
2103,0.6462436194603082,0.3385611243163484,-0.0028421133774316,0.03953330986649886,2.702438156557328,1.8488372766263146,1.6834018305962613,0.16543544603005342,1.291968165129274,1.0190363259610666,0.27293183916820746,0.07932165906060762,0.05551992033042813,0.06953082943871018,1.181899727577963,0.13424898677716077,0.00700361515596865,0.6558946475673958,0.34114402549605916,-0.0063899624320765055,0.040123703039298436,2.7703765389300297,1.8986169711715277,1.7358832774497435,0.16273369372178417,1.3112893345282985,1.0344932614802862,0.2767960730480123,0.07782289600534752,0.05425023801443118,0.06819315167593987,1.1904681293546309,0.13070624085586693,0.0070868386460592216
2104,0.6462271099299838,0.33855024937275824,-0.0028831831396342114,0.03953229971753704,2.7028387164917484,1.84880980688052,1.6833832211324795,0.16542658574804056,1.2920200725084083,1.019455495359269,0.27256457714913934,0.07932028572311706,0.055518756902813916,0.06952922532854525,1.181907504910649,0.13425227171366666,0.0070034171857322105,0.6558803078469303,0.34113361208757037,-0.006430222978508891,0.040122825607972964,2.770789176333964,1.8986022023089975,1.7358782745102632,0.16272392779873424,1.311339330588948,1.0349109018237008,0.27642842876524726,0.07782110812280815,0.05424872340354232,0.06819121401381403,1.1904784482082587,0.13070955249575414,0.007086657932099234
2105,0.6462202101047589,0.3385429739763436,-0.00292037549185014,0.03953187744381985,2.703263622997063,1.8488225710188302,1.6834053730196135,0.16541719799921684,1.2920634872435641,1.0198582499774496,0.2722052372661147,0.07931802780375641,0.05551684409860306,0.06952695557242776,1.1819202919940475,0.13425776912585718,0.007003311078464734,0.6558754323999832,0.3411267419179019,-0.006466835514877721,0.04012252715519075,2.7712263279916387,1.8986273126651358,1.7359137005294891,0.1627136121356467,1.3113814590994393,1.0353126274621496,0.2760688316372897,0.07781848621774631,0.05424650224758338,0.06818864822926668,1.1904935810833162,0.13071497491212988,0.0070865674458147065
2106,0.6462217456552629,0.33853809077696684,-0.0029533767726661123,0.039531971234312235,2.70371881598647,1.8488774685493743,1.6834717193605617,0.16540574918881268,1.2921011805401594,1.020247096625908,0.2718540839142515,0.07931452035059461,0.055513872747502496,0.06952367172124171,1.1819401561711398,0.13426462115662838,0.007003279038172085,0.6558788126121545,0.34112219805695104,-0.006499452927799174,0.04012273377275632,2.7716937903533116,1.8986941291357742,1.735992918423938,0.16270121071183619,1.3114183996694917,1.0357008719293737,0.275717527740118,0.07781467467125955,0.05424327328276879,0.06818511474276154,1.190515581119185,0.13072167638561558,0.007086548995096887
2107,0.6462298968501721,0.3385338894469433,-0.002980898428775469,0.039532469774842476,2.7042099245904496,1.8489760182085742,1.683585821143057,0.16539019706551716,1.2921354116171961,1.0206241034473926,0.2715113081698036,0.07930929688743035,0.055509447672581785,0.06951893126154009,1.1819697404543268,0.13427216811701648,0.007003294861623148,0.6558885892504294,0.3411182585504287,-0.006526754881851483,0.04012333173006386,2.772197061181504,1.8988041050549622,1.7361194292478899,0.1626846758070723,1.3114523222249734,1.0360776319336142,0.2753746902913592,0.0778092172128202,0.05423864997793991,0.06818018068182757,1.1905470831242537,0.1307290132467316,0.0070865759027296015
2108,0.646243759160146,0.33853036509264434,-0.003001245307693176,0.03953331773136967,2.7047310317246795,1.8491114719577038,1.6837401859068017,0.16537128605090198,1.292167849825511,1.0209908458178778,0.2711770040076331,0.07930264678688623,0.05550381401686094,0.06951297685093202,1.1820074076381093,0.13428028454747615,0.007003352756141574,0.6559038555697495,0.34111492612718086,-0.006547012234533127,0.040124265557590896,2.7727299609503904,1.8989503272515482,1.7362855487108717,0.1626647785406766,1.311484807852562,1.0364444122395187,0.27504039561304344,0.07780240092120766,0.05423287553287952,0.068174087553658,1.1905864317744146,0.13073686514926267,0.00708664250508555
2109,0.6462662266963317,0.3385278866194035,-0.0030112323821403775,0.03953469214863639,2.7053035454912986,1.8493023052066184,1.6839549377839367,0.16534736742268175,1.2921998166749893,1.021348607707362,0.2708512089676275,0.07929386337307422,0.05549637311741251,0.0695051978648299,1.1820571630660728,0.13428892169386647,0.007003474258846929,0.6559275197406008,0.3411125743180637,-0.00655700892355407,0.040125713160210325,2.7733141172197437,1.89915153072164,1.7365116843073687,0.1626398464142713,1.3115170981812558,1.036802432912375,0.2747146652688809,0.07779353765909093,0.05422536698966306,0.06816624091932921,1.1906376021532803,0.1307451869145397,0.007086770280207086
2110,0.6463006923595157,0.33852726123906274,-0.0030086282772792544,0.03953680056215407,2.705948590910984,1.8495668545334543,1.6842495665256565,0.16531728800779774,1.2922330803467568,1.0216990243853274,0.2705340559614294,0.07928234960071262,0.05548661918525717,0.06949508391687002,1.1821223934977836,0.13429860542167685,0.007003687821744766,0.6559629794233107,0.34111200690315263,-0.006554525997310101,0.04012788236458299,2.7739708608173896,1.8994262836248166,1.7368175868604674,0.16260869676434908,1.3115508923112504,1.0371532739569223,0.27439761835432824,0.0777820460043481,0.0542156317945251,0.0681561438321637,1.1907039556658454,0.1307544826878871,0.007086987521585165
2111,0.6463442989183094,0.3385291362039564,-0.0029951093772132634,0.03953946815693872,2.7066372522897613,1.8498779121075999,1.6845931322051162,0.16528477990248366,1.2922699107839843,1.022044120084645,0.2702257906993394,0.07926942793729604,0.05547567255331578,0.06948377928900745,1.1821956114925514,0.13430983737996946,0.007003980826280067,0.6560073613003832,0.34111386922165127,-0.006541257619705192,0.04013059737172529,2.774670707875698,1.8997469089671566,1.7371717972464107,0.1625751117207459,1.3115883989647874,1.0374989106292873,0.27408948833550006,0.07776922042426691,0.05420476655991425,0.06814491722098638,1.1907780228136875,0.13076523228334896,0.0070872818442005185
2112,0.6463882311748297,0.3385325653693701,-0.0029755653371109775,0.03954215567532823,2.7073076646822196,1.850177636910352,1.6849224034361387,0.16525523347421317,1.2923117794892478,1.0223852612460809,0.2699265182431669,0.07925736114236144,0.05546545012617131,0.06947321773668194,1.182263996298806,0.1343219526594563,0.007004289182415396,0.6560518191477521,0.34111721570068904,-0.006522064795526826,0.0401333170261423,2.775350786258919,1.9000547018099738,1.737510123541528,0.16254457826844573,1.3116310313283854,1.0378406627173908,0.2737903686109945,0.0777572702334271,0.05419464291433276,0.06813445034524859,1.190847045514127,0.13077679446410576,0.007087589568946417
2113,0.6464245354616164,0.33853599259372913,-0.0029542994636056266,0.039544376588048005,2.7079102815793297,1.8504200660347543,1.685188014928571,0.16523205110618344,1.2923582477752886,1.0227222666507587,0.2696359811245298,0.07924775657299497,0.05545731358194934,0.069464764527499,1.1823184346251714,0.13433357738172721,0.00700454906334365,0.6560883922716237,0.34112050172317615,-0.006501185369222499,0.040135554368877446,2.775960822850062,1.9003030989173113,1.737782520799456,0.1625205781178554,1.3116782920250976,1.038178302050606,0.2734999899744917,0.0777477629633494,0.054186588797540444,0.06812607563008512,1.1909019657283197,0.13078785225865547,0.007087847352150123
2114,0.646449088863187,0.33853770945814377,-0.0029338120469816972,0.03954587870569043,2.7084279633087944,1.850589378010772,1.685374258683177,0.165215119327595,1.2924073300900827,1.0230537046256174,0.2693536254644654,0.07924089092708289,0.05545149732622308,0.06945863872434829,1.182357352863475,0.13434341572494524,0.0070047196681663065,0.6561129754770425,0.34112203473647656,-0.006481064054335572,0.04013705829460362,2.7764835229405995,1.9004761939712254,1.7379731693655187,0.16250302460570656,1.3117281412769122,1.0385103535750808,0.2732177877018314,0.07774096460778832,0.05418082954706822,0.06812000382575582,1.1909412415466065,0.13079716586589485,0.007088014715609842
2115,0.646462450773712,0.3385372029853279,-0.002914325595092783,0.039546696256658694,2.7088690561287385,1.850694327570403,1.6854914240982357,0.1652029034721674,1.2924564148537117,1.0233776320305028,0.2690787828232089,0.07923626684066308,0.05544758001538847,0.06945441322571728,1.1823835665994447,0.13435094986774354,0.0070048001631860465,0.6561261786707947,0.3411213253125842,-0.0064618954172593265,0.04013786612175133,2.776927512765253,1.9005830494857485,1.7380926748220162,0.1624903746637323,1.3117779222446295,1.0388348379432368,0.27294308430139264,0.07773638697356235,0.05417695158837059,0.06811581599697503,1.1909676895997914,0.13080424746890223,0.007088091215678775
2116,0.6464660326255128,0.3385340638176916,-0.002895322939030741,0.03954691557365429,2.709248184183289,1.8507491586520255,1.685555786184612,0.16519337246741356,1.2925032635230829,1.0236923979986772,0.2688108655244057,0.07923317630825835,0.05544496186015205,0.06945147888278375,1.182401087526435,0.13435607334080205,0.007004796007155895,0.6561294625425106,0.3411179812220754,-0.006443150392061225,0.040138067196225216,2.7773078339334014,1.9006383240582472,1.7381577541497304,0.1624805699085169,1.3118253657543255,1.039150079783671,0.2726752859706544,0.07773333372750306,0.054174365020390906,0.06811291307220695,1.1909853310884335,0.13080900188122016,0.007088082581075757
2117,0.6464630349464896,0.3385286902466896,-0.0028754269753059683,0.03954673242686767,2.7095864616898577,1.850774389388865,1.6855897065773533,0.16518468281151177,1.2925461436958772,1.0239967551125044,0.2685493885833728,0.07923083197983818,0.05544297585420699,0.06944916941766721,1.1824143785016141,0.1343590885827276,0.007004730933961469,0.6561260832206239,0.3411124147113308,-0.006423449606904032,0.04013786068947603,2.7776461414351337,1.9006630490307586,1.7381913239294149,0.16247172510134372,1.3118687216873954,1.0394548175057188,0.27241390418167666,0.077731030885549,0.054172414159849386,0.06811063996757938,1.1909986372291717,0.13081172743079333,0.00708801280689637
2118,0.6464566176920743,0.3385221299542569,-0.0028534471038006368,0.03954634009534026,2.7098981953779138,1.8507844620764402,1.6856080846346404,0.16517637744179992,1.2925841363155874,1.0242901107432734,0.2682940255723141,0.0792288598085771,0.0554413051224889,0.06944718332879679,1.1824255598635596,0.13436067595741583,0.0070046339824012815,0.6561192500470105,0.34110568254716456,-0.006401612395633659,0.040137442901662795,2.777957167966179,1.9006720624985776,1.738208713345151,0.16246334915342672,1.311907066162781,1.039748454621028,0.27215861154175297,0.07772910875723704,0.05417078582218907,0.06810869850846829,1.1910097438490785,0.13081308480749695,0.007087911221838818
2119,0.6464470358428672,0.33851564094962,-0.002829711904782331,0.039545754150293044,2.7101717040698725,1.8507701100162444,1.68559924599423,0.16517086402201453,1.2926170462224436,1.0245724580756426,0.268044588146801,0.07922795255415321,0.05544053653875976,0.06944614186116536,1.1824307036854544,0.13436155223354668,0.007004517551112784,0.6561092553878028,0.3410990513282717,-0.006377972527724679,0.04013683169101562,2.7782292437898843,1.9006561125427557,1.7381982550474728,0.16245785749528274,1.311940209555905,1.0400309887424115,0.27190922081349345,0.07772824084514537,0.05417005056745299,0.06810769326961252,1.1910147589738107,0.1308137694623532,0.007087790718552678
2120,0.646432015322025,0.3385096350932587,-0.0028065165788300275,0.039544835467789655,2.710383529129286,1.8507105748077692,1.685539674612321,0.16517090019544828,1.2926447487687724,1.024843854516965,0.2678008942518075,0.07922909765298555,0.05544150661320374,0.06944690633321257,1.1824242113180157,0.1343618759502954,0.0070043707329373395,0.6560938455316272,0.3410929369010922,-0.006354819800624696,0.04013588917947835,2.778438745136788,1.900594287102369,1.7381362578925412,0.16245802920982788,1.3119680396778748,1.0403024872442466,0.27166555243362817,0.07772938647615728,0.05417102109273475,0.0681084615484612,1.1910081390313354,0.13081393802277144,0.007087640814862249
2121,0.6464087963966778,0.3385039255310109,-0.002786885377213978,0.039543415228277326,2.7105123768007533,1.850586771544646,1.6854083697185207,0.16517840182612534,1.2926666769563002,1.0251040070822326,0.2675626698740676,0.07923307057355475,0.05544487228663149,0.06945014656529688,1.1824016868363718,0.13436140081945813,0.007004174405119405,0.6560702778955401,0.34108715665869693,-0.006335166644110435,0.04013444759666218,2.778564250735552,1.9004673796879883,1.7380015813652296,0.16246579832275868,1.3119900048164128,1.0405626693703225,0.2714273354460904,0.0777332971334101,0.054174334019578246,0.06811165275559722,1.190985542385869,0.1308133577990612,0.0070874427383601024
2122,0.6463767565820788,0.33849823434973475,-0.002772386892647978,0.03954145536170414,2.710555414550789,1.8503964970510705,1.685203187767373,0.1651933092836974,1.292681768540006,1.025352226783416,0.26732954175659,0.07923990148234811,0.05545065911468723,0.06945588861617223,1.1823629616356488,0.13435985176636545,0.00700392222858292,0.6560379500041972,0.3410814364826092,-0.0063205693336811156,0.04013247009658392,2.7786030597608713,1.9002732970272844,1.7377921998783568,0.16248109714892764,1.3120050599138795,1.0408108598825145,0.27119420003136496,0.07773999698725428,0.05418000982397968,0.06811728773191845,1.1909468317782563,0.13081176810643788,0.0070871903160631185
2123,0.6463330546894137,0.3384916801766793,-0.0027649842921128806,0.03953878206516146,2.7104978921587186,1.8501262382029176,1.6849100796373166,0.1652161585656009,1.2926889430024215,1.025587812521402,0.26710113048101963,0.07924996504607215,0.05545918449756979,0.0694644462047719,1.1823059162235998,0.1343569459371451,0.0070035886025371285,0.6559940301648912,0.34107489970461585,-0.006312977344884188,0.040129783457208024,2.7785403515406326,1.8999984532091005,1.7374939782825034,0.16250447492659714,1.312012143923331,1.0410463732581292,0.2709657706652017,0.07774984688327004,0.054188354197522715,0.06812566856139068,1.190889926777079,0.13080889855161654,0.007086858146440126
2124,0.6462785394133719,0.3384834571638207,-0.0027652350543236753,0.039535447272802095,2.7103546888451,1.849789552058891,1.6845449914574884,0.16524456060140247,1.2926866596400624,1.0258096973876114,0.266876962252451,0.07926249215079048,0.05546979687774268,0.06947514744618587,1.1822349163067019,0.13435228508518676,0.007003171997365901,0.6559393904652031,0.3410667457870298,-0.006312937952600121,0.04012644104372228,2.7783913957722484,1.8996567479722462,1.7371232376455064,0.1625335103267399,1.312009735563976,1.041268158126742,0.27074157743723387,0.07776209022658664,0.0541987261882408,0.06813613394129357,1.1908192042657646,0.13080436896502023,0.007086444687593153
2125,0.6462192269998538,0.3384736701441832,-0.002771197331255415,0.03953181902426366,2.7101741035988147,1.8494307375670442,1.6841570294465815,0.16527370812046263,1.2926737015587306,1.0260170741522332,0.2666566274064974,0.07927560659484544,0.05548090682446993,0.06948637734116697,1.1821605995207687,0.1343461133367996,0.007002711504427509,0.655880079503658,0.34105708076738955,-0.006318532180138607,0.040122812874807956,2.7782053437277066,1.8992932325525778,1.7367299187419627,0.16256331381061495,1.3119966401006191,1.0414754249857439,0.2705212151148753,0.0777748910620334,0.05420957046034886,0.06814710261443642,1.190745273247995,0.13079841596730407,0.007085988745585677
2126,0.6461617176985162,0.3384632067081655,-0.0027803258775360787,0.039528301063106286,2.710001769932878,1.849091512389906,1.6837915742913143,0.16529993809859175,1.2926501768028282,1.0262101956415637,0.2664399811612645,0.07928772479721471,0.05549117280160082,0.06949678136547612,1.1820919391303357,0.1343393751657067,0.007002256642738472,0.6558227153578622,0.3410467860465658,-0.006327267698362907,0.040119303784508425,2.778028553774203,1.898950251861535,1.7363601059818707,0.16259014587966428,1.3119729919912888,1.0416684477923321,0.2703045441989568,0.07778670188929698,0.0542195760435938,0.06815725007880967,1.1906770706962808,0.1307919457568041,0.007085539477200786
2127,0.6461073298946367,0.3384526749892341,-0.0027922407816478034,0.03952497401781685,2.7098433192235074,1.848776374942435,1.6834529580776194,0.16532341686481558,1.2926175026622488,1.026390361145888,0.26622714151636095,0.07929879543581705,0.05550055133145643,0.06950631921450103,1.1820292232731364,0.13433290604651132,0.007001820999775422,0.6557686074538689,0.3410364602347039,-0.006338806654058705,0.0401159938531842,2.777866724700346,1.898632335913263,1.7360181769932712,0.16261415891999198,1.3119402358637324,1.0418485477070747,0.2700916881566578,0.07779747243672028,0.05422870035016712,0.06816653660485394,1.1906148842650224,0.13078575668379352,0.007085110317655613
2128,0.6460569992614794,0.33844253663472645,-0.0028068364027855203,0.039521895127629776,2.709702888854341,1.8484882492408103,1.6831439240212043,0.16534432521960607,1.292577218374951,1.0265589648331366,0.2660182535418145,0.079308800391584,0.05550902706440503,0.06951497625531089,1.181972552091775,0.1343270019344377,0.007001414477588938,0.6557186814338419,0.3410265558540245,-0.006353058983088369,0.0401129397064655,2.7777240341227385,1.8983424195126728,1.7357068969750564,0.16263552253761643,1.3118999337681332,1.042017137147682,0.269882796620451,0.07780718470656023,0.05423692813321842,0.06817494743376268,1.1905588153748958,0.13078013010266337,0.007084711022228247
2129,0.6460114781990094,0.3384331516094517,-0.0028237712738148416,0.03951911042235691,2.7095842250464712,1.848229585784583,1.6828668005918175,0.16536278519276537,1.292530896389752,1.0267174244546537,0.2658134719350983,0.07931771803029466,0.055516581672941476,0.06952273293352917,1.1819220458256505,0.13432185727502313,0.007001044943044764,0.6556736766974971,0.3410174241692794,-0.006369692206154479,0.04011018657886725,2.7776042364092466,1.8980829385764846,1.7354285877239235,0.16265435085256114,1.3118536766780886,1.042175648685323,0.26967802799276563,0.07781581802911385,0.05424424188233718,0.06818246367585357,1.1905089810628529,0.13077524999099624,0.007084349295101861
2130,0.6459713868364965,0.3384248004173194,-0.0028424437510305225,0.03951665784134944,2.7094908327513876,1.8480025474172823,1.6826236836833346,0.1653788637339476,1.2924801023905783,1.026867149068053,0.2656129533225253,0.07932552045511955,0.055523191524169985,0.06952956295301488,1.1818778603731737,0.1343176196275327,0.007000718742055356,0.6556341976107669,0.34100933730859256,-0.006388110184680891,0.0401077714454061,2.7775108161452406,1.897856019229304,1.735185313509827,0.16267070571947695,1.3118030443497792,1.0423255026354137,0.2694775417143655,0.07782334635875356,0.05425061953287975,0.06818906051381406,1.190465529594563,0.13077125498887812,0.007084031303279035
2131,0.6459371991886212,0.3384176916298402,-0.0028620754184059405,0.03951456638619732,2.709425756615526,1.8478088384980595,1.6824162385577088,0.1653925999403506,1.2924263695188198,1.0270095180578174,0.2654168514610025,0.07933218264351816,0.05552883542015864,0.06953544141751969,1.181840135557901,0.13431439880102788,0.007000440676033242,0.655600700065401,0.3410024958033311,-0.006407537584444088,0.04010572219899051,2.7774467695045715,1.8976633074295577,1.7349786835122463,0.16268462391731134,1.3117495794369547,1.0424680859923252,0.2692814934446294,0.07782974708362009,0.054256041929131145,0.06819471506056679,1.1904285896275786,0.13076824718608407,0.007083761658082718
2132,0.6459092159390613,0.338411964767809,-0.0028818210670795708,0.039512854455620666,2.7093913011055446,1.8476494749500536,1.6822454411865437,0.16540403376350984,1.292371172404662,1.0271458599190009,0.2652253124856612,0.07933769304152918,0.05553350357292913,0.0695403541543533,1.1818089351726577,0.1343122665370631,0.007000213853533262,0.6555734648309904,0.34099703160490696,-0.006427130549589745,0.040104056020088055,2.7774143244214837,1.8975057392045138,1.734809593221141,0.162696145983373,1.3116947615063395,1.0426047312003428,0.26909003030599665,0.07783501125664849,0.054260501491554335,0.06819941537176775,1.1903982112000735,0.13076629191563063,0.007083543274346481
2133,0.6458875445191684,0.3384076878053996,-0.0029008692062404973,0.039511528626726196,2.709388868156196,1.8475246568832373,1.682111439454951,0.1654132174282862,1.292315898352008,1.027277428701245,0.265038469650763,0.07934205848326865,0.055537201772026486,0.06954430205329709,1.1817842191685481,0.13431125292891757,0.007000039542200269,0.6555525782925216,0.3409930057544289,-0.006446077699659103,0.04010277819828997,2.777414780536706,1.8973834154332079,1.7346780878595447,0.1627053275736631,1.3116399783219037,1.0427366926771615,0.2689032856447421,0.07783914826695175,0.05426400617416892,0.06820316457210562,1.190374338814962,0.13076541442577663,0.0070833772292375865
2134,0.6458721056148032,0.33840485535364945,-0.002918501819572192,0.03951058405294822,2.7094190070214297,1.847433833669601,1.682013627457132,0.1654202062124691,1.292261817420641,1.0274053795642977,0.26485643785634344,0.07934530098242745,0.055539948666425254,0.0695472983953313,1.1817658618498057,0.1343113443623042,0.006999917194503857,0.6555379397089134,0.34099040671670205,-0.006463660165429201,0.04010188257623718,2.777448564876411,1.8972956721558272,1.7345834423300521,0.16271222982577507,1.3115864961482178,1.042865122546359,0.26872137360185877,0.07784218256118317,0.05426657668704194,0.06820597812065746,1.19035683038541,0.13076559801532273,0.0070832627931659104
2135,0.6458626711225401,0.33840339824694365,-0.0029341069931025643,0.039510006785749376,2.709481605065946,1.847375903957684,1.681950857233655,0.1654250467240291,1.2922100568015373,1.027530747832291,0.26467930896924635,0.07934745138397262,0.05554177038654612,0.0695493636424017,1.181753687818599,0.1343124879497043,0.006999844770960593,0.6555293000538165,0.34098916011675656,-0.0064792643828765,0.04010135392543508,2.7775154306499656,1.8972412876901665,1.7345243806787618,0.16271690701140484,1.3115354344751784,1.0429910499712038,0.2685443845039746,0.07784414731527745,0.05426824113528146,0.06820787861008631,1.190345493751269,0.1307667884276796,0.007083197758186706
2136,0.6458589120067763,0.33840320215663805,-0.002947167117437921,0.03950977670189173,2.7095760704578535,1.8473494098750742,1.6819216341625414,0.16542777571253295,1.2921615853458919,1.0276544362953122,0.26450714905057976,0.07934854537595479,0.05554269716564487,0.06955052237647201,1.1817474945385549,0.1343146012963594,0.006999819203561578,0.6555263107448966,0.3409891474651189,-0.0064923704221429915,0.04010117092687855,2.777614647654697,1.897218683531295,1.734499278805359,0.16271940472593588,1.311487751038424,1.0431153688493378,0.26837238218908616,0.07784508042450626,0.0542690316219982,0.06820889267695826,1.1903401097991564,0.130768903366131,0.007083178906830025
2137,0.645860429256929,0.33840412701737105,-0.002957250296525188,0.039509869396858216,2.709701373942364,1.847352597057815,1.6819241623789116,0.16542843467890345,1.2921172092126578,1.0277772115634525,0.26433999764920546,0.07934862545975307,0.055542765008912115,0.06955080535441785,1.181747041157389,0.13431758325239856,0.006999836758774383,0.6555285552852897,0.34099022562504366,-0.0065025434888568365,0.040101308106332015,2.7777450492388014,1.8972259886475806,1.7345062145786263,0.1627197740689544,1.3114442380835611,1.043238834660175,0.2682054034233861,0.07784502631542986,0.05426898578330662,0.06820905291169528,1.190340421981938,0.13077184292808608,0.0070832023802925885
2138,0.645866755682461,0.33840602264277025,-0.0029640173893217825,0.039510256294406756,2.709855894446944,1.8473832894515114,1.6819561885595684,0.165427100891943,1.292077574142778,1.0278997058873758,0.2641778682554022,0.0793477499922111,0.05554202335355013,0.06955025758260794,1.1817519972891541,0.13432132218715734,0.006999893182625532,0.6555355515129894,0.34099224242277515,-0.006509440977017507,0.040101735971678334,2.777904879569246,1.897260915274761,1.734542812730282,0.16271810254447916,1.311405525332263,1.0433620668389638,0.2680434584932992,0.07784404467164865,0.05426815418037564,0.06820840565547698,1.190346085941139,0.1307754976309435,0.007083263828740196
2139,0.6458773357465286,0.33840873971590546,-0.002967243405881337,0.03951090341284092,2.7100371323038863,1.8474386401803105,1.682014713071747,0.16542392710856335,1.2920431678649922,1.0280224192321392,0.26402074863285296,0.07934600646911855,0.05554054632192036,0.06954894997911773,1.1817618677722683,0.1343257001700076,0.00699998366667522,0.6555467317512066,0.3409950476436102,-0.006512833766223684,0.040102419798563924,2.7780915059526397,1.897320508465163,1.7346059545311867,0.16271455393397627,1.3113720831016344,1.043485551421453,0.2678865316801814,0.07784222331933684,0.054266611215453064,0.06820702231768892,1.1903565951146544,0.13077975249788504,0.007083358382860307
2140,0.6458915036932776,0.3384121346795273,-0.002966843319543097,0.039511770027082366,2.7102414717008956,1.8475149236795994,1.6820957536526508,0.16541917002694856,1.2920143182277986,1.0281457180482447,0.2638686001795537,0.07934352159167478,0.05553844124938292,0.0695469881698734,1.1817759356134379,0.13433059296397515,0.007000102751020049,0.6555614211851993,0.3409984979414726,-0.006512631871059667,0.04010331830773631,2.778301180644483,1.8974009371542686,1.7346915402651069,0.16270939688916164,1.3113442211417123,1.043609640379376,0.2677345807623364,0.07783968798330844,0.05426446339675079,0.06820500790336789,1.1903712243755762,0.13078448711303448,0.007083480561284827
2141,0.6459084803676587,0.33841607109839583,-0.0029628895465121236,0.03951280847432803,2.710464134448485,1.8476074994726166,1.6821943036689384,0.16541319580367808,1.2919911871436742,1.0282698307795468,0.2637213563641275,0.07934046310983643,0.05553585024589486,0.06954451413392687,1.1817932514559917,0.13433586877908008,0.007000244315973769,0.6555788349236941,0.34100245822672826,-0.006508901815995886,0.04010438348548047,2.7785289963422275,1.897497459022431,1.7347944486659554,0.1627030103564755,1.3113220832645809,1.043734547676272,0.2675875355883088,0.0778366040272516,0.05426185081269025,0.06820250256631605,1.190389019894874,0.1307895744741612,0.0070836242645095585
2142,0.6459274057464646,0.3384204237175143,-0.002955606748537183,0.03951396614428514,2.7106994022515134,1.8477110202212041,1.6823045588388146,0.16540646138238962,1.2919737645028386,1.0283948434126988,0.2635789210901398,0.07933703178553056,0.05553294338761842,0.06954169935244811,1.1818126789712706,0.1343413897215367,0.00700040182378782,0.655598110813652,0.34100680574199804,-0.006501861480862042,0.04010556259121169,2.7787691136354753,1.897604632745146,1.7349087682867583,0.1626958644583876,1.3113056419228613,1.043860345348717,0.26744529657414423,0.07783316856767472,0.05425894045120465,0.06819967488023951,1.1904088445384793,0.1307948824264361,0.007083783016424141
2143,0.6459474150984493,0.3384250897623961,-0.002945339171451296,0.039515190138270415,2.710941129545301,1.8478199032541451,1.682420428774026,0.16539947448011916,1.2919618692018475,1.028520700771275,0.26344116843057247,0.07933344372860911,0.05552990375276354,0.0695387297252644,1.1818329947746427,0.13434701876441368,0.007000568899545093,0.6556183858824947,0.3410114413159038,-0.006491847728771982,0.040106802833829815,2.7790152826621477,1.897716796941975,1.7350283173377063,0.1626884796042687,1.3112946998933053,1.0439869653244414,0.26730773456886386,0.07782959320740233,0.05425591157236004,0.06819670708414274,1.190429477413255,0.13080028037844063,0.007083950541888369
2144,0.6459677480923903,0.3384300100545706,-0.0029324999422490755,0.039516433943701496,2.711183436045414,1.8479289625826771,1.6825362160892752,0.16539274649340185,1.2919551653013523,1.028647219956139,0.2633079453452133,0.0793299081521272,0.05552690857689491,0.06953578662591155,1.1818530143267272,0.1343526337240968,0.007000740205288803,0.6556389055925147,0.3410163103026528,-0.0064792663314062054,0.0401080580551611,2.779261546171065,1.897828711015079,1.7351473327916282,0.1626813782234508,1.311288907080474,1.0441142133794366,0.26717469370103747,0.07782608231631334,0.05425293730880755,0.06819377657133717,1.1904497391588544,0.13080565270590272,0.007084121634346172
2145,0.6459878701437384,0.3384352020325652,-0.0029175147668662957,0.03951766485713891,2.7114213873357413,1.8480340273151663,1.682647267358261,0.16538675995690513,1.291953198389695,1.0287741199774803,0.26317907841221466,0.07932660853131179,0.055524113291686814,0.0695330310112928,1.1818716986246913,0.13435814766711882,0.0070009124936453605,0.65565914506578,0.3410214352598584,-0.006464536597087067,0.04010929614555163,2.779502929152104,1.8979361809238244,1.7352611298936358,0.16267505103018864,1.3112877974909296,1.0442417992584683,0.26704599823246145,0.07782281466143082,0.054250169103650256,0.06819104038341003,1.1904685979726972,0.13081091828272248,0.007084293200699082
2146,0.6460075942749057,0.33844080634799867,-0.002955169416114803,0.03951887143872555,2.711651547607923,1.8481324435330073,1.6827504797119381,0.16538196382106915,1.2919554525794734,1.0289010678959847,0.26305438468348863,0.07932369198133901,0.05552164252627051,0.06953059477583959,1.1818882144042973,0.13436353371900353,0.007001085780761861,0.6556789304889674,0.34102696202126676,-0.006503254178668462,0.04011050647044323,2.7797359972183084,1.898036565244987,1.7353666139819082,0.162669951263079,1.3112908467549926,1.0443693832364003,0.26692146351859236,0.07781993309480197,0.054247727974494994,0.06818862680838346,1.1904852291799455,0.13081605419728598,0.007084465424018591
2147,0.6459845192022969,0.33844252772546013,-0.0029663078666000084,0.03951745983086433,2.711566560857015,1.8479438153310876,1.6825390072141075,0.1654048081169802,1.291961426176507,1.0290275536429074,0.2629338725335997,0.07933220870528646,0.055528857498475984,0.06953796091904413,1.181839987676057,0.13436335199444138,0.007000953893005567,0.6556559885491844,0.34102872055633104,-0.006514344894487226,0.04010910300058383,2.7796496932740076,1.8978462641672138,1.7351532420304763,0.16269302213673756,1.3112975481772868,1.0444964512435313,0.26680109693375553,0.0778282140061637,0.05425474317725132,0.06819579030121133,1.1904374367353896,0.1308158846165003,0.007084336958684276
2148,0.6459635496747195,0.33844379087739157,-0.0029757819885749687,0.03951617702906729,2.7114968371265613,1.8477750837827838,1.682350144052074,0.16542493973070965,1.291962187399316,1.0291466930744873,0.26281549432482865,0.07933976327471828,0.05553525737814935,0.06954451061335137,1.1817972135582473,0.13436307305655074,0.007000831451841549,0.6556351549299452,0.3410300199321443,-0.006523771599425625,0.04010782850656428,2.7795789443959658,1.8976761548960495,1.7349628083854154,0.16271334651063413,1.3112989910693948,1.0446161360105504,0.26668285505884437,0.07783555460668952,0.0542609617924245,0.06820215554203603,1.1903950754100487,0.13081562552818163,0.007084217693177768
2149,0.6459445062873919,0.33844472927480773,-0.002983682904035806,0.03951501205324056,2.711440248961712,1.847623712662851,1.6821809259928684,0.16544278666998258,1.2919586785943282,1.0292593229688438,0.2626993556254843,0.0793464957582109,0.05554096082487049,0.06955036304149116,1.181759097530703,0.13436286788739618,0.007000718462922351,0.6556162471298109,0.3410309923105621,-0.006531636100567395,0.04010667181896384,2.7795215726634095,1.89752365077336,1.7347922942112723,0.1627313565620876,1.3112961229484446,1.0447292784521371,0.26656684449630746,0.07784209205066527,0.05426650001074306,0.06820783927636101,1.190357352291418,0.13081543623253225,0.007084107639664665
2150,0.6459271880101611,0.3384454224084238,-0.002990238842853349,0.039513952605654545,2.7113949748763395,1.8474874835310888,1.682028801028346,0.16545868250274287,1.2919517119923738,1.0293661738479936,0.2625855381443802,0.07935251997383999,0.055546064260016695,0.06955561434838317,1.1817249941040329,0.13436273534891816,0.007000614331588822,0.6555990634133478,0.34103171699853535,-0.0065381652240800794,0.04010562059691515,2.779475720957629,1.8973864982037612,1.7346391086398842,0.16274738956387697,1.3112897600795623,1.0448366123177446,0.26645314776181783,0.0778479376240195,0.05427145210846704,0.06821293555715058,1.1903236241413822,0.1308153157089795,0.0070840062277835545
2151,0.6459114080807465,0.3384459254648968,-0.0029956477047192176,0.03951298726146433,2.711359480379509,1.8473645016078495,1.681891603396004,0.16547289821184533,1.2919419783951687,1.0294678769835048,0.2624741014116638,0.07935793018171325,0.05555064753636476,0.06956034389439686,1.1816943688109969,0.1343626709403787,0.00700051834517743,0.6555834164829857,0.3410322492305342,-0.006543555588201334,0.04010466338283117,2.779439823592367,1.8972627718662882,1.7345010519215767,0.16276171994471147,1.3112805967542758,1.0449387716707905,0.26634182508348514,0.07785318354886192,0.05427589621187623,0.06821752207170995,1.1902933580149941,0.13081525970992117,0.007083912767032387
2152,0.6458969930793947,0.338446277347419,-0.0030000819992144004,0.03951210541207893,2.7113324341861444,1.8472531174238933,1.6817674577374622,0.16548565968643109,1.291930062171801,1.0295649764486823,0.26236508572311884,0.07936280631943504,0.055554778373333294,0.06956461885231274,1.1816667684861106,0.1343626681575301,0.007000429735962007,0.6555691325073608,0.3410326280676266,-0.0065479785242244445,0.04010378954294138,2.779412521946717,1.897150795660781,1.7343762189351195,0.1627745767256614,1.3112692203754452,1.0450363030115977,0.26623291736384763,0.07785790805750586,0.054279898595746,0.06822166459798952,1.1902661019034655,0.13081526206120173,0.007083826509758674
2153,0.6458837817685119,0.33844650523724934,-0.0030036926437591593,0.039511297194160605,2.7113126590921315,1.8471518774723619,1.6816547192705915,0.16549715820177036,1.2919164545705,1.02965793982154,0.26225851474896006,0.07936721718294651,0.05555851505164219,0.06956849697628358,1.1816418032020009,0.13436271915883974,0.0070003477129451175,0.6555560499380534,0.3410328809027354,-0.006551583855837949,0.04010298919489123,2.7793926148507375,1.8970490928131967,1.734262938814099,0.1627861539990975,1.311256124839373,1.0451296760366384,0.2661264488027346,0.07786217848284137,0.054283516301367477,0.06822541969549223,1.1902414668474222,0.1308153153019764,0.007083746683166533
2154,0.645871624778346,0.3384466279027437,-0.0030066117719515784,0.03951055347038503,2.7112991024275486,1.8470594923730652,1.6815519347917713,0.16550755758129398,1.2919015654671524,1.0297471676357772,0.26215439783137523,0.07937122256332627,0.055561908223510946,0.06957202845363689,1.181619134132024,0.1343628152573997,0.007000271488271432,0.6555440191836797,0.34103302674125624,-0.006554502696034137,0.040102253187794965,2.7793790286459825,1.8969563536161704,1.7341597355094902,0.16279661810668028,1.3112417223430464,1.0452192931364923,0.26602242920655395,0.0778660533399254,0.054286798899973954,0.06822883650980881,1.1902191148862933,0.13081541115973402,0.007083672515980901
2155,0.6458603848566299,0.3384466581225034,-0.0030089547451204665,0.03950986584470485,2.7112908199617394,1.8469748171624474,1.681457818121519,0.16551699904092854,1.2918857338761063,1.0298330018402204,0.2620527320358858,0.07937487465622692,0.055565002106667497,0.0695752571181428,1.1815984655410132,0.1343629473828875,0.007000200299620147,0.6555329028508035,0.34103307860989057,-0.006556849457909547,0.04010157311696483,2.7793708007821025,1.8968714153908568,1.7340653028863846,0.16280611250447216,1.3112263539454778,1.045305497895718,0.26592085604976,0.07786958370308422,0.05428978965935788,0.0682319579585064,1.1901987510828127,0.13081554099584547,0.007083603261037563
2156,0.6458499377781605,0.3384466047463901,-0.0030108215546706535,0.0395092267179869,2.711286968502257,1.8468968397730423,1.681371235046238,0.16552560472680425,1.2918692374598217,1.029915733456019,0.2619535040038029,0.07937821903559017,0.05556783530923451,0.06957822128478944,1.181579539249926,0.1343631065771557,0.007000133433675469,0.6555225766400204,0.34103304560478026,-0.00655872326586987,0.04010094137872258,2.7793670721796992,1.8967932507097196,1.733978489394665,0.1628147613150546,1.3112102991210908,1.0453885827850342,0.2658217163360566,0.07787281415952761,0.05429252635172853,0.06823482154897195,1.1901801179981215,0.13081569628160788,0.0070835382188175165
2157,0.6458401727732139,0.3384464741796691,-0.0030122981592437398,0.039508629314214665,2.7112868001981525,1.846824671033003,1.6812911905808454,0.16553348045215754,1.2918523012694716,1.029995609617307,0.2618566916521646,0.07938129542778695,0.05557044148554477,0.06958095440555491,1.181562130235692,0.1343632843639008,0.007000070241590364,0.6555129297627587,0.3410329343672473,-0.006560209299023477,0.040100351195892545,2.7793670813196045,1.8967209571687664,1.7338982850882863,0.16282267208048024,1.3111937845369857,1.0454687962313183,0.26572498830566726,0.07787578356822644,0.05429504189659779,0.0682374600215564,1.1901629912957894,0.13081586895264183,0.007083476752971965
2158,0.6458309925359399,0.33844627158203805,-0.0030134577631676443,0.03950806768099678,2.711289655842389,1.8467575340525184,1.6812168158624774,0.16554071819004113,1.2918351056971673,1.0300728399799117,0.2617622657172556,0.07938413844625891,0.05557284995849533,0.06958348568964336,1.1815460424589816,0.13436347310298488,0.007000010149331161,0.655503864936082,0.3410327502731361,-0.0065613800768806185,0.040099796617478825,2.7793701573366274,1.8966537465545326,1.7338238082857784,0.1628299382687541,1.3111769920358385,1.045546349050849,0.2656306429849896,0.07787852577892324,0.05429736496989229,0.06823990195685306,1.1901471755801105,0.13081605174670313,0.007083418300693629
2159,0.6458223129557334,0.3384460016135805,-0.003014361974218338,0.039507536673130436,2.711294960199367,1.8466947555586168,1.6811473577053713,0.16554739785324554,1.2918177936346384,1.030147602493996,0.2616701911406424,0.07938677813669293,0.05557508618139396,0.06958584055569908,1.1815311057675495,0.13436366624933635,0.00699995266237791,0.6554952981009782,0.3410324981723215,-0.006562296623384131,0.04009927250142882,2.7793757151604326,1.8965909359866262,1.7337542949185702,0.16283664106805595,1.311160065819471,1.0456214202418623,0.26553864557760876,0.07788107016647493,0.05429952045662388,0.06824217221915874,1.1901325013028385,0.130816238449183,0.0070833623774245605
2160,0.6458140628617148,0.3384456689058412,-0.0030150618655239436,0.039507031936968987,2.7113022198429553,1.8466357597736076,1.6810821712831172,0.16555358849049043,1.2918004768623212,1.030220048559838,0.2615804283024831,0.07938924034874861,0.055577172052869356,0.06958804093278675,1.1815171737835677,0.1343638584656617,0.0069998973681511525,0.6554871581552688,0.3410321828564188,-0.006563009530065118,0.04009877449829319,2.779383253194703,1.8965319416356303,1.733689091038546,0.16284285059708423,1.3111431188577198,1.045694162156157,0.26544895670156277,0.07788344199649275,0.0543015297606427,0.06824429225280261,1.1901188226453863,0.1308164239995745,0.0070833085792803546
2161,0.645806183263875,0.3384452782557754,-0.0030155991595946577,0.03950654986400012,2.7113110192827587,1.8465800609775889,1.6810207116523226,0.16555934932526628,1.291783241748432,1.0302903076304362,0.26149293411799585,0.07939154709984197,0.055579126225051775,0.06959010555283966,1.1815041218378282,0.13436404558880682,0.006999843932864251,0.6554793861865019,0.3410318092526095,-0.006563560134232337,0.04009829900429919,2.7793923492757053,1.8964762711233987,1.7336276441616136,0.16284862696178493,1.3111262386030014,1.0457647051140917,0.2653615334889096,0.07788566278295048,0.05430341110758617,0.06824628036994662,1.1901060154492338,0.130816604458375,0.00708325657994665
2162,0.6457986261347685,0.3384448346595675,-0.0030160074452812574,0.039506087516317054,2.7113210144369977,1.846527254045657,1.6809625232013563,0.16556473084430057,1.291766154226364,1.0303584912356414,0.26140766299072266,0.07939371698894147,0.05558096445412184,0.06959205028682151,1.1814918446225247,0.13436422457498845,0.00699979209408164,0.6554719342479414,0.3410313824590455,-0.006563981728632116,0.04009784308647302,2.7794026539622916,1.896423513888392,1.7335694925237404,0.16285402136465174,1.3111094919800013,1.0458331614385512,0.26527633054145,0.07788775069401462,0.05430517988867947,0.06824815208058391,1.190093974869762,0.1308167769535033,0.007083206123325493
2163,0.6457913531670969,0.33844434328770595,-0.0030163132917156305,0.039505642550616414,2.7113319259570554,1.8464770053285102,1.6809072295449894,0.16556977578352083,1.2917492640306814,1.030424696412066,0.2613245676186153,0.07939576558212563,0.05558269992693688,0.06959388845876902,1.1814802540050948,0.13436439343150436,0.0069997416526183034,0.6554647641110781,0.34103090772192585,-0.006564300668156858,0.04009740440632745,2.7794138836850744,1.896373331903276,1.733514254792282,0.16285907711099418,1.3110929296315892,1.0458996288927924,0.26519330073879677,0.07788972093017435,0.054306848981069744,0.06824992040082101,1.1900826131910953,0.13081693961382715,0.007083157015522995
2164,0.6457843345595587,0.33844380938120905,-0.0030165372961712747,0.03950521314392712,2.7113435331155316,1.8464290444473357,1.6808545245212767,0.16557451992605904,1.2917326082610325,1.0304890085942549,0.2612435996667776,0.07939770574052005,0.05558434353884405,0.06959563111166445,1.181469277169085,0.13436455107589648,0.006999692463942232,0.65545784604798,0.3410303903347895,-0.006564537407442013,0.040096981145376395,2.7794258144766615,1.8963254513250962,1.733461620898716,0.16286383042638033,1.3110765894906458,1.0459641935779456,0.26511239591270025,0.07789158604606813,0.054308429020462436,0.06825159611407752,1.1900718579666183,0.1308170914340057,0.007083109116343703
2165,0.6457775477458597,0.33844323819087513,-0.0030166951181367016,0.039504797915861825,2.7113556662707623,1.846383155282313,1.6808041622453296,0.1655789930369834,1.2917162143468413,1.0305515040254327,0.2611647103214085,0.07939954799329929,0.05558590420967002,0.0695972873156692,1.1814588545008597,0.13436469717460742,0.006999644429581472,0.655451157557492,0.3410298355800498,-0.006564707523061118,0.040096571927214546,2.779438274277921,1.8962796533389796,1.7334113419290196,0.16286831140995994,1.311060499751177,1.0460269323489015,0.26503356740227557,0.0778933563156837,0.05430992871050186,0.06825318807311304,1.1900616499101675,0.13081723212001045,0.007083062330798972
2166,0.6457709759529868,0.33844263489609294,-0.003016798485623834,0.03950439584042216,2.711368197691287,1.8463391658623156,1.6807559459645864,0.16558321989772917,1.291700102461329,1.0306122517267007,0.2610878507346284,0.07940130095341001,0.05558738923590243,0.06959886451539654,1.181448937235312,0.13436483199600832,0.006999597487269078,0.6554446819226671,0.3410292486504974,-0.006564822707969438,0.04009617572927071,2.7794511336022447,1.8962357639025487,1.733363218814561,0.16287254508798774,1.3110446812875578,1.0460879147876838,0.2649567664998741,0.07789504013869149,0.05431135516699794,0.06825470353969247,1.1900519405507113,0.13081736194841134,0.007083016599380563
2167,0.6457646069209168,0.3384420045865305,-0.003016856064464807,0.039504006167679115,2.7113810326153405,1.8462969389104344,1.6807097175738963,0.16558722133653803,1.2916842874057934,1.0306713150414442,0.2610129723643492,0.07940297171999366,0.05558880463160357,0.06960036886911698,1.1814394851774201,0.13436495629685155,0.006999551602650695,0.6554384069301208,0.34102863463304156,-0.006564891630688234,0.040095791804466735,2.779464296449578,1.896193644159295,1.7333170916981004,0.16287655246119453,1.3110291495433353,1.0461472047514777,0.2648819447918575,0.07789664443355941,0.05431271425095474,0.06825614851615863,1.1900426899638437,0.13081748165778423,0.007082971889890738
2168,0.6457584316513106,0.33844135221384064,-0.0030168742808684285,0.03950362834722736,2.7113941005253483,1.8462563628743436,1.6806653477021616,0.16559101517218197,1.2916687800493976,1.0307287528231868,0.2609400272262107,0.07940456625302059,0.05559015544578291,0.06960180556540864,1.1814304645815135,0.1343650711705252,0.006999506760918792,0.6554323236202378,0.34102799846334203,-0.006564920745851972,0.040095419604764065,2.7794776914496144,1.8961531813507715,1.7332728298859248,0.16288035146484675,1.311013915975026,1.0462048615636896,0.2648090544113363,0.07789817500341767,0.05431401087851412,0.06825752805487806,1.1900338646608808,0.13081759230419046,0.007082928189211001
2169,0.6457524434565417,0.3384406825595682,-0.003016857941126057,0.03950326197001167,2.711407348435147,1.8462173450687906,1.6806227281280366,0.1655946169407541,1.2916535883747198,1.0307846203071103,0.26086896806760945,0.07940608966086528,0.055591446006017675,0.06960317906657386,1.1814218465234325,0.13436517793305655,0.00699946296049414,0.6554264253376172,0.3410273448966451,-0.006564914905070808,0.04009505872307685,2.779491265043444,1.896114281864147,1.7332303241548526,0.1628839577092944,1.3109989891015708,1.0462609408885912,0.2647380482129796,0.07789963681725598,0.05431524925917292,0.06825884649643227,1.1900254359665365,0.13081769515279223,0.007082885497094308
2170,0.6457466372587731,0.3384400001931035,-0.0030168107149014453,0.039502906725450544,2.711420736136177,1.8461798067843929,1.680581766391315,0.16559804039307796,1.2916387182285562,1.0308389697448619,0.26079974848369425,0.07940754640092051,0.055592680088403595,0.06960449327801714,1.1814136057649216,0.13436527800083886,0.006999420208211345,0.6554207070316017,0.34102667846888757,-0.006564877832069924,0.040094708850484245,2.779504976648536,1.8960768662682803,1.7331894812793691,0.16288738498891112,1.3109843752589372,1.046315495369167,0.2646688798897704,0.07790103420652808,0.05431643306233723,0.06826010763575342,1.1900173788846204,0.13081779156187492,0.007082843821440483
2171,0.6457410090838006,0.33843930943540546,-0.003016735488177713,0.039502562370473636,2.711434232832611,1.8461436798079556,1.6805423819663547,0.16560129784160083,1.2916241738574554,1.0308918508662563,0.2607323229911991,0.07940894042081734,0.05559386103718995,0.06960575166733135,1.1814057199541954,0.13436537279457725,0.006999378515791697,0.6554151647513419,0.34102600346347944,-0.006564812469664949,0.04009436974534257,2.779518795229857,1.8960408657767756,1.7331502201380737,0.16289064563870181,1.310970079139364,1.0463685750917833,0.26460150404758076,0.0779023710039653,0.05431756553491864,0.06826131483930094,1.1900096712971313,0.13081788289189888,0.007082803174840821
2172,0.6457355556460317,0.33843861433461303,-0.0030166346367265506,0.03950222870413402,2.711447814282226,1.8461089035219072,1.680504503065944,0.1656044004559631,1.29160995828847,1.0309433112162818,0.26066664707218823,0.0794102752775297,0.05559499186567956,0.0696069573651568,1.181398168951754,0.13436546367145372,0.006999337896996782,0.6554097952320442,0.3410253238895504,-0.006564721248879246,0.04009404120797519,2.779532696388512,1.8960062193004292,1.7331124684624495,0.16289375083797972,1.3109561041756959,1.0464202279260624,0.2645358762496334,0.07790365066063717,0.05431864960050266,0.0682624711442861,1.1900022932889094,0.13081797044138224,0.007082763571794269
2173,0.6457302739725065,0.3384379186361643,-0.0030165102410132164,0.039501905544608494,2.7114614602256824,1.8460754223458258,1.680468063831284,0.16560735851454178,1.2915960735888294,1.0309933963943982,0.2606026771944313,0.07941155424048216,0.0555960753435768,0.06960811325265656,1.1813909342467892,0.13436555188144292,0.00699929836498314,0.6554045955204054,0.3410246434543349,-0.006564606300870336,0.04009372305775917,2.779546659748958,1.8959728708506236,1.7330761599819953,0.16289671086862823,1.310942452804535,1.0464704997669627,0.26447195303757237,0.07790487634714222,0.054319687945072845,0.06826357934459733,1.1899952265638825,0.1308180554056271,0.007082725026118059
2174,0.6457251611143775,0.3384372257586701,-0.003016364237598483,0.039501592711547726,2.7114751524008134,1.8460431837837246,1.6804330021887344,0.1656101815949903,1.2915825210244476,1.031042150212079,0.26054037081236864,0.07941278036993754,0.055597114063393877,0.06960922202816866,1.18138399851351,0.13436563854135444,0.006999259930262049,0.6553995626872893,0.3410239655407907,-0.006564469606526013,0.040093415115548925,2.7795606669427007,1.895940767558344,1.73304123224765,0.1628995353106938,1.3109291266281622,1.0465194346950506,0.2644096919331115,0.07790605103050759,0.05432068308215651,0.06826464205624092,1.1899884540014551,0.13081813885224056,0.007082687548950991
2175,0.6457202138098361,0.33843653873668506,-0.0030161985807196506,0.03950129000545647,2.711488872454913,1.8460121364005833,1.6803992576642037,0.16561287873637964,1.2915693011448783,1.0310896147907092,0.26047968635416907,0.07941395659067206,0.05559811050286513,0.06961028626954868,1.1813773451941887,0.13436572459223928,0.006999222598067406,0.6553946934924139,0.3410232931521191,-0.006564313155260286,0.040093117183163884,2.7795746994961044,1.8959098576280187,1.7330076244190546,0.16290223320896402,1.3109161265028038,1.0465670750770497,0.26434905142575404,0.07790717754617935,0.05432163741381158,0.06826566177830191,1.1899819592412522,0.13081822168078563,0.007082651146167152
2176,0.645715428307017,0.33843586019020255,-0.0030160153069909573,0.039500997196859844,2.711502600837466,1.8459822287629835,1.6803667702394935,0.16561545852348986,1.2915564137923579,1.0311358305979723,0.2604205831943855,0.07941508573040887,0.055599067057506044,0.06961130846683772,1.1813709582816003,0.1343658107923016,0.006999186366969221,0.6553899842078552,0.34102262888214296,-0.006564139009437725,0.04009282903259166,2.7795887377092607,1.895880089264152,1.7329752761043695,0.1629048131597825,1.3109034525510064,1.0466134616048912,0.2642899909461151,0.07790825863565762,0.05432255326250947,0.06826664092494991,1.1899757264659878,0.13081830461605656,0.007082615817011034
2177,0.6457108002546168,0.33843519229339286,-0.003015816582413816,0.039500714019612276,2.7115163162362537,1.8459534088948726,1.680335479781836,0.1656179291130366,1.2915438580745255,1.0311808364544177,0.2603630216201078,0.07941617053588773,0.05559998605422668,0.06961229103574468,1.181364822227988,0.13436589769498844,0.00699915122791118,0.6553854305093949,0.3410219748849137,-0.006563949350437873,0.04009255039934152,2.779602760086174,1.895851410120369,1.7329441267813954,0.16290728333897345,1.3108911041374767,1.0466586333047787,0.26423247083269796,0.07790929696230262,0.054323432884524944,0.06826758183870828,1.1899697403102065,0.13081838818740238,0.007082581553151486
2178,0.6457063247883974,0.3384345367826928,-0.0030156046516613064,0.03950044017618921,2.7115299962004777,1.8459256248548925,1.6803053266765078,0.1656202981783848,1.2915316323179964,1.03122466952397,0.2603069627940265,0.07941721364986196,0.05560086973184471,0.06961323629810433,1.1813589220750513,0.13436598566264812,0.006999117164830146,0.6553810275624902,0.3410213328829739,-0.006563746429527041,0.04009228098770339,2.779616743960848,1.8958237678774548,1.7329141164307886,0.1629096514466661,1.310879079825608,1.0467026275300593,0.2641764522955487,0.07791029508924652,0.054324278451224325,0.0682684867716755,1.1899639859875057,0.1308184727418212,0.007082548339293295
2179,0.6457019965952854,0.33843389496647497,-0.003015381814805422,0.03950017534160796,2.7115436175765355,1.8458988251315038,1.6802762522552661,0.16562257287623777,1.291519734043876,1.0312673653212694,0.26025236872260654,0.07941821759631672,0.055601720228562884,0.06961414646937186,1.181353243537436,0.1343660748654604,0.006999084155146766,0.655376770086453,0.3410207041772577,-0.00656353254494145,0.0400920204746738,2.7796306659377397,1.8957971106410825,1.7328851859671348,0.16291192467394755,1.3108673773555453,1.0467454799706049,0.26412189738494035,0.07791125546515687,0.0543250920370048,0.06826935787347146,1.1899584493724928,0.13081855844317983,0.007082516153666346
2180,0.6456978100201118,0.3384332677580172,-0.0030151503661321744,0.039499919169956973,2.711557157055885,1.8458729591515977,1.6802481993253582,0.16562475982623953,1.2915081599585456,1.031308957730527,0.26019920222801873,0.07941918476627219,0.055602539569942225,0.06961502364695207,1.1813477730829118,0.13436616531461637,0.006999052170726318,0.6553726524607405,0.3410200896796542,-0.006563309982847841,0.040091768516457515,2.77964450244651,1.8957713874545559,1.7328572777729945,0.1629141096815614,1.3108559936372812,1.0467872246735155,0.26406876896376574,0.0779121804104555,0.05432587560761981,0.06827019717989136,1.1899531170801216,0.13081864530381354,0.007082484968976389
2181,0.6456937591615409,0.33843265571033027,-0.003014912549130694,0.03949967130026395,2.711570591629517,1.8458479776914727,1.680221112588011,0.1656268651034616,1.2914969059667134,1.0313494790415059,0.2601474269252076,0.07942011740823102,0.055603329660809574,0.06961586980247614,1.1813424979862925,0.1343662568875415,0.0069990211787867435,0.6553686688205687,0.34101948994726805,-0.006563080973825262,0.04009152475431649,2.779658230204656,1.8957465487151386,1.73283033612396,0.1629162125911786,1.3108449247657012,1.046827894080696,0.2640170306850051,0.07791307210792528,0.05432663101222137,0.06827100660528787,1.1899479765197345,0.13081873320857468,0.007082454753303637
2182,0.6456898379598515,0.3384320590540092,-0.0030146705165826557,0.039499431361865664,2.7115838989550265,1.845823833199854,1.6801949389558801,0.16562889424397395,1.2914859672023502,1.0313889599991464,0.2600970072032039,0.07942101762312623,0.05560409228097762,0.06961668677794094,1.181337406357903,0.1343663493551601,0.006998991142780679,0.6553648131444735,0.34101890521955835,-0.00656284765437716,0.04009128881992621,2.7796718265935674,1.8957225465032115,1.7328043075137054,0.16291823898950608,1.3108341660532448,1.046867519079862,0.26396664697338273,0.07791393259759594,0.05432735997902777,0.06827178793862654,1.189943015924443,0.13081882194078942,0.007082425470975868
2183,0.6456860405062884,0.3384314777743809,-0.0030144261942436287,0.039499198993332235,2.7115970591524494,1.845800481435715,1.6801696292883417,0.16563085214737325,1.2914753380740855,1.0314274298641077,0.2600479082099777,0.07942188731184863,0.05560482904079256,0.06961747624145577,1.18133248744026,0.13436644243741971,0.006998962025022404,0.6553610795594718,0.34101833549377,-0.006562611935458783,0.04009106035404367,2.7796852714553237,1.8956993362181798,1.7327791423890322,0.16292019382914757,1.3108237120768151,1.0469061290662915,0.2639175830105236,0.07791476372627168,0.054328064072565546,0.06827254280088431,1.189938224641992,0.13081891123475992,0.0070823970851402645
2184,0.645682360997969,0.3384309116332369,-0.0030141813462650976,0.03949897383970878,2.7116100542956807,1.8457778809367806,1.6801451377771366,0.16563274315964405,1.2914650123679345,1.031464916518544,0.26000009584939043,0.07942272820322742,0.05560554140483809,0.06961823971134516,1.1813277314497126,0.13436653578036836,0.006998933786587088,0.6553574623004449,0.34101778054697646,-0.006562375563858636,0.04009083900402281,2.779698546610296,1.8956768760704705,1.7327547945612767,0.1629220815091939,1.3108135567810284,1.0469437520490192,0.2638698047320092,0.07791556717364846,0.05432874471579503,0.0682732726675606,1.1899335929841017,0.13081900075494962,0.0070823695577008775
2185,0.6456787938846604,0.3384303602500167,-0.003013937488030534,0.03949875556149379,2.7116228688373414,1.8457559934011911,1.6801214222815108,0.16563457111968033,1.2914549833307347,1.0315014465558305,0.2599535367749041,0.07942354185663712,0.055606230694143714,0.0696189785594137,1.1813231295616062,0.13436662903522884,0.006998906388938377,0.6553539558551005,0.3410172400152125,-0.0065621400400253105,0.040090624432682014,2.7797116362897603,1.8956551274671634,1.7327312215481057,0.16292390591905773,1.3108036935630147,1.0469804147416546,0.26382327882136014,0.07791634445453917,0.05432940319199513,0.0682739788715562,1.1899291122135516,0.1308190901701122,0.0070823428509176976
2186,0.6456753339266915,0.33842982314186454,-0.0030136958981049136,0.03949854383818234,2.711635489758952,1.845734783766804,1.6800984443724514,0.1656363393943527,1.2914452437745934,1.0315370453865005,0.2599081983880928,0.07942432966797,0.05560689809124441,0.06961969401632612,1.181318673876424,0.13436672185663823,0.006998879794639241,0.6553505550218969,0.3410167134330192,-0.0065619066291488296,0.040090416321847844,2.7797245272907136,1.8956340550943425,1.7327083846217013,0.1629256704726411,1.3107941153777332,1.0470161426690123,0.26377797270872083,0.07791709692455107,0.05433004064957328,0.06827466260828746,1.1899247745113768,0.13081917915220276,0.007082316928114747
2187,0.6456719762331868,0.3384292997650887,-0.003013457618970379,0.03949833837060502,2.7116479065419665,1.845714220130364,1.6800761691974597,0.1656380509329043,1.2914357861824723,1.0315717373445068,0.25986404883796554,0.07942509288284127,0.05560754465136741,0.06962038718325904,1.1813143573450273,0.1343668139209032,0.006998853967949692,0.6553472549479125,0.34101620027426627,-0.0065616763625351085,0.04009021437467185,2.77973720894749,1.8956136268355979,1.73268624867349,0.1629273781621078,1.3107848148443388,1.047050960274,0.2637338545703389,0.07791782579285404,0.05433065811288194,0.06827532494695085,1.1899205729031914,0.13081926739379043,0.00708229175427347
2188,0.6456687162762149,0.33842878955248085,-0.0030132234711930175,0.03949813888179322,2.7116601109803824,1.845694273522614,1.6800545651897958,0.16563970833281821,1.2914266028108623,1.0316055457905866,0.2598210570202757,0.07942583261503242,0.055608171318056565,0.06962105904802394,1.1813101736642841,0.1343669049381174,0.0069988288752359015,0.6553440511427091,0.34101569998890063,-0.006561450052059908,0.04009001831647829,2.7797496729431495,1.8955938135450234,1.7326647819216627,0.16292903162336062,1.3107757843494874,1.0470848910214867,0.2636908933280008,0.07791853214004722,0.05433125649735437,0.06827596684614236,1.1899165011561375,0.1308193546196084,0.007082267296440032
2189,0.6456655498968784,0.3384282919457573,-0.0030129940705006797,0.0394979451173515,2.7116720969730714,1.8456749176662024,1.6800336037639494,0.16564131390225292,1.2914176857850193,1.031638493209122,0.2597791925758971,0.0794265498645321,0.05560877893845572,0.0696217105007921,1.181306117174982,0.13436699466123567,0.0069988044852863475,0.6553409394841402,0.3410152120348782,-0.006561228307405506,0.04008982789511939,2.7797619130999647,1.8955745888025934,1.7326439556043938,0.16293063319819973,1.3107670161430804,1.047117957495571,0.2636490586475094,0.07791921693564766,0.05433183662432034,0.06827658916910295,1.189912553678018,0.130819440595186,0.007082243524040052
2190,0.645662473294485,0.33842780641972264,-0.0030127698526261557,0.03949775684479522,2.7116838602584568,1.8456561286800062,1.6800132589606416,0.1656428697193645,1.2914090271858931,1.0316706012978152,0.2597384258880779,0.0794272455359433,0.05560936827890247,0.06962234235003231,1.1813021827576784,0.13436708288901467,0.006998780769449586,0.6553379162074613,0.34101473590199255,-0.006561011560722516,0.0400896428803091,2.779773925111997,1.8955559286159729,1.732623743622416,0.162932184993557,1.3107585024256003,1.047150181489581,0.2636083209360194,0.07791988105593518,0.054332399236123326,0.0682771926991726,1.1899087254143912,0.13081952512966136,0.007082220409017989
2191,0.6456594830019072,0.3384273324984837,-0.0030125511006171765,0.039497573852043236,2.711695398111856,1.845637884750307,1.6799935070637035,0.16564437768660337,1.291400619126201,1.0317018910481526,0.2596987280780486,0.07942792045645297,0.05560994004015106,0.06962295533798306,1.1812983657310374,0.13436716946670746,0.006998757701616232,0.6553349778807225,0.3410142711278851,-0.0065608000936651645,0.04008946306211786,2.7797857062397466,1.8955378110888184,1.732604122152929,0.16293368893588933,1.3107502354245326,1.0471815840868177,0.263568651337715,0.07792052530138674,0.054332945010890144,0.06827777815480622,1.1899050117480332,0.1308196080764399,0.0070821979258223425
2192,0.6456565758453305,0.3384268697626851,-0.0030123379760735175,0.039497395944955466,2.711706709000378,1.8456201657644007,1.6799743261850506,0.16564583957934997,1.291392453813962,1.0317323828153273,0.2596600709986347,0.07942857539331248,0.05561049487218119,0.06962355015560516,1.181294661752937,0.13436725428303417,0.00699873525802489,0.6553321213645048,0.34101381730520064,-0.0065605940682565075,0.04008928824850942,2.779797254960745,1.8955202160501998,1.7325850692300082,0.16293514682019172,1.3107422074582238,1.0472121857307366,0.26353002172748713,0.07792115041368422,0.05433347457693918,0.06827834620412734,1.1899014084008726,0.13081968933029875,0.007082176051215434
2193,0.6456537488795339,0.33842641784662003,-0.0030121305577542543,0.03949722294337382,2.711717792132598,1.8456029528503426,1.6799556957564528,0.16564725709388983,1.291384523601632,1.0317620963761451,0.25962242722548684,0.07942921107298637,0.05561103339041976,0.06962412745886787,1.1812910667121508,0.1343673372627581,0.0069987134168259316,0.6553293437471165,0.3410133740787451,-0.006560393564967577,0.040089118261376636,2.779808570512374,1.8955031245880194,1.7325665642292924,0.16293656035872695,1.3107344109853023,1.0472420062830814,0.263492404702221,0.07792175709440081,0.054333988528610606,0.06827889748082923,1.1898979113262507,0.13081976882029986,0.007082154763842174
2194,0.6456509993657602,0.33842597643683814,-0.003011928855447696,0.03949705467976852,2.711728647332319,1.8455862282231454,1.6799375963601682,0.16564863186297726,1.2913768210173757,1.031791050972151,0.2595857700452246,0.07942982818744648,0.05561155618107318,0.06962468787402726,1.181287576692733,0.1343674183651804,0.006998692157928901,0.6553266423222183,0.34101294114413927,-0.00656019859656317,0.040088952935172624,2.779819652761295,1.8954865188911758,1.7325485876940883,0.16293793119708744,1.3107268386361954,1.0472710650672068,0.26345577356898864,0.07792234601122992,0.05433448743154319,0.06827943258940311,1.189894516673001,0.13081984650834846,0.007082134044077987
2195,0.6456483247414238,0.33842554526343355,-0.003011732832995613,0.03949689099738497,2.711739274917851,1.845569975034584,1.6799200095716031,0.16564996546298083,1.29136933878879,1.0318192653462477,0.25955007344254233,0.07943042739859199,0.05561206380487156,0.06962523200119292,1.181284187949005,0.13436749757215896,0.006998671462735424,0.6553240145584576,0.34101251823929507,-0.006560009130579698,0.040088792115053375,2.7798305020788314,1.8954703820959293,1.732531121174,0.16293926092192926,1.3107194832370197,1.0472993809048314,0.2634201023321884,0.07792291780238628,0.05433497182640274,0.06827995210869878,1.1898912207600623,0.1308199223777896,0.007082113873764079
2196,0.6456457226018344,0.3384251240937729,-0.0030115424184736297,0.03949673174912595,2.7117496756476305,1.8455541772916035,1.679902917875525,0.16565125941607872,1.2913620698581956,1.0318467577721055,0.2595153120860901,0.07943100934028571,0.055612556798794024,0.06962576041591322,1.1812808968940223,0.13436757488421106,0.006998651313969452,0.6553214580812092,0.3410121051383099,-0.006559825099357645,0.040088635655760665,2.779841119284331,1.8954546982023432,1.732514147138775,0.1629405510635681,1.310712337825009,1.047326972145556,0.2633853656794528,0.07792347307865836,0.05433544223062086,0.06828045659353066,1.189888020064634,0.13081999642969075,0.007082094236039748
2197,0.6456431906798291,0.33842471272576374,-0.0030113575154248895,0.03949657679630572,2.7117598506488023,1.84553881976307,1.679886304569824,0.16565251519324597,1.291355007392743,1.0318735460789783,0.25948146131376454,0.07943157462078604,0.055613035678128794,0.06962627367111787,1.18127770008581,0.1343676503155054,0.006998631695490176,0.6553189706523403,0.3410117016449095,-0.006559646411028991,0.04008848342038457,2.7798515055723216,1.8954394519798294,1.7324976488805377,0.16294180309929174,1.31070539565875,1.047353856691784,0.263351538966966,0.07792401242580958,0.05433589914042906,0.0682809465766006,1.1898849112083236,0.1308200686780631,0.007082075115158338
2198,0.6456407268239757,0.33842431098107695,-0.003011178012339022,0.03949642600731698,2.711769801329914,1.8455238878762343,1.6798701536579004,0.16565373421833407,1.2913481447894344,1.0318996476720135,0.25944849711742085,0.07943212382561171,0.05561350093890002,0.06962677229945663,1.1812745942111484,0.13436772389048895,0.0069986125920955475,0.6553165501485855,0.3410113075858326,-0.006559472958805719,0.04008833527904064,2.779861662424068,1.8954246288626515,1.7324816104049277,0.16294301845772374,1.3106986502233429,1.0473800520191403,0.2633185982042026,0.07792453640738238,0.05433634303323423,0.06828142257079026,1.1898818909409692,0.13082013914664642,0.007082056496293952
2199,0.6456383289803542,0.3384239186982618,-0.003011003789470078,0.03949627925651642,2.711779529320302,1.8455093676409975,1.6798544497720531,0.16565491786894448,1.2913414756752861,1.031925079548249,0.25941639612703693,0.07943265751918321,0.055613953059258564,0.06962725681460027,1.1812715760762793,0.13436779564104026,0.006998593989347573,0.6553141945434928,0.3410109228041103,-0.0065593046276495315,0.04008819110776585,2.7798715915461596,1.8954102148735112,1.7324660163535586,0.16294419851995268,1.310692095230726,1.047405575192601,0.26328652003812497,0.07792504556631427,0.05433677436898779,0.06828188507044519,1.1898789561313161,0.1308202078662051,0.0070820383653696925
2200,0.6456359951796273,0.33842353572550204,-0.003010834723145242,0.03949613642343404,2.7117890364541926,1.8454952456170666,1.679839178144924,0.16565606747214262,1.2913349939038286,1.0319498583092686,0.25938513559455995,0.07943317624453211,0.05561439249923544,0.0696277277108813,1.181268642608539,0.13436786560333344,0.006998575873428193,0.6553119018945762,0.3410105471519715,-0.006559141298467887,0.040088050787732595,2.7798812948538623,1.8953961965900565,1.732450851974575,0.1629453446154817,1.310685724616352,1.0474304428792873,0.26325528173706464,0.0779255404246879,0.05433719358997387,0.06828233455105451,1.1898761037684464,0.13082027487154851,0.007082020708915249
2201,0.6456337235310583,0.3384231619142701,-0.003010670686843367,0.039495997392407334,2.7117983248007027,1.8454815089252878,1.6798243246290403,0.16565718429624762,1.2913286935493713,1.0319740001716624,0.25935469337770894,0.07943368052131766,0.05561481969906183,0.0696281854614966,1.1812657908675646,0.13436793381527606,0.006998558231047054,0.6553096703373666,0.34101018048463677,-0.006558982849143621,0.04008791420488507,2.779890774500611,1.8953825611557615,1.73243610314154,0.16294645801422147,1.3106795325336322,1.047454671359071,0.2632248611745611,0.07792602148184576,0.05433760111921217,0.06828277146754025,1.1898733309726368,0.13082034019910485,0.007082003513975553
2202,0.6456315122191143,0.3384227971144107,-0.003010511551315938,0.03949586205237357,2.711807396698883,1.8454681452657213,1.6798098757222828,0.1656582695434386,1.2913225689006458,1.0319975209766001,0.25932504792404576,0.07943417084388843,0.055615235077526776,0.06962863051677606,1.1812630180562471,0.13436800031448784,0.006998541049377875,0.6553074980820236,0.3410098226555109,-0.006558829154633149,0.04008778124973214,2.779900032912634,1.8953692962976152,1.7324217563783566,0.16294753991925862,1.3106735133477425,1.0474782765342774,0.2631952368134651,0.07792648921254486,0.054337997358894746,0.06828319625260787,1.1898706350059838,0.1308204038850049,0.007081986768047672
2203,0.6456293595011825,0.33842244117164133,-0.0030103571840857796,0.0394957302967304,2.71181625477516,1.8454551429226371,1.6797958185761759,0.16565932434646127,1.291316614454404,1.032020436198984,0.2592961782554199,0.07943464768047596,0.05561563903129431,0.06962906330347146,1.1812603215252793,0.13436806513764255,0.006998524316022606,0.6553053834111222,0.3410094735137697,-0.006558680086465728,0.04008765181721205,2.779909072806397,1.8953563903310968,1.7324077988674373,0.16294859146365953,1.310667661629373,1.0475012739389595,0.2631663876904137,0.07792694406619123,0.05433838268973751,0.06828360931607078,1.18986801327681,0.13082046596446703,0.007081970459045889
2204,0.645627263701352,0.3384220939265465,-0.0030102074509698803,0.03949560202295556,2.7118249019113905,1.8454424907267366,1.6797821409550124,0.16566034977172422,1.2913108249092002,1.032042760956378,0.2592680639528222,0.0794351114745842,0.05561603193608032,0.06962948422596826,1.181257698765291,0.1343681283201452,0.00699850801896332,0.6553033246734202,0.34100913290338825,-0.006558535514290635,0.04008752580631138,2.7799178971558485,1.895343832121595,1.7323942184079022,0.16294961371369268,1.3106619721486605,1.0475236787479463,0.26313829340071426,0.0779273864682132,0.05433875747214351,0.06828401104604828,1.1898654633317367,0.130820526471478,0.007081954575254212
2205,0.6456252232054428,0.3384217552150938,-0.0030100622167072294,0.03949547713230296,2.7118333412057942,1.8454301780132418,1.6797688311887211,0.16566134682452083,1.2913051951585506,1.0320645100170731,0.2592406851414774,0.07943556264691451,0.05561641414828341,0.06962989366798908,1.1812551473959556,0.1343681898968665,0.006998492146534988,0.65530132027888,0.34100880066366707,-0.006558395306551633,0.040087403119760764,2.779926509152707,1.8953316110418272,1.7323810033676912,0.16295060767413602,1.3106564398684786,1.0475455057850156,0.263110934083463,0.07792781682194626,0.05433912204779978,0.06828440181063392,1.189862982844815,0.13082058543949837,0.007081939105299686
2206,0.6456232364582213,0.3384214248695765,-0.003009921345372861,0.03949535552963244,2.711841575946862,1.84541819459262,1.6797558781393058,0.16566231645331425,1.291299720283784,1.032085697807556,0.2592140224762278,0.07943600159684668,0.05561678600623955,0.06963029199392215,1.181252665157606,0.13436824990238536,0.00699847668741588,0.6552993686959441,0.3410084766301892,-0.006558259330899055,0.040087283663868135,2.7799349121803414,1.8953197169424754,1.732368142649887,0.16295157429258833,1.3106510599374068,1.0475667695304545,0.26308429040695236,0.07792823551006944,0.054339476740894246,0.06828478195918461,1.1898605696092375,0.13082064290170037,0.0070819240381436955
2207,0.6456213019595638,0.33842110271918185,-0.0030097847016121657,0.03949523712317518,2.711849609582367,1.8454065307167322,1.6797432711626104,0.16566325955412192,1.29129439554705,1.0321063384197569,0.259188057127293,0.07943642870402959,0.05561714783156964,0.06963067955023744,1.181250249902233,0.13436830837066802,0.0069984616306080225,0.6552974684477434,0.3410081606354016,-0.006558127455405002,0.04008716734828708,2.7799431097826317,1.8953081401181215,1.7323556256542307,0.16295251446389086,1.310645827682855,1.047587484128401,0.2630583435544539,0.07792864289615048,0.05433982185942453,0.0682851518236965,1.1898582215284266,0.1308206988906619,0.007081909363063231
2208,0.6456194182657086,0.3384207885914929,-0.003009652149215322,0.039495121824610374,2.711857445720212,1.8453951770749017,1.679731000102305,0.16566417697259686,1.2912892163842575,1.0321264456179071,0.25916277076635036,0.07943684432890198,0.055617499929620555,0.06963105666599378,1.1812478995905353,0.13436836533580165,0.006998446965458007,0.6552956181133888,0.341007852510124,-0.006557999547175834,0.040087054086095704,2.7799511056649893,1.895296871303401,1.7323434422711936,0.16295342903220744,1.3106407386041181,1.0476076633937956,0.2630330752103224,0.07792903932515127,0.05434015769562631,0.06828551171929778,1.1898559366131152,0.1308207534390756,0.007081895069672164
2209,0.6456175839868994,0.3384204823134408,-0.003009523552221803,0.039495009548921066,2.7118650881056245,1.8453841247677627,1.6797190552597856,0.16566506950797708,1.2912841783989735,1.032146032845839,0.2591381455531346,0.07943724881404164,0.055617842590608306,0.06963142365404902,1.1812456122842816,0.13436842083151582,0.006998432681650175,0.6552938163256291,0.34100755208450845,-0.006557875473433256,0.040086943793653615,2.7799589036712877,1.8952859016465369,1.7323315828515202,0.16295431879501654,1.310635788366384,1.0476273208197675,0.26300846754661655,0.07792942512474535,0.05434048452708936,0.06828586194543028,1.1898537129737479,0.13082080657930004,0.007081881147914916
2210,0.6456157977822778,0.3384201837122487,-0.0030093987763763555,0.03949490021408177,2.7118725405753126,1.845373365260547,1.679707427341238,0.16566593791930911,1.291279277356456,1.0321651132340746,0.2591141641223816,0.0794376424863994,0.05561817609151041,0.06963178081303392,1.1812433861336757,0.13436847489147377,0.006998418769182192,0.6552920617657143,0.3410072591889804,-0.006557755102996651,0.040086836390287525,2.779966507737184,1.8952752226618006,1.732320038152377,0.16295518450942376,1.3106309727948715,1.047646469584807,0.26298450321006456,0.07792980060750507,0.05434080261861042,0.06828620278778252,1.189851548807869,0.13082085834363708,0.0070818675880424545
2211,0.6456140583567067,0.3384198926165423,-0.0030092776896102416,0.039494793740864204,2.7118798070252352,1.8453628903493777,1.6796961074189671,0.16566678293041068,1.291274509177266,1.032183699606268,0.2590908095709978,0.07943802565901187,0.05561850069751687,0.06963212842888036,1.1812412193676645,0.13436852754978554,0.006998405218354359,0.6552903531602005,0.3410069736553447,-0.0065576383067913815,0.04008673179809604,2.7799739218573443,1.8952648261952478,1.7323087992980668,0.16295602689718114,1.3106262878685273,1.0476651225592775,0.2629611653092499,0.07793016607257672,0.054341112223612355,0.0682865345197846,1.1898494423904635,0.13082090876482524,0.00708185438060186
2212,0.6456123644579606,0.33841960885694505,-0.003009160162921215,0.0394946900526653,2.711886891386799,1.8453526921349008,1.6796850869014492,0.16566760523345156,1.2912698699308809,1.0322018044853496,0.2590680654455313,0.07943839863227668,0.05561881666311064,0.06963246677596265,1.1812391102867221,0.13436857884072134,0.006998392019756832,0.6552886892781277,0.34100669531737693,-0.006557524958728127,0.04008662994177678,2.779981150061228,1.8952547043979227,1.732297857749611,0.16295684664831164,1.310621729713715,1.047683292311617,0.262938437402098,0.07793052180692744,0.05434141358520031,0.06828685740372398,1.189847392066769,0.13082095787576362,0.007081841516423817
2213,0.6456107148740998,0.3384193322663505,-0.00300904607097445,0.039494589075346746,2.7118937976078668,1.8453427630001462,1.6796743575084339,0.16566840549171247,1.291265355829385,1.032219440099433,0.2590459157299521,0.07943876169496983,0.05561912423292928,0.0696327961180096,1.181237057257095,0.13436862879847492,0.006998379164255269,0.6552870689283813,0.34100642401109643,-0.006557414936308029,0.04008653074846514,2.77998819639374,1.8952448497033492,1.7322872052794398,0.16295764442390945,1.3106172945979688,1.0477009911143,0.2629163034836688,0.07793086808634032,0.05434170693700491,0.06828717169163803,1.1898453962465299,0.13082100570928307,0.007081828986608425
2214,0.6456091084310907,0.3384190626800715,-0.0030089352924930826,0.039494490737089195,2.71190052963698,1.8453330955913345,1.6796639112494538,0.16566918434188072,1.2912609632212664,1.0322366183875262,0.25902434483374004,0.07943911512510729,0.055619423642494975,0.0696331167088799,1.1812350587059253,0.13436867745699707,0.006998366642976954,0.6552854909572967,0.3410061595749127,-0.006557308121017402,0.040086434147587696,2.779995064899121,1.8952352548079998,1.7322768339495294,0.16295842085847045,1.310612978923848,1.0477182309495918,0.26289474797425627,0.07793120517625769,0.05434199250389654,0.06828747762607255,1.189843453399142,0.13082105229798532,0.007081816782511459
2215,0.6456075439905776,0.33841879993593615,-0.00300882771055265,0.03949439496825606,2.711907091409266,1.8453236828002961,1.6796537404041871,0.165669942396109,1.2912566885853578,1.0322533510050789,0.2590033375802789,0.07943945919072415,0.055619715118874626,0.06963342879326422,1.181233113116841,0.13436872484985013,0.006998354447297486,0.6552839542464208,0.3410059018497189,-0.006557204398629252,0.040086340070725195,2.780001759606601,1.895225912653448,1.7322667360914703,0.16295917656197773,1.3106087792229226,1.0477350235151308,0.26287375570779176,0.07793153333254231,0.05434227050263023,0.06828777544076789,1.1898415620492553,0.13082109767410136,0.007081804895731135
2216,0.6456060204477386,0.3384185438743462,-0.0030087232128230695,0.03949430170126237,2.711913486833307,1.8453145177478505,1.6796438375039247,0.16567068024392578,1.2912525285249374,1.0322696493293824,0.2589828791955551,0.07943979415060436,0.055619998881297886,0.0696337326073435,1.181231219025828,0.13436877101008637,0.006998342568827637,0.6552824577103561,0.3410056506789483,-0.006557103659449691,0.04008624845148073,2.7800082845169944,1.8952168164094711,1.7322569042876304,0.1629599121218408,1.3106046921499146,1.047751380229364,0.26285331192055045,0.07793185280219007,0.0543425411424494,0.06828806536130184,1.1898397207726688,0.13082114186937174,0.007081793318095104
2217,0.6456045367294766,0.3384182943383401,-0.003008621691652842,0.03949421087046395,2.7119197197806293,1.8453055937696656,1.6796341953157898,0.1656713984538757,1.2912484797619914,1.0322855244648395,0.2589629552971521,0.07944012025490407,0.055620275141685466,0.06963402837935459,1.1812293750177012,0.13436881597017383,0.006998330999402369,0.6552810002949438,0.3410054059086319,-0.006557005798406408,0.04008615922536855,2.7800146435920214,1.8952079594597295,1.7322473313551796,0.16296062810454995,1.3106007144769944,1.0477673122368418,0.26283340224015256,0.07793216382393706,0.054342804625600157,0.06828834760564048,1.1898379281928244,0.13082118491497421,0.007081782041649544
2218,0.6456030917926235,0.33841805117358537,-0.0030085230441818933,0.039494122412047694,2.7119257940759804,1.84529690440284,1.6796248068278374,0.16567209757500245,1.2912445391316874,1.032300987248143,0.2589435518835443,0.07944043774572765,0.05562054410513687,0.06963431633011259,1.181227579722845,0.13436885976187804,0.006998319731069386,0.6552795809754649,0.341005167387389,-0.006556910715164246,0.04008607232970396,2.780020840744423,1.8951993353881784,1.7322380103310024,0.1629613250571759,1.310596843088284,1.0477828304134205,0.2628140126748635,0.07793246662882003,0.05434306114780609,0.06828862238464666,1.1898361829775788,0.1308212268414075,0.007081771058647801
2219,0.6456016846226659,0.33841781422840794,-0.0030084271721923447,0.039494036263953494,2.7119317134914573,1.8452884433760681,1.6796156652380951,0.165672778137973,1.2912407035770432,1.0323160482533622,0.2589246553236811,0.07944074685755778,0.05562080597029495,0.06963459667340721,1.1812258318147797,0.13436890241623894,0.006998308756081263,0.6552781987553687,0.3410049349664535,-0.006556818313979015,0.04008598770352558,2.780026879832044,1.8951909379691747,1.7322289344606774,0.16296200350849732,1.3105930749745487,1.0477979453713666,0.262795129603182,0.07793276144059216,0.05434331089862049,0.06828888990246322,1.1898344838368002,0.13082126767846897,0.007081760361542645
2220,0.6456003142324956,0.3384175833537777,-0.003008333982034622,0.03949395236579781,2.711937481741302,1.8452802046003893,1.6796067639442993,0.16567344065609002,1.291236970143872,1.0323307177970025,0.2589062523468694,0.07944104781765021,0.05562106092968017,0.0696348696163662,1.1812241300079258,0.13436894396347962,0.006998298066887394,0.6552768526650303,0.3410047084996558,-0.006556728503620421,0.04008590528751926,2.7800327646526135,1.8951827611581882,1.7322200971881745,0.16296266397001377,1.3105894072281674,1.047812667464439,0.26277673976372834,0.077933048476104,0.054343554061749,0.06828915035686392,1.1898328295201748,0.13082130745516582,0.0070817499429783265
2221,0.6455989796613119,0.3384173584033082,-0.003008243384451069,0.039493870658806496,2.7119431024777696,1.84527218216094,1.6795980965347317,0.16567408562620814,1.2912333359759842,1.032345005943038,0.25888833003294626,0.07944134084638871,0.05562130916999144,0.0696351353597837,1.1812224730555965,0.13436898443299536,0.006998287656127011,0.6552755417606626,0.34100448784342346,-0.006556641197196823,0.04008582502395154,2.78003849893961,1.8951747990835377,1.7322114921466736,0.16296330693686417,1.3105858370383567,1.0478270067929363,0.26275883024542057,0.07793332794564531,0.054343790815339396,0.06828940393957009,1.189831218815232,0.13082134619970456,0.007081739795783752
2222,0.6455976799736576,0.3384171392332665,-0.003008155294378298,0.0394937910857559,2.7119485792879976,1.8452643703096399,1.679589656780083,0.16567471352955696,1.291229798310648,1.0323589225079146,0.2588708758027333,0.07944162615760181,0.055621550872374304,0.06963539409841452,1.1812208597482017,0.13436902385334815,0.0069982775166231295,0.6552742651233627,0.34100427285678764,-0.006556556311957958,0.0400857468566113,2.7800440863591516,1.8951670460390788,1.7322031131504323,0.1629639328886465,1.3105823616866537,1.0478409732087193,0.26274138847793427,0.0779336000532497,0.05434402133223938,0.06828965083653363,1.1898296505455885,0.13082138393948642,0.007081729912966573
2223,0.6455964142585542,0.3384169257025825,-0.003008069630736944,0.03949371359091976,2.7119539156916512,1.8452567634585926,1.6795814386261076,0.16567532483248493,1.2912263544743148,1.0323724770655436,0.2588538774087711,0.07944190395884927,0.055621786212663796,0.06963564602124103,1.18121928891163,0.1343690622522701,0.0069982676413771535,0.6552730218582581,0.3410040634013925,-0.00655647376908234,0.040085670730757486,2.780049530507695,1.8951594964776326,1.7321949541874744,0.16296454229015817,1.3105789785426607,1.0478545763202207,0.26272440222244003,0.07793386499696871,0.054344245780229075,0.06828989122819301,1.1898281235693653,0.1308214207011104,0.007081720287707899
2224,0.6455951816286319,0.33841671767284387,-0.0030079863162494683,0.03949363812001619,2.7119591151387152,1.8452493561736147,1.6795734361864423,0.16567591998717246,1.2912230018785944,1.032385678952273,0.2588373229263215,0.07944217445169913,0.055622015361618884,0.06963589131173047,1.1812177594056783,0.13436909965666488,0.0069982580235632835,0.6552718110936464,0.34100385934148764,-0.006556393493497688,0.04008559659306653,2.7800548349098437,1.895152145004516,1.7321870094124092,0.16296513559210665,1.310575685060046,1.0478678254974345,0.2627078595626116,0.07793412296913807,0.05434446432224631,0.06829012528972059,1.1898266367776529,0.1308214565103756,0.007081710913356859
2225,0.6455939812195345,0.33841651500832276,-0.003007905277151529,0.03949356462017106,2.7119641810091624,1.8452421431695178,1.6795656437373323,0.16567649943218565,1.2912197380164614,1.03239853727183,0.25882120074463133,0.0794424378319368,0.05562223848509994,0.06963613014803327,1.1812162701228672,0.13436913609265122,0.00699824865652497,0.6552706319804172,0.3410036605439567,-0.0065563154135920496,0.040085524391596905,2.7800600030181104,1.8951449863728902,1.7321792731412327,0.16296571323165754,1.3105724787727708,1.0478807298768777,0.26269174889589303,0.0779343741565765,0.05434467711655524,0.0682903531912116,1.189825189093363,0.130821491392324,0.007081701783427206
2226,0.645592812189218,0.33841631757596563,-0.0030078264430183008,0.039493493039875247,2.711969116612164,1.8452351193049372,1.6795580557118974,0.16567706359303977,1.2912165604587225,1.0324110609002668,0.2588054995584556,0.07944269428978527,0.05562245574425498,0.06963636270318892,1.1812148199871966,0.13436917158555206,0.006998239533770372,0.6552694836913635,0.34100346687830424,-0.006556239461034799,0.040085454075747,2.7800650382122036,1.8951380154786421,1.732171739845653,0.16296627563298913,1.3105693572915769,1.0478932983665505,0.26267605892502627,0.07793461874079502,0.05434488431692352,0.06829057509788014,1.189823779470022,0.1308215253712295,0.0070816928915929
2227,0.6455916737174682,0.3384161252454163,-0.003007749746473637,0.03949342332895499,2.7119739251867143,1.8452282795784962,1.679550666695846,0.16567761288265026,1.291213466850694,1.0324232584908684,0.2587902083598258,0.07944294401007528,0.05562266729566403,0.06963658914528831,1.1812134079531793,0.1343692061599539,0.006998230648969488,0.6552683654207178,0.3410032782166815,-0.006556165570489804,0.040085385596226764,2.780069943799756,1.895131227356627,1.732164404148889,0.16296682320773792,1.310566318300692,1.0479055396508667,0.26266077864982523,0.07793485689815785,0.05434508607275873,0.06829079117021324,1.1898224068908403,0.13082155847065738,0.0070816842316854195
2228,0.645590565005723,0.33841593788908425,-0.0030076751228272983,0.039493355438561105,2.711978609904301,1.8452216191268693,1.6795434714252462,0.16567814770162326,1.2912104549091186,1.0324351384790549,0.2587753164300637,0.07944318717234451,0.055622873291423056,0.06963680963757443,1.181212033005281,0.13436923983976862,0.006998221995953617,0.6552672763840192,0.3410030944339585,-0.006556093679239469,0.040085318905049586,2.7800747230193186,1.8951246171790075,1.7321572608237454,0.16296735635526208,1.3105633595547663,1.0479174621955731,0.26264589735919314,0.07793508879996777,0.05434528252918064,0.06829100156405908,1.1898210703682208,0.13082159071352703,0.007081675797693552
2229,0.6455894852762234,0.3384157553820925,-0.0030076025100718995,0.03949328932111695,2.71198317386732,1.8452151332188662,1.6795364647800104,0.1656786684388557,1.291207522419351,1.0324467090873097,0.2587608133320413,0.07944342395108,0.055623073879349345,0.06963702433866371,1.1812106941565477,0.13436927264818693,0.006998213568709509,0.6552662158172454,0.34100291540766725,-0.006556023727196762,0.04008525395547912,2.7800793790386096,1.8951181802491621,1.7321503047859057,0.1629678754632564,1.3105604788760936,1.0479290742527039,0.2626314046233897,0.07793531461270545,0.05434547382722387,0.06829120643084516,1.1898197689423777,0.1308216221220614,0.007081667583757488
2230,0.6455884337714758,0.3384155776022948,-0.0030075318486310412,0.039493224930285654,2.711987620109231,1.8452088172512404,1.679529641779221,0.1656791754720196,1.2912046672326607,1.0324579783300099,0.25874668890265096,0.07944365451590221,0.05562326920313746,0.0696372334027173,1.1812093904475616,0.13436930460779842,0.006998205361376084,0.6552651829762857,0.34100274101802236,-0.0065559556566522,0.04008519070199707,2.7800839149546963,1.895111911997507,1.7321435310892683,0.16296838090823873,1.3105576741519334,1.047940383865428,0.2626172902865054,0.0779355344982067,0.05434566010398825,0.06829140591774374,1.189818501680314,0.13082165271790988,0.007081659584165639
2231,0.6455874097537011,0.3384154044302623,-0.0030074630812517364,0.03949316222093622,2.711991951594873,1.8452026667446675,1.6795229975766728,0.16567966916799468,1.29120188726369,1.0324689540182002,0.2587329332454898,0.07944387903173523,0.05562345940250344,0.06963743697959957,1.1812081209454814,0.134369335740583,0.006998197368240856,0.6552641771363964,0.3410025711479051,-0.0065558894121687805,0.0400851291002699,2.7800883337943563,1.8951058079774885,1.7321369349215103,0.16296887305597818,1.3105549433319972,1.047951398872846,0.2626035444591512,0.07793574861382532,0.054345841492776534,0.0682916001678231,1.1898172676748815,0.13082168252213713,0.007081651793351146
2232,0.6455864125043091,0.33841523574926335,-0.0030073961528740353,0.03949310114911153,2.711996171221029,1.845196677339983,1.679516527456719,0.16568014988326402,1.2911991804880611,1.03247964376431,0.25871953672375114,0.07944409765896362,0.05562364461331758,0.06963763521502372,1.1812068847431507,0.13436936606792826,0.006998189583736377,0.6552631975916829,0.3410024056828436,-0.006555824940455368,0.040085069107117094,2.7800926385146654,1.8950998638618328,1.732130511599943,0.1629693522618897,1.3105522844260766,1.0479621269147223,0.26259015751135417,0.07793595711258315,0.05434601812322177,0.06829178932018756,1.1898160660439157,0.1308217115552391,0.00708164420588841
2233,0.6455854413233947,0.33841507144523725,-0.0030073310105069653,0.03949304167199748,2.712000281817144,1.8451908447946237,1.6795102268303428,0.1656806179642808,1.2911965449401168,1.0324900549868012,0.25870648995331563,0.07944431055357937,0.05562382496772908,0.06963782825068895,1.1812056809582683,0.134369395610647,0.00699818200243683,0.6552622436546045,0.3410022445109875,-0.006555762190244133,0.04008501068048088,2.780096832003764,1.8950940754390109,1.7321242565676116,0.1629698188713993,1.3105496955018057,1.0479725754361524,0.2625771200656533,0.07793616014331095,0.05434619012140639,0.06829197351010852,1.1898148959294212,0.13082173983716025,0.007081636816489803
2234,0.6455844955292512,0.33841491140676466,-0.003007267603112325,0.03949298374789318,2.7120042861461755,1.8451851649792392,1.679504091231427,0.16568107374781227,1.2911939787107842,1.0325001949147485,0.2586937837960357,0.07944451786732068,0.05562400059428345,0.06963801622440896,1.1812045087326017,0.13436942438899455,0.006998174619054689,0.6552613146554936,0.34100208752307654,-0.006555701112173892,0.04008495377939682,2.7801009170817403,1.895088438609867,1.7321181653895823,0.16297027322028468,1.310547174682546,1.047982751692158,0.2625644229903879,0.0779363578507806,0.05434635760997442,0.06829215286914751,1.1898137564968119,0.13082176738730916,0.007081629620002362
2235,0.6455835744578988,0.3384147555250327,-0.0030072058814978736,0.03949292733618208,2.712008186905551,1.8451796338744628,1.6794981163132023,0.16568151756126054,1.2911914799455562,1.0325100705923487,0.2586814093532076,0.07944471974780276,0.05562417161803341,0.06963819927023374,1.1812033672312463,0.1343694524226847,0.006998167428437401,0.6552604099420926,0.34100193461240697,-0.006555641658689028,0.04008489836396548,2.780104896501625,1.8950829493844041,1.7321122337494093,0.16297071563499482,1.3105447201453901,1.0479926627522158,0.26255205739317433,0.07793655037583044,0.05434652070823756,0.06829232752527266,1.1898126469341845,0.13082179422457482,0.007081622611404593
2236,0.6455826774626269,0.3384146036937972,-0.0030071457982132344,0.03949287239730402,2.7120119867281844,1.8451742475677961,1.679492297844829,0.16568194972296718,1.2911890468425804,1.0325196888833554,0.25866935795922497,0.07944491633864277,0.0556243381606448,0.06963837751856555,1.1812022556419188,0.1343694797309068,0.006998160425564191,0.6552595288791029,0.34100178567479367,-0.006555583783932124,0.040084844395324816,2.780108772950453,1.8950776038786983,1.7321064574457465,0.1629711464329518,1.3105423301192693,1.0480023155047067,0.2625400146145627,0.07793673785548412,0.05434667953227586,0.06829249760296922,1.189811566451635,0.13082182036734177,0.007081615785803315
2237,0.645581803913548,0.3384144558093426,-0.003007087307458349,0.039492818892727946,2.712015688183573,1.8451690022506329,1.6794866317081327,0.1656823705425,1.2911866776508478,1.0325290564754401,0.2586576211754076,0.07944510777957856,0.055624500340496943,0.06963855109626865,1.1812011731742849,0.13436950633234004,0.0069981536055428424,0.6552586708477462,0.34100164060852955,-0.006555527443659288,0.04008479183562337,2.780112549050391,1.8950723983119342,1.7321008323890985,0.16297156592283574,1.3105400028831629,1.0480117166612923,0.2625282862218706,0.0779369204230642,0.05434683419503398,0.06829266322334479,1.1898105142806026,0.13082184583350445,0.00708160913843056
2238,0.6455809531971632,0.3384143117704366,-0.0030070303649968946,0.039492766784925255,2.7120192937789285,1.8451638942153799,1.6794811138944563,0.16568278032092343,1.2911843706684725,1.0325381798844722,0.2586461907840003,0.0794452942065818,0.055624658272778786,0.06963872012677438,1.1812001190593173,0.1343695322451683,0.006998146963606578,0.6552578352453385,0.3410014993143423,-0.006555472595148638,0.04008474064799412,2.780116227359908,1.8950673290035513,1.732095354598697,0.16297197440485434,1.3105377367643958,1.0480208727612108,0.26251686400318497,0.07793709820830005,0.05434698480641262,0.06829282450422945,1.1898094896732454,0.13082187064048145,0.007081602664640528
2239,0.6455801247159414,0.33841417147828834,-0.0030069749280764654,0.03949271603734415,2.7120228059603417,1.8451589198526812,1.6794757405016205,0.1656831793510608,1.291182124241058,1.0325470654587212,0.2586350587823367,0.07944547575196746,0.05562481206958136,0.06963888473018211,1.1811990925486784,0.13436955748709437,0.006998140495111021,0.6552570214848747,0.3410013616953509,-0.006555419197124532,0.04008469079652921,2.78011981037498,1.8950623923704875,1.732090020199486,0.16297237217100152,1.310535530137024,1.048029790175494,0.26250573996153,0.07793727133743206,0.05434713147335676,0.0682929815602721,1.189808491901843,0.13082189480522866,0.0070815963599065775
2240,0.6455793178879065,0.33841403483649907,-0.0030069209553495665,0.039492666614384296,2.7120262271139874,1.845154075648747,1.6794705077310095,0.16568356791773753,1.2911799367601404,1.032555719382978,0.25862421737716235,0.07944565254449731,0.05562496183998567,0.06963904502335498,1.1811980929141326,0.134369582075353,0.006998134195531133,0.6552562289946232,0.3410012276570183,-0.00655536720968327,0.04008464224625501,2.7801233005303296,1.895057584924527,1.7320848254192267,0.16297275950530044,1.3105333814202966,1.048038475111103,0.26249490630919364,0.07793743993331056,0.05434727429993948,0.06829313450303194,1.189807520258222,0.13082191834425178,0.007081590219818312
2241,0.6455785321462353,0.33841390175101566,-0.003006868406812045,0.03949261848137227,2.7120295595673265,1.8451493581827507,1.6794654118847314,0.1656839462980192,1.2911778066617075,1.032564147682595,0.2586136589791124,0.07944582470948083,0.055625107690148064,0.0696392011200129,1.1811971194469761,0.13436960602672335,0.006998128060458287,0.6552554572177325,0.3410010971071053,-0.006555316594223384,0.040084594963108136,2.780126700200663,1.89505290326972,1.7320797665856804,0.16297313668403957,1.3105312890771916,1.0480469336149825,0.2624843554622093,0.07793760411549193,0.05434741338744335,0.06829328344106725,1.189806574053203,0.13082194127361885,0.007081584240078683
2242,0.6455777669388658,0.3384137721300819,-0.003006817243733667,0.03949257160453758,2.7120328055903227,1.8451447641243162,1.6794604493628789,0.16568431476143725,1.2911757324247837,1.0325723562274438,0.2586033761973399,0.07944599236887179,0.05562524972338212,0.0696393531308216,1.1811961714574886,0.13436962935754135,0.006998122085597341,0.655254705611844,0.34100096995562246,-0.006555267313386508,0.04008454891391175,2.78013001170192,1.895048344099885,1.7320748401238877,0.1629735039759973,1.3105292516130194,1.0480551715780324,0.26247408003498707,0.0779377640003307,0.054347548834438576,0.06829342848002024,1.189805652616069,0.1308219636089713,0.007081578416501147
2243,0.6455770217281133,0.3384136458841889,-0.003006767428601863,0.03949252595098922,2.7120359673966603,1.8451402902310763,1.6794556166608703,0.16568467357020605,1.2911737125700788,1.03258035073579,0.2585933618342887,0.07944615564136184,0.055625388040237866,0.06963950116347864,1.1811952482744061,0.13436965208371082,0.00699811626676378,0.6552539736487176,0.34100084611478154,-0.006555219330996238,0.040084504066352604,2.780133237292534,1.8950439041961953,1.7320700425535378,0.1629738616426574,1.3105272675740862,1.048063194738996,0.26246407283509027,0.07793791970106884,0.054347680736858445,0.06829356972269934,1.1898047552940518,0.13082198536553566,0.007081572745006908
2244,0.6455762959902932,0.3384135229260241,-0.0030067189250680484,0.03949248148869252,2.712039047144946,1.8451359333462922,1.6794509103668602,0.1656850229794319,1.2911717456586935,1.0325881367780858,0.25858360888060766,0.07944631464247078,0.05562552273857828,0.0696396453227964,1.1811943492444077,0.13436967422071436,0.006998110599880892,0.6552532608138593,0.34100072549894483,-0.006555172612006409,0.0400844603889583,2.7801363791746576,1.8950395804248068,1.73206537048639,0.16297420993841674,1.3105253355464208,1.0480710086882676,0.26245432685815323,0.07793807132792163,0.054347809188072235,0.0682937072691582,1.1898038814518332,0.1308220065581328,0.007081567221622113
2245,0.6455755892153536,0.33841340317042135,-0.0030066716978990674,0.03949243818644673,2.7120420469399042,1.8451316903965382,1.6794463271592235,0.16568536323731484,1.291169830290883,1.0325957197806808,0.2585741105102021,0.07944646948463442,0.0556256539136538,0.0696397857107828,1.1811934737316183,0.13436969578362282,0.00699810508097699,0.6552525666061612,0.3410006080245766,-0.0065551271224552,0.04008441785107526,2.7801394394953953,1.895035369734567,1.7320608206237804,0.16297454911078665,1.3105234541545507,1.048078618871615,0.2624448352829358,0.07793821898816183,0.054347934278956414,0.06829384121677284,1.189803030471063,0.13082202720118843,0.007081561842475212
2246,0.6455749009065104,0.33841328653430786,-0.003006625712929957,0.039492396013862674,2.712044968833531,1.845127558389427,1.6794418638040831,0.165685694585344,1.291167965104865,1.0326031050294477,0.25856486007541724,0.07944662027729013,0.055625781658174625,0.06963992242671946,1.1811926211171273,0.13436971678710505,0.006998099706182649,0.6552518905375433,0.34100049361019114,-0.006555082829416824,0.040084376422846846,2.7801424203479916,1.8950312691547604,1.7320563897541736,0.16297487940058683,1.310521622060328,1.048086030593818,0.2624355914665099,0.07793836278620074,0.05434805609796341,0.06829397166031623,1.1898022017498886,0.13082204730874136,0.007081556603794222
2247,0.6455742305798892,0.3384131729366515,-0.0030065809370298582,0.03949235494134087,2.712047814826244,1.8451235344113996,1.6794375171529143,0.1656860172584852,1.2911661487756807,1.0326102976733296,0.258555851102351,0.07944676712695944,0.05562590606238087,0.06964005556723753,1.1811917907985157,0.1343697372454352,0.006998094471727974,0.6552512321326025,0.3410003821763008,-0.006555039700966603,0.040084336075191795,2.780145323773003,1.8950272757929074,1.7320520747507748,0.1629752010421326,1.3105198379618042,1.0480932490222283,0.2624265889395758,0.07793850282366756,0.054348174731188685,0.06829409869203072,1.1898013947025,0.13082206689445158,0.007081551501904089
2248,0.6455735777641737,0.33841306229840773,-0.0030065373380604443,0.03949231494004994,2.712050586867973,1.845119615625539,1.6794332841401736,0.16568633148536538,1.2911643800140906,1.0326173027277994,0.2585470772862913,0.07944691013732956,0.05562602721411149,0.06964018522639207,1.1811909821894013,0.1343697571725005,0.0069980893739399145,0.6552505909282655,0.3410002736453642,-0.006554997706141555,0.04008429677978306,2.780148151759427,1.8950233868326036,1.732047872569185,0.16297551426341852,1.310518100592144,1.0481002791902418,0.26241782140190206,0.07793863919948668,0.05434829026243644,0.06829422240169894,1.1898006087586799,0.13082208597160672,0.007081546533224067
2249,0.6455729420002537,0.3384129545424642,-0.0030064948848469927,0.03949227598190519,2.7120532868592275,1.8451157992694356,1.6794291617809858,0.16568663748844978,1.2911626575655162,1.0326241250782418,0.25853853248727443,0.0794470494093324,0.055626145198871324,0.06964031149573413,1.1811901947189858,0.13436977658180682,0.006998084409239554,0.6552499664734461,0.3410001679417319,-0.006554956814914331,0.040084258509026846,2.7801509062457983,1.8950195995313979,1.7320437802451034,0.16297581928629448,1.3105164087185828,1.0481071260006949,0.2624092827178879,0.07793877200995329,0.05434840277328347,0.0682943428767128,1.1897998433633723,0.13082210455312876,0.007081541694265075
2250,0.6455723228408804,0.33841284959358503,-0.003006453547152947,0.03949223803954742,2.7120559166521163,1.8451120826530778,1.679425147168863,0.16568693548421476,1.2911609802090154,1.0326307694832533,0.258530210725762,0.07944718504122228,0.05562626009989685,0.0696404344643817,1.181189427831618,0.13436979548648398,0.0069980795741394364,0.6552493583287038,0.3410000649915919,-0.006554916998162061,0.04008422123604162,2.7801535891212286,1.8950159112186962,1.732039794892057,0.16297611632663928,1.3105147611414134,1.0481137942291716,0.2624009669122417,0.07793890134880757,0.05434851234314207,0.06829446020214099,1.1897990979762512,0.130822122651578,0.0070815369816271
2251,0.6455717198503094,0.3384127473783465,-0.003006413295656353,0.039492201086321094,2.7120584780513037,1.8451084631567547,1.6794212374734443,0.16568722568331049,1.2911593467562898,1.0326372405778594,0.2585221061784304,0.07944731712865072,0.055626371998219584,0.06964055421908749,1.1811886809863699,0.13436981389928654,0.006998074865240756,0.6552487660658944,0.34099996472290667,-0.006554878227649809,0.04008418493463688,2.780156202226393,1.8950123192936776,1.7320359136991552,0.16297640559452242,1.3105131566930128,1.0481202885272376,0.2623928681657751,0.07793902730730619,0.054348619049320666,0.0682945744607942,1.189798372071309,0.1308221402791548,0.007081532391996461
2252,0.645571132603957,0.33841264782507824,-0.003006374101934453,0.03949216509625331,2.7120609728149105,1.8451049382289868,1.6794174299382603,0.16568750829072662,1.2911577560507226,1.0326435428766503,0.25851421317407225,0.07944744576474219,0.055626480972730236,0.06964067084430786,1.1811879536566077,0.13436983183259588,0.0069980702792306615,0.655248189267832,0.3409998670653553,-0.006554840476010362,0.04008414957929228,2.780158747354458,1.8950088212232432,1.7320321339288736,0.16297668729436962,1.3105115942368903,1.0481266134255844,0.2623849808113059,0.07793914997429438,0.05434872296708479,0.06829468573329056,1.1897976651364415,0.1308221574477016,0.007081527922143152
2253,0.6455705606880437,0.33841255086379685,-0.0030063359384515168,0.03949213004403199,2.7120634026553327,1.8451015053844455,1.679413721878495,0.16568778350595048,1.2911562069664417,1.0326496807768377,0.25850652618960407,0.07944757104016753,0.05562658710024096,0.06964078442226934,1.181187245329577,0.13436984929841897,0.006998065812879423,0.655247627527939,0.34099977195026887,-0.006554803716734406,0.04008411514513635,2.780161226251924,1.8950054145399466,1.7320284529148255,0.16297696162512113,1.3105100726667678,1.0481327733370984,0.26237729932966936,0.07793926943627641,0.05434882416971684,0.06829479409811946,1.1897969766730407,0.1308221741687013,0.007081523568918115
2254,0.6455700036992368,0.33841245642613554,-0.003006298778552227,0.039492095904983905,2.712065769239996,1.8450981622018876,1.679410110678768,0.16568805152311972,1.2911546984074063,1.032655658561228,0.25849903984617817,0.07944769304321693,0.05562669045554702,0.06964089503303449,1.1811865555059902,0.13436986630838396,0.006998061463037562,0.6552470804498941,0.3409996793105619,-0.006554767924162978,0.0400840816079248,2.7801636406193992,1.8950020968399388,1.7320248680595534,0.16297722878038548,1.3105085909056786,1.0481387725598459,0.26236981834583273,0.07793938577748506,0.054348922728574924,0.06829489963170451,1.1897963061955945,0.13082219045327392,0.007081519329250443
2255,0.6455694612442814,0.33841236444526973,-0.003006262596463763,0.03949206265505216,2.712068074191995,1.845094906322052,1.6794065937908775,0.16568831253117453,1.291153229306513,1.0326614804011176,0.25849174890539545,0.07944781185987249,0.055626791111488515,0.06964100275456749,1.181185883699613,0.1343698828737336,0.006998057226632877,0.6552465476472705,0.34099958908065925,-0.006554733073491151,0.040084048944018416,2.7801659921122646,1.8949988657808774,1.7320213768322859,0.1629774889485916,1.3105071479050896,1.0481446152799787,0.2623625326251109,0.07793949907995149,0.05434901871315199,0.06829500240846643,1.189795653231284,0.13082220631217048,0.0070815152001444314
2256,0.6455689329396249,0.3384122748558376,-0.0030062273673027023,0.03949203027077309,2.7120703190906332,1.8450917354455363,1.67940316873153,0.16568856671400617,1.2911517986247183,1.0326671503591032,0.25848464826561507,0.07944792757388125,0.05562688913901204,0.06964110766279977,1.181185229436855,0.13436989900531562,0.006998053100667348,0.655246028743165,0.34099950119641775,-0.006554699140769733,0.04008401713036028,2.780168282341235,1.8949957190798161,1.7320179767666788,0.16297774231313736,1.3105057426440347,1.0481503055745562,0.2623554370694785,0.07793960942357447,0.054349112191134585,0.06829510250088555,1.1897950173195828,0.1308222217557633,0.0070815111786766164
2257,0.6455684184110225,0.3384121875938526,-0.0030061930670891718,0.039491998729252034,2.7120725054718275,1.8450886473306183,1.6793998330800144,0.16568881425060386,1.2911504053501717,1.0326726723918132,0.2584777329583585,0.07944804026682845,0.055626984607232775,0.06964120983169565,1.1811845922563533,0.13436991471356818,0.0069980490822139155,0.6552455233698101,0.34099941559504143,-0.006554666102926127,0.04008398614445195,2.780170512872785,1.8949926545110358,1.732014665458498,0.1629779890525378,1.3105043741282643,1.0481558474142871,0.26234852671397724,0.0779397168861908,0.05434920322846239,0.06829519997956487,1.1897943980118535,0.13082223679403315,0.00708150726199256
2258,0.6455679172931098,0.3384121025965954,-0.0030061596727777792,0.03949196800813713,2.712074634828368,1.845085639791,1.6793965844758139,0.16568905531518627,1.291149048497359,1.0326780503525541,0.25847099814480484,0.07944815001820932,0.0556270775834954,0.06964130933331653,1.1811839717085664,0.1343699300084979,0.006998045168412815,0.6552450311681559,0.34099933221497614,-0.0065546339377870605,0.04008395596432779,2.7801726852294304,1.8949896699038025,1.7320114405632436,0.16297822934055883,1.3105030413894,1.0481612446661868,0.26234179672321334,0.07793982154364407,0.054349291889386614,0.06829529491329148,1.1897937948709483,0.13082225143654824,0.00708150344730335
2259,0.6455674292289753,0.33841201980251695,-0.003006127162290831,0.03949193808559301,2.712076708609979,1.8450827106934629,1.679393420616106,0.16568929007735675,1.2911477271062453,1.0326832879938728,0.2584644391123726,0.0794482569055072,0.05562716813344022,0.06964140623789045,1.1811833673553318,0.13436994489965776,0.006998041356468044,0.655244551787447,0.34099925099581413,-0.006554602624112657,0.04008392656852888,2.7801748008898106,1.8949867631400334,1.7320082997936614,0.162978463346372,1.3105017434840913,1.0481665010961492,0.26233524238794204,0.07793992346985944,0.05434937823653316,0.06829538736910329,1.1897932074707795,0.13082226569244365,0.007081499731882084
2260,0.6455669538696338,0.338411939151076,-0.0030060955145800802,0.03949190894026838,2.7120787282231786,1.8450798579553531,1.6793903392531493,0.16568951870220375,1.2911464402414157,1.0326883889700293,0.2584580512713863,0.07944836100426421,0.05562725632106295,0.0696415006138743,1.1811827787694689,0.1343699593961032,0.006998037643642615,0.6552440848847072,0.34099917187813633,-0.006554572141657278,0.040083897936071325,2.7801768612885676,1.8949839321517934,1.7320052409171334,0.16297869123465994,1.3105004794931718,1.0481716203714342,0.26232885912173776,0.07794002273691089,0.05434946233095981,0.06829547741234829,1.1897926353959325,0.1308222795703799,0.007081496113059282
2261,0.6455664908735206,0.3384118605826129,-0.0030060647096934526,0.039491880551264784,2.712080695030816,1.8450770795418991,1.6793873381914375,0.16568974135046174,1.291145186991201,1.0326933568393784,0.2584518301518226,0.07944846238816668,0.055627342208787234,0.06964159252802937,1.181182205534291,0.13436997350635393,0.006998034027254268,0.6552436301242404,0.34099909480338847,-0.006554542471230419,0.04008387004641542,2.780178867815915,1.8949811749186365,1.7320022617528608,0.16297891316577579,1.310499248520796,1.0481766060630542,0.26232264245774184,0.07794011941510345,0.05434954423222567,0.06829556510675712,1.1897920782411888,0.13082229307850718,0.007081492588218653
2262,0.6455660399058759,0.33841178403816013,-0.0030060347288704548,0.03949185289809866,2.712082610351307,1.8450743734632828,1.6793844152846549,0.16568995817862808,1.2911439664667848,1.032698195066652,0.25844577140013264,0.07944856112912745,0.055627425857534336,0.06964168204549334,1.181181647243145,0.13436998723833368,0.0069980305046699305,0.6552431871770267,0.34099901971369584,-0.006554513594790777,0.040083842879428386,2.7801808218168937,1.8949784894646835,1.731999360168818,0.16297912929586555,1.3104980496935648,1.0481814616480758,0.2623165880454889,0.07794021357305161,0.05434962399845773,0.06829565051451185,1.189791535611078,0.13082230622440857,0.00708148915479173
2263,0.6455656006380511,0.33841170945922117,-0.0030060055546689,0.03949182596065841,2.712084475457441,1.8450717377713803,1.6793815684322968,0.16569016933908362,1.2911427778012814,1.0327029070251441,0.2584398707761372,0.07944865729737452,0.055627507326798095,0.06964176922985703,1.181181103498905,0.13437000059929405,0.0069980270732994156,0.6552427557200439,0.34099894655165014,-0.0065544854955640885,0.04008381641534228,2.7801827245902158,1.8949758738553983,1.731996534078406,0.16297933977699228,1.3104968821596137,1.0481861905118097,0.2623106916478039,0.07794030527776419,0.05434970168642278,0.0682957336963195,1.1897910071193842,0.13082231901502905,0.007081485810251718
2264,0.6455651727467121,0.3384116367875102,-0.0030059771711227756,0.03949179971915506,2.712086291574657,1.8450691705560958,1.6793787955758812,0.16569037498021458,1.2911416201487635,1.0327074959987759,0.25843412414998773,0.07944875096154815,0.055627586674727364,0.06964185414324836,1.1811805739134273,0.1343700135957201,0.006998023730588134,0.6552423354354825,0.34099887526005374,-0.006554458158197121,0.040083790634705435,2.7801845773865717,1.8949733261939392,1.731993781436678,0.1629795447572614,1.310495745087661,1.0481907959498937,0.2623049491377674,0.07794039459473687,0.05434977735160569,0.06829581471149207,1.1897904923886156,0.13082233145658573,0.0070814825521063685
2265,0.6455647559128206,0.3384115659645705,-0.003005949563968366,0.03949177415405906,2.712088059878667,1.845066669941096,1.6793760946946272,0.1656905752464687,1.2911404926832295,1.0327119651840397,0.2584285274991897,0.07944884218879542,0.055627663958206036,0.06964193684641208,1.1811800581070129,0.13437002623319028,0.006998020474007362,0.6552419260097497,0.3409988057815492,-0.006554431568970405,0.04008376551832046,2.780186381406302,1.8949708446169373,1.7319911002360528,0.16297974438088442,1.3104946376659916,1.0481952811702493,0.2622993564957423,0.0779404815880428,0.05434985104828628,0.06829589361802291,1.1897899910494814,0.13082234355443775,0.007081479377888481
2266,0.645564349820552,0.3384114969314154,-0.00300592272089914,0.039491749246033,2.7120897814921583,1.845064234078876,1.6793734638003661,0.16569077027850987,1.291139394597471,1.0327163176917922,0.2584230769056787,0.07944893104489961,0.055627739232962624,0.06964201739882041,1.1811795557076772,0.13437003851623244,0.00699801730104427,0.6552415271324113,0.3409987380582714,-0.00655440571604296,0.04008374104717846,2.780188137796154,1.8949684272896055,1.7319884885012646,0.16297993878834074,1.3104935591013425,1.0481996492948893,0.2622939098064532,0.07794056632045576,0.05434992282964355,0.06829597047269224,1.189789502740181,0.13082235531295028,0.007081476285146264
2267,0.6455639541558,0.338411429627935,-0.003005896631937774,0.03949172497583846,2.7120914574804464,1.8450618611447889,1.679370900931557,0.1656909602132319,1.291138325101834,1.0327205565488895,0.2584177685529445,0.07944901759439879,0.05562781255367076,0.06964209585877083,1.181179066350479,0.13437005044809416,0.006998014209187363,0.6552411384947286,0.34099867203127154,-0.0065543805898057445,0.04008371720236764,2.7801898476450027,1.8949660723998316,1.7319859442834282,0.16298012811640328,1.3104925086176904,1.0482039033615744,0.262288605256116,0.07794064885356329,0.0543499927478516,0.06829604533116049,1.1897890271057538,0.13082236673527992,0.0070814732714290975
2268,0.6455635686044316,0.33841136399223865,-0.0030058712899004303,0.03949170132422716,2.712093088845554,1.8450595493297801,1.6793684041459347,0.16569114518384548,1.2911372834228108,1.0327246846996192,0.2584125987231915,0.0794491019007458,0.0556278839740848,0.06964217228351942,1.1811785896766154,0.13437006203047516,0.0069980111959097435,0.655240759787954,0.34099860763987844,-0.006554356183322091,0.040083693964966916,2.780191511978033,1.894963778151005,1.731983465652769,0.1629803124982358,1.310491485454867,1.048208046325264,0.26228343912960295,0.077940729247919,0.05435006085420862,0.0682961182480951,1.1897885637971988,0.13082237782312386,0.0070814703342713175
2269,0.6455631928498683,0.3384112999596337,-0.003005846691049245,0.039491678271789774,2.712094676518412,1.845057296831288,1.6793659715115172,0.16569132531977063,1.2911362688014159,1.0327287050068947,0.25840756379452107,0.07944918402646256,0.055627953547170345,0.06964224672940353,1.1811781253325488,0.134370073263125,0.006998008258645015,0.6552403907009738,0.3409985448207119,-0.006554332492949656,0.0400836713158981,2.7801931317490576,1.8949615427530297,1.7319810506897189,0.1629804920633109,1.310490488866971,1.0482120810593387,0.26227840780763223,0.07794080756318891,0.054350127199260925,0.06829618927728737,1.1897881124706335,0.1308223885763437,0.007081467471168806
2270,0.645562826570321,0.3384112374615542,-0.003005822835874937,0.03949165579878265,2.7120962213484003,1.8450551018419836,1.6793636010952695,0.16569150074671404,1.2911352804912481,1.0327326202531308,0.2584026602381173,0.0794492640333763,0.05562802132530456,0.06964231925203623,1.1811776729686732,0.13437008414339183,0.006998005394760533,0.6552400309176106,0.3409984835066434,-0.006554309519080315,0.04008364923575669,2.7801947078302303,1.8949593644112275,1.731978697473723,0.16298066693750438,1.3104895181204688,1.0482160103565072,0.2622735077639616,0.07794088385837589,0.05435019183299295,0.06829625847183676,1.1897876727859984,0.1308223989925434,0.0070814646795530145
2271,0.6455624694348202,0.33841117642383406,-0.0030057997302233228,0.039491633884878814,2.7120977240896584,1.8450529625352812,1.6793612909488935,0.1656916715863877,1.2911343177561878,1.032736433140765,0.258397884615423,0.07944934198284156,0.05562808736046417,0.06964238990647836,1.1811772322380567,0.13437009466553312,0.006998002601517402,0.6552396801127623,0.3409984236251286,-0.006554287267211266,0.040083627704568886,2.7801962409985923,1.8949572413120757,1.7319764040692225,0.1629808372428531,1.3104885724919442,1.0482198369293698,0.2622687355625744,0.07794095819202979,0.05435025480500544,0.06829632588431421,1.1897872444058482,0.13082240906642564,0.007081461956752228
2272,0.6455621210981428,0.3384111167645202,-0.003005777386766162,0.039491612508849125,2.7120991853827325,1.8450508770466536,1.679359039090464,0.1656918379561895,1.291133379867533,1.0327401462922685,0.2583932335752645,0.07944941793603666,0.05562815170447661,0.06964245874746955,1.1811768027947673,0.1343701048198273,0.006997999876019517,0.6552393379474656,0.3409983650960935,-0.006554265749335382,0.04008360670148066,2.7801977319180207,1.89495517160482,1.731974168507537,0.16298100309728303,1.3104876512653023,1.0482235634104837,0.26226408785481853,0.07794103062252808,0.05435031616475307,0.0682963915669807,1.189786826993732,0.13082241878896245,0.007081459299942159
2273,0.6455617811941154,0.33841105839096014,-0.0030057558269652035,0.03949159164814042,2.7121006057299657,1.845048843449179,1.6793568434804491,0.1656919999687298,1.2911324661004084,1.0327437622495166,0.2583887038508918,0.07944949195433963,0.055628214409338475,0.06964252582971828,1.1811763842917427,0.13437011459138765,0.006997997215146073,0.6552390040623927,0.34099830782912594,-0.006554244985800248,0.04008358620434689,2.780199181115059,1.894953153377458,1.7319719887632572,0.1629811646142008,1.3104867537282652,1.0482271923518018,0.26225956137646333,0.07794110120843148,0.05435037596184575,0.06829645557206175,1.1897864202121449,0.13082242814628917,0.007081456706080705
2274,0.6455614493253999,0.33841100119491274,-0.0030057350840409225,0.039491571278231996,2.712101985462346,1.8450468597202143,1.6793547019900357,0.16569215773017867,1.2911315757291906,1.0327472834723104,0.25838429225688025,0.07944956409962294,0.05562827552746526,0.06964259120809188,1.1811759763791314,0.13437012395827247,0.006997994615444834,0.6552386780679478,0.34099825171876863,-0.0065542250081147,0.04008356618910567,2.780200588946365,1.894951184624044,1.7319698627230733,0.16298132190097078,1.3104858791679173,1.0482307262232915,0.26225515294462576,0.07794117000876215,0.05435043424628429,0.0682965179519268,1.1897860237209268,0.1308224371179451,0.007081454171804777
2275,0.6455611250514562,0.33841094504733504,-0.0030057152065789405,0.0394915513718742,2.712103324693381,1.8450449236972615,1.679352612357802,0.16569231133945939,1.2911307080213519,1.032750712335579,0.2583799956857728,0.07944963443494542,0.055628335112277424,0.06964265493815072,1.181175578700374,0.13437013288933042,0.006997992073011003,0.6552383595325839,0.34099819663948894,-0.006554205862350865,0.040083546629036945,2.780201955553469,1.8949492632014129,1.7319677881431996,0.1629814750582133,1.310485026864715,1.0482341674102695,0.2622508594544456,0.07794123708365464,0.0543504910690119,0.06829657875959158,1.1897856371735056,0.1308224456748649,0.0070814516933132106
2276,0.6455608078689982,0.33841088978885076,-0.0030056962642716484,0.03949153189785263,2.7121046232561308,1.8450430330157606,1.6793505721310416,0.16569246088471898,1.291129862229508,1.0327540511250892,0.25837581110441865,0.07944970302500667,0.055628393218585495,0.06964271707640972,1.1811751908896362,0.13437014134053246,0.006997989583281468,0.6552380479638905,0.3409981424365178,-0.006554187614564458,0.04008352749356288,2.7802032808010515,1.8949473867682949,1.7319657625917604,0.1629816241765345,1.3104841960847604,1.0482375182092911,0.2622466778754693,0.0779413024947833,0.05435054648227621,0.06829663804896349,1.189785260214441,0.1308224537759686,0.007081449266168288
2277,0.6455604971853209,0.33841083521702214,-0.003005678355851471,0.039491512819299406,2.71210588061323,1.8450411850217125,1.6793485785826177,0.1656926064390949,1.2911290375803566,1.0327573020306124,0.2583717355497442,0.07944976993694809,0.05562844990326854,0.06964277768085705,1.1811748125672805,0.13437014924999519,0.006997987140756377,0.6552377427827841,0.34099808891361305,-0.006554170358264826,0.040083508746608376,2.780204564188823,1.894945552699863,1.731963783367246,0.16298176933261696,1.3104833860690623,1.048240780821577,0.26224260524748544,0.07794136630611234,0.054350600540264735,0.06829669587532639,1.1897848924750956,0.13082246136353518,0.00708144688502722
2278,0.645560192277496,0.33841078106605643,-0.003005661621146717,0.03949149409110794,2.7121070957284092,1.845039376645283,1.6793466285927543,0.1656927480525288,1.2911282332593852,1.032760467135655,0.2583677661237302,0.07944983524106036,0.05562850522587355,0.06964283681127839,1.1811744433358664,0.13437015653023554,0.006997984738566179,0.6552374432840641,0.340998035813565,-0.00655415422576458,0.04008349034409398,2.7802058047257985,1.8949437579642654,1.7319618473826812,0.1629819105815842,1.3104825960187132,1.0482439573431173,0.2622386386755959,0.07794142858455291,0.05435065329966148,0.06829675229563704,1.1897845335698531,0.13082246835600736,0.007081444543224833
2279,0.6455598922298941,0.3384107269750469,-0.0030056462595020247,0.03949147565597541,2.7121082668774137,1.845037604213384,1.6793447184755816,0.1656928857378024,1.2911274483889459,1.032763548401832,0.25836389998711395,0.07944989901143792,0.05562855924916987,0.06964289452936362,1.181174082776447,0.13437016305620045,0.006997982367802846,0.6552371485760753,0.34099798278771415,-0.006554139405502764,0.040083472230101225,2.780207000745434,1.8949419989397631,1.7319599509958352,0.16298204794392795,1.3104818250736545,1.0482470497495986,0.2622347753240558,0.07794148940056259,0.05435070482015483,0.06829680736861066,1.189784183092661,0.13082247463687952,0.007081442232129507
2280,0.6455595958331524,0.3384106724348942,-0.0030056325593868435,0.03949145743800524,2.7121093913623944,1.845035863161823,1.6793428437174454,0.16569301944437767,1.29112668199603,1.032766547644949,0.2583601343510812,0.07944996132595439,0.05562861203912845,0.06964295089789929,1.1811737304487118,0.1343701686456483,0.00699798001642366,0.655236857483199,0.34099792934503587,-0.006554126169860799,0.04008345433067867,2.7802081496265667,1.8949402711341499,1.7319580897532387,0.1629821813809111,1.3104810722815041,1.048250059873328,0.26223101240817603,0.07794154882808974,0.05435075516439039,0.06829686115393087,1.1897838406173527,0.13082248003649427,0.007081439940087854
2281,0.645559301407998,0.33841061669178185,-0.0030056209495247094,0.039491439331569636,2.712110465061513,1.8450341475685859,1.6793409985640644,0.16569314900452142,1.2911259329630578,1.0327694664974485,0.2583564664656093,0.07945002226372208,0.055628663662769515,0.06964300597710248,1.1811733859053486,0.13437017302435805,0.006997977667305807,0.6552365683759711,0.3409978747596193,-0.00655411492314726,0.04008343654306991,2.7802092473537185,1.894938568730422,1.7319562579867216,0.16298231074370043,1.3104803365499935,1.048252989366997,0.2622273471829965,0.07794160694211881,0.0543508043958915,0.06829691370874101,1.189783505711791,0.13082248429977905,0.007081437650552914
2282,0.6455590064693881,0.33841055855461344,-0.003012253743564647,0.03949142118012429,2.7121114816736904,1.8450324493399377,1.6793391753271343,0.16569327401280348,1.2911251999483517,1.0327723063465561,0.2583528936017955,0.07945008189486087,0.0556287141794954,0.06964305981276511,1.1811730487498882,0.13437017575856988,0.006997975294464573,0.6552362788473303,0.34099781788610256,-0.006560629529237617,0.04008341871523556,2.7802102877803807,1.8949368837954716,1.7319544481363554,0.16298243565911633,1.3104796165701882,1.0482558396440254,0.2622237769261628,0.07794166380888859,0.05435085257077259,0.06829696507634661,1.1897831779942407,0.13082248702359484,0.007081435338445217
2283,0.6455595322957034,0.33841065189486963,-0.003003476175526411,0.03949145375493171,2.712112431340162,1.8450355675522712,1.6793425377620492,0.16569302979022194,1.291118012938776,1.0327698935781129,0.2583481193606631,0.07944996905726702,0.05562861858873673,0.06964299613031934,1.1811736867137665,0.1343702286250461,0.006997979436759019,0.6552367856378075,0.3409979069521874,-0.006552041537639441,0.04008345014780483,2.780211261284417,1.894939926991342,1.7319577319015966,0.1629821950897454,1.3104725576946608,1.0482535293828206,0.2622190283118401,0.07794155774703695,0.05435076272010743,0.06829690570471111,1.1897837891948053,0.13082253689357307,0.007081439294235167
2284,0.6455590716998932,0.33841057076207426,-0.003005587819476005,0.039491425243227116,2.7121135703244406,1.8450328306859962,1.679339585672854,0.16569324501314228,1.2911190645914068,1.0327739846515867,0.2583450799398202,0.07945006833267138,0.05562870269023956,0.0696430757764549,1.1811731254137534,0.13437022422489306,0.0069979758136987265,0.6552363380738293,0.34099782851745386,-0.006554081800133324,0.04008342241693415,2.780212419520816,1.8949372375235076,1.7319548295218627,0.16298240800164485,1.310473571275615,1.0482575899989532,0.2622159812766619,0.07794165158692337,0.0543508422168924,0.06829698105145803,1.1897832484099555,0.13082253300972152,0.007081435802680488
2285,0.6455588589283724,0.33841053469458526,-0.003005067181472025,0.03949141232269362,2.7121146180509665,1.8450315528973775,1.6793382054162578,0.1656933474811198,1.2911181433997867,1.0327764126347088,0.2583417307650779,0.0794501147681072,0.05562874202817994,0.06964311948265582,1.1811728628659022,0.1343702337213978,0.006997974152093558,0.6552361275439723,0.3409977928846384,-0.0065535848435243,0.04008340963451369,2.7802134879179308,1.8949359600011104,1.7319534490849244,0.16298251091618607,1.3104726761476586,1.0482600388330063,0.26221263731465233,0.07794169619173044,0.05435088000400928,0.06829702299248501,1.1897829913557012,0.13082254200914925,0.007081434171278055
2286,0.645558594289651,0.33841048953595115,-0.00300518568524874,0.03949139599534134,2.7121156479647994,1.8450299675889512,1.6793364934294792,0.165693474159472,1.2911177178567448,1.0327791545353202,0.25833856332142463,0.07945017270352764,0.055628791108372114,0.069643170673265,1.1811725352986104,0.1343702396696524,0.006997972082884438,0.6552358682869448,0.34099774876707684,-0.006553696428687528,0.040083393630550634,2.780214537600625,1.8949343902830202,1.7319517532803448,0.16298263700267557,1.3104722550879446,1.04826278432028,0.26220947076766465,0.07794175133894081,0.054350926722159645,0.06829707175918584,1.1897826735483301,0.13082254774771657,0.007081432160218076
2287,0.6455583509174294,0.3384104485839435,-0.00300514804154052,0.03949138108304448,2.7121166447851155,1.8450285037333063,1.6793349117822727,0.1656935919510336,1.2911171885793022,1.0327817330028428,0.2583354555764593,0.07945022616581782,0.055628836399136516,0.06964321857753643,1.1811722330222418,0.1343702463850939,0.00699797018489342,0.6552356292248932,0.34099770862997497,-0.006553661060799791,0.040083378978066096,2.7802155539814177,1.894932937085553,1.7319501825829051,0.16298275450264776,1.3104717365738896,1.0482653713985126,0.2622063651753769,0.077941802347759,0.05435096993445675,0.06829711748240355,1.1897823795898441,0.13082255417740266,0.007081430310547248
2288,0.6455581103189281,0.3384104081882841,-0.0030051497388501602,0.039491366287057086,2.712117614930372,1.8450270563062567,1.679333347779634,0.16569370852662282,1.2911167018348588,1.0327842671507381,0.2583324346841207,0.07945027918013217,0.05562888131039664,0.06964326589239336,1.1811719332789656,0.13437025273557815,0.006997968309299126,0.655235393091674,0.34099766906870616,-0.0065536623601205116,0.04008336445098634,2.7802165432393755,1.894931501475886,1.7319486307966954,0.1629828706791907,1.3104712584497864,1.0482679124426801,0.2622033460071063,0.0779418528862654,0.05435101274832758,0.06829716261141398,1.189782088341932,0.13082256026896566,0.007081428484269363
2289,0.6455578770969193,0.3384103692408924,-0.0030051414321753817,0.03949135196363841,2.712118558523479,1.8450256510870653,1.6793318290881745,0.16569382199889082,1.2911162206378561,1.0327867294353044,0.25832949120255166,0.07945033065512994,0.05562892491761937,0.06964331188596437,1.1811716422390952,0.13437025902473868,0.0069979664930006,0.6552351641434618,0.34099763090944074,-0.006553654408078084,0.040083350384620166,2.780217505548324,1.894930107447932,1.7319471236766262,0.16298298377130593,1.310470786183348,1.0482703818716979,0.26220040431165015,0.07794190196514636,0.054351054325671645,0.06829720648524422,1.1897818055057638,0.1308225662972655,0.0070814267152871455
2290,0.6455576497632848,0.3384103313674496,-0.003005136139136999,0.039491337991320936,2.7121194771277253,1.8450242806934303,1.6793303479153678,0.1656939327780624,1.2911157541938385,1.0327891292123574,0.2583266249814812,0.07945038091089766,0.05562896749196716,0.06964335677402697,1.1811713580928807,0.13437026515765152,0.006997964723333641,0.6552349409949296,0.34099759380127603,-0.006553649245171447,0.04008333666402572,2.7802184424456984,1.8949287481183061,1.731945653958873,0.1629830941594332,1.310470328286924,1.0482727884868255,0.26219753980009836,0.07794194987547437,0.054351094913072065,0.06829724929966272,1.189781529403944,0.1308225721763307,0.0070814249918516314
2291,0.6455574285564101,0.33841029460650107,-0.003005130152435441,0.039491324396344375,2.712120371614113,1.845022946344678,1.6793289055737983,0.16569404077087965,1.2911152995265696,1.0327914660403146,0.25832383348625493,0.07945042986397255,0.05562900896273419,0.06964340050369776,1.181171081312198,0.13437027116313482,0.006997963002143991,0.6552347238571052,0.3409975577782825,-0.006553643448266228,0.04008332331356554,2.780219354805503,1.894927424556606,1.7319442227945567,0.16298320176204928,1.3104698819898593,1.0482751320109462,0.26219474997891296,0.07794199654261677,0.054351134447303454,0.068297291007867,1.18978126046655,0.1308225779323299,0.007081423315583783
2292,0.6455572131887813,0.33841025887394516,-0.00300512459849607,0.03949131115719823,2.7121212428889616,1.8450216467303964,1.6793275006995778,0.16569414603081845,1.2911148571128204,1.0327937421893838,0.2583211149234365,0.07945047756632981,0.055629049373951446,0.06964344311437132,1.1811708116031723,0.13437027703126408,0.006997961326884205,0.6552345124544833,0.34099752276035256,-0.006553638058247331,0.0400833103125833,2.7802202435321184,1.894926135494007,1.7319428288616225,0.16298330663238436,1.3104694477142105,1.0482774146704958,0.26219203304371463,0.07794204201508814,0.05435117296946517,0.06829733164675797,1.1897809984139918,0.13082258355634094,0.00708142168405716
2293,0.6455570035498247,0.3384102241381246,-0.0030051190959938315,0.039491298268478664,2.712122091711261,1.845020381260941,1.6793261326722235,0.16569424858871737,1.2911144263775627,1.0327959590390376,0.25831846733852504,0.07945052402988881,0.05562908873571647,0.069643484619035,1.1811705488984001,0.13437028276658736,0.0069979596965804546,0.6552343066757748,0.3409974887164491,-0.006553632721974581,0.040083297655586665,2.7802211093873557,1.8949248803267227,1.731941471523195,0.1629834088035275,1.3104690249089666,1.0482796378641606,0.26218938704480593,0.07794208630509053,0.05435121048989415,0.06829737122938428,1.1897807431759402,0.1308225890525799,0.007081420096303149
2294,0.6455567994703845,0.3384101903551589,-0.003005113771793848,0.039491285719526814,2.7121229187824096,1.845019149071198,1.6793248005785648,0.16569434849263315,1.2911140070996494,1.0327981182038448,0.25831588889580465,0.07945056928323871,0.05562912707224865,0.06964352504242748,1.1811702930362298,0.1343702883687619,0.006997958109781844,0.6552341063555619,0.3409974556042913,-0.006553627556786734,0.040083285332166166,2.7802219530760914,1.8949236581953772,1.7319401498707268,0.16298350832465044,1.3104686133515493,1.0482818032053647,0.2621868101461847,0.07794212943998406,0.05435124703176869,0.06829740977946851,1.1897804945947144,0.13082259442084926,0.007081418550915547
2295,0.6455566008054778,0.33841015749041625,-0.0030051085759984983,0.03949127350163328,2.712123724741318,1.8450179493753722,1.6793235035834317,0.1656944457919405,1.2911135989407687,1.0328002211578864,0.2583133777828823,0.07945061335129704,0.05562916440465697,0.06964356440706429,1.1811700438757702,0.13437029383947321,0.006997956565270259,0.6552339113509981,0.340997423390279,-0.006553622516461272,0.04008327333374098,2.7802227752422723,1.8949224683143413,1.731938863068102,0.16298360524623934,1.3104682127111236,1.0482839121741703,0.26218430053695335,0.07794217144383717,0.054351282615478426,0.06829744731875448,1.189780252531604,0.13082259966279036,0.007081417046705389
2296,0.6455564074052402,0.33841012551014804,-0.003005103522194852,0.0394912616056526,2.7121245101769573,1.8450167813497649,1.6793222408085717,0.16569454054119312,1.2911132016109557,1.0328022693683856,0.25831093224256996,0.0794506562616133,0.055629200756280084,0.06964360273746065,1.1811698012612484,0.13437029917979293,0.006997955061804075,0.6552337215149301,0.3409973920417249,-0.006553617613429687,0.04008326165133511,2.780223576480824,1.8949213098632465,1.7319376102396058,0.1629836996236406,1.3104678227019961,1.048285966241218,0.26218185646077813,0.07794221234309959,0.0543513172634303,0.06829748387079522,1.1897800168341757,0.13082260477949534,0.007081415582464636
2297,0.6455562191259671,0.33841009438381564,-0.003005098600812807,0.0394912500228497,2.712125275640125,1.8450156441864292,1.6793210113897183,0.1656946327967107,1.2911128148104802,1.0328042642504065,0.25830855056007374,0.07945069804163649,0.05562923615037153,0.06964364005816574,1.1811695650374614,0.13437030439129632,0.006997953598208276,0.6552335367061205,0.3409973615289936,-0.0065536128387261375,0.040083250276366666,2.7802243573492493,1.8949201820371664,1.731936390523339,0.16298379151382747,1.3104674430298602,1.0482879668259104,0.2621794762039498,0.07794225216412662,0.05435135099795134,0.06829751945917185,1.1897797873505414,0.13082260977251758,0.007081414157048947
2298,0.645556035826151,0.3384100640827177,-0.0030050938114030493,0.03949123874460232,2.712126021647129,1.8450145370781883,1.6793198144614485,0.1656947226167398,1.2911124382519341,1.0328062071856805,0.2583062310662537,0.07945073871931999,0.055629270610612055,0.0696436763941352,1.181169335046355,0.13437030947546516,0.006997952173337532,0.6552333567855702,0.3409973318242153,-0.006553608191838228,0.04008323920036857,2.780225118371145,1.8949190840327517,1.7319352030572193,0.16298388097553235,1.310467073412241,1.0482899153139258,0.2621771580983152,0.0779422909337176,0.05435138384174469,0.06829755410782212,1.1897795639262545,0.13082261464332656,0.007081412769343405
2299,0.6455558573681094,0.33841003457997126,-0.003005089150281026,0.03949122776252894,2.7121267486874756,1.84501345923023,1.6793186491700847,0.1656948100601453,1.2911120716523021,1.032808099517391,0.25830397213491124,0.07945077832250755,0.05562930416058962,0.06964371177024567,1.1811691111304952,0.13437031443395445,0.006997950786086363,0.6552331816180361,0.34099730290125946,-0.006553603669240363,0.040083228415110445,2.780225860043717,1.8949180150592488,1.7319340469912556,0.16298396806799317,1.3104667135711403,1.0482918130524612,0.26217490051867903,0.07794232867854756,0.05435141581740818,0.06829758784059,1.1897793464075848,0.13082261939354992,0.007081411418271804
2300,0.6455556836182448,0.3384100058507511,-0.003005084613510192,0.03949121706848897,2.712127457227458,1.8450124098602387,1.6793175146735813,0.16569489518665736,1.2911117147362188,1.0328099425538766,0.2583017721823422,0.0794508168790333,0.05562933682388403,0.06964374621136515,1.1811688931325028,0.13437031926859827,0.006997949435392865,0.6552330110722856,0.3409972747359623,-0.0065535992671457224,0.04008321791259788,2.7802265828412387,1.894916974338664,1.7319329214874795,0.16298405285118459,1.3104663632360722,1.0482936613537592,0.262172701882313,0.07794236542526177,0.054351446947514474,0.06829762068129294,1.1897791346409756,0.13082262402497993,0.0070814101028002325
2301,0.6455555144459003,0.3384099778711195,-0.003005080199665139,0.03949120665452319,2.7121281477147345,1.8450113882000259,1.6793164101446172,0.16569497805540878,1.2911113672364896,1.0328117375701173,0.25829962966637227,0.07945085441633395,0.05562936862373838,0.06964377974199844,1.1811686808972464,0.13437032398116994,0.00699794812022142,0.6552328450200059,0.34099724730501707,-0.006553594984145414,0.04008320768501654,2.780227287219518,1.8949159611073603,1.7319318257229355,0.1629841353844248,1.3104660221445712,1.0482954614965825,0.2621705606479887,0.0779424012001107,0.05435147725430173,0.06829765265338797,1.189778928475144,0.13082262853935228,0.007081408821920564
2302,0.6455553497249535,0.33840995061881973,-0.0030050759039442487,0.03949119651295027,2.712128820582261,1.845010393500563,1.6793153347753182,0.16569505872524484,1.2911110288918006,1.0328134858069429,0.25829754308485775,0.07945089096143568,0.055629399583047925,0.069643812386298,1.1811684742719164,0.13437032857366685,0.006997946839579615,0.655232683337315,0.3409972205867229,-0.006553590815631491,0.04008319772482369,2.7802279736197155,1.8949149746208653,1.7319307588942037,0.16298421572666166,1.3104656900400118,1.0482972147255119,0.26216847531450005,0.0779424360289404,0.05435150675966549,0.06829768377998414,1.1897787277611398,0.13082263293860708,0.007081407574666464
2303,0.645555189331717,0.3384099240724245,-0.003005071726180343,0.03949118663623509,2.7121294762436188,1.8450094250237281,1.6793142877690206,0.16569513725470747,1.291110699449907,1.0328151884745982,0.2582955109753089,0.07945092654109974,0.05562942972448365,0.06964384416816097,1.1811682731052011,0.13437033304796178,0.006997945592497608,0.6552325259027586,0.3409971945601793,-0.006553586761398694,0.04008318802462213,2.780228642463801,1.8949140141459007,1.7319297202094246,0.16298429393647607,1.31046536667463,1.0482989222543764,0.2621664444202535,0.07794246993732798,0.054351535485273536,0.06829771408393259,1.189778532351562,0.13082263722456894,0.007081406360093797
2304,0.645555033147311,0.33840989821190104,-0.0030050676608461696,0.039491177017145704,2.712130115104265,1.845008482055124,1.6793132683538938,0.16569521370123017,1.291110378663434,1.032816846750371,0.2582935319130627,0.0794509611813905,0.05562945907012601,0.06964387511088542,1.181168077249729,0.13437033740630125,0.006997944378048059,0.6552323725995796,0.34099716920582496,-0.006553582816125884,0.04008317857731147,2.7802292941654962,1.8949130789727555,1.7319287089014583,0.16298437007129718,1.3104650518055174,1.048300585264038,0.26216446654147946,0.0779425029501793,0.05435156345222493,0.06829774358750672,1.189778342102879,0.13082264139940544,0.007081405177299562
2305,0.6455548810555312,0.33840987301784253,-0.0030050637071157432,0.03949116764860003,2.7121307375569557,1.8450075638949177,1.6793122757736039,0.16569528812131373,1.291110066294622,1.0328184617833518,0.2582916045112703,0.07945099490792187,0.055629487641673914,0.0696439052373453,1.1811678865606776,0.1343703416506767,0.006997943195325989,0.6552322233136708,0.3409971445047045,-0.006553578978981879,0.04008316937593902,2.780229929125813,1.8949121684064167,1.7319277242188318,0.16298444418758487,1.3104647451991591,1.0483022049069812,0.2621625402921778,0.07794253509196106,0.05435159068124673,0.06829777231256674,1.189778156874089,0.13082264546504868,0.007081404025402667
2306,0.6455547329439618,0.338409848471772,-0.0030050598615290747,0.03949115852376527,2.7121313439851065,1.8450066698633938,1.6793113092931513,0.16569536057024237,1.291109762111062,1.0328200346919552,0.25828972741910694,0.07945102774562529,0.05562951546024816,0.06964393456982011,1.1811677008970807,0.1343703457832815,0.006997942043458464,0.65523207793465,0.34099712043876307,-0.006553575246597956,0.040083160413798044,2.7802305477363487,1.894911281771927,1.73192676543137,0.16298451634055705,1.3104644466273416,1.0483037823049788,0.2621606643223629,0.07794256638648168,0.05435161719250832,0.06829780028039928,1.189777976527986,0.1308226494236166,0.007081402903553237
2307,0.6455545887033363,0.338409824555914,-0.0030050561219097383,0.03949114963599279,2.7121319347628563,1.8450057992983597,1.679310368196238,0.16569543110212168,1.2911094658879236,1.0328215665666183,0.25828789932130547,0.07945105971887093,0.05562954254649401,0.06964396313007917,1.181167520121148,0.13437034980629586,0.006997940921598576,0.655231936355232,0.3409970969906255,-0.006553571616858843,0.04008315168436259,2.7802311503793247,1.8949104184118364,1.7319258318276056,0.16298458658423076,1.3104641558692998,1.048305318551719,0.2621588373175807,0.07794259685700913,0.05435164300572125,0.06829782751179929,1.189777800930477,0.13082265327721426,0.007081401810926747
2308,0.6455544482277987,0.33840980125318965,-0.0030050524853433153,0.03949114097884971,2.7121325102569727,1.845004951556981,1.6793094517873117,0.16569549976966938,1.2911091774066725,1.032823058469661,0.2582861189370116,0.07945109085133911,0.05562956892047231,0.06964399093928086,1.1811673440989896,0.13437035372194053,0.006997939828927064,0.6552317984714918,0.3409970741435958,-0.006553568086913077,0.040083143181319496,2.780231737429468,1.8949095776879963,1.7319249227167737,0.1629846549712225,1.310463872710464,1.0483068147126942,0.2621570579977699,0.07794262652614851,0.05435166814003549,0.06829785402697452,1.1897776299512905,0.1308226570279847,0.007081400746725666
2309,0.6455543114146471,0.33840977854723314,-0.0030050489493554655,0.03949113254609664,2.7121330708259457,1.845004126013823,1.679308559389372,0.16569556662445106,1.2911088964555975,1.0328245114365737,0.2582843850190237,0.07945112116613193,0.055629594601754095,0.0696440180180645,1.1811671726999835,0.13437035753245216,0.006997938764650817,0.655231664182613,0.34099705188167406,-0.00655356465433371,0.04008313489854627,2.780232309253136,1.894908758979634,1.7319240374266534,0.16298472155298072,1.3104635969429834,1.0483082718264825,0.2621553251165009,0.0779426554159488,0.05435169261412991,0.06829787984563325,1.18977746346336,0.1308226606780868,0.007081399710178045
2310,0.6455541781636103,0.3384097564221655,-0.0030050455129468495,0.039491124331646685,2.7121336168168,1.8450033220573718,1.679307690340353,0.16569563171701882,1.2911086228292943,1.032825926476447,0.2582826963528472,0.07945115068585593,0.055629619609490574,0.06964404438662128,1.1811670057963122,0.13437036124001242,0.006997937727996343,0.6552315333901944,0.34099703018934086,-0.006553561318101836,0.040083126830072126,2.780232866205235,1.8949079616799678,1.7319231753000424,0.1629847863799255,1.310463328365226,1.0483096909051925,0.26215363746003356,0.07794268354797947,0.05435171644627717,0.06829790498705017,1.189777301342382,0.13082266422963007,0.0070813987005312615
2311,0.6455540483785757,0.33840973486298676,-0.0030050421710611994,0.03949111632967351,2.7121341485749193,1.845002539099565,1.6793068440032832,0.16569569509628185,1.2911083563272205,1.032827304571636,0.2582810517555846,0.07945117943230581,0.05562964396214522,0.06964407006443388,1.1811668432647462,0.13437036484706172,0.0069979367182241275,0.6552314059999106,0.3409970090519339,-0.00655355807330555,0.04008311897018193,2.780233408638796,1.8949071852054589,1.7319223357046256,0.16298484950083333,1.3104630667803887,1.0483110729341705,0.2621519938462182,0.07794271094303616,0.054351739654094386,0.06829792946982405,1.189777143468513,0.13082266768496398,0.007081397717065735
2312,0.6455539219656988,0.3384097138550446,-0.0030050389227445143,0.039491108534482476,2.712134666437649,1.8450017765663036,1.679306019756325,0.16569575680997867,1.2911080967571513,1.032828646681324,0.25827945007582737,0.07945120742676261,0.0556296676777463,0.0696440950705078,1.1811666849849627,0.13437036835577804,0.006997935734612028,0.6552312819197036,0.3409969884551435,-0.006553554918938706,0.04008311131329177,2.780233936898772,1.894906428986618,1.731921518023312,0.16298491096330583,1.3104628119998212,1.0483124188754598,0.2621503931243613,0.07794273762141948,0.05435176225477928,0.06829795331209407,1.1897769897247623,0.1308226710462008,0.007081396759079192
2313,0.6455537988350761,0.33840969338458304,-0.0030050357630825933,0.039491100940641025,2.7121351707399217,1.8450010339050764,1.6793052170006455,0.16569581690443103,1.2911078439313977,1.0328299537392762,0.25827789019212144,0.07945123468974508,0.05562969077367638,0.06964411942318766,1.1811665308409471,0.1343703717686438,0.00699793477647066,0.6552311610613926,0.3409969683855398,-0.006553551850192164,0.04008310385407682,2.7802344513275727,1.8949056924754135,1.731920721661889,0.1629849708135244,1.310462563839407,1.0483137296656837,0.26214883417372326,0.07794276360270051,0.054351784264911523,0.06829797653136636,1.189776839998344,0.13082267431573663,0.007081395825901339
2314,0.6455536788986707,0.3384096734383165,-0.0030050326916822717,0.03949109354282278,2.712135661805247,1.8450003105733412,1.679304435147973,0.16569587542536834,1.2911075976701523,1.0328312266572741,0.2582763710128781,0.07945126124147356,0.05562971326706517,0.06964414314052894,1.1811663807183734,0.13437037508797595,0.006997933843126505,0.6552310433386841,0.3409969488301677,-0.006553548866576671,0.040083096587319365,2.7802349522563095,1.8949049751339886,1.731919946036929,0.1629850290970596,1.310462322122785,1.0483150062193805,0.2621473159034045,0.0779427889061583,0.054351805700823486,0.0682979991448649,1.1897766941781542,0.130822677495822,0.00708139491687786
2315,0.6455535620724678,0.33840965400394596,-0.0030050297031200685,0.039491086335968165,2.7121361399552466,1.844999606049936,1.679303673632711,0.16569593241722502,1.2911073577973415,1.0328324663225357,0.2582748914748059,0.07945128710143579,0.05562973517442179,0.069644166239957,1.1811662345070575,0.13437037831648072,0.006997932933940065,0.6552309286692475,0.3409969297770422,-0.006553545962771808,0.04008308950806562,2.780235440014117,1.894904276445743,1.73191919058756,0.16298508585818328,1.3104620866773682,1.048316249426557,0.2621458372508112,0.0779428135503712,0.05435182657825384,0.06829802116921038,1.1897765521571289,0.13082268058907184,0.007081394031387767
2316,0.6455534482749685,0.338409635069747,-0.0030050267952156096,0.0394910793151617,2.7121366055059766,1.844998919827614,1.6793029319040953,0.16569598792351878,1.2911071241449354,1.0328336736018813,0.2582734505430541,0.07945131228868002,0.055629756511883025,0.06964418873848724,1.1811660920993,0.13437038145673955,0.0069979320482927605,0.6552308169732703,0.34099691121475634,-0.006553543136551418,0.04008308261150559,2.78023591492461,1.8949035959081206,1.731918454767881,0.16298514114023957,1.310461857338495,1.048317460156729,0.2621443971817659,0.0779428375534938,0.05435184691258232,0.06829804262062826,1.189776413830645,0.1308226835979949,0.0070813931688308955
2317,0.6455533374282915,0.3384096166249851,-0.0030050239631437825,0.03949107247573085,2.7121370587706295,1.8449982514174215,1.679302209430602,0.1656960419868193,1.291106896549937,1.0328348493400274,0.2582720472099097,0.07945133682164887,0.0556297772950726,0.06964421065260908,1.1811659533908263,0.13437038451161715,0.006997931185597478,0.6552307081745331,0.34099689313288484,-0.006553540383113891,0.04008307589307154,2.7802363773085865,1.894902933036888,1.7319177380512758,0.16298519498561231,1.310461633946541,1.0483186392573107,0.2621429946892303,0.07794286093309707,0.054351866718694256,0.068298063514837,1.1897762790974424,0.130822686525371,0.007081392328638183
2318,0.6455532294582067,0.33840959865989423,-0.0030050212017654204,0.03949106581322938,2.712137500062747,1.8449976003493695,1.67930150570072,0.16569609464864973,1.291106674856583,1.032835994362027,0.25827068049455587,0.07945136071820276,0.055629797539121034,0.06964423199829015,1.1811658182806537,0.13437038748419172,0.006997930345298608,0.6552306022004428,0.3409968755219641,-0.0065535376973534995,0.04008306934842068,2.7802368274872036,1.8949022873668167,1.7319170399311896,0.16298524743562715,1.3104614163490662,1.048319787556014,0.2621416287930523,0.0779428837061932,0.05435188601100155,0.06829808386705383,1.189776147859483,0.13082268937418806,0.007081391510271684
2319,0.6455531242914245,0.33840958116533615,-0.0030050185119848832,0.03949105932327655,2.7121379296778785,1.844996966154944,1.6793008202038868,0.16569614595105708,1.2911064589164134,1.0328371094739917,0.25826934944242175,0.07945138399626481,0.055629817259211956,0.0696442527915305,1.1811656866674447,0.13437039037739382,0.0069979295268518754,0.6552304989794847,0.3409968583731807,-0.006553535079815667,0.040083062973284414,2.7802372657644754,1.8949016584349725,1.7319163599029057,0.16298529853206684,1.3104612044008856,1.0483209058615697,0.2621402985393159,0.07794290588982793,0.05435190480394459,0.06829810369250448,1.1897760200185339,0.13082269214731837,0.0070813907132059
2320,0.6455530218622708,0.33840956413400275,-0.003005015879282681,0.03949105300198817,2.7121383479324987,1.8449963484066376,1.6793001524731008,0.16569619593353685,1.2911062485828488,1.032838195459398,0.2582680531234508,0.07945140667238337,0.055629836469364397,0.06964427304716665,1.1811655584576348,0.13437039319531985,0.006997928729777092,0.6552303984475347,0.34099684167950295,-0.006553532516505416,0.04008305676387809,2.7802376924646066,1.8949010458185223,1.731915697504312,0.1629853483142103,1.3104609979589694,1.0483219949602947,0.26213900299867465,0.0779429274997569,0.05435192311087081,0.06829812300532144,1.1897758954837983,0.13082269484871006,0.007081389936977216
2321,0.6455529221067714,0.3384095475590862,-0.0030050133023175954,0.03949104684555426,2.7121387551406055,1.8449957466853983,1.6792995020502053,0.16569624463519306,1.2911060437245416,1.0328392530904003,0.25826679063414126,0.0794514287629115,0.05562985518343185,0.06964429277979915,1.181165433558765,0.13437039594139583,0.006997927953609163,0.6552303005423115,0.3409968254344424,-0.006553530005723104,0.04008305071649927,2.7802381079097747,1.8949004491038584,1.7319150522829518,0.16298539682090646,1.3104607968950694,1.0483230556268228,0.26213774126824657,0.07794294855153039,0.05435194094495366,0.06829814181939672,1.1897757741656612,0.13082269748173256,0.007081389181138311
2322,0.6455528249669973,0.33840953143581926,-0.0030050107695473727,0.03949104085061112,2.712139151623893,1.8449951605992705,1.6792988685049162,0.16569629209435424,1.2911058442135428,1.032840283118977,0.25826556109456594,0.07945145028336639,0.05562987341455978,0.06964431200333716,1.1811653118830998,0.1343703986201941,0.00699792719793887,0.6552302052075147,0.34099680963352214,-0.006553527536091543,0.04008304482789013,2.7802385124300644,1.894899867904425,1.731914423814223,0.16298544409020202,1.310460601084623,1.0483240886158414,0.26213651246878167,0.0779429690598929,0.054351958318684036,0.06829816014795467,1.1897756559791528,0.13082270005082397,0.007081388445296922
2323,0.6455527303894957,0.33840951576104783,-0.0030050082725411806,0.03949103501405477,2.712139537711638,1.844994589776075,1.6792982514271564,0.16569633834891861,1.2911056499339946,1.0328412862844816,0.258264363649513,0.07945147124886945,0.055629891175558346,0.0696443307313096,1.1811651933451444,0.13437040123670788,0.006997926462399263,0.6552301123913454,0.3409967942738721,-0.00655352509914723,0.040083039095054604,2.7802389063634783,1.8948993018538314,1.7319138116941684,0.16298549015966313,1.3104604104150295,1.04832509466931,0.2621353157457197,0.07794298903919933,0.05435197524422271,0.06829817800384577,1.1897755408415476,0.1308227025608408,0.00708138772910301
2324,0.6455526383271779,0.3384095005338696,-0.003005005798240361,0.039491029333217735,2.712139913746793,1.8449940338712594,1.679297650435078,0.1656963834361814,1.2911054607789914,1.032842263311715,0.2582631974672765,0.07945149167378895,0.05562990847859968,0.06964434897659913,1.18116507786366,0.13437040379677084,0.006997925746683106,0.6552300220483566,0.3409967793548556,-0.0065535226819087855,0.040083033515433644,2.7802392900620316,1.894898750613562,1.7319132155473569,0.16298553506620517,1.3104602247826909,1.0483260745146747,0.2621341502680162,0.07794300850307274,0.05435199173311053,0.06829819539929236,1.1897754286743378,0.1308227050174466,0.0070813870322658625
2325,0.645552548739536,0.3384094857558241,-0.0030050033325515133,0.039491023805860725,2.7121402800898564,1.844993492568339,1.6792970651753452,0.16569642739299395,1.291105276654356,1.0328432149145113,0.2582620617398448,0.07945151157185529,0.05562992533531555,0.06964436675151818,1.1811649653610155,0.1343704063071052,0.006997925050545887,0.6552299341396859,0.3409967648782593,-0.0065535202703492015,0.04008302808689823,2.780239663895703,1.894898213873544,1.7319126350273062,0.16298557884623777,1.310460044096713,1.048327028868397,0.26213301522831595,0.07794302746451215,0.05435200779635962,0.06829821234595856,1.1897753194026128,0.1308227074271622,0.007081386354557178
2326,0.645552461594175,0.3384094714314971,-0.0030050008573262663,0.0394910184302873,2.712140637125662,1.844992965584795,1.6792964953290244,0.1656964702557706,1.2911050974790723,1.0328441417966374,0.2582609556824349,0.07945153095599589,0.05562994175665742,0.06964438406767955,1.1811648557641197,0.1343704087756299,0.006997924373820732,0.6552298486345712,0.3409967508488874,-0.006553517846461514,0.04008302280786334,2.7802400282592603,1.8948976913580438,1.731912069822383,0.1629856215356606,1.3104598682793718,1.0483279584368772,0.2621319098424946,0.07794304593573292,0.054352023444318324,0.06829822885482538,1.189775212955976,0.13082270979765756,0.007081385695825765
2327,0.6455523768679706,0.3384094575690415,-0.003004998351041503,0.03949101320541887,2.7121409852705383,1.8449924526763415,1.6792959406157566,0.1656965120605849,1.29110492318835,1.0328450446547817,0.2582598785335684,0.07945154983829039,0.05562995775285863,0.06964440093595059,1.1811647490046742,0.13437041121168525,0.006997923716430224,0.6552297655115128,0.34099673727507807,-0.006553515388899402,0.04008301767736355,2.780240383579482,1.8948971828300123,1.7319115196600663,0.16298566316994612,1.3104596972691422,1.0483288639194157,0.26213083334972664,0.07794306392812196,0.05435203868663304,0.06829824493614495,1.1897751092688078,0.13082271213796748,0.0070813850560093455
2328,0.6455522945491798,0.33840944418115726,-0.003004995786554561,0.03949100813093967,2.7121413249815394,1.844991953644059,1.6792954008006085,0.1656965528434506,1.2911047537359415,1.032845924180931,0.25825882955501067,0.07945156822987623,0.055629973333354316,0.06964441736637925,1.1811646450197077,0.13437041362646288,0.006997923078408181,0.6552296847603601,0.34099672416966476,-0.0065535128708103935,0.04008301269519744,2.7802407303244454,1.894896688098244,1.731910984313847,0.16298570378439714,1.3104595310230258,1.0483297460105985,0.26212978501242734,0.07794308145214462,0.05435205353216957,0.06829826059936747,1.1897750082807963,0.13082271445889898,0.007081384435155992
2329,0.6455522146397383,0.3384094312859762,-0.0030049931303994457,0.03949100320745222,2.71214165676992,1.8449914683439004,1.6792948757036656,0.1656965926402347,1.2911045890983597,1.0328467810662545,0.2582578080321051,0.0794515861407418,0.05562998850660615,0.06964443336801107,1.1811645437527463,0.1343704160334412,0.006997922459921848,0.6552296063845895,0.34099671155084565,-0.006553510259140437,0.040083007862082305,2.780241069017022,1.8948962070269182,1.7319104636128788,0.16298574341403943,1.3104593695207203,1.0483306054041432,0.262128764116577,0.07794309851714454,0.05435206798884338,0.06829827585296379,1.1897749099380963,0.13082271677344542,0.007081383833446006
2330,0.6455521371578143,0.3384094189083922,-0.003004990342060858,0.03949099843665346,2.712141981212129,1.8449909966941356,1.6792943652068484,0.16569663148728717,1.2911044292794764,1.0328476160052804,0.2582568132741959,0.07945160357970832,0.05563000328008707,0.06964444894887598,1.181164445153914,0.1343704184488899,0.006997921861299511,0.6552295304038497,0.34099669944349414,-0.006553507513900124,0.04008300317983081,2.780241400245992,1.8948957395431654,1.7319099574489494,0.16298578209421588,1.310459212769179,1.0483314427970427,0.26212776997213616,0.07794311513132135,0.05435208206360082,0.06829829070440883,1.1897748141934534,0.13082271909726767,0.007081383251219334
2331,0.6455520621421421,0.3384094070818295,-0.003004987369594307,0.03949099382163235,2.7121422989713033,1.844990538692332,1.6792938692708406,0.16569666942149133,1.2911042743156287,1.0328484297004628,0.258255844615166,0.07945162055409255,0.055630017659995486,0.06964446411570513,1.1811643491818424,0.1343704208927822,0.006997921283073158,0.6552294568582319,0.3409966878808889,-0.006553504583945789,0.04008299865164615,2.7802417246875177,1.8948952856539991,1.7319094657933982,0.1629858198606009,1.3104590608076994,1.0483322588941195,0.26212680191357984,0.07794313130140595,0.054352095762144045,0.06829830515990848,1.1897747210080785,0.130822721449555,0.007081382689017369
2332,0.6455519896569764,0.3384093958506171,-0.003004984147954505,0.039490989367199816,2.7121426108201985,1.8449900944316657,1.6792933879506131,0.1656967064810527,1.2911041242842842,1.0328492228695854,0.2582549014146989,0.07945163706956859,0.05563003165113826,0.06964447887381242,1.1811642558044486,0.13437042338967584,0.0069979207260302875,0.6552293858131766,0.34099667690704527,-0.006553501405302697,0.04008299428245024,2.7802420431280903,1.8948948454626953,1.7319089887127612,0.16298585674993415,1.3104589137164637,1.048333054415329,0.2621258593011345,0.07794314703252532,0.05435210908881633,0.06829831922428356,1.1897746303524241,0.13082272385386437,0.007081382147634091
2333,0.645551919798359,0.3384093852727096,-0.003004980595449208,0.03949098508032646,2.7121429176722214,1.8449896641239873,1.6792929214180714,0.165696742705916,1.2911039793139527,1.03284999625415,0.2582539830598026,0.07945165312977275,0.05563004525659585,0.06964449322675753,1.1811641650011726,0.13437042596999224,0.006997920191277029,0.6552293173656618,0.3409966665793805,-0.006553497897741498,0.0400829900793189,2.7802423564955565,1.8948944191918624,1.731908526391486,0.1629858928003764,1.310458771626353,1.0483338301040706,0.2621249415222824,0.07794316232781842,0.05435212204627689,0.06829833290064237,1.1897745422084007,0.13082272633932895,0.007081381628178117
2334,0.6455518527028434,0.3384093754237804,-0.0030049766077198323,0.03949098097073332,2.7121432206202245,1.8449892481293446,1.6792924699903755,0.1656967781389691,1.291103839596718,1.032850750629849,0.2582530889668691,0.07945166873599188,0.05563005847745848,0.06964450717609046,1.1811640767647358,0.13437042867172444,0.006997919680328595,0.6552292516528083,0.34099665697272086,-0.006553493958915982,0.040082986052068,2.7802426658978434,1.8948940072129323,1.7319080791603096,0.16298592805262266,1.3104586347313236,1.0483345867375338,0.2621240479937899,0.07794317718813536,0.05435213463524588,0.06829834619013349,1.1897744565711068,0.13082272894227506,0.0070813811321615424
2335,0.6455517885588373,0.33840936640257224,-0.0030049720511042405,0.03949097705167043,2.7121435209872846,1.8449888469940054,1.6792920341663267,0.1656968128276788,1.291103705405687,1.032851486820958,0.25825221858472913,0.0794516838867575,0.05563007131248208,0.06964452072101662,1.1811639911034404,0.13437043154269362,0.006997919195227164,0.6552291888630616,0.34099664818453446,-0.006553489457904231,0.04008298221402552,2.7802429726736158,1.894893610084129,1.7319076475327138,0.16298596255141515,1.3104585033056166,1.048335325140902,0.2621231781647147,0.07794319161164315,0.054352146854170474,0.06829835909162034,1.1897743734511044,0.13082273170835482,0.007081380661615745
2336,0.6455517276212576,0.33840935833774816,-0.003004966754207118,0.03949097334092144,2.712143820393071,1.8449884615002279,1.6792916146741619,0.16569684682606592,1.2911035771176747,1.0328522057189091,0.2582513713987654,0.07945169857729342,0.05563008375762049,0.06964453385793726,1.1811639080442877,0.1343704346434488,0.0069979187386936415,0.65522912925062,0.34099664034162386,-0.0065534842270442845,0.04008297858302684,2.7802432784584057,1.8948932286000975,1.7319072322527373,0.1629859963473602,1.3104583777261232,1.0483360462056683,0.2621223315204548,0.0779432055932914,0.05435215869877225,0.06829837160123614,1.1897742928774953,0.1308227346952836,0.00708138021924018
2337,0.6455516702343355,0.3384093513995207,-0.0030049604888742823,0.03949096986235788,2.7121441208413115,1.8449880927349682,1.679291212535159,0.1656968801998093,1.2911034552425151,1.0328529083061526,0.25825054693636257,0.07945171279928889,0.05563009580583324,0.06964454658032718,1.1811638276342633,0.13437043805186802,0.0069979183143720775,0.6552290731578287,0.3409966336114543,-0.006553478043484044,0.040082975182949905,2.780243585271671,1.8948928638602784,1.7319068343585382,0.1629860295017402,1.31045825850124,1.048336750913133,0.2621215075881072,0.07794321912458754,0.054352170161856665,0.06829838371225984,1.1897742148992174,0.13082273797717645,0.007081379808641554
2338,0.6455516168570903,0.3384093458116492,-0.003004952962055933,0.03949096664769434,2.7121444248388706,1.8449877421756806,1.6792908291458262,0.1656969130298545,1.2911033404686711,1.0328535956930445,0.2582497447756268,0.07945172654000196,0.05563010744632594,0.06964455887796431,1.1811637499454062,0.13437044186827105,0.006997917927094226,0.6552290210402496,0.34099662821387333,-0.006553470621242639,0.04008297204545376,2.7802438956351834,1.8948925173544013,1.7319064552645496,0.16298606208985178,1.3104581463156575,1.0483374403706338,0.2621207059450236,0.07794323219273253,0.05435218123258097,0.06829839541437377,1.189774139590027,0.13082274164937102,0.0070813794345932326
2339,0.6455515681053215,0.33840934187278976,-0.0030049437776056356,0.039490963739355484,2.712144735554716,1.8449874118174003,1.6792904663957195,0.16569694542168073,1.2911032337141803,1.0328542691589966,0.2582489645551837,0.07945173978180968,0.055630118664169226,0.0696445707366907,1.1811636750773515,0.13437044622384703,0.006997917583329081,0.6552289735078181,0.3409966244418793,-0.006553461574281459,0.04008296921280527,2.780244212730914,1.894892191088605,1.731906096878862,0.16298609420974292,1.310458042080499,1.048338115852052,0.26211992622844704,0.07794324478018458,0.054352191896084597,0.06829840669342895,1.189774067051009,0.13082274583635675,0.007081379103474348
2340,0.6455515248065847,0.33840933998446293,-0.0030049324043781855,0.03949096119423841,2.712145057041865,1.8449871043392523,1.679290126821817,0.16569697751743528,1.291103136210643,1.032854930220048,0.25824820599059517,0.07945175250164316,0.05563012943982022,0.0696445821380394,1.181163603160524,0.1343704512918674,0.0069979172917715386,0.6552289313787206,0.3409966226888166,-0.006553450385617998,0.04008296674158916,2.780244540621177,1.8948918877507663,1.731905761757134,0.16298612599363219,1.3104579470156361,1.0483387788640428,0.2621191681515934,0.07794325686410655,0.05435220213302097,0.0682984175310774,1.1897739974137655,0.1308227507023163,0.007081378823844755
2341,0.6455514880825296,0.33840934069393463,-0.003004918112227327,0.03949095908932561,2.7121453945456726,1.8449868233446924,1.67928981382848,0.16569700951621244,1.2911030496131697,1.0328555807171926,0.2582474688959771,0.07945176467078668,0.05563013974895237,0.06964459305932569,1.1811635343572755,0.1343704573044668,0.00699791706423258,0.6552288957599663,0.34099662349002463,-0.006553436345442677,0.040082964708233686,2.780244884554059,1.8948916109485325,1.7319054533214486,0.16298615762708388,1.3104578627574415,1.0483394312326104,0.2621184315248311,0.07794326841616683,0.05435221191938887,0.06829842790485281,1.189773930841561,0.1308227564668865,0.007081378607313335
2342,0.6455514594702225,0.3384093447589125,-0.0030048998810172922,0.03949095752992825,2.712145754943406,1.8449865737020092,1.6792895319949206,0.1656970417070886,1.2911029761650592,1.0328562229484854,0.2582467532165738,0.0794517762555741,0.05563014956304515,0.06964460347465232,1.1811634688579464,0.13437046457764545,0.00699791691696377,0.6552288681659502,0.3409966275855898,-0.006553418463261913,0.04008296321711466,2.7802452513983775,1.8948913655462978,1.7319051761659932,0.1629861893803046,1.3104577915199327,1.0483400752323844,0.2621177162875482,0.07794327940319104,0.0543522212270845,0.0682984377891189,1.1897738675255671,0.13082276342861038,0.007081378469828506
2343,0.6455514411100487,0.33840935325049853,-0.003004876247655948,0.03949095666238385,2.7121461473841726,1.8449863620467362,1.6792892875206626,0.16569707452607352,1.291102918940445,1.03285685986351,0.25824605907693515,0.07945178722026003,0.055630158851816824,0.06964461335812239,1.1811634068646328,0.13437047355029097,0.006997916872732221,0.6552288507018038,0.34099663602005664,-0.006553395320320593,0.04008296241301863,2.7802456502760875,1.8948911581616232,1.7319049364994132,0.16298622166220988,1.3104577363319003,1.0483407137766743,0.26211702255522595,0.0779432897898849,0.054352230026208204,0.06829844715812002,1.189773807669172,0.13082277200149325,0.007081378433697153
2344,0.6455514360574728,0.33840936773092695,-0.003004845026655642,0.039490956694972656,2.712146584251934,1.844986197552704,1.679289088887571,0.16569710866513307,1.2911028822200974,1.0328574953643632,0.25824538685573406,0.07945179753630471,0.05563016759108984,0.0696446226933234,1.1811633485386923,0.1343704848497386,0.006997916964322366,0.6552288463670254,0.3409966503142518,-0.0065533648003651135,0.04008296250163036,2.7802460935125968,1.8948909979255832,1.731904742801425,0.1629862551241582,1.3104577014036078,1.0483413507111718,0.2621163506924359,0.07794329954765326,0.05435223829253548,0.06829845599499448,1.1897737514371611,0.13082278277631992,0.0070813785309863575
2345,0.6455514487974323,0.33840939055219393,-0.0030048028553052095,0.039490957932444774,2.7121470826966223,1.8449860931552153,1.6792889478918136,0.16569714526340165,1.2911028721149456,1.0328581348048087,0.25824473731013686,0.0794518072017584,0.05563017577921243,0.06964463149261009,1.1811632938911507,0.13437049940083096,0.006997917240359703,0.6552288595548265,0.3409966727529125,-0.006553323653810256,0.04008296378326076,2.780246598144951,1.8948908976861671,1.7319046068448576,0.16298629084130956,1.310457692734051,1.0483419913000933,0.26211570143395774,0.07794330867293171,0.05435224602304675,0.068298464310021,1.1897736988500756,0.13082279662232046,0.007081378809161824
