Year,GDP ($Y_t$): Baseline,Labor ($L_t$): Baseline,Government Expenditures ($G_t$): Baseline,Lump sum transfers ($TR_t$): Baseline,Wealth ($B_t$): Baseline,Capital Stock ($K_t$): Baseline,Domestically-owned Capital Stock ($K^d_t$): Baseline,Foreign-owned Capital Stock ($K^f_t$): Baseline,Government Debt ($D_t$): Baseline,Domestically-owned Gov Debt ($D^d_t$): Baseline,Foreign-owned Gov Debt ($D^f_t$): Baseline,Real interest rate ($r_t$): Baseline,"Real interest rate on gov debt ($r_{gov,t}$): Baseline","Real interest rate on HH portfolio ($r_{p,t}$): Baseline",Wage rate: Baseline,Total tax revenue ($REV_t$): Baseline,Business tax revenue: Baseline,GDP ($Y_t$): Reform,Labor ($L_t$): Reform,Government Expenditures ($G_t$): Reform,Lump sum transfers ($TR_t$): Reform,Wealth ($B_t$): Reform,Capital Stock ($K_t$): Reform,Domestically-owned Capital Stock ($K^d_t$): Reform,Foreign-owned Capital Stock ($K^f_t$): Reform,Government Debt ($D_t$): Reform,Domestically-owned Gov Debt ($D^d_t$): Reform,Foreign-owned Gov Debt ($D^f_t$): Reform,Real interest rate ($r_t$): Reform,"Real interest rate on gov debt ($r_{gov,t}$): Reform","Real interest rate on HH portfolio ($r_{p,t}$): Reform",Wage rate: Reform,Total tax revenue ($REV_t$): Reform,Business tax revenue: Reform
2026,0.861825566080149,0.4134325686258632,0.009679263903404348,0.05272125736092477,3.190255557172073,2.845270828677804,2.7085356094328485,0.13673521924495532,0.8028665795653738,0.4817199477392242,0.32114663182614955,0.06219351980193452,0.04100975780250522,0.05753147419730059,1.290732006493382,0.17117492773417547,0.008973998545238471,0.8683144784208942,0.41805943516576427,0.009752141638138766,0.053118204210366365,3.190255557172073,2.849832295364766,2.7085356094328485,0.14129668593191747,0.8028665795653738,0.4817199477392242,0.32114663182614955,0.06285162875964967,0.041567277086609206,0.05817329255048896,1.2860575045216045,0.16093990026505675,0.009057818801994084
2027,0.8613371138872782,0.41499126265955827,0.009673778039599568,0.05269138048410324,3.134422668541196,2.8237082084040703,2.6828697400191364,0.14083846838493386,0.758184412037046,0.4515529285220598,0.3066314835149862,0.06297937389353205,0.04167549681945883,0.058469937946868916,1.2851552806510533,0.1710261449342922,0.00898814221051147,0.8676023194942533,0.41928137629476775,0.009744143297797722,0.053074641157767874,3.145336277760136,2.8302356802780166,2.6854230713027807,0.14481260897523615,0.7686347594561654,0.45991320645735534,0.3087215529988101,0.06353393691907919,0.042145296808304124,0.05896580631205943,1.2812577694932568,0.16080053567338545,0.009067026130962604
2028,0.8614512500135114,0.4162734308849121,0.009675059915805384,0.052698349162270314,3.089027212197925,2.810558084233927,2.666853996465151,0.14370408776877566,0.7147658525575915,0.42217321573277405,0.29259263682481745,0.06351839075764368,0.0421321268237712,0.059182272267893125,1.2813666417101963,0.17093501251078913,0.009002369286549013,0.8674052459921974,0.42025330366844127,0.009741929942207166,0.05306257641786866,3.1095532476698207,2.8179190838807378,2.6706733093386053,0.1472457745421327,0.7356492558056433,0.4388799383312155,0.2967693174744278,0.06400027819770063,0.042540359438522427,0.059557692264277914,1.2780042349324652,0.1607092692895297,0.009076218859393666
2029,0.8621312358113894,0.41735342072798015,0.009682696915967917,0.05273994244035106,3.052339254760762,2.8045471459148916,2.658992149001757,0.14555499691313456,0.6722725912028467,0.3933471057590052,0.27892548544384144,0.06384865850175322,0.0424119142876858,0.05970366784127219,1.2790596923776505,0.1708960591899623,0.00901740764175055,0.8676665025262111,0.4210407037902154,0.00974486414494927,0.053078555468483904,3.0811721708154876,2.811578013568968,2.662765153019785,0.14881286054918302,0.7035974812487182,0.4184070177957025,0.28519046345301574,0.06428933213836978,0.04278523248603236,0.05998505536661372,1.2759984388050873,0.16065773528585692,0.009085882787744344
2030,0.8634436747216926,0.4183603566780867,0.00969743707113377,0.05282022763063679,3.0229949166134764,2.804761202603459,2.658126986314014,0.14663421628944517,0.6304341871589577,0.3648679302994627,0.26556625685949503,0.06401186979852982,0.042550179303333796,0.06007316230452785,1.277923667016521,0.17094121143207403,0.009035043947049608,0.8684585446600229,0.42176559218140847,0.0097537596629491,0.05312700621216637,3.0590230805505176,2.8104509194099965,2.660718779247968,0.1497321401620285,0.6722296509128165,0.39830430130254973,0.27392534961026677,0.06443826253829986,0.04291139939042858,0.06028311528868539,1.2749682060932068,0.16067225753239042,0.009097737013928353
2031,0.8656547093627567,0.4194551438728514,0.1697922047204294,0.05295548411744366,3.0013272929491364,2.8116873867138605,2.6646235102232976,0.14706387649056282,0.5892597971097063,0.33670378272583873,0.2525560143838676,0.06402215415037768,0.042558891727640547,0.060303343270963206,1.2778521751966396,0.17112734459450965,0.009058426876497161,0.8700408979791049,0.42257995567539,0.15431737908626936,0.05322380359286775,3.043533095868802,2.8150744066854996,2.664963928859208,0.1501104778262915,0.6415915274644001,0.3785691670095938,0.26302236045480626,0.06445829692589296,0.042928371591304165,0.060462114225504376,1.2748297852636368,0.16080386838540342,0.009114792565807744
2032,0.8528587888034108,0.4186101675888477,0.15245705814786625,0.052172711707691145,2.9881992445561876,2.712735273663159,2.5556023098443115,0.1571329638188476,0.703464759271287,0.4325969347118762,0.27086782455941083,0.06641399486420403,0.044585147876915456,0.06191898328417293,1.2615045272026677,0.17011846154072857,0.008979845743051338,0.8580187214091518,0.4216448651117992,0.13761976308262114,0.052488364531946996,3.0356233322668724,2.7238661828396165,2.564645761521001,0.15922042131861536,0.7514405543137808,0.4709775707458713,0.28046298356790944,0.06663785831280719,0.044774794573164044,0.0619105532936131,1.2600024429365573,0.15994213522485148,0.009039266177056008
2033,0.8416100671054834,0.41794222773884304,0.1369067299109638,0.051484588280391624,2.977692272670741,2.626595727033828,2.4606233676461198,0.16597235938770805,0.8036900411048407,0.5170689050246212,0.28662113608021944,0.06862752767414362,0.04646034986751404,0.063433917503911,1.2468555400099812,0.16929583408234605,0.008909948809609785,0.8475033595500754,0.42089722535911006,0.12268997272808677,0.05184510381266063,3.0299372200109427,2.644698063464524,2.4775001533388075,0.16719791012571658,0.8479002431642331,0.5524370666721352,0.29546317649209786,0.06864044255560384,0.046471290754097595,0.0632584140963455,1.2467713632583561,0.1592465946808577,0.008972619540522857
2034,0.8317227096031302,0.41742473568808824,0.12306420708244119,0.050879745322367595,2.9692353548194435,2.551471686597323,2.3777190753854525,0.1737526112118702,0.8916430504154532,0.5915162794339911,0.3001267709814621,0.07066890743587291,0.04818971180675129,0.06484759723167652,1.2337349419149728,0.1686285891822032,0.00884794183288321,0.838306912968528,0.42030965374483914,0.10944617263338517,0.051282526589128664,3.0259312605820874,2.5758452970418695,2.401640708874199,0.1742045881676706,0.932610890757825,0.6242905517078886,0.3083203390499364,0.07047487995266952,0.04802534075198306,0.0645073801117134,1.2349664246376972,0.15868905311945375,0.008913960643878343
2035,0.8229577149688875,0.41699324605800464,0.1106231924365117,0.050343561773452464,2.96221934929897,2.485644054291934,2.3050499179445945,0.1805941363473395,0.9688232872945339,0.6571694313543752,0.3116538559401587,0.07254415850596502,0.0497783372491746,0.06615936167754904,1.2219966116443781,0.16807419623255535,0.008792232618721597,0.8301881349449969,0.4198163218621688,0.09757489534870727,0.0507858749360478,3.023018453881201,2.5156511347696924,2.3352987049418545,0.1803524298278378,1.007011184275748,0.6877197489393466,0.3192914353364015,0.07214938684610421,0.049443905069502914,0.06565864426086174,1.2244433217358193,0.15823024691875656,0.008861606668246091
2036,0.8151518887472897,0.4166091974760725,0.09940337281352012,0.04986605439903606,2.956336321524996,2.427844143234665,2.2412484835814013,0.18659565965326366,1.036532501558858,0.7150878379435948,0.32144466361526325,0.07425796852016059,0.05123019734164597,0.06736811660745914,1.2115217142342158,0.167604803285246,0.008741825419131568,0.8229827955396706,0.4193774971309098,0.08689270606988622,0.050345102079144395,3.0209125559424472,2.4629049867710315,2.2771725649762007,0.18573242179483082,1.0723476928371727,0.7437399909662465,0.3286077018709261,0.07367040059466537,0.05073243713743621,0.06671262743505604,1.215086324412671,0.15784464956202338,0.008814491788525936
2037,0.8081789664891517,0.4162550579992846,0.08920391779010722,0.04943949895581816,2.9513097071137766,2.37697100022939,2.185110695558427,0.19186030467096288,1.0959096291524302,0.7661990115553495,0.32971061759708065,0.07581951557458477,0.052553067340103087,0.06847750439150688,1.202180145413564,0.167201669752247,0.00869606487258013,0.8165643332103628,0.41897468741206395,0.07719324790650275,0.049952465371800966,3.0193550280870483,2.416557082562218,2.226116133724531,0.190440948837687,1.1297094826613894,0.793238894362517,0.3364705882988724,0.07504847355747471,0.05189987642338051,0.0676741835349444,1.2067689737184422,0.15751525305605377,0.008771907269176999
2038,0.8019697083580738,0.415931515302422,0.07987494764285508,0.049059659672926484,2.947095180412094,2.3322607932530532,2.1357870983449065,0.19647369490814648,1.1479544595350175,0.8113080820671876,0.3366463774678298,0.07723537338218836,0.05375251618825243,0.06948951631303679,1.1938717645302803,0.16685741138359106,0.008654745918390957,0.8108644426032542,0.41860776886825884,0.06832105231088967,0.04960378619043956,3.0183232295267457,2.375894664820078,2.1813375942577133,0.1945570705623645,1.180051401037323,0.8369856352690322,0.34306576576829084,0.07629114524518608,0.05295261004991324,0.06854618111508293,1.1993957370720523,0.15723568033768626,0.008733611522890265
2039,0.7966094931897112,0.4157091832507316,0.07154934096841338,0.04873175936499864,2.9441234708842887,2.293541533912637,2.093009242890729,0.20053229102190803,1.1935529552531305,0.8511142279935597,0.3424387272595708,0.07850884242179927,0.05483133989817032,0.07040457435610739,1.1865264269481812,0.16659175531662127,0.008619195065154172,0.8059720378495416,0.41834719702741857,0.06040945299112227,0.04930450384401157,3.0182809942825575,2.3408043711145625,2.1426338109281087,0.19817056018645404,1.2242191494542416,0.8756471833544487,0.3485719660997929,0.07740237622545863,0.05389399322565153,0.06932966316284257,1.192901683867831,0.15702514746949445,0.008700922611123135
2040,0.7921220747425969,0.415632207388337,0.06420167375966296,0.0484572512410176,2.942588869125434,2.2604502617071187,2.056325482466426,0.20412477924069244,1.2335195583657597,0.8862633866590082,0.34725617170675155,0.07964700070127756,0.05579553462874319,0.07122642368939788,1.1800610848164115,0.16641570439817127,0.008590085103868762,0.8019145798162777,0.41823688908537215,0.05343551428442028,0.049056298140952234,3.0194539986501576,2.310976843037088,2.1096129450207766,0.20136389801631147,1.2629916420787257,0.9098410536293811,0.35315058844934466,0.0783895614403072,0.05473029060134937,0.07002869952853376,1.1872093938476969,0.15689467244266334,0.008674512056108717
2041,0.7884318663064362,0.4156866899423595,0.05777023002420478,0.04823151121353737,2.94247647730121,2.2324261215498713,2.025127868454168,0.2072982530957034,1.268592017477703,0.9173486088470422,0.35124340863066084,0.08065537091631889,0.056649778950767685,0.07195696079189154,1.1744096847770074,0.16632038391214757,0.008566929038239838,0.7986192353964372,0.4182624200612482,0.047341901109158806,0.048854713658541424,3.021852153716672,2.2858955220249726,2.081716843784505,0.20417867824046776,1.2970753938341086,0.9401353099321668,0.35694008390194193,0.07925831659771386,0.055466259543484095,0.07064532892464978,1.182258591712967,0.15683646487035122,0.008653887599440902
2042,0.78540139243214,0.4158259414413531,0.05198446998829265,0.04804612932980559,2.9435835483480894,2.208760692714577,1.9986804106301626,0.2100802820844145,1.2994191889912197,0.9449031377179269,0.3545160512732928,0.08154109495968136,0.057400123143442935,0.07259935589311312,1.1695038796159776,0.1662848054967066,0.00854854073040844,0.7959501203974629,0.4183763761893028,0.04185656069196361,0.04869143767706362,3.025287813247461,2.2648847069480764,2.0582466654985216,0.2066380414495549,1.3270917015299852,0.9670411477489393,0.36005055378104583,0.08001571300732171,0.056107890536524416,0.07118273103581198,1.1779863640596737,0.15683118632871124,0.008637853198053434
2043,0.7830265956202802,0.41606774584436285,0.047160551831782374,0.04790085734768927,2.946050561264781,2.189195881627887,1.9766768577059506,0.21251902392193656,1.3265575485785255,0.9693737035588302,0.35718384501969525,0.08230970852342001,0.05805125678747648,0.073156558754581,1.1652900707677056,0.1663140363117828,0.008535113794833028,0.7939064725621953,0.4185963167214928,0.037304083556398845,0.048566423541983504,3.0299245000298765,2.247724451587038,2.0389387909686834,0.20878566061835446,1.353572555456479,0.9909857090611931,0.3625868463952859,0.0806670797774205,0.05665969815302518,0.07164374153038508,1.1743444733147022,0.15688402077981142,0.008626610495114935
2044,0.7811367603960654,0.416372327431904,0.04328298808718242,0.04778525190023712,2.9492678517517192,2.17276173772457,1.9580830573840244,0.21467868034054527,1.3505071128447292,0.9911847943676948,0.3593223184770345,0.0829837689667152,0.05862228942786702,0.07364575444584998,1.1616272785005615,0.16638505397361641,0.008525262282668514,0.7923186568743807,0.41888190890178945,0.03367359049178863,0.04846929392042492,3.0351536041030744,2.2334605971312413,2.022777224472547,0.21068337265869444,1.3769965944232703,1.0123763796305276,0.3646202147927427,0.08123435676925853,0.05714026882247212,0.07204508736179804,1.1711967219779964,0.1569736456204647,0.008618773008977022
2045,0.7794964095242852,0.4166635370605139,0.03993941560093958,0.047684907965176965,2.9524445845497365,2.1583457525219383,1.941746303339426,0.21659944918251225,1.3716837536394693,1.0106982812103105,0.36098547242915874,0.08358646701130004,0.05913286716489467,0.07408439651900522,1.1583777470469745,0.16646062496778166,0.008516857217753509,0.790951236403585,0.4191563010261815,0.030551192530015613,0.04838564628484776,3.040176587123516,2.2209867069174813,2.008616775740125,0.21236993117735634,1.3977606663558197,1.0315598113833908,0.3662008549724289,0.08173991510060394,0.05756855431480619,0.07240360069552634,1.1684100381717246,0.15706528188045743,0.008612206458771147
2046,0.7780116619280487,0.4169070989792792,0.03669224195172938,0.04759408248568225,2.95542319040745,2.1455272528968212,1.9272367268462791,0.21829052605054208,1.3904146601803793,1.0281864635611708,0.3622281966192084,0.08412470252986495,0.059588835249619505,0.07447663317416041,1.1554958690408113,0.1665255772683825,0.008509027769604416,0.7897118192138752,0.41938478936149565,0.027495669606865086,0.04830982868602521,3.0448428176888793,2.2099002516529076,1.996048204671248,0.2138520469816598,1.416174847000955,1.0487946130176313,0.3673802339833236,0.0821900297850538,0.057949870529541245,0.07272296463434841,1.165943565700048,0.15714485869403172,0.008606042770094502
2047,0.7767514048395275,0.41713221012994395,0.03375330695046411,0.04751698955718894,2.958640187089679,2.1345386518616225,1.9147805820864912,0.21975806977513132,1.406975526547951,1.0438596050031876,0.3631159215447635,0.08459340631855958,0.05998589928843322,0.07481732137513498,1.1530015665796298,0.16659675523014258,0.008502486440077296,0.7886728119400717,0.41959649162530344,0.024724208210244555,0.04824627047695868,3.0496139188188054,2.2004670360676934,1.9853349541390712,0.21513208192862218,1.4324997261436343,1.0642789646797342,0.36822076146390026,0.08257919557047844,0.05827955367325805,0.07299771081682604,1.1638220595907085,0.1572283931590979,0.008601010104939084
2048,0.7756677718917842,0.41732794202737516,0.03114589554828069,0.047450701048060984,2.9620159871712595,2.125106202031949,1.9040856764253309,0.22102052560661836,1.4216282548610613,1.0579303107459286,0.3636979441151326,0.08499928255217845,0.06032973874624523,0.0751110587396881,1.1508530015628105,0.1666696993193998,0.00849684634890769,0.7877882739650339,0.41978020659962767,0.022263126419215865,0.048192161532800044,3.054420198966131,2.1924312309793503,1.9762050393752233,0.21622619160412715,1.4469843159172853,1.0782151595909077,0.3687691563263775,0.0829134464215889,0.0585627154400713,0.07323191630792081,1.1620079890292045,0.15731184566995982,0.008596730492315657
2049,0.7747727215853707,0.41750019872260685,0.028889625045574324,0.04739594860487198,2.9657532213050124,2.117251789416766,1.89516986031895,0.22208192909781635,1.4345989837533122,1.0705833609860624,0.36401562276724986,0.08534128145787145,0.06061946430434777,0.07535609903087542,1.1490507211332424,0.16674355552138578,0.008492248976422189,0.7870722868410018,0.41994168007393906,0.020134402640946916,0.04814836318654184,3.0594783751064054,2.185835319465334,1.968699369828142,0.21713594963719196,1.4598435391185636,1.0907790052782633,0.36906453384030025,0.08319133141185826,0.05879812667254578,0.0734235352050289,1.1605054717738057,0.1573946181416796,0.008593354422045223
2050,0.7740731450551541,0.41766333176420306,0.02694105588022573,0.0473531536650221,2.969913928379798,2.1108940163965935,1.8879269711987772,0.22296704519781635,1.4460936296950548,1.0819869571810208,0.3641066725140341,0.08562431420819638,0.06085923647959211,0.07555607397636202,1.1475647759256908,0.16682437300792285,0.008488866467002773,0.7865337522460096,0.42009512143832767,0.01829587685111314,0.04811541991825038,3.0648613006344587,2.1806144589553424,1.962730333149556,0.2178841258057862,1.4712736425749076,1.1021309674849027,0.36914267509000476,0.08341722606402568,0.058989494109932636,0.07357577867583683,1.1592878176578085,0.15748250310065032,0.008591065414501234
2051,0.7735209147495372,0.41781628899000994,0.02523158148249914,0.04731937200187143,2.9742680790023694,2.1056878113833735,1.8819747487336906,0.22371306264968302,1.4562988957365803,1.0922933302686788,0.36400556546790164,0.08586095431445236,0.06105970696564683,0.07572110311096025,1.1463262621497539,0.16691266718984912,0.008486377138978474,0.7861261536682692,0.42023928681064693,0.016680568500508933,0.04809048610677341,3.0703437933195814,2.176433727707925,1.9579271566268717,0.21850657108105317,1.4814530287666192,1.1124166366927097,0.3690363920739095,0.08360288890814489,0.05914677903171434,0.07369810841404942,1.1582895358714622,0.15757605624534374,0.008589553906729072
2052,0.7730705022129366,0.41795288388698454,0.02369635812489391,0.047291818588231255,2.9786400140722917,2.1013524816340707,1.8770080888401974,0.2243443927938735,1.4653731891128297,1.1016319252320943,0.3637412638807354,0.08606055603634905,0.06122880025604074,0.07585854448710641,1.1452843226421696,0.16700353895173514,0.008484432590720287,0.7858054671765364,0.42036784905091884,0.015225510215639802,0.04807086871796352,3.075755332598626,2.1730220658040253,1.9539955933579067,0.21902647244611845,1.4905329566236112,1.1217597392407193,0.3687732173828918,0.08375694474799612,0.05927728797030118,0.07379729534089231,1.157462911901991,0.15767081646518777,0.008588482666104525
2053,0.7726850883617292,0.41806556931283323,0.0223073162828683,0.047268241254846466,2.9829193219265915,2.097682917297666,1.8728073588670702,0.22487555843059612,1.4734499706441342,1.1101119630595213,0.363338007584613,0.08622942090205263,0.061371854712196805,0.0759731885166039,1.144404771872665,0.1670913491327869,0.008482729970554322,0.785536315631528,0.4204732056732292,0.013904643337624333,0.04805440374415945,3.080991009224418,2.170183676455647,1.9507264191629585,0.21945725729268842,1.4986407543965574,1.1302645900614596,0.36837616433509773,0.08388508615539975,0.059385843407637535,0.0738776426644434,1.1567765171019262,0.15776164543450213,0.008587559467387807
2054,0.7724037253473073,0.4181532727471109,0.021092529396892115,0.04725102906120025,2.9875149886917503,2.0949630568786946,1.8696892208866571,0.22527383599203749,1.4806419912520663,1.1178257678050931,0.36281622344697306,0.08635571982398285,0.06147884928157954,0.0760543222972076,1.1437480886780433,0.16717374260414203,0.008481526505797652,0.7853591128076951,0.4205541903927315,0.012747618154891352,0.04804356357493468,3.086474413022736,2.1682193153227844,1.94845508455273,0.21976423077005425,1.5058839420832073,1.138019328470006,0.36786461361320133,0.08397550241825363,0.05946243985803788,0.07392847451973913,1.156292841303725,0.15784646899216973,0.008587043839152634
2055,0.7722105026467673,0.4182123530277313,0.02001247358068879,0.047239208600230356,2.992424294194328,2.093106283259724,1.867561422207337,0.2255448610523869,1.4870585371963214,1.1248628719869913,0.36219566520933016,0.08644192979692858,0.061551882358907926,0.07610359328921139,1.14330041323874,0.16725481788867322,0.008480689382458578,0.7852589171708282,0.4206070157469853,0.011715519953457001,0.04803743405606742,3.0922083602470543,2.1670503974047195,1.9470984216679796,0.21995197573674008,1.5123673704364258,1.1451099385790746,0.36725743185735105,0.08403027501416421,0.05950884065246955,0.07395112354410033,1.1560000970849293,0.15792907580618412,0.008586808398693812
2056,0.7720510600674176,0.4182340151356994,0.01899133299010526,0.04722945460692178,2.9973826661326886,2.0917954300553876,1.8660811898488392,0.2257142402065486,1.4927947840060427,1.1313014762838494,0.36149330772219335,0.08649884283115311,0.06160009643307464,0.0761298162954469,1.14300512441541,0.1673319649189769,0.008479785288098863,0.7851822656724177,0.42062280878549085,0.010733519663930186,0.04803274463395853,3.097928604941165,2.166362707871067,1.9463170224005908,0.22004568547047634,1.518182416826949,1.1516115825405744,0.36657083428637466,0.08405952646116974,0.05953362111716669,0.07395385806384741,1.1558438359429144,0.1580070471174547,0.00858642918527408
2057,0.771927953328662,0.41820930719726307,0.018009196818284792,0.047221923394672086,3.002561623911847,2.0911205317964963,1.865358368112918,0.22576216368357815,1.4979255176189221,1.1372032557989291,0.36072226181999306,0.0865209714158742,0.0616188427403043,0.07612781209918504,1.142890365983381,0.16739902925032446,0.008478762183597402,0.7851324543908711,0.4205924936988821,0.009782796531250602,0.048029697100828585,3.1038146618062643,2.1662556868532774,1.9462313174794832,0.2200243693737941,1.5234006282787373,1.1575833443267811,0.3658172839519562,0.08405766175005819,0.059532041420686674,0.07393142333768032,1.155853795467588,0.1580746968230091,0.008585855158873343
2058,0.7718358477393695,0.41813587278664127,0.01708723108852827,0.047216288526063105,3.007998198003476,2.091062372071963,1.8653741866741043,0.2256881853978587,1.5025185565227621,1.1426240113293717,0.35989454519339026,0.08650857052319644,0.06160833728109895,0.07609749094924206,1.1429546728923394,0.1674571047424762,0.008477566066327071,0.7851047192755133,0.42051356218727226,0.00888537328080883,0.04802800000694078,3.1099078914788527,2.166715857565615,1.9468290803044606,0.21988677726115413,1.5280870563290376,1.1630788111743922,0.36500824515464547,0.08402469795358938,0.059504116026277164,0.07388354025941994,1.1560298957180881,0.15813302908985458,0.008585034542317883
2059,0.7717796318191859,0.41802494008922186,0.016255474699384792,0.04721284916874642,3.0136666310031788,2.0915646287792065,1.8660537659993237,0.2255108627798829,1.5066338704183597,1.147612865003855,0.3590210054145047,0.08646615509714414,0.0615724049059346,0.07604267159231956,1.1431746973008088,0.16750931597280458,0.008476317684804315,0.7851047406753857,0.42039718336155524,0.008072184812458215,0.04802800086568566,3.116185669112047,2.1676913697795075,1.9480404648018905,0.2196509049776171,1.5322992945512364,1.1681452043101563,0.3641540902410801,0.08396482423063939,0.059453393794396875,0.0738137597830266,1.1563499353961437,0.1581850251114647,0.00858409453865712
2060,0.7717584549040155,0.41788798503896396,0.015525672183668834,0.04721155329057965,3.01948924450483,2.0925285095831008,1.8672747660230151,0.22525374356008543,1.510326409740361,1.1522144784818147,0.35811193125854635,0.08640002545743175,0.06151638295249015,0.07596873701682541,1.1435179581006967,0.16755767695795754,0.008475100700184987,0.7851325872971635,0.42025486365028775,0.007355897197074947,0.048029703903501336,3.1225727883822376,2.169087111804785,1.9497471871077596,0.2193399246970257,1.5360903132311903,1.172825601274478,0.3632647119567122,0.08388395929563291,0.05938488878448109,0.0737271496210529,1.1567825477962947,0.158232677687377,0.008583127760151962
2061,0.7717703282877493,0.41772977253504734,0.014883781722059883,0.04721227926882876,3.025442777431922,2.093901877299315,1.8689740370422983,0.22492784025701693,1.513645459747128,1.1564687403896237,0.35717671935750434,0.08631327936510474,0.06144289569977005,0.0758782283312543,1.1439686439137542,0.16760185192343555,0.008473938330993549,0.78518714666059,0.42009140765235753,0.00672321961617852,0.04803304113103213,3.1290498898510997,2.170855647817067,1.9518912777651751,0.21896437005189195,1.5395077993675041,1.1771586120859245,0.36234918728157967,0.08378490460533722,0.05930097426033827,0.07362600775765085,1.1573130516143912,0.15827578195567485,0.008582164806012618
2062,0.7718116051346227,0.4175496117300159,0.014311610155511974,0.047214804047731394,3.0315420376226205,2.095665359267203,1.8711308106369675,0.22453454863023536,1.5166349794299652,1.160411226985653,0.3562237524443122,0.08620661935253551,0.06135253830050813,0.07577156048913086,1.1445234315512651,0.16764105481142272,0.00847279967169116,0.7852655216071275,0.4199061426730617,0.006156538372254834,0.048037835335404774,3.1356363711588666,2.172982663369534,1.9544575687068884,0.21852509466264572,1.5425944487628718,1.1811788024519783,0.3614156463108936,0.08366814013896035,0.059202056838017776,0.07351056794826513,1.1579392242119675,0.15831367368931604,0.00858118008698884
2063,0.7718734188076383,0.4173450541684556,0.01379476692573093,0.047218585216275116,3.0377744327862652,2.097776870072355,1.8737010072876534,0.2240758627847016,1.5193338025138932,1.1640734254986118,0.3552603770152814,0.08608131374052569,0.06124638521706663,0.07564963266416064,1.1451761069247328,0.1676742514148212,0.008471604746150297,0.7853594672812619,0.4196966387437647,0.005642040572964455,0.04804358212831015,3.1423230919003893,2.1754299085629083,1.957406221846484,0.21802368671642425,1.54538810820801,1.1849168700539052,0.36047123815410487,0.08353471478328431,0.05908902508559172,0.07338155034192273,1.1586558343565792,0.15834543721705227,0.008580098383048258
2064,0.7719491736366,0.4171173223838299,0.013313019005961733,0.04722321928922984,3.044103703790398,2.100180587397887,1.8766212630276036,0.22355932437028347,1.5217751060240317,1.1674824407627946,0.354292665261237,0.08593991538672649,0.06112659911165133,0.07551452941484317,1.1459137789855443,0.16770128894610659,0.008470317693130886,0.7854630122325524,0.41946417061746505,0.005159957125871292,0.04804991622445566,3.1490763673295694,2.178144479506346,1.960677058711231,0.21746742079511483,1.5479211908434616,1.1883993086183384,0.3595218822251231,0.08338695311375803,0.05896384827520715,0.07324085147326183,1.1594508034723046,0.15837100433273446,0.008578889506172981
2065,0.7720291151247298,0.4168710217942996,0.012837465685942323,0.04722810953326566,3.0504303935455277,2.102770251870532,1.8797684670848815,0.2230017847856506,1.5239874301489489,1.1706619264606462,0.35332550368830273,0.08578764777495972,0.060997605076683066,0.07537070893557213,1.1467095526487854,0.16772282246758408,0.008468908323289802,0.7855670143403615,0.419213420855058,0.004681733607539033,0.04805627833629711,3.155797632251743,2.181021400693824,1.9641483105457556,0.21687309014806855,1.5502216742056258,1.1916493217059876,0.35857235249963826,0.08322978968979117,0.058830706735967894,0.0730926889075505,1.1602979285090624,0.15839106916500856,0.008577530354782058
2066,0.7721201416636088,0.41661407252948923,0.01235067916805161,0.04723367799385091,3.0567495133709794,2.1055311212509698,1.8831175634378612,0.22241355781310848,1.5259945101590002,1.1736319499331183,0.352362560225882,0.08562673731778662,0.0608612892252784,0.07522010895232828,1.1475520740639176,0.16774004257803551,0.008467484630634837,0.7856789485092531,0.4189523710394978,0.004190160153903326,0.048063125797511555,3.1624843725403626,2.184048493985875,1.9677977030119362,0.21625079097393862,1.5523129096531356,1.1946866695284264,0.3576262401247092,0.08306529007008609,0.058691350313086546,0.07293886561596978,1.1611863393225903,0.1584068362483707,0.008576134289064553
2067,0.7722328836566386,0.4163501266618922,0.011837395955679057,0.04724057498089086,3.0631286295646136,2.108510143790009,1.8867167163083716,0.22179342748163755,1.527819087475822,1.176411913256242,0.35140717421957984,0.0854561139449001,0.06071674504366846,0.0750617635827458,1.1484472298793356,0.16775421888021447,0.008466145882574891,0.7858098184275943,0.41868466500846824,0.003669967853992033,0.04807113172120242,3.16920762781817,2.1872759912642166,1.9716770578308473,0.21559893343336933,1.5542174083896727,1.1975305699873227,0.3566868384023501,0.08289233622147205,0.05854483186088814,0.0727783759850762,1.1621223376153513,0.15841952986961433,0.008574802486165586
2068,0.7723570800703503,0.4160753045961339,0.011318495207900195,0.04724817271235455,3.0695460720219554,2.1116666234092825,1.8905249575627296,0.22114166584655293,1.5294837554595675,1.1790211144592257,0.35046264100034175,0.08527667581293061,0.060564733408355206,0.0748962985225837,1.1493906121179247,0.16776514639663676,0.008464791806916396,0.7859495055118695,0.4184063678603066,0.003142490253714332,0.04807967707407927,3.175946849440393,2.190664246667869,1.9757466343598418,0.2149176123080272,1.5559576312362242,1.200200215080551,0.3557574161556732,0.08271170117969716,0.058391806259285535,0.07261174238615337,1.163102023349163,0.15842894016193115,0.008573435598195003
2069,0.7724759652727616,0.4157864034201505,0.010821562712751774,0.04725544559637944,3.0759176991009465,2.114907437919517,1.8944423265901087,0.22046511132940838,1.5310067959276807,1.1814753725108378,0.349531423416843,0.08509150216646841,0.06040786291206389,0.07472625016483017,1.1503662848724743,0.1677708526781633,0.008463284234681921,0.7860814559657866,0.41811426768249244,0.002636085247561065,0.04808774922416542,3.182617915079304,2.194120211889806,1.9799065639386304,0.21421364795117573,1.5575517692149756,1.2027113511406735,0.35484041807430206,0.08252626888997658,0.05823471665246159,0.07244133850917267,1.1641099863490123,0.15843324885093885,0.00857189826487921
2070,0.7725747419261378,0.41548143567467277,0.010315506768453726,0.04726148845971127,3.0821580016645367,2.118143163965136,1.8983716411808917,0.21977152278424425,1.532401309389465,1.183786360483645,0.3486149489058202,0.08490373057488756,0.06024879155756255,0.07455424393389046,1.1513578700389753,0.16776862892753802,0.008461508190634306,0.7861912050092448,0.417806429245874,0.002119959236421956,0.04809446332413374,3.1891356518638485,2.1975548460366903,1.9840600321024673,0.21349481393422295,1.5590128834866355,1.2050756197613812,0.3539372637252543,0.08233898499002176,0.05807605844761127,0.0722696295593697,1.165130345841824,0.15842999083853634,0.008570079663464809
2071,0.772653175991033,0.41515801111074785,0.009799063838764832,0.04726628699428903,3.088298479069007,2.1213922864993857,1.902336058464521,0.21905622803486458,1.5336761268357462,1.185962420604486,0.34771370623126,0.0847121656484634,0.060086506666303455,0.07437917555355557,1.1523718033053398,0.16775677538351788,0.008459442675379522,0.7862787641311458,0.41748048701369866,0.0015931510212069747,0.04809982009234533,3.1955339225130475,2.2009887630607214,1.9882325344653013,0.2127562285954203,1.5603498361398214,1.2073013880477461,0.35304844809207514,0.08214862598170872,0.05791479515405893,0.07209548837778738,1.1661698693293743,0.1584176180380139,0.008567960080383732
2072,0.7727262837154013,0.41482149036221505,0.009290056294143811,0.04727075977440135,3.094412358187638,2.1247190381121492,1.9064010759160568,0.2183179621960925,1.534839149350378,1.1880112822715811,0.34682786707879676,0.08451538629524365,0.0599198043553147,0.07419986171360507,1.1534157809351613,0.16773745687965086,0.008457229921680125,0.7863594116704605,0.41714180821636065,0.0010736021128371354,0.04810475412377302,3.201888811782328,2.204488718641579,1.9924923647093942,0.21199635393218486,1.5615706053520686,1.2093964470729337,0.35217415827913495,0.08195378450168109,0.057749734519060285,0.07191774146429353,1.167236396867133,0.15839818448791942,0.008565682879531793
2073,0.7728116117941105,0.4144820052038938,0.008766745207597224,0.0472759801165219,3.100545840430306,2.1281663496335566,1.910603296053237,0.21756305358031966,1.5359004911584204,1.189942544377069,0.34595794678135144,0.0843137762908168,0.05974900974141595,0.07401673778245155,1.1544879663863072,0.16771493800815185,0.00845506709659153,0.7864509364571567,0.4168005057721023,0.0005391561244357246,0.048110353554026736,3.2082485234791376,2.2080993394793507,1.9968780303080416,0.21122130917130924,1.5626854271509543,1.211370493171096,0.3513149339798582,0.08175481446862634,0.057581176366057855,0.07173679574445348,1.1683281707279407,0.15837569567826867,0.008563446885150313
2074,0.7729177681688918,0.41414953349104416,0.008229879505407614,0.047282474518903245,3.106676810874842,2.131713661465676,1.9149089450781052,0.21680471638757073,1.5368727644014006,1.191767865796737,0.34510489860466353,0.08411016031832985,0.05957651576472375,0.07383233498469291,1.1555734802934245,0.1676938153789652,0.008453091042846063,0.786562049249712,0.4164664945851474,-9.622198609546273e-06,0.04811715117248308,3.214590937469986,2.2117998854291945,2.001355625812537,0.21044425961665736,1.5637070717272903,1.2132353116574488,0.35047176006984143,0.0815544367906928,0.05741142572181836,0.07155509154122602,1.1694303828041672,0.1583544405490062,0.008561390511798689
2075,0.7730394377834863,0.41383403958130566,0.00773959295944078,0.04728991783059911,3.112671009467661,2.135239104129051,1.91917169744305,0.21606740668600116,1.537769041595039,1.1934993120246111,0.3442697295704277,0.08391125053205967,0.05940800864999361,0.07365254002555076,1.1566364965599365,0.1676772387436295,0.008451346972003988,0.7866875394573031,0.41614969266993923,-0.0005119242953393194,0.0481248282064238,3.220779422094573,2.2154661896559187,2.00577632382239,0.20968986583352867,1.5646487744045037,1.2150030982721831,0.3496456761323206,0.08135912696531059,0.057245968326429586,0.07137831290169423,1.1705073500900065,0.15833737626174121,0.008559562605670607
2076,0.773169583657633,0.4135393917602222,0.007354022074462355,0.04729787962784046,3.1184408761967073,2.1386585302238887,1.923293818694873,0.21536471152901593,1.538600024992232,1.1951470575018344,0.34345296749039766,0.08372103251474441,0.059246864797453655,0.07348080733741796,1.1576554676203175,0.16766411512384502,0.008449820325680035,0.7868205512331441,0.41585395016207505,-0.0009086582521311767,0.048132965325580375,3.2267258927335782,2.219013494177374,2.0100417313411185,0.20897176283625551,1.5655214048555137,1.2166841613924597,0.34883724346305395,0.08117268955874453,0.05708802723138693,0.07120975990403894,1.1715378267306462,0.15832353249723755,0.008557951659435629
2077,0.7733075471474611,0.41326714202813575,0.007082994030727423,0.04730631966027818,3.123971967169385,2.141953138555515,1.9272527185471353,0.21470042000837972,1.5393739392245351,1.1967192486222498,0.3426546906022855,0.08354048713626111,0.059093915154419224,0.07331797343448648,1.1586248072554781,0.16765320445699167,0.008448520272044397,0.786960652305721,0.41558081483535686,-0.0011896230326742738,0.04814153612727779,3.2324173159758454,2.2224241284939885,2.014130519039951,0.2082936094540373,1.5663333746165908,1.2182867969358941,0.3480465776806966,0.08099601455711186,0.056938356391513706,0.0710501910189705,1.1725165460451166,0.15831180088444002,0.008556568828929143
2078,0.7734384245419118,0.41301081159432884,0.006893964854787188,0.04731432618945603,3.1292177616596883,2.1450681040442885,1.9309945771494346,0.2140735268948539,1.5400980547315737,1.1982231845102538,0.3418748702213199,0.08337037104307465,0.05894980071656511,0.07316456972512103,1.1595401053321819,0.1676422587261952,0.00844729704040604,0.7870930334185796,0.41532379240964057,-0.0013873911075552234,0.04814963465047099,3.2378077875959184,2.2256436533942536,2.0179893127780626,0.20765434061619117,1.567092167616076,1.2198184748178558,0.3472736927982203,0.08082975760529093,0.05679751123864066,0.07090005314689729,1.1734395163477742,0.15830008551425223,0.008555265255636421
2079,0.7735423865680906,0.4127614907692072,0.006743710514921217,0.04732068616989865,3.1341142112346483,2.1479332048527273,1.9344511299633194,0.21348207488940807,1.5407759341667986,1.199663081271329,0.34111285289546966,0.08321152960928535,0.058815237645489876,0.07302118414768355,1.1603964571191363,0.16762825923033184,0.00844594873778386,0.7871978909556684,0.4150739601834494,-0.001545303923184936,0.04815604941899833,3.2428332391381436,2.2286016642501596,2.0215496591697057,0.20705200508045396,1.5678015575381845,1.2212835799684378,0.3465179775697468,0.08067466535935654,0.05666612430504897,0.0707598521292693,1.1743022281878823,0.15828555787845888,0.00855383957157404
2080,0.7736117968052789,0.4125141815877603,0.006609877595555216,0.04732493246231079,3.1386513963505975,2.150534022357163,1.9376118310955506,0.21292219126161274,1.541406818063737,1.201039565255047,0.34036725280869007,0.08306344410986329,0.05868978650148691,0.07288729973460054,1.1611963186930008,0.16760927452926974,0.008444385444819609,0.7872676084251258,0.41482630136573345,-0.001685786409588691,0.04816031451257238,3.247484509811846,2.2312842663132737,2.024801615027389,0.2064826512858846,1.5684609799754998,1.2226828947844572,0.34577808519104253,0.08053019221532022,0.05654373338042908,0.07062904800392547,1.1751073705953963,0.1582664115805546,0.008552201623354135
2081,0.7736587539193376,0.41227527415687326,0.006477756291444023,0.0473278051856781,3.1428586090489388,2.1529037794748724,1.9405065951386855,0.21239718433618715,1.541988495618419,1.2023520139102533,0.33963648170816585,0.0829260482864976,0.058573391153598525,0.07276295950251542,1.1619397377684335,0.1675874957936451,0.008442739619815152,0.7873144321648925,0.414587208781612,-0.0018238738939754598,0.04816317908355853,3.251792193395939,2.2337257274764184,2.0277762530500407,0.2059494744263776,1.569068403662975,1.2240159403458981,0.34505246331707695,0.08039627409954457,0.05643028418457706,0.07050768238250951,1.1758549862836505,0.15824471888965272,0.008550484869634892
2082,0.7737045309245746,0.4120553487185684,0.006352174726331414,0.04733060567494574,3.1467976241255564,2.1551072390373593,1.9431957911362039,0.21191144790115557,1.5425213968404448,1.2036018329893525,0.3389195638510921,0.08279892573106673,0.05846569884024155,0.0726479538390561,1.162628684647018,0.16756714039252293,0.008441238045405077,0.787359815210808,0.41436726148863967,-0.001955064487759249,0.04816595547932363,3.255819889809255,2.235992314408026,2.0305356145085334,0.20545669989949264,1.569624449729656,1.2252842753007218,0.3443401744289343,0.0802725241185722,0.05632544895935976,0.07039556642468994,1.1765469484484885,0.15822444328298652,0.008548917090902823
2083,0.7737647565465138,0.41186114325906753,0.006266242913873635,0.04733428997459154,3.1505282390547946,2.1572006644214667,1.945734553122259,0.21146611129920798,1.5430101633413151,1.2047936859325357,0.3382164774087794,0.08268124061320009,0.05836600148482113,0.07254163933086316,1.1632674419388644,0.1675515414043468,0.008440038962499955,0.7874194705286408,0.41417315241836256,-0.002046244815194602,0.04816960489758744,3.2596291766879073,2.238141698444193,2.0331364471893423,0.20500525125485058,1.570133967798852,1.2264927294985652,0.34364123830028664,0.08015813142388951,0.05622854079164899,0.07029207454811223,1.1771875402083618,0.15820869402440194,0.008547656316186243
2084,0.7738343986216836,0.41169025068389886,0.006244168843835232,0.04733855022723475,3.154040879179695,2.159167052751447,1.9481066257578665,0.21106042699358027,1.5434620983164864,1.2059342534218285,0.33752784489465787,0.0825731280407062,0.058274413544385395,0.072444069780567,1.1638550553476892,0.16754070478826474,0.008439090347684756,0.7874883250280381,0.41400239630831315,-0.0020729680050913663,0.04817381697729048,3.2632110471863682,2.240157163754105,2.0355629003179727,0.2045942634361321,1.5706044651246949,1.2276481468683955,0.3429563182562994,0.08005318277253765,0.05613963317797281,0.070197218842068,1.1777760521868115,0.15819744588183288,0.00854664968898481
2085,0.7738976741104954,0.4115370196434728,0.006290455062767708,0.0473424209328842,3.157271281220385,2.1609383090926553,1.9502425385254996,0.21069577056715585,1.5438827682091745,1.2070287426948854,0.33685402551428906,0.08247600483542482,0.05819213528446571,0.07235636648484545,1.1643836044957834,0.16753253569160703,0.008438243266559795,0.7875505805448798,0.4138492943494707,-0.0020304360326078574,0.04817762529320141,3.2665009370717777,2.2419701714202778,2.0377450620499653,0.20422510937031246,1.5710416836178331,1.2287558750218126,0.3422858085960206,0.07995898968903259,0.05605983718086982,0.0701120320114334,1.178304909426688,0.15818872817953386,0.00854574849723529
2086,0.7739472875481437,0.4114002180097051,0.006387696600404211,0.04734545583502192,3.1601744876321667,2.1624707963096976,1.9520951553993797,0.2103756409103178,1.5442740262103563,1.208079332232787,0.33619469397756924,0.08239123086931,0.05812031872530035,0.07227967938658901,1.1648454640321888,0.1675256819481405,0.00843744059879411,0.7875990777420235,0.41371263166106764,-0.001936016318253353,0.04818059191614694,3.269454150082931,2.243537224941025,2.039635933726408,0.20390129121461717,1.571447631365026,1.229818216356523,0.341629415008503,0.07987682800044933,0.05599023362166779,0.07003759264091917,1.1787667246409002,0.15818130596277064,0.008544897335711291
2087,0.7739796758222023,0.4112775670534896,0.006542952728649423,0.047347436989971105,3.1627456917970447,2.1637572193013006,1.953658866844445,0.2100983524568557,1.5446360810989497,1.2090868249525997,0.33554925614635006,0.08231858996470383,0.05805878073123735,0.07221378832376438,1.165241604024478,0.1675189920410224,0.008436640935466286,0.7876303689236381,0.4135901485281825,-0.0017824683411976489,0.048182505962649225,3.2720668719800856,2.2448518211260757,2.0412307648851034,0.20362105624097257,1.571822683776928,1.2308361070949825,0.3409865766819456,0.07980645474359319,0.05593061667325438,0.06997365770852967,1.1791626574400251,0.158174122646461,0.008544055601261868
2088,0.7739935680260933,0.41116854567512146,0.006716008682243056,0.04734828666413732,3.164979601000962,2.1647921721866332,1.9549282371420624,0.20986393504457068,1.5449684081534953,1.2100513638588997,0.33491704429459573,0.08225814798477568,0.05800757709848881,0.07215874473349092,1.1655714881620887,0.1675119742703289,0.008435832209276692,0.7876433632914337,0.41348137173659405,-0.0016103320832091678,0.04818330071684143,3.2743348704617383,2.245909431077171,2.0425250417784646,0.2033843892987065,1.572166489183963,1.231809828683274,0.34035666050068913,0.0797479068150232,0.05588101759267744,0.06992025377235148,1.1794923250433242,0.15816675071823683,0.008543212829843546
2089,0.7739882303223738,0.4110720141575897,0.006847832748128273,0.04734795996764175,3.1668817349096963,2.1655795789059047,1.9559088746783924,0.20967070422751238,1.5452702809433643,1.210972860231304,0.3342974207120605,0.08220950412970957,0.05796636828810174,0.07211418876895585,1.1658371579169797,0.16750450626888216,0.008435000661391932,0.7876374487913083,0.4133852011013628,-0.0014792222691737827,0.04818293873866551,3.2762646211483375,2.2467147399938057,2.0435251753326424,0.20318956466116322,1.5724785129238534,1.2327394458156953,0.33973906710815815,0.07970077891854593,0.05584109303186226,0.06987701694017356,1.179757865418864,0.15815909162511427,0.008542356184494539
2090,0.773964254995632,0.41098574643786284,0.006917353421652471,0.04734649313982518,3.1684799831055908,2.1661425204703852,1.956628863463808,0.20951365700657734,1.5455408989135027,1.2118511196417827,0.33368977927172,0.08217133118217457,0.057934029943314966,0.0720789449447107,1.1660457519180567,0.1674965268545515,0.008434132096163994,0.7876132292663218,0.4132994156448606,-0.001410486885255302,0.04818145697443106,3.27788497272184,2.2472915552877306,2.0442600510990756,0.20303150418865493,1.5727581513897297,1.2336249216227646,0.33913322976696525,0.07966377813106626,0.0558097476865283,0.0698428004362224,1.1799664550255327,0.15815107969664313,0.008541470926527054
2091,0.7739293944302631,0.4109084847833704,0.00695978078307008,0.04734436044325882,3.1698506989321267,2.1665485242732565,1.9571646116626962,0.20938391261056016,1.5457796600212792,1.2126860872694305,0.3330935727518488,0.08214083445697704,0.057908194536882174,0.07205058317281242,1.1662124700676144,0.16748820068306636,0.00843326681793959,0.7875784392844067,0.41322273842179374,-0.0013687066323683772,0.04817932859669559,3.279274093469131,2.2477088895731923,2.044807748533507,0.2029011410396851,1.5730049821040208,1.234466344935624,0.33853863716839694,0.07963419827579186,0.05578468900962816,0.06981524812467971,1.1801332792762986,0.15814285582046522,0.008540595686467369
2092,0.7738896697626194,0.4108376949062682,0.006983878305110443,0.04734193021306617,3.171071068198341,2.166863451076847,1.9575920739734027,0.20927137710344468,1.5459875729052042,1.2134789942249384,0.33250857868026573,0.08211503705761244,0.05788634018061351,0.07202649153018474,1.166353547034194,0.16747931864148982,0.008432423201144224,0.7875390920536015,0.4131526117556566,-0.0013451235720810528,0.048176921455417465,3.280511205753614,2.248034299660793,2.045246132452438,0.20278816720835505,1.5732201717505003,1.2352650733011756,0.33795509844932475,0.07960914512508474,0.05576346514618877,0.06979181755265342,1.1802746223088134,0.1581342104770011,0.00853974709613401
2093,0.7738530722484082,0.4107739293130909,0.006995072722535189,0.047339691278536905,3.172202548980514,2.16714125385181,1.957970592922248,0.2091706609295618,1.5461667495672076,1.214231956058266,0.33193479350894156,0.08209202321330998,0.05786684392266175,0.07200501481952784,1.1664794395426092,0.16747101658018926,0.00843165788197981,0.7875031998114145,0.4130895731302572,-0.0013344180814187645,0.04817472566338683,3.2816593235796883,2.248323022774458,2.045635988786252,0.20268703398820592,1.5734059729861707,1.2360233347934366,0.337382638192734,0.07958676222931393,0.055744503398472034,0.0697709028124608,1.1804009381009943,0.1581261939758687,0.00853898083908534
2094,0.7738210006023268,0.4107166777827727,0.006996088832521161,0.047337729172605925,3.1732651834221866,2.1673965589905095,1.9583169789554065,0.20907958003510307,1.5463206890601684,1.21494820446678,0.33137248459338825,0.08207114291677209,0.057849155107092196,0.07198557079981617,1.1665936917985047,0.16746407786814868,0.00843097577765731,0.7874721358828859,0.4130330859995428,-0.0013339278701951507,0.048172825200452185,3.282739046228668,2.2485900666117913,2.045994580490153,0.20259548612163805,1.5735660156498363,1.2367444657385147,0.3368215499113217,0.07956641343716446,0.055727264848686994,0.0697519329914101,1.1805158054334397,0.15811951841388022,0.008538301119818466
2095,0.773789285800955,0.410664572752852,0.006986580663388961,0.04733578884705952,3.174242591855147,2.1676104084633003,1.9586116656313086,0.2089987428319917,1.546452820274617,1.2156309262238385,0.33082189405077844,0.0820528349985832,0.057833645490755196,0.07196850583168092,1.1666938927689483,0.1674584859989982,0.008430338483769922,0.7874416830776055,0.412981757473579,-0.001343990358562669,0.048170962071969525,3.2837337086241916,2.24881611021317,2.0463019656109025,0.2025141446022674,1.57370384126143,1.237431743013289,0.33627209824814086,0.07954851354715196,0.05571210089483357,0.06973523417115503,1.1806168731803526,0.1581141516218427,0.008537669228922382
2096,0.7737500258184299,0.41061447298578196,0.006964990367912323,0.047333386914627795,3.175105798186791,2.167751602903429,1.9588234279166388,0.20892817498679037,1.5465653954073462,1.2162823702701524,0.33028302513719376,0.08203764549969722,0.05782077765413707,0.07195423796630931,1.166777043496083,0.16745309622836704,0.008429668645006227,0.7874038639909193,0.4129324218357696,-0.0013660706066452588,0.04816864827951223,3.284613737407136,2.248969326491125,2.046526248462214,0.202443078028911,1.573821793750808,1.238087488944922,0.335734304805886,0.0795335777490338,0.055699447981700054,0.06972119885648057,1.1807012222382525,0.15810900995843546,0.008537007391367741
2097,0.7737079839011436,0.4105715962768742,0.006933696955250271,0.04733081478458373,3.175839031118401,2.167810363987087,1.9589356854040578,0.20887467858302888,1.5466588610302976,1.2169033457143432,0.3297555153159544,0.08202697031916914,0.05781173413795951,0.07194404607914079,1.1668354911515093,0.16744906666812398,0.008429040443226107,0.7873635264568775,0.41289032594675446,-0.0013977936230604726,0.04816618040694477,3.285362985557396,2.2490395790386146,2.0466504189281616,0.20238916011045302,1.5739203871739114,1.2387125666292342,0.335207820544677,0.07952297492140153,0.0556904657595289,0.06971108194093534,1.1807611107085099,0.15810520281792614,0.008536391284143668
2098,0.7736684811737374,0.4105397505631306,0.006896010646979284,0.047328397988776555,3.1764468047247223,2.167793120728737,1.9589514102067944,0.20884171052194234,1.5467345717074967,1.2174953945179279,0.3292391771895689,0.08202132056982339,0.05780694793322292,0.0719384210696073,1.1668664272039493,0.16744739751258328,0.008428520022418203,0.7873260596209207,0.4128592999104827,-0.0014358607311696706,0.04816388814721819,3.285986050612534,2.2490333379300056,2.0466774704622868,0.20235586746771883,1.574001053747896,1.2393085801502473,0.33469247359764864,0.07951721358027307,0.055685585019426886,0.06970537131372212,1.1807936561301737,0.15810368345320386,0.008535887936406791
2099,0.7736324623770624,0.4105182337942275,0.006853875093069645,0.047326194332729596,3.17694658310687,2.1677128346858243,1.9588857730853204,0.20882706160050368,1.5467948107714944,1.2180608100215495,0.3287340007499449,0.08202007217730443,0.05780589035317436,0.07193680504891808,1.1668732632740264,0.16744796978292262,0.008428107732732674,0.7872923978369439,0.4128386390070955,-0.001478314815409304,0.048161828670462634,3.2865007673947524,2.248963835625695,2.046622877752566,0.20234095787312914,1.5740661602972905,1.2398778896421865,0.33418827065510404,0.07951568936027623,0.05568429377117461,0.06970352589780572,1.1808022667560276,0.15810433671907612,0.008535497295972794
2100,0.7735978546336029,0.41050279292965836,0.006809518701750325,0.047324077019715444,3.177368910287924,2.1675907652294844,1.9587670543682436,0.2088237108612408,1.546841822169757,1.2186018559196805,0.3282399662500765,0.08202158893937578,0.05780717528341922,0.0719377150763981,1.1668649577038543,0.16744968223495685,0.008427754901409406,0.7872603865647813,0.41282406614016115,-0.0015228719419022874,0.04815987018436268,3.28693827399255,2.2488527898327164,2.046515456740715,0.20233733309200172,1.5741180238349504,1.2404228172518352,0.3336952065831151,0.07951680922468835,0.055685242468192064,0.06970410010646005,1.180795940438978,0.15810611188913584,0.00853516913808437
2101,0.7735676423526061,0.4104917579652402,0.006766143495644944,0.0473222286200147,3.177757710423481,2.167463210498028,1.9586374146525767,0.20882579584545147,1.5468772108795021,1.2191202957709044,0.32775691510859783,0.08202418217240023,0.05780937214976233,0.07193966235160915,1.166850757874464,0.1674524241367559,0.00842746711385015,0.7872329555747366,0.4128138946096136,-0.0015663567371017872,0.04815819191678168,3.2873432404724277,2.248737117962355,2.0463980743935957,0.2023390435687596,1.5741582987644116,1.240945166078832,0.3332131326855796,0.07951894155515342,0.055687048879334816,0.06970565366386049,1.1807838947402713,0.15810888883826613,0.008534907708407273
2102,0.7735461777677963,0.4104845149540588,0.006726443412341188,0.04732091536992802,3.178157206203218,2.1673674645925907,1.9585389643494637,0.20882850024312682,1.546903018262073,1.2196182418537544,0.32728477640831877,0.08202633427146959,0.057811195307946706,0.07194131935783829,1.1668389739154996,0.1674566282121055,0.00842726759108,0.7872143988372504,0.41280749196435607,-0.0016061602250565798,0.04815705653990576,3.2877605117768685,2.2486546317403935,2.046313436530438,0.20234119520995533,1.5741890600029178,1.2414470752464302,0.3327419847564876,0.0795206260244364,0.05568847588332515,0.0697069076027708,1.180774379270097,0.15811305296967965,0.008534734936936374
2103,0.7735368205314671,0.4104796404681395,0.006692314614007128,0.04732034278400082,3.17861262808665,2.167340465749517,1.958514305174954,0.2088261605745629,1.546921951989425,1.220098322911696,0.32682362907772905,0.08202638059101383,0.05781123454770913,0.07194121743422292,1.1668387202990727,0.16746251395099193,0.00842716640295382,0.787207974626911,0.4128034013663017,-0.0016404864938388206,0.048156663366745095,3.2882358192241212,2.248642673883862,2.0463046308879047,0.20233804299595715,1.574213033770076,1.2419311883362167,0.33228184543385914,0.07952025968606044,0.055688165538500464,0.06970644575160315,1.1807764486846863,0.15811878129374188,0.008534659125413426
2104,0.7735404021194218,0.4104776992756907,0.006663991892207427,0.04732056171560464,3.1791276870050993,2.1673834829345022,1.9585642284405747,0.20881925449392735,1.546937120896776,1.2205634585645246,0.32637366233225135,0.08202438520524723,0.05780954414974224,0.07193940820758718,1.1668496461590883,0.16747083907191554,0.008427173630267805,0.7872144311445415,0.4128021682997272,-0.0016692066747053813,0.048157058156567414,3.2887723502124047,2.2487020257468138,2.04637192811054,0.20233009763627383,1.5742333253184506,1.2424004221018645,0.33183290321658615,0.07951792006990516,0.055686183524566946,0.06970433138491286,1.1807896651716823,0.1581267610515287,0.00853468969251665
2105,0.7735522925638266,0.41047828866196223,0.0066390617747601535,0.04732128894206939,3.179671581251275,2.1674659095186426,1.9586551679169397,0.20881074160170277,1.5469514892309826,1.2210164133343353,0.3259350758966473,0.08202141464151845,0.05780702762638538,0.07193679592128471,1.166865912159411,0.16748138508652907,0.0084272558301432,0.7872290629244966,0.4128033802006221,-0.0016947443279002813,0.04815795306836451,3.2893381498021013,2.2488010473943674,2.046480624640141,0.2023204227542267,1.574252879015514,1.2428575251619605,0.3313953538535534,0.07951464782574312,0.05568341143158562,0.06970144761858307,1.1808081507189208,0.1581367763560009,0.008534793164975062
2106,0.7735713225541383,0.41048009309806427,0.006617754157209707,0.04732245296346546,3.180250485339237,2.167590438598788,1.9587915569718226,0.20879888162696536,1.54696679882065,1.2214589283674142,0.32550787045323576,0.08201710823354769,0.05780337943794975,0.07193304353356968,1.1668894939325352,0.16749310480859497,0.008427394509879296,0.7872506367989852,0.4128057112589122,-0.0017168219013695973,0.04815927269590266,3.2899391578010846,2.248942234305469,2.0466349455311006,0.20230728877436813,1.5742734036988617,1.2433042122699838,0.33096919142887793,0.07951009923743077,0.05567955807923437,0.06969747248734029,1.1808338478415732,0.1581478446906752,0.008534950372430017
2107,0.7735956472548866,0.41048124157435717,0.006601479707433189,0.047323940930894995,3.180870599995443,2.1677595644189838,1.9589782165022567,0.20878134791672723,1.5469843834494126,1.2218923834931865,0.325091999956226,0.08201100316784299,0.057798207510381845,0.07192771934894951,1.166922927249053,0.16750522745020605,0.008427562184664558,0.78727723747839,0.41280727926990113,-0.0017339926669263372,0.04816089988029486,3.2905813479820596,2.249127896002585,2.046839518697385,0.20228837730520022,1.5742961906887727,1.243741829284675,0.3305543614040978,0.07950383010181455,0.05567424715927236,0.06969199089716861,1.180869267552822,0.15815923557284936,0.008535133050296122
2108,0.7736240566552673,0.41048160134368095,0.006592009170328386,0.04732567882285077,3.181524403986024,2.1679655293736695,1.9592066723585129,0.20875885701515645,1.5470050745554487,1.2223177316275113,0.3246873429279373,0.08200336419305163,0.05779173612641565,0.07192104698988164,1.1669647642900032,0.16751754843947742,0.008427749881914134,0.7873076335282654,0.41280795764414724,-0.0017444502772045456,0.04816275928948871,3.2912567589060573,2.249349922427899,2.047085471630446,0.20226445079745298,1.5743220191155733,1.2441712872756114,0.3301507318399619,0.07949610361266997,0.05566770163721857,0.06968522575502685,1.1809129249379875,0.15817075728916624,0.008535332274462067
2109,0.7736599157003099,0.4104814233989397,0.006593054708832549,0.04732787248694194,3.182237427700321,2.168230948917752,1.9595017778847457,0.20872917103300603,1.5470293784309577,1.2227356498155755,0.32429372861538225,0.08199339534996593,0.0577832909864501,0.07191234053717338,1.1670193674501872,0.16752994097395266,0.00842798154916823,0.7873451845896526,0.41280799883861435,-0.001744460808264181,0.048165056446679275,3.2919912807926974,2.249631291307426,2.0473980585941525,0.2022332327132737,1.5743513439096692,1.244593222198545,0.32975812171112423,0.07948615626397143,0.055659274706297585,0.06967651882102326,1.1809691372047562,0.1581822931492069,0.008535571571167092
2110,0.7737070502324789,0.4104813701072024,0.0066072617442384796,0.04733075594079865,3.1830350946147665,2.168578306262985,1.959887788866637,0.20869051739634792,1.547058423727924,1.2231473057481295,0.3239111179797945,0.08198038784679229,0.05777227163506106,0.07190099287878504,1.1670906246056862,0.16754297368992194,0.008428287527356065,0.7873936961104518,0.41280805605858123,-0.0017314361002163173,0.04816802412191465,3.2928106399162487,2.249994783384899,2.0478018760011514,0.20219290738374768,1.574385246436633,1.245008763915097,0.329376482521536,0.07947330964701009,0.055648391650220806,0.06966528871274356,1.1810417435803182,0.15819436671935916,0.008535880717284516
2111,0.7737617224129176,0.41048202894305785,0.0066324627186656465,0.047334100496147787,3.1838822831555045,2.1689750640204575,1.9603279091267847,0.2086471548936727,1.5470939914016275,1.2235543740287198,0.32353961737290765,0.08196567698533325,0.05775980927779779,0.07188815911609994,1.1671712267980396,0.16755721645327493,0.008428648363190589,0.7874494002583755,0.4128087120371156,-0.0017075845563862824,0.04817143179223286,3.293678705450121,2.2504069818478585,2.048259155730655,0.20214782611720353,1.57442546101506,1.2454195497194662,0.32900591129559387,0.0794588598029966,0.05563615041479107,0.06965265768718576,1.181123425069259,0.15820750111637613,0.008536240699441804
2112,0.7738134795412871,0.41048252711399913,0.006662600325388901,0.04733726672371136,3.184703709997211,2.169351786631015,1.9607459441058568,0.20860584252515801,1.5471369367440482,1.2239577658913543,0.32317917085269376,0.08195168783381943,0.0577479583196156,0.07187591838228838,1.1672478882321506,0.16757189972503464,0.008428988880698336,0.787501819242014,0.4128090999416151,-0.0016788852321851788,0.04817463849360809,3.29451847726733,2.2507969464309414,2.0486920247990303,0.20210492163191127,1.5744727949652293,1.2458264524682996,0.3286463424969297,0.07944514847286455,0.0556245348139552,0.06964063525457817,1.1812009456322299,0.158220979565088,0.008536577450937811
2113,0.773853287066195,0.4104815195928689,0.006692416885908534,0.04733970197617309,3.1854389254392426,2.169653511068296,1.9610822971250763,0.20857121394321979,1.547185938977901,1.2243566283141663,0.32282931066373466,0.08194020842081551,0.05773823349510919,0.07186580106706011,1.1673108060107114,0.16758543183802463,0.008429239233626162,0.7875419309872991,0.41280789666580636,-0.0016504466563550466,0.048177092342082076,3.295268295900612,2.2511086816276444,2.049039715315079,0.20206896631256577,1.574525879317109,1.246228580585533,0.328297298731576,0.07943389869738895,0.05561500452767666,0.06963069767104445,1.1812645591279016,0.1582333331792797,0.008536822290357016
2114,0.7738769781084336,0.41047757047101424,0.006719011146231711,0.04734115137786864,3.1860668982967177,2.1698618812467187,1.9613181454364241,0.2085437358102948,1.54723800249335,1.2247487528602936,0.32248924963305653,0.08193163923575963,0.057730974080293894,0.0718581440020239,1.1673577788485672,0.16759635606671866,0.008429360466505173,0.7875656069526781,0.4128036937261706,-0.0016250546751665554,0.04817854080721337,3.2959068858552554,2.2513236679431863,2.049283192923355,0.20204047501983147,1.574581677582858,1.2466236929319003,0.3279579846509578,0.07942549157970984,0.055607882408801226,0.0696231659196773,1.1813121042627581,0.15824322184146106,0.00853693694094295
2115,0.7738858842279863,0.4104704920925027,0.006742322654834404,0.04734169639418956,3.1865978551290044,2.169988299498139,1.9614663638569099,0.20852193564122956,1.547289597865702,1.2251314912720945,0.32215810659360744,0.081925515523874,0.05772578635654921,0.07185255645741115,1.1673913496112702,0.1676041457232458,0.008429359691246446,0.787574247322881,0.4127963354243255,-0.0016027304050591357,0.048179069552376816,3.29644494165733,2.251453781353618,2.0494358237057106,0.20201795764790714,1.5746366312151079,1.2470091179516194,0.3276275132634884,0.07941947601838571,0.055602786305179494,0.06961766087603172,1.1813461273970471,0.15825017338950956,0.008536928991017604
2116,0.7738823374363548,0.4104601798340663,0.006763256862844298,0.04734147967137335,3.1870498190222243,2.1700508276703,1.9615471357111796,0.20850369195912075,1.547337814924729,1.2255026833110447,0.32183513161368427,0.08192114081440377,0.05772208030626162,0.07184844634382881,1.1674153337196094,0.16760879229375314,0.008429251201836083,0.7875702493766019,0.4127857411870733,-0.0015825687133864882,0.048178825216437106,3.2969011610104126,2.251517723562047,2.0495184755926124,0.20199924796943478,1.5746878175581733,1.2473826854178005,0.3273051321403729,0.07941517497234721,0.05559914265912334,0.06961360676964412,1.181370455049121,0.15825419163996365,0.008536813005120892
2117,0.7738706034299548,0.4104473126251939,0.006783781900386435,0.047340762137252156,3.1874489012437013,2.1700750356895053,1.961588128325178,0.2084869073643275,1.5473805009195272,1.2258607729185234,0.3215197280010037,0.0819176933978584,0.05771915981538872,0.0718451217165916,1.1674342348988294,0.1676107485371221,0.008429068343749822,0.7875579482513677,0.4127726073198231,-0.0015626276465281058,0.0481780729752609,3.2973025207483238,2.2515418593270415,2.0495596800232807,0.20198217930376075,1.5747330856776762,1.247742840725043,0.32699024495263324,0.07941179089625026,0.055596275827330836,0.06961033166117592,1.1813895970365507,0.15825570861650615,0.008536622506644727
2118,0.7738546697161625,0.4104331927564818,0.0068056337190161575,0.047339787691665275,3.187813162954395,2.1700790892384263,1.9616080992541252,0.20847098998430127,1.5474165715135655,1.22620506370027,0.3212115078132955,0.08191475166098433,0.05771666771280171,0.07184224112657567,1.1674503642163492,0.16761089567062054,0.008428847817418593,0.7875413920929432,0.4127582456036573,-0.0015412203824783227,0.048177060438261296,3.297667738462024,2.2515449432979846,2.0495788385644604,0.20196610473352394,1.5747713667601824,1.2480888998975637,0.32668246686261865,0.07940891393644813,0.05559383860086481,0.0696075034347163,1.1814058711636453,0.15825555218287096,0.00853639445269664
2119,0.7738348863493683,0.4104193534062084,0.006828649656720899,0.04733857771855461,3.188129178794983,2.1700523842534,1.9615935867527248,0.20845879750067522,1.5474458483054414,1.226535592042258,0.3209102562631835,0.08191301466422864,0.05771519620998083,0.07184043109806316,1.1674598883004301,0.16761014813515374,0.008428604603098824,0.7875209847573496,0.4127441982576728,-0.001518537990770119,0.048175812280762814,3.2979833510887375,2.251516327600239,2.0495624308886304,0.2019538967116085,1.5748025085027528,1.2484209202001073,0.3263815883026455,0.07940721733130754,0.055592401315940614,0.06960572625377015,1.181415468631271,0.1582545808332776,0.00853614459719806
2120,0.7738087042271024,0.4104064644966055,0.006850313410496571,0.04733697626882061,3.188369073095485,2.1699703886494857,1.9615165991121404,0.20845378953734534,1.5474682407447709,1.2268524739833446,0.3206157667614263,0.08191353141227661,0.05771563397488037,0.07184060775535958,1.167457054873818,0.1676087618020736,0.008428327692100796,0.787494218822603,0.4127311422398281,-0.0014970847907682105,0.048174175103561256,3.298221171221704,2.2514311818628,2.0494821261510183,0.20194905571178184,1.5748264546039472,1.248739045070686,0.3260874095332613,0.07940770864368552,0.05559281753292421,0.06960588088598303,1.1814126892826233,0.15825303977258878,0.008535862785625412
2121,0.7737731418637644,0.4103945960421891,0.006867263173463173,0.047334800958577394,3.188507426533718,2.1698105464120063,1.9613519973995368,0.20845854901246952,1.5474831575157144,1.2271554291341813,0.3203277283815332,0.08191715890461451,0.057718707017584955,0.07184351465624003,1.1674371653288613,0.16760651600431994,0.00842799829273171,0.7874581545538101,0.41271915705425005,-0.0014801883434736318,0.04817196907689542,3.298355558099635,2.2512667319359676,2.0493125326515664,0.2019541992844013,1.5748426529080732,1.2490430254480684,0.3257996274600048,0.07941120801407325,0.05559578203667469,0.06960867951707239,1.1813928940647407,0.15825073270755816,0.008535531004149126
2122,0.7737278694456983,0.4103837028921841,0.006877951257546762,0.04733203162342881,3.1885413192334946,2.1695708240395692,1.961097571627342,0.20847325241222722,1.5474894701368962,1.2274437476061526,0.3200457225307437,0.08192396512676087,0.05772447293226214,0.07184921414275822,1.1673998492289144,0.1676031569697853,0.008427613881241577,0.7874125001752965,0.41270820583922985,-0.0014693703227630084,0.04816917636332549,3.298383814310904,2.2510211213204796,2.0490516279918456,0.201969493328634,1.5748500185280283,1.2493321863190583,0.32551783220896996,0.07941777479879186,0.055601345111105246,0.06961417689499858,1.181355749491549,0.1582474320065136,0.008535147075535114
2123,0.7736699736507037,0.41037312275544646,0.006880320713272325,0.047328490048676904,3.1884533134252524,2.1692354770456435,1.9607365533991752,0.20849892364646827,1.547486097012346,1.2277167600260772,0.31976933698626875,0.08193440928463736,0.05773332073679985,0.07185809747812855,1.167342593722839,0.16759845799074383,0.008427150026993098,0.7873543724566661,0.4126976378754391,-0.0014666568414001963,0.04816562058894777,3.2982883993785266,2.250678490774816,2.0486825035940983,0.20199598718071776,1.5748475167102847,1.2496058957844283,0.3252416209258563,0.07942784548657131,0.05560987652915601,0.06962274504717109,1.1812987913001785,0.15824293141797421,0.008534687088858007
2124,0.7736009844042473,0.4103622076249622,0.006874063600182938,0.04732426984436716,3.1882618006317833,2.1688213605069904,1.9602883804087285,0.2085329800982617,1.5474714820412525,1.2279734202230548,0.3194980618181978,0.08194773551820062,0.05774461010174298,0.07186950829401842,1.1672695492158685,0.1675920281761419,0.008426611282771702,0.7872853412229919,0.4126868160239676,-0.0014723377117505654,0.048161397804609436,3.2980883975549906,2.250256294859828,2.048225251340466,0.20203104351936194,1.5748336395305895,1.2498631462145244,0.32497049331606503,0.07944068257923259,0.05562075151668901,0.06963374293344371,1.1812261972284759,0.15823687387745008,0.008534155561497565
2125,0.773528396614349,0.41035110475352965,0.006861913156343172,0.047319829506083,3.1880258648237843,2.1683824036923456,1.9598128127641434,0.20856959092820215,1.5474445307179767,1.2282130520596408,0.3192314786583358,0.08196195813064967,0.05775665883716548,0.07188173751291427,1.1671916046672508,0.16758420050288145,0.008426047559744144,0.7872129337964936,0.41267588851438514,-0.001483743490253396,0.0481569684887128,3.297844345180685,2.249809733975985,2.047741042637722,0.20206869133826297,1.574807343822129,1.2501033025429629,0.3247040412791661,0.07945436497981828,0.05563234260975944,0.06964551553412583,1.181148835817898,0.15822957172922783,0.00853360162004928
2126,0.7734600532472691,0.41034063012812205,0.006847228164090391,0.047315648796799614,3.187801584357781,2.1679693319146742,1.9593653180874282,0.20860401382724608,1.5474057569690487,1.228436266270353,0.31896949069869573,0.08197534124171584,0.05776799638608231,0.07189329538801785,1.1671182733400718,0.16757611265660868,0.008425516589238057,0.7871449968653517,0.4126656596816419,-0.0014976435597459647,0.04815281263187282,3.297613526050922,2.249390568908633,2.0472865083964362,0.2021040605121971,1.5747691961992147,1.2503270176544858,0.3244421785447288,0.0794672176075506,0.05564323075788168,0.06965662385404273,1.18107617812886,0.15822207676916566,0.008533082048348717
2127,0.773397280150367,0.41033128047829676,0.006830545794127771,0.047311808798916354,3.187596332346592,2.1675876296450145,1.9589514461148672,0.20863618353014723,1.5473571919215976,1.228644886231725,0.31871230568987263,0.08198777700020836,0.05777853138198345,0.07190408819252109,1.1670501437743699,0.167568765054315,0.008425031109717823,0.7870828376861907,0.41265661213324034,-0.0015135905844567976,0.04814901017926948,3.2974034124500915,2.249004324783143,2.0468672589937533,0.20213706578938961,1.5747212759523639,1.2505361534563382,0.3241851224960257,0.07947913726552443,0.05565332853743995,0.06966697784197168,1.181008805137316,0.1582153083646853,0.008532609292931783
2128,0.7733409224356873,0.410323384198727,0.006811982871234176,0.04730836121226993,3.1874153875069577,2.167240688655738,1.9585746057570081,0.20866608289872957,1.5473009287595114,1.2288407817499496,0.3184601470095617,0.08199920247891648,0.057788210515864274,0.07191405835679054,1.1669875582530926,0.1675624706631669,0.008424599341179508,0.787027284319584,0.41264906079701386,-0.0015314975398819791,0.04814561178772506,3.2972193553513125,2.2486544165933293,2.046486743893479,0.20216767269985017,1.5746657158943655,1.2507326114578332,0.32393310443653234,0.0794900629761437,0.05566258429105243,0.06967652140570961,1.1809470590582296,0.15820955124478706,0.008532191319596014
2129,0.7732915872587793,0.4103171445341247,0.006791882021891418,0.047305343182418164,3.1872633783434634,2.1669312243832652,1.9582375915299992,0.208693632853266,1.5472390203706976,1.2290257868134642,0.3182132335572335,0.08200955530639936,0.05779698094954254,0.07192314714519388,1.1669308560207057,0.16755740643288067,0.008424226920511646,0.7869789224862459,0.4126431959451245,-0.0015510379990900242,0.048142653291532625,3.2970660075922007,2.248343545662038,2.0461477561402175,0.2021957895218205,1.574604601168846,1.250918251451983,0.323686349716863,0.07949993496730429,0.055670947382574006,0.06968519792163907,1.1808912753089624,0.1582049645543505,0.008531833487426628
2130,0.7732497080679342,0.4103126639936652,0.006770853748087911,0.04730278122971409,3.187144513714871,2.1666615391916686,1.9579428493269995,0.2087186898646689,1.5471734357853841,1.2292016643878716,0.3179717713975125,0.08201876867414917,0.05780478608595929,0.0719312908575294,1.1668804006700273,0.16755368641697171,0.008423917521206609,0.7869381596591718,0.41263910744890814,-0.0015716114889900434,0.0481401596219995,3.2969475576446254,2.248073965730843,2.0458527014456926,0.20222126428515041,1.5745399255492103,1.2510948561989328,0.32344506935027756,0.07950868996731955,0.05567836421117602,0.069692946665148,1.1808418091398463,0.15820164855888064,0.00853153916364806
2131,0.7732155346313182,0.4103099566935732,0.0067496859115989405,0.04730069063873596,3.1870623486518794,2.166433343138591,1.9576922637490637,0.20874107938952738,1.5471060338204328,1.2293700849028157,0.31773594891761703,0.0820267805202994,0.05781157334918928,0.07193842903847573,1.166836529891477,0.16755137529783493,0.008423672890543094,0.7869052157894925,0.41263679719403784,-0.0015924358655660387,0.048138144239634424,3.296867495019122,2.2478473035384274,2.045603385231753,0.20224391830667443,1.5744735649261237,1.2512641097873687,0.32320945513875504,0.07951626998099409,0.055684785646027815,0.06969971066792627,1.180798986092846,0.15819965718010512,0.00853130977048638
2132,0.7731891093414786,0.41030895802874556,0.006729221795773059,0.04729907400852962,3.1870194669230436,2.166247496810562,1.957486861772249,0.2087606350383131,1.5470385373646534,1.2295326051507947,0.31750593221385875,0.08203354510948979,0.05781730399436358,0.07194451471650169,1.1667994921366895,0.16755049013550666,0.008423492775326079,0.7868801006588044,0.4126361889986781,-0.0016126701049726452,0.048136607748492696,3.2968282921605097,2.247664301296691,2.04540071562831,0.20226358566838143,1.5744072515914098,1.2514275765321998,0.3229796750592099,0.07952263335389437,0.055690176399431565,0.06970544651599694,1.180763039565593,0.158198999805543,0.008531144725500634
2133,0.7731702548737749,0.41030953022188793,0.006710250058688069,0.04729792049752572,3.187017298510076,2.1661038731407647,1.9573266531332472,0.20877722000751764,1.5469725054964838,1.229690645376829,0.3172818601196548,0.08203903934053121,0.05782195845122973,0.07194952003822876,1.166769412167786,0.16755099859061257,0.008423374887296622,0.786862602730194,0.41263713446366673,-0.001631524852734309,0.04813553721405424,3.2968312250845337,2.24752468150054,2.045244546853668,0.20228013464687167,1.5743425465640297,1.2515866782308658,0.3227558683331639,0.07952776071928595,0.05569452006479115,0.06971012967446341,1.1807340772996806,0.1581996398648481,0.008531041420322063
2134,0.7731585938430701,0.4103114686798013,0.0066934421893282275,0.04729720702588665,3.1870561902742414,2.1660014476709812,1.957210723657721,0.20879072401326032,1.5469093059215904,1.2298454666165204,0.31706383930507,0.08204326064574935,0.057825534544573565,0.07195343465058837,1.1667463026280096,0.16755281904619274,0.008423315083361915,0.786852310056241,0.4126394195993635,-0.0016483253457557842,0.048134907442119866,3.296876453061323,2.2474272452652175,2.045133781219142,0.2022934640460753,1.5742808124536656,1.2517426718421807,0.32253814061148495,0.0795316528148436,0.055697817267030277,0.06971375279297055,1.180712093778959,0.158201495169661,0.008530995410111876
2135,0.7731536022553194,0.4103145187407013,0.006679343570285476,0.04729690154508697,3.1871356477007016,2.1659385481434428,1.9571374942394715,0.20880105390397144,1.5468500940980452,1.22999815346123,0.31685194063681504,0.08204622096107014,0.05782804238595608,0.07195626081295461,1.1667300970904901,0.16755582788568163,0.008423307851690327,0.7868486650454918,0.41264278178804153,-0.0016625208330730001,0.04813468432882914,3.296963272927402,2.2473701329848614,2.04506664016897,0.20230349281589155,1.574223193219547,1.2518966327584318,0.3223265604611153,0.07953432452974782,0.0557000806195698,0.06971632087202459,1.1806970038868077,0.1582044449049763,0.008531000906865038
2136,0.7731546705916998,0.41031840003563597,0.0066683916707953456,0.04729696677428859,3.187254568346695,2.16591309479837,1.9571049611520674,0.20880813364630235,1.5467958051393047,1.2301496071946274,0.31664619794467724,0.08204794253750075,0.05782950082539513,0.0719580101607111,1.166720672996741,0.16755987250457108,0.008423346910529813,0.7868510267912668,0.4126469342724859,-0.0016736669500437007,0.048134828673179565,3.297090364550334,2.247351074970296,2.0450409159417977,0.20231015902849828,1.5741706069066908,1.2520494486085365,0.32212115829815435,0.07953580074644498,0.0557013312016604,0.06971784803873321,1.180688666397617,0.15820834192167024,0.008531051385183147
2137,0.7731611423159578,0.410322830423189,0.006660929716288011,0.047297362555596835,3.1874113058376388,2.165922678194646,1.9571107562980496,0.20881192189659623,1.5467471587437143,1.2303005495395891,0.31644660920412504,0.08204845974864423,0.05782993898260766,0.07195870559251522,1.1667178417538464,0.16756478515936418,0.008423425656705414,0.7868587106067837,0.4126515901266021,-0.0016814125046535414,0.04813529859515548,3.2972558626878508,2.247367475662639,2.045054038883813,0.2023134367788263,1.574123751574275,1.252201823804038,0.32192192777023704,0.07953611797027005,0.05570159993892309,0.06971835927059533,1.1806868747611796,0.1582130257570421,0.00853114003858245
2138,0.773172316426108,0.41032754513902664,0.006657201209978335,0.047298046009879566,3.1876034967688662,2.165964413559596,1.9571519643988255,0.2088124491607707,1.5467046713325345,1.2304515323700407,0.31625313896249385,0.08204782832091548,0.05782940406641911,0.07195838947315185,1.1667212981866215,0.1675703936243948,0.008423537340701732,0.7868709913743228,0.41265648139761696,-0.001685505100724155,0.04813604974033527,3.2974571860963007,2.247416269166616,2.0451028959617243,0.20231337320489162,1.5740831185382043,1.2523542901345766,0.32172882840362765,0.07953533312358149,0.05570093505333111,0.06971789821865051,1.180691307410477,0.1582183326540142,0.008531259964277105
2139,0.7731874234377538,0.4103323106359347,0.0066573268406235064,0.047298970067508446,3.187827726440829,2.16603464520115,1.957224779403283,0.20880986579786695,1.546668667484503,1.2306029470375457,0.3160657204469572,0.08204613912585543,0.05782797305897035,0.07195713570363137,1.1667305449961298,0.167576526714471,0.008423675025071966,0.7868870802046808,0.41266137296475275,-0.0016858140031968116,0.048137033851992014,3.2976907015791905,2.247493621332519,2.045183484561848,0.20231013677067092,1.5740490049592486,1.2525072170173424,0.3215417879419062,0.07953353675041638,0.055699413249579235,0.06971653877204047,1.180701453139176,0.15822410081161134,0.008531404133026343
2140,0.7732056000680714,0.4103369315231146,0.00666127644571865,0.047300081919818535,3.1880792526051227,2.166128700482666,1.9573242235251407,0.20880447695752524,1.5466392854236033,1.230755029079982,0.3158842563436213,0.08204352874045914,0.057825761661935995,0.07195505892316746,1.166744834874853,0.1675830146480744,0.008423831477408952,0.7869060997095343,0.4126660695258865,-0.0016823577365832898,0.048138197258551854,3.2979514468982054,2.247594682181345,2.0452906297536977,0.20230405242764737,1.5740215205042605,1.252660817144508,0.3213607033597526,0.0795308631030318,0.055697148259932265,0.06971439385252023,1.180716554055035,0.1582301708417359,0.008531565291598334
2141,0.7732258865684213,0.41034125286828677,0.00666885158059774,0.047301322856183575,3.1883519591204696,2.166240850091721,1.9574441005754197,0.20879674951630128,1.5466164768948572,1.23090785854505,0.31570861834980724,0.0820401813502795,0.05782292590874545,0.07195231618779431,1.1667631599729569,0.16758968774937097,0.008423999172378556,0.7869270818373207,0.41267041795186654,-0.0016753212102298617,0.048139480741449955,3.298233087856153,2.247713548464203,2.0454179401103953,0.2022956083538075,1.5740005883957415,1.2528151477457576,0.32118544064998394,0.0795274918826771,0.055694292318926336,0.06971161694959914,1.1807355956316024,0.15823638466463633,0.008531735969437605
2142,0.7732472651844824,0.4103451637211533,0.006679695117082454,0.04730263061699569,3.188638632386766,2.166364560317266,1.9575772724107734,0.20878728790649267,1.5466000065190557,1.2310613599759928,0.31553864654306296,0.0820363199494154,0.05781965470962233,0.0719490994227705,1.1667842999348488,0.16759637795731086,0.008424170571416688,0.7869490067573194,0.41267431082664235,-0.001665046229070627,0.048140821914044396,3.2985282040777584,2.247843523534894,2.045558092578105,0.20228543095678939,1.5739859459236316,1.2529701114996536,0.32101583442397796,0.07952363967604556,0.055691028908729207,0.06970839476564333,1.1807573549403063,0.15824258698208715,0.008531908756804407
2143,0.7732687475497736,0.4103486060527217,0.006693333209581417,0.047303944739975456,3.1889315865043804,2.1664930588770828,1.957716277838475,0.208776781038608,1.5465894589040465,1.2312153086659055,0.31537415023814097,0.08203218687261948,0.05781615335929214,0.07194561870753492,1.166806928352879,0.1676029263119542,0.008424338765446671,0.7869708905155662,0.41267769528824827,-0.001651990275241405,0.048142160583978244,3.298828929587382,2.247977696146178,2.0457034658985274,0.2022742302476507,1.5739771526827324,1.2531254636888545,0.32085168899387795,0.0795195411280567,0.055687556809597555,0.0697049310330278,1.1807805068728867,0.15824863224615535,0.008532076938558699
2144,0.7732894964075909,0.41035159131034044,0.006709237868625081,0.047305214006303664,3.189223501721837,2.1666200880938673,1.9578541513442504,0.208765936749617,1.5465842625235966,1.2313693503775867,0.31521491214601,0.08202801883565322,0.057812622392332466,0.07194208086144009,1.1668297493430926,0.16760919797844967,0.00842449840370762,0.7869919067150252,0.41268058929377865,-0.0016366654192419908,0.04814344619675399,3.299127809374849,2.2481097088787054,2.0458469766020815,0.20226273227662392,1.5739736155175723,1.2532808327727674,0.32069278274480495,0.07951542485148863,0.055684069691638596,0.06970142582296313,1.1808037601503003,0.1582543985423725,0.00853223540771851
2145,0.7733089547391336,0.410354226390481,0.006726893850998672,0.0473064043396727,3.1895082411333595,2.1667406319429876,1.9579852024723854,0.20875542947060205,1.5465837355527552,1.2315230386609741,0.315060696891781,0.08202402484276344,0.057809238867415326,0.07193867055693588,1.1668516184990674,0.16761510375448946,0.008424646748455354,0.7870115152123582,0.4126831070775758,-0.0016195734476509502,0.048144645708394905,3.2994186316644707,2.248234498011028,2.0459828731986445,0.20225162481238357,1.5739746353088202,1.2534357584658264,0.3205388768429938,0.0795114921459298,0.055680738086496234,0.06969805733086885,1.180825977537587,0.1582598074080333,0.00853238170193717
2146,0.7733269666569256,0.41035675061150984,0.006680735824183742,0.04730750620156255,3.189781500297818,2.1668514882767287,1.958105611130255,0.2087458771464737,1.5465871529453061,1.2316758891675628,0.3149112637777433,0.0820203720897162,0.057806144425013306,0.07193553841597587,1.1668716201322487,0.16762062521456822,0.008424784766946535,0.7870295822184921,0.41268549540355226,-0.00166742439329471,0.04814575093221904,3.299697087553072,2.2483488734965875,2.046107340885426,0.20224153261116165,1.57397947482041,1.253589746667646,0.3203897281527639,0.07950790347984321,0.055677697935585004,0.06969497044659115,1.1808462522671235,0.1582648469775298,0.008532517077235676
2147,0.7732967635206459,0.41035855650041214,0.006665702471662607,0.04730565856537066,3.1896667157810854,2.166613760761615,1.9578394912656663,0.20877426949594868,1.5465938309821607,1.2318272245154192,0.3147666064667417,0.08202963269382033,0.05781398957787131,0.07194353841943459,1.1668209128608609,0.16762011839677915,0.008424603299711394,0.786999696098885,0.4126873355141187,-0.0016822570044140034,0.04814392268081985,3.2995802303979747,2.2481083848790355,2.0458381156426304,0.20227026923640495,1.5739874437820671,1.2537421147553443,0.3202453290267228,0.07951677236988633,0.055685211246518804,0.06970263444461128,1.1807961476521323,0.15826438284993316,0.008532342581271939
2148,0.7732694564456013,0.41035990375865405,0.006652934388402219,0.04730398809344496,3.1895713236177508,2.166401293516547,1.9576019407544683,0.2087993527620789,1.5465938005880735,1.2319693828632825,0.314624417724791,0.08203785790588351,0.05782095759477385,0.07195066294214297,1.1667758798213883,0.16761952527653556,0.008424436856185057,0.7869726998419139,0.41268871780693783,-0.001694840843845663,0.048142271214385836,3.2994832540056738,2.2478936441975947,2.04559800071394,0.2022956434836547,1.5739886386236372,1.2538852532917337,0.3201033853319035,0.07952464268153092,0.05569187860830188,0.06970945354040535,1.1807516891581809,0.15826384532356,0.00853218255468562
2149,0.7732447609196071,0.4103609221419961,0.006642297989192594,0.04730247737514733,3.189492712347587,2.166210874610024,1.9573892486486726,0.20882162596135131,1.5465883118183863,1.2321034636989145,0.3144848481194718,0.08204519326633702,0.05782717177080161,0.0719570348234977,1.1667357225678938,0.16761906602895812,0.008424284664393131,0.7869483046701733,0.4126897698331874,-0.001705330143118286,0.04814077886157631,3.299403454997196,2.247701350783452,2.0453831889692653,0.2023181618141866,1.5739843147296562,1.2540202660279305,0.3199640487017256,0.07953165547977059,0.0556978195246324,0.06971554688352041,1.1807120783608753,0.1582634300830269,0.00853203625305033
2150,0.7732223844422978,0.41036168967186276,0.006633477780880526,0.047301108517165735,3.189428608675293,2.166039678765465,1.9571981902869606,0.20884148847850473,1.546578432820469,1.2322304183883326,0.3143480144321365,0.08205175971277492,0.05783273455865649,0.07196275559689708,1.1666997777922758,0.16761873118630644,0.008424145471064027,0.7869262182290583,0.41269056910827595,-0.001714035215585441,0.048139427738011185,3.299338499630501,2.247528621619972,2.0451903921459635,0.20233822947400837,1.5739755441907255,1.2541481074845378,0.3198274367061877,0.07953792749599721,0.05570313288491349,0.06972101255491225,1.1806766547196819,0.15826312849102814,0.008531902480731735
2151,0.7732020632461433,0.4103622612899439,0.006626202351458277,0.047299865383984355,3.189377085883908,2.1658852911748205,1.9570260223658316,0.20885926880898903,1.5465650664268817,1.2323510635180763,0.31421400290880536,0.0820576583273041,0.057837731590395625,0.07196790993894367,1.1666674912108843,0.16761850927539973,0.008424018017899333,0.786906176992866,0.4126911704286185,-0.0017212229140508295,0.04813820172297745,3.2992864088854863,2.2473729921068513,2.0450168117749437,0.2023561803319076,1.5739632334174645,1.2542695971105426,0.3196936363069218,0.07954355634360433,0.055707901382669775,0.06972593239405585,1.1806448659965372,0.15826293004342437,0.008531780030713833
2152,0.7731835577643559,0.410362676316822,0.006620236610405908,0.04729873332060222,3.189336465082823,2.165745609875414,1.9568703662992082,0.2088752435762058,1.5465489724334225,1.2324660987836147,0.31408287364980775,0.0820629754470262,0.05784223600679386,0.07197257010706042,1.1666383895009638,0.1676183877936419,0.008423901074058939,0.7868879417144286,0.41269161316079256,-0.0017271242703886455,0.04813708618103032,3.2992454584742106,2.247232317115754,2.0448600212579007,0.2023722958578533,1.5739481454742912,1.25438543721631,0.3195627082579814,0.07954862540718788,0.055712195657450635,0.06973037624672773,1.1806162405557599,0.15826282327523922,0.00853166771810914
2153,0.773166649160289,0.4103629626659678,0.006615375999907157,0.04729769894019793,3.189305257208645,2.1656187838637777,1.9567291348399938,0.2088896490237839,1.5465307867429516,1.2325761223686513,0.31395466437430025,0.0820677858002061,0.05784631111415975,0.07197679863681197,1.1666120630711183,0.1676183536105926,0.008423793448630236,0.7868712939505472,0.41269192537747396,-0.0017319401903306553,0.048136067749417075,3.2992141198684926,2.247104708117767,2.0447178914784043,0.20238681663936264,1.5739309192697477,1.2544962283900882,0.31943469087965937,0.07955320685198106,0.05571607684428345,0.06973440455485966,1.1805903703065463,0.15826279613776034,0.008531564393524801
2154,0.7731511373908555,0.41036313986163886,0.006611442196678377,0.047296750005644705,3.189282128249525,2.165503172811043,1.9566004840135722,0.20890268879747095,1.5465110379007143,1.232681644235953,0.3138293936647614,0.0820721546006501,0.05785001215859528,0.07198065013191457,1.1665881545514374,0.16761839324982766,0.008423694003130632,0.7868560341216813,0.4126921268335948,-0.0017358456870536776,0.048135134219364564,3.2991910247588656,2.2469884921392413,2.0445885419371783,0.20239995020206325,1.5739120861328824,1.2546024828216873,0.31930960331119496,0.07955736364038789,0.055719598281987026,0.06973807008120102,1.180566899269727,0.1582628362662711,0.008531468956246478
2155,0.7731368404514855,0.41036322130749053,0.0066082800471924386,0.047295875383309316,3.189265880496869,2.1653973219351625,1.9564827827130045,0.20891453922215822,1.5464901615888142,1.2327830977838645,0.3137070638049496,0.08207613892878789,0.057853387495984294,0.0719841724349891,1.1665663511994917,0.16761849324872594,0.008423601665463435,0.7868419807449537,0.41269223121024556,-0.001738992918173421,0.0481342744891477,3.2991749456981316,2.2468821860362453,2.0444703097101744,0.20241187632607086,1.5738920843439301,1.2547046359879575,0.31918744835597274,0.07956115086737141,0.055722806644450174,0.069741419042254,1.1805455160025788,0.15826293131637525,0.008531380368607957
2156,0.7731235946045855,0.41036321623574573,0.006605755376373854,0.04729506505701854,3.1892554439766503,2.165299946873604,1.95637459375578,0.20892535311782404,1.5464685135202298,1.2328808502208704,0.3135876632993596,0.08207978867684873,0.05785647939270169,0.07198740742319179,1.166546379700371,0.1676186406009637,0.008423515447604987,0.786828970637702,0.4126922480399188,-0.0017415133752380699,0.04813347857653335,3.299164787057158,2.2467844808939614,2.044361730005649,0.2024227508883125,1.5738712720585277,1.2548030570515085,0.31906821500701915,0.0795646166776438,0.05572574271763267,0.06974449188101381,1.180525948393285,0.15826306937336654,0.00853129767379586
2157,0.7731112543316815,0.410363131193313,0.006603753006632414,0.04729431012512568,3.18924986956888,2.165209920515746,1.9562746576252428,0.2089352628905032,1.546446381089124,1.232975211943637,0.313471169145487,0.0820831473305812,0.05785932468785006,0.07199039166067009,1.1665280018674884,0.16761882312046367,0.008423434457646335,0.7868168588472094,0.4126921841734347,-0.0017435198628621904,0.04813273761447547,3.2991595777276417,2.246694228449152,2.0442615194711315,0.20243270897802043,1.5738499389802156,1.2548980582565104,0.3189518807237053,0.07956780302427016,0.05572844204221898,0.0697473239007177,1.1805079593569392,0.15826323928691954,0.008531220007981767
2158,0.7730996918333148,0.41036297125780175,0.00660217488553743,0.047293602769909036,3.1892483203773425,2.1651262588413003,1.9561818754034743,0.20894438343782593,1.546423993846548,1.2330664449738682,0.3133575488726798,0.08208625273609377,0.05786195544289132,0.07199315703870499,1.1665110104296836,0.1676190298082146,0.008423357906644658,0.7868055181301282,0.4126920449754434,-0.0017451083712235055,0.0481320438192628,3.299158462109891,2.246610426553436,2.0441685587319527,0.2024418678214834,1.5738283168516358,1.2549899033779384,0.31883841347369735,0.07957074641011108,0.05573093554173396,0.06974994588423983,1.1804913426332009,0.15826343100543222,0.008531146607256885
2159,0.7730887964373349,0.41036274086262853,0.006600938470961708,0.04729293622136993,3.189250065598548,2.1650481094502303,1.9560952951229327,0.20895281432729754,1.5464015328285563,1.2331547704756152,0.31324676235294124,0.08208913768945844,0.05786439944113157,0.07199573126147242,1.1664952257919379,0.16761925115943538,0.008423285111634973,0.7867948383398936,0.4126918351336895,-0.001746359694289705,0.04813139045304027,3.2991606936446396,2.246532207377081,2.044081878397871,0.2024503289792098,1.573806588792498,1.2550788152467685,0.31872777354572956,0.07957347845857406,0.05573325000605686,0.0697523845647054,1.1804759195513257,0.15826363585341813,0.008531076810674285
2160,0.7730784741376481,0.4103624443411591,0.006599975277025966,0.04729230472901401,3.189254477609873,2.1649747434710687,1.9560141021796382,0.2089606412914305,1.5463791388331678,1.2332403754302348,0.3131387634029329,0.0820918303448194,0.057866680533451585,0.07199813817496643,1.1664804937919921,0.1676194792908307,0.008423215497158989,0.7867847259456087,0.4126915591928461,-0.001747340877251577,0.04813077179437521,3.2991656316138167,2.2464588290451446,2.0440006491851346,0.20245817986000986,1.573784897581227,1.2551649824286821,0.31861991515254473,0.07957602631029276,0.055735408427469546,0.0697546629456066,1.180461536780681,0.15826384664537077,0.008531010061770063
2161,0.7730686466264082,0.41036208619764386,0.0065992293049979694,0.047291703502646304,3.189261027091827,2.1649055460942126,1.9559376085178277,0.2089679375763848,1.5463569197773808,1.2333234185739994,0.3130335012033813,0.08209435462060838,0.057868818982433706,0.07200039809384301,1.1664666834695026,0.16761970790130773,0.00842314859123265,0.7867751030521577,0.4126912218213952,-0.0017481067643588047,0.04813018307831396,3.2991727359702114,2.246389665903254,2.043924170808336,0.20246549509491826,1.5737633530122257,1.2552485651618754,0.3185147878503503,0.07957841301743274,0.05573743033469397,0.06975680061849743,1.1804480640967774,0.15826405764745424,0.008530945904624524
2162,0.7730592497766283,0.41036167119816674,0.006598655439426483,0.04729112861954615,3.1892692748335794,2.164840004613007,1.955865239242645,0.20897476537036233,1.5463349571249243,1.2334040355909344,0.3129309215339898,0.08209673066411222,0.05787083185592179,0.07200252817960266,1.1664536845177174,0.16761993221163182,0.008423084016244354,0.7867659058791564,0.41269082790292877,-0.0017487015782132603,0.04812962040333277,3.299181558837059,2.2463241962852707,2.0438518582889165,0.20247233799635414,1.5737420383214347,1.2553297005481427,0.3184123377732919,0.07958065799314162,0.055739332173645365,0.06975881412930329,1.1804353918377333,0.1582642645194493,0.008530883974974205
2163,0.773050232095224,0.4103612043750186,0.0065982179867628,0.047290576929835515,3.1892788634634543,2.164777696994438,1.9557965199161176,0.20898117707832073,1.5463133113677576,1.2334823435473368,0.31283096782042097,0.08209897527946251,0.057872733389594186,0.07200454278952191,1.1664414049367313,0.16762014888782756,0.008423021478940725,0.7867570832126166,0.41269038254302726,-0.0017491603575034709,0.048129080636621774,3.299191735949104,2.2462619908279073,2.0437832289638753,0.2024787618640318,1.5737210156651225,1.2554085069852285,0.31831250867989397,0.07958277742570741,0.05574112765828802,0.06976071731639803,1.1804234285613804,0.1582644642419113,0.008530823990425691
2164,0.7730415532384309,0.41036069094448463,0.006597889304315874,0.04729004596566531,3.1892895099256693,2.164718281654669,1.9557310652867004,0.20898721636796858,1.5462920266500264,1.233558444638969,0.31273358201105755,0.08210110229363195,0.05787453529701866,0.07200645377404549,1.1664297690270375,0.16762035586923266,0.008422960760098982,0.7867485949219805,0.4126898909921839,-0.0017495102978415666,0.048128561323370136,3.299202978872309,2.2462027020219604,2.0437178909604548,0.20248481106150545,1.5737003307411337,1.2554850879118546,0.31821524282927904,0.07958478463298288,0.055742828070887124,0.06976252159900076,1.1804120990406488,0.15826465495737455,0.008530765740366226
2165,0.7730331823913934,0.41036013623680184,0.006597648424678068,0.04728953384209242,3.189300996112326,2.164661486134135,1.9556685667827718,0.20899291935136316,1.5462711346327098,1.2336324293295544,0.3126387053031554,0.08210312296638038,0.057876247116939804,0.07200827081519877,1.1664187151435645,0.16762055215418042,0.00842290170341346,0.7867404103449268,0.4126893585806456,-0.0017497720920261889,0.04812806058796201,3.2992150653866097,2.2461460526694266,2.04365553044209,0.20249052222733652,1.5736800166514164,1.2555595349445197,0.3181204817068967,0.07958669045814967,0.055744442597281514,0.06976423630425342,1.1804013420265016,0.1582648357734183,0.008530709075131229
2166,0.7730250964281888,0.41035954560571486,0.006597479715112459,0.04728903914452259,3.1893131573512714,2.1646070943355027,1.9556087784316607,0.20899831590384213,1.546250657647718,1.2337043789196107,0.3125462787281072,0.08210504645030614,0.05787787660301307,0.07201000181068609,1.1664081931764052,0.16762073760752247,0.008422844202782376,0.7867325064574416,0.41268879063355063,-0.0017499612359532096,0.048127577022034004,3.2992278277291924,2.2460918229074647,2.0435958972835477,0.20249592562391677,1.5736600970552606,1.255631930445645,0.3180281666096157,0.07958850371271216,0.05574597870216768,0.06976586903744916,1.1803911077450513,0.158265006585732,0.008530653893633933
2167,0.7730172782117807,0.41035892438414623,0.006597371693289764,0.047288560824713215,3.189325871001588,2.164554934397081,1.9555515034342177,0.20900343096286306,1.5462306111685842,1.2337743675673702,0.3124562436012139,0.08210688023638779,0.05787943010124684,0.07201165324871399,1.1663981621116084,0.16762091279839036,0.00842278819088442,0.7867248661848436,0.4126881924311498,-0.0017500891816823738,0.04812710958115507,3.2992411409752678,2.2460398378921527,2.043538791429787,0.2025010464623659,1.5736405886412226,1.2557023495454809,0.3179382390957416,0.0795902316049853,0.055747442492094616,0.06976742604284611,1.1803813554772107,0.15826516792930778,0.008530600132275327
2168,0.7730097149648155,0.410358277818316,0.006597315919232669,0.04728809810111029,3.1893390453879644,2.16450486727371,1.9554965815490821,0.20900828572462793,1.5462110056940817,1.2338424638388823,0.31236854185519936,0.08210863056888726,0.057880912901489286,0.07201323055827193,1.1663885877601223,0.16762107879475208,0.008422733628036562,0.7867174767853248,0.4126875691483362,-0.0017501644116891535,0.04812665748594311,3.2992549117817336,2.245989956210687,2.0434840500868616,0.20250590612382538,1.5736215030140688,1.255770861694872,0.3178506413191968,0.07959188013891423,0.055748839053325255,0.06976891254068643,1.1803720513063307,0.15826532079086336,0.008530547754137786
2169,0.7730023970075804,0.4103576110131112,0.006597306145557036,0.04728765038164613,3.1893526112042188,2.1644567779222266,1.9554438793585938,0.20901289856363292,1.5461918481176367,1.233908731845625,0.3122831162720116,0.0821103027649017,0.057882329508137646,0.07201473837916535,1.1663794410087638,0.16762123699899467,0.00842268049353284,0.786710328598204,0.412686925805216,-0.0017501932625287459,0.04812622014549219,3.2992690696389375,2.245942060931397,2.0434315378316406,0.20251052309975642,1.5736028480697268,1.2558375318072972,0.31776531626242965,0.07959345442161013,0.055750172712366514,0.06977033298733065,1.1803631663814622,0.15826546645912767,0.008530496740594406
2170,0.7729953168304956,0.4103569288731425,0.006597337657229613,0.04728721720700213,3.1893665153842568,2.164410568984686,1.9553932833147198,0.20901728566996658,1.5461731427073888,1.233973232069537,0.3121999106378519,0.08211190143944938,0.057883683830820674,0.07201618075186911,1.1663706965882175,0.1676213889780613,0.00842262877912358,0.786703414123971,0.4126862672132832,-0.0017501805623937258,0.04812579710109721,3.2992835606238597,2.2458960531809424,2.0433811395343184,0.2025149136466239,1.5735846289823947,1.2559024210895415,0.3176822078928531,0.07959495888050802,0.05575144721993534,0.06977169125861965,1.1803546756909955,0.1582656063705124,0.008530447084993094
2171,0.7729884684210419,0.4103562360531545,0.006597406786283733,0.04728679820943582,3.1893807167251915,2.1643661562628393,1.9553446947650155,0.20902146149782397,1.5461548918027492,1.234036021960176,0.31211886984257325,0.08211343066526805,0.05788497931977226,0.0720175612521981,1.1663623321983705,0.1676215363285161,0.008422578484227118,0.7866967273561734,0.4126855979304419,-0.0017501300998012392,0.04812538798538427,3.2992983429279095,2.2458518475318923,2.043332755282773,0.2025190922491191,1.5735668489089496,1.2559655876451363,0.3176012612638134,0.07959639741809124,0.055752665882033994,0.06977299078042254,1.1803465571888645,0.15826574198670035,0.00853039878801947
2172,0.7729818467094601,0.41035553692346927,0.006597510534710999,0.04728639307887313,3.1893951821571385,2.1643234649374503,1.9552980257897208,0.2090254391477295,1.5461370963066827,1.2340971563674177,0.31203993993926504,0.08211489410768885,0.05788621908009037,0.0720188831054413,1.1663543277701238,0.16762168058036048,0.008422529612038246,0.7866902632310725,0.4126849222301977,-0.001750044988729313,0.048124992488645005,3.299313383047044,2.2458093681482296,2.043286296133541,0.20252307201468878,1.5735495094892893,1.2560270869135028,0.3175224225757864,0.07959777354251513,0.05575383167060845,0.06977423463929575,1.1803387910569154,0.1582658747074456,0.008530351853930232
2173,0.772975447071453,0.41035483553435215,0.00659764627813271,0.04728600153248723,3.1894098833614657,2.164282426216338,1.9552531955163948,0.20902923069994284,1.5461197560179065,1.234156687845071,0.31196306817283564,0.08211629514324799,0.05788740597221937,0.07202014928704192,1.1663466648162766,0.16762182313570076,0.008422482165998344,0.7866840171342621,0.4126842440692755,-0.0017499279567530085,0.04812461032865491,3.2993286523348604,2.2457685453721616,2.0432416803548548,0.2025268650173071,1.573532611186575,1.2560869719800056,0.3174456392065693,0.07959909048230995,0.05575494732071927,0.06977542567994333,1.1803313590572382,0.1582660058149149,0.008530306287135594
2174,0.7729692649320485,0.4103541355850646,0.006597811550484681,0.04728562329046576,3.189424794058893,2.1642429746863208,1.9552101272115334,0.20903284747478756,1.5461028698304065,1.2342146668473597,0.31188820298304665,0.08211763695284396,0.05788854269086843,0.07202136260186258,1.1663393259217294,0.16762196523058426,0.008422436146962378,0.7866779845081172,0.41268356705938275,-0.0017497815550127777,0.048124241226660126,3.2993441242434454,2.2457293130304374,2.0431988304645947,0.2025304825658427,1.57351615349477,1.2561452937788506,0.3173708597159193,0.07960035127639331,0.055756015406796075,0.06977656658187703,1.1803242440239292,0.15826613643909607,0.008530262089458977
2175,0.7729632953530731,0.4103534403685878,0.006598003835254537,0.04728525805077524,3.1894398873420884,2.1642050457535005,1.9551687454969864,0.2090363002565143,1.5460864358337756,1.234271141845102,0.31181529398867364,0.08211892260678799,0.05788963183706235,0.07202252575647597,1.1663322942780994,0.16762210788436122,0.008422391550057872,0.7866721604435055,0.4126828944148418,-0.0017496083606333424,0.04812388488240098,3.2993597716166283,2.2456916058363725,2.0431576704010137,0.2025339354353588,1.5735001350469164,1.2562021012156148,0.3172980338313017,0.07960155885605183,0.05575703841208848,0.06977765992915977,1.1803174294002452,0.15826626751180173,0.008530219257090474
2176,0.7729575328026175,0.4103527527374771,0.006598220473032865,0.04728490547505863,3.1894551341957675,2.1641685742405996,1.9551289748288512,0.20903959941174832,1.5460704513210124,1.2343261593669164,0.31174429195409614,0.08212015511063699,0.05789067595696909,0.07202364139823542,1.166325553432881,0.16762225188744398,0.008422348362902805,0.7866665394513657,0.4126822289203304,-0.001749411067853257,0.04812354096013885,3.2993755651869763,2.2456553579625,2.043118123972129,0.20253723399037052,1.5734845536309257,1.256257441214847,0.31722711241607865,0.07960271608930033,0.055758018766245164,0.06977870824824522,1.1803108989881181,0.1582663997556227,0.008530177778857314
2177,0.7729519710310303,0.41035207507356114,0.006598458606222671,0.04728456518104972,3.1894705028078736,2.1641334937346404,1.9550907388058625,0.20904275492877802,1.5460549127494345,1.234379764002011,0.31167514874742336,0.08212133742364072,0.057891677557527325,0.07202471213092357,1.1663190871884188,0.16762239777715388,0.008422306564548518,0.7866611153398599,0.41268157290217566,-0.0017491925417843016,0.04812320908114148,3.2993914728746567,2.245620502373254,2.043080114145708,0.20254038822754616,1.5734694061581063,1.2563113587289487,0.3171580474291576,0.07960382579897833,0.0557589588606444,0.0697797140233363,1.1803046368459065,0.15826653366212867,0.008530137635196902
2178,0.7729466031695815,0.41035140929318037,0.006598715240644523,0.047284236748608724,3.1894859593046947,2.1640997372670534,1.9550539609193271,0.20904577634772614,1.5460398156806971,1.2344319983853675,0.3116078172953296,0.08212247243422655,0.05789263908567832,0.07202574049388019,1.1663128797358602,0.16762254585252082,0.008422266126165487,0.7866558813112626,0.41268092823402946,-0.0017489557605342154,0.04812288882961004,3.2994074605228585,2.2455869715006798,2.0430435637938347,0.20254340770684529,1.5734546886102676,1.256363896729024,0.31709079188124356,0.07960489073984967,0.05575986102899396,0.06978067967686145,1.1802986274175002,0.15826666950554966,0.00853009879882277
2179,0.7729414218254208,0.41035075685877925,0.006598987286455901,0.047283919725531295,3.189501468407919,2.1640672379120396,1.955018565205277,0.2090486727067626,1.546025154746544,1.234482903202642,0.31154225154390186,0.08212356293980674,0.05789356291125956,0.07202672894485694,1.1663069157654617,0.1676226961766994,0.00842222701175753,0.7866508300553788,0.4126802963486871,-0.0017487037764046393,0.048122579758393874,3.2994234925560533,2.2455546978397685,2.0430083963414516,0.20254630149831687,1.5734403960114933,1.2564150962146017,0.3170252997968916,0.07960591357973723,0.05576072753134918,0.06978160755343464,1.1802928556386607,0.15826680734522722,0.008530061235420727
2180,0.7729364192156192,0.41035011881078953,0.006599271639858829,0.04728361363574779,3.1895169942125077,2.164035929498297,1.954984477000348,0.20905145249794926,1.5460109236369735,1.2345325172121597,0.31147840642481367,0.08212461162634735,0.057894451309696504,0.07202767984287188,1.1663011805782073,0.16762284861730717,0.00842218917929806,0.7866459538813874,0.41267967826934565,-0.001748439639660905,0.04812228139705549,3.2994395327622508,2.245523614659832,2.042974536522534,0.20254907813729767,1.5734265224214197,1.2564649962397167,0.31696152618170287,0.07960689688029252,0.05576156053782208,0.06978249990369319,1.1802873070454163,0.1582669470624244,0.008530024904755575
2181,0.7729315872906174,0.4103494958030241,0.006599565248373122,0.047283317986875184,3.18953250086232,2.1640057472127663,1.954951623573839,0.20905412363892753,1.5459971151164,1.234580877288481,0.311416237827919,0.08212562105268179,0.05789530644871372,0.07202859543510634,1.1662956601714725,0.1676230028803501,0.008422152581826433,0.7866412448394567,0.41267907464409226,-0.0017481663376342355,0.04812199325931024,3.299455544975608,2.2454936566106447,2.0429419110158027,0.20255174559484224,1.573413060955555,1.256513633959805,0.31689942699574997,0.07960784308212121,0.05576236211598016,0.06978335887184677,1.1802819678578844,0.1582670883912525,0.008529989761740235
2182,0.7729269178553254,0.4103488881423937,0.006599865172666988,0.047283032277625134,3.1895479531782853,2.1639766281500403,1.954919934694661,0.20905669345537903,1.5459837210628833,1.2346280184836242,0.311355702579259,0.08212659363772015,0.05789613037749932,0.07202947784627729,1.1662903413088581,0.16762315854703308,0.008422117168564716,0.7866366948400761,0.4126784857844314,-0.00174788673721301,0.04812171485032635,3.299471493712924,2.245464760275742,2.0429104490172936,0.2025543112584483,1.5734000038278908,1.2565610446956303,0.3168389591322605,0.079608754492562,0.055763134220493435,0.06978418648549539,1.1802768250491193,0.1582672309521771,0.008529955757524736
2183,0.7729224029621217,0.4103482958655465,0.006600168773918683,0.04728275602184556,3.189563319130945,2.1639485135441894,1.9548893450271934,0.2090591685169959,1.5459707325276602,1.2346739741037516,0.31129675842390864,0.08212753159182345,0.057896924968568284,0.07203032902023243,1.166285211895374,0.16762331514367987,0.008422082888109281,0.7866322960369861,0.4126779117390621,-0.0017476034092354653,0.04812144569015051,3.299487346635357,2.2454368663897433,2.04288008462324,0.20255678176650338,1.573387342413117,1.2566072620121171,0.31678008040100003,0.07960963322124032,0.05576387863853838,0.06978498460071993,1.1802718667086536,0.15826737431514182,0.008529922842564874
2184,0.7729180348536194,0.41034771876478604,0.00660047362694996,0.04728248874501964,3.189578569231238,2.1639213481253874,1.9548597933880294,0.20906155473735813,1.5459581398673186,1.2347187758432088,0.3112393640241098,0.08212843694604363,0.057897691942533254,0.0720311507450761,1.1662802608174136,0.16762347211010506,0.008422049688272848,0.7866280407774195,0.41267735231986874,-0.0017473187070622814,0.048121185310664186,3.29950307398401,2.2454099192350796,2.042850756131294,0.20255916310378536,1.5733750673792026,1.256652317852716,0.31672274952648666,0.07961048120645256,0.05576459701214949,0.06978575492476835,1.180267081893511,0.15826751797243468,0.00852989096652726
2185,0.77291380614303,0.4103471564720656,0.0066007776443509775,0.047282229995298825,3.1895936772248437,2.163895080725408,1.954831223326744,0.20906385739866373,1.5459459328513105,1.2347624538980997,0.3111834789532108,0.08212931154599104,0.057898432862909494,0.07203194464866819,1.1662754779761888,0.16762362890598273,0.008422017517952898,0.7866239217779253,0.41267680718234234,-0.0017470346547601157,0.04812093326633889,3.2995186492803947,2.245383867248138,2.0428224066259304,0.20256146062220762,1.5733631687967664,1.2566962426544643,0.316666926142302,0.0796113002091578,0.055765290833129345,0.06978649901158612,1.1802624606620085,0.15826766143346008,0.008529860080095342
2186,0.7729097098901473,0.41034660850191773,0.006601079062343404,0.04728197934815181,3.189608620389655,2.1638696644678745,1.9548035832902593,0.20906608117761516,1.5459341007947853,1.2348050370993957,0.31112906369538956,0.08213015705316072,0.057899149137238266,0.07203271219987983,1.1662708542803792,0.1676237850048637,0.008421986327981315,0.7866199321994525,0.4126762758673648,-0.001746752959475753,0.048120689138830185,3.2995340496286754,2.2453586632121274,2.042794984146968,0.20256367906515946,1.5733516362726747,1.2567390654817072,0.3166125707909675,0.07961209181417365,0.055765961444061735,0.06978721826294448,1.18025799406692,0.15826780422034842,0.008529830135804333
2187,0.772905739647668,0.4103460742963464,0.006601376442589485,0.04728173640919833,3.1896233795709312,2.16384505672361,1.9547768265240548,0.20906823019955545,1.5459226326933362,1.2348465530468764,0.31107607964645984,0.08213097495546559,0.057899842026010145,0.07203345471782321,1.166266381588446,0.16762393991789756,0.008421956071797123,0.7866160656924388,0.4126757578447402,-0.0017464750113668284,0.048120452539735924,3.299549255749665,2.2453342642096774,2.042768441589219,0.20256582262045822,1.5733404590852977,1.2567808141604455,0.3165596449248523,0.07961285744023554,0.05576661004683321,0.06978791393724945,1.1802536740986342,0.15826794588956355,0.00852980108869984
2188,0.772901889475873,0.41034555326608113,0.006601668654943299,0.047281500815106986,3.1896379389926652,2.163821218864639,1.954750910753647,0.2090703081109918,1.5459115173535363,1.2348870282390183,0.31102448911451785,0.08213176658461112,0.057900512657384065,0.0720341733869542,1.1662620526135412,0.16762409320934507,0.008421926705883223,0.7866123164106852,0.41267525255316545,-0.0017462019015498792,0.04812022311144485,3.299564251789504,2.2453106313730022,2.0427427363811104,0.20256789499189187,1.5733296263152559,1.256821515408394,0.31650811090686193,0.07961359835655368,0.05576723771665966,0.06978858716393513,1.180249493591663,0.15826808604599443,0.008529772896767306
2189,0.7728981539429571,0.4103450448266033,0.006601954853353992,0.047281272233615286,3.1896522859985037,2.1637981159575093,1.954725797804376,0.20907231815313354,1.5459007435133574,1.2349264881941278,0.3109742553192297,0.08213253313471548,0.057901162042961335,0.07203486927321462,1.1662578608216185,0.16762424450720825,0.008421898190066461,0.7866086790111653,0.41267475943511167,-0.0017459344463524804,0.04812000052712473,3.299579025057935,2.245287729573696,2.0427178301017994,0.20256989947189635,1.573319126965867,1.2568611949561352,0.31645793200973177,0.07961431570053237,0.05576784541709705,0.06978923895882791,1.1802454461246006,0.1582682243525951,0.008529745521228456
2190,0.7728945281056298,0.41034454842597623,0.006602234442046051,0.04728105036234294,3.1896664107083925,2.163775716381905,1.9547014531471503,0.20907426323475484,1.545890299950613,1.2349649575612422,0.31092534238937075,0.08213327568211473,0.05790179109456378,0.07203554334112601,1.1662538003230773,0.1676243935065651,0.008421870487621544,0.7866051486346242,0.41267427796378553,-0.0017456732204786801,0.0481197844895356,3.2995935656828372,2.24526552703864,2.0426936880248747,0.20257183901376563,1.5733089500715136,1.2568998776579625,0.31640907241355104,0.07961501049658418,0.05576843401598004,0.06978987024039106,1.1802415259139156,0.1582683605334054,0.008529718926647724
2191,0.7728910074720553,0.4103440635640424,0.006602507037266503,0.04728083492652476,3.1896803056102843,2.1637539913934565,1.9546778453916576,0.2090761460017988,1.5458801755766778,1.2350024602186267,0.31087771535805114,0.08213399520555653,0.05790240064134089,0.07203619647115106,1.1662498657622886,0.16762453996943563,0.008421843565188582,0.7866017208688958,0.41267380766174316,-0.0017454185942633177,0.04811957472878562,3.2996078661996413,2.2452439949102323,2.042670278609327,0.20257371630090537,1.5732990847912875,1.2569375875903144,0.31636149720097323,0.0796156836753113,0.05576900430167152,0.06979048184622366,1.180237727705682,0.15826849437340731,0.008529693080857482
2192,0.7728875879441958,0.4103435898017895,0.006602772423087176,0.04728062567548366,3.189693965074011,2.1637329146194566,1.9546549457157871,0.2090779689036696,1.545870359513421,1.235039019358224,0.31083134015519714,0.08213469260696948,0.05790299144736463,0.07203682947747533,1.1662460522039853,0.16762468372000566,0.008421817392475339,0.7865983916917637,0.4126733481099647,-0.0017451707765257507,0.048119370998835766,3.2996219210606674,2.245223106737721,2.04264757292443,0.20257553381329096,1.573289520485938,1.2569743481362374,0.3163151723497007,0.07961633609329193,0.055769556999824665,0.06979107455001052,1.1802340466639056,0.15826862571414596,0.008529667954671505
2193,0.7728842657343596,0.4103431267603714,0.006603030499650886,0.047280422377525416,3.1897073847483903,2.1637124614536627,1.9546327271942587,0.20907973425940415,1.5458608411509178,1.2350746575541316,0.31078618359678634,0.08213536873397567,0.05790356423070095,0.07203744312721903,1.166242355010127,0.16762482463518122,0.008421791941706051,0.7865951573880067,0.412672898946863,-0.0017449298646836225,0.04811917307242501,3.2996357260235567,2.2452028378641065,2.042625543969602,0.20257729389450463,1.573280246775697,1.2570101820539548,0.3162700647217423,0.07961696855463168,0.05577009279164034,0.06979164907992691,1.1802304782488973,0.15826875444508903,0.008529643521348189
2194,0.7728810373259833,0.41034267411917613,0.006603281258975975,0.04728022481753971,3.1897205613112547,2.1636926087844857,1.9546111644987292,0.2090814442857566,1.545851610182698,1.2351093968125255,0.31074221337017244,0.08213602438970212,0.05790411967172167,0.07203803814875007,1.166238769786226,0.16762496264060586,0.008421767187350252,0.786592014510221,0.4126724598664101,-0.0017446958683071806,0.04811898073867374,3.2996492778954623,2.245183165148989,2.042604166368512,0.20257899878047697,1.5732712535757287,1.25704511152695,0.3162261420487787,0.07961758182042734,0.05577061232188431,0.06979220612666376,1.1802270181638548,0.15826888050000676,0.008529619756325057
2195,0.7728778994347943,0.4103422316077587,0.006603524754785331,0.047280032794624324,3.189733492278084,2.1636733347785704,1.9545902336661622,0.2090831011124081,1.5458426566296246,1.2351432586119218,0.31069939801770285,0.08213666033930064,0.057904658418627845,0.07203861523710885,1.1662352923456734,0.16762509769581177,0.008421743105803372,0.7865889598400744,0.41267203061033436,-0.0017444687378559837,0.048118793800713544,3.2996625743359504,2.245164066747115,2.042583416131569,0.2025806506155462,1.5732625311202,1.2570791582043819,0.31618337291581805,0.07961817661511106,0.055771116204261784,0.0697927463487144,1.1802236623190514,0.15826900384344075,0.008529596636905478
2196,0.7728748489841785,0.41034179899928436,0.006603761087152084,0.04727984612057844,3.189746175901975,2.1636546187558774,1.9545699119672126,0.2090847067886648,1.545833970853621,1.2351762639347625,0.3106577069188586,0.08213727731333222,0.05790518109031671,0.07203917505678514,1.1662319186912153,0.16762522978765623,0.0084217196751723,0.7865859903638333,0.41267161096182486,-0.0017442483793805794,0.04811861207419028,3.299675613753656,2.2451455219805942,2.0425632705208345,0.20258225145975964,1.5732540699761948,1.2571123432328213,0.31614172674337343,0.07961875362976262,0.05577160502422341,0.06979327037509861,1.1802204068131266,0.1582691244647313,0.008529574142049117
2197,0.772871883077606,0.4103413761034183,0.006603990386530589,0.047279664618216095,3.1897586110498817,2.163636441047882,1.9545501777564576,0.2090862632914246,1.5458255435650947,1.2352084332934241,0.31061711027167066,0.08213787601167627,0.05790568827969359,0.07203971824496447,1.1662286449935606,0.16762535892323827,0.008421696875037164,0.7865831032452361,0.41267120073871866,-0.0017440346697258705,0.04811843538560476,3.2996883951808935,2.245127511195785,2.042543707898472,0.202583803297313,1.5732458610513418,1.2571446872824215,0.3161011737689202,0.07961931352586671,0.055772079342148236,0.06979377880848744,1.1802172479118758,0.15826924237155093,0.008529552252141102
2198,0.7728689989691567,0.4103409627588351,0.006604212800462472,0.04727948811956327,3.189770797061853,2.163618782845073,1.9545310103111564,0.2090877725339162,1.5458173658241068,1.2352397867506968,0.31057757907341005,0.08213845710776702,0.057906180557260545,0.0720402454150751,1.1662254675682004,0.16762548512526088,0.00842167468619762,0.7865802957965842,0.41267079978631926,-0.0017438274692352096,0.04811826357054462,3.299700918132016,2.2451100156101056,2.042524707564401,0.20258530804570443,1.5732378955952548,1.257176210567615,0.31606168502763987,0.07961985693935636,0.05577253969676911,0.06979427222859276,1.1802141820254197,0.15826935758567054,0.008529530948746663
2199,0.7728661940395903,0.4103405588251702,0.006604428484392827,0.047279316464394254,3.1897827336561657,2.1636016260899913,1.954512389721223,0.20908923636876797,1.545809429035527,1.2352703439349426,0.31053908510058437,0.08213902125101046,0.057906658473164174,0.07204075715877896,1.16622238286218,0.16762560842807325,0.008421653090450648,0.7865775654553322,0.4126704079696946,-0.0017436266304820813,0.048118096472252375,3.2997131825079884,2.245093017204659,2.042506249645431,0.20258676755922808,1.573230165195046,1.2572069328625577,0.31602323233248836,0.07962038448293177,0.05577298660713713,0.06979475119408043,1.1802112056951146,0.1582694701393696,0.008529510214396366
2200,0.772863465780636,0.4103401641742498,0.006604637596447971,0.047279149499270826,3.1897944209053417,2.1635849534369025,1.9544942968540213,0.2090906565828813,1.5458017249398925,1.2353001240513204,0.3105016008885722,0.0821395690665579,0.057907122557003574,0.07204125404568457,1.1662193874553237,0.16762572887326874,0.008421632070415817,0.7865749097686382,0.4126700251652593,-0.0017434320031788839,0.04811793394068053,3.299725188571213,2.2450764986828697,2.0424883150585202,0.2025881836243496,1.5732226617666079,1.2572368735126924,0.31598578825391543,0.07962089674589869,0.05577342057248473,0.06979521624234475,1.1802083155944474,0.15826958007144937,0.008529490032415953
2201,0.7728608117891557,0.4103397786821249,0.006604840297038075,0.047278987077185156,3.1898058592819845,2.1635687482771377,1.9544767133912482,0.20909203488588946,1.5457942456020304,1.2353291458907363,0.31046509971129405,0.08214010115277391,0.05790757331568532,0.07204173662108881,1.1662164780740691,0.16762584650607443,0.008421611609431513,0.7865723263875509,0.4126696512531448,-0.0017432434344656217,0.048117775832136014,3.2997369369897287,2.2450604434943706,2.0424708855456766,0.20258955794869404,1.573215377543675,1.257266051444052,0.3159493260996231,0.07962139429184434,0.05577384207025675,0.06979566788743237,1.1802055085421397,0.15826968742398081,0.008529470386824285
2202,0.7728582297650385,0.41033940222279236,0.006605036749984847,0.0472788290574314,3.1898170497167047,2.1635529947774175,1.9544596218783965,0.20909337289902102,1.5457869833996583,1.2353574278383082,0.3104295555613501,0.08214061807855025,0.057908011231148075,0.07204220540361016,1.1662136516061419,0.16762596137256822,0.008421591691489387,0.7865698130648185,0.41266928611119336,-0.0017430607677917653,0.048117622009146446,3.299748428893316,2.245044835871673,2.0424539437212808,0.20259089215039217,1.5732083050668175,1.2572944851720353,0.31591381989478207,0.07962187765617292,0.05577425155402274,0.06979610661786811,1.1802027815160396,0.15826979223979232,0.008529451262268221
2203,0.7728557175093312,0.41033903466472416,0.0066052271239810945,0.047278675305491444,3.1898279936282408,2.163537677895824,1.9544430057463003,0.20909467214952382,1.5457799310127003,1.2353849878819405,0.31039494313075977,0.0821411203820156,0.057908436759269405,0.0720426608840647,1.1662109051075995,0.1676260735186905,0.008421572301193529,0.7865673676530539,0.4126689296116836,-0.0017428838415088355,0.04811747234034805,3.299759665902804,2.245029660845351,2.0424374730925443,0.20259218775280685,1.5732014371730993,1.2573221928102596,0.31587924436283976,0.07962234734493112,0.05577464945248187,0.06979653289563162,1.1802001316597384,0.15826989456158935,0.008529432643983004
2204,0.7728532729155247,0.4103386758692434,0.006605411590609789,0.04727852569250203,3.1898386928781934,2.1635227833316426,1.9544268492571841,0.20909593407445853,1.5457730814132966,1.2354118436210093,0.31036123779228725,0.0821416085720934,0.057908850331185556,0.0720431035268266,1.1662082357943033,0.16762618298974602,0.008421553423690355,0.7865649880960232,0.4126685816197955,-0.0017427124908990302,0.04811732669995297,3.299770650083181,2.2450149041922907,2.0424214580036892,0.20259344618860153,1.5731947669864002,1.2573491920794921,0.31584557490690807,0.07962280383634487,0.05577503617076495,0.06979694715749993,1.1801975562738907,0.15826999443147144,0.008529414517723754
2205,0.7728508939619974,0.41033832569070006,0.006605590323522738,0.04727838009479281,3.1898491497150503,2.1635082974682676,1.9544111374410318,0.20909716002723566,1.545766427855072,1.2354380122740185,0.31032841558105345,0.08214208313067674,0.05790925235513396,0.07204353377175,1.1662056410300168,0.16762628983141872,0.008421535044620926,0.786562672421109,0.4126682419938108,-0.0017425465491033992,0.04811718496728844,3.2997813838865055,2.245000552377408,2.0424058835709724,0.20259466880643534,1.573188287906965,1.257375500315533,0.3158127875914321,0.07962324758292305,0.055775412092216384,0.06979734981690704,1.1801950528043357,0.1582700918918539,0.008529396869719152
2206,0.772848578708583,0.41033798397731536,0.006605763498341521,0.04727823839367648,3.189859366744054,2.163494207340723,1.9543958560585741,0.20909835128214854,1.5457599638619643,1.2354635106854799,0.3102964531764844,0.0821425445140121,0.057909643217625345,0.07204395203541895,1.1662031183188295,0.16762639409006141,0.008421517150105567,0.7865604187359616,0.4126679105859706,-0.0017423858472490894,0.048117047026592086,3.299791870121702,2.244986592520939,2.0423907356454016,0.2025958568755371,1.5731819936004903,1.2574011344763005,0.3157808591241897,0.07962367901278143,0.05577577757951597,0.06979774126514078,1.1801926188346212,0.15827018698573522,0.008529379686657478
2207,0.7728463252932066,0.41033765057189137,0.0066059312918223395,0.047278100475243064,3.189869346898956,2.1634805006048095,1.95438099156623,0.20909950903857932,1.5457536832174847,1.235488355332726,0.3102653278847587,0.08214299315399554,0.05791002328454202,0.07204435871231805,1.1662006652980632,0.16762649581220923,0.008421499726727899,0.7865582252252039,0.41266758724320307,-0.001742230215251897,0.04811691276681039,3.2998021119261516,2.244973012367272,2.042376000777306,0.2025970115899659,1.5731758779876337,1.2574261111488452,0.3157497668387886,0.07962409853088662,0.055776132975732556,0.06979812187246659,1.1801902520789775,0.15827027975625343,0.008529362955671797
2208,0.7728441319325161,0.41033732531330525,0.006606093883346827,0.04727796623039868,3.18987909343802,2.1634671655289233,1.9543665311053786,0.20910063442354485,1.545747579954378,1.2355125623326413,0.3102350176217369,0.08214342945877348,0.0579103929016466,0.07204475417541215,1.1661982797349801,0.16762659504520108,0.008421482761551295,0.786556090151048,0.4126672718086102,-0.0017420794804209327,0.04811678208163661,3.299812112761495,2.2449598002764146,2.0423616662052275,0.2025981340711871,1.5731699352339112,1.2574504465562677,0.31571948867764354,0.07962450651964405,0.055776478604822224,0.06979849198869378,1.1801879503789932,0.15827037024726232,0.008529346664356634
2209,0.7728419969181335,0.4103370080378024,0.006606251453511465,0.04727783555463618,3.1898886099069146,2.1634541909553935,1.9543524624579853,0.20910172849740838,1.5457416483454434,1.2355361474489293,0.3102055008965142,0.08214385381444791,0.05791075239602674,0.07204513877767274,1.1661959595174498,0.16762669183678994,0.008421466242105198,0.7865540118495632,0.4126669641227481,-0.0017419334688283314,0.048116654869282446,3.2998218763759772,2.2449469451846644,2.042347719810819,0.20259922537384534,1.5731641597407298,1.2574741565651584,0.3156900031755715,0.07962490334053858,0.055776814773018164,0.06979885194464477,1.1801857116943528,0.15827045850298677,0.008529330800755111
2210,0.7728399186092061,0.41033669858037625,0.006606404181861043,0.04727770834757963,3.1898979000702177,2.163441566233874,1.9543387739710816,0.20910279226279274,1.5457358828945258,1.235559126099136,0.31017675679538964,0.08214426658784843,0.05791110207844338,0.07204551285452654,1.1661937026387899,0.16762678623552588,0.008421450156348025,0.7865519887232376,0.4126666640249792,-0.0017417920075845084,0.048116531032022986,3.299831406734885,2.244934436536884,2.042334150042114,0.20260028649477013,1.5731585461365694,1.257497256692771,0.31566128944379834,0.07962528933679763,0.055777141771086614,0.06979920205450833,1.1801835340878086,0.15827054456836695,0.00852931535332311
2211,0.7728378954269576,0.41033639677620964,0.006606552245702557,0.04727758451265093,3.1899069678577656,2.1634292811689217,1.9543254544969382,0.20910382667198335,1.5457302783269142,1.2355815133608274,0.31014876496608684,0.08214466812878427,0.05791144224523865,0.07204587672585797,1.1661915071854443,0.1676268782913275,0.008421434492643667,0.7865500192355419,0.4126663713548798,-0.0017416549260542077,0.04811641047586439,3.299840707966208,2.244922264233294,2.0423209458528637,0.20260131838043033,1.5731530892675603,1.2575197621133443,0.31563332715421605,0.07962566483554914,0.05577745987615519,0.06979954261775964,1.1801814157129988,0.15827062848957843,0.008529300310906634
2212,0.7728359258501892,0.4103361024615259,0.006606695818634163,0.04727746395679461,3.1899158173245645,2.16341732597961,1.9543124933472622,0.20910483263234766,1.5457248295796144,1.2356033239773023,0.3101215056023121,0.08214505877172737,0.05791177317976162,0.07204623069751215,1.1661893713277778,0.1676269680550457,0.008421419239739217,0.7865481019064408,0.4126660859530706,-0.0017415220572882459,0.04811629311026905,3.299849784320014,2.244910418588472,2.0423080966560727,0.20260232193239897,1.5731477841879127,1.257541687663941,0.31560609652397176,0.079626030149436,0.05577776935308039,0.06979987392060266,1.1801793548053379,0.1582707103136303,0.008529285662720354
2213,0.7728340084113411,0.41033581547401127,0.006606835069512887,0.04727734659023683,3.189924452619539,2.1634056912669455,1.9542998802565266,0.20910581101041897,1.545719531791691,1.2356245723630126,0.3100949594286783,0.08214543883711842,0.057912095153474695,0.07204657506246587,1.166187293312931,0.1676270555780173,0.008421404386742843,0.7865462353084529,0.4126658076616301,-0.0017413932390261816,0.048116178847914734,3.299858640136642,2.24489889029815,2.0422955922866546,0.20260329801149526,1.5731426261504096,1.2575630478499875,0.3155795783004221,0.07962638557787302,0.055778070455512474,0.0698001962370973,1.1801773496749184,0.15827079008795542,0.008529271398325995
2214,0.7728321416929357,0.410335535653055,0.006606970161756154,0.04727723232626789,3.189932877959139,2.163394367985651,1.9542876053503568,0.20910676263529404,1.5457143802947904,1.235645272608782,0.31006910768600826,0.08214580863247255,0.057912408426890424,0.07204691010182222,1.1661852714587693,0.1676271409117196,0.00842138992310264,0.786544418063098,0.41266553632433145,-0.0017412683143755298,0.04811606760447712,3.29986727981984,2.2448876704104803,2.042283422969243,0.2026042474412374,1.573137610597059,1.2575838568505968,0.31555375374646205,0.07962673140811127,0.05577836342679724,0.06980050983011729,1.1801753987005055,0.15827086786009498,0.008529257507611772
2215,0.7728303243242095,0.41033526283992355,0.0066071012527902095,0.047277121081036086,3.1899410976030422,2.1633833474179047,1.9542756591161623,0.2091076883017423,1.5457093706038987,1.23566543848688,0.3100439321170188,0.08214616845339888,0.057912713250435066,0.07204723608572888,1.1661833041483054,0.16762722410749117,0.008421375838586164,0.7865426488375286,0.4126652717868092,-0.001741147132354827,0.04811595929842376,3.2998757078120526,2.2448767502993077,2.0422715792883137,0.20260517101099415,1.5731327331499725,1.257604128523739,0.31552860462623367,0.07962706791621796,0.055778648500805945,0.06980081495223302,1.1801735003240041,0.15827094367743846,0.008529243980772334
2216,0.7728285549778425,0.41033499687789066,0.00660722849357738,0.047277012773347546,3.189949115830993,2.163372621148168,1.9542640323750233,0.2091085887731446,1.5457044984083508,1.2356850834559698,0.31001941495238095,0.08214651858457023,0.05791300986527021,0.07204755327425184,1.166181389824396,0.16762730521629948,0.008421362123260188,0.7865409263412649,0.4126650138966822,-0.0017410295483552968,0.04811585385081431,3.299883928570917,2.2448661216386037,2.042260052159643,0.2026060694789607,1.573127989602481,1.257623876411274,0.315504113191207,0.07962739536800664,0.05577892590272346,0.06980111184655004,1.1801716530452087,0.15827101758700782,0.008529230808289037
2217,0.7728268323671319,0.41033473761235423,0.006607352028370775,0.04727690732449344,3.1899569369233043,2.163362181041407,1.9542527162573655,0.20910946478404152,1.5456997595630841,1.2357042206659388,0.3099955388971454,0.08214685930056327,0.05791329850400441,0.07204786191813614,1.1661795269851414,0.1676273842885762,0.008421348767473318,0.7865392493233873,0.41266476250366385,-0.0017409154243746422,0.04811575118512869,3.2998919465495646,2.244855776380432,2.0422488328057047,0.2026069435747273,1.5731233759104857,1.25764311374386,0.31548026216662567,0.07962771401983951,0.05577919584972792,0.06980140074743582,1.1801698554172737,0.15827108963530495,0.008529217980912999
2218,0.7728251552433276,0.41033448489087065,0.006607471994487336,0.04727680465808684,3.1899645651434723,2.1633520192231916,1.9542417021808092,0.2091103170423823,1.545695150080202,1.235722862962663,0.3099722871175389,0.08214719086661162,0.057913579391331266,0.07204816225948887,1.1661777141797685,0.1676274613740007,0.00842133576183893,0.7865376165698836,0.4126645174595897,-0.0017408046292350376,0.048115651227104886,3.2998997661790725,2.244845706734825,2.0422379127332793,0.20260779400154574,1.5731188881841145,1.257661853445793,0.31545703473832143,0.07962802411934647,0.05577945855159984,0.06980168188117253,1.1801681060426548,0.15827115986810994,0.008529205489648441
2219,0.7728235223937066,0.41033423856320533,0.006607588522460073,0.04727670469994494,3.1899720047266347,2.163342128065111,1.954230981833911,0.2091111462312002,1.5456906661208472,1.2357410228927237,0.30994964322812335,0.08214751353916275,0.05791385274450112,0.072048454532292,1.1661759500055808,0.16762753652140205,0.00842132309722305,0.7865360269017495,0.4126642786184634,-0.0017406970384244089,0.04811555390462264,3.299907391856908,2.244835905155126,2.0422272837171183,0.20260862143800806,1.5731145226796794,1.2576801081397897,0.3154344145398898,0.07962832590595337,0.055779714211169645,0.06980195546644372,1.1801664035701265,0.1582712283303926,0.008529193325741003
2220,0.7728219326397773,0.41033399848133306,0.006607701736139712,0.047276607377979146,3.1899792598696446,2.1633325001715553,1.9542205471614735,0.20911195301008192,1.5456863039875037,1.235758712708171,0.3099275912793327,0.08214782756637364,0.05791411877374104,0.07204873896285979,1.1661742331052478,0.16762760977858443,0.008421310764732688,0.7865344791732177,0.4126640458364534,-0.0017405925339839118,0.048115459147595054,3.299914827937042,2.2448263643247404,2.042216937785225,0.20260942653951558,1.5731102757920614,1.257697890151817,0.3154123856402444,0.0796286196113509,0.05577996302471496,0.06980222171476771,1.1801647466921346,0.1582712950661524,0.008529181480666406
2221,0.7728203848357164,0.4103337644994567,0.006607811752942443,0.04727651262209946,3.1899863347229145,2.163323128368066,1.9542103903515835,0.20911273801648253,1.5456820601167087,1.235775944371331,0.30990611574537774,0.08214813318855124,0.057914377682627874,0.07204901577024717,1.1661725621643941,0.16762768119227106,0.008421298755705815,0.7865329722702247,0.4126638189719096,-0.001740491004256689,0.04811536688787485,3.2999220787218673,2.244817077145494,2.042206867205904,0.2026102099395898,1.573106144047499,1.257715211515963,0.31539093253153594,0.07962890545991047,0.055780205182312775,0.06980248083088367,1.1801631341424483,0.15827136011836831,0.00852916994612087
2222,0.772818877867005,0.41033353647403664,0.00660791868414734,0.047276420364130996,3.1899932333838095,2.163314005691041,1.9542005038241395,0.20911350186690159,1.545677931072181,1.23579272955967,0.30988520151251103,0.08214843063854413,0.05791462966842012,0.07204928516661485,1.1661709359094539,0.1676277508080683,0.008421287061702733,0.786531505109076,0.4126635978853901,-0.00174039234358625,0.04811527705917265,3.2999291484557034,2.244808036727384,2.042197064476343,0.20261097225104108,1.573102124096794,1.2577320839793602,0.3153700401174338,0.07962918366905253,0.05578044086815155,0.06980273301309539,1.1801615646940795,0.15827142352896795,0.00852915871401282
2223,0.7728174106492219,0.41033331426382724,0.006608022635214955,0.047276330537740094,3.1899999598913316,2.163305125378556,1.9541908802206134,0.2091142451579426,1.545673913538364,1.2358090796707182,0.30986483386764563,0.08214872014209398,0.05791487492235561,0.07204954735755775,1.166169353105751,0.16762781867044904,0.008421275674498541,0.7865300766352709,0.41266338243969425,-0.0017402964519985242,0.048115189596985034,3.299936041319628,2.244799236379474,2.0421875223124575,0.20261171406701656,1.5730982127089297,1.2577485190071707,0.31534969370175897,0.0796294544495755,0.055780670260809954,0.06980297845357958,1.180160037157426,0.15827148533881458,0.008529147776455689
2224,0.7728159821268601,0.41033309772989485,0.0066081237060755665,0.04727624307836198,3.1900065182212307,2.1632964808614954,1.9541815123941768,0.20911496846731864,1.5456700043143718,1.235825005827054,0.30984499848731795,0.08214900191817118,0.05791511362993585,0.07204980254241841,1.1661678125556592,0.16762788482273794,0.008421264586075564,0.786528685822346,0.41266317249987866,-0.0017402032349108226,0.04811510443852381,3.2999427614267094,2.2447906696010773,2.0421782336390804,0.20261243596199688,1.573094406765091,1.257764527787629,0.3153298789774619,0.07962971800597139,0.05578089353352404,0.06980321733868079,1.1801585503784893,0.15827154558769527,0.008529137125760698
2225,0.7728145912725239,0.4103328867356716,0.006608221991570337,0.047276157923151554,3.190012912283901,2.1632880657571927,1.9541723934025752,0.2091156723546176,1.5456662003083061,1.235840518881326,0.3098256814269803,0.08214927617922421,0.05791534597113736,0.07205005091452475,1.166166313097237,0.16762794930715755,0.008421253788618601,0.7865273316711061,0.4126629679333085,-0.001740112602694438,0.04811502152266892,3.299949312820114,2.2447823300755365,2.0421691915829925,0.20261313849254386,1.5730907032530512,1.2577801212371218,0.31531058201592943,0.07962997453665574,0.055781110854382254,0.06980344984913156,1.1801571032375755,0.1582716043143658,0.0085291267544324
2226,0.7728132370860189,0.41033268114696964,0.006608317581737147,0.04727607501092776,3.1900191459218865,2.1632798738626082,1.954163516500532,0.209116357362076,1.5456624985319805,1.2358556294213545,0.30980686911062605,0.08214954313143782,0.05791557212063019,0.07205029266143333,1.166164853602817,0.1676280121647991,0.0084212432745091,0.7865260132087458,0.4126627686096703,-0.0017400244703846615,0.04811494078991467,3.2999556994708037,2.2447742116635196,2.04216038946546,0.20261382219805962,1.5730870992619677,1.257795310005344,0.3152917892566236,0.07963022423420793,0.05578132238652888,0.06980367616027948,1.1801556946479388,0.15827166155652625,0.008529116655163198
2227,0.7728119185937805,0.41033248083203755,0.006608410562280315,0.04727599428213856,3.190025222909742,2.1632718991496427,1.9541548751344813,0.2091170240151614,1.545658896095986,1.2358703477752608,0.3097885483207253,0.08214980297491954,0.05791579224793618,0.07205052796511009,1.1661634329779809,0.167628073435703,0.008421233036321923,0.7865247294883139,0.4126625744010272,-0.0017399387572132469,0.04811486218233697,3.299961925277657,2.244766308398516,2.042151820797169,0.20261448760134682,1.5730835919775201,1.257810104480488,0.3152734874970322,0.07963046728554082,0.05578152828830781,0.06980389644225239,1.180154323554822,0.15827171735089735,0.008529106820830383
2228,0.772810634848851,0.4103322856616811,0.006608501015200614,0.04727591567885956,3.190031146957754,2.1632641357639244,1.954146462941085,0.20911767282283933,1.5456553902051438,1.2358846840166688,0.3097707061884749,0.082150055903769,0.05791600651748748,0.0720507570020093,1.1661620501611831,0.1676281331589518,0.00842122306682619,0.7865234795887724,0.41266238518194515,-0.0017398553859678534,0.048114785643596954,3.29996799407183,2.2447586144861544,2.0421434792773314,0.20261513520882315,1.5730801786774309,1.2578245147944984,0.31525566388293247,0.07963070387194927,0.05578172871330358,0.06980411086001853,1.1801529889351823,0.15827177173331447,0.008529097244497644
2229,0.7728093849297037,0.41033209550922906,0.006608589018766223,0.04727583914472199,3.190036921708029,2.163256578016462,1.954138273737998,0.20911830427846373,1.5456519781543996,1.2358986479700311,0.3097533301843684,0.08215030210638391,0.057916215088885864,0.07205097994335294,1.166160704122072,0.16762819137256904,0.008421213358977367,0.7865222626137878,0.41266220082945004,-0.0017397742830426652,0.048114711118866976,3.299973909612547,2.2447511242955214,2.042135358784082,0.2026157655114394,1.5730768567274422,1.257838550828465,0.31523830589897706,0.0796309341694094,0.055781923810594984,0.06980431957365954,1.1801516897960005,0.15827182473862436,0.00852908791940694
2230,0.7728081679395226,0.410331910250584,0.00660867464791455,0.04727576462486873,3.190042550733309,2.1632492203779043,1.9541303015174345,0.20911891886046974,1.5456486573249002,1.2359122492158743,0.3097364081090259,0.0821505417656851,0.05791641811709339,0.07205119695534079,1.1661593938602621,0.1676282481137262,0.008421203905912963,0.7865210776910362,0.41266202122308093,-0.001739695378041771,0.048114638554788085,3.2999796755860302,2.24474383235348,2.0421274533681117,0.20261637898536816,1.5730736235774556,1.2578522222179185,0.3152214013595371,0.07963115834879006,0.055782113724934156,0.06980452273856796,1.1801504251730899,0.15827187640089008,0.00852907883897458
2231,0.7728069830054691,0.41033172976423204,0.006608757974404217,0.0472756920659094,3.1900480375360947,2.1632420574730657,1.9541225404400726,0.2091195170329932,1.5456454251803147,1.235925497096022,0.3097199280842926,0.08215077505932385,0.0579166157526079,0.07205140819934366,1.1661581184041976,0.16762830341871512,0.008421194700947874,0.7865199239714878,0.41266184624489655,-0.001739618603632427,0.048114567899426294,3.299985295604733,2.2447367333392436,2.042119757246629,0.20261697609261453,1.5730704767579173,1.257865538358104,0.31520493839981323,0.07963137657604635,0.05578229859691057,0.06980472050562815,1.1801491941299989,0.15827192675336046,0.008529069996786702
2232,0.7728058292779967,0.4103315539312438,0.006608839067003908,0.047275621415878294,3.1900533855482216,2.1632350840758723,1.954114984829439,0.20912009924643318,1.545642279263377,1.2359384007187826,0.3097038785445945,0.08215100215987155,0.057916808141623866,0.07205161383208045,1.1661568768101138,0.1676283573229641,0.00842118573756992,0.7865188006287381,0.412661675779475,-0.0017395438953621417,0.0481144991022316,3.29999077320701,2.244729822079363,2.0421122647977907,0.2026175572815721,1.5730674138764233,1.2578785084092194,0.3151889054672039,0.07963158901239725,0.055782478563101395,0.06980491302138205,1.1801479957570118,0.15827197582848473,0.008529061386595023
2233,0.7728047059301925,0.4103313826352663,0.006608917991670599,0.047275552624194334,3.190058598130717,2.1632282951045942,1.954107629166622,0.20912066593797252,1.5456392171926385,1.235950968964095,0.3096882482285435,0.08215122323499617,0.05791699542618178,0.07205181400578264,1.1661556681610727,0.16762840986105454,0.008421177009435494,0.78651770685837,0.4126615097139036,-0.0017394711914791028,0.048114432113998976,3.299996111857105,2.2447230935430325,2.042104970555498,0.20261812298753434,1.5730644326145287,1.2578911413016072,0.3151732913129216,0.07963179581448981,0.055782653756210755,0.06980510042818289,1.1801468291702208,0.15827202365792842,0.008529053002312667
2234,0.772803612157152,0.41033121576250675,0.006608994811722446,0.04727548564162266,3.1900636785739582,2.1632216856173843,1.9541004680853282,0.20912121753205615,1.5456362366594132,1.23596321048863,0.30967302617078324,0.0821514384476269,0.0579171777443077,0.07205200886834821,1.16615449156606,0.16762846106673834,0.008421168510365368,0.7865166418773446,0.4126613479377636,-0.001739400432770044,0.04811436688683113,3.3000013149453897,2.2447165428376596,2.0420978692044907,0.20261867363316918,1.57306153072475,1.2579034457408993,0.3151580849838506,0.079631997134553,0.055782824305199916,0.06980528286433885,1.1801456935106547,0.15827207027258974,0.008529044838010204
2235,0.7728025471753754,0.4103310532017123,0.006609069587995835,0.04727542042023765,3.1900686300979944,2.1632152508080034,1.9540934963671597,0.20912175444084358,1.5456333354249023,1.2359751337308347,0.3096582016940677,0.08215164795610982,0.05791735523014503,0.07205219856348645,1.1661533461591347,0.16762851097295564,0.008421160234340582,0.7865156049234149,0.4126611903431071,-0.0017393315623994293,0.04811430337410254,3.3000063857888127,2.2447101652046655,2.0420909555757047,0.20261920962896085,1.5730587060277443,1.2579154302131081,0.31514327581463614,0.07963219312054225,0.05578299033540987,0.06980546046424811,1.1801445879434662,0.15827211570261612,0.008529036887911665
2236,0.772801510222184,0.4103308948441425,0.006609142378995916,0.047275356913387384,3.1900734558530677,2.1632089860017745,1.9540867089371459,0.20912227706462838,1.5456305113174873,1.2359867469159218,0.30964376440156544,0.0821518519143543,0.05791752801407861,0.07205238323085454,1.1661522310986272,0.16762855961185275,0.008421152175498445,0.7865145952545589,0.4126610368244302,-0.001739264525765269,0.04811424153042487,3.300011327631506,2.2447039560154773,2.042084224641852,0.20261973137362574,1.573055956409653,1.2579271029896544,0.3151288534199986,0.07963238391627603,0.05578315196867693,0.06980563335852633,1.1801435116571575,0.15827215997742095,0.00852902914639075
2237,0.7728005005551598,0.4103307405835399,0.006609213241034126,0.047275295075659196,3.190078158920261,2.1632028866517032,1.9540801008594664,0.2091227857922371,1.5456277622301753,1.2359980580607948,0.30962970416938057,0.08215205047197238,0.05791769622285284,0.07205256300618716,1.1661511455663756,0.16762860701479929,0.00842114432812863,0.7865136121484347,0.41266088727864286,-0.0017391992703648107,0.048114181311613616,3.3000161436455393,2.2446979107677083,2.042077671513205,0.20262023925450354,1.5730532798195995,1.2579384721323341,0.3151148076872654,0.07963256966156532,0.0557833093234424,0.06980580167412716,1.1801424638628513,0.1582722031256999,0.00852902160796706
2238,0.7727995174515983,0.41033059031609437,0.006609282228355759,0.04727523486284629,3.19008274231227,2.163196948334768,1.9540736673333654,0.20912328100140265,1.5456250861181897,1.2360090749789048,0.309616011139285,0.08215224377441091,0.0579178599796835,0.07205273802141937,1.166150088767004,0.16762865321240566,0.008421136686669311,0.7865126549018508,0.41266074160503285,-0.0017391357456681411,0.04811412267465563,3.3000208369317887,2.244692025081499,2.042071291433574,0.20262073364792457,1.5730506742673267,1.2579495454982144,0.3151011287691124,0.07963275049233641,0.05578346251485678,0.06980596553445685,1.180141443793596,0.15827224517544708,0.008529014267302458
2239,0.7727985602079825,0.4103304439404074,0.00660934939326277,0.04727517623191556,3.190087208974268,2.163191166748352,1.9540674036892312,0.20912376305912078,1.5456224809966903,1.2360198052850366,0.3096026757116537,0.08215243196307792,0.057918019404364904,0.07205290840480381,1.1661490599272288,0.16762869823454016,0.008421129245703485,0.7865117228302568,0.4126605997052317,-0.0017390739029988292,0.04811406557767801,3.300025410520895,2.2446862946960016,2.042065079776439,0.20262121491956286,1.5730481378209642,1.2579603307444558,0.31508780707650846,0.07963292654074858,0.05578361165487922,0.06980612505948344,1.1801404507037017,0.1582722861539711,0.008529007119197508
2240,0.7727976281394723,0.4103303013574524,0.006609414786218973,0.04727511914097626,3.1900915617848598,2.1631855377068256,1.9540613053848386,0.20912423232198718,1.545619944938618,1.2360302564000212,0.30958968853859703,0.08215261517546299,0.0579181746133718,0.0720530742810224,1.1661480582952026,0.16762874211034534,0.008421121999955254,0.7865108152672441,0.4126604614831733,-0.0017390136954296698,0.04811400997991759,3.3000298673743043,2.2446807154660084,2.0420590320412426,0.20262168342476583,1.573045668604919,1.2579708353330619,0.3150748332718572,0.07963309793530576,0.05578375685237229,0.0698062803658406,1.1801394838681096,0.15827232608791067,0.008529000158587955
2241,0.7727967205794075,0.41033016247053455,0.006609478455957704,0.04727506354924972,3.1900958035570883,2.163180057138242,1.9540553680017214,0.20912468913652044,1.5456174760726507,1.236040435555367,0.30957704051728363,0.08215279354525312,0.057918325719957635,0.07205323577129366,1.1661470831398777,0.16762878486825464,0.008421114944286344,0.7865099315640671,0.4126603268450548,-0.0017389550776814866,0.04811395584169159,3.3000342103853706,2.244675283358696,2.0420531438498233,0.20262213950887273,1.5730432647978758,1.2579810665355473,0.3150621982623286,0.07963326480096422,0.055783898213193094,0.06980643156692745,1.1801385425817845,0.15827236500324993,0.00852899338054134
2242,0.7727958368788239,0.4103300271852476,0.006609540449570364,0.047275009417039694,3.190099937039492,2.1631747210811425,1.954049587241673,0.2091251338394694,1.5456150725812672,1.2360503497978188,0.3095647227834484,0.08215296720244361,0.05791847283424835,0.07205339299347513,1.166146133750399,0.16762882653600836,0.008421108073692524,0.7865090710891743,0.4126601956992951,-0.0017388980060299847,0.04811390312436892,3.300038442380492,2.2446699944504838,2.0420474109429656,0.20262258350751838,1.5730409246309018,1.2579910314375264,0.3150498931933753,0.0796334272592357,0.05578403584028074,0.06980657877300411,1.1801376261591312,0.1582724029253336,0.008528986780253664
2243,0.7727949764059848,0.41032989540943027,0.006609600812599446,0.047274956705703655,3.190103964917206,2.163169525681486,1.954043958923379,0.20912556675810687,1.5456127326989053,1.236060005993827,0.3095527267050785,0.08215313627344509,0.05791861606333313,0.07205354606216227,1.1661452094355218,0.16762886714066935,0.008421101383300256,0.786508233227752,0.41266006795649085,-0.0017388424382218937,0.048113851790342346,3.300042566120295,2.244664844923998,2.042041829177075,0.20262301574692276,1.5730386463856465,1.2580007369432198,0.31503790944242666,0.07963358542828668,0.055784169833740405,0.06980672209128361,1.1801367339334332,0.15827243987888145,0.008528980353046103
2244,0.7727941385459206,0.4103297670531227,0.0066096595891113885,0.04727490537762468,3.190107889813063,2.1631644671896404,1.9540384789791243,0.20912598821051598,1.5456104547102119,1.2360694108339387,0.3095410438762731,0.08215330088118693,0.057918755511352046,0.07205369508878391,1.1661443095230406,0.16762890670863803,0.008421094868363295,0.7865074173812793,0.412659943529374,-0.0017387883333974952,0.04811380180300118,3.3000465843008193,2.2446598310651162,2.0420363945209443,0.20262343654417192,1.5730364283926321,1.258010189779875,0.31502623861275714,0.07963373942303467,0.05578430029092481,0.06980686162602057,1.180135865256313,0.1582724758880026,0.008528974094361803
2245,0.7727933226999805,0.4103296420285198,0.006609716821775483,0.047274855396184055,3.1901117142887196,2.163159541957478,1.9540331434516154,0.20912639850586234,1.545608236948375,1.2360785708371043,0.30952966611127086,0.08215346114521732,0.05791889127958076,0.07205384018169425,1.1661434333592458,0.16762894526566688,0.008421088524259409,0.7865066229670932,0.41265982233276643,-0.0017387356520205677,0.04811375312670474,3.300050499554718,2.244654949260102,2.042031103052614,0.20262384620748763,1.5730342690296248,1.258019396502104,0.3150148725275208,0.07963388935524116,0.05578442730651309,0.06980699747859717,1.1801350194972025,0.15827251097620937,0.008528967999762757
2246,0.772792528285391,0.4103295202499252,0.00660977255192325,0.04727480672573418,3.1901154408457693,2.1631547464355334,1.9540279484908751,0.20912679794465838,1.5456060777935337,1.2360874923548941,0.30951858543863947,0.08215361718180055,0.057919023466512974,0.0720539814462623,1.1661425803083896,0.16762898283687425,0.008421082346487136,0.7865058494179613,0.41265970428353466,-0.0017386843558128556,0.04811370572675616,3.3000543144524466,2.244650195992803,2.0420259509563143,0.20262424503648868,1.5730321667200808,1.258028363496132,0.31500380322394883,0.07963403533360192,0.055784550972587284,0.06980712974760611,1.1801341960428355,0.1582725451664298,0.008528962064926648
2247,0.772791754734825,0.41032940163370324,0.006609826819612724,0.047274759331572234,3.1901190719268477,2.1631500771702323,1.9540228903512125,0.2091271868190197,1.5456039756712585,1.2360961815756353,0.30950779409562323,0.08215376910401134,0.057919152167940316,0.07205411898495848,1.1661417497521687,0.16762901944675715,0.00842107633066256,0.7865050961816633,0.4126595893005432,-0.0017386344076971288,0.04811365956937677,3.300058031503439,2.2446455678419213,2.0420209345194786,0.20262463332244282,1.573030119931665,1.2580370969839605,0.3149930229477045,0.07963417746383483,0.05578467137870663,0.0698072585289314,1.1801333942967527,0.15827257848101997,0.008528956285643844
2248,0.7727910014959737,0.41032928609823,0.006609879663677709,0.04727471317991407,3.190122609916721,2.163145530801179,1.9540179653882666,0.2091275654129124,1.5456019290510974,1.2361046445284543,0.30949728452264325,0.08215391702182682,0.05791927747703028,0.07205425289743898,1.1661409410892232,0.16762905511920292,0.008421070472516135,0.7865043627205766,0.4126594773046073,-0.0017385857717472086,0.04811361462168083,3.3000616531572655,2.244641061478337,2.042016050129824,0.202625011348513,1.5730281271748312,1.2580456030274412,0.31498252414739,0.07963431584876551,0.05578478861198019,0.0698073839158268,1.1801326136788153,0.15827261094177508,0.0085289506578143
2249,0.7727902680311298,0.41032917356384385,0.006609931121774923,0.047274668237868564,3.190126057143344,2.163141104058501,1.9540131700561072,0.20912793400239368,1.5455999364451825,1.2361128870872369,0.3094870493579456,0.08215406104221634,0.05791939948440235,0.0720543832806278,1.1661401537346443,0.16762908987750003,0.00842106476788956,0.7865036485112706,0.41265936821844323,-0.0017385384131406792,0.048113570851650606,3.3000651818047584,2.24463667366249,2.0420112942724966,0.2026253793899933,1.5730261870014635,1.2580538875322618,0.31497229946920174,0.07963445058841069,0.05578490275713753,0.06980750599899249,1.1801318536247372,0.1582726425699395,0.0085289451774446
2250,0.7727895538167685,0.410329063952793,0.006609981230426359,0.0472746244734121,3.190129415878881,2.1631367937602293,1.9540085009043833,0.20912829285584597,1.5455979964068902,1.2361209149744976,0.3094770814323925,0.0821542012692291,0.057919518278202124,0.07205451022879686,1.1661393871194932,0.16762912374434744,0.008421059212732614,0.7865029530441034,0.41265926196662034,-0.0017384922981203421,0.04811352822811176,3.3000686197790943,2.244632401241795,2.0420066635272516,0.20262573771454362,1.5730242980035714,1.2580619562518427,0.31496234175172866,0.07963458178006005,0.0557850138965979,0.06980762486664956,1.1801311135856212,0.15827267338621576,0.008528939840644931
2251,0.772788858343133,0.4103289571891789,0.006610030025050451,0.04727458185536311,3.1901326883406864,2.1631325968097252,1.9540039545755248,0.20912864223420052,1.545596107529555,1.2361287337651616,0.3094673737643934,0.08215433780407969,0.05791963394417394,0.072054633833644,1.166138640690336,0.1676291567418611,0.008421053803100022,0.7865022758228161,0.41265915847550294,-0.0017384473939616937,0.04811348672070845,3.300071969356838,2.244628241148101,2.0420021545656923,0.20262608658240883,1.573022458812035,1.2580698147911455,0.3149526440208893,0.07963470951835569,0.055785122110537724,0.06980774060461278,1.1801303930275109,0.1582727034107708,0.008528934643626059
2252,0.7727881811138201,0.41032885319890033,0.006610077539991058,0.04727454035335679,3.1901358766922168,2.163128510193121,1.9539995278019606,0.20912898239116054,1.5455942684452262,1.2361363488902561,0.3094579195549701,0.08215447074523267,0.057919746565732386,0.0720547541843699,1.166137913908778,0.16762918889157996,0.008421048535148232,0.786501616364132,0.4126590576731981,-0.0017384036689466892,0.04811344629987885,3.30007523275891,2.2446241903951614,2.041997764148519,0.20262642624664223,1.5730206680953946,1.258077468610391,0.3149431994850037,0.07963483389537125,0.055785227476957466,0.06980785329636251,1.1801296914309445,0.15827273266324152,0.00852892958269628
2253,0.7727875216453661,0.41032875190959295,0.0066101238085362335,0.04727449993781966,3.190138983043887,2.1631245309767886,1.9539952174033721,0.2091293135734166,1.5455924778234675,1.2361437656405148,0.3094487121829527,0.08215460018848589,0.057919856224032916,0.07205487136775382,1.16613720625101,0.16762922021446905,0.008421043405132299,0.7865009741973553,0.4126589594894965,-0.0017383610923408996,0.04811340693683054,3.300078412151502,2.244620246076134,2.0419934891228158,0.20262675695331833,1.5730189245586814,1.258084923028686,0.31493400152999546,0.07963495500068923,0.055785330071747255,0.06980796302311523,1.1801290082905178,0.15827276116273867,0.00852892465425839
2254,0.772786879466826,0.41032865325056334,0.006610168862934168,0.047274460579943806,3.190142009453846,2.163120656304809,1.953991020283954,0.20912963602085483,1.5455907343701942,1.2361509891698919,0.30943974520030243,0.082154726227052,0.05791996299804096,0.07205498546822739,1.1661365172073621,0.16762925073091958,0.00842103840940254,0.7865003488639614,0.41265886385580947,-0.001738319634383964,0.04811336860351538,3.3000815096469007,2.2446164053610795,2.041989326419337,0.2026270789417426,1.5730172269422844,1.258092183227564,0.31492504371472047,0.0796350729214775,0.05578542996875169,0.06980806986389276,1.1801283431144516,0.15827278892784657,0.008528919854806537
2255,0.7727862541193493,0.41032855715272226,0.006610212734397276,0.04727442225166094,3.1901449579286476,2.1631168833964307,1.9539869334296638,0.20912994996676704,1.5455890368265397,1.2361580244989838,0.309431012327556,0.08215484895164069,0.057920066964601544,0.07205509656794912,1.1661358462818519,0.16762928046074757,0.00842103354440125,0.7864997399171844,0.41265877070510315,-0.0017382792662795007,0.048113331272604296,3.300084527304215,2.244612665494443,2.0419852730497845,0.20262739244465855,1.573015574020848,1.2580992542544305,0.31491631976641765,0.07963518774256584,0.05578552723983457,0.06980817389559159,1.1801276954241615,0.15827281597662235,0.008528915180923014
2256,0.772785645155746,0.4103284635485101,0.006610255453100518,0.0472743849256157,3.1901478304238293,2.1631132095435155,1.9539829539054634,0.20913025563805207,1.5455873839677556,1.236164876518366,0.30942250744938976,0.0821549684505398,0.05792016819850803,0.07205520474687752,1.1661351929917423,0.16762930942318707,0.008421028806659268,0.786499146921596,0.4126586799718272,-0.0017382399602004078,0.04811329491746136,3.3000874671300053,2.244609023792534,2.041981326104084,0.2026276976884497,1.5730139646022,1.2581061410259213,0.31490782357627867,0.07963529954652182,0.05578562195494331,0.0698082751930515,1.1801270647538276,0.15827284232659036,0.00852891062927499
2257,0.7727850521400367,0.41032837237181646,0.006610297048169636,0.047274348575138125,3.19015062884433,2.1631096321079184,1.9539790788524987,0.20913055325541963,1.545585774602129,1.2361715499918313,0.3094142246102977,0.08215508480969771,0.0579202667725719,0.0720553100828452,1.1661345568670918,0.16762933763688107,0.008421024192792358,0.7864985694526677,0.41265859159183715,-0.0017382016892958374,0.04811325951211701,3.300090331078747,2.244605477640923,2.0419774827475794,0.20262799489334404,1.5730123975262993,1.2581128483311677,0.31489954919513174,0.07963540841372765,0.055785714182174,0.06980837382912468,1.1801264506499622,0.15827286799473395,0.008528906196611053
2258,0.7727844746469782,0.41032828355788403,0.006610337547654457,0.04727431317421449,3.190153355044788,2.163106148518825,1.953975305485245,0.20913084303358015,1.5455842075699235,1.236178049559543,0.30940615801038057,0.08215519811280428,0.057920362757691246,0.07205541265163143,1.1661339374503092,0.1676293651198639,0.008421019699497352,0.7864980070963106,0.4126585055023022,-0.0017381644277183333,0.04811322503123968,3.3000931210531768,2.2446020244918152,2.0419737402182103,0.2026282842736047,1.5730108716642028,1.2581193808349664,0.3148914908292364,0.07963551442245617,0.05578580398783571,0.06980846987474391,1.1801258526709812,0.1582728929974803,0.008528901879757491
2259,0.772783912261576,0.4103281970432138,0.006610376978497451,0.04727427869745729,3.190156010829614,2.1631027562699785,1.953971631088529,0.2091311251814495,1.5455826817423268,1.2361843797410852,0.3093983020012416,0.082155308441376,0.05792045622292312,0.07205551252703846,1.1661333342956899,0.16762939188954176,0.008421015323548187,0.786497459448399,0.41265842164161276,-0.0017381281506527319,0.04811319145010663,3.300095838904422,2.2445986618612968,2.0419700958235625,0.20262856603773446,1.5730093859170449,1.2581257430808597,0.31488364283618514,0.07963561764895005,0.055785891436517736,0.06980856339899358,1.1801252703867537,0.15827291735068247,0.008528897675614456
2260,0.7727833645785237,0.4103281127654256,0.006610415366469294,0.04727424512007089,3.1901585979528613,2.1630994529167573,1.953968053014437,0.20913139990232044,1.5455811960204096,1.2361905449384243,0.30939065108198527,0.08215541587483843,0.0579205472355531,0.07205560978096445,1.1661327469689642,0.16762941796265618,0.008421011061791089,0.78649692611423,0.41265833994924805,-0.0017380928343715477,0.04811315874457055,3.3000984864319096,2.2445953873264486,2.041966546937797,0.20262884038865192,1.57300793921502,1.2581319394941128,0.3148759997209073,0.07963571816749945,0.05578597659115518,0.06980865446917851,1.1801247033781688,0.15827294106958764,0.008528893581151421
2261,0.7727828312016406,0.4103280306631367,0.006610452736103979,0.047274212417816736,3.1901611181177616,2.1630962360730766,1.9539645686790017,0.20913166739407496,1.5455797493340735,1.23619654943876,0.3093831998953136,0.08215552049061856,0.05792063586117377,0.07205570448348575,1.1661321750467917,0.167629443355248,0.008421006911139938,0.786496406707974,0.4126582603656585,-0.0017380584563018026,0.04811312689102573,3.3001010653829623,2.244592198522273,2.0419630909983697,0.2026291075239035,1.573006530516364,1.2581379743845924,0.3148685561317716,0.07963581605052787,0.05578605951310191,0.06980874315090037,1.1801241512366483,0.1582729641688041,0.00852888959340266
2262,0.772782311743215,0.4103279506757913,0.006610489110596349,0.0472741805669729,3.1901635729759357,2.163093103408028,1.9539611755586586,0.20913192784936926,1.5455783406409942,1.236202397417277,0.30937594322371714,0.08215562236423707,0.05792072216376271,0.07205579670293788,1.1661316181162575,0.16762946808260104,0.00842100286857056,0.7864959008520389,0.41265818283210187,-0.0017380249951138016,0.04811309586636883,3.300103577452068,2.2445890931383814,2.0419597255025286,0.20262936763585265,1.5730051588063223,1.2581438519495396,0.31486130685678265,0.07963591136867863,0.05578614026220363,0.06980882950813394,1.180123613563657,0.15827298666225165,0.008528885709461793
2263,0.7727818058232749,0.4103278727434637,0.00661052451167192,0.047274149544289074,3.190165964126152,2.1630900526421986,1.9539578711863697,0.2091321814558288,1.5455769689255379,1.2362080929397825,0.30936887598575524,0.08215572156940829,0.05792080620576728,0.07205588650600335,1.1661310757743255,0.167629492159173,0.008420998931114356,0.7864954081763634,0.41265810729045527,-0.0017379924308464773,0.04811306564795516,3.3001060242796973,2.2445860689153454,2.0419564480034667,0.20262962091187864,1.5730038230960979,1.2581495762762307,0.3148542468198672,0.07963600419090813,0.05578621889687702,0.06980891360330879,1.1801230899701811,0.1582730085630994,0.008528881926475707
2264,0.7727813130687566,0.4103277968066239,0.00661055895941913,0.04727411932693504,3.190168293112543,2.1630870815435697,1.9539546531473235,0.20913242839624602,1.5455756331976391,1.2362136399652195,0.30936199323241964,0.08215581817814789,0.05792088804819583,0.07205597395780552,1.1661305476272488,0.1676295155985048,0.008420995095850979,0.786494928317609,0.41265803368298976,-0.0017379607450571655,0.04811303621354859,3.3001084074505895,2.2445831236406524,2.0419532561060727,0.20262986753457968,1.5730025224217608,1.2581551513445168,0.31484737107724386,0.07963609458458651,0.055786295474194905,0.06980899549739722,1.180122580076156,0.15827302988368436,0.008528878241637457
2265,0.7727808331124848,0.4103277228058118,0.006610592472063567,0.04727408989243756,3.1901705614221205,2.1630841879228164,1.9539515190740702,0.20913266884874623,1.545574332491627,1.2362190423480504,0.3093552901435766,0.08215591226088553,0.057920967750713065,0.0720560591220055,1.1661300332899545,0.16762953841309347,0.008420991359898967,0.7864944609181772,0.41265796195205967,-0.0017379299210368293,0.04811300754126058,3.3001107284913593,2.244580255144072,2.041950147462125,0.202630107681947,1.5730012558431066,1.2581605810292342,0.31484067481387246,0.07963618261560237,0.05578637004997504,0.06980907525000456,1.1801220835098771,0.15827305063539854,0.008528874652177373
2266,0.772780365592039,0.41032765068129584,0.006610625065688505,0.04727406121860997,3.1901727704813685,2.1630813696279,1.9539484666408855,0.20913290298701456,1.5455730658649613,1.236224303840483,0.30934876202447825,0.08215600388660105,0.05792104537175548,0.07205614206091979,1.166129532385298,0.1676295606142469,0.008420987720405568,0.7864940056251102,0.4126578920397758,-0.0017378999440613024,0.04811297960948182,3.30011298886718,2.244577461292321,2.0419471197647208,0.20263034152760004,1.5730000224424314,1.2581658691024593,0.3148341533399722,0.07963626834849012,0.055786442678887986,0.06980915291947896,1.1801215999072814,0.15827307082855807,0.00852887115535328
2267,0.7727799101482815,0.41032758037256356,0.006610656753854083,0.04727403328346062,3.190174921651685,2.1630786245376066,1.9539454935571507,0.20913313098045594,1.545571832396873,1.2362294280945343,0.30934240430233884,0.08215609312296729,0.05792112096865237,0.07205622283564128,1.1661290445432833,0.16762958221187044,0.008420984174532938,0.786493562088672,0.41265782388751976,-0.0017378708017475528,0.04811295239679386,3.3001151899773546,2.2445747399827103,2.0419441707417505,0.2026305692409598,1.5729988213232104,1.2581710192356041,0.31482780208760625,0.07963635184656263,0.055786513414569465,0.0698092285630243,1.1801211289111997,0.15827309047221372,0.008528867748437292
2268,0.772779466423605,0.4103275118177296,0.006610687547110833,0.04727400606508382,3.1901770162232177,2.163075950553749,1.9539425975593367,0.20913335299441257,1.5455706311868418,1.236234418663881,0.3093362125229608,0.08215618003652733,0.057921194597775956,0.07205630150618962,1.166128569400093,0.16762960321420656,0.008420980719441848,0.7864931299606587,0.4126577574353799,-0.0017378424844993051,0.048112925881863555,3.300117333149299,2.2445720891354757,2.041941298147992,0.2026307909874838,1.5729976516086241,1.258176035001307,0.3148216166073172,0.07963643317207608,0.05578658230976001,0.06980930223683972,1.1801206701704245,0.1582731095739175,0.008528864428700255
2269,0.7727790340596362,0.41032744495268947,0.006610717452338266,0.047273979541516464,3.1901790554066998,2.163073345591531,1.9539397764012232,0.20913356919030798,1.5455694613528788,1.2362392790054766,0.3093301823474021,0.08215626469289061,0.057921266314707454,0.0720563781316747,1.1661281065970166,0.16762962362746747,0.008420977352269737,0.7864927088921855,0.4126576926213442,-0.0017378149861158043,0.04811290004330476,3.300119419630592,2.2445695066843343,2.0419384997555037,0.20263100692883063,1.5729965124398932,1.2581809198750882,0.314815592564805,0.07963651238641145,0.05578664941645872,0.06980937399627135,1.180120223338689,0.15827312813939462,0.008528861193390767
2270,0.7727786126944899,0.41032737971014976,0.006610746471923182,0.047273953690566514,3.1901810403226296,2.1630708075676783,1.9539370278417745,0.20913377972590375,1.5455683220295184,1.2362440124808551,0.30932430954866325,0.08215634715698966,0.05792133617445475,0.07205645277051194,1.166127655779046,0.16762964345539358,0.008420974070104831,0.7864922985310451,0.4126576293803774,-0.001737788304549362,0.04811287485951271,3.3001214505784087,2.2445669905648384,2.041935773341695,0.20263121722314337,1.572995402974341,1.2581856772367133,0.3148097257376277,0.07963658955031266,0.05578671478612504,0.06980944389601199,1.1801197880733203,0.15827314617215,0.008528858039710482
2271,0.7727782019590491,0.41032731601819383,0.0066107746026306535,0.04727392848958016,3.190182971987074,2.16306833438539,1.9539343496299904,0.20913398475539957,1.5455672123654647,1.2362486223570837,0.30931859000838097,0.08215642749336506,0.057921404231693556,0.0720565254806563,1.1661272165933196,0.16762966269862206,0.008420970869950072,0.7864918985181316,0.41265756764305656,-0.001737762442942957,0.04811285030843963,3.3001234270456585,2.244564538699645,2.0419331166744534,0.20263142202519166,1.572994322383116,1.2581903103712049,0.31480401201191116,0.07963666472414979,0.05578677846990166,0.06980951199031751,1.1801193640337577,0.15827316367290453,0.008528854964779677
2272,0.7727778014721737,0.41032725379841667,0.006610801834114097,0.04727390391514148,3.190184851292802,2.1630659239150978,1.9539317394855686,0.20913418442952897,1.545566131520728,1.2362531118072333,0.3093130197134947,0.08215650576652364,0.05792147054107109,0.07205659631989546,1.1661267886871611,0.16762968135385803,0.008420967748676504,0.7864915084828372,0.4126575073337981,-0.0017377374109962124,0.04811282636730525,3.300125349962568,2.2445621489796928,2.041930527493172,0.20263162148652084,1.5729932698484308,1.2581948224693957,0.3147984473790352,0.07963673796825047,0.05578684051889536,0.06980957833327808,1.1801189508796823,0.15827318063885618,0.008528851965592835
2273,0.7727774108343655,0.41032719296341363,0.006610828146924548,0.047273879942674714,3.1901866789840763,2.163063573969426,1.9539291950738362,0.20913437889558995,1.54556507866309,1.23625748391024,0.30930759475284986,0.08215658204138898,0.057921535157587585,0.0720566653462153,1.166126371705618,0.16762969941275896,0.008420964702961322,0.7864911280369764,0.4126574483684753,-0.0017377132267947584,0.048112803012214087,3.300127220112061,2.24455981923973,2.0419280034841685,0.2026318157555617,1.5729922445601552,1.2581992166278924,0.3147930279322628,0.07963680934331549,0.055786900984529035,0.06980964297915573,1.1801185482686716,0.15827319706268658,0.0085288490389596
2274,0.772777029618565,0.410327133412808,0.006610853509627215,0.04727385654586587,3.190188455622715,2.1630612822695796,1.9539267139727503,0.20913456829682914,1.545564052963654,1.2362617416499648,0.3093023113136893,0.08215665638378584,0.0579215981370067,0.07205673261817716,1.1661259652888156,0.16762971686024966,0.008420961729195093,0.7864907567659757,0.41265739065065904,-0.001737689919446339,0.04811278021759986,3.300129038096645,2.2445575472255297,2.041925542248375,0.2026320049771548,1.5729912457115351,1.2582034958482697,0.3147877498632654,0.07963687891086586,0.05578695991892041,0.06980970598273256,1.180118155853679,0.1582732129310623,0.008528846181416614
2275,0.7727766573587341,0.410327075028678,0.00661087787512437,0.047273833695943714,3.1901901815412823,2.1630590464006145,1.9539242936282137,0.209134752772401,1.5455630535910019,1.2362658879130686,0.30929716567793336,0.08215672886122938,0.05792165953652415,0.07205679819555445,1.166125569067638,0.1676297336724722,0.008420958823369667,0.7864903942179305,0.4126573340672748,-0.0017376675324521917,0.04811275795553366,3.3001308042927633,2.2445553305502743,2.0419231412576346,0.2026321892926397,1.572990272493577,1.2582076630351287,0.31478260945844827,0.07963694673396791,0.05578701737549635,0.0698097673998958,1.1801177732789432,0.15827322822280956,0.00852884338912076
2276,0.7727762935323023,0.41032701766776675,0.006610901175082173,0.04727381136057353,3.1901918567788567,2.1630568637491523,1.9539219312933955,0.20913493245575687,1.5455620797036485,1.2362699254854612,0.30929215421818723,0.08215679954373967,0.05792171941545768,0.07205686213995041,1.1661251826592798,0.16762974981350656,0.008420955980899557,0.7864900398868323,0.41265727848124056,-0.0017376461287966355,0.04811273619466304,3.3001325187882045,2.244553166633943,2.041920797795418,0.20263236883852487,1.5729893240878052,1.2582117209927866,0.31477760309501857,0.07963701287798117,0.055787073409626374,0.06980982728820476,1.1801174001757688,0.15827324290600103,0.008528840657679546
2277,0.7727759375359101,0.4103269611508546,0.00661092331214555,0.047273789502327204,3.1901934809899615,2.163054731416171,1.9539196239434793,0.20913510747269184,1.5455611304397439,1.2362738570464822,0.30928727339326173,0.08215686850504064,0.057921777836262775,0.0720569245157164,1.166124805660687,0.16762976523084433,0.008420953196376176,0.7864896931893903,0.4126572237214104,-0.0017376257980593543,0.04811271489874422,3.3001341812934255,2.2445510526185193,2.041918508873626,0.2026325437448934,1.5729883996563911,1.2582156724198,0.31477272723659117,0.0796370774116555,0.05578712807955222,0.06980988570773082,1.1801170361563402,0.15827325693393474,0.008528837981917675
2278,0.7727755886490829,0.4103269052461835,0.006610944148340993,0.0472737680763904,3.19019505331488,2.163052646092,1.9539173681549216,0.2091352779370781,1.5455602049029515,1.2362776851599586,0.3092825197429929,0.08215693582400996,0.05792183486576092,0.07205698539101404,1.1661244376406366,0.1676297798484982,0.008420950463194448,0.7864893534303481,0.41265716956690507,-0.0017376066669936019,0.04811269402444438,3.300135791015373,2.244548985246598,2.041916271114871,0.2026327141317269,1.5729874983286303,1.2582195199005017,0.31476797842812865,0.0796371404084526,0.05578718144750719,0.06980994272202376,1.1801166808062644,0.15827327023901386,0.008528835355522528
2279,0.7727752459789802,0.4103268496435177,0.006610963487507018,0.04727374702707525,3.190196572190148,2.1630506038725015,1.953915159929627,0.2091354439428745,1.5455593021424732,1.236281412260521,0.3092778898819522,0.08215700158649784,0.05792189057668043,0.07205704483908029,1.1661240781297888,0.167629793556398,0.00842094777297879,0.7864890197497775,0.4126571157226083,-0.0017375889155385321,0.04811267351800143,3.300137346473163,2.2445469606830315,2.041914080581151,0.20263288010188074,1.572986619181837,1.258223265892012,0.3147633532898249,0.07963720194819801,0.055787233581115786,0.0698099983992567,1.180116333675255,0.15827328272333557,0.008528832770499421
2280,0.7727749083719915,0.41032679391098204,0.006610981047409793,0.04727372628224099,3.190198035063771,2.1630485999791094,1.953912994431155,0.2091356055479545,1.5455584211240223,1.236285040632616,0.30927338049140635,0.08215706588736138,0.057921945049379774,0.0720571029394596,1.166123726609569,0.16762980619316825,0.008420945114650982,0.7864886910388148,0.4126570617784308,-0.0017375728021985087,0.04811265330988515,3.3001388452212757,2.2445449742436003,2.0419119325169905,0.20263304172660962,1.572985761213609,1.2582269127042853,0.3147588485093236,0.07963726211891403,0.05578728455494636,0.06981005281332565,1.1801159942667918,0.1582732942434105,0.008528830216287486
2281,0.7727745742611266,0.4103267374166979,0.0066109964122390355,0.047273705743672276,3.190199437947986,2.1630466283086345,1.9539108655703477,0.2091357627382868,1.5455575606860184,1.2362885723776385,0.3092689883083799,0.08215712883192959,0.05792199837308888,0.07205715977828303,1.166123382504157,0.16762981751581846,0.00842094247278924,0.7864883657943906,0.41265700713544734,-0.0017375587071972454,0.04811263330560339,3.300140283415163,2.2445430199593903,2.0419098209463304,0.20263319901306,1.572984923300011,1.2582304624688327,0.3147544608311784,0.07963732101809526,0.05578733445159185,0.06981010604404231,1.180115662030928,0.15827330458329794,0.00852882767820443
2282,0.7727742413766296,0.4103266791716042,0.006603397242241002,0.04727368526886133,3.190200774670809,2.1630446806531536,1.9539087653107141,0.20913591534243944,1.5455567194696418,1.236292009360095,0.3092647101095466,0.08215719053422656,0.057922050644403575,0.07205721544468889,1.1661230451902027,0.16762982714101482,0.00842093982444567,0.7864880418440111,0.4126569508578346,-0.0017449590503780324,0.04811261336831439,3.300141655085145,2.2445410898234406,2.0419077379976525,0.20263335182578812,1.5729841041288881,1.2582339170874923,0.3147501870413959,0.07963737875090554,0.05578738336014214,0.06981015817369074,1.1801153363744594,0.15827331340256257,0.008528825134430805
2283,0.7727748123047071,0.41032675580978956,0.006613422757910763,0.0472737205677199,3.190202035511999,2.163048218979741,1.9539126128347895,0.20913560614495147,1.5455484827532593,1.2362894226772094,0.30925906007604986,0.08215707234631828,0.057921950521107504,0.07205714598897375,1.166123691279023,0.16762988324058709,0.008420944174451495,0.7864885806918901,0.41265702191605697,-0.0017352575445239715,0.04811264672766982,3.3001429508133895,2.2445444983289145,2.0419114473883697,0.20263305094054473,1.5729760836880222,1.2582315034250198,0.31474458026300256,0.07963727099711868,0.05578729207614819,0.0698100956210316,1.180115944164357,0.1582733642990197,0.00852882917340607
2284,0.7727742973689081,0.4103266781660619,0.0066110897378461875,0.0472736887672332,3.190203467331691,2.163045100532832,1.9539092329451673,0.20913586758766495,1.5455496246094143,1.2362942343865237,0.30925539022289056,0.08215717449842899,0.057922037059622095,0.07205722868610473,1.1661231328386685,0.16762988623027875,0.008420940180656858,0.7864880874887445,0.4126569481144314,-0.001737470434658099,0.048112616240221846,3.300144411512043,2.2445414558563517,2.041908147706027,0.20263330815032493,1.5729771613837802,1.2582362638060163,0.31474089757776386,0.07963736514754322,0.05578737183600661,0.0698101719467192,1.1801154130900668,0.1582733672240184,0.008528825401865824
2285,0.772774046821303,0.4103266392656317,0.006611646394057549,0.04727367348249911,3.1902048059445,2.1630435916048274,1.9539075989702508,0.20913599263457638,1.5455485947378163,1.2362972069742493,0.3092513877635669,0.08215722331571348,0.05792207841535381,0.07205727425991483,1.1661228659634202,0.1676299014335102,0.008420938228161937,0.7864878409627416,0.41265691007098637,-0.001736953316091902,0.04811260119933289,3.3001457807255963,2.244539944018867,2.0419065095596087,0.2026334344592584,1.572976174977489,1.2582392711659875,0.31473690381150154,0.07963741131793986,0.05578741094941812,0.06981021499117102,1.1801151526531921,0.1582733809600197,0.008528823506835887
2286,0.7727737438118206,0.410326593090828,0.006611524972724346,0.04727365482480985,3.1902061185864206,2.163041760588161,1.953905615087435,0.20913614550072604,1.545548093642606,1.2363005034989856,0.3092475901436205,0.08215728311878881,0.057922129077736306,0.07205732714810818,1.1661225390326484,0.16762991339403527,0.008420935874031284,0.7864875469752445,0.41265686552975256,-0.0017370641225352285,0.048112583087156366,3.300147122621636,2.2445381351502807,2.0419045484963485,0.20263358665393227,1.5729756819254832,1.2582425741252872,0.314733107800196,0.07963746709925351,0.055787458204751283,0.06981026438582247,1.180114838005124,0.15827339186561798,0.0085288212540165
2287,0.7727734628795213,0.410326550491593,0.006611563326516232,0.0472736375881721,3.1902073923243988,2.163040060476381,1.953903772737794,0.209136287738587,1.5455474876236412,1.2363036195866048,0.30924386803703635,0.08215733855003773,0.057922176036510925,0.07205737673664049,1.1661222360015526,0.16762992579813357,0.008420933693166896,0.7864872733828089,0.41265682427517103,-0.0017370297977976068,0.04811256629373681,3.3001484252052142,2.244536449333529,2.041902720557131,0.20263372877639785,1.572975093950489,1.258245704648083,0.314729389302406,0.07963751899017218,0.05578750216432285,0.06981031083699919,1.1801145453015642,0.15827340313546384,0.00852881915915981
2288,0.7727731859791839,0.41032650863762726,0.006611563209375407,0.047273620568458616,3.1902086328447363,2.163038383993972,1.9539019558266375,0.20913642816733458,1.5455469257590426,1.2363066770180988,0.3092402487409437,0.08215739332276233,0.05792222243741438,0.07205742558811563,1.1661219365706859,0.16762993773872015,0.008420931544707962,0.7864870040317878,0.41265678378266224,-0.0017370297966843307,0.04811254973018257,3.300149693855899,2.244534788941242,2.04190092003254,0.20263386890870186,1.5729745467656178,1.258248773823359,0.3147257729422588,0.07963757020309717,0.05578754554952973,0.06981035655255712,1.1801142564225855,0.1582734139955222,0.008528817097822869
2289,0.7727729172942035,0.4103264681481562,0.006611572280326765,0.047273604061772515,3.1902098406786097,2.1630367560070956,1.9539001913047307,0.2091365647023649,1.5455463719583677,1.236309649373879,0.30923672258448887,0.08215744651271245,0.05792226749746495,0.07205747306560253,1.166121645792608,0.1676299494476148,0.008420929461005066,0.7864867425885602,0.4126567445921498,-0.0017370217245124137,0.04811253366056721,3.3001509291810613,2.244533176106108,2.041899170923016,0.20263400518309205,1.5729740080635755,1.258251758258045,0.31472224980553043,0.07963761994989207,0.055787587692699425,0.0698104009918682,1.1801139758137433,0.1582734246412651,0.00852881509796845
2290,0.772772655530743,0.4103264287682131,0.006611578794619266,0.047273587974228294,3.1902110173540987,2.1630351694656964,1.953898471617971,0.20913669784772557,1.5455458345884072,1.2363125457361277,0.3092332888522794,0.08215749838065359,0.057922311437571004,0.07205751935295064,1.166121362241786,0.1676299608666565,0.008420927431528669,0.7864864879071647,0.41265670647541797,-0.0017370158767189836,0.04811251800043104,3.300152132683711,2.2445316045263857,2.0418974664766125,0.20263413804977315,1.5729734851771202,1.2582546662070981,0.314718818970022,0.07963766845338136,0.05578762878259845,0.06981044431186145,1.1801137022181596,0.1582734350242747,0.008528813150349722
2291,0.7727724007996852,0.4103263904987774,0.0066115857757680085,0.04727357231781183,3.1902121638911507,2.1630336250580524,1.953896797530038,0.2091368275280142,1.545545311061486,1.2363153663611126,0.3092299447003735,0.08215754888225958,0.057922354220181535,0.07205756442384043,1.1661210861605213,0.16762997201726032,0.00842092545700876,0.7864862400628851,0.41265666942910556,-0.0017370096309450786,0.04811250275939054,3.3001533053938585,2.2445300746821886,2.041895807230471,0.20263426745171725,1.5729729758143296,1.2582574981633874,0.31471547765094215,0.07963771567868674,0.05578766878967955,0.06981048649271941,1.1801134358325556,0.15827344516266542,0.008528811255417738
2292,0.7727721528359633,0.41032635327834505,0.006611592415118155,0.04727355707476044,3.190213281274603,2.1630321214110895,1.9538951675826672,0.20913695382842246,1.54554480159937,1.236318113691936,0.30922668790743413,0.08215759806304562,0.057922395883854866,0.07205760831513716,1.1661208172999848,0.16762998289901745,0.008420923535211611,0.7864859988065668,0.4126566333958394,-0.001737003684133931,0.04811248792074618,3.3001544483003697,2.2445285852594035,2.0418941917873132,0.20263439347209006,1.5729724801257703,1.2582602565130563,0.31471222361271406,0.07963776166687393,0.05578770774873171,0.06981052756791711,1.1801131764252832,0.15827345505644588,0.008528809411095977
2293,0.7727719114847986,0.41032631707209644,0.006611598948975166,0.04727354223615067,3.190214370373738,2.163030657668628,1.953893580862688,0.20913707680593993,1.5455443056719267,1.23632078951105,0.3092235161608766,0.08215764594583189,0.057922436447923185,0.07205765104828427,1.1661205555354124,0.16762999351861074,0.008420921664841964,0.7864857639844061,0.41265659834190416,-0.0017369978332032188,0.04811247347560919,3.300155562281117,2.244527135387758,2.0418926192171014,0.20263451617065648,1.5729719976131336,1.2582629430640155,0.3147090545491179,0.07963780644010449,0.05578774567852911,0.0698105675581633,1.1801129238713273,0.1582734647115406,0.008528807616117108
2294,0.7727716765609732,0.4103262818416974,0.006611605308561419,0.04727352779057721,3.190215431991329,2.163029232804181,1.953892036271552,0.20913719653262933,1.5455438229695972,1.2363233957197772,0.30922042724981996,0.08215769256199244,0.05792247593896514,0.07205769265093934,1.166120300695282,0.16763000388025948,0.00842091984437733,0.786485535416709,0.41265656423077607,-0.0017369921374218583,0.04811245941292449,3.3001566481481936,2.2445257240495327,2.041891088429044,0.20263463562048828,1.5729715279688121,1.2582655597191492,0.31470596824966285,0.07963785002778445,0.05578778260398326,0.0698106064894315,1.1801126780048081,0.1582734741318268,0.008528805869024898
2295,0.7727714478927478,0.41032624755386876,0.0066116115187424,0.04727351372761593,3.1902164668730735,2.163027845839186,1.9538905327584204,0.20913731308076558,1.5455433531219465,1.236325934114653,0.30921741900729344,0.08215773794130973,0.05792251438221103,0.07205773314977276,1.1661200526167703,0.1676300139889486,0.008420918072424743,0.7864853129358179,0.41265653103055366,-0.0017369865754325448,0.048112445722518764,3.300157706657898,2.24452435026911,2.041889598374068,0.2026347518950421,1.572971070833418,1.2582681082838303,0.31470296254958763,0.07963789245802425,0.05578781854890793,0.0698106443869054,1.1801124386671569,0.1582734833218268,0.008528804168479212
2296,0.7727712253080073,0.4103262141768845,0.006611617573539605,0.047273500036771304,3.1902174757146655,2.163026495781359,1.9538890692555095,0.2091374265258495,1.5455428957854955,1.236328406459156,0.30921448932633955,0.08215778211466318,0.05792255180382049,0.07205777257230159,1.1661198111310604,0.16763002384919667,0.008420916347601625,0.7864850963741336,0.41265649871085724,-0.0017369811525249496,0.04811243239417541,3.3001587385174105,2.244523013059993,2.0418881479893423,0.20263486507065084,1.5729706258716358,1.2582705905280682,0.31470003534356755,0.07963793375986256,0.05578785353790339,0.06981068127648575,1.1801122056945672,0.15827349228566895,0.00852880251315326
2297,0.7727710086396612,0.41032618168126767,0.0066116234781720545,0.0472734867078647,3.190218459174347,2.1630251816553447,1.9538876447113798,0.20913753694396486,1.5455424506160147,1.2363308144629674,0.30921163615304714,0.08215782511270486,0.057922588229760485,0.07205781094588859,1.1661195760705776,0.1676300334656927,0.00842091466857668,0.7864848855688735,0.41265646724342364,-0.0017369758641532368,0.04811241941798175,3.300159744397064,2.244521711452402,2.041886736228294,0.2026349752241081,1.572970192748267,1.2582730081687696,0.3146971845794976,0.07963797396212383,0.05578788759538834,0.06981071718392381,1.180111978924443,0.15827350102763096,0.008528800901768972
2298,0.7727707977237837,0.4103261500391246,0.006611629233324659,0.047273473730900524,3.1902194178758387,2.16302390249567,1.9538862580838388,0.2091376444118314,1.5455420172793226,1.236333159792,0.3092088574873227,0.08215786696608252,0.05792262368599443,0.07205784829787602,1.166119347267771,0.16763004284291222,0.008420913034052293,0.7864846803604159,0.4126564366014924,-0.0017369707097977458,0.04811240678420711,3.3001607249331832,2.244520444487123,2.0418853620544435,0.20263508243267966,1.5729697711377473,1.2582753628787398,0.31469440825900763,0.07963801309360116,0.05578792074575496,0.06981075213492832,1.1801117581943665,0.15827350955180675,0.00852879933308123
2299,0.7727705924006362,0.4103261192240686,0.0066116348417153414,0.04727346109614197,3.190220352415547,2.163022657354621,1.9538849083487744,0.20913774900584664,1.5455415954475673,1.2363354440667726,0.30920615138079455,0.08215790770508212,0.0579226581981791,0.07205788465529302,1.1661191245570688,0.16763005198536043,0.008420911442770568,0.7864844805932311,0.4126564067597276,-0.001736965687078637,0.04811239448337386,3.3001616807350995,2.24451921122291,2.041884024449715,0.2026351867731951,1.5729693607208317,1.2582776562853843,0.31469170443544736,0.07963805118273187,0.05578795301309403,0.06981078615489908,1.180111543343925,0.1582735178623152,0.008528797805883134
2300,0.7727703925149298,0.4103260892113868,0.0066116403064142015,0.047273448794120244,3.1902212633660403,2.1630214453028715,1.9538835945006732,0.20913785080219835,1.5455411848012721,1.2363376688653671,0.309203515935905,0.08215794735965837,0.05792269179169078,0.07205792004487466,1.166118907774711,0.16763006089756208,0.008420909893516394,0.7864842861161249,0.4126563776943673,-0.0017369607932761627,0.04811238250626507,3.300162612388497,2.2445180107371194,2.041882722414978,0.20263528832214173,1.5729689611864621,1.2582798899735192,0.31468907121294293,0.07963808825762583,0.055787984421218934,0.06981081926894472,1.1801113342145548,0.15827352596329178,0.008528796319008809
2301,0.7727701979150952,0.4103260599772413,0.006611645628933585,0.04727343681559496,3.1902221512801927,2.1630202654308985,1.953882315555066,0.20913794987583254,1.5455407850298597,1.2363398357251267,0.3092009493047329,0.08215798595920071,0.05792272449142685,0.07205795449284719,1.1661186967600274,0.1676300695839244,0.008420908385106105,0.7864840967815651,0.412656349382487,-0.001736956027081335,0.0481123708438886,3.3001635204594386,2.244516842127102,2.0418814549724,0.2026353871547021,1.5729685722322497,1.2582820654870388,0.3146865067452108,0.07963812434585026,0.055788014993483306,0.0698108515016854,1.1801111306507535,0.15827353385876877,0.00852879487132287
2302,0.7727700084544232,0.4103260314992007,0.0066116508132914795,0.047273425151624734,3.1902230166949974,2.163019116852863,1.9538810705522591,0.20913804630060406,1.5455403958301903,1.2363419461427383,0.30919844968745214,0.08215802353249844,0.05792275632177623,0.07205798802491063,1.1661184913556302,0.16763007804895003,0.008420906916399299,0.7864839124467293,0.41265632180248246,-0.00173695138487856,0.048112359487542125,3.3001644054980526,2.2445157045138417,2.0418802211689626,0.20263548334487927,1.5729681935631301,1.25828418432909,0.31468400923404005,0.07963815947439935,0.0557880447527554,0.06981088287723797,1.1801109325002515,0.15827354155285894,0.008528793461731184
2303,0.7727698239894135,0.4103260037556613,0.0066116558598898895,0.047273413793463726,3.19022386012725,2.1630179986994182,1.9538798585499757,0.20913814014944254,1.5455400169088465,1.2363440015772742,0.30919601533157226,0.08215806010789344,0.05792278730674885,0.07205802066635332,1.1661182914065764,0.16763008629697107,0.00842090548628329,0.7864837329719605,0.4126562949335366,-0.0017369468664021614,0.048112348428716055,3.3001652680343745,2.244514597035087,2.041879020069411,0.20263557696567586,1.5729678248934587,1.258286247964964,0.3146815769284947,0.07963819366983262,0.05578807372153519,0.06981091341931975,1.1801107396132307,0.15827354904952412,0.00852879208916649
2304,0.7727696443816641,0.4103259767261755,0.006611660773558722,0.04727340273268486,3.190224682084039,2.163016910128785,1.9538786786353048,0.20913823149348032,1.545539647978827,1.2363460034487344,0.30919364453009257,0.08215809571291634,0.05792281746966737,0.07205805244175581,1.1661180967623594,0.16763009433257361,0.008420904093688146,0.7864835582225383,0.4126562687559242,-0.0017369424672465938,0.048112337659210004,3.3001661085884786,2.2445135188559218,2.0418778507676687,0.20263566808825312,1.5729674659439212,1.2582882578208099,0.3146792081231114,0.07963822695794516,0.05578810192167508,0.06981094315098012,1.1801105518441855,0.15827355635294563,0.008528790752602296
2305,0.7727694694961642,0.41032595039094943,0.006611665555381466,0.04727339196106241,3.1902254830583523,2.1630158503185437,1.9538775299161286,0.20913832040241515,1.5455392887633284,1.2363479531422237,0.3091913356211047,0.08215813037451893,0.057922846833364114,0.07205808337516806,1.1661179072756371,0.16763010216004715,0.008420902737571404,0.7864833880670711,0.4126562432505441,-0.0017369381864969016,0.04811232717102052,3.300166927666235,2.2445124691609046,2.0418767123786123,0.2026357567822922,1.5729671164450765,1.2582902152876223,0.3146769011574542,0.07963825936398064,0.05578812937456033,0.06981097209476307,1.1801103690507218,0.1582735634670443,0.008528789451038632
2306,0.772769299202121,0.41032592473100915,0.006611670208551149,0.04727338147064003,3.1902262635323653,2.163014818470206,1.9538764115260223,0.2091384069441837,1.5455389389923284,1.236349852006343,0.3091890869859856,0.08215816411889294,0.0579228754200275,0.07205811348997093,1.1661177228032227,0.16763010978380813,0.008420901416924836,0.7864832223782731,0.41265621839907757,-0.0017369340212580048,0.04811231695640732,3.300167725762494,2.2445114471583874,2.0418756040427,0.20263584311568753,1.5729667761341424,1.2582921217197942,0.3146746544143483,0.07963829091246521,0.055788156100968364,0.06981100027258041,1.1801101910944927,0.1582735703958494,0.008528788183508352
2307,0.7727691333724596,0.410325899728056,0.006611674735339856,0.04727337125368691,3.190227023977454,2.1630138138069066,1.9538753226218464,0.20913849118506,1.545538598404242,1.2363517013556076,0.3091868970486345,0.08215819697156487,0.05792290325128237,0.07205814280894685,1.1661175432055666,0.16763011720820548,0.008420900130770001,0.7864830610324856,0.4126561941838512,-0.0017369299695021712,0.0481123070078498,3.3001685033610944,2.2445104520782877,2.041874524923643,0.20263592715464435,1.5729664447565461,1.258293978437451,0.3146724663190952,0.07963832162729748,0.05578818212114496,0.06981102770577888,1.1801100178406903,0.15827357714332982,0.008528786949072935
2308,0.772768971883973,0.41032587536442966,0.006611679138579629,0.047273361302714534,3.1902277648559543,2.163012835574711,1.9538742623852419,0.20913857318946918,1.5455382667449193,1.2363535024707124,0.3091847642742068,0.0821582289573134,0.057922930348120086,0.07205817135421375,1.1661173683472075,0.1676301244375627,0.0084208988781589,0.7864829039098219,0.4126561705878059,-0.0017369260286588944,0.048112297318063935,3.300169260936572,2.2445094831733248,2.041873474209818,0.20263600896350706,1.5729661220649709,1.258295786726754,0.31467033533821703,0.07963835153167254,0.05578820745473993,0.06981105441507962,1.180109849158477,0.15827358371343125,0.008528785746823118
2309,0.7727688146170781,0.41032585162313373,0.006611683420749054,0.047273351610459216,3.1902284866202546,2.163011883040676,1.9538732300204449,0.2091386530202315,1.545537943767946,1.2363552565998097,0.3091826871681362,0.08215826010025751,0.057922956730973106,0.0720581991472993,1.16611719809629,0.1676301314761571,0.008420897658172617,0.7864827508939347,0.41265614759452107,-0.0017369221964848233,0.048112287879985435,3.300169998953315,2.244508539717142,2.041872451112147,0.2026360886049949,1.572965807819644,1.2582975478411682,0.3146682599784757,0.0796383806481632,0.055788232120875886,0.06981108042064661,1.1801096849205241,0.15827359011005857,0.008528784575877635
2310,0.7727686614551696,0.4103258284876699,0.006611687583063186,0.04727334216984404,3.1902291897098576,2.1630109554894825,1.9538722247507279,0.20913873073875466,1.545537629234156,1.2363569649591297,0.3091806642750263,0.08215829042394354,0.05792298241978881,0.07205822620921602,1.1661170323240917,0.1676301383281667,0.008420896469915739,0.7864826018714052,0.4126561251880622,-0.001736918471910917,0.04811227868673384,3.3001707178627457,2.2445076210010426,2.0418714548606456,0.20263616614039703,1.5729655017878692,1.2582992630021004,0.31466623878576877,0.0796384089987999,0.055788256138216,0.06981110574215571,1.1801095250025635,0.15827359633702986,0.00852878343537801
2311,0.7727685122860497,0.41032580594229623,0.006611691630222405,0.047273332974068855,3.190229874560307,2.163010052231766,1.9538712458273753,0.2091388064043907,1.545537322910339,1.2363586287329316,0.30917869417740756,0.08215831995108114,0.05792300743380575,0.07205825256024173,1.1661168709064613,0.16763014499794343,0.008420895312527793,0.7864824567330925,0.4126561033532218,-0.0017369148505947118,0.04811226973169769,3.3001714181119497,2.244506726341989,2.0418704847130407,0.20263624162894836,1.5729652037428106,1.2583009333989088,0.31466427034390176,0.07963843660483136,0.055788279524761245,0.06981113039859553,1.1801093692847364,0.15827360239831564,0.008528782324499242
2312,0.7727683670003398,0.4103257839716709,0.006611695563497458,0.0472733240165049,3.19023054159723,2.1630091725954865,1.9538702925204814,0.20913888007500528,1.5455370245720994,1.2363602490767485,0.30917677549535083,0.08215834870380936,0.0579230317917791,0.07205827822013262,1.1661167137223696,0.16763015148954546,0.008420894185169961,0.7864823153726435,0.41265608207519133,-0.0017369113313715975,0.04811226100843477,3.3001721001379813,2.2445058550743506,2.0418695399459645,0.20263631512838629,1.5729649134661847,1.2583025601920168,0.3146623532741678,0.07963846348696657,0.05578830229805523,0.06981115440846125,1.180109217650228,0.15827360829763307,0.008528781242437472
2313,0.7727682254927903,0.41032576256121917,0.0066116993874004715,0.047273315290791866,3.190231191241488,2.163008315932369,1.9538693641257057,0.20913895180666364,1.5455367340006798,1.2363618271157821,0.30917490688489774,0.08215837670349246,0.05792305551180767,0.07205830320796619,1.1661165606550217,0.16763015780724635,0.008420893087036647,0.7864821776877295,0.4126560613399071,-0.0017369079100331072,0.04811225251076559,3.3001727643728684,2.244505006556048,2.0418686198614004,0.20263638669464765,1.5729646307452867,1.2583041445114678,0.314660486233819,0.07963848966518806,0.05578832447502628,0.06981117778961118,1.1801090699863224,0.1582736140388899,0.008528780188420845
2314,0.7727680876605146,0.4103257416968599,0.00661170310260123,0.04727330679071397,3.1902318239007843,2.16300748160738,1.9538684599528793,0.20913902165450066,1.5455364509855805,1.236363363947905,0.3091730870376753,0.08215840397110083,0.05792307861165659,0.0720583275424535,1.1661164115897769,0.16763016395511346,0.008420892017341714,0.7864820435783855,0.4126560411337963,-0.0017369045859510074,0.04811224423265515,3.300173411235585,2.2445041801584855,2.041867723775777,0.20263645638270855,1.572964355375459,1.2583056874598082,0.31465866791565095,0.07963851515910038,0.05578834607228244,0.0698112005595522,1.1801089261824356,0.15827361962582012,0.008528779161696745
2315,0.7727679534047549,0.4103257213653444,0.00661170671401571,0.047273298510324274,3.1902324399784243,2.1630066690086847,1.9538675793366997,0.20913908967198505,1.5455361753210293,1.2363648606417246,0.30917131467930464,0.08215843052686436,0.05792310110846369,0.07205835124166096,1.166116266416042,0.16763016993750682,0.00842089097533278,0.7864819129486746,0.4126560214440968,-0.001736901354509074,0.04811223616833178,3.300174041140513,2.244503375276072,2.0418668510301945,0.20263652424587741,1.5729640871567712,1.2583071901103182,0.31465689704645294,0.07963853998761442,0.05578836710584416,0.06981122273518672,1.1801087861318957,0.15827362506241854,0.008528778161545125
2316,0.7727678226296941,0.4103257015540065,0.006611710224024424,0.04727329044385613,3.190233039870082,2.1630058775411807,1.9538667216298158,0.20913915591136495,1.5455359068095098,1.2363663182402662,0.30916958856924365,0.08215845639050662,0.05792312301893786,0.07205837432319263,1.1661161250259928,0.1676301757586219,0.008420889960281425,0.7864817857055794,0.41265600225862553,-0.001736898213432772,0.048112228312202576,3.3001746544943957,2.2445025913200807,2.041866000983858,0.20263659033622272,1.5729638258973493,1.2583086535105377,0.3146551723868115,0.07963856416916143,0.055788387591325525,0.06981124433297903,1.180108649730738,0.1582736303525452,0.008528777187269486
2317,0.7727676952432561,0.41032568225103755,0.006611713637044499,0.04727328258578939,3.1902336239662175,2.163005106629893,1.9538658862063019,0.2091392204235911,1.5455356452593882,1.2363677377599156,0.30916790749947265,0.08215848158112657,0.05792314435925884,0.07205839680410406,1.166115987315219,0.16763018142284947,0.00842088897149065,0.7864816617597659,0.4126559835660425,-0.0017368951585076536,0.04811222065891835,3.3001752516987444,2.2445018277219124,2.0418651730174124,0.20263665470450018,1.5729635714111587,1.258310078681332,0.31465349272982673,0.07963858772158257,0.05578840754384068,0.06981126536887476,1.180108516878325,0.1582736355002408,0.00852877623820398
2318,0.7727675711572193,0.4103256634455041,0.006611716958012576,0.047273274930849665,3.1902341926550677,2.1630043557207967,1.9538650724625515,0.20913928325824524,1.5455353904865121,1.2363691201925162,0.3091662702939959,0.08215850611720057,0.05792316514507895,0.07205841870089567,1.1661158531827145,0.1676301869347228,0.008420888008295801,0.7864815410256981,0.4126559653558679,-0.001736892185009213,0.04811221320337261,3.3001758331528044,2.2445010839339496,2.041864366533873,0.20263671740007683,1.5729633235195315,1.2583114666189317,0.31465185690059977,0.07963861066213157,0.055788426978006275,0.06981128585829545,1.180108387477333,0.15827364050968312,0.008528775313714279
2319,0.7727674502840113,0.41032564512703174,0.006611720184618475,0.04727326747381186,3.1902347463007152,2.1630036242598862,1.953864279794367,0.20913934446551932,1.5455351423144386,1.2363704665063482,0.3091646758080905,0.08215853001729789,0.057923185392129234,0.0720584400301263,1.1661157225269652,0.16763019229849402,0.008420887070041062,0.7864814234187064,0.4126559476182047,-0.0017368892947851947,0.04811220594052178,3.3001763992330546,2.2445003594099457,2.0418635809371404,0.2026367784728052,1.5729630820513962,1.2583128182959142,0.31465026375548205,0.0796386330081093,0.05578844590847874,0.06981130581668302,1.1801082614301732,0.15827364538483016,0.008528774413176569
2320,0.7727673325444133,0.41032562728685307,0.006611723332568979,0.047273260209993895,3.1902352852905627,2.163002911740854,1.9538635076487882,0.209139404092066,1.5455349005680226,1.2363717776417744,0.30916312292624815,0.08215855329846575,0.057923205114851245,0.07205846080705947,1.1661155952547781,0.16763019751966948,0.008420886156138278,0.7864813088620575,0.41265593034469233,-0.001736886473240551,0.04811219886584106,3.3001769503377907,2.2444996536496182,2.041862815680504,0.20263683796911428,1.5729628468374128,1.2583141346572866,0.31464871218012624,0.07963865477543323,0.05578846434874265,0.06981132525830008,1.18010813864706,0.15827365013072614,0.008528773536030664
2321,0.7727672178607384,0.4103256099166118,0.006611726402130348,0.04727325313479234,3.190235810005521,2.1630022176653045,1.9538627554811956,0.20913946218410892,1.5455346650888266,1.2363730545243252,0.3091616105645015,0.08215857597757534,0.057923224327537534,0.07205848104674399,1.1661154712739217,0.1676302026027537,0.00842088526601265,0.7864811972807727,0.41265591352743736,-0.0017368837196515968,0.048112191974897384,3.3001774868595137,2.2444989661618804,2.041862070226958,0.20263689593492243,1.572962617724115,1.2583154166325556,0.3146472010915592,0.07963867597982466,0.055788482312116305,0.0698113441971828,1.1801080190393138,0.1582736547516016,0.008528772681731571
2322,0.7727671061613549,0.41032559300973004,0.006611729404426503,0.04727324624404051,3.1902363208319007,2.163001541563967,1.953862022777383,0.20913951878658385,1.5455344357214766,1.2363742980545176,0.30916013766695905,0.0821585980706189,0.05792324304373593,0.07205850076348977,1.166115350496971,0.1676302075534576,0.00842088439914351,0.7864810886057894,0.4126558971602752,-0.0017368810233699405,0.04811218526368839,3.300178009196288,2.2444982964845464,2.0418613440697153,0.20263695241483118,1.5729623945615454,1.2583166651265727,0.3146457294349728,0.07963869663617645,0.055788499811216335,0.06981136264666916,1.1801079025229286,0.15827365925274314,0.008528771849786709
2323,0.7727669973790815,0.41032557656105517,0.006611732347371557,0.04727323953384843,3.1902368181606935,2.16300088298854,1.953861309044882,0.2091395739436579,1.5455342123227098,1.2363755091158115,0.30915870320689826,0.08215861959312361,0.057923261276600385,0.07205851997117219,1.1661152328390418,0.16763021237778739,0.008420883555050922,0.7864809827725188,0.4126558812384522,-0.0017368783765907836,0.048112178728490766,3.300178517751272,2.2444976441769606,2.0418606367243655,0.20263700745259508,1.5729621772115785,1.2583178810269064,0.31464429618467205,0.07963871675892877,0.05578851685827568,0.06981138061967493,1.1801077890164522,0.1582736636397364,0.008528771039744035
2324,0.772766891452868,0.4103255605673516,0.0066117352431352,0.047273233000747136,3.190237302393603,2.163000241519289,1.953860613820865,0.20913962769842387,1.545533994758163,1.2363766885727379,0.30915730618542503,0.0821586405598422,0.057923279038628706,0.07205853868299433,1.1661151182194847,0.167630217082471,0.008420882733310724,0.7864808797224567,0.4126558657591007,-0.0017368757674618984,0.04811217236600096,3.3001790129387385,2.2444970088273286,2.041859947736501,0.20263706109082757,1.5729619655450375,1.2583190652022376,0.3146429003428,0.07963873636178176,0.05578853346490053,0.0698113981284727,1.1801076784426052,0.1582736679188344,0.008528770251206356
2325,0.7727667883280774,0.4103255450275064,0.006611738105127898,0.04727322664169785,3.1902377739469654,2.1629996167657444,1.953859936672696,0.20913968009304826,1.5455337829057358,1.2363778372742693,0.3091559456314666,0.08215866098481799,0.05792329634171772,0.07205855691152797,1.1661150065615287,0.16763022167500946,0.008420881933558014,0.7864807794034951,0.4126558507214429,-0.001736873182865764,0.048112166173346634,3.3001794951881083,2.2444963900536217,2.041859276682497,0.20263711337112458,1.5729617594449137,1.2583202185056115,0.3146415409393022,0.07963875545775126,0.055788549642117255,0.06981141518472588,1.1801075707279702,0.15827367209701437,0.00852876948383504
2326,0.7727666879577939,0.4103255299430003,0.006611740950416667,0.04727322045418801,3.1902382332583965,2.1629990083721458,1.9538592772034638,0.20913973116868198,1.5455335766561549,1.2363789560549328,0.309154620601222,0.08215868088123947,0.05792331319704014,0.07205857466859499,1.1661148977930746,0.16763022616395504,0.008420881155499604,0.7864806817712074,0.41265583612725165,-0.0017368706061435119,0.048112160148181746,3.3001799649506545,2.244495787509017,2.0418586231750533,0.2026371643339637,1.5729615588069903,1.2583213417756012,0.3146402170313891,0.07963877405903143,0.055788565400256215,0.0698114317993763,1.1801074658037631,0.1582736761822286,0.00852876873736214
2327,0.772766590303928,0.410325515318357,0.00661174379944196,0.047273214436308046,3.1902386807939385,2.1629984160218534,1.9538586350563911,0.2091397809654624,1.5455333759155878,1.2363800457375473,0.3091533301780404,0.08215870026136507,0.05792332961498069,0.07205859196519762,1.1661147918471086,0.16763023055912643,0.008420880398924902,0.7864805867899538,0.41265582198129047,-0.001736868017344767,0.048112154288764,3.300180422706747,2.2444952008864223,2.041857986867738,0.20263721401868448,1.5729613635424147,1.2583224358390088,0.3146389277034058,0.07963879217692003,0.05578858074888833,0.0698114479825754,1.1801073636062567,0.1582736801836039,0.008528768011601188
2328,0.7727664953390452,0.4103255011619185,0.006611746677797757,0.04727320858687985,3.190239117057188,2.1629978394441722,1.9538580099215677,0.2091398295226047,1.5455331806078558,1.2363811071356203,0.3091520734722355,0.08215871913640363,0.057923345605035,0.07205860881141857,1.1661146886623555,0.16763023487199033,0.008420879663724228,0.7864804944346898,0.41265580829207116,-0.0017368653915148594,0.04811214859408293,3.300180868975084,2.244494629925373,2.041857367461822,0.20263726246355118,1.5729611735799076,1.2583235015132617,0.3146376720666459,0.07963880982170302,0.055788595696727394,0.06981146374358732,1.1801072640774308,0.15827368411179152,0.00852876730646518
2329,0.7727664030485483,0.410325487486627,0.006611749617324025,0.047273202905609005,3.1902395426024945,2.162997278423816,1.9538574015456092,0.20913987687820665,1.5455329906780906,1.2363821410568854,0.30915084962120515,0.08215873751630026,0.057923361175628116,0.07205862521623309,1.166114588184446,0.16763023911608288,0.008420878949909474,0.7864804046931194,0.412655795072615,-0.0017368626976564244,0.04811214306401128,3.3001813043259305,2.2444940744215445,2.041856764716014,0.2026373097055302,1.5729609888693794,1.2583245396099165,0.31463644925946294,0.07963882700245017,0.05578861025145686,0.06981147909060946,1.180107167166125,0.15827368797935107,0.008528766621986778
2330,0.7727663134329685,0.4103254743111211,0.00661175265656562,0.04727319739324887,3.190239958046224,2.1629967328084474,1.953856809738836,0.2091399230696112,1.5455328060970965,1.2363831483073882,0.3091496577897085,0.08215875540965398,0.057923376334044735,0.0720586411874369,1.1661144903663714,0.1676302433074673,0.0084208782576381,0.7864803175679786,0.4126557823415239,-0.0017368598982507172,0.048112137699469947,3.300181729392603,2.244493534234503,2.041856178453901,0.20263735578060194,1.5729608093862388,1.258325550938702,0.314635258447537,0.07963884372693009,0.055788624419657984,0.06981149403069822,1.1801070728285188,0.15827369180117376,0.008528765958341993
2331,0.7727662265119095,0.41032546166119954,0.006611755844939726,0.04727319205187737,3.190240364087848,2.16299620252528,1.953856234392114,0.20913996813316604,1.5455326268659368,1.236384129695734,0.3091484971702028,0.08215877282335482,0.05792339108612177,0.07205865673133682,1.1661143951704644,0.1676302474655798,0.008420877587250868,0.7864802330809042,0.41265577012440363,-0.0017368569453056204,0.048112132502702167,3.3001821448925504,2.2444930093042785,2.0418556085808,0.2026374007234784,1.572960635135957,1.2583265363117502,0.31463409882420695,0.07963886000126702,0.055788638206518915,0.06981150856947595,1.180106981030066,0.15827369559524831,0.008528765315886968
2332,0.7727661423284191,0.4103254495717033,0.006611759244077822,0.047273186885201435,3.1902407615327886,2.1629956875973066,1.9538556754928256,0.2091400121044813,1.5455324530238188,1.236385086039963,0.30914736698385575,0.08215878976233348,0.057923405436036246,0.07205867185253112,1.16611430256977,0.1676302516140027,0.008420876939315886,0.7864801512767581,0.41265575845569963,-0.0017368537790047114,0.04811212747757683,3.3001825516503325,2.244492499667769,2.041855055099978,0.2026374445677914,1.5729604661618082,1.2583274965503544,0.31463296961145376,0.07963887582969931,0.055788651615630167,0.06981152271091895,1.180106891746859,0.15827369938337393,0.008528764695201169
2333,0.7727660609547291,0.41032543808879435,0.00661176293157642,0.04727318189896658,3.190241151322898,2.162995188166187,1.953855133147804,0.2091400550183832,1.545532284656838,1.236386018175094,0.309146266481744,0.08215880622910518,0.057923419385918926,0.07205868655351583,1.1661142125505362,0.16763025578164964,0.00842087631468478,0.7864800722292814,0.4126557473809152,-0.0017368503241343425,0.04811212262999605,3.300182950628192,2.244492005481725,2.041854518135756,0.20263748734596915,1.572960302553516,1.2583284324924362,0.3146318700610796,0.07963889121414311,0.055788664648615045,0.06981153645698085,1.1801068049680874,0.15827370319223943,0.008528764097142347
2334,0.7727659824998838,0.4103254272731867,0.00661176700593278,0.04727317710149373,3.190241534574594,2.1629947045210063,1.953854607611749,0.20914009690925753,1.5455321219094582,1.236386926962845,0.30914519494661324,0.08215882222329765,0.0579234329354545,0.07205870083428009,1.166114125114796,0.1676302600042718,0.008420875714569058,0.7864799960486046,0.41265573695975677,-0.0017368464853261822,0.04811211796842847,3.300183342964273,2.2444915270516175,2.0418539979621446,0.20263752908947286,1.5729601444585628,1.2583293450021287,0.3146307994564342,0.07963890615374235,0.05578867730474833,0.06981154980720623,1.1801067206985785,0.15827370705479807,0.008528763522921168
2335,0.7727659071197323,0.41032541720442456,0.00661177159278057,0.04727317250438734,3.1902419126282693,2.162994237135509,1.9538540993239093,0.20914013781159935,1.5455319649997676,1.23638781330436,0.3091441516954077,0.08215883774104862,0.05792344608137101,0.07205871469179029,1.166114040283661,0.16763026432645595,0.008420875140640507,0.7864799228910804,0.41265572727029265,-0.0017368421410628929,0.048112113504612655,3.3001837300221335,2.2444910648690204,2.0418534950398204,0.20263756982919984,1.5729599920972093,1.2583302349823131,0.31462975711489605,0.07963892064429264,0.05578868958046821,0.06981156275823691,1.1801066389620454,0.15827371101208995,0.008528762974199335
2336,0.7727658350299536,0.41032540798646394,0.006611776852896732,0.047273168123459754,3.1902422871125977,2.162993786716627,1.9538536089558924,0.2091401777607345,1.5455318142394645,1.2363886781567053,0.3091431360827591,0.08215885277423035,0.057923458816783006,0.0720587281193257,1.1661139581015605,0.16763026880422416,0.008420874595162112,0.7864798529720818,0.4126557184143725,-0.001736837136006461,0.04811210925447426,3.3001841134550873,2.2444906196602408,2.0418530100642247,0.2026376095960159,1.572959845782161,1.2583311033908626,0.3146287423912984,0.07963893467750131,0.05578870146874959,0.06981157530317782,1.1801065598052611,0.1582737151156098,0.008528762453217327
2337,0.7727657665253146,0.41032539975661253,0.006611782997416951,0.04727316398009022,3.1902426600291567,2.1629933542702555,1.9538531374749508,0.2091402167953046,1.5455316700599073,1.2363895225542059,0.30914214750570146,0.08215886730969085,0.057923471130548757,0.07205874110585642,1.1661138786403893,0.1676302735089423,0.00842087408118727,0.7864797865848684,0.4126557105262733,-0.001736831266421504,0.048112105239470015,3.3001844952908224,2.244490192452126,2.0418525440292115,0.20263764842291485,1.5729597059441633,1.2583319512616107,0.3146277546825527,0.07963894824026033,0.05578871295848787,0.06981158743099924,1.1801064833021602,0.15827371943085938,0.0085287619629883
2338,0.7727657020024384,0.41032539269536217,0.006611790298028039,0.04727316010284928,3.1902430338666083,2.162992941185543,1.9538526862268715,0.20914025495867153,1.5455315330506292,1.2363903476397369,0.30914118541089225,0.08215888132794438,0.057923483006160806,0.07205875363490893,1.1661138020066653,0.16763027853191076,0.008420873602789272,0.7864797241229584,0.41265570378225364,-0.0017368242703427253,0.04811210148819994,3.300184878045395,2.2444897846564764,2.041852098310372,0.2026376863461045,1.5729595731697368,1.258332779735023,0.3146267934347138,0.07963896131340148,0.055788724033444696,0.06981159912545884,1.18010640956086,0.15827372404152712,0.008528761507522086
2339,0.7727656419951305,0.41032538704279675,0.006611799117204595,0.04727315652999775,3.190243411753604,2.1629925493554705,1.9538522570519772,0.20914029230349343,1.5455314040048769,1.2363911547016266,0.3091402493032503,0.08215889480179164,0.05792349442057719,0.07205876568344544,1.1661137283490743,0.16763028399150434,0.008420873165426817,0.7864796661146679,0.4126556984164075,-0.0017368157987007055,0.048112098038874784,3.300185264875729,2.244489398190284,2.0418516747812703,0.20263772340901368,1.5729594482459166,1.2583335900944583,0.3146258581514582,0.07963897387038668,0.055788734671138235,0.0698116103640358,1.180106338731047,0.1582737290559685,0.008528761092180407
2340,0.7727655872211274,0.4103253831202289,0.006611809937352428,0.04727315331280353,3.190243797670349,2.1629921813373136,1.9538518524397173,0.20914032889759637,1.5455312839902609,1.2363919452306318,0.309139338759629,0.08215890769446214,0.0579235053426477,0.07205877722030957,1.1661136578686233,0.16763029004272936,0.008420872776427139,0.7864796132688496,0.4126556947415871,-0.0017368053873773603,0.04811209494259417,3.3001856597903285,2.2444890356358562,2.041851275968437,0.20263775966741948,1.5729593322293358,1.2583343838218919,0.314624948407444,0.07963898587554516,0.05578874484134984,0.06981162111645547,1.180106271013921,0.15827373461587851,0.008528760724146642
2341,0.7727655386500634,0.41032538136242647,0.006611823412524101,0.047273150520348556,3.190244196740162,2.1629918405790916,1.9538514757449776,0.20914036483411405,1.545531174442255,1.2363927209951842,0.30913845344707086,0.08215891995734657,0.05792351573119274,0.07205878820439093,1.1661135908310365,0.16763029689112394,0.00842087244569472,0.786479566541289,0.41265569318052814,-0.001736792407727103,0.0481120922680906,3.300186067939358,2.2444887004663068,2.041850905267819,0.2026377951984876,1.572959226537699,1.2583351626715393,0.31462406386615965,0.07963899728193308,0.055788754504310895,0.06981163134295622,1.1801062066742678,0.15827374090889607,0.008528760413114218
2342,0.7727654976021515,0.4103253823656062,0.006611840442832043,0.04727314824648683,3.190244615639797,2.1629915317379185,1.95385113148923,0.20914040024868874,1.545531077300127,1.2363934841505673,0.3091375931495596,0.08215893152739726,0.05792352553280128,0.0720587985825758,1.1661135275809675,0.16763030481314728,0.008420872186750222,0.786479527230983,0.4126556943121403,-0.0017367759954656989,0.04811209010858916,3.3001864960224774,2.2444883973622405,2.041850567245949,0.20263783011629163,1.572959133082578,1.2583359287765283,0.3146232043060498,0.07963900802888188,0.055788763608625815,0.06981164099235604,1.1801061460542872,0.15827374818706993,0.008528760172294654
2343,0.7727654658975186,0.4103253869623764,0.006611862294864934,0.047273146620320845,3.1902450631883665,2.1629912611414284,1.9538508257911344,0.20914043535029414,1.5455309952043033,1.236394237397232,0.30913675780707117,0.08215894232451976,0.05792353467962101,0.07205880828786054,1.1661134685562566,0.16763031418729563,0.008420872018321887,0.7864794971255836,0.4126556989436373,-0.0017367549357194395,0.04811208859211985,3.3001869528736036,2.244488132670136,2.0418502680702417,0.20263786459989408,1.5729590544619658,1.2583366848033621,0.3146223696586037,0.0796390180395401,0.055788772089189614,0.06981165000027442,1.18010608958746,0.15827375679499722,0.00852876001995911
2344,0.772765446097138,0.41032539634833387,0.006611890814338051,0.04727314582299007,3.1902455512197108,2.162991037482309,1.9538505669995696,0.20914047048273943,1.5455309317950372,1.2363949842201412,0.309135947574896,0.08215895225064719,0.05792354308857427,0.0720588172393129,1.1661134142929928,0.16763032554498128,0.008420871966959922,0.7864794787353587,0.4126557082319842,-0.0017367274606514202,0.04811208789799988,3.30018745032574,2.244487915090602,2.041850016140695,0.2026378989499067,1.572958994251167,1.258337434185045,0.3146215600661219,0.07963902721999722,0.055788779866445676,0.06981165828909165,1.180106037803488,0.15827376721571607,0.008528759981964385
2345,0.7727654418823672,0.4103254122833139,0.006611928747001047,0.04727314611432737,3.1902460959450063,2.162990872895746,1.9538503666703417,0.20914050622540434,1.5455308921942759,1.2363957292746646,0.3091351629196114,0.08215896119011135,0.05792355066167231,0.07205882534363262,1.166113365423484,0.16763033965110655,0.008420872071170085,0.786479475660037,0.41265572387585137,-0.0017366909466893996,0.048112088282933396,3.3001880045584535,2.2444877567430925,2.041849823062636,0.2026379336804568,1.5729589574707175,1.2583381814958177,0.3146207759748997,0.07963903545959822,0.05578878684665223,0.06981166576938441,1.1801059913265217,0.15827378014302207,0.008528760095726565
