Year,GDP ($Y_t$): Baseline,Labor ($L_t$): Baseline,Government Expenditures ($G_t$): Baseline,Lump sum transfers ($TR_t$): Baseline,Wealth ($B_t$): Baseline,Capital Stock ($K_t$): Baseline,Domestically-owned Capital Stock ($K^d_t$): Baseline,Foreign-owned Capital Stock ($K^f_t$): Baseline,Government Debt ($D_t$): Baseline,Domestically-owned Gov Debt ($D^d_t$): Baseline,Foreign-owned Gov Debt ($D^f_t$): Baseline,Real interest rate ($r_t$): Baseline,"Real interest rate on gov debt ($r_{gov,t}$): Baseline","Real interest rate on HH portfolio ($r_{p,t}$): Baseline",Wage rate: Baseline,Total tax revenue ($REV_t$): Baseline,Business tax revenue: Baseline,GDP ($Y_t$): Reform,Labor ($L_t$): Reform,Government Expenditures ($G_t$): Reform,Lump sum transfers ($TR_t$): Reform,Wealth ($B_t$): Reform,Capital Stock ($K_t$): Reform,Domestically-owned Capital Stock ($K^d_t$): Reform,Foreign-owned Capital Stock ($K^f_t$): Reform,Government Debt ($D_t$): Reform,Domestically-owned Gov Debt ($D^d_t$): Reform,Foreign-owned Gov Debt ($D^f_t$): Reform,Real interest rate ($r_t$): Reform,"Real interest rate on gov debt ($r_{gov,t}$): Reform","Real interest rate on HH portfolio ($r_{p,t}$): Reform",Wage rate: Reform,Total tax revenue ($REV_t$): Reform,Business tax revenue: Reform
2026,0.5531854906310447,0.25396046172901277,0.006212891056023903,0.03384053420471365,2.210590866040892,1.9616183610491957,1.9013862008220124,0.060232160227183355,0.5153411086981329,0.3092046652188797,0.20613644347925317,0.054521258151076196,0.03451017475793529,0.05035785627465683,1.3487331962334899,0.10834417931789457,0.005629776252045724,0.560382801193175,0.25892129190626373,0.006293724894178038,0.03428081911034261,2.210590866040892,1.9665090708628594,1.9013862008220124,0.06512287004084713,0.5153411086981329,0.3092046652188797,0.20613644347925317,0.05560771603297816,0.03543057131754159,0.05141803483093266,1.3401036532179775,0.10252318163052604,0.005722909849583085
2027,0.5532251744160018,0.2552416240554463,0.006213336749262075,0.03384296886794526,2.17716513602201,1.9460006121341882,1.8826297538634402,0.06337085827074805,0.49089230359761654,0.2945353821585699,0.19635692143904665,0.05535985117655612,0.035220591745486036,0.05130294276904648,1.342059623125642,0.10842780550175696,0.0056453696981653015,0.5603110308432573,0.259836505387501,0.0062929188329695586,0.03427643469421504,2.1855363751822416,1.9546016626551754,1.8871532171270167,0.0674484455281587,0.49730526342537495,0.298383158055225,0.19892210537015,0.056231719506425124,0.035959198022460455,0.05211994843981453,1.3352124290411487,0.10255665690652362,0.005733411673343525
2028,0.5530484316168659,0.25611803894979923,0.006211351730177942,0.03383214177326934,2.1480838568516987,1.9335618049261822,1.8678488270308122,0.0657129778953701,0.46705838303481095,0.28023502982088655,0.1868233532139244,0.0559978774435977,0.03576109790859243,0.05206064220163794,1.3370399209211614,0.10843129234636249,0.005654956637551898,0.5602044467745788,0.2604317362749815,0.0062917217748069305,0.0342699062194396,2.1653133834563043,1.9463705578323829,1.8773555257512597,0.06901503208112307,0.4799297628417411,0.2879578577050446,0.19197190513669649,0.05665678378553833,0.036319292699506234,0.05263394377800399,1.3319073294101147,0.10254891292584078,0.005739896617286126
2029,0.5530447992857258,0.256745019539407,0.006211310935041347,0.03383191553033453,2.1248245285453122,1.925856959620409,1.8586010896447411,0.06725586997566789,0.44370573150095194,0.26622343890057115,0.1774822926003808,0.05641739806820813,0.036116496259515476,0.052615989500278515,1.3337660645902467,0.10841705163703534,0.0056623339467738254,0.5600564808510283,0.26078057652440306,0.006290059952183972,0.03426085185559663,2.1486168456562376,1.9407921954512004,1.8707752237046422,0.07001697174655826,0.46306936991932574,0.2778416219515954,0.18522774796773034,0.0569325774489549,0.036552932257190196,0.053006710656505224,1.329774341165709,0.10250488489753938,0.005743261989667694
2030,0.5530802700532252,0.2571827182397452,0.006211709311386858,0.03383408423249527,2.1049789818311484,1.920854005950162,1.8525627945501575,0.06829121140000459,0.42069364546831817,0.2524161872809909,0.16827745818732728,0.056698836146774755,0.03635491750305368,0.05304372970597581,1.3315815393112855,0.10838302541723137,0.005667638508660081,0.5599113003543361,0.2609727851151625,0.006288429413016397,0.034251969469849194,2.1344814439644684,1.9371493001049314,1.8665170158088438,0.07063228429608752,0.44660738025937446,0.2679644281556246,0.17864295210374984,0.05710433387568446,0.03669843630928968,0.05328117748116966,1.3284505003487845,0.10244305642849327,0.0057447996320276135
2031,0.5532401603182056,0.2574979669818599,0.006213505057685461,0.033843865139451625,2.0884367319858086,1.9184874012960484,1.8495879085313116,0.0688994927647368,0.39808137242416164,0.23884882345449696,0.15923254896966468,0.05685987050386138,0.03649133831669947,0.05335970229634873,1.3303358077784875,0.1083507608445475,0.005672093381182339,0.5598742873836572,0.26107371288318704,0.006288013716006294,0.03424970495025044,2.1230528213229154,1.9355957560594825,1.864680298898592,0.07091545716089052,0.4306208707072055,0.2583725224243233,0.17224834828288224,0.05718249993889586,0.036764654960611716,0.053466695118210256,1.327849167575422,0.10238571589625159,0.005745793890107549
2032,0.553646871456778,0.2577630639279549,0.0062180728781327035,0.033868745675243804,2.075415503974362,1.91897986466541,1.8498447013276593,0.06913516333775059,0.3759513377445043,0.22557080264670254,0.15038053509780175,0.05691052004962069,0.036534246254907685,0.053572497301975455,1.3299446253454144,0.10834644888694862,0.005677147937726807,0.5600569298663118,0.26114747731519833,0.006290064995127227,0.03426087823031313,2.1145812525474845,1.936364647228628,1.8654538204351954,0.07091082679343268,0.4152123868538152,0.24912743211228908,0.1660849547415261,0.05717495668971152,0.036758264670925224,0.053570009569627486,1.3279071674324532,0.10235282845739481,0.005747535777669171
2033,0.5543216805081895,0.25801649540844546,0.006225651737649166,0.03391002714533195,2.0655056487488164,1.9220542796386528,1.852983107657799,0.06907117198085382,0.3542042351516958,0.21252254109101745,0.14168169406067835,0.05686997543999445,0.0364998987483617,0.05370020792610869,1.3302577422257784,0.10837740199682935,0.0056833585532602635,0.5604875296680862,0.2612333875374617,0.006294901111949666,0.03428722056061858,2.1087331800002707,1.9392391420640636,1.8685535970322498,0.07068554503181389,0.4002993049467014,0.24017958296802083,0.16011972197868057,0.05709905798042659,0.03669396681633917,0.0536076900825951,1.3284911158452342,0.10235424638287591,0.005750619063897813
2034,0.5552291481593706,0.2582758873153606,0.006235843613157728,0.033965541473664575,2.057972785779774,1.92717677572134,1.8583906305795839,0.0687861451417562,0.3326369253336502,0.1995821552001901,0.1330547701334601,0.056761385133052754,0.036407906093533005,0.05376540411358134,1.3310973133805044,0.10844235885094959,0.00569075802671897,0.5611272651322975,0.26134434921054417,0.006302086055899091,0.034326356819385825,2.1048138966636483,1.9437143083065087,1.8734044559110203,0.07030985239548847,0.38568240125437986,0.23140944075262793,0.15427296050175193,0.05697555357133866,0.03658933962819476,0.0536001527455848,1.3294427751415017,0.10238650327313449,0.005755002671084692
2035,0.5562763926223063,0.2585180266474821,0.006247605338415238,0.034029606626664904,2.0521100924137663,1.9337879290852107,1.8654711157171566,0.06831681336805405,0.311064961161016,0.18663897669660956,0.12442598446440643,0.05659855210564562,0.03626996153009218,0.05378164160920512,1.3323588758391023,0.1085250831805542,0.005698622854964743,0.5618878800366237,0.2614543470688978,0.006310628611002581,0.03437288812830896,2.1022035761791775,1.9493064189555545,1.8794974198986762,0.06980899905687823,0.3711769271341688,0.22270615628050128,0.1484707708536675,0.05681471437156029,0.03645308414273895,0.05355771671937267,1.3306848041669357,0.10243476887217698,0.005759953016670408
2036,0.5574228827796923,0.25873492244585955,0.006260481703694663,0.03409974322540863,2.047592734127341,1.9416219458785977,1.8739379899112314,0.06768395596736636,0.28942457369351593,0.17365474421610955,0.1157698294774064,0.05638917026271979,0.03609258297627692,0.053756161308709305,1.3339857022976944,0.1086199406343023,0.005706658214478597,0.5627195642604776,0.26154983848244007,0.0063199693539601086,0.03442376629437124,2.100561765437612,1.955730621034316,1.8865308203627422,0.06919980067157372,0.3567182417914493,0.21403094507486958,0.1426872967165797,0.056623172560022784,0.036290818833336194,0.05348668769880858,1.3321679064395489,0.10249092051358763,0.005765067499855723
2037,0.5586389633740716,0.25892820144287815,0.006274139647325116,0.03417413691863645,2.044104551214979,1.9503953388602042,1.883474485406099,0.06692085345410524,0.2677167763481331,0.16063006580887984,0.10708671053925328,0.056143897264335,0.035884799105739315,0.053698695583195954,1.33589804014392,0.10872193733276778,0.005714734194196809,0.5635981401721513,0.2616326330101386,0.0063298367429573295,0.03447751272649861,2.0996212082328385,1.9627487900271547,1.8942380923067246,0.06851069772043013,0.3423051932101899,0.20538311592611394,0.13692207728407593,0.05640974100663134,0.03611000955326634,0.053395173556465045,1.3338256237340222,0.10255230160725619,0.005770246952733491
2038,0.5599366632862737,0.2591137166184474,0.006288714267076488,0.03425352376246882,2.0415655867954356,1.960031379102777,1.8939779823924323,0.06605339671034481,0.24597934067167224,0.1475876044030033,0.09839173626866893,0.055869927697261484,0.03565270483759349,0.053615611101797696,1.3380426522159161,0.10883654052251567,0.005723088286296608,0.5645321521785335,0.2617143301695043,0.006340326741229069,0.03453465115597776,2.0993259636820794,1.9703013542204066,1.9025403387592175,0.06776101546118919,0.327976041538103,0.1967856249228618,0.1311904166152412,0.05617961975683462,0.03591506153905118,0.05328774763348669,1.3356190516064492,0.10262195598265754,0.005775664957919071
2039,0.5614449838119965,0.25936055266164915,0.006305654391614444,0.034345795078123534,2.0402762175240987,1.9708726610888103,1.9057534656390873,0.06511919544972289,0.22420458647501906,0.1345227518850114,0.08968183459000766,0.055573895181410926,0.03540191986593544,0.053513524426119036,1.3403701622438597,0.10898878082324973,0.005733144042073938,0.565648067753869,0.26186200785931757,0.006352859719795392,0.03460291743755551,2.099985733232537,1.9787293671824886,1.911743030612006,0.06698633657048265,0.31373783770088515,0.18824270262053108,0.12549513508035406,0.05593856463656052,0.03571085085857145,0.05317026709632344,1.337504497899382,0.10272299413410751,0.005782712104785182
2040,0.5632530667041656,0.2597153622171389,0.0063259611824098665,0.0344564041042164,2.0403783376283076,1.9831701833282476,1.9190287188030524,0.06414146452519509,0.2022493647087588,0.12134961882525523,0.08089974588350356,0.0552600077551919,0.03513600904508529,0.05339762603060147,1.342849701519308,0.10919608352417082,0.005745871409960217,0.5670363114688649,0.2621208067458397,0.006368451247603977,0.03468784337006336,2.101784914230586,1.9883111784692198,1.9221059978029127,0.06620518066630703,0.2994648607127891,0.17967891642767345,0.11978594428511566,0.05568907297292493,0.03549949313114748,0.053046288452430854,1.339463309957954,0.10287190530699399,0.005792349418089641
2041,0.5653709309593865,0.2601757324694657,0.006349747163987446,0.03458596384999989,2.04193496665926,1.9970523786446448,1.9339490880335861,0.06310329061105872,0.17997646437612355,0.10798587862567409,0.07199058575044946,0.05492443805150509,0.034851730007741694,0.05326500661969963,1.3455138834623517,0.10945995908895456,0.0057612828022559,0.5687014933610017,0.26248410997665106,0.006387153100525875,0.034789710710675645,2.1047970022204114,1.99917335214421,1.933777115207622,0.06539623693658819,0.28503314502131566,0.1710198870127894,0.11401325800852627,0.055425931389637376,0.03527657182698866,0.052911595727960545,1.3415374736641061,0.103068278807841,0.0058045175764524564
2042,0.5677658665862221,0.2607193288680357,0.0063766449666010794,0.034732473234155174,2.044911391468911,2.012502176498393,1.9505200714601143,0.06198210503827865,0.15731886668132805,0.0943913200087968,0.06292754667253125,0.05456333778159285,0.03454582266274797,0.05311200006126093,1.348396317463425,0.10977285372114576,0.005778949979566664,0.5706059212098331,0.2629262141925827,0.0064085419528172646,0.03490621361342627,2.108982332694081,2.0112901614592125,1.9467559531583232,0.06453420830088923,0.27037729922626275,0.16222637953575764,0.1081509196905051,0.05514431443378344,0.035037999046936656,0.052761708341213645,1.3437666343175254,0.10330423318042431,0.005818728950533224
2043,0.5705110888903683,0.26137983815391513,0.00640747687992688,0.03490041113153652,2.0495475471863003,2.0297873755094127,1.969002322454133,0.06078505305527974,0.13424204122027858,0.08054522473216712,0.05369681648811146,0.054177754929509,0.03421917481342694,0.052939654496401284,1.3514921481023507,0.11014929736965491,0.005799610175974811,0.5728162217679746,0.2634769045138211,0.006433366097342706,0.03504142797741171,2.114575149675575,2.024912914302195,1.9612891158490453,0.06362379845314967,0.2554767230442158,0.1532860338265295,0.10219068921768633,0.054844267559849676,0.03478381329791728,0.05259684483657148,1.3461524114962513,0.10359197794979541,0.00583564709810821
2044,0.5736139304082052,0.2621745814875109,0.0064423252565400085,0.03509022609030101,2.055616090185025,2.0487663192471777,1.9892194712826183,0.05954684796455933,0.1106610315040111,0.06639661890240664,0.04426441260160447,0.05377776776904882,0.03388032430434898,0.05275811258671197,1.3547234307789684,0.11059263305199867,0.005823499620278904,0.575329778185288,0.2641479566559528,0.0064615961439517065,0.03519519354423965,2.1213165311962845,2.039874847720325,1.9771784119231386,0.06269643579718602,0.24023019878857632,0.1441381192731458,0.09609207951543053,0.05453481985205515,0.0345216635999156,0.05242624090584702,1.3486246240671984,0.10393267546178268,0.005855397185767915
2045,0.577053023832212,0.263104629831808,0.006480950117706321,0.03530061103489872,2.062848956279996,2.0692307313360905,2.010938926611426,0.058291804724664525,0.08651671611428313,0.051910029668569856,0.034606686445713276,0.053371269739389646,0.033535958089866674,0.05257522119677679,1.3580281793302948,0.11109983416075755,0.005850528580636927,0.5781110109020512,0.2649326203833973,0.006492832494440559,0.03536533367197385,2.128888753076907,2.055932111779317,1.9941602912561998,0.06177182052311684,0.22454743636784547,0.13472846182070727,0.08981897454713819,0.054222672709420126,0.03425722706633433,0.05225676910305874,1.3511305183769253,0.1043206970997806,0.005877730554737811
2046,0.580911932265419,0.2642087360994166,0.1444136870612301,0.0355366778720905,2.07152916497873,2.0914758269518496,2.034446255138248,0.057029571813601646,0.061804849734136996,0.037082909840482174,0.024721939893654822,0.05295959326823908,0.03318720494072985,0.052392079538946736,1.361396690762223,0.1116867620367666,0.005881548543018666,0.5812229973835561,0.2658586470397589,0.12064151378809716,0.03555570724962316,2.1375200376391836,2.0733251310306158,2.01247149325673,0.060853637773886166,0.20841424063742328,0.12504854438245397,0.08336569625496931,0.053907617940566116,0.03399032732712569,0.052088367104565936,1.3536721914734242,0.10476686609990384,0.005903273000393426
2047,0.5743289733632689,0.26331047852596434,0.1301265138929169,0.03513397398684114,2.0825204944309705,2.0410814357813796,1.9794364437026863,0.06164499207869311,0.17180675121380717,0.10308405072828428,0.0687227004855229,0.054293504575539976,0.03431723252717471,0.05274256901040458,1.350560839850369,0.11099973707821173,0.0058406281185444,0.5755850769976049,0.265088249875752,0.10811593340153014,0.035210815383115414,2.1480081531561717,2.030487212522021,1.9657177035259363,0.06476950899608434,0.30381741605039214,0.18229044963023527,0.12152696642015687,0.055059825762735666,0.034966424176476,0.052444600213594574,1.3444373091899453,0.10425596978412034,0.005867916723812756
2048,0.5684009256839818,0.2625769688984409,0.11721593490442543,0.03477133369704497,2.0910135544962087,1.9952520836699001,1.9293184320371606,0.06593365163273966,0.26949187076508024,0.1616951224590481,0.10779674830603213,0.05557586738679948,0.03540359062656473,0.053175483829176376,1.3403546220072586,0.1104206537001788,0.0058042109957817676,0.5705199636540067,0.2644533425845049,0.09681104268177526,0.03490096448399223,2.1563940344121657,1.9916515248024413,1.9232624205052413,0.06838910429720003,0.38855268984487384,0.2331316139069243,0.15542107593794954,0.05615571612892276,0.03589481149783129,0.05284825404763558,1.3358057036457125,0.1038245019771074,0.0058364900306889875
2049,0.5630782690665008,0.2619702161236276,0.10558731319333485,0.034445727687339715,2.0977669185751853,1.9538971959453244,1.8840331972799642,0.06986399866536008,0.3562228688253686,0.2137337212952211,0.14248914753014746,0.05678966546446822,0.03643186387429276,0.05365047602439118,1.3308785290031415,0.1099300593760944,0.005771711251286943,0.5659876710483319,0.2639241608348622,0.08664899707732016,0.03462370844208704,2.1633257690381065,1.9567340732735918,1.8850449208833937,0.07168915239019812,0.4638014135911878,0.27828084815471266,0.18552056543647513,0.05718226706853666,0.03676445768367994,0.05326998668768107,1.327850953621333,0.10345869507570225,0.005808530268180358
2050,0.5583285783101638,0.261475113919234,0.09512222797992054,0.034155172302252707,2.1032865255749926,1.9168003200708992,1.8433567841213134,0.07344353594958582,0.433216235756132,0.25992974145367914,0.17328649430245285,0.057927828115815455,0.037396062308509566,0.05414288264742052,1.3221510255437328,0.10951820053774326,0.005742896701983245,0.561962383217059,0.26349095508985293,0.07752315769682881,0.03437746788054038,2.169228385339558,1.925537953339009,1.8508571014745165,0.07468085186449225,0.5306188064417356,0.3183712838650414,0.21224752257669427,0.05813547597752171,0.03757197191412581,0.05369301313290553,1.3205749103478652,0.1031526594023212,0.0057838762637594495
2051,0.5540876151763161,0.2610697979865473,0.08569437915449324,0.03389573765192798,2.10778995817899,1.8835480128165205,1.8068537614734588,0.07669425134306182,0.5015603278425517,0.30093619670553096,0.20062413113702074,0.05898935550159044,0.03829533891192909,0.05463765044839263,1.3141452729629126,0.10917313532084282,0.005717292544502003,0.5583844294603153,0.26313533059033795,0.06931719116704527,0.03415859238409541,2.1742559417713014,1.8976736344711695,1.8202863003067171,0.07738733416445252,0.5899494024409739,0.3539696414645843,0.2359797609763896,0.05901675062675164,0.038318546787143005,0.05410809098964105,1.3139403308806648,0.10289762101981256,0.005762092260432063
2052,0.5502929300043908,0.26073281676496113,0.07718709923017497,0.03366360338318408,2.111448967767935,1.8537516986530518,1.7741158769117993,0.07963582174125247,0.5622218180935598,0.3373330908561357,0.224888727237424,0.05997399824265769,0.039129482422152514,0.05512326962740803,1.306832123797406,0.10888214250201542,0.00569442432123953,0.555195313201933,0.26283829683611537,0.06192312976301921,0.033963503520995184,2.1785320219102378,1.872781020706067,1.7929532130568742,0.0798278076491927,0.6426313480889395,0.3855788088533637,0.2570525392355758,0.05982763834193773,0.03900549312506983,0.05450804781114347,1.307912390969768,0.10268353055819147,0.005742730091456766
2053,0.5468873236307171,0.26044425190036025,0.06951442775368244,0.03345527074351638,2.1144138057731143,1.8270639085375713,1.7447788724020652,0.0822850361355062,0.6160582222850821,0.36963493337104913,0.24642328891403295,0.06088181460761516,0.03989854220162453,0.055590671963621496,1.3001834763738904,0.10863352481497841,0.0056738493327283855,0.5523415008118598,0.2625817805301355,0.055262917910016016,0.033788926501765966,2.1821702279141473,1.8505435145823772,1.7685258623618878,0.08201765222048929,0.6894072759204324,0.4136443655522594,0.27576291036817296,0.06056952049195037,0.039633981159331776,0.05488708262037986,1.302460597930132,0.10250092033853314,0.005725367133327265
2054,0.5438563564650281,0.26019112982780795,0.06262268643744533,0.03326985628959318,2.1171077299006544,1.8034422090620348,1.7188098110310241,0.0846323980310107,0.6638298647827173,0.3982979188696303,0.26553194591308704,0.06170436528832051,0.04059536886120722,0.05602490558634021,1.2942354209618592,0.10841958767807591,0.005655412173920076,0.5498129212184887,0.2623544190483658,0.049291094512213265,0.033634245303045054,2.185573118964186,1.8309570795677086,1.747012209869729,0.08394486969797955,0.7309348484907613,0.4385609090944568,0.2923739393963045,0.061234878573329585,0.0401976415636685,0.05523273311256512,1.2976215974420646,0.10234382811449773,0.005709870360368385
2055,0.5411615715495712,0.2599623131564812,0.05642362915385256,0.03310500741317044,2.1196549005201355,1.7826194064271483,1.6959240107616649,0.08669539566548352,0.7062181495974512,0.4237308897584706,0.2824872598389806,0.062442803356991664,0.04122093923002579,0.05642101397616238,1.288956062616288,0.10823625996399791,0.005638847569116721,0.5475744667953207,0.2621461757418141,0.04392605437861808,0.03349731210296249,2.1888450841383515,1.8137872347231896,1.7281627154071217,0.08562451931606781,0.7678039478853831,0.4606823687312298,0.3071215791541533,0.06182553978035643,0.04069802225204706,0.05554190009909471,1.2933651939299258,0.10220944140609614,0.005695988499228902
2056,0.5387439123400819,0.25974360557298776,0.05081439877965478,0.03295711124884622,2.1219892619440843,1.764195045865003,1.675692072575512,0.08850297328949104,0.7438286489476206,0.44629718936857227,0.2975314595790483,0.06310379638754761,0.041780901766431164,0.05677986499051424,1.2842780649259078,0.10807626729390588,0.005623738640612793,0.5455698783872481,0.26194363969611145,0.03907093741764072,0.03337468525920108,2.1919015020717345,1.798661708396812,1.7115784341981892,0.08708327419862268,0.800538446455909,0.48032306787354534,0.32021537858236365,0.062348550232676866,0.041141092369142776,0.0558167785354783,1.2896267516111712,0.10209176114913236,0.005683315537074821
2057,0.5365720922596819,0.25951946878896615,0.04572732474880081,0.03282425400875526,2.1242959466324143,1.7480324979404938,1.6579792067198895,0.09005329122060422,0.7771945665208747,0.46631673991252476,0.31087782660834995,0.06368441278463083,0.042272772959257236,0.05709451034824696,1.2802054988075722,0.10793125079679808,0.005609791743300208,0.5437710693737245,0.26173196109423763,0.03466442302176971,0.033264646709875126,2.1949185292781346,1.7854758755591007,1.697159382785474,0.08831649277362663,0.8295985774877677,0.49775914649266056,0.3318394309951071,0.0628011711297951,0.04152453173062473,0.05605143377509986,1.2864142587297023,0.1019836206469632,0.0056715704832712805
2058,0.5346209845474034,0.25928449888187255,0.04113195231619821,0.032704898791720664,2.1266546477699184,1.7339424009388824,1.6425809307774843,0.09136147016139795,0.8067895283207236,0.4840737169924341,0.32271581132828947,0.06418717594688861,0.04269869051441248,0.057363679700789635,1.2767062845208892,0.10779851048838021,0.005596847803672809,0.5421557623902715,0.2615062502860601,0.03068161207691448,0.03316583361897508,2.197967698442467,1.7740686550688956,1.6847319382742256,0.08933671679466987,0.8553929336137358,0.5132357601682415,0.34215717344549434,0.06318592634671222,0.041850478445946235,0.05624527096402046,1.2836999109417055,0.10188304861686262,0.005660605742303054
2059,0.5328834518969758,0.2590485817794732,0.037011576561170455,0.032598608667792385,2.1290905588344167,1.7217297066347979,1.6292696953955375,0.09246001123926036,0.833034772398132,0.49982086343887916,0.3332139089592528,0.0646197116393969,0.043065114625206964,0.05759138526772803,1.2737158714955785,0.10767944798800377,0.00558499779687864,0.5407197854395651,0.26127691808904024,0.027110915612233742,0.03307799076665987,2.2010679355727336,1.7642711739318264,1.6740970599344838,0.09017411399734257,0.8782847927304165,0.5269708756382498,0.3513139170921666,0.06351023950653786,0.04212522146315001,0.056402677259722776,1.28142361296169,0.10179188445647153,0.00565052737244174
2060,0.5313468934004733,0.2588193142595388,0.033338086565111294,0.03250461284512883,2.1315895859813283,1.7111852691032299,1.6178047946586998,0.09338047444453018,0.8563079855377141,0.5137847913226286,0.34252319421508565,0.06499032400600047,0.04337908017587543,0.057782565844965036,1.2711681598423294,0.10757436563582594,0.005574272008870367,0.5394535059411402,0.26105206179900103,0.023929417038728452,0.03300052890675095,2.2042007718166103,1.7558986905408946,1.6650406094894374,0.09085808105145725,0.8986002705452879,0.5391601623271728,0.3594401082181151,0.06378206138355336,0.04235549630822069,0.05652874843877186,1.2795238869879455,0.10171089614231706,0.0056413824908432475
2061,0.529992600218888,0.2585964531105382,0.030064647294067888,0.03242176691602756,2.1341648358189835,1.7021384496386256,1.607996896420561,0.09414155321806461,0.8769465656640374,0.5261679393984224,0.35077862626561496,0.06530419829577709,0.04364497986814289,0.057939583728970845,1.2690209207306058,0.10748116740862869,0.005564580570906861,0.5383411062054131,0.2608318601660178,0.02109549930703991,0.0329324804424274,2.207377855033722,1.7488044122780972,1.6573992882263298,0.09140512405176757,0.9166309446789872,0.5499785668073923,0.3666523778715949,0.0640061403783426,0.04254532560516777,0.0566258671841647,1.2779633794286243,0.10163853625782798,0.00563309754880318
2062,0.5287979465685184,0.2583741391455161,0.02714262777755498,0.03234868669750254,2.136847505204765,1.6944495942074078,1.5996972477199183,0.09475234648748954,0.8952504291414113,0.5371502574848468,0.3581001716565645,0.06556413504821428,0.04386518618874098,0.058062886608850214,1.2672498659178055,0.10739673390298739,0.0055557504970942745,0.5373626216934925,0.2606107754556433,0.018565512376001063,0.03287262407447832,2.210630654846002,1.7428712039303642,1.6510490119746992,0.09182219195566506,0.9326360714521711,0.5595816428713027,0.3730544285808684,0.06418480320874413,0.042696680441071035,0.056694413426708015,1.2767227294675063,0.10157221829472683,0.0056255140342468014
2063,0.5277371623207507,0.2581447675467979,0.024528875408670082,0.03228379577530896,2.139644422357124,1.6879740351127024,1.5927534370325396,0.0952205980801629,0.9114849755409739,0.5468909853245844,0.3645939902163895,0.06577300297511826,0.04404212937681743,0.05815320407032762,1.265831457993478,0.10731758330336336,0.005547570886683338,0.5364946671373721,0.2603814611970429,0.01630101327111818,0.03281952921915403,2.2139662966439113,1.7379743933175649,1.6458593034565199,0.09211508986104494,0.9468449886456524,0.5681069931873914,0.3787379954582609,0.06432041694401458,0.04281156608685399,0.056734975045966765,1.2757831248723221,0.10150896018879431,0.0056184341950189865
2064,0.5267898370007386,0.2579050853345255,0.022179998031980244,0.03222584552798305,2.142539954122397,1.6825682944989053,1.5870096078517808,0.0955586866471246,0.9258839104510266,0.555530346270616,0.3703535641804106,0.06593510963809379,0.04417945859811291,0.05821282990970235,1.2647334718055911,0.10724158512195052,0.005539902556758769,0.5357191133658707,0.26014093887085715,0.014262903654628484,0.03277208684391429,2.2173694135966144,1.733988281320845,1.6416937596714776,0.09229452164936734,0.9594594232085615,0.5756756539251369,0.3837837692834246,0.06441675843382444,0.04289318211380305,0.05674963656758252,1.2751167215649197,0.10144703157164352,0.005611732725682023
2065,0.5259396888685514,0.2576571277361041,0.020051473616946924,0.032173839921901766,2.145474800830756,1.6780696325384046,1.582282708747113,0.09578692379129168,0.9386534868060719,0.5631920920836431,0.37546139472242873,0.06605729122577793,0.044282965153521064,0.05824655362756753,1.2639075584323907,0.10716821326917553,0.005532681021335823,0.5350218141442532,0.2598915130075304,0.012410451691865623,0.03272943155768532,2.2207802096796914,1.7307652421277944,1.6383858275431638,0.09237941458463071,0.9706573035608793,0.5823943821365276,0.38826292142435176,0.06448008467835561,0.04294682916130502,0.056742899918275094,1.2746791853456034,0.10138618628355067,0.0056053596041252245
2066,0.5251844553772146,0.2574075855975726,0.018109331348712947,0.03212764059200061,2.1484479998076775,1.674385298598113,1.5784623542681726,0.09592294432994024,0.949976075899175,0.569985645539505,0.37999043035966995,0.06614491114792966,0.04435719267420529,0.05825811540464269,1.2633161435039593,0.10709841325260712,0.005525964923359441,0.5344025864596416,0.25964011577348883,0.010713073658301153,0.032691552183269086,2.224198860232628,1.728227322306802,1.6358412986124429,0.09238602369435922,0.9805959360336421,0.5883575616201853,0.39223837441345694,0.06451520982122308,0.042976585547805986,0.0567182149563219,1.2744366670797656,0.10132753290277327,0.00559938748161707
2067,0.5245216982624169,0.25715856872555515,0.01632169201074727,0.03208709837390046,2.1515059228656668,1.6714707192008484,1.5754967072348465,0.09597401196600203,0.9600153593847004,0.5760092156308203,0.38400614375388015,0.06620015008404033,0.044403988530353516,0.058248505902474344,1.2629436661838882,0.10703250794808525,0.005519764078929519,0.5338607871127756,0.25938898757075335,0.00914192826719188,0.03265840937034491,2.2276741090730954,1.7263441689166554,1.6340239932397715,0.09232017567688396,0.9894168597222065,0.5936501158333238,0.39576674388888267,0.06452382745144387,0.0429838860031106,0.0566763126507108,1.2743771856984187,0.10127153091133728,0.005593836871056131
2068,0.5239327917771248,0.25690397271569115,0.014683796982370753,0.032051073835641694,2.1546406466596735,1.6692334592647917,1.5732897488004454,0.09594371046434624,0.9689181630987136,0.5813508978592281,0.3875672652394854,0.06622504703841611,0.044425080071529524,0.05821854158344013,1.2627758795634745,0.10696858835605078,0.005513914368427996,0.5333791402710684,0.25913204501147935,0.007695332306927108,0.03262894630214423,2.231198949413634,1.7250347599134703,1.6328505507101094,0.0921842092033609,0.9972473311725409,0.5983483987035245,0.3988989324690164,0.06450749619442503,0.042970050922133615,0.05661773576261473,1.2744899139197647,0.10121648280348326,0.005588551003930517
2069,0.5233969139678117,0.2566387739253784,0.01319852703041706,0.03201829322362251,2.1577996224643923,1.6675519265271213,1.571711879377832,0.09584004714928938,0.9768129051442672,0.5860877430865603,0.3907251620577069,0.06622326831077999,0.04442357321624869,0.05817059154850448,1.2627878645302735,0.1069040842341768,0.005508249919318133,0.532938085133483,0.2588643135861218,0.006379157825571427,0.03260196635540741,2.2347209817886604,1.7241870506909736,1.6322019261229601,0.09198512456801343,1.0041984261095005,0.6025190556657003,0.40167937044380025,0.06446938528659224,0.04293776513449558,0.05654454729686956,1.2747530808292473,0.10116008155018559,0.005583371950136464
2070,0.522895080641498,0.25635906226177424,0.011829480205914449,0.03198759526659089,2.1609234132592894,1.666308610417809,1.5706368148052474,0.09567179561256156,0.9838109974234032,0.590286598454042,0.39352439896936126,0.06619867744090316,0.04440274097561664,0.058107316591344486,1.262953591460572,0.1068362266680409,0.005502625909149447,0.5325199129659384,0.25858198690083234,0.005159470385531557,0.03257638624154766,2.2381811996380785,1.7236923125180947,1.6319614793229302,0.09173083319516459,1.010366200525247,0.6062197203151481,0.4041464802100988,0.06441287654454067,0.042889893557844214,0.05645910073183585,1.2751435530852315,0.10109985274513068,0.005578163762320882
2071,0.5224151643172417,0.2560596569031597,0.010560317970027863,0.03195823807201,2.1640240292200286,1.6654571166115841,1.5700186809344112,0.09543843567717297,0.9900089138093624,0.5940053482856174,0.396003565523745,0.06615177751388994,0.0443630095399229,0.058028507767654905,1.2632698260454762,0.10676252380712944,0.005496922183821031,0.5321136496273465,0.25827995732362274,0.004022292268220463,0.03255153466492025,2.2415935571917593,1.7235132980961987,1.6320934193522134,0.09141987874398522,1.0158335630659099,0.6095001378395459,0.40633342522636395,0.06433810079108324,0.042826547019178846,0.05636096117780924,1.2756607325719131,0.1010335508707373,0.005572813149255038
2072,0.5219612156020854,0.2557448332783709,0.00939041250914336,0.03193046941044766,2.1671355479502075,1.6649867534137166,1.5698409147750827,0.09514583863863393,0.9954910552918745,0.5972946331751248,0.3981964221167498,0.06608420003174528,0.04430576104174465,0.05793519995411801,1.263725850260347,0.10668427330317148,0.005491204117254985,0.5317245087030416,0.2579625817722484,0.002968988966437512,0.032527730549677225,2.244994438456079,1.7236479399698177,1.6325906764452063,0.0910572635246113,1.0206729366847882,0.6124037620108729,0.40826917467391527,0.06424634004433008,0.04274881158458413,0.056250941306821525,1.2762961405471707,0.10096248197542707,0.005567392982691315
2073,0.5215450497244415,0.25542540915934153,0.008294704753924798,0.031905012000947974,2.170275786313604,1.664882764519883,1.5700752705837417,0.09480749393614124,1.0003341928831042,0.6002005157298624,0.4001336771532417,0.06599959951706633,0.04423409142256428,0.05783036777639464,1.2642973586203443,0.10660520637126522,0.005485646561604859,0.5313653915670958,0.2576407392375478,0.001975854539193425,0.03250576304262885,2.2484034015583196,1.7240888050494183,1.633433074704169,0.09065573034524921,1.0249505447569178,0.6149703268541507,0.4099802179027671,0.06414088422605163,0.0426594743226886,0.056131767471873956,1.2770274090581735,0.10089022450620498,0.0055620858221308005
2074,0.5211755339871597,0.25511257951282884,0.007266070840955562,0.03188240822044043,2.1734269802196198,1.6651016122200564,1.5706611100958106,0.09444050212424591,1.004609783539682,0.6027658701238092,0.40184391341587283,0.06590298942748468,0.044152247850387745,0.05771820915253713,1.264950826986975,0.1065294164161846,0.005480412034239362,0.5310460264591593,0.25732562954226373,0.0010370640773771436,0.032486227183764635,2.2518031002718937,1.7247977453378454,1.6345659591151067,0.09023178622273874,1.028728568594645,0.617237141156787,0.411491427437858,0.06402637176392952,0.04256246469357648,0.056007371237007386,1.2778227269150542,0.10082066896879047,0.005557060694266034
2075,0.5208558937186184,0.2548181637323151,0.006341461306951526,0.0318628553572988,2.1765071387228674,1.6655454712424274,1.5714767915329797,0.0940686797094477,1.008383911983146,0.6050303471898876,0.40335356479325835,0.06580188631905787,0.04406659800172667,0.05760514446328864,1.2656356366505814,0.10646050340058144,0.0054756386774153214,0.5307704013693273,0.25702908590781287,0.00019124696510489092,0.03246936691309596,2.2551103682565863,1.7256803063223707,1.6358714180403786,0.08980888828199203,1.0320649170270126,0.6192389502162077,0.412825966810805,0.06390989748319276,0.0424637931030266,0.05588385990045602,1.2786330057852873,0.10075725016849589,0.005552462860693252
2076,0.5205837468798099,0.2545472925048062,0.005555843362653232,0.03184620775183693,2.1794641066758773,1.6661399946098907,1.5724340869587443,0.09370590765114638,1.011716699528555,0.607030019717133,0.4046866798114219,0.06570092933226057,0.043981071940510374,0.057494987323515996,1.2663204288847933,0.10639882252846197,0.0054713657702595685,0.5305368830211115,0.25675626266823187,-0.000524845991289373,0.03245508238060195,2.258273346473759,1.726666321952909,1.6372658431148528,0.08940047883805624,1.035012505598177,0.6210075033589062,0.4140050022392707,0.06379573707862232,0.042367081720689384,0.05576478096003543,1.279428498305046,0.10070037158713654,0.005548337749997603
2077,0.5203585363150676,0.2543027831021547,0.004909959269981015,0.03183243136423673,2.182288400896061,1.6668504632094765,1.5734913335250642,0.09335912968441229,1.0146617789516612,0.6087970673709968,0.40586471158066445,0.06560241069567518,0.04389761153612587,0.057389498385714645,1.2669896205889057,0.10634430254231136,0.005467619203971961,0.5303456659913032,0.2565100061998451,-0.0011091655770891842,0.03244338553091077,2.2612843211668316,1.7277261154312908,1.6387131421812828,0.08901297325000807,1.0376186316425813,0.6225711789855488,0.4150474526570324,0.06368588459787398,0.042274019810946514,0.05565168003326854,1.2801952005405157,0.10065003444342428,0.005544716612923227
2078,0.5201644334593654,0.2540776261903952,0.004374285195961239,0.03182055788272428,2.1849514852527934,1.667618278909017,1.5745911002610882,0.09302717864792882,1.0172673083195085,0.6103603849917052,0.40690692332780337,0.06550688719231716,0.043816688469234075,0.05728876220927092,1.2676393552060135,0.10629441940657779,0.005464240271286087,0.5301814218646568,0.2562832902934099,-0.0015902597762024392,0.03243333864858748,2.264116004110994,1.728805192941203,1.640160463105043,0.0886447298361599,1.0399259016765843,0.6239555410059506,0.41597036067063364,0.06358064003783886,0.04218486151720388,0.055544460497709086,1.2809308750637993,0.10060389991229618,0.0055414435856079095
2079,0.5199801009747945,0.25386137567773714,0.00391214281293039,0.03180928201193882,2.1874129906028488,1.6683751157057214,1.5756689120951906,0.0927062036105309,1.0195734641794305,0.6117440785076582,0.40782938567177224,0.06541435522838046,0.04373829969532979,0.057192350195168856,1.2682695768551702,0.10624551071716291,0.005461004749627267,0.5300231664378693,0.2560656417136004,-0.002003986533755185,0.03242365804013112,2.2667286824279587,1.7298384363958903,1.6415469248988441,0.08829151149704623,1.0419695958818573,0.6251817575291145,0.41678783835274286,0.06347977921957113,0.042099416925490685,0.05544254017908736,1.2816369493104836,0.10055854622947875,0.005538296154243693
2080,0.5197946060525359,0.2536483008877679,0.00350213365046987,0.03179793496249155,2.189663840403807,1.6690899336674778,1.5766965576299392,0.09239337603753853,1.0216121379564462,0.6129672827738677,0.4086448551825786,0.06532453031685537,0.043662204210256864,0.057099728429657395,1.2688821488154007,0.10619540646544615,0.005457793926390484,0.5298603104518625,0.2558513049271804,-0.0023709981404903754,0.03241369593208652,2.269114291411242,1.7307980335052802,1.6428479296624945,0.0879501038427857,1.0437772695812455,0.6262663617487474,0.4175109078324981,0.06338284604673317,0.04201729965221398,0.05534526700148487,1.2823164920989596,0.10051195169106733,0.005535157165672015
2081,0.5196177092998636,0.25344554061257774,0.003130384815054746,0.031787113828925954,2.1917185058586828,1.6697684762744542,1.5776725986358975,0.09209587763855671,1.023409845371309,0.6140459072227853,0.40936393814852373,0.06523915569942806,0.04358987880725067,0.05701241497947157,1.2694650921622377,0.10614643757880873,0.005454734961310403,0.5297031357061138,0.25564745365392394,-0.0027047404316156848,0.03240408130160118,2.2712885907732487,1.7316929920842643,1.6440656279451527,0.08762736413911176,1.0453716047134936,0.6272229628280962,0.41814864188539735,0.06329141765830441,0.041939845776125514,0.055254037472565964,1.2829583117986612,0.10046634372575966,0.005532157718763011
2082,0.5194667141660217,0.2532636565379773,0.0027971199903657276,0.03177787711592234,2.193617146458893,1.6704433586815033,1.5786217048424027,0.09182165383910057,1.0249924026941508,0.6149954416164904,0.4099969610776604,0.06515979463266489,0.04352264780452865,0.05693184554224054,1.2700076057589884,0.10610250591745761,0.005452031657770984,0.5295694957046942,0.2554646971091385,-0.003004624883788498,0.03239590630163532,2.273293509272602,1.7325593734151554,1.6452284664425818,0.08733090697257354,1.046775071383367,0.6280650428300203,0.41871002855334677,0.0632069231830346,0.041868265988598045,0.05517018912724442,1.283552206611247,0.10042542229289216,0.005529505773194802
2083,0.5193537225756957,0.2531092066489072,0.0025221221328610016,0.03177096512191141,2.1954036630648637,1.6711461414723126,1.5795717599100998,0.09157438156221276,1.0263865052579402,0.6158319031547639,0.41055460210317624,0.06508694332286202,0.04346093156497413,0.0568584445010175,1.2705061548605858,0.10606642564775727,0.005449818120708554,0.5294718774358916,0.25530957432799944,-0.0032503167520654894,0.032389934785963304,2.275174801154185,1.7334319542761856,1.6463679231226036,0.087064031153582,1.048011463385969,0.6288068780315814,0.4192045853543876,0.06312974304210675,0.041802882564755096,0.055094062041108824,1.2840953217682287,0.10039183656932432,0.00552733756876767
2084,0.5192740918914599,0.25297994314399597,0.0023190411620020654,0.03176609381882512,2.1970792843429927,1.6718614334778128,1.5805081247946218,0.09135330868319096,1.0276185992472853,0.616571159548371,0.4110474396989142,0.06502062747286722,0.043404751862843614,0.05679205248608377,1.270960426443158,0.10603786018474796,0.005448046068818811,0.5294057831823121,0.25517974304784874,-0.003427510500377276,0.03238589159151656,2.2769347320614894,1.7342975522121085,1.6474719165407592,0.08682563567134918,1.0491046925345504,0.6294628155207302,0.4196418770138202,0.06305976672141371,0.041743601882187786,0.055025395554235634,1.28458826573354,0.10036525065125926,0.0055256046653901
2085,0.5192145548726721,0.25287007136532613,0.0021882849818711594,0.031762451606886885,2.19860832908081,1.6725390574143406,1.5813813944603008,0.09115766295403982,1.0287115577008485,0.617226934620509,0.4114846230803395,0.06496134723134114,0.04335453240080822,0.05673287018237991,1.2713668645052036,0.10601471226563602,0.005446583499283856,0.5293580476803834,0.25506933499723217,-0.003535171528498589,0.0323829713568502,2.278537941135449,1.7351074217374172,1.6484927131849145,0.08661470855250271,1.0500753799175577,0.6300452279505346,0.42003015196702315,0.06299734369592733,0.04169071999982958,0.054964276865516026,1.2850284205714635,0.10034368780169606,0.005524175066514827
2086,0.5191678733319535,0.252777255183713,0.0021154428869686534,0.03175959573328954,2.1999637022148306,1.673142641181504,1.582153714471652,0.09098892670985209,1.0296833129052978,0.6178099877431786,0.41187332516211916,0.06490997842757584,0.04331101514068775,0.0566815199641911,1.2717193362091197,0.1059956817462648,0.005445367067705018,0.5293216868577831,0.2549760287004,-0.0035873203786907573,0.03238074687439391,2.2799579045423735,1.7358268027391268,1.6493942336652463,0.08643256907388049,1.0509394514618788,0.6305636708771272,0.4203757805847516,0.06294322224085007,0.04164487082161128,0.054911232923612024,1.2854103603989184,0.10032595549903922,0.0055229873286519425
2087,0.5191277848320266,0.2526978548777114,0.0021025364162085627,0.031757143127915714,2.2011425668164377,1.6736581099017684,1.5828134330477426,0.09084467685402593,1.0305485562811587,0.6183291337686951,0.4122194225124635,0.06486608950147213,0.043273834484848644,0.05663747776690995,1.2720206874225002,0.10597933228234675,0.005444325202758757,0.5292906560860873,0.2548961961932992,-0.003581444168365297,0.03237884839787862,2.281192814907041,1.7364435061753898,1.6501669086946922,0.08627659748069759,1.0517098436872478,0.6310259062123487,0.42068393747489924,0.06289689097885183,0.0416056211324556,0.0548656836910307,1.2857375610915422,0.1003107250183904,0.005521971023840069
2088,0.5190908737082598,0.2526304131182233,0.002119496662510559,0.03175488485709893,2.202138780047369,1.6740720346035125,1.5833472254757002,0.09072480912781228,1.031319257619448,0.6187915545716688,0.4125277030477793,0.06482983075581861,0.04324311776281915,0.056600783532212484,1.2722697896128659,0.10596495880801213,0.00544342441253118,0.5292618185374759,0.2548284282829199,-0.003547549746281506,0.03237708405083721,2.282237524176508,1.7369458751954938,1.6507993298550634,0.08614654534043042,1.0523969905357409,0.6314381943214444,0.42095879621429644,0.0628584211447693,0.041573031279201283,0.05482761206130979,1.2860094090627978,0.10029736762650218,0.005521094742814831
2089,0.5190531603888464,0.2525723345086983,0.0021230854155786447,0.031752577480135706,2.2029546746988786,1.6743785076610822,1.5837513707393853,0.09062713692169684,1.0320055065991556,0.6192033039594933,0.41280220263966233,0.0648007187907934,0.043218455460765,0.056570912989911126,1.2724698852626,0.10595179824054696,0.005442616288943179,0.5292314001290548,0.25477016227237703,-0.0035290218583909835,0.03237522296275616,2.283095294998546,1.7373295875903227,1.6512895018847489,0.08604008570557381,1.0530096551896617,0.631805793113797,0.42120386207586474,0.06282727889143253,0.04154664901136833,0.054796460090506455,1.2862295871065788,0.10028518540877814,0.005520311342943212
2090,0.5190111357333677,0.2525200027637353,0.0020962326211169183,0.03175000633945732,2.2036093282684264,1.6745866598620434,1.5840399754582206,0.09054668440382264,1.0326155880170096,0.6195693528102056,0.41304623520680395,0.06477735397380602,0.043198661875086954,0.05654653396719269,1.2726305387657797,0.10593900752424058,0.00544184432392464,0.5291959795158026,0.25471777142778534,-0.003542863145073988,0.032373055846521635,2.2837861278350227,1.737605216999198,1.6516531460171189,0.08595207098207909,1.0535549696965065,0.6321329818179038,0.4214219878786027,0.06280204936047536,0.04152527572678889,0.05477089044442229,1.286408034373756,0.10027338172121679,0.005519564118971132
2091,0.5189674027666862,0.2524718267744337,0.0020610201997841096,0.03174733069467456,2.2041520194939914,1.6747356260276445,1.584258265676802,0.09047736035084232,1.0331562563619823,0.6198937538171893,0.413262502544793,0.06475764165027519,0.043181962511897765,0.05652575879158185,1.2727661196274416,0.10592640270761772,0.005441106183665032,0.5291582350407085,0.2546696371558119,-0.003566590470640431,0.032370746568989896,2.284360742787846,1.737813719129183,1.6519375416098359,0.08587617751934715,1.0540386686300165,0.6324232011780099,0.4216154674520066,0.0627806557095811,0.0415071520212974,0.05474903617282091,1.2865594015970436,0.10026177342447212,0.005518850005888128
2092,0.5189233922392907,0.25242552269613033,0.0020213698067117827,0.03174463807262425,2.2046300094746742,1.6748621257757845,1.5844495427072016,0.09041258306858287,1.0336341112791214,0.6201804667674726,0.41345364451164873,0.0647393979998934,0.043166507340256274,0.05650660945495075,1.2728916327954976,0.10591355775614456,0.005440385925251497,0.5291196628767136,0.25462344338972265,-0.0035960756290113055,0.032368386658726676,2.284867932739701,1.73799364798123,1.652188063474607,0.08580558450662308,1.0544664487751565,0.6326798692650939,0.42178657951006265,0.06276093016104044,0.04149044145449533,0.05472893800712421,1.2866990078903868,0.10024995007697213,0.0055181521820393915
2093,0.518883524306653,0.25238177813138774,0.0019795059701419523,0.031742198847044815,2.2050796492695715,1.674996190994539,1.584646422110131,0.09034976888440797,1.0340553785990674,0.6204332271594403,0.4136221514396271,0.06472155138734123,0.04315138852058801,0.05648813695905722,1.2730144458650265,0.10590118275144926,0.0054397146931616375,0.529084790573741,0.25457986884253203,-0.0036289871681349783,0.03236625305887866,2.285345212163771,1.7381765054765717,1.6524389702799809,0.08573753519659086,1.0548437364729835,0.63290624188379,0.4219374945891935,0.06274180192755649,0.04147423690521343,0.054709651457316655,1.2868344247224035,0.10023857417397751,0.005517501834968584
2094,0.5188479302603545,0.2523401770395329,0.0019361801337056256,0.03174002101884107,2.2055115084681782,1.6751434210239524,1.5848555811078837,0.09028783991606876,1.0344265456004913,0.6206559273602945,0.41377061824019673,0.0647037505683477,0.043136308495091646,0.056469995235508774,1.2731369748021986,0.1058895871032792,0.005439088875116214,0.5290537869374995,0.25453846969789296,-0.003664461736216852,0.03236435606510784,2.2858036265106425,1.738368668800501,1.6526978339463827,0.08567083485411818,1.0551763209404332,0.6331057925642598,0.42207052837617337,0.06272289660289077,0.041458221193909364,0.05469081430777077,1.286968300266948,0.10022792405531075,0.005516895112636584
2095,0.5188130320583428,0.25229938803453555,0.0018904324985952528,0.031737885693078144,2.2059128244368513,1.675287849929671,1.5850607381813435,0.0902271117483276,1.0347534770925133,0.6208520862555078,0.4139013908370055,0.06468629546084627,0.0431215213402838,0.05645238900759698,1.2732571541696336,0.10587848260607897,0.0054384752170513985,0.529023067985285,0.25449788258835,-0.003703326211759922,0.03236247641907555,2.2862302729714425,1.7385543495380609,1.6529486052311089,0.08560574430695199,1.0554694462338896,0.6332816677403337,0.42218777849355593,0.06270447216264431,0.04144261286550752,0.05467259914401397,1.2870988056875774,0.1002177183631216,0.0055162985091043735
2096,0.5187719308024308,0.25225631073324434,0.001840460646057758,0.03173537084870215,2.206261920036164,1.6754044478576784,1.5852374785592058,0.09016696929847247,1.0350407357949307,0.6210244414769582,0.4140162943179725,0.0646693724792505,0.043107184977780946,0.05643539508185199,1.2733736982658415,0.10586669828897288,0.005437804054433165,0.528985681958912,0.25445496857696526,-0.003747208041974086,0.032360188866077895,2.286603065663835,1.7387084142852005,1.6531667965393009,0.08554161774589955,1.0557271152075574,0.6334362691245343,0.42229084608302303,0.06268667499143352,0.04142753593024292,0.05465505251152158,1.2872249009885683,0.10020684720592578,0.005515641741015198
2097,0.518730238262869,0.25221625901701566,0.0017882621217903474,0.03173281980440537,2.2065437158127255,1.6754834096697884,1.5853690867871715,0.09011432288261696,1.0352910483759237,0.621174629025554,0.4141164193503697,0.06465487592481968,0.043094904171459295,0.05642075381679805,1.2734735544811582,0.10585564952639873,0.005437161130692262,0.5289474090251779,0.2544150961616355,-0.0037940388086737248,0.03235784702632355,2.2869065956034733,1.7388210929739771,1.653335671556323,0.08548542141765417,1.055951540078584,0.6335709240471503,0.4223806160314337,0.06267135229629332,0.04141455525595646,0.05463987626987631,1.2873334902935678,0.10019666866959968,0.005515012807353186
2098,0.518693273820538,0.2521832526479437,0.0017361309188229854,0.03173055798782632,2.2067578148114197,1.675526409818018,1.585453020096877,0.09007338972114105,1.0355079911909049,0.6213047947145427,0.4142031964763621,0.06464385669508305,0.043085569192802445,0.056409442090869726,1.2735494716984208,0.10584650804055114,0.005436617149038812,0.5289137165837434,0.2543823283851653,-0.0038414582422472768,0.03235578538232897,2.2871405410644337,1.7388944022680026,1.6534530203389772,0.08544138192902538,1.056145867875761,0.6336875207254564,0.4224583471503045,0.06265952756235743,0.041404537891625876,0.05462802557614853,1.2874173065990195,0.10018830483904055,0.0055144840937917565
2099,0.5186614521434936,0.2521570665535562,0.0016847956667834577,0.03172861078059348,2.2069136168691377,1.6755393736625863,1.5854961087675847,0.09004326489500158,1.0356958468359219,0.6214175081015529,0.414278338734369,0.0646360027029276,0.043078915656131166,0.056401162824393544,1.2736035892028374,0.10583923195311658,0.005436172035455483,0.528885063473018,0.25435644091451637,-0.003888647304512466,0.03235403201779115,2.287314644768913,1.7389347695199628,1.6535262301259532,0.08540853939400961,1.0563140244049336,0.63378841464296,0.42252560976197356,0.06265088362555396,0.04139721515060856,0.054619201363159745,1.287478585787204,0.10018171797000976,0.00551405564294035
2100,0.5186314554706891,0.252134134394432,0.001634636436518698,0.03172677523441733,2.2070289157319896,1.675532673519252,1.5855137841833726,0.09001888933587936,1.0358585525810284,0.6215151315486168,0.4143434210324116,0.06462988266354554,0.04307373104356059,0.056394580333986824,1.2736457631863864,0.10583276377878305,0.005435770686973759,0.5288580849711196,0.25433383329767695,-0.0039351007928084755,0.03235238111165954,2.2874471982108484,1.7389531500178848,1.6535714174154224,0.08538173260246239,1.0564596346590436,0.6338757807954261,0.4225838538636176,0.06264400565287576,0.041391388452219666,0.054612084757816204,1.2875273510524299,0.10017590049579368,0.005513671151468476
2101,0.5186047175646867,0.25211370205820305,0.0015870296119773405,0.03172513906310892,2.207128827939638,1.6755266156255213,1.5855294348894002,0.08999718073612112,1.0359989884170637,0.6215993930502379,0.41439959536682575,0.06462443312031904,0.04306911444413169,0.05638874070579133,1.2736833197764987,0.10582705412273902,0.005435413022483769,0.5288342201878985,0.2543137384558247,-0.003979387427605979,0.03235092070491652,2.2875638696223985,1.7389704905777914,1.6536126967099807,0.08535779386781082,1.0565852881873632,0.6339511729124179,0.4226341152749454,0.06263785204600757,0.0413861754028369,0.05460574220325612,1.287570984623817,0.10017079811071736,0.005513329993508834
2102,0.5185841927522654,0.25209607956862856,0.0015432071224279476,0.0317238829896649,2.207238866822938,1.6755429130988932,1.5855668469699618,0.08997606612893141,1.0361200330882945,0.6216720198529764,0.41444801323531805,0.06461882873125198,0.043064366666512394,0.05638291854978361,1.2737219465432634,0.10582251058292969,0.005435118276918942,0.5288164335318808,0.2542964557509201,-0.0040202697212228106,0.03234983213737663,2.2876906435291167,1.7390090584584086,1.6536744814853925,0.08533457697301611,1.056693603406207,0.6340161620437241,0.4226774413624829,0.06263161889543095,0.0413808949677259,0.05459946777887034,1.28761518616994,0.10016678458303839,0.005513051006919572
2103,0.5185719342364672,0.2520808568381808,0.001503845470077321,0.031723132609696406,2.2073856728210948,1.6756034199066248,1.585650751823144,0.08995266808348085,1.0362248683299182,0.6217349209979508,0.4144899473319675,0.06461203744476438,0.04305861340463026,0.05637619279404418,1.273768757800145,0.10581933075402625,0.005434893298630807,0.5288067419032393,0.2542815448677794,-0.0040570821904555715,0.032349238784023515,2.2878545659647616,1.7390911682922552,1.6537820481015841,0.08530912019067097,1.0567875297719627,0.6340725178631774,0.4227150119087852,0.06262429957357449,0.04137469437885122,0.05459236313329203,1.2876670952322333,0.10016402802187947,0.005512840102477672
2104,0.5185696499583908,0.2520693443573746,0.0014691739642917548,0.03172299239464928,2.2075701445902634,1.6757084687370103,1.5857800835837317,0.08992838515327871,1.0363167683442196,0.6217900610065317,0.414526707337688,0.06460441165778123,0.04305215319276151,0.056368880132725376,1.2738213265144802,0.10581820409040614,0.00543476098647919,0.5288068404436219,0.2542703068078307,-0.0040896279800578875,0.03234924433350658,2.288056242607857,1.739216996541006,1.6539341675026085,0.08528282903839764,1.0568701251754145,0.6341220751052485,0.4227480500701659,0.06261624137738435,0.0413678678500243,0.054584741493560796,1.2877242507843307,0.100163166371012,0.005512720155620543
2105,0.5185751811533922,0.25206162783874636,0.0014379146910944995,0.03172333029682299,2.2077727811156547,1.6758388174577967,1.5859333682147696,0.08990544924302718,1.0363990215014756,0.6218394129008852,0.4145596086005904,0.06459678382949123,0.043045691251592556,0.05636168976980141,1.2738739149938696,0.10581907185104042,0.005434710539462632,0.5288145388955376,0.2542628188701084,-0.004119168116971397,0.03234971481184965,2.288275472761976,1.7393667695740862,1.6541087843140176,0.0852579852600685,1.056944480746597,0.6341666884479581,0.422777792298639,0.06260825185955662,0.04136109950231008,0.05457729229167077,1.2877809257818726,0.10016414011192921,0.005512680449511285
2106,0.5185873745987049,0.2520566797629436,0.0014101116850734896,0.03172407580312379,2.2079976934214796,1.6759957879938325,1.5861132000722757,0.0898825879215568,1.0364741555820067,0.6218844933492039,0.4145896622328028,0.0645888120030281,0.04303893789117917,0.056354291280407705,1.2739288811829412,0.1058212785181951,0.005434725005270055,0.5288286511894338,0.2542580390293562,-0.004145599909568948,0.032350577696840244,2.2885163000242983,1.739541833591136,1.6543085357536715,0.0852332978374644,1.0570129404510447,0.6342077642706266,0.422805176180418,0.06259999455283469,0.04135410429630618,0.05456969124646091,1.2878395072611843,0.10016633131097202,0.005512703561886885
2107,0.5186045147130224,0.2520530562127204,0.0013865136057981745,0.03172512397393209,2.208248860636168,1.67618043409977,1.5863223316700397,0.08985810242973036,1.036544214943547,0.6219265289661282,0.41461768597741894,0.06458004938495861,0.04303151460891609,0.056346257077251806,1.2739893071046084,0.10582425957195582,0.0054347800447948,0.528847420175785,0.2542545067020922,-0.004168119387171938,0.03235172550600555,2.2887826390235615,1.739743260747861,1.6545362130372654,0.08520704771059559,1.0570773766438268,0.634246425986296,0.42283095065753085,0.06259103021911117,0.041346510129927766,0.05456151867685692,1.2879031126620761,0.10016920327180698,0.005512764570782249
2108,0.5186262065541711,0.252050898693198,0.0013684402645908963,0.03172645065079901,2.208521605626336,1.6763878775854602,1.5865551877912578,0.08983268979420234,1.036610696391797,0.6219664178350781,0.41464427855671887,0.0645707407563392,0.04302362877192353,0.056337795435712934,1.2740535064873706,0.10582796987116633,0.005434874990877019,0.5288704618623012,0.2542523719520751,-0.004185359770932956,0.03235313475083163,2.289069589014619,1.7399660681238511,1.6547861152058583,0.08517995291799285,1.0571391230146012,0.6342834738087606,0.4228556492058406,0.06258159813028395,0.041338519703192335,0.05455297937237286,1.287970045867495,0.10017271670842821,0.005512863058851196
2109,0.51865464994857,0.252050601473348,0.0013582146060709815,0.03172819040846281,2.208832271582345,1.6766325312244696,1.5868273507442745,0.08980518048019508,1.0366748680634514,0.6220049208380708,0.41466994722538064,0.06456039201051125,0.04301486179603341,0.05632847855437271,1.2741248892807242,0.10583245664058004,0.005435025857785532,0.5289000019226476,0.25425203339041796,-0.004194958416086254,0.03235494158735855,2.289393828545357,1.7402250526870207,1.655074246693996,0.08515080599302467,1.0571993030856015,0.6343195818513607,0.4228797212342407,0.0625712194902898,0.041329727402355715,0.054543659299766664,1.2880437066660173,0.10017691877271645,0.005513015021432105
2110,0.5186926010545325,0.25205297034016305,0.0013574311100981798,0.031730511828526535,2.2091972457533,1.6769290840426556,1.5871542590052077,0.089774825037448,1.0367383112468207,0.6220429867480923,0.41469532449872837,0.0645486129170651,0.04300488309620185,0.05631797568371977,1.2742061509999765,0.10583818649587841,0.005435255956865024,0.5289388094109715,0.2542542907439201,-0.004195334300957115,0.03235731538611776,2.2897720582174625,1.7405352469971445,1.65541643432052,0.0851188126766245,1.0572593731615711,0.6343556238969426,0.4229037492646286,0.06255951577769656,0.041319812561674926,0.05453323795388302,1.2881267852374003,0.10018224299047052,0.005513243614056838
2111,0.5187386535895935,0.25205869579547446,0.0013650204259046742,0.0317333288530058,2.2095954002083595,1.6772581354727694,1.5875136000085326,0.08974453546423673,1.036803000333045,0.622081800199827,0.4147212001332181,0.06453641111870462,0.04299454630043731,0.05630716696243393,1.274290343231827,0.10584555668631165,0.0054355648698563765,0.5289854692490129,0.2542598306845038,-0.00418757449908061,0.03236016955118179,2.290182574398547,1.7408767879290683,1.6557898557619821,0.08508693216708618,1.0573211977276085,0.634392718636565,0.4229284790910435,0.06254746339572836,0.04130960234452488,0.05452256942683473,1.2882123535387673,0.10018905823005315,0.005513548744746785
2112,0.5187867894517186,0.25206700841861274,0.0013776002751273303,0.03173627333474513,2.2099809493339695,1.677576912241964,1.587858690723374,0.08971822151858982,1.0368704310176593,0.6221222586105954,0.4147481724070638,0.06452536566745465,0.04298518910813459,0.05629740217080281,1.2743665692777153,0.10585402259018165,0.005435912009564205,0.5290339356075924,0.2542678835749541,-0.004175015906202881,0.03236313423948707,2.2905785229425764,1.7412059946815122,1.6561468198597864,0.08505917482172567,1.05738617180465,0.63443170308279,0.42295446872186004,0.06253658707594477,0.04130038843252999,0.05451295849604182,1.2882895849583231,0.10019685686388592,0.005513890324121721
2113,0.5188311175551308,0.25207645961461833,0.0013921015009738247,0.031738984925901166,2.21031738952904,1.6778510560368949,1.5881529420452976,0.08969811399159736,1.0369407458062376,0.6221644474837424,0.41477629832249513,0.0645165116176698,0.042977688369176995,0.056289551175011505,1.2744276808218744,0.10586249853848853,0.005436250404404571,0.529078316441636,0.2542770148812169,-0.004160635008532719,0.032365849044744,2.290922656662572,1.7414879054983752,1.65645005161515,0.08503785388322536,1.0574543417457036,0.6344726050474221,0.4229817366982815,0.0625278832040827,0.04129301491732011,0.05450524364287515,1.2883513988364788,0.10020463379673594,0.005514221949214776
2114,0.5188680668645018,0.2520853573842298,0.001406536590638545,0.03174124520278439,2.2105925819401264,1.6780685407858351,1.5883848450981426,0.08968369568769244,1.03701289473664,0.6222077368419838,0.41480515789465605,0.0645098794622272,0.04297206991571108,0.05628361153331586,1.274473461653548,0.10586993220395434,0.0054365430979331575,0.5291150645139288,0.25428555190977603,-0.0041463366145719355,0.03236809699918572,2.291202740878566,1.7417104739306724,1.6566879983628897,0.08502247556778275,1.05752457085946,0.6345147425156761,0.42300982834378403,0.06252137370272755,0.04128750037068942,0.05449941650189004,1.2883976336266278,0.10021141604966399,0.00551450700675994
2115,0.5188974809107444,0.25209297773380474,0.0014205180683864518,0.031743044603925116,2.210813544756478,1.678235865052389,1.5885624135749523,0.08967345147743665,1.0370852186358763,0.6222511311815258,0.41483408745435063,0.0645049937730745,0.04296793098721477,0.056279163509545746,1.274507189622136,0.10587587789842193,0.005436781698985509,0.5291440841100736,0.25429279891146456,-0.004132463845522884,0.032369872257954964,2.2914261781519993,1.7418806119024073,1.6568691021462194,0.08501150975618788,1.0575951266763,0.6345570760057799,0.42303805067052,0.06251659424186662,0.04128345143385859,0.054495067651659956,1.2884315832800937,0.10021679971183985,0.005514737533117554
2116,0.5189198567036851,0.25209870690798636,0.0014342038291988712,0.0317444135223064,2.2109921018522236,1.6783638884999628,1.5886983860795612,0.08966550242040167,1.0371561929544377,0.6222937157726626,0.41486247718177516,0.06450122771435164,0.042964740557517006,0.05627565729647255,1.274533189897723,0.10588017504389877,0.005436962496807607,0.5291659266925056,0.2542981613436659,-0.004118836688628544,0.03237120854509058,2.2916053212901795,1.7420097031186732,1.6570066627917686,0.0850030403269047,1.0576644308306848,0.6345986584984109,0.423065772332274,0.06251293119093847,0.04128034826757107,0.054491659023812006,1.2884576043829226,0.10022064202021723,0.005514910052695611
2117,0.51893721085092,0.25210266131047987,0.0014484701427490976,0.03174547530028511,2.2111449901201956,1.6784684763444675,1.5888102631203571,0.08965821322411034,1.037224544999731,0.6223347269998385,0.41488981799989255,0.06449794882839928,0.042961962837919976,0.05627255168118484,1.2745558279380151,0.10588301254166592,0.005437097614788168,0.5291826687200348,0.2543017703118244,-0.00410457473840329,0.03237223286429884,2.2917575600534543,1.7421142351437868,1.6571188562017838,0.08499537894200312,1.0577311730861174,0.6346387038516704,0.423092469234447,0.06250976606614207,0.04127766692113155,0.0544886612953867,1.2884800894880502,0.10022312584840809,0.005515036902681262
2118,0.5189518262973762,0.25210556683954316,0.0014641794219880516,0.03174636956178799,2.2112837815636412,1.6785611597616334,1.5889100619616763,0.08965109779995711,1.0372895326699418,0.622373719601965,0.4149158130679768,0.06449487642290017,0.04295936003895445,0.056269620926537936,1.2745770413568382,0.10588488602409224,0.00543720697476214,0.5291966451461612,0.254304360131245,-0.004088830592404703,0.03237308802109806,2.291894970755647,1.742206213113477,1.6572182170427394,0.08498799607073758,1.0577945895215128,0.6346767537129077,0.4231178358086052,0.06250682220115543,0.0412751730157066,0.0544858517784287,1.2885010036836677,0.10022471869681907,0.005515138255118438
2119,0.5189641529785267,0.25210835589273967,0.0014812563073510546,0.03174712379870432,2.211400357933534,1.6786356656490726,1.5889897911360804,0.08964587451299214,1.0373509446624232,0.6224105667974538,0.41494037786496935,0.06449253309932945,0.04295737488427111,0.056267339161772734,1.2745932214466082,0.10588631308361608,0.0054373027402629765,0.529208346096435,0.2543068715086534,-0.004071690015551202,0.03237380396604071,2.2920094547518346,1.7422793947480024,1.6572967789926785,0.08498261575532391,1.0578544595985937,0.6347126757591561,0.42314178383943757,0.06250460244420605,0.0412732925409147,0.054483687443473885,1.2885167741559274,0.10022590913890317,0.0055152267902167495
2120,0.518972681206855,0.25211124623372627,0.0014981653401067857,0.03174764564465216,2.2114775517382763,1.6786768120500128,1.5890323432631446,0.08964446878686817,1.0374086807918863,0.6224452084751316,0.4149634723167547,0.06449161517677957,0.04295659726300204,0.056266316573167524,1.2745995596067916,0.10588737117573434,0.005437379020907209,0.5292162821291072,0.2543095258374104,-0.004054681033067706,0.032374289571416776,2.2920836602149905,1.7423184359150916,1.657337250500178,0.08498118541491355,1.0579106828580211,0.6347464097148127,0.4231642731432085,0.06250377501141682,0.04127259157835997,0.05448275444613166,1.288522652833425,0.10022677356870432,0.005515297049156082
2121,0.5189753123886126,0.25211391353116935,0.0015127446702151437,0.031747806723476345,2.2114995776745223,1.6786702841807717,1.5890221683020813,0.08964811587869032,1.0374623489540686,0.622477409372441,0.4149849395816276,0.06449263152090126,0.04295745826244672,0.0562669908891205,1.2745925417791493,0.10588781764667606,0.0054374210842362625,0.5292183714709807,0.2543120037312613,-0.004039945599591803,0.03237441749019241,2.292101659064364,1.7423088961532236,1.6573239364655399,0.0849849596876836,1.0579628709980404,0.6347777225988243,0.42318514839921617,0.06250482545242961,0.0412734814631041,0.05448347076507729,1.2885151896594105,0.10022709019043506,0.005515334649295198
2122,0.5189712756146894,0.2521159340384669,0.001523799158961947,0.031747559885400914,2.2114642594396376,1.6786141228227474,1.5889575535178073,0.08965656930494005,1.0375111765363842,0.6225067059218304,0.4150044706145538,0.06449554609913519,0.042959927357497624,0.0562693260112765,1.2745724173322919,0.10588739164406918,0.005437420338191423,0.5292138623525905,0.2543138860970774,-0.0040286579589742105,0.03237414174355139,2.2920614181824197,1.7422489460334454,1.6572552632669602,0.08499368276648533,1.0580102581924324,0.6348061549154596,0.42320410327697294,0.06250771255337213,0.04127592728067236,0.05448579591697249,1.2884946780417432,0.10022661943901624,0.005515331133675793
2123,0.5189581171265746,0.252116378358032,0.001529849819056267,0.031746755027198405,2.211360131762001,1.6784975517186476,1.5888275433585908,0.08967000836005676,1.0375543140056838,0.6225325884034102,0.4150217256022736,0.06450055145323723,0.04296416766057044,0.056273474711387175,1.2745378585651919,0.10588576301440542,0.005437353811049705,0.5292003088647164,0.2543142498712821,-0.004022271231022903,0.03237331270845907,2.291951379272896,1.742127726455513,1.6571201763666714,0.0850075500888417,1.0580520048437072,0.6348312029062244,0.42322080193748285,0.06251261649332143,0.04128008167039426,0.05448987247647155,1.2884598396394118,0.10022505489330913,0.005515263717139
2124,0.5189358216385643,0.252114370762661,0.001530295480122533,0.03174539123128736,2.21119779586414,1.6783299264988059,1.5886434922458816,0.0896864342529243,1.0375905060304302,0.622554303618258,0.4150362024121722,0.06450701227155942,0.04296964096520107,0.056278873179347544,1.2744932543973841,0.10588255774947118,0.005437212277103251,0.5291777188748904,0.25431222678264015,-0.004021364942162833,0.03237193088378771,2.2917825741543325,1.7419549822602969,1.6569304544749646,0.08502452778533243,1.0580868661322798,0.6348521196793679,0.42323474645291187,0.0625189157967653,0.041285418147136,0.054495148572802896,1.2884150919843878,0.10022205017489312,0.005515123113586486
2125,0.5189081767447887,0.25210987182183464,0.0015262628117416674,0.03174370020127963,2.2110128351634586,1.6781438451076929,1.5884416633103986,0.08970218179729425,1.0376186197551003,0.6225711718530601,0.4150474479020402,0.0645135526678318,0.04297518168456796,0.05628433011053985,1.2744481050160812,0.10587793866702741,0.005437015807692863,0.5291499125400531,0.2543077793503452,-0.004024835258099879,0.03237022996508244,2.291591531885063,1.7417641567818996,1.656723297908645,0.08504085887325447,1.0581137232940299,0.634868233976418,0.4232454893176119,0.06252527474855157,0.04129080515517772,0.05450046668487907,1.2883699247524527,0.10021775738536298,0.005514929022181084
2126,0.5188798050181558,0.25210364005870184,0.0015194200378052664,0.0317419646943554,2.2108387568566235,1.6779703533314987,1.5882557209794947,0.08971463235200397,1.037638393128548,0.6225830358771287,0.4150553572514193,0.06451908351052303,0.042979867157120114,0.05628891532696592,1.2744099280161945,0.10587261853213956,0.005436797321857298,0.5291215283329292,0.25430165817757266,-0.004031078319767213,0.032368493682073576,2.2914125438493502,1.7415869834021163,1.6565331437657675,0.0850538396363487,1.0581323334726376,0.6348794000835827,0.42325293338905495,0.06253063873655873,0.04129534927620605,0.05450492520918946,1.2883318279147278,0.10021283671358264,0.0055147139153470925
2127,0.5188518931572447,0.2520962980340182,0.0015100836560649686,0.0317402572783354,2.2106789992753315,1.677812787548715,1.588088690383737,0.08972409716497796,1.0376505148193242,0.6225903088915945,0.4150602059277298,0.06452363828000224,0.042983725745868284,0.05629266712629104,1.2743784906773121,0.105867208785424,0.005436569736873941,0.5290937398506104,0.25429447373192937,-0.004039829841147195,0.03236679380110399,2.291249080497724,1.7414268044383088,1.6563630370225484,0.08506376741576031,1.0581434057919596,0.6348860434751759,0.4232573623167838,0.06253504067658683,0.041299078394955106,0.05450856143125085,1.2883005660705122,0.1002078516123285,0.005514490526522344
2128,0.5188253491396334,0.25208835594595486,0.0014984155126137044,0.0317386334968312,2.2105359470344097,1.6776733340429433,1.5879424418531052,0.08973089218983815,1.0376558419688409,0.6225935051813045,0.4150623367875364,0.06452726731668931,0.0429868000968736,0.05629563537413783,1.274353444265577,0.10586196780183792,0.005436343289370158,0.5290674415104238,0.25428672483720377,-0.004050949608313516,0.03236518503637656,2.2911035339433368,1.7412857931826446,1.6562148460336052,0.0850709471490393,1.0581478131828856,0.6348886879097314,0.42325912527315424,0.0625385295351929,0.041302033993613346,0.05451142363938179,1.288275790189346,0.10020303906972218,0.005514268920504675
2129,0.5188009435598787,0.2520802519485971,0.001484750786118455,0.031737140491662166,2.2104116920131163,1.677553792834075,1.5878184954531862,0.08973529738088877,1.0376553275998834,0.6225931965599301,0.41506213103995343,0.06453001709292361,0.04298912957933941,0.05629786464987554,1.2743344670751307,0.10585708501739133,0.005436126720565376,0.5290433882099033,0.2542788390215166,-0.004064116154775789,0.032363713569491845,2.2909779723889714,1.7411657116612398,1.656090060288962,0.08507565137227774,1.058146520166682,0.6348879121000093,0.42325860806667276,0.06254115126579785,0.041304255001780525,0.054513555667908505,1.2882571729738204,0.10019857237414057,0.005514057661734237
2130,0.518779351338348,0.25207237154643825,0.0014696113803612798,0.03173581955327866,2.2103081500843613,1.6774557218699055,1.5877181599532388,0.08973756191666676,1.0376499835518709,0.6225899901311225,0.41505999342074845,0.0645319295879369,0.04299074975611737,0.05629939427533695,1.274321268693382,0.10585271788360621,0.005435927704318054,0.5290222371748693,0.25427119171651363,-0.004078817059816595,0.0323624196084665,2.290874261087739,1.7410680584406184,1.6559899336125423,0.08507812482807617,1.0581405457919943,0.6348843274751966,0.4232562183167977,0.06254294816871753,0.04130577725431582,0.05451499689142,1.288244413356435,0.10019459492873461,0.0055138642407491735
2131,0.5187611430489147,0.2520650513336581,0.0014536437013520365,0.03173470558981435,2.2102269151382705,1.677380322842678,1.5876424018596584,0.08973792098301953,1.0376408554643535,0.6225845132786121,0.41505634218574144,0.06453304812376043,0.04299169732761641,0.056300263585177965,1.27431354968633,0.10584899740350487,0.005435752839286949,0.5290045396202107,0.2542641099642603,-0.004094412352108695,0.03236133687717178,2.2907939172556615,1.7409939551965592,1.6559153540670002,0.08507860112955908,1.0581309386477689,0.6348785631886613,0.42325237545910754,0.06254396440507973,0.04130663816247168,0.054515787211743515,1.2882371973051892,0.10019122538326918,0.005513695070150073
2132,0.518746763223124,0.25205857661507725,0.0014375368601652755,0.03173382579968871,2.210169070976247,1.6773282826429483,1.5875916718596266,0.08973661078332172,1.0376289985277012,0.6225773991166206,0.41505159941108055,0.06453342335319912,0.042992015204535675,0.05630051720233018,1.2743109602428389,0.10584602665439574,0.005435607506798124,0.5289907195756621,0.25425787016893286,-0.004110216991421389,0.032360491319848146,2.290737922443656,1.7409439886767093,1.6558666708194356,0.08507731785727372,1.0581187527070341,0.6348712516242204,0.4232475010828137,0.06254425166158645,0.04130688151281679,0.05451597205541518,1.2882351575653543,0.10018855634598245,0.005513555349067922
2133,0.5187365091078344,0.2520531725072471,0.0014219466808470943,0.03173319837204597,2.2101350918581484,1.677299689207234,1.5875658210664148,0.08973386814081924,1.0376154513195561,0.6225692707917336,0.41504618052782255,0.06453311430695288,0.04299175339493724,0.056300205896606906,1.2743130929145219,0.10584387628406584,0.0054354956631687676,0.5289810532187162,0.25425268936335355,-0.004125577264437651,0.03235989983673727,2.2907066260111675,1.7409181292435714,1.6558436132002896,0.08507451604328185,1.0581050213514633,0.6348630128108779,0.4232420085405854,0.06254387001085596,0.0413065581960779,0.054515603072979514,1.2882378675144572,0.10018665028139391,0.005513448860710695
2134,0.5187305258572933,0.25204899481944576,0.00140744911237968,0.031732832192505195,2.210124899992321,1.6772940892785975,1.5875641751868208,0.08972991409177665,1.0376012080091674,0.6225607248055003,0.4150404832036671,0.06453218342453601,0.042990964794671946,0.05629938221752141,1.2743195168678123,0.10584258096343711,0.0054354197186679025,0.5289756646950882,0.2542487162305781,-0.004139917584364924,0.0323595700282755,2.2906998092854622,1.740915794622473,1.6558453713694261,0.08507042325304691,1.0580907298600604,0.6348544379160361,0.4232362919440242,0.06254288293768848,0.041305721993623534,0.05451473376564223,1.2882448764380885,0.10018553628536127,0.005513377854095837
2135,0.518728827598495,0.25204613190709035,0.0013945296008801775,0.03173272813153461,2.2101380242805875,1.677310647132295,1.587585708852762,0.08972493827953293,1.0375871923797093,0.6225523154278254,0.41503487695188385,0.06453069040899509,0.04298969998138265,0.05629809531744061,1.2743298202530493,0.10584214143711067,0.005435380670905251,0.5289745479657774,0.2542460330951204,-0.004152751332385941,0.03235950153128496,2.2907168530777624,1.740936016451054,1.6558707791899194,0.0850652372611344,1.0580767898130718,0.6348460738878431,0.42323071592522876,0.06254135126226246,0.041304424429478584,0.05451341435893554,1.2882557526388707,0.1001852120930171,0.005513343180524982
2136,0.518731330120359,0.2520446160098382,0.001383592265468997,0.03173288104376117,2.210173748411846,1.677348299387953,1.5876292052149834,0.08971909417296958,1.0375742386614377,0.6225445431968626,0.4150296954645752,0.0645286888901819,0.04298800438778408,0.05629638837425941,1.274343633198893,0.10584253124620607,0.005435378400018532,0.5289776002829868,0.2542446673553499,-0.004163671952889102,0.03235968806641333,2.29075689390898,1.7409776022334456,1.6559184816540282,0.08505912057941736,1.05806402042492,0.634838412254952,0.42322560816996807,0.06253932980976808,0.04130271194899293,0.05451168921849846,1.288270107051269,0.10018565044019016,0.005513344592582885
2137,0.5187378741277334,0.2520444366307588,0.0013749681772183067,0.03173328119006995,2.210231148257228,1.6774058076399245,1.5876932997656088,0.08971250787431584,1.0375630808193657,0.6225378484916193,0.41502523232774635,0.06452622794161034,0.042985919586673665,0.056294300232899636,1.2743606173197315,0.10584370437342557,0.0054354119340822024,0.5289846460344464,0.2542446048799861,-0.0041723449280209254,0.03236011889634319,2.290818866455852,1.7410391922057267,1.655986983392437,0.08505220881328975,1.0580531384390255,0.6348318830634152,0.42322125537561023,0.06253686878458535,0.04130062708298109,0.05450959835679302,1.2882875834584069,0.10018680625832523,0.005513381013489364
2138,0.5187482287945718,0.2520455517112551,0.0013689131377362454,0.03173391445462516,2.2103089757481906,1.6774816676592934,1.5877763672104055,0.08970530044888789,1.0375543475629756,0.6225326085377852,0.41502173902519035,0.06452335899501574,0.042983489148624154,0.05629187166632822,1.2743804179733664,0.10584560104131106,0.005435479584933113,0.5289954406539796,0.25424580115727746,-0.004178510130425285,0.03236077906467986,2.290901388311813,1.7411191689482244,1.6560745360306055,0.08504463291761888,1.0580447538020121,0.6348268522812073,0.42321790152080485,0.06253402037716314,0.04129821404476264,0.05450718342064334,1.2883078115526638,0.10018862213031317,0.005513450677388201
2139,0.5187620795555428,0.25204789562790963,0.0013655951802210783,0.031734761597905316,2.2104054364413037,1.6775739191275334,1.5878763013019483,0.08969761782558497,1.0375485585655926,0.6225291351393554,0.41501942342623716,0.06452014603516334,0.04298076727855118,0.05628915441801742,1.2744025938698722,0.1058481505333337,0.005435578965594505,0.5290096586584587,0.2542481892941969,-0.004181994277893057,0.032361648663993346,2.2910025354384924,1.7412154648579863,1.6561789155069282,0.0850365493510581,1.058039366552607,0.6348236199315643,0.4232157466210428,0.06253084856534684,0.04129552703339103,0.05450449639029688,1.288330337301685,0.10019103098124285,0.005513551152286187
2140,0.518779012569143,0.25205138236043195,0.0013650778101760644,0.03173579730633352,2.2105179977487786,1.6776799793230446,1.5879903265766935,0.08968965274635105,1.037546118620142,0.6225276711720851,0.4150184474480569,0.06451667343817119,0.04297782545597552,0.056286218108836314,1.2744265629264584,0.10585127091399096,0.005435706939360746,0.5290268783079998,0.25425168321265873,-0.004182727515865611,0.03236270189750713,2.291119648581271,1.7413253938778224,1.656297231603848,0.08502816227397436,1.0580373616290382,0.6348224169774229,0.42321494465161524,0.06252743664331085,0.041292636611814745,0.05450160621724672,1.2883545694347502,0.10019395588059511,0.005513679293704031
2141,0.5187985103179836,0.2520559060098241,0.001367307777660344,0.031736989923320316,2.2106433354696833,1.6777966000283724,1.5881149499065095,0.08968165012186283,1.0375473092719565,0.6225283855631738,0.4150189237087826,0.06451304790129886,0.042974754069850386,0.05628315196685317,1.2744515888900207,0.10585486789043133,0.005435859601520011,0.5290465774128738,0.25425617820799096,-0.004180755499021846,0.03236390682278335,2.2912492806970413,1.7414456089121726,1.6564258800204006,0.08501972889177209,1.0580390011277343,0.6348234006766406,0.42321560045109374,0.06252388904302353,0.041289631249937675,0.05449860045710102,1.2883797664505416,0.10019730903381295,0.005513831228717823
2142,0.5188199723276096,0.2520613443026336,0.0013721182540362975,0.03173830271689876,2.2107774781307032,1.6779200054332388,1.5882461098856888,0.08967389554754997,1.0375522804083575,0.6225313682450144,0.415020912163343,0.06450939361996162,0.04297165833275218,0.05628006074753247,1.2744768145728393,0.10585883604869935,0.005436032428102634,0.529068154324347,0.2542615544829634,-0.004176236257066861,0.03236522663599767,2.291387346137113,1.741572243790923,1.656560696238592,0.08501154755233094,1.0580444164975353,0.6348266498985211,0.42321776659901417,0.06252032664308486,0.0412866133504847,0.05449558129534933,1.2884050698828395,0.10020099297249754,0.0055140025044913355
2143,0.5188427683761514,0.25206756919503,0.001379251367534369,0.031739697134843994,2.210916167798297,1.6780462291695037,1.5883795396984712,0.08966668947103246,1.0375610468330434,0.6225366280998259,0.41502441873321744,0.06450584110714255,0.04296864880920684,0.05627705524590937,1.2745013389975495,0.10586306476755734,0.0054362206744004715,0.5290909814198267,0.2542676876960822,-0.004169418044605702,0.032366622943908754,2.2915294904803933,1.7417012580450641,1.6566973270528025,0.08500393099226172,1.0580536057126513,0.6348321634275909,0.4232214422850605,0.06251687594501434,0.04128369007965639,0.05449265635191855,1.2884295811480357,0.10020490606796431,0.005514188483079491
2144,0.5188663187993283,0.25207446718602877,0.0013883940668203629,0.031741137717135166,2.211055355855459,1.6781715764545553,1.5885112583604772,0.08966031809407798,1.0375734958249694,0.6225440974949816,0.4150293983299878,0.06450251349178066,0.04296582980832166,0.05627424075876654,1.2745243119856076,0.10586745001472612,0.00543642002125672,0.5291144855329956,0.25427446905246975,-0.004160604330970395,0.03236806068397695,2.291671597307521,1.741828908407863,1.6568317324523099,0.08499717595555327,1.0580664414253513,0.6348398648552108,0.4232265765701405,0.06251365582824808,0.04128096214657902,0.05448992751428948,1.288452455631298,0.10020895346763847,0.005514384980399372
2145,0.5188901895858943,0.2520819715675362,0.0013992194949484713,0.03174259791306347,2.211191690989618,1.6782930827280629,1.588638044988215,0.08965503773984786,1.0375894100023382,0.6225536460014028,0.41503576400093534,0.06449951630793123,0.04296329073363734,0.05627170874643002,1.2745450046872087,0.10587191180128631,0.0054366274258124785,0.5291382428994162,0.25428183712649444,-0.004150113715398522,0.032369513932302085,2.2918102856192193,1.741952215215538,1.6569606689855703,0.0849915462299677,1.058082694389415,0.634849616633649,0.42323307775576596,0.06251076770818148,0.04127851546565625,0.05448748288885441,1.2884729726387252,0.10021306324665696,0.005514589107456049
2146,0.5189141944305387,0.252090107593189,0.0013681712479627559,0.03174406632392401,2.211322913399999,1.6784088915867783,1.5887578092484294,0.08965108233834905,1.037608506919283,0.6225651041515698,0.4150434027677133,0.06449693427796248,0.04296110335800167,0.05626953475245229,1.2745628318481832,0.10587641590160721,0.0054368421446287975,0.5291620807615287,0.25428982240617815,-0.004182351609596485,0.032370972118915854,2.291943309884568,1.7420693447275615,1.6570820657663539,0.08498727896120764,1.0581020735303568,0.6348612441182142,0.42324082941214264,0.06250829249359603,0.041276418579042726,0.05448539483832522,1.288490557070186,0.10021720649880732,0.00551480028314817
2147,0.518907947627208,0.2520930002494591,0.0013616834578248568,0.03174368412902955,2.211239193006529,1.6783245213769382,1.5886608959384516,0.08966362543848667,1.0376304951134625,0.6225782970680773,0.4150521980453851,0.06450127466633745,0.04296478033305448,0.05627325837344869,1.2745328646826635,0.10587637878867222,0.005436838543611839,0.5291558184938884,0.25429270077253785,-0.0041887718240622915,0.03237058896845705,2.291857707492533,1.7419831475043386,1.6569831380947566,0.08500000940958195,1.0581242823296269,0.6348745693977762,0.42324971293185065,0.06251249169481117,0.041279975946903816,0.05448899977407003,1.2884607253345215,0.1002171833623912,0.005514798232940194
2148,0.518902416525881,0.2520954512260814,0.0013560138829964707,0.03174334571961371,2.2111659577889946,1.6782510144060931,1.5885765367124598,0.08967447769363338,1.0376490351275582,0.6225894210765348,0.41505961405102343,0.06450503715205322,0.042967967735866905,0.05627648761025706,1.2745068889993578,0.1058762510252029,0.005436834201518316,0.5291502785792551,0.25429514040596674,-0.004194372012891329,0.03237025001022186,2.2917828736145895,1.7419080850123374,1.6568970629373243,0.08501102207501308,1.0581430177954418,0.6348858106772652,0.42325720711817666,0.0625161305266691,0.04128305859592209,0.054492124963857906,1.2884348760060045,0.10021707846017291,0.0055147952703854895
2149,0.5188975981519496,0.2520975853008983,0.001351149465656551,0.0317430509085313,2.211101833608585,1.6781869934659046,1.588503064656598,0.08968392880930663,1.0376646149199784,0.622598768951987,0.41506584596799145,0.06450831411738804,0.04297074382840613,0.05627930289865731,1.2744842664104699,0.1058761408530183,0.005436830405400153,0.5291454542028652,0.25429726375452366,-0.0041991764191620234,0.03236995482229876,2.291717386957058,1.7418427332303943,1.656822123918009,0.08502060931238525,1.0581587717317487,0.6348952630390492,0.4232635086926994,0.0625192986124787,0.041285742450794194,0.05449484846506308,1.2884123718410736,0.1002169882262268,0.005514792675451741
2150,0.5188934458162111,0.2520994760639153,0.0013469911363796633,0.03174279683959481,2.2110456763227755,1.6781312645513962,1.5884390724877533,0.08969219206364291,1.0376776730583703,0.6226066038350221,0.41507106922334824,0.06451117602504661,0.042973168303396585,0.05628176482919263,1.274464510038217,0.10587605654743393,0.005436827671417338,0.5291412974743893,0.25429914363117734,-0.004203283699752203,0.03236970047502802,2.2916600704353733,1.741785866285448,1.6567568791958853,0.08502898708956275,1.0581719853991467,0.634903191239488,0.4232687941596586,0.06252206426520796,0.04128808538308773,0.05449722905917928,1.2883927271565798,0.10021692045638272,0.005514790978687187
2151,0.5188899023914761,0.25210117317981756,0.0013434485757549408,0.03174258001811407,2.2109965256275803,1.678082804250223,1.588383368678115,0.08969943557210786,1.0376885949157755,0.6226131569494652,0.4150754379663103,0.06451367954105383,0.042975289165657654,0.056283921776308476,1.2744472283770678,0.1058760010889814,0.005436826209390504,0.5291377504558374,0.254300829347487,-0.004206783517843163,0.03236948342412306,2.2916099351141423,1.7417364334696994,1.6567001073016763,0.0850363261680232,1.05818304635411,0.6349098278124661,0.4232732185416439,0.06252448248934951,0.04129013399004923,0.05449931374072557,1.2883755509292,0.10021687803830878,0.0055147904051996415
2152,0.518886905150386,0.2521027106787723,0.0013404396951044381,0.03174239660683828,2.2109535437665144,1.6780407110091444,1.588334914225019,0.08970579678412546,1.037697715902493,0.6226186295414956,0.41507908636099733,0.06451587188246935,0.04297714641528504,0.05628581382938751,1.2744320952418682,0.10587597411772912,0.005436826035545578,0.5291347498766729,0.25430235482201546,-0.004209757163436467,0.03236929979910601,2.291566118198119,1.7416935096114143,1.6566507431121988,0.08504276649921555,1.0581922918098665,0.63491537508592,0.4232769167239466,0.06252659914565484,0.04129192712277324,0.054501141484021284,1.2883605171749921,0.10021686075957276,0.005514790986596346
2153,0.5188843884821532,0.2521041116887914,0.001337890016285495,0.0317422425921442,2.210915981335413,1.6780041769306624,1.5882927861300205,0.08971139080064197,1.037705325342321,0.6226231952053924,0.4150821301369285,0.06451779331452226,0.04297877416310708,0.0562874750401086,1.274418832504201,0.10587597300065785,0.005436827036633262,0.5291322297874234,0.2543037432226521,-0.004212278226767785,0.032369145565634395,2.2915278483071146,1.741656266256428,1.656607840744586,0.0850484255118422,1.0582000126042144,0.6349200075625288,0.42328000504168567,0.06252845335092716,0.04129349791919516,0.054502745403537424,1.2883473478784895,0.1002168662987027,0.005514792624838117
2154,0.5188822863677081,0.2521053918548597,0.0013357322771779048,0.031742113935446334,2.2108831581513035,1.6779724717485485,1.5882561558485921,0.0897163158999563,1.0377116705045195,0.6226270023027115,0.415084668201808,0.06451947877243214,0.04298020200461614,0.05628893488161375,1.2744071988790329,0.10587599362584955,0.005436829019024781,0.5291301239961305,0.2543050103322662,-0.004214413033880114,0.03236901667454493,2.291494425960822,1.7416239552076183,1.6565705515800553,0.08505340362756302,1.0582064573012773,0.6349238743807665,0.4232825829205108,0.06253007904206784,0.04129487512907856,0.054504154161431756,1.2883358018658355,0.10021689096524891,0.005514795141229319
2155,0.5188805345846744,0.2521065617915262,0.001333906224457039,0.031742006708079924,2.210854454321134,1.6779449349807678,1.5882242778845685,0.08972065709619934,1.037716960727609,0.6226301764365653,0.41508678429104384,0.06452095887183626,0.04298145587595539,0.056290219156224,1.2743969829368185,0.10587603104774361,0.0054368317462524535,0.5291283682409963,0.2543061669656183,-0.004216220893450598,0.03236890919475858,2.2914652143673293,1.7415959003607282,1.656538112545104,0.08505778781562418,1.0582118363703754,0.6349271018222253,0.42328473454815,0.06253150595413001,0.04129608394257678,0.054505392846265883,1.2883256678450792,0.10021693029954726,0.005514798313824575
2156,0.5188790729608697,0.2521076290814031,0.0013323585812030359,0.03174191722915317,2.2108293077516894,1.6779209734163572,1.5881964848086196,0.08972448860773763,1.0377213715717832,0.6226328229430698,0.4150885486287134,0.06452226056962596,0.04298255861374877,0.05629135058993938,1.2743879985321456,0.10587608008315852,0.00543683497206854,0.5291269024063733,0.25430722093438374,-0.004217754171988816,0.032368819448838494,2.2914396367325804,1.74157149495455,1.656509840903658,0.085061654050892,1.0582163263815372,0.6349297958289224,0.4232865305526147,0.06253276026140366,0.04129714653333025,0.05450648354959581,1.2883167598431777,0.10021697962377063,0.005514801910205809
2157,0.5188778468293392,0.2521085996075038,0.001331042839112749,0.03174184215455411,2.2108072128928535,1.6779000590364113,1.588172183488786,0.08972787554762522,1.037725049006779,0.6226350294040673,0.41509001960271175,0.0645234076212132,0.04298353034247583,0.05629234923634892,1.2743800816399542,0.10587613572143431,0.0054368384622304824,0.5291256719448968,0.25430817835463043,-0.004219058532394827,0.032368744099984595,2.2914171748219676,1.741550199287012,1.6564851302871726,0.08506506899983943,1.058220074224658,0.6349320445347949,0.423288029689863,0.06253386502179968,0.04129808243492812,0.05450744575839961,1.2883089140424464,0.10021703441926376,0.005514805709017681
2158,0.5188768079116023,0.252109478544703,0.0013299189428386399,0.03174177853097811,2.210787718485819,1.6778817257724719,1.5881508504026378,0.08973087536983396,1.0377281134719691,0.6226368680831813,0.4150912453887878,0.06452442099177169,0.042984388822856136,0.056293232834265516,1.2743730875112798,0.10587619346274985,0.005436842009633264,0.5291246287295139,0.25430904461556153,-0.004220173275100415,0.032368680204151956,2.2913973665309295,1.7415315372796631,1.6564634458162266,0.08506809146343644,1.0582232011911712,0.6349339207147029,0.42328928047646835,0.06253484057521042,0.041298908878380655,0.054508296701448265,1.288301985945683,0.10021709063562348,0.005514809514862463
2159,0.5188759146868706,0.25211027088379856,0.001328952901904927,0.03174172381851173,2.2107704264590766,1.677865566960974,1.588132028234821,0.08973353872615317,1.0377306637070927,0.6226383982242555,0.4150922654828372,0.06452531910820886,0.04298514966530817,0.05629401701859561,1.2743668889296509,0.10587624952707446,0.005436845441782624,0.5291237313972523,0.25430982488950105,-0.004221131743490557,0.03236862523107811,2.2913798046135696,1.741515093760495,1.6564443205227954,0.08507077323769963,1.0582258068179569,0.6349354840907742,0.42329032272718264,0.06253570478900415,0.04129964100009082,0.05450905155479223,1.2882958486282923,0.10021714487955262,0.005514813165592691
2160,0.5188751326108193,0.25211098172437757,0.0013281163783213645,0.03174167590401479,2.2107549922549175,1.6778512340242187,1.5881153240906631,0.0897359099335555,1.0377327802737575,0.6226396681642543,0.41509311210950317,0.0645261179954546,0.04298582644540683,0.056294715427491496,1.2743613752669454,0.10587630094751423,0.005436848625040692,0.5291229455489399,0.254310524417814,-0.004221961744043143,0.03236857707649979,2.2913641368585864,1.7415005129988939,1.6564273534092195,0.08507315958967442,1.0582279724156114,0.6349367834493669,0.4232911889662445,0.06253647319317343,0.0413002919563456,0.05450972354833186,1.2882903917750612,0.10021719449874086,0.005514816536438531
2161,0.518874433831338,0.2521116163216102,0.001327386117066738,0.03174163308373146,2.210741123455018,1.677838433544448,1.5881004061938904,0.08973802735055779,1.037734528768546,0.6226407172611275,0.4150938115074186,0.06452683141161275,0.04298643081837744,0.05629533980505446,1.274356451547869,0.10587634553792695,0.005436851463581891,0.5291222434536843,0.2543111485573379,-0.0042226861117322795,0.03236853404407457,2.2913500645487037,1.7414874956285906,1.6564122059784006,0.08507528965019016,1.0582297642838385,0.6349378585703032,0.42329190571353537,0.06253715911451736,0.04130087303698908,0.05451032406831467,1.2882855207245703,0.1002172375508315,0.0055148195389561365
2162,0.5188737965331115,0.25211218002975,0.001326743313602545,0.03174159402319492,2.210728576033767,1.6778269223052749,1.5880869984389916,0.08973992386628317,1.037735962657959,0.6226415775947752,0.41509438506318375,0.06452747103961369,0.04298697268145496,0.05629590015291555,1.2743520371251207,0.10587638183776191,0.005436853895262073,0.5291216033886695,0.25431170272707787,-0.004223323334611298,0.03236849480499288,2.291337338534286,1.741475793530603,1.6563985966065706,0.08507719692403234,1.058231236546192,0.6349387419277152,0.42329249461847673,0.0625377738647763,0.041301393824801254,0.05451086280659998,1.288281155131076,0.10021727275173475,0.00551482211698449
2163,0.518873204251744,0.25211267823821365,0.0013261730231772517,0.031741557715269944,2.2107171501740615,1.6778165021558782,1.5880748747547904,0.08974162740108785,1.0377371256987853,0.6226422754192711,0.41509485027951426,0.06452804668432538,0.042987460340867284,0.05629640488843875,1.2743480643173957,0.10587640905345462,0.005436855887244402,0.5291210089509434,0.2543121923483467,-0.00422388813597209,0.03236845835587769,2.291325754878167,1.7414652045481824,1.6563862947365833,0.0850789098115991,1.0582324335693063,0.6349394601415839,0.42329297342772243,0.06253832693374586,0.0413018623590954,0.05451134791608314,1.2882772275915468,0.10021729942110345,0.005514824242383392
2164,0.518872645158789,0.25211311625079946,0.0013256635843621259,0.031741523436416764,2.210706686327956,1.677807015244293,1.5880638539404026,0.08974316130389026,1.0377380539792556,0.6226428323875532,0.41509522159170237,0.06452856643841454,0.042987900652345035,0.05629686097646745,1.2743444772634562,0.10587642694988486,0.005436857430873942,0.5291204483426806,0.25431262272947397,-0.004224392037997675,0.032368423975062406,2.291315150765457,1.741455567590558,1.6563751155639181,0.08508045202663989,1.0582333920025644,0.6349400352015387,0.42329335680102564,0.06253882615198307,0.04130228527355501,0.054511786140365184,1.2882736824890153,0.10021731738260747,0.005514825910036079
2165,0.5188721113381751,0.25211349923378346,0.0013252060497608714,0.031741490702428606,2.210697060085038,1.677798338432992,1.5880537935171855,0.08974454491580647,1.0377387776130877,0.6226432665678525,0.41509551104523523,0.06452903690174698,0.042988299206987435,0.056297274110698965,1.2743412304070154,0.10587643573971811,0.005436858537223456,0.529119913648898,0.25431299901790555,-0.004224843916725916,0.03236839117840715,2.2913053992259362,1.7414467569217864,1.6563649137434295,0.08508184317835699,1.0582341424708441,0.6349404854825067,0.4232936569883375,0.06253927790420244,0.04130266797701314,0.054512182990477845,1.2882704744762745,0.10021732686277052,0.005514827133534716
2166,0.5188715979470786,0.2521138321661513,0.0013247936246326905,0.03174145921709913,2.2106881757346923,1.6777903767106985,1.588044582463044,0.0897457942476546,1.037739322119414,0.6226435932716483,0.41509572884776574,0.06452946344349962,0.0429886605533113,0.0562976489337664,1.2743382866871031,0.10587643598393168,0.005436859232035774,0.5291194000019845,0.25431332615443514,-0.004225250549130047,0.03236835966818995,2.2912964025531757,1.7414386754481652,1.6563555759810518,0.08508309946711355,1.0582347109535395,0.6349408265721239,0.4232938843814156,0.06253968738302465,0.04130301486841635,0.05451254295823338,1.2882675666732695,0.10021732840011982,0.005514827940292398
2167,0.5188711025179364,0.25211411986628457,0.0013244211955570212,0.03174142882952402,2.210679959974034,1.677783056975818,1.588036134275901,0.08974692269991709,1.0377397094968883,0.6226438256981328,0.41509588379875545,0.06452985047005938,0.04298898842420259,0.056297989265390896,1.2743356156887025,0.10587642852683646,0.005436859552226799,0.5291189048875812,0.2543136089024433,-0.004225617072869829,0.032368329290644655,2.29128808588845,1.7414312483926093,1.6563470139733,0.08508423441930914,1.0582351198585824,0.6349410719151497,0.4232940479434327,0.06254005884778525,0.041303329556075546,0.054512869736886606,1.2882649288287547,0.10021732278630646,0.005514828368203828
2168,0.5188706242395229,0.25211436698262807,0.0013240848695394644,0.031741399490122224,2.210672355742971,1.6777763220321584,1.5880283803124988,0.08974794171965966,1.037739959050787,0.6226439754304721,0.41509598362031486,0.06453020167400665,0.042989285947843556,0.056298298314573926,1.2743331919240806,0.10587641440092438,0.005436859541899213,0.5291184274312227,0.2543138518420488,-0.004225947433148816,0.032368299992322554,2.291280390945025,1.7414244171937332,1.6563391576348803,0.08508525955885285,1.0582353888502405,0.6349412333101445,0.4232941555400959,0.06254039586492391,0.04130361506131245,0.054513166426244646,1.2882625356129043,0.10021731097989484,0.005514828461827857
2169,0.5188701634294716,0.2521145779982716,0.0013237816340309141,0.031741371218368765,2.210665317547317,1.6777701260599227,1.5880212647511494,0.08974886130877331,1.037740087993613,0.6226440527961676,0.41509603519744526,0.06453052022516849,0.04298955580956419,0.05629857884282343,1.2743309935140266,0.10587639475973663,0.005436859249536915,0.529117967876043,0.2543140593781337,-0.004226244712323274,0.03236827178814204,2.2912732712453816,1.741418134901998,1.6563319499745046,0.0850861849274934,1.058235535451461,0.6349413212708769,0.4232942141805841,0.06254070149276943,0.04130387397500089,0.05451343569073879,1.2882603653048832,0.1002172940459872,0.005514828269724509
2170,0.5188697211419494,0.2521147572141218,0.001323509089604942,0.03174134407879563,2.210658808238714,1.6777644314661218,1.588014741110627,0.08974969035549481,1.0377401118801457,0.6226440671280873,0.41509604475205836,0.0645308088978992,0.04298980035966837,0.056298833272323365,1.2743290013092707,0.10587637080259901,0.005436858725707212,0.5291175271951074,0.2543142357272466,-0.004226511387562505,0.032368244737674454,2.2912666888370334,1.7414123629747038,1.6563253435481191,0.08508701942658461,1.0582355754815236,0.6349413452889143,0.4232942301926092,0.06254097840510286,0.04130410856224376,0.05451367986459811,1.2882583989152336,0.1002172730884633,0.0055148278422739345
2171,0.5188692988887791,0.25211490873125847,0.0013232652567442688,0.0317413181639324,2.2106527968025143,1.6777592067072107,1.5880087698502017,0.08975043685700891,1.037740044920521,0.6226440269523125,0.4150960179682085,0.06453107015739315,0.04299002168655401,0.056299063759072926,1.274327198294687,0.10587634371578855,0.0054368580213682224,0.5291171068163895,0.25431438490349134,-0.004226749516895598,0.032368218928320244,2.2912606120310324,1.7414070690559011,1.6563192980075965,0.08508777104830462,1.0582355233723928,0.6349413140234359,0.4232942093489569,0.0625412289753785,0.04130432083372106,0.05451390102334909,1.2882566195876843,0.10021724919718009,0.005514827230077393
2172,0.5188688984100704,0.25211503643836425,0.0013230484269557627,0.03174129358027515,2.2106472564940365,1.6777544244772913,1.5880033163703016,0.08975110810698977,1.0377399002062249,0.6226439401237349,0.41509596008249,0.06453130623209623,0.042990221678056814,0.056299272254470324,1.274325569089458,0.10587631463103322,0.005436857186496983,0.5291167083966676,0.25431451070887,-0.004226960882952574,0.03236819446147776,2.291255013498377,1.7414022251295946,1.656313778059318,0.0850884470702767,1.0582353923984316,0.6349412354390591,0.4232941569593724,0.06254145534734959,0.04130451260552084,0.054514101043984034,1.2882550120975265,0.10021722341083102,0.005514826482663489
2173,0.5188685214562082,0.2521151439903203,0.0013228570441881846,0.03174127043494962,2.210642163156828,1.6777500600883828,1.5879983492362584,0.0897517108521243,1.0377396898676163,0.6226438139205698,0.41509587594704656,0.06453151917560762,0.04299040207389041,0.05629946055791822,1.2743240995197995,0.10587628459728077,0.005436856268686828,0.5291163336065583,0.2543146167144039,-0.0042271471079570536,0.03236817143939266,2.2912498685566756,1.7413978058719048,1.656308751653922,0.08508905421798273,1.058235194837922,0.6349411169027535,0.4232940779351686,0.06254165949530009,0.041304685550164554,0.05451428165622742,1.288253562423833,0.10021719669166934,0.005514825647154042
2174,0.5188681696202646,0.25211523478834325,0.001322689622503613,0.031741248825459076,2.2106374939608755,1.6777460902622165,1.5879938388576176,0.08975225140459901,1.0377394251720964,0.6226436551032578,0.4150957700688386,0.06453171091176645,0.04299056450384178,0.05629963035513427,1.2743227763077478,0.10587625456330463,0.005436855312033614,0.5291159839655141,0.25431470624231073,-0.004227309733832403,0.032368149955063985,2.2912451538869494,1.741393787423338,1.6563041886416843,0.0850895987816539,1.0582349420754416,0.6349409652452651,0.42329397683017644,0.0625418432678992,0.041304841233758716,0.05451444447985488,1.288252257437981,0.10021716990999788,0.005514824767204288
2175,0.5188678441055949,0.2521153119215822,0.0013225446456635037,0.0317412288254669,2.210633226008893,1.677742491788713,1.5879897560615293,0.08975273572718359,1.0377391165789396,0.6226434699473637,0.41509564663157583,0.06453188327458012,0.04299071052159669,0.056299783251412466,1.274321586795557,0.10587622534262384,0.00543685435526926,0.5291156606124879,0.2543147823099572,-0.00422745031898733,0.0323681300782145,2.2912408461215006,1.7413901460306778,1.6563000593249004,0.08509008670577743,1.058234644661,0.6349407867966002,0.4232938578643999,0.06254200842684693,0.04130498114873361,0.05451459105693368,1.2882510846291821,0.10021714381231815,0.005514823881194121
2176,0.5188675456066592,0.252115378134169,0.0013224205297258373,0.03174121047750581,2.2106293356457964,1.6777392408704692,1.5879860714004976,0.08975316946997161,1.0377387737421646,0.6226432642452988,0.41509550949686586,0.06453203802650002,0.04299084162022191,0.05629992078683095,1.2743205188195317,0.10587619760497494,0.00543685343077336,0.529115364188339,0.25431484759826156,-0.004227570475110118,0.03236811184809686,2.291236921144481,1.7413868573823728,1.6562963337540426,0.08509052362833021,1.0582343123173974,0.6349405873904386,0.4232937249269588,0.06254215666465045,0.04130510672890257,0.05451472286663257,1.288250031978212,0.10021711901361119,0.005514823021270011
2177,0.5188672742274191,0.2521154357909861,0.001322315592852015,0.03174119378798561,2.210625798125028,1.6777363128001848,1.5879827548314602,0.08975355796872463,1.0377384054892798,0.6226430432935679,0.4150953621957119,0.06453217686238755,0.042990959235525136,0.056300044439113295,1.2743195606826219,0.10587617185750446,0.0054368525637747255,0.5291150947555253,0.25431490441872995,-0.00422767189608237,0.03236809526858067,2.291233353754401,1.7413838962814217,1.6562929814004055,0.08509091488101608,1.0582339539233254,0.6349403723539955,0.42329358156933,0.06254228960864024,0.041305219352864214,0.054514841328148225,1.2882490879288537,0.10021709598028247,0.0055148222125685434
2178,0.5188670295427735,0.2521154868805925,0.0013222280905235764,0.031741178730951156,2.2106225881284445,1.6777336824505842,1.587979776256943,0.08975390619364111,1.0377380197858357,0.6226428118715014,0.4150952079143343,0.06453230138978922,0.04299106472934498,0.056300155606715266,1.2743187012905073,0.10587614845421547,0.00543685177271435,0.529114851858942,0.25431495471660553,-0.004227756324697081,0.032368080311873854,2.291230118187082,1.7413812371360224,1.6562899716978232,0.08509126543819928,1.058233577482098,0.6349401464892589,0.423293430992839,0.0625424088023537,0.04130532032823163,0.054514947784719464,1.2882482415200593,0.10021707503886229,0.005514821473570565
2179,0.5188668106393506,0.2521155330184837,0.0013221562303563639,0.03174116525057706,2.210619680096538,1.677731324585425,1.5879771058670538,0.08975421871837122,1.0377376237158071,0.6226425742294843,0.41509504948632286,0.06453241311680492,0.04299115937927353,0.05630025559844137,1.274317930235294,0.1058761275947867,0.005436851069500201,0.5291146345664086,0.2543150000743722,-0.0042278255384842825,0.032368066920998834,2.2912271884476034,1.7413788542704027,1.6562872743841974,0.08509157988620536,1.0582331901056765,0.6349399140634061,0.4232932760422704,0.06254251569414959,0.04130541088198692,0.0545150434938666,1.2882474824667671,0.10021705637507752,0.005514820816351999
2180,0.51886661619681,0.2521155754740257,0.001322098214934432,0.03174115326614071,2.2106170486364136,1.677729214258358,1.5879747145531558,0.08975449970520222,1.0377372234720963,0.6226423340832579,0.4150948893888385,0.06453251344287685,0.04299124437085302,0.0563003456260278,1.2743172378590488,0.10587610934879753,0.005436850460228082,0.5291144415487564,0.2543150417380653,-0.004227881309834786,0.03236805501469131,2.29122453872122,1.7413767223239767,1.6562848599161852,0.08509186240779153,1.0582327980083905,0.6349396788050345,0.42329311920335605,0.06254261162851374,0.041305492153115964,0.054515129620374046,1.2882468012216126,0.10021704005595108,0.005514820247287904
2181,0.5188664445616766,0.25211561519888587,0.0013220522731384882,0.03174114267653848,2.210614668849972,1.6777273271321553,1.5879725742314228,0.08975475290073257,1.0377368243642484,0.6226420946185491,0.41509472974569933,0.0645326036533343,0.04299132079295466,0.05630042679993646,1.2743166152914234,0.10587609367409047,0.005436849945877677,0.529114271152496,0.25431508064489755,-0.004227925376887855,0.03236804449184512,2.2912221437053133,1.7413748165717402,1.6562826997949316,0.08509211677680868,1.0582324065173028,0.6349394439103817,0.423292962606921,0.06254269784084784,0.04130556518819356,0.05451520723225047,1.2882461890119132,0.10021702604654002,0.0055148197677315405
2182,0.518866293815362,0.25211565285857834,0.001322016687537099,0.03174113336444673,2.2106125165748267,1.6777256397149132,1.5879706580707313,0.08975498164418182,1.0377364308401589,0.6226418585040954,0.4150945723360635,0.06453268491828766,0.04299138963684152,0.056300500128923625,1.2743160544572705,0.10587608043657351,0.005436849523009639,0.5291141214665986,0.2543151174537756,-0.004227959418321138,0.032368035235597406,2.29121997885401,1.741373113161624,1.656280766796367,0.08509234636525692,1.0582320200960718,0.6349392120576431,0.4232928080384286,0.06254277545633846,0.0413056309404254,0.05451527730023147,1.2882456378476763,0.10021701422794022,0.005514819374693494
2183,0.5188661619598012,0.2521156888917902,0.0013219898678135666,0.031741125207677696,2.210610569377284,1.6777241302943238,1.5879689414657547,0.08975518882856894,1.0377360465192151,0.6226416279115291,0.41509441860768603,0.06453275827001254,0.042991451777009436,0.05630056650141535,1.2743155482326962,0.10587606944718109,0.00543684918538879,0.5291139905038107,0.254315152602592,-0.0042279849848163645,0.03236802712442027,2.2912180213686297,1.7413715900435716,1.656279035940759,0.0850925541028125,1.0582316423797842,0.6349389854278706,0.4232926569519136,0.06254284546865657,0.0413056902516033,0.05451534068020991,1.2882451406728381,0.10021700443074316,0.005514819062411119
2184,0.5188660469446451,0.25211572353659967,0.001321970338337232,0.03174111808084301,2.210608806505095,1.6777227788848448,1.5879674019495427,0.089755376935302,1.0377356742592536,0.6226414045555522,0.4150942697037014,0.06453282461247353,0.042991507979255175,0.05630062669398704,1.2743150903793228,0.10587606046018368,0.005436848924404714,0.5291138762296295,0.25431518633415784,-0.004228003509945247,0.03236802003389322,2.2912162501672677,1.7413702269312192,1.6562774844217267,0.08509274250949249,1.058231276242568,0.634938765745541,0.42329251049702715,0.06254290874851984,0.04130574385935876,0.0545153981208748,1.2882446913044474,0.10021699643408376,0.005514818822779385
2185,0.5188659467745446,0.25211575689172416,0.0013219567830048337,0.03174111186191632,2.2106072091355724,1.677721567475909,1.587966019402218,0.0897555480736908,1.0377353162222571,0.6226411897333544,0.41509412648890276,0.06453288472800103,0.042991558906332605,0.05630068137808098,1.2743146754982022,0.10587605321542193,0.005436848730291046,0.5291137766666649,0.25431521875508073,-0.004228016269938614,0.032368013843087164,2.2912146461340446,1.741369005548277,1.6562760918155024,0.08509291373277442,1.058230923864237,0.6349385543185422,0.4232923695456947,0.06254296604990958,0.04130579240242964,0.05451545026996148,1.288244284388512,0.10021699000345959,0.005514818646532208
2186,0.5188658595615726,0.25211578895319,0.0013219480460658975,0.03174110643544018,2.210605760437466,1.6777204800802474,1.5879647760645017,0.08975570401574572,1.0377349739549404,0.6226409843729643,0.4150939895819761,0.06453293928549154,0.04299160512489976,0.05630073112747943,1.2743142989732164,0.10587604744719223,0.005436848592791575,0.5291136899459637,0.2543152498714524,-0.004228024383262884,0.03236800843770414,2.29121319217988,1.7413679096747452,1.656274840093192,0.08509306958155326,1.0582305868111466,0.634938352086688,0.4232922347244586,0.0625430180179301,0.04130583642731831,0.05451549768140801,1.2882439153441816,0.10021698489913544,0.005514818523895647
2187,0.5188657835650596,0.2521158196511142,0.0013219431337348903,0.031741101694962866,2.21060444551407,1.677719502674123,1.5879636564310133,0.08975584624310962,1.037734648471761,0.6226407890830566,0.41509385938870424,0.06453298885317027,0.04299164711633055,0.05630077642973383,1.2743139568829969,0.10587604289890841,0.005436848501759409,0.5291136143456661,0.2543152796245691,-0.004228028810113055,0.03236800371244196,2.291211873182488,1.7413669250832928,1.6562737135109535,0.08509321157233939,1.0582302661192244,0.6349381596715347,0.4232921064476898,0.0625430652010352,0.0413058763986493,0.054515540826301404,1.2882435802769223,0.1002169808895114,0.005514818445174767
2188,0.5188657172148498,0.25211584888240046,0.0013219412072013603,0.031741097544460875,2.2106032512433367,1.6777186230410197,1.5879626470407788,0.08975597600024084,1.0377343403375963,0.6226406042025578,0.4150937361350384,0.06453303391426088,0.04299168528998961,0.05630081770004043,1.2743136458927826,0.10587603933331699,0.005436848447623823,0.5291135483133552,0.2543153079226645,-0.004228030359988998,0.032367999572361354,2.291210675823157,1.7413660393791082,1.6562726983972957,0.0850933409818125,1.0582299623764353,0.6349379774258612,0.4232919849505741,0.06254310806600141,0.041305912711853965,0.05451558010613748,1.288243275872191,0.1002169777604299,0.005514818401211863
2189,0.5188656591296716,0.25211587653923573,0.0013219415742922735,0.031741093899462725,2.2106021661248025,1.6777178306192766,1.5879617362767184,0.08975609434255818,1.0377340497468068,0.6226404298480841,0.4150936198987227,0.06453307488131904,0.042991719995374905,0.05630085529388724,1.2743133631555024,0.10587603654075112,0.005436848421786866,0.5291134904837086,0.25431533466854533,-0.004228029700407976,0.03236799593396568,2.2912095884312875,1.7413652418447438,1.6562717829504097,0.08509345889433412,1.0582296758014629,0.6349378054808777,0.42329187032058513,0.06254314701159061,0.04130594570474483,0.05451561586487823,1.2882429992984152,0.10021697532268672,0.005514818383775955
2190,0.5188656081209664,0.25211590252987626,0.001321943675040245,0.0317410906872832,2.2106011800879326,1.6777171163096845,1.5879609141290962,0.0897562021805883,1.0377337765980603,0.6226402659588363,0.41509351063922406,0.06453311211009355,0.04299175153386023,0.05630088951915556,1.2743131062161157,0.10587603434251215,0.0054368484168608585,0.5291134396819643,0.2543153597797629,-0.004228027371215061,0.032367992725413075,2.2912086007906756,1.7413645232455073,1.6562709569998408,0.08509356624566645,1.058229406318058,0.6349376437908348,0.4232917625272231,0.06254318238174972,0.04130597566869768,0.054515648400480024,1.2882427481132614,0.10021697341511479,0.0055148183857975305
2191,0.5188655631851706,0.25211592679258465,0.0013219470652566512,0.031741087846551365,2.2106002842773513,1.677716472259152,1.5879601719398826,0.08975630031926944,1.0377335205624476,0.6226401123374686,0.415093408224979,0.06453314591248044,0.04299178016966944,0.056300920647327925,1.2743128729222155,0.10587603259246786,0.005436848426772019,0.5291133949160998,0.2543153832021497,-0.004228023800723804,0.032367989886038034,2.2912077039226664,1.7413638756111376,1.656270211749079,0.08509366386205855,1.0582291536226454,0.6349374921735873,0.42329166144905805,0.06254321447794961,0.04130600285910464,0.05451567797557494,1.2882425201760186,0.1002169719060444,0.005514818401472631
2192,0.518865523483115,0.2521159493018794,0.0013219513969125532,0.03174108532595027,2.210599470812354,1.677715891618159,1.5879595021264121,0.08975638949174677,1.037733281143237,0.6226399686859422,0.41509331245729475,0.06453317656843119,0.04299180613996434,0.05630094892367259,1.2743126613418487,0.10587603117555446,0.005436848446714155,0.529113355356318,0.25431540491589394,-0.0042280193247934,0.032367987365096586,2.2912068898429494,1.741363291990901,1.6562695394967888,0.08509375249411229,1.058228917243601,0.6349373503461606,0.42329156689744035,0.06254324357055098,0.04130602750500271,0.05451570482719798,1.288242313566888,0.10021697069194055,0.005514818426220038
2193,0.5188654882982536,0.2521159700657682,0.0013219563922268682,0.03174108308166177,2.210598732458919,1.6777153682160209,1.5879588978235972,0.08975647039242354,1.0377330577255361,0.6226398346353217,0.4150932230902144,0.06453320433879178,0.04299182966572154,0.0563009745781049,1.2743124696749146,0.10587603000229208,0.005436848472893815,0.5291133202935409,0.2543154249328364,-0.0042280142118815145,0.03236798511922703,2.291206151228921,1.7413627661249542,1.656268933274618,0.08509383285033623,1.0582286965905043,0.6349372179543027,0.42329147863620165,0.06254326991110813,0.04130604981949697,0.05451572917720533,1.2882421264996178,0.10021696969239344,0.005514818456433762
2194,0.5188654570277741,0.2521159891256037,0.0013219618355421597,0.03174108107682269,2.2105980625695256,1.6777148964869628,1.5879583528019456,0.08975654368501712,1.0377328496126332,0.62263970976758,0.41509313984505325,0.0645332294683601,0.042991850954322446,0.05630099782766382,1.2743122962320634,0.10587602900851446,0.005436848502480689,0.5291132891305611,0.25431544329638983,-0.004228008670996715,0.03236798311190883,2.2912054813574265,1.7413622923687828,1.6562683867633294,0.08509390560545332,1.0582284909901618,0.6349370945940971,0.42329139639606467,0.06254329373534434,0.041306070002281245,0.05451575123469135,1.2882419573003723,0.100216968849892,0.005514818489435583
2195,0.5188654291610996,0.25211600654786726,0.001321967556368514,0.03174107928020979,2.210597455006674,1.677714471376482,1.587957861372519,0.08975661000396307,1.0377326560569249,0.622639593634155,0.4150930624227699,0.06453325218751868,0.04299187020093636,0.056301018877614,1.2743121394234294,0.10587602814646314,0.005436848533405586,0.5291132613607923,0.254315460073621,-0.004228002867743497,0.03236798131216263,2.291204874025715,1.7413618655976988,1.6562678941953601,0.08509397140233857,1.058228299717258,0.6349369798303548,0.4232913198869032,0.06254331526478948,0.0413060882410253,0.054515771197113067,1.2882418043961055,0.10021696812172433,0.005514818523278204
2196,0.518865404268056,0.252116022418853,0.001321973421996324,0.03174107766551609,2.2105969041150986,1.6777140882983919,1.5879574183450271,0.08975666995336476,1.0377324762834523,0.6226394857700714,0.41509299051338083,0.06453327271255158,0.04299188758878911,0.05630103792149865,1.2743119977564428,0.10587602738229832,0.00543684856424099,0.5291132365566381,0.254315475350175,-0.004227996931411862,0.03236797969383898,2.2912043235221016,1.741361481162836,1.6562674503114871,0.08509403085134876,1.0582281220176908,0.6349368732106144,0.4232912488070763,0.06254333470714615,0.041306104711685124,0.05451578925039903,1.2882416663119578,0.10021696747772751,0.005514818556629565
2197,0.5188653819857254,0.2521160368390843,0.0013219793292842882,0.03174107621054689,2.210596404682274,1.6777137430836104,1.587957018977043,0.0897567241065673,1.0377323095087183,0.622639385705231,0.4150929238034872,0.06453329124623246,0.042991903289661085,0.05630105514144586,1.2743118698317706,0.10587602669253601,0.0054368485940716705,0.5291132143566698,0.25431548922494557,-0.0042279909627755685,0.032367978234834054,2.2912038245858093,1.7413611348396643,1.6562670503094594,0.08509408453020492,1.0582279571272495,0.6349367742763498,0.4232911828508997,0.06254335225688376,0.041306119579006165,0.054515805569273316,1.2882415416670385,0.10021696689705556,0.0055148185886481245
2198,0.5188653620044907,0.25211604991812636,0.0013219851976081082,0.03174107489636631,2.21059595188338,1.6777134319177907,1.5879566589103853,0.08975677300740544,1.0377321549549914,0.6226392929729949,0.41509286198199646,0.06453330797899115,0.042991917464875594,0.05630107070900793,1.2743117543352658,0.10587602606155279,0.005436848622365102,0.5291131944520049,0.2543155018051186,-0.004227985040820462,0.0323679769162568,2.291203372351459,1.741360822765455,1.6562666897799436,0.08509413298551126,1.0582278042858586,0.6349366825715153,0.4232911217143434,0.06254336809637226,0.04130613299748373,0.054515820318077425,1.288241429166375,0.1002169663659161,0.005514818618857972
2199,0.5188653440560912,0.2521160617697284,0.0013219909633954627,0.03174107370656687,2.2105955412383924,1.6777131512924681,1.587956334122158,0.08975681717031012,1.0377320118603903,0.6226392071162342,0.4150928047441561,0.06453332308960562,0.042991930265885006,0.05630108478561544,1.2743116500331924,0.10587602547954822,0.005436848648856145,0.5291131765746718,0.25431551320154605,-0.004227979227954579,0.03236797572171726,2.291202962305694,1.7413605413902276,1.6562663646570897,0.08509417673313785,1.0582276627476737,0.6349365976486043,0.4232910650990694,0.06254338239657078,0.041306145111946455,0.05451583365123085,1.2882413275960216,0.10021696587573312,0.005514818647037915
2200,0.5188653279043489,0.25211607250681956,0.0013219965759979913,0.031741072626702345,2.210595168594236,1.6777128979804554,1.5879560409028943,0.08975685707756098,1.0377318794855694,0.6226391276913417,0.4150927517942277,0.06453333674483684,0.042991941833961454,0.05630109752212621,1.274311555774744,0.10587602494036037,0.005436848673444709,0.5291131604885521,0.25431552352396813,-0.0042279735739277,0.03236797463677277,2.291202590268586,1.741360287451657,1.6562660711958817,0.0850942162557753,1.058227531787841,0.6349365190727047,0.42329101271513625,0.06254339531672476,0.04130615605729968,0.05451584571284192,1.288241235825211,0.10021696542117631,0.00551481867312253
2201,0.5188653133400536,0.2521160822372324,0.001322001995489111,0.03174107164397511,2.2105948301351352,1.6777126690386908,1.5879557758644056,0.08975689317428524,1.0377317571178826,0.6226390542707296,0.415092702847153,0.06453334909811605,0.04299195229908474,0.056301109057577445,1.2743114705011018,0.105876024439691,0.005436848696123446,0.5291131459843932,0.2543155328769459,-0.004227968117904289,0.032367973648622955,2.291202252403089,1.7413600579772643,1.6562658059790285,0.0850942519982359,1.058227410706767,0.6349364464240603,0.42329096428270674,0.06254340700317365,0.04130616595751535,0.05451585663557055,1.2882411528148188,0.10021696499856729,0.005514818697132251
2202,0.5188653001775076,0.25211609106042826,0.0013220071911193704,0.031741070747024924,2.210594522394592,1.6777124618143233,1.5879555359501287,0.08975692586419459,1.0377316440741053,0.6226389864444632,0.41509265762964204,0.06453336028837595,0.04299196177895219,0.05630111951809041,1.2743113932535037,0.10587602397366433,0.005436848716924932,0.5291131328764213,0.2543155413567554,-0.00422796288992601,0.03236797274590279,2.2912019452260344,1.7413598502897154,1.6562655659262528,0.08509428436346246,1.0582272988329688,0.6349363792997814,0.4232909195331874,0.06254341758829615,0.041306174924738565,0.05451586653963631,1.2882410776248538,0.10021696460458238,0.005514818719122208
2203,0.5188652882527586,0.2521160990661238,0.001322012140609688,0.031741069925821035,2.210594242257797,1.6777122739445751,1.587955318436479,0.0897569555080962,1.0377315397021962,0.6226389238213179,0.41509261588087837,0.06453337043967274,0.04299197037865844,0.056301129016505524,1.274311323175847,0.10587602353835447,0.005436848735897759,0.5291131210006383,0.2543155490501213,-0.004227957911600147,0.03236797191857868,2.2912016656099663,1.7413596620062028,1.6562653482949927,0.08509431371121023,1.058227195524956,0.6349363173149737,0.42329087820998235,0.06254342719019071,0.041306183059016816,0.05451587553250662,1.2882410094167258,0.10021696423583827,0.005514818739159679
2204,0.5188652774202012,0.2521161063340572,0.0013220168286013287,0.031741069171454576,2.210593986933368,1.6777121033304128,1.5879551209038512,0.08975698242656155,1.0377314433825282,0.622638866029517,0.41509257735301114,0.06453337966222433,0.04299197819157499,0.05630113765327411,1.274311259507527,0.10587602312953609,0.005436848753085721,0.529113110211446,0.2543155560340234,-0.004227953197636157,0.032367971157742044,2.2912014107541405,1.7413594910114245,1.6562651506505879,0.08509434036083668,1.0582271001725878,0.6349362601035528,0.42329084006903506,0.06254343591369446,0.04130619044916323,0.0545158837097731,1.288240947446012,0.10021696388866123,0.0055148187573042275
2205,0.5188652675504202,0.25211611293493896,0.0013220212458351366,0.03174106847600677,2.2105937539207883,1.6777119481079452,1.5879549412037988,0.08975700690414637,1.0377313545283156,0.6226388127169895,0.41509254181132604,0.06453338805387407,0.04299198530059013,0.05630114551774779,1.2743112015733362,0.10587602274315089,0.005436848768526059,0.5291131003794871,0.25431556237663927,-0.004227948756706221,0.032367970455477554,2.2912011781514297,1.7413593354284327,1.6562649708328587,0.08509436459557385,1.0582270121976183,0.634936207318571,0.42329080487904724,0.06254344385179558,0.041306197173953105,0.05451589115639618,1.2882408910524237,0.10021696355951394,0.0055148187736064665
2206,0.5188652585289508,0.25211611893158314,0.0013220253883605704,0.03174106783247324,2.2105935409838415,1.6777118066256596,1.5879547774325007,0.08975702919315898,1.0377312725855679,0.6226387635513408,0.41509250903422695,0.06453339570136012,0.04299199177918446,0.05630115268930512,1.2743111487747019,0.10587602237549161,0.005436848782254552,0.5291130913904138,0.254315568138463,-0.0042279445922394215,0.03236796980478794,2.2912009655614702,1.7413591935955373,1.6562648069292178,0.08509438666631941,1.058226931053754,0.6349361586322524,0.42329077242150154,0.06254345108685372,0.04130620330315769,0.05451589794778844,1.2882408396511447,0.1002169632451667,0.005514818788113571
2207,0.5188652502537261,0.252116124379538,0.0013220292561259492,0.03174106723460796,2.210593346118088,1.6777116774159246,1.5879546278984074,0.08975704951751738,1.0377311970328011,0.6226387182196809,0.4150924788131203,0.06453340268168611,0.042991997692591814,0.05630115923855697,1.274311100580229,0.10587602202298539,0.005436848794298279,0.529113083142336,0.2543155733729294,-0.0042279407038102665,0.032367969199437935,2.2912007709776274,1.741359064037295,1.6562646572417505,0.08509440679554442,1.0582268562264614,0.6349361137358769,0.4232907424905845,0.06254345769192059,0.041306208898662974,0.05451590415097669,1.288240792723454,0.10021696294249909,0.005514818800862549
2208,0.5188652426367529,0.25211612932853866,0.001322032853623846,0.0317410666770259,2.210593167547155,1.6777115591935012,1.5879544911189951,0.08975706807450612,1.0377311273802663,0.62263867642816,0.4150924509521063,0.06453340906258849,0.04299200309819537,0.05630116522778597,1.2743110565224756,0.1058760216828,0.005436848804699841,0.5291130755474865,0.2543155781278476,-0.004227937086541046,0.03236796863405628,2.2912005926232895,1.7413589454629557,1.65626452028392,0.08509442517903579,1.0582267872322826,0.6349360723393696,0.42329071489291303,0.06254346373119073,0.0413062140148516,0.054515909825025494,1.2882407498135202,0.10021696264906331,0.005514818811904385
2209,0.5188652356031379,0.25211613382323883,0.001322036188835779,0.031741066155143396,2.210593003703734,1.6777114508393556,1.5879543658019795,0.08975708503737614,1.0377310631695904,0.6226386379017546,0.41509242526783585,0.06453341490341914,0.042992008046275294,0.056301170711730304,1.2743110161918592,0.10587602135243787,0.005436848813519722,0.5291130685312537,0.2543155824461235,-0.0042279337321170785,0.032367968104076515,2.2912004289326577,1.7413588367500399,1.6562643947615268,0.08509444198851304,1.0582267236185516,0.634936034171131,0.42329068944742065,0.06254346926084968,0.04130621869932134,0.05451591502179052,1.2882407105223845,0.1002169623627162,0.005514818821306713
2210,0.5188652290885062,0.2521161379039122,0.0013220392721490504,0.03174106566502047,2.210592853195721,1.6777113513711566,1.5879542508117652,0.08975710055939141,1.037731003973259,0.6226386023839556,0.41509240158930333,0.0645334202565776,0.04299201258122204,0.05630117573884519,1.2743109792267764,0.10587602102986206,0.005436848820829641,0.5291130620295771,0.25431558636643997,-0.004227930629876475,0.03236796760557786,2.2912002785163272,1.741358736914272,1.6562642795385587,0.08509445737571339,1.0582266649629473,0.6349359989777684,0.42329066598517884,0.06254347433045158,0.04130622299405218,0.05451591978713247,1.2882406744981747,0.10021696208173153,0.005514818829147392
2211,0.5188652230378858,0.2521161416073607,0.00132204211597238,0.031741065203292444,2.2105927147831834,1.6777112599239712,1.5879541451470025,0.08975711477696867,1.0377309493936344,0.6226385696361809,0.41509237975745344,0.06453342516857374,0.04299201674243659,0.056301180352249916,1.2743109453062673,0.10587602071381692,0.005436848826715977,0.5291130559878164,0.25431558992414166,-0.004227927767212758,0.032367967135215954,2.291200140137951,1.7413586450899528,1.6562641736144101,0.08509447147554253,1.058226610872568,0.6349359665235408,0.42329064434902713,0.06254347898393833,0.04130622693626959,0.05451592416182538,1.2882406414288705,0.10021696180509457,0.00551481883551805
2212,0.5188652174045243,0.2521161449674058,0.0013220447340156968,0.03174106476709769,2.2105925873600887,1.6777111757349021,1.5879540479229797,0.08975712781192247,1.0377308990618477,0.6226385394371089,0.4150923596247388,0.06453342968080866,0.042992020564992045,0.05630118459042188,1.2743109141446265,0.1058760204036292,0.005436848831278509,0.529113050359562,0.2543155931517127,-0.004227925130276929,0.03236796669015014,2.2912000126957532,1.741358560514359,1.6562640761060285,0.08509448440833063,1.0582265609828745,0.6349359365897247,0.4232906243931498,0.06254348326038837,0.04130623055907905,0.0545159281822225,1.2882406110369857,0.10021696153231943,0.005514818840522955
2213,0.5188652121486866,0.252116148015173,0.0013220471407302953,0.03174106435400404,2.2105924699384962,1.6777110981298078,1.5879539583565552,0.08975713977325253,1.0377308526365678,0.6226385115819411,0.4150923410546268,0.06453343383021079,0.04299202408017243,0.056301188487761326,1.2743108854870155,0.10587602009906423,0.005436848834626854,0.5291130451054235,0.2543155960790517,-0.0042279227045236845,0.03236796626796936,2.2911998952064723,1.7413584825142103,1.6562639862325725,0.08509449628163789,1.0582265149564996,0.6349359089738997,0.4232906059825998,0.06254348719462866,0.041306233891984345,0.054515931880799576,1.2882405830752228,0.10021696126331738,0.0055148188442755795
2214,0.5188652072365778,0.2521161507793015,0.0013220493508857498,0.031741063961942914,2.2105923616348284,1.6777110265118813,1.587953875753239,0.08975715075864223,1.0377308098026483,0.6226384858815893,0.415092323921059,0.0645334376497732,0.04299202731592798,0.05630119207506926,1.274310859105752,0.10587601980022326,0.005436848836876852,0.5291130401919463,0.25431559873367604,-0.004227920475125713,0.03236796586662591,2.291199786791431,1.7413584104940403,1.6562639033022704,0.08509450719176984,1.0582264724819341,0.6349358834891605,0.4232905889927736,0.06254349081775129,0.041306236961325245,0.054515935286614504,1.2882405573228046,0.10021696099830216,0.0055148188468950934
2215,0.5188652026393731,0.2521161532861197,0.0013220513792177521,0.03174106358914996,2.2105922616575597,1.6777109603515172,1.5879537994957402,0.0897571608557769,1.0377307702696987,0.6226384621618195,0.41509230810787917,0.06453344116902751,0.042992030297276454,0.05630119537996989,1.2743108347970415,0.10587601950744453,0.005436848838147127,0.5291130355906362,0.25431560114088997,-0.004227918427321169,0.03236796548437568,2.2911996866640556,1.7413583439258853,1.6562638267007777,0.08509451722510755,1.0582264332721298,0.634935859963278,0.42329057330885195,0.06254349415756866,0.0413062397906631,0.05451593842571324,1.288240533582242,0.10021696073769952,0.005514818848503032
2216,0.5188651983323083,0.2521161555597939,0.0013220532401237023,0.03174106323410941,2.2105921692958024,1.6777108991769831,1.58795372903344,0.08975717014354322,1.0377307337706034,0.6226384402623624,0.41509229350824106,0.06453344441447612,0.04299203304666947,0.05630119842729666,1.274310812377994,0.1058760192212159,0.005436848838555725,0.5291130312770432,0.2543156033239254,-0.004227916546706345,0.03236796511972219,2.2911995941183134,1.7413582823398024,1.6562637558804871,0.08509452645931521,1.0582263970630439,0.6349358382378263,0.42329055882521754,0.0625434972390278,0.0413062424011319,0.05451594132149986,1.2882405116763929,0.10021696048206585,0.005514818849219985
2217,0.5188651942939733,0.2521161576224818,0.0013220549474754553,0.031741062895510846,2.2105920839097073,1.677710842566753,1.5879536638737042,0.08975717869304899,1.0377307000600047,0.6226384200360031,0.4150922800240015,0.06453344740995676,0.042992035584301286,0.05630120123941964,1.2743107916841079,0.10587601894211983,0.005436848838217894,0.5291130272300514,0.25431560530408936,-0.004227914819423743,0.03236796477137307,2.291199508519018,1.7413582253160949,1.6562636903517292,0.08509453496436578,1.0582263636121483,0.634935818167289,0.42329054544485933,0.06254350008455913,0.04130624481173361,0.0545159439950498,1.2882404914459848,0.10021696023203717,0.005514818849163437
2218,0.51886519050558,0.25211615949443705,0.0013220565144095725,0.031741062572204416,2.2105920049212973,1.6777107901421706,1.5879536035736175,0.0897571865685532,1.037730668912799,0.6226384013476798,0.41509226756511924,0.06453345017697903,0.0429920379283938,0.05630120383654752,1.2743107725669471,0.10587601867075176,0.00543684883724321,0.5291130234311434,0.2543156071008609,-0.00422791323236147,0.032367964438195104,2.291199429292572,1.7413581724778784,1.6562636296744058,0.0850945428034726,1.0582263326969437,0.6349357996181662,0.4232905330787775,0.06254350271439758,0.04130624703961038,0.05451594646539827,1.2882404727473338,0.1002169599882537,0.00551481884844493
2219,0.5188651869505356,0.252116161194148,0.0013220579532801438,0.031741062263174684,2.210591931807708,1.6777107415623145,1.5879535477341262,0.08975719382818816,1.0377306401226352,0.6226383840735815,0.41509225604905364,0.06453345273497849,0.042992040095411896,0.0563012062369586,1.2743107548923898,0.10587601840770199,0.005436848835734713,0.5291130198639741,0.25431560873202425,-0.004227911773198902,0.0323679641191881,2.291199355920174,1.7413581234858988,1.6562635734520872,0.08509455003381167,1.058226304113478,0.6349357824680868,0.42329052164539127,0.06254350514682476,0.04130624910024949,0.05451594874976036,1.288240455450628,0.10021695975134337,0.00551481884716927
2220,0.5188651836140032,0.25211616273843834,0.001322059275577707,0.031741061967513785,2.210591864094866,1.6777106965191833,1.5879534959945782,0.08975720052460508,1.0377306135004787,0.6226383681002876,0.4150922454001911,0.06453345510154665,0.042992042100258324,0.0563012084572099,1.2743107385390386,0.10587601815349588,0.005436848833787591,0.52911301651393,0.25431561021376425,-0.004227910430483393,0.03236796381345794,2.2911992879314735,1.741358078033683,1.6562635213265187,0.08509455670716444,1.058226277674925,0.6349357666049549,0.42329051106997007,0.06254350739838702,0.04130625100766826,0.05451595086372945,1.2882404394383755,0.1002169595218671,0.005514818845433198
2221,0.518865180482561,0.2521161641425801,0.0013220604919105192,0.03174106168440054,2.2105918013519696,1.6777106547335847,1.5879534480280304,0.08975720670555437,1.0377305888732316,0.6226383533239394,0.4150922355492922,0.06453345729263477,0.04299204395644621,0.0563012105123232,1.2743107233968152,0.1058760179085801,0.005436848831488495,0.5291130133677908,0.25431561156077354,-0.004227909193645046,0.032367963520195865,2.2911992248990454,1.7413580358434089,1.6562634729729144,0.08509456287049443,1.0582262532102182,0.6349357519261309,0.42329050128408735,0.06254350948408866,0.04130625277457764,0.054515952821453814,1.2882404246040342,0.10021695930030604,0.0055148188433247905
2222,0.5188651775439367,0.2521161654204049,0.0013220616120161038,0.03174106141308422,2.210591743186724,1.6777106159516648,1.5879534035372715,0.08975721241439322,1.0377305660824203,0.6226383396494526,0.4150922264329677,0.06453345932273047,0.04299204567624881,0.05630121241594732,1.2743107093657429,0.105876017673311,0.0054368488289152795,0.5291130104134664,0.2543156127863605,-0.004227908052985341,0.032367963238662346,2.2911991664336284,1.7413579966624275,1.6562634280959756,0.08509456856645184,1.0582262305627548,0.6349357383376528,0.423290492225102,0.06254351141755925,0.041306254412523946,0.054515954635790315,1.2882404108508245,0.10021695908705214,0.0055148188409232125
2223,0.518865174786797,0.2521161665844142,0.0013220626447795203,0.03174106115287159,2.210591689241182,1.6777105799419385,1.587953362251402,0.08975721769053649,1.037730544982966,0.6226383269897799,0.41509221799318596,0.06453346120501274,0.04299204727083076,0.056301214180501116,1.274310696354874,0.10587601744794826,0.005436848826137005,0.5291130076397851,0.25431561390255303,-0.004227906999653891,0.0323679629681742,2.291199112179977,1.7413579602602909,1.6562633864264735,0.0850945738338174,1.0582262095891726,0.6349357257535034,0.42329048383566914,0.06254351321119976,0.04130625593201272,0.0545159563184395,1.2882403980906907,0.10021695888240209,0.005514818838298722
2224,0.518865172200537,0.25211616764587397,0.001322063598255395,0.0317410609031141,2.210591639187817,1.6777105464924722,1.5879533239225991,0.089757222569873,1.037730525442029,0.6226383152652178,0.4150922101768112,0.06453346295149691,0.042992048750370895,0.05630121581730702,1.2743106842812932,0.10587601723264764,0.005436848823213787,0.5291130050362854,0.25431561492018945,-0.0042279060256276285,0.03236796270809171,2.2911990618129376,1.7413579264259262,1.6562633477180102,0.08509457870791606,1.0582261901582126,0.6349357140949274,0.4232904760632852,0.06254351487631951,0.04130625734262468,0.05451595788007169,1.2882403862433272,0.10021695868655137,0.005514818835512556
2225,0.5188651697752112,0.2521161686149274,0.0013220644797455397,0.03174106066320361,2.21059159272675,1.6777105154090792,1.5879532883239893,0.08975722708509001,1.0377305073379335,0.6226383044027605,0.415092202935173,0.06453346457314146,0.04299205012415269,0.056301217336691425,1.2743106730693765,0.10587601702747798,0.005436848820197604,0.5291130025931515,0.25431561584902884,-0.004227905123633718,0.03236796245781476,2.2911990150347132,1.7413578949658595,1.6562633117449244,0.08509458322093509,1.0582261721496484,0.6349357032897889,0.4232904688598595,0.06254351642323638,0.04130625865310067,0.054515959330421575,1.2882403752354705,0.1002169584996106,0.005514818832617759
2226,0.5188651675014135,0.25211616950068133,0.0013220652958274778,0.03174106043256504,2.2105915495828907,1.6777104865133659,1.587953255247381,0.08975723126598484,1.0377304905591824,0.6226382943355098,0.4150921962236726,0.0645334660799541,0.04299205140065423,0.05630121874808351,1.2743106626500618,0.10587601683240977,0.005436848817132538,0.5291130003010917,0.2543156166978309,-0.004227904287116911,0.03236796221677539,2.29119897157203,1.7413578657022695,1.6562632783000417,0.08509458740222775,1.0582261554533139,0.6349356932719883,0.42329046218132566,0.06254351786137617,0.04130625987142578,0.054515960678380646,1.2882403650001901,0.10021695832159544,0.005514818829659422
2227,0.518865165370253,0.2521161703113062,0.0013220660524394245,0.03174106021065487,2.210591509503854,1.677710459641443,1.5879532245017258,0.08975723513971717,1.0377304750035468,0.6226382850021284,0.41509219000141834,0.06453346748107369,0.042992052587617555,0.056301220060092944,1.2743106529602835,0.10587601664733899,0.005436848814055694,0.5291129981513196,0.2543156174744547,-0.00422790351015602,0.032367961984436616,2.2911989311740952,1.7413578384717356,1.6562632471931749,0.0850945912785608,1.058226139968201,0.6349356839809205,0.42329045598728043,0.0625435191993488,0.04130626100489393,0.05451596193206977,1.2882403554763486,0.10021695815244862,0.0055148188266756215
2228,0.5188651633735198,0.2521161710541673,0.001322066755023367,0.031741059996971355,2.2105914722593116,1.6777104346439198,1.5879531959129658,0.08975723873095409,1.0377304605772424,0.6226382763463458,0.4150921842308966,0.06453346878480717,0.04299205369207988,0.05630122128054854,1.274310643942715,0.10587601647212078,0.005436848810999468,0.529112996135737,0.2543156181859889,-0.004227902787320055,0.03236796176030357,2.2911988936120946,1.7413578131253522,1.656263218251108,0.08509459487424433,1.0582261256016448,0.6349356753609868,0.4232904502406579,0.0625435204449793,0.041306262060134116,0.05451596309887252,1.2882403466083838,0.10021695799207452,0.005514818823699797
2229,0.5188651615034826,0.2521161717358706,0.0013220674084816891,0.031741059791041984,2.2105914376380458,1.6777104113836792,1.587953169321512,0.08975724206216702,1.0377304471942221,0.6226382683165337,0.4150921788776885,0.06453346999873553,0.042992054720463496,0.05630122241659494,1.2743106355450422,0.1058760163065364,0.005436848807990924,0.5291129942467145,0.2543156188387911,-0.004227902113711116,0.032367961543910154,2.2911988586761556,1.7413577895264112,1.656263191314979,0.08509459821143217,1.0582261122686276,0.6349356673611766,0.42329044490745105,0.06254352160541032,0.041306263043197296,0.054515964185528426,1.288240338345576,0.10021695784030471,0.005514818820760006
2230,0.5188651597528579,0.25211617236235306,0.001322068017269036,0.03174105959242175,2.210591405446079,1.677710389734648,1.5879531445807806,0.0897572451538674,1.0377304347754965,0.6226382608652983,0.4150921739101983,0.06453347112979059,0.042992055678640714,0.05630122347476436,1.2743106277194287,0.10587601615034765,0.005436848805052572,0.5291129924770654,0.25431561943857706,-0.004227901484877568,0.03236796133481736,2.2911988261734835,1.741357767549175,1.6562631662388188,0.08509460131035626,1.0582260998911077,0.6349356599346646,0.4232904399564431,0.06254352268717539,0.041306263959618304,0.05451596519820154,1.2882403306415342,0.10021695769695199,0.005514818817879748
2231,0.5188651581147671,0.25211617293895083,0.0013220685854148304,0.03174105940069042,2.2105913755050004,1.6777103695806934,1.587953121555889,0.08975724802480425,1.0377304232485185,0.6226382539491113,0.4150921692994072,0.06453347218432035,0.04299205657198925,0.05630122446103783,1.2743106204220682,0.1058760160032891,0.005436848802202844,0.5291129908200007,0.25431561999048524,-0.004227900896790683,0.03236796113261056,2.291198795926694,1.7413577470777684,1.656263142888248,0.08509460418952042,1.05822608839741,0.634935653038446,0.423290435358964,0.06254352369626003,0.041306264814467857,0.0545159661425379,1.288240323453755,0.10021695756180175,0.005514818815078425
2232,0.5188651565826996,0.25211617347045906,0.0013220691165582443,0.03174105921545031,2.210591347650494,1.6777103508146585,1.587953100122522,0.08975725069213643,1.03773041254662,0.6226382475279721,0.4150921650186478,0.06453347316814598,0.04299205740544055,0.0563012253808988,1.2743106136127884,0.10587601586507236,0.005436848799456524,0.5291129892690922,0.25431562049913464,-0.004227900345810345,0.03236796093689723,2.2911987677723524,1.7413577280052208,1.656263121139351,0.08509460686586988,1.058226077721669,0.6349356466330014,0.4232904310886676,0.06254352463815568,0.041306265612398044,0.0545159670237161,1.2882403167432455,0.10021695743461627,0.0055148188123717665
2233,0.5188651551504863,0.2521161739611879,0.0013220696139836716,0.031741059036324626,2.210591321731044,1.6777103333375318,1.5879530801659452,0.08975725317158659,1.037730402608498,0.6226382415650988,0.415092161043399,0.06453347408661235,0.042992058183522516,0.05630122623938054,1.2743106072547064,0.105876015735391,0.005436848796825187,0.5291129878182462,0.25431562096867755,-0.004227899828649746,0.032367960747305295,2.2911987415596955,1.741357710232644,1.6562631008777033,0.08509460935494068,1.0582260678033204,0.6349356406819922,0.4232904271213282,0.06254352551790682,0.04130626635768224,0.054515967846491604,1.2882403104741877,0.10021695731513874,0.005514818809772247
2234,0.5188651538122738,0.25211617441501094,0.0013220700806516397,0.031741058862955904,2.2105912976067823,1.6777103170577108,1.587953061580135,0.08975725547757595,1.0377303933777453,0.6226382360266474,0.41509215735109795,0.06453347494463237,0.042992058910397146,0.05630122704110806,1.274310601313917,0.10587601561392368,0.005436848794317557,0.5291129864616764,0.254315621402846,-0.004227899342345319,0.03236796056348154,2.2911987171494794,1.7413576936684898,1.6562630819974968,0.08509461167099289,1.0582260585866377,0.6349356351519826,0.42329042343465506,0.06254352634015256,0.04130626705425058,0.054515968615236395,1.2882403046136384,0.10021695720309672,0.005514818807289448
2235,0.5188651525625043,0.25211617483540943,0.0013220705192293486,0.03174105869500479,2.2105912751484516,1.6777103018903423,1.5879530442669962,0.08975725762334606,1.0377303848024253,0.6226382308814553,0.41509215392096993,0.06453347574672702,0.04299205958989441,0.0563012277903359,1.2743105957592227,0.10587601550033904,0.005436848791939876,0.529112985193885,0.25431562180499456,-0.00422789888422595,0.03236796038509041,2.291198694412961,1.7413576782279048,1.6562630644007754,0.08509461382712925,1.0582260500203091,0.6349356300121854,0.42329042000812367,0.06254352710916439,0.041306267705721614,0.05451596933397421,1.2882402991312678,0.10021695709820622,0.005514818804930431
2236,0.5188651513958974,0.25211617522551216,0.001322070932120098,0.0317410585321489,2.21059125423649,1.6777102877567462,1.5879530281356797,0.08975725962106644,1.0377303768346837,0.6226382261008104,0.4150921507338733,0.06453347649706054,0.042992060225542056,0.05630122849098136,1.2743105905618863,0.10587601539429804,0.005436848789696197,0.5291129840096451,0.25431562217813797,-0.004227898451883504,0.0323679602118129,2.2911986732309875,1.741357663832155,1.6562630479967546,0.08509461583540046,1.0582260420570548,0.6349356252342329,0.423290416822822,0.06254352782887901,0.04130626831543034,0.05451597000641191,1.2882402939991233,0.10021695700017452,0.00551481880270003
2237,0.5188651503074337,0.2521161755881308,0.0013220713214881774,0.031741058374081824,2.2105912347601935,1.6777102745838883,1.5879530131019564,0.08975726148193186,1.0377303694303948,0.6226382216582371,0.4150921477721577,0.06453347719947242,0.04299206082059272,0.05630122914665479,1.2743105856954124,0.1058760152954575,0.005436848787588688,0.5291129829039822,0.25431562252498485,-0.004227898043151143,0.032367960043345495,2.2911986534931716,1.7413576504081045,1.656263032701205,0.08509461770689969,1.0582260346532781,0.6349356207919667,0.42329041386131133,0.062543528502928,0.04130626888645329,0.05451597063596756,1.2882402891914164,0.10021695690870269,0.00551481880060112
2238,0.5188651492923415,0.2521161759257919,0.0013220716892812234,0.0317410582205123,2.210591216616979,1.6777102623039224,1.587952999087674,0.08975726321624841,1.0377303625488417,0.6226382175293051,0.4150921450195365,0.06453347785750552,0.04299206137804773,0.056301229760686244,1.274310581135351,0.1058760152034724,0.005436848785617883,0.5291129818721636,0.25431562284796877,-0.00422789765607591,0.03236795987939944,2.2911986350971625,1.7413576378877618,1.6562630184359144,0.08509461945184736,1.058226027768747,0.6349356166612481,0.4232904111074989,0.06254352913466463,0.04130626942163116,0.05451597122579581,1.288240284684337,0.10021695682348862,0.005514818798634899
2239,0.518865148346083,0.25211617624076493,0.001322072037253437,0.03174105807116339,2.210591199711714,1.6777102508537693,1.5879529860202584,0.08975726483351094,1.0377303561524256,0.6226382136914554,0.4150921424609701,0.06453347847443161,0.04299206190067881,0.056301230336149664,1.2743105768591247,0.10587601511799807,0.005436848783782897,0.5291129809096835,0.2543156231492752,-0.004227897288899871,0.03236795971969987,2.2911986179479804,1.741357626207864,1.6562630051281975,0.08509462107966656,1.0582260213663053,0.6349356128197831,0.4232904085465222,0.06254352972718727,0.04130626992358877,0.05451597177881021,1.2882402804558852,0.10021695674422873,0.005514818796801098
2240,0.5188651474643438,0.25211617653508883,0.0013220723669851789,0.031741057925771796,2.21059118395611,1.6777102401747435,1.58795297383227,0.08975726634247345,1.0377303502063997,0.6226382101238399,0.41509214008255974,0.06453347905327406,0.04299206239104719,0.05630123087588446,1.2743105728458692,0.10587601503869212,0.00543684878208165,0.5291129800122528,0.25431562343086583,-0.00422789694003841,0.03236795956398519,2.2911986019574235,1.7413576153095078,1.6562629927104568,0.08509462259905104,1.0582260154116114,0.6349356092469667,0.4232904061646447,0.06254353028336085,0.04130627039475314,0.05451597229770351,1.2882402764857166,0.10021695667061957,0.005514818795098192
2241,0.5188651466430233,0.2521161768105942,0.0013220726799004212,0.031741057784087305,2.210591169268193,1.6777102302122258,1.5879529624610158,0.08975726775121,1.0377303446786286,0.6226382068071773,0.41509213787145127,0.0645334795968282,0.042992062851520976,0.056301231382514805,1.2743105690762948,0.10587601496521626,0.0054368487805110475,0.5291129791757905,0.25431562369450145,-0.004227896608063872,0.032367959412006486,2.2911985870435423,1.7413576051378277,1.656262981119802,0.08509462401802569,1.0582260098729008,0.6349356059237403,0.42329040394916045,0.06254353080583586,0.04130627083736965,0.05451597278496588,1.288240272755012,0.10021695660236016,0.005514818793523585
2242,0.5188651458782244,0.2521161770689241,0.0013220729772847328,0.03174105764587214,2.2105911555718047,1.6777102209153543,1.5879529518481825,0.0897572690671718,1.0377303395393702,0.6226382037236222,0.41509213581574794,0.0645334801076799,0.04299206328429074,0.056301231858467284,1.2743105655325566,0.10587601489723733,0.00543684877906714,0.5291129783964136,0.25431562394176127,-0.004227896291688522,0.032367959263526994,2.291198573130149,1.7413575956416898,1.6562629702976879,0.08509462534400197,1.058226004720769,0.6349356028324613,0.42329040188830774,0.06254353129706555,0.0413062712535166,0.05451597324290113,1.2882402692463502,0.1002169565391527,0.005514818792073786
2243,0.5188651451662479,0.25211617731155395,0.0013220732602982274,0.0317410575109006,2.2105911427961726,1.6777102122367635,1.5879529419395257,0.08975727029723782,1.037730334761078,0.6226382008566469,0.41509213390443106,0.06453348058822174,0.04299206369138344,0.056301232305986354,1.274310562198143,0.10587601483442909,0.005436848777745296,0.5291129776704306,0.2543156241740613,-0.004227895989747904,0.032367959118321646,2.2911985601463933,1.741357586773435,1.6562629601896086,0.08509462658382638,1.0582259999279748,0.6349355999567847,0.42329039997119006,0.06254353175932136,0.0413062716451182,0.05451597367364151,1.2882402659436032,0.10021695648070429,0.005514818790744554
2244,0.5188651445035838,0.25211617753980736,0.0013220735299911829,0.031741057378958576,2.2105911308755064,1.6777102041323346,1.5879529326845745,0.08975727144776005,1.0377303303182197,0.6226381981909319,0.41509213212728774,0.06453348104066839,0.042992064074675186,0.056301232727148834,1.2743105590577715,0.105876014776473,0.005436848776540334,0.5291129769943361,0.25431562439267125,-0.004227895701189699,0.03236795897617671,2.2911985480263675,1.7413575784886357,1.6562629507448094,0.08509462774382626,1.0582259954692637,0.634935597281558,0.4232903981877056,0.06254353219470687,0.04130627201395655,0.05451597407916108,1.2882402628318337,0.10021695642672815,0.005514818789531062
2245,0.5188651438869066,0.25211617775487283,0.0013220737873164065,0.031741057249843205,2.210591119748642,1.6777101965609789,1.5879529240363732,0.08975727252460573,1.0377303261871145,0.6226381957122689,0.4150921304748456,0.06453348146706984,0.04299206443590266,0.05630123312387668,1.274310556097295,0.10587601472305974,0.005436848775446652,0.5291129763648035,0.2543156245987293,-0.00422789542505881,0.032367958836889414,2.2911985367087495,1.7413575707458768,1.6562629419160269,0.08509462882984997,1.0582259913212047,0.6349355947927227,0.42329039652848194,0.06254353260517066,0.041306272361682383,0.05451597446128778,1.288240259897206,0.10021695637694454,0.005514818788428007
2246,0.5188651433130683,0.25211617795781716,0.0013220740331396155,0.03174105712336246,2.2105911093587056,1.6777101894844302,1.587952915951235,0.08975727353319529,1.037730322345784,0.6226381934074706,0.4150921289383135,0.06453348186932421,0.04299206477667383,0.05630123349794895,1.2743105533036148,0.10587601467388977,0.005436848774458346,0.5291129757786807,0.2543156247932562,-0.004227895160486862,0.032367958700267596,2.2911985261364847,1.7413575635065621,1.6562629336592578,0.0850946298473042,1.058225987462045,0.634935592477227,0.423290394984818,0.06254353299251773,0.041306272689824786,0.054515974821714414,1.2882402571269023,0.10021695633108184,0.005514818787429748
2247,0.5188651427790943,0.25211617814959897,0.0013220742682507058,0.03174105699933492,2.210591099652821,1.6777101828670662,1.5879529083885293,0.08975727447853687,1.0377303187738194,0.6226381912642918,0.4150921275095276,0.06453348224918873,0.04299206509847737,0.056301233851012426,1.2743105506646044,0.10587601462867442,0.005436848773569316,0.5291129752329851,0.25431562497716736,-0.004227894906682926,0.03236795856612947,2.2911985162564847,1.7413575567347266,1.6562629259335389,0.08509463080118772,1.0582259838715766,0.6349355903229459,0.4232903935486307,0.06254353335842028,0.0413062729998004,0.05451597516200897,1.2882402545090494,0.10021695628887752,0.00551481878653041
2248,0.5188651422821785,0.2521161783310805,0.0013220744933717318,0.03174105687758938,2.2105910905818305,1.677710176675735,1.5879529013104765,0.08975727536525852,1.0377303154522564,0.622638189271354,0.4150921261809024,0.06453348260829038,0.04299206540269159,0.05630123418459163,1.2743105481690367,0.10587601458713675,0.00543684877277337,0.5291129747248988,0.2543156251512847,-0.004227894662922657,0.032367958434303276,2.2911985070193617,1.7413575503968748,1.6562629187007523,0.08509463169612258,1.058225980531016,0.6349355883186095,0.4232903922124064,0.06254353370442726,0.041306273292921414,0.05451597548362362,1.2882402520326481,0.10021695625007884,0.005514818785723972
2249,0.5188651418196774,0.25211617850303814,0.0013220747091666415,0.03174105675796457,2.2105910821000414,1.6777101708795985,1.5879528946819614,0.08975727619763703,1.0377303123634665,0.62263818741808,0.41509212494538644,0.06453348294813542,0.04299206569059249,0.056301234500097816,1.2743105458065167,0.10587601454901194,0.005436848772064308,0.5291129742517657,0.2543156253163475,-0.004227894428541615,0.03236795830462708,2.291198498379178,1.7413575444618248,1.6562629119254415,0.0850946325363833,1.0582259774228941,0.6349355864537365,0.42329039096915766,0.06254353403197355,0.04130627357040338,0.05451597578790347,1.2882402496875107,0.10021695621444376,0.005514818785004389
2250,0.5188651413891061,0.2521161786661719,0.001322074916246349,0.03174105664030892,2.2105910741649972,1.6777101654499884,1.5879528884703638,0.08975727697962473,1.0377303094910555,0.6226381856946335,0.4150921237964221,0.06453348327011804,0.04299206596336118,0.0563012347988373,1.2743105435674231,0.10587601451404786,0.005436848771435982,0.5291129738110852,0.25431562547302095,-0.004227894202926845,0.03236795817694843,2.291198490293219,1.7413575389005662,1.6562629055746443,0.08509463332592196,1.0582259745309577,0.6349355847185747,0.42329038981238304,0.06254353434238788,0.04130627383337197,0.054515976076094104,1.2882402474642007,0.10021695618174119,0.005514818784365632
2251,0.5188651409881343,0.25211617882111537,0.001322075115177436,0.03174105652448014,2.2105910667372584,1.6777101603602704,1.5879528826453955,0.08975727771487492,1.0377303068197712,0.6226381840918629,0.41509212272790835,0.06453348357552867,0.042992066222090855,0.05630123508201921,1.274310541442851,0.10587601448200568,0.005436848770882392,0.5291129734005094,0.2543156256219059,-0.004227893985511481,0.032367958051124135,2.29119848272178,1.741357533686126,1.6562628996177324,0.08509463406839364,1.058225971840079,0.6349355831040475,0.4232903887360316,0.06254353463690075,0.04130627408286956,0.05451597634934904,1.288240245353982,0.1002169561517517,0.005514818783801784
2252,0.5188651406145799,0.2521161789684419,0.0013220753064861757,0.03174105641034496,2.2105910597802065,1.677710155585717,1.5879528771789537,0.08975727840676317,1.0377303043354211,0.6226381826012528,0.4150921217341683,0.06453348386556125,0.04299206646779295,0.056301235350762396,1.2743105394245613,0.10587601445265998,0.005436848770397708,0.5291129730178382,0.2543156257635457,-0.0042278937757681614,0.03236795792701987,2.2911984756279726,1.7413575287934464,1.6562628940262687,0.08509463476717774,1.0582259693361733,0.6349355816017039,0.4232903877344693,0.0625435349166512,0.04130627431986111,0.054515976608736166,1.2882402433487659,0.10021695612426791,0.005514818783307102
2253,0.5188651402664054,0.2521161791086733,0.0013220754906647508,0.031741056297778805,2.210591053259857,1.6777101511033896,1.5879528720449798,0.0897572790584098,1.037730302024795,0.6226381812148771,0.41509212080991786,0.06453348414132037,0.04299206670140325,0.05630123560610218,1.2743105375049313,0.10587601442579901,0.00543684876997635,0.5291129726610146,0.25431562589843354,-0.0042278935732041195,0.032367957804509954,2.2911984689775413,1.7413575241992663,1.656262888773867,0.08509463542539913,1.0582259670061236,0.6349355802036742,0.4232903868024494,0.06254353518269334,0.041306274545239635,0.05451597685524399,1.2882402414410672,0.10021695609909453,0.005514818782876043
2254,0.5188651399417125,0.25211617924228547,0.0013220756681725787,0.03174105618666535,2.2105910471446855,1.6777101468920261,1.5879528672193275,0.08975727967269866,1.0377302998755966,0.6226381799253581,0.41509211995023854,0.06453348440382761,0.04299206692378718,0.05630123584899631,1.2743105356769107,0.10587601440122466,0.005436848769613013,0.5291129723281207,0.2543156260270189,-0.004227893377358211,0.03236795768347693,2.2911984627386905,1.7413575198820095,1.656262883836062,0.08509463604594748,1.0582259648377144,0.6349355789026286,0.4232903859350857,0.06254353543600275,0.04130627475983158,0.05451597708978745,1.2882402396239594,0.1002169560760487,0.005514818782503331
2255,0.5188651396387366,0.25211617936971376,0.0013220758394445545,0.031741056076896264,2.2105910414054706,1.677710142931937,1.5879528626796429,0.08975728025229422,1.0377302978763794,0.6226381787258277,0.4150921191505516,0.06453348465402767,0.042992067135745014,0.056301236080330594,1.2743105339339813,0.10587601437875248,0.005436848769302687,0.5291129720173715,0.2543156261497127,-0.004227893187795588,0.032367957563811195,2.2911984568819284,1.7413575158216825,1.656262879190188,0.08509463663149441,1.058225962819567,0.6349355776917402,0.4232903851278267,0.06254353567748175,0.04130627496440136,0.05451597731321309,1.2882402378910347,0.10021695605495991,0.005514818782183984
2256,0.5188651393558417,0.25211617949135934,0.0013220760048902602,0.03174105596837062,2.2105910360151326,1.6777101392049,1.5879528584052394,0.08975728079966072,1.0377302960164885,0.6226381776098933,0.4150921184065952,0.06453348489279397,0.04299206733801672,0.0563012363009244,1.2743105322701145,0.10587601435821158,0.005436848769040702,0.5291129717271111,0.2543156262668927,-0.0042278930041064686,0.03236795744541064,2.2911984513799184,1.7413575119997775,1.6562628748152675,0.08509463718451016,1.058225960941085,0.6349355765646509,0.4232903843764339,0.06254353590796502,0.04130627515965605,0.054515977526304195,1.2882402362363665,0.10021695603566977,0.005514818781913336
2257,0.5188651390915148,0.25211617960759203,0.001322076164897712,0.03174105586099458,2.210591030948603,1.6777101356940727,1.587952854376998,0.08975728131707461,1.037730294286008,0.6226381765716051,0.41509211771440296,0.0645334851209339,0.04299206753128626,0.056301236511535326,1.274310530679739,0.1058760143394442,0.005436848768822731,0.5291129714558073,0.2543156263789078,-0.004227892825900442,0.032367957328180125,2.2911984462073334,1.7413575083991732,1.656262870691894,0.08509463770727929,1.0582259591923986,0.6349355755154392,0.42329038367695937,0.06254353612822432,0.041306275346249484,0.05451597772978526,1.2882402346544746,0.1002169560180323,0.005514818781687059
2258,0.5188651388443605,0.25211617971875544,0.0013220763198366278,0.03174105575468081,2.2105910261826804,1.6777101323838952,1.587952850577254,0.08975728180664112,1.0377302926757102,0.6226381756054263,0.4150921170702838,0.0645334853391939,0.04299206771618597,0.05630123671286397,1.2743105291577042,0.1058760143223057,0.005436848768644807,0.5291129712020457,0.25431562648608186,-0.0042278926528073885,0.032367957212031,2.2911984413407263,1.7413575050040486,1.6562628668021342,0.08509463820191446,1.05822595756432,0.6349355745385921,0.423290383025728,0.06254353633897353,0.04130627552478641,0.054515977924326636,1.2882402331402907,0.1002169560019134,0.005514818781501188
2259,0.5188651386130952,0.25211617982517015,0.0013220764700599477,0.03174105564934794,2.2105910216959064,1.6777101292600065,1.5879528469896993,0.08975728227030717,1.0377302911770114,0.6226381747062071,0.41509211647080435,0.06453348554826403,0.042992067893300456,0.0563012369055583,1.2743105276992477,0.10587601430666396,0.0054368487685033315,0.5291129709645238,0.2543156265887168,-0.004227892484473167,0.03236795709688049,2.291198436758402,1.7413575017997933,1.6562628631294236,0.08509463867036973,1.0582259560482972,0.6349355736289783,0.4232903824193189,0.06254353654087268,0.041306275695825984,0.05451597811054829,1.2882402316891266,0.1002169559871903,0.005514818781352106
2260,0.5188651383965399,0.2521161799271359,0.0013220766159044023,0.03174105554491983,2.2105910174684467,1.6777101263091616,1.587952843599289,0.08975728270987274,1.0377302897819292,0.6226381738691578,0.41509211591277145,0.06453348574878226,0.04299206806317017,0.05630123709021741,1.274310526299967,0.10587601429239885,0.005436848768395045,0.5291129707420463,0.25431562668709606,-0.004227892320559597,0.03236795698265106,2.2911984324403,1.74135749877293,1.6562628596584767,0.0850946391144531,1.0582259546363721,0.6349355727818233,0.42329038185454887,0.06254353673453242,0.041306275859885486,0.05451597828902391,1.2882402302966476,0.10021695597375171,0.0055148187812365575
2261,0.5188651381936166,0.25211618002493547,0.0013220767576933648,0.03174105544132494,2.2105910134819786,1.6777101235191554,1.587952840392152,0.08975728312700358,1.0377302884830442,0.6226381730898267,0.41509211539321744,0.06453348594133884,0.04299206822629513,0.056301237267395665,1.274310524955789,0.10587601427940183,0.0054368487683170656,0.5291129705335186,0.25431562678148656,-0.004227892160740827,0.03236795686926956,2.291198428367883,1.7413574959110338,1.6562628563751964,0.08509463953583746,1.0582259533211442,0.6349355719926866,0.4232903813284577,0.06254353692051773,0.04130627601744359,0.05451597846028433,1.2882402289588413,0.10021695596149688,0.00551481878115165
2262,0.5188651380033397,0.2521161801188354,0.0013220768957382806,0.03174105533849533,2.2105910097195807,1.677710120878744,1.5879528373555027,0.08975728352324121,1.037730287273463,0.622638172364078,0.415092114909385,0.06453348612648006,0.04299206838313817,0.0563012374376061,1.274310523662943,0.1058760142675752,0.005436848768266844,0.5291129703379398,0.25431562687214065,-0.004227892004703956,0.03236795675666641,2.291198424524028,1.7413574932026588,1.6562628532665877,0.08509463993607101,1.0582259520957338,0.6349355712574403,0.4232903808382935,0.06254353709935181,0.041306276168943515,0.054515978624821056,1.2882402276719924,0.10021695595033514,0.005514818781094818
2263,0.5188651378248107,0.25211618020908827,0.00132207703033832,0.0317410552363658,2.2105910061656355,1.6777101183775767,1.5879528344775644,0.08975728390001217,1.0377302861467848,0.6226381716880711,0.4150921144587137,0.06453348630471234,0.04299206853412827,0.05630123760132412,1.2743105224179354,0.1058760142568315,0.00543684876824215,0.5291129701543981,0.2543156269592981,-0.004227891852146844,0.03236795664477447,2.291198420892925,1.7413574906372637,1.656262850320676,0.08509464031658767,1.0582259509537484,0.634935570572249,0.42329038038149935,0.06254353727152001,0.0413062763147964,0.054515978783089766,1.2882402264326558,0.10021695594018554,0.005514818781063831
2264,0.5188651376572128,0.2521161802959342,0.0013220771617834318,0.03174105513487249,2.2105910028057294,1.6777101160061263,1.587952831747488,0.08975728425863821,1.0377302850970684,0.6226381710582414,0.4150921140388271,0.06453348647650571,0.04299206867966361,0.05630123775899054,1.2743105212175219,0.10587601424709281,0.005436848768241069,0.529112969982064,0.2543156270431872,-0.004227891702775884,0.032367956533527725,2.2911984174599858,1.7413574882051492,1.656262847526434,0.08509464067871526,1.058225949889253,0.6349355699335517,0.42329037995570123,0.06254353743747287,0.04130627645538394,0.05451597893551312,1.2882402252376306,0.10021695593097579,0.0055148187810567795
2265,0.518865137499802,0.25211618037960104,0.0013220772903549047,0.031741055033951415,2.2105909996265645,1.677710113755625,1.5879528291552818,0.08975728460034307,1.037730284118804,0.6226381704712827,0.4150921136475214,0.06453348664229742,0.04299206882011464,0.05630123791101489,1.2743105200586853,0.10587601423828977,0.005436848768261951,0.5291129698201827,0.2543156271240255,-0.004227891556306283,0.032367956422859584,2.2911984142117423,1.7413574858973826,1.656262844873698,0.0850946410236845,1.0582259488967405,0.6349355693380443,0.42329037955869625,0.06254353759763012,0.0413062765910617,0.05451597908248416,1.2882402240839381,0.10021695592264193,0.005514818781072019
2266,0.5188651373519024,0.2521161804603054,0.001322077416327165,0.03174105493353652,2.210590996615866,1.6777101116179969,1.5879528266917355,0.08975728492626125,1.037730283206884,0.6226381699241306,0.4150921132827534,0.06453348680249593,0.042992068955827356,0.0563012380577788,1.2743105189386073,0.10587601423036061,0.0054368487683034,0.5291129696680675,0.25431562720201967,-0.004227891412458627,0.03236795631270088,2.2911984111357655,1.7413574837057395,1.6562628423531038,0.08509464135263566,1.0582259479711027,0.6349355687826617,0.4232903791884411,0.06254353775238403,0.041306276722162014,0.05451597922436929,1.288240222968792,0.10021695591512693,0.005514818781108153
2267,0.5188651372128957,0.25211618053825174,0.001322077539967284,0.0317410548335571,2.2105909937622945,1.6777101095857934,1.5879528243483487,0.08975728523744456,1.0377302823565762,0.6226381694139458,0.4150921129426303,0.06453348695748434,0.04299206908712633,0.05630123819963883,1.2743105178546439,0.10587601422325017,0.005436848768364204,0.5291129695250911,0.25431562727736545,-0.0042278912709590305,0.03236795620297698,2.2911984082205703,1.7413574816226327,1.6562628399560066,0.08509464166662617,1.058225947107606,0.6349355682645637,0.42329037884304244,0.06254353790210321,0.04130627684899714,0.054515979361511376,1.2882402218895748,0.10021695590837981,0.005514818781163982
2268,0.5188651370822128,0.2521161806136314,0.0013220776615413543,0.0317410547339345,2.2105909910553545,1.677710107652124,1.5879528221172559,0.08975728553486804,1.0377302815634977,0.6226381689380986,0.41509211262539897,0.06453348710762469,0.042992069214318224,0.05630123833693011,1.274310516804296,0.10587601421690805,0.005436848768443275,0.5291129693906761,0.25431562735024615,-0.00422789113153528,0.03236795609360433,2.2911984054555252,1.7413574796410438,1.656262837674407,0.08509464196663666,1.0582259463018635,0.6349355677811181,0.42329037852074536,0.06254353804713671,0.041306276971862774,0.05451597949423319,1.2882402208438084,0.1002169559023544,0.005514818781238428
2269,0.5188651369593226,0.25211618068662023,0.0013220777813121795,0.03174105463457742,2.2105909884853037,1.677710105810585,1.5879528199911492,0.08975728581943586,1.0377302808235904,0.6226381684941544,0.41509211232943605,0.06453348725326177,0.0429920693376952,0.05630123846996927,1.274310515785185,0.10587601421128731,0.005436848768539573,0.5291129692642825,0.2543156274208301,-0.004227890993914664,0.03236795598448526,2.291198402830753,1.7413574777544423,1.6562628355008653,0.08509464225357709,1.0582259455498124,0.6349355673298875,0.42329037821992493,0.06254353818781784,0.04130627709104129,0.054515979622840174,1.2882402198291263,0.10021695589700712,0.005514818781330458
2270,0.5188651368437159,0.2521161807573746,0.0013220778995458801,0.031741054535376,2.210590986043042,1.6777101040551712,1.5879528179631845,0.08975728609198658,1.0377302801330959,0.6226381680798576,0.4150921120532382,0.06453348739472875,0.042992069457539445,0.05630123859905874,1.2743105147950122,0.10587601420634116,0.005436848768651978,0.5291129691453917,0.2543156274892659,-0.004227890857819452,0.03236795587550159,2.2911984003370236,1.741357475956702,1.656262833428411,0.08509464252829098,1.0582259448476874,0.6349355669086125,0.42329037793907487,0.06254353832446968,0.041306277206806366,0.05451597974762486,1.288240218843234,0.10021695589229455,0.005514818781438936
2271,0.5188651367348852,0.2521161808260238,0.001322078016512393,0.03174105443619306,2.210590983719994,1.6777101023801726,1.5879528160268763,0.08975728635329623,1.0377302794885295,0.6226381676931179,0.41509211179541167,0.06453348753235177,0.042992069574127253,0.05630123872448994,1.2743105138315265,0.10587601420201975,0.005436848768779091,0.5291129690334839,0.25431562755567516,-0.004227890722965026,0.03236795576650511,2.2911983979656174,1.74135747424198,1.656262831450419,0.08509464279156079,1.058225944191997,0.6349355665151983,0.42329037767679867,0.06254353845741009,0.04130627731942729,0.05451597986887017,1.288240217883875,0.10021695588816987,0.00551481878156243
2272,0.5188651366322949,0.25211618089266047,0.0013220781324939437,0.0317410543368522,2.210590981507949,1.67771010078004,1.587952814175957,0.08975728660408297,1.0377302788866534,0.6226381673319922,0.4150921115546612,0.06453348766645689,0.04299206968773487,0.056301238846548016,1.274310512892478,0.10587601419826459,0.005436848768918981,0.5291129689280067,0.25431562762014054,-0.004227890589051868,0.03236795565730472,2.2911983957081663,1.7413574726045795,1.6562628295604696,0.08509464304410988,1.0582259435794943,0.6349355661476968,0.42329037743179754,0.06254353858695849,0.041306277429174657,0.05451597998685404,1.2882402169487812,0.10021695588457728,0.005514818781698921
2273,0.5188651365353371,0.2521161809573216,0.0013220782477859072,0.03174105423712088,2.2105909793988587,1.6777100992491973,1.5879528124041906,0.08975728684500674,1.0377302783244469,0.6226381669946682,0.41509211132977863,0.06453348779737773,0.04299206979864492,0.05630123896551664,1.274310511975564,0.10587601419500042,0.00543684876906874,0.5291129688283297,0.2543156276826876,-0.004227890455758873,0.032367955547648014,2.2911983935564333,1.7413574710387507,1.6562628277521454,0.08509464328660529,1.0582259430071463,0.634935565804288,0.42329037720285834,0.06254353871344381,0.041306277536327145,0.054515980101854426,1.2882402160356168,0.10021695588144412,0.005514818781845363
2274,0.5188651364432708,0.25211618101996364,0.0013220783627140784,0.03174105413668531,2.2105909773845585,1.6777100977817876,1.5879528107051168,0.08975728707667074,1.0377302777990691,0.6226381666794416,0.4150921111196275,0.06453348792546248,0.042992069907152375,0.056301239081681116,1.274310511078383,0.10587601419212367,0.005436848769223912,0.5291129687336742,0.25431562774325617,-0.004227890322730181,0.03236795543719402,2.291198391502003,1.7413574695384018,1.656262826018744,0.08509464351965788,1.0582259424720977,0.6349355654832589,0.4232903769888388,0.06254353883721162,0.04130627764117747,0.05451598021415219,1.2882402151419283,0.10021695587866883,0.0055148187819970065
2275,0.5188651363551195,0.25211618108041756,0.0013220784776378364,0.03174105403511517,2.2105909754563653,1.6777100963712896,1.5879528090716755,0.08975728729961428,1.037730277307816,0.6226381663846898,0.41509211092312626,0.06453348805108657,0.04299207001357523,0.05630123919533509,1.2743105101983434,0.10587601418948274,0.005436848769377444,0.5291129686430084,0.25431562780165373,-0.004227890189564369,0.03236795532547531,2.2911983895358468,1.74135746809669,1.6562628243528728,0.08509464374381713,1.0582259419716227,0.634935565182974,0.4232903767886487,0.06254353895863717,0.04130627774404354,0.05451598032403831,1.288240214265051,0.10021695587610198,0.00551481878214636
2276,0.5188651362695259,0.2521161811383248,0.001322078592972488,0.03174105393181012,2.2105909736044818,1.6777100950099526,1.5879528074956466,0.0897572875143059,1.0377302768480583,0.6226381661088352,0.41509211073922314,0.06453348817466194,0.04299207011826254,0.056301239306782165,1.2743105093326021,0.10587601418685036,0.005436848769518254,0.5291129685548884,0.2543156278574868,-0.004227890055789586,0.03236795521183994,2.2911983876476802,1.7413574667054064,1.6562628227458425,0.085094643959564,1.0582259415030624,0.6349355649018378,0.4232903766012246,0.06254353907813502,0.04130627784527656,0.05451598043181513,1.2882402134020419,0.10021695587351823,0.005514818782281593
2277,0.5188651361845197,0.2521161811930322,0.0013220787092110345,0.031741053825921385,2.2105909718171106,1.677710093687939,1.587952805966816,0.08975728772112312,1.0377302764171576,0.6226381658502947,0.4150921105668629,0.0645334882966535,0.0429920702216081,0.05630123941634009,1.2743105084779525,0.10587601418387897,0.005436848769628871,0.5291129684672116,0.2543156279100499,-0.004227889920834629,0.032367955095367135,2.2911983858249907,1.7413574653540436,1.65626282118675,0.08509464416729343,1.0582259410637338,0.6349355646382406,0.4232903764254932,0.06254353919617549,0.04130627794527495,0.054515980537800546,1.2882402125495611,0.10021695587057189,0.005514818782384072
2278,0.5188651360971648,0.2521161812434322,0.0013220788269639946,0.03174105371623235,2.2105909700791164,1.6777100923920303,1.5879528044717088,0.08975728792032145,1.0377302760123457,0.6226381656074076,0.41509211040493804,0.06453348841759099,0.04299207032406073,0.056301239524335814,1.2743105076307368,0.10587601418003209,0.005436848769681857,0.5291129683768376,0.2543156279581562,-0.004227889783980032,0.03236795497473874,2.2911983840515773,1.7413574640283804,1.6562628196610953,0.08509464436728519,1.0582259406508028,0.6349355643904819,0.4232903762603208,0.06254353931329709,0.04130627804449492,0.05451598064232281,1.2882402117037846,0.1002169558667292,0.00551481878242452
2279,0.518865136003008,0.25211618128770913,0.001322078947022777,0.03174105360097605,2.2105909683699703,1.6777100911036225,1.5879528029916434,0.08975728811197903,1.0377302756305442,0.6226381653783267,0.4150921102522175,0.06453348853807936,0.04299207042613287,0.056301239631090294,1.2743105067867824,0.10587601417447783,0.005436848769634178,0.5291129682790021,0.2543156279998702,-0.004227889644277276,0.03236795484804319,2.2911983823053195,1.7413574627083177,1.6562628181486652,0.08509464455965256,1.05822594026109,0.6349355641566544,0.42329037610443565,0.06254353943011647,0.04130627814345887,0.05451598074570417,1.2882402108603341,0.10021695586116225,0.0055148187823570866
2280,0.5188651358952124,0.25211618132293845,0.0013220790704841154,0.031741053477547305,2.2105909666605847,1.6777100897956314,1.5879528014997297,0.08975728829590178,1.0377302752680915,0.622638165160855,0.4150921101072364,0.06453348865878661,0.042992070528390436,0.056301239736868916,1.2743105059414779,0.10587601416592014,0.005436848769418344,0.529112968166392,0.25431562803208535,-0.004227889500399845,0.03236795471246674,2.291198380554726,1.74135746136451,1.6562628166202567,0.08509464474425323,1.0582259398907814,0.6349355639344693,0.42329037595631214,0.06254353954731559,0.04130627824274451,0.054515980848209536,1.2882402100143666,0.10021695585258229,0.0055148187821099336
2281,0.5188651357631765,0.25211618134444436,0.001322079199002693,0.031741053342033546,2.210590964908314,1.6777100884275837,1.587952799956119,0.08975728847146479,1.0377302749203248,0.622638164952195,0.41509210996812973,0.06453348878037656,0.04299207063139578,0.056301239841757174,1.2743105050902415,0.10587601415232986,0.005436848768928227,0.529112968027681,0.2543156280498509,-0.004227889350344356,0.03236795456379161,2.2911983787535126,1.7413574599530643,1.6562628150325234,0.085094644920541,1.0582259395349813,0.6349355637209892,0.4232903758139921,0.06254353966557165,0.04130627834292553,0.054515980949917615,1.288240209161072,0.1002169558389744,0.005514818781570302
2282,0.5188651355902725,0.2521161813447403,0.0013220762242867196,0.031741053188404894,2.210590963048905,1.6777100869376818,1.587952798300348,0.08975728863733363,1.0377302745809278,0.6226381647485568,0.415092109832371,0.06453348890326849,0.04299207073550411,0.056301239945332954,1.274310504230178,0.10587601413050338,0.005436848767995774,0.5291129678451398,0.25431562804526586,-0.0042278923900126025,0.03236795439553147,2.2911983768318818,1.741357458406976,1.6562628133196697,0.08509464508730616,1.0582259391870195,0.634935563512212,0.4232903756748074,0.062543539785309,0.04130627844436144,0.05451598105038319,1.288240208297436,0.10021695581716454,0.0055148187805600605
2283,0.5188651360231575,0.25211618163647204,0.0013220803275829432,0.031741053595299676,2.2105909609829455,1.677710087202133,1.5879527982746184,0.08975728892751475,1.0377302711805447,0.622638162708327,0.4150921084722178,0.06453348883552112,0.042992070678111685,0.056301240135516864,1.274310504679305,0.10587601420703886,0.005436848773380574,0.5291129682889177,0.254315628343347,-0.004227888210036938,0.03236795483123064,2.2911983746818883,1.7413574586540892,1.6562628132677202,0.0850946453863689,1.0582259356902797,0.6349355614141682,0.4232903742761115,0.06254353971176568,0.04130627838205897,0.05451598124758185,1.288240208799206,0.10021695589149651,0.005514818786095273
2284,0.5188651357780771,0.25211618156212506,0.0013220791772036652,0.03174105329760395,2.210590960503234,1.6777100862295808,1.5879527972754448,0.08975728895413604,1.037730272046315,0.6226381632277892,0.4150921088185259,0.0645334889774303,0.04299207079833055,0.05630124014994409,1.2743105036890183,0.10587601417547547,0.005436848771279117,0.5291129680421173,0.25431562826524595,-0.004227889346566545,0.032367954513111016,2.2911983742534576,1.7413574577122242,1.656262812306756,0.08509464540546824,1.0582259365778355,0.6349355619467016,0.42329037463113384,0.06254353984736874,0.04130627849693558,0.05451598125305863,1.2882402078240025,0.1002169558613527,0.005514818783957793
2285,0.5188651359402832,0.2521161817317911,0.00132208007616276,0.031741053313611545,2.210590959297435,1.6777100855763165,1.5879527963637423,0.08975728921257414,1.0377302715561545,0.6226381629336928,0.41509210862246165,0.06453348899705852,0.04299207081495865,0.05630124021789315,1.274310503541987,0.1058760142167476,0.005436848773926278,0.5291129682100516,0.25431562843600564,-0.004227888423223136,0.03236795452410151,2.2911983730473846,1.741357457061649,1.6562628113968436,0.08509464566480547,1.0582259360842343,0.634935561650541,0.4232903744336934,0.06254353986227824,0.04130627850956621,0.05451598131728288,1.2882402077052022,0.10021695590118604,0.005514818786674419
2286,0.5188651358252766,0.2521161817415772,0.0013220795985564651,0.03174105319168692,2.210590958489125,1.6777100846833024,1.5879527953607848,0.08975728932251764,1.0377302718805663,0.62263816312834,0.4150921087522264,0.06453348910185457,0.04299207090373698,0.05630124028985006,1.2743105028074604,0.10587601420953939,0.005436848773406071,0.5291129680971596,0.2543156284454302,-0.004227888887567602,0.032367954392993295,2.291198372256445,1.7413574561777256,1.6562628104043826,0.08509464577334294,1.0582259364201032,0.6349355618520622,0.4232903745680409,0.06254353996106467,0.041306278593253476,0.054515981384094296,1.2882402069910701,0.10021695589484403,0.005514818786181206
2287,0.5188651358752416,0.2521161818348868,0.0013220800372084687,0.031741053123999295,2.2105909575265,1.677710084033138,1.587952794536168,0.08975728949697004,1.0377302716505532,0.622638162990332,0.41509210866022117,0.06453348916390755,0.04299207095630539,0.056301240354266924,1.2743105023680696,0.10587601422857698,0.005436848774649578,0.5291129681487181,0.25431562853758427,-0.004227888434606232,0.032367954316543004,2.2911983713049064,1.741357455534116,1.6562628095883147,0.08509464594580124,1.058225936194319,0.6349355617165917,0.4232903744777272,0.0625435400190128,0.04130627864234443,0.05451598144460529,1.288240206567112,0.10021695591302446,0.005514818787441591
2288,0.5188651358376047,0.2521161818848705,0.0013220799423882268,0.03174105303400687,2.2105909566498205,1.6777100832394416,1.5879527935995306,0.08975728963991096,1.0377302717504833,0.6226381630502901,0.4150921087001932,0.06453348925199524,0.042992071030929196,0.05630124042976592,1.2743105017491838,0.10587601423398188,0.005436848774967231,0.5291129681137767,0.25431562858724777,-0.004227888509443729,0.032367954217862684,2.2911983704387784,1.741357454747879,1.6562628086603164,0.08509464608756258,1.0582259362974362,0.6349355617784621,0.4232903745189741,0.0625435401021229,0.04130627871275144,0.0545159815158368,1.2882402059646718,0.10021695591856276,0.005514818787790593
2289,0.5188651358377268,0.25211618194986773,0.0013220801114880998,0.03174105295039754,2.2105909557540038,1.6777100825379327,1.587952792748878,0.08975728978905473,1.0377302716752095,0.6226381630051259,0.41509210867008367,0.06453348933284178,0.042992071099418605,0.05630124050336707,1.2743105011804354,0.10587601424436333,0.005436848775645771,0.5291129681150117,0.2543156286511068,-0.004227888327168361,0.03236795412526189,2.29119836955222,1.7413574540506693,1.6562628078156876,0.08509464623498185,1.0582259362275535,0.6349355617365324,0.42329037449102097,0.0625435401788914,0.04130627877778613,0.05451598158574311,1.2882402054074482,0.10021695592853469,0.00551481878848239
2290,0.5188651358206591,0.25211618200652236,0.001322080162680303,0.03174105286344078,2.2105909548753226,1.6777100818028416,1.5879527918700505,0.0897572899327913,1.0377302716754537,0.6226381630052723,0.4150921086701814,0.06453348941998273,0.04299207117324037,0.05630124058105303,1.2743105005684154,0.10587601425209489,0.005436848776144292,0.5291129680995562,0.25431562870688634,-0.004227888258090277,0.03236795402933709,2.291198368681049,1.7413574533202725,1.656262806943034,0.0850946463772383,1.0582259362300237,0.6349355617380147,0.423290374492009,0.06254354026183663,0.04130627884805349,0.054515981659741454,1.2882402048065495,0.10021695593606801,0.005514818788999612
2291,0.5188651358079219,0.25211618206352254,0.0013220802583630634,0.031741052776398784,2.210590953999126,1.6777100810888927,1.5879527910143354,0.08975729007455731,1.037730271641318,0.6226381629847908,0.4150921086565271,0.0645334895078203,0.042992071247652267,0.05630124065988561,1.2743104999517523,0.1058760142600325,0.005436848776669851,0.529112968087801,0.25431562876275976,-0.004227888147131216,0.032367953933205997,2.2911983678110723,1.7413574526090692,1.6562628060916043,0.08509464651746493,1.0582259361991126,0.6349355617194681,0.4232903744796446,0.06254354034578469,0.041306278919170374,0.05451598173511989,1.2882402041987135,0.10021695594370203,0.005514818789537323
2292,0.5188651357920886,0.2521161821182468,0.0013220803373341777,0.031741052688441865,2.210590953128955,1.6777100803734455,1.5879527901594488,0.08975729021399673,1.0377302716158439,0.6226381629695064,0.4150921086463375,0.06453348959779345,0.04299207132387334,0.05630124074049959,1.274310499320515,0.105876014267281,0.005436848777154918,0.5291129680728709,0.25431562881633346,-0.004227888051731091,0.03236795383611055,2.2911983669457476,1.7413574518957893,1.656262805240386,0.08509464665540321,1.058225936175602,0.6349355617053616,0.4232903744702403,0.06254354043196349,0.04130627899217704,0.05451598181238258,1.28824020357522,0.10021695595066388,0.0055148187900336395
2293,0.5188651357757408,0.2521161821716788,0.0013220804209867695,0.03174105259992899,2.2105909522636007,1.6777100796644033,1.5879527893130945,0.08975729035130887,1.0377302715841772,0.6226381629505063,0.41509210863367085,0.06453348968901768,0.04299207140115427,0.05630124082229222,1.2743104986808071,0.10587601427417388,0.005436848777623726,0.5291129680571689,0.2543156288685237,-0.004227887952088394,0.03236795373839804,2.291198366084103,1.7413574511878862,1.6562628043966576,0.08509464679122863,1.0582259361457418,0.6349355616874455,0.42329037445829626,0.06254354051952868,0.0413062790663582,0.054515981890942276,1.2882402029420643,0.10021695595724854,0.005514818790511045
2294,0.5188651357583007,0.25211618222371424,0.0013220805028226618,0.03174105251086845,2.210590951403468,1.6777100789592392,1.5879527884725788,0.08975729048666037,1.0377302715514818,0.622638162930889,0.4150921086205927,0.06453348978135037,0.042992071479374214,0.0563012409050794,1.274310498033612,0.10587601428067067,0.0054368487780720575,0.5291129680402084,0.254315628919257,-0.004227887854099645,0.032367953640089805,2.2911983652266654,1.7413574504831668,1.6562628035580624,0.08509464692510432,1.0582259361143376,0.634935561668603,0.42329037444573464,0.06254354060829596,0.04130627914155771,0.054515981970583285,1.2882402023005537,0.10021695596342886,0.005514818790966193
2295,0.518865135740187,0.25211618227456106,0.0013220805851194492,0.031741052421363755,2.210590950549039,1.6777100782592167,1.587952787639078,0.0897572906201386,1.0377302715166017,0.622638162909961,0.4150921086066407,0.06453348987445862,0.04299207155825119,0.0563012409885779,1.2743104973812271,0.1058760142868468,0.005436848778504351,0.5291129680224127,0.2543156289687427,-0.0042278877556648845,0.03236795354129486,2.2911983643741,1.7413574497829611,1.6562628027258492,0.08509464705711184,1.058225936080417,0.6349355616482505,0.42329037443216644,0.0625435406979197,0.04130627921748277,0.05451598205100894,1.2882402016531431,0.10021695596927765,0.0055148187914035515
2296,0.5188651357215257,0.2521161823243242,0.0013220806674222665,0.03174105233147729,2.210590949700972,1.6777100775645788,1.5879527868127474,0.08975729075183136,1.0377302714803742,0.6226381628882245,0.41509210859214973,0.0645334899681008,0.042992071637580495,0.056301241072564394,1.274310496725319,0.10587601429274182,0.005436848778922376,0.5291129680039345,0.25431562901709304,-0.004227887657182135,0.032367953442081536,2.291198363527221,1.7413574490876567,1.6562628019003254,0.08509464718733117,1.0582259360448252,0.6349355616268955,0.4232903744179297,0.06254354078814107,0.04130627929391412,0.05451598213198069,1.2882402010016691,0.100216955974836,0.005514818791825134
2297,0.5188651357026024,0.25211618237316186,0.0013220807502088427,0.031741052241289675,2.2105909488602404,1.677710076876222,1.5879527859944096,0.0897572908818125,1.0377302714430514,0.6226381628658308,0.41509210857722056,0.0645334900620344,0.04299207171715666,0.05630124115682432,1.2743104960675615,0.10587601429841875,0.005436848779329333,0.5291129679850827,0.25431562906447314,-0.004227887558175679,0.03236795334253638,2.2911983626871857,1.7413574483982914,1.6562628010824638,0.08509464731582769,1.058225936007869,0.6349355616047218,0.4232903744031472,0.06254354087870435,0.04130627937063512,0.054515982213271814,1.288240200347948,0.10021695598016656,0.0055148187922343375
2298,0.5188651356836128,0.252116182421192,0.0013220808334129877,0.03174105215086033,2.2105909480277663,1.6777100761947836,1.5879527851846433,0.08975729101014036,1.037730271405205,0.622638162843123,0.415092108562082,0.06453349015606569,0.0429920717968156,0.05630124124118059,1.2743104954092905,0.10587601430392583,0.005436848779727508,0.5291129679660735,0.2543156291110064,-0.004227887458710923,0.03236795324272345,2.291198361855072,1.7413574477156248,1.6562628002729725,0.08509464744265237,1.0582259359701656,0.6349355615820997,0.4232903743880659,0.06254354096940479,0.0413062794474723,0.05451598229469509,1.288240199693433,0.10021695598531771,0.005514818792633625
2299,0.5188651356648338,0.2521161824685638,0.0013220809173144776,0.03174105206025831,2.210590947204645,1.677710075521186,1.58795278438431,0.08975729113687594,1.0377302713672254,0.6226381628203352,0.41509210854689016,0.06453349025001191,0.04299207187640247,0.056301241325470805,1.2743104947517676,0.10587601430932443,0.0054368487801199575,0.5291129679472051,0.25431562915684824,-0.004227887358505003,0.03236795314271658,2.291198361032135,1.7413574470407052,1.6562627994728463,0.08509464756785888,1.058225935932147,0.6349355615592887,0.4232903743728585,0.06254354106005022,0.041306279524262884,0.054515982376079596,1.288240199039488,0.10021695599035028,0.0055148187930262335
2300,0.5188651356464894,0.2521161825154031,0.0013220810018856818,0.03174105196954183,2.2105909463919216,1.6777100748561933,1.5879527835941212,0.08975729126207202,1.0377302713296674,0.6226381627978004,0.415092108531867,0.06453349034372832,0.042992071955794645,0.05630124140956345,1.2743104940959915,0.10587601431466749,0.005436848780509202,0.5291129679287199,0.2543156292021294,-0.004227887257588041,0.03236795304257804,2.2911983602195627,1.7413574463744093,1.6562627986829164,0.085094647691493,1.05822593589441,0.6349355615366463,0.4232903743577636,0.06254354115048828,0.04130627960087781,0.05451598245728678,1.2882401983871956,0.10021695599531667,0.005514818793414843
2301,0.5188651356288461,0.2521161825618506,0.0013220810872930921,0.03174105187877181,2.2105909455907353,1.6777100742007283,1.587952782814948,0.08975729138578031,1.0377302712929788,0.6226381627757873,0.4150921085171915,0.06453349043707923,0.0429920720348772,0.056301241493337276,1.2743104934428988,0.10587601432001416,0.005436848780898158,0.5291129679109029,0.25431562924699624,-0.004227887155793877,0.032367952942372734,2.291198359418634,1.74135744571777,1.6562627979041697,0.08509464781360027,1.0582259358574397,0.6349355615144642,0.42329037434297556,0.06254354124057693,0.04130627967719672,0.0545159825381896,1.2882401977375642,0.10021695600027508,0.005514818793802526
2302,0.5188651356121765,0.2521161826080503,0.001322081173607867,0.031741051788010746,2.210590944802316,1.6777100735557526,1.5879527820477009,0.0897572915080517,1.0377302712576923,0.6226381627546154,0.415092108503077,0.06453349052994974,0.04299207211355277,0.056301241576689476,1.2743104927932813,0.10587601432542547,0.005436848781289797,0.5291129678940447,0.2543156292915976,-0.0042278870530523885,0.03236795284216703,2.291198358630712,1.7413574450718534,1.656262797137628,0.08509464793422541,1.0582259358218058,0.6349355614930838,0.42329037432872196,0.06254354133019603,0.04130627975311785,0.05451598261868046,1.2882401970914463,0.10021695600528555,0.005514818794192406
2303,0.5188651355967728,0.25211618265415187,0.0013220812609236604,0.03174105169731949,2.2105909440280036,1.6777100729223244,1.5879527812933918,0.08975729162893255,1.037730271224353,0.6226381627346117,0.4150921084897413,0.06453349062223694,0.04299207219173419,0.05630124165952753,1.2743104921478499,0.10587601433096597,0.005436848781687261,0.5291129678784557,0.25431562933608887,-0.004227886949272695,0.03236795274202545,2.2911983578572666,1.741357444437822,1.6562627963844125,0.08509464805340934,1.0582259357880894,0.634935561472854,0.4232903743152354,0.06254354141923849,0.04130627982855048,0.05451598269866294,1.2882401964496026,0.10021695601041107,0.0055148187945877865
2304,0.5188651355829841,0.2521161827003304,0.0013220813493959246,0.03174105160677191,2.210590943269366,1.6777100723017127,1.587952780553239,0.08975729174847366,1.0377302711935454,0.6226381627161272,0.4150921084774183,0.06453349071384322,0.04299207226933876,0.05630124174176597,1.2743104915072778,0.10587601433671148,0.005436848782094265,0.5291129678645043,0.25431562938065094,-0.0042278868442992695,0.03236795264202618,2.2911983571000083,1.7413574438170576,1.6562627956458609,0.0850946481711967,1.0582259357569117,0.6349355614541474,0.42329037430276434,0.06254354150760295,0.04130627990340874,0.0545159827780482,1.2882401958127523,0.1002169560157257,0.005514818794992548
2305,0.5188651355710794,0.25211618274672326,0.0013220814388881993,0.031741051516422064,2.2105909425278196,1.6777100716949498,1.587952779828239,0.08975729186671078,1.0377302711659682,0.6226381626995808,0.41509210846638733,0.06453349080469736,0.04299207234630616,0.05630124182333776,1.2743104908720566,0.105876014342723,0.005436848782513699,0.5291129678524733,0.25431562942542507,-0.004227886738282283,0.032367952542226214,2.2911983563604643,1.741357443210677,1.6562627949230588,0.08509464828761817,1.0582259357290087,0.6349355614374055,0.42329037429160316,0.06254354159521582,0.041306279977630284,0.054515982856766926,1.2882401951814184,0.10021695602128859,0.005514818795409695
2306,0.5188651355614583,0.2521161827935223,0.0013220815297054142,0.03174105142634823,2.210590941805131,1.6777100711035244,1.5879527791198358,0.08975729198368865,1.0377302711421588,0.6226381626852951,0.4150921084568636,0.06453349089470749,0.04299207242255855,0.056301241904164405,1.2743104902428204,0.10587601434908443,0.005436848782949724,0.5291129678427814,0.25431562947060915,-0.004227886630912253,0.03236795244270797,2.291198355640532,1.7413574426202771,1.656262794217564,0.08509464840271305,1.0582259357049466,0.6349355614229683,0.42329037428197835,0.0625435416819829,0.04130628005113532,0.0545159829347385,1.2882401945562694,0.1002169560271812,0.005514818795843559
2307,0.5188651355544655,0.252116182840895,0.0013220816217532072,0.03174105133661927,2.2105909411031135,1.6777100705288028,1.5879527784293639,0.08975729209943889,1.0377302711229164,0.6226381626737496,0.4150921084491667,0.06453349098380143,0.0429920724980348,0.056301241984179656,1.2743104896200665,0.10587601435587173,0.005436848783405956,0.5291129678357895,0.2543156295163757,-0.004227886522294125,0.032367952343544046,2.2911983549421486,1.7413574420473188,1.6562627935308107,0.08509464851650801,1.0582259356855628,0.6349355614113379,0.4232903742742249,0.06254354176783025,0.0413062801238612,0.05451598301189506,1.2882401939378305,0.1002169560334769,0.005514818796297887
2308,0.5188651355505021,0.25211618288902854,0.0013220817151728195,0.0317410512473122,2.210590940423747,1.6777100699723784,1.5879527777583888,0.08975729221398958,1.0377302711089307,0.6226381626653582,0.41509210844357247,0.06453349107189729,0.042992072572665505,0.05630124206331136,1.2743104890043608,0.10587601436316937,0.0054368487838865115,0.5291129678319142,0.2543156295629162,-0.004227886412294199,0.03236795224481523,2.291198354267416,1.7413574414934936,1.6562627928644686,0.08509464862902491,1.0582259356715786,0.6349355614029474,0.42329037426863125,0.06254354185267484,0.041306280195737594,0.054515983088163335,1.288240193326691,0.10021695604025711,0.005514818796776928
2309,0.5188651355499782,0.252116182938111,0.0013220818100043372,0.03174105115850607,2.210590939769181,1.677710069435938,1.5879527771085786,0.08975729232735928,1.0377302711010041,0.6226381626606023,0.41509210844040184,0.06453349115891241,0.04299207264638066,0.05630124214148575,1.2743104883962733,0.10587601437106427,0.005436848784395576,0.529112967831582,0.25431562961042403,-0.004227886300877962,0.032367952146604526,2.291198353618606,1.741357440960586,1.6562627922203088,0.0850946487402772,1.0582259356638284,0.6349355613982972,0.4232903742655311,0.0625435419364333,0.04130628026669385,0.05451598316346884,1.288240192723443,0.10021695604760535,0.005514818797285004
2310,0.5188651355533521,0.2521161829883469,0.0013220819063750264,0.031741051070286394,2.210590939141821,1.6777100689214055,1.5879527764818473,0.08975729243955825,1.0377302710999563,0.6226381626599736,0.4150921084399827,0.06453349124475477,0.04299207271910232,0.056301242218621345,1.274310487796439,0.10587601437965144,0.00543684878493776,0.5291129678352666,0.2543156296591079,-0.004227886187927472,0.032367952049001475,2.291198352998251,1.7413574404506211,1.6562627916003525,0.08509464885026857,1.058225935663164,0.6349355613978986,0.4232903742652654,0.06254354201901306,0.04130628033665159,0.05451598323772956,1.2882401921287436,0.1002169560556127,0.005514818797826848
2311,0.5188651355611138,0.25211618303995037,0.001322082004375752,0.03174105098274686,2.2105909385443288,1.6777100684308928,1.5879527758803065,0.0897572925505864,1.037730271106704,0.6226381626640223,0.4150921084426818,0.06453349132932394,0.04299207279074538,0.056301242294629364,1.2743104872055502,0.10587601438903249,0.005436848785517945,0.5291129678434752,0.25431562970918686,-0.004227886073357202,0.03236795195210426,2.2911983524091473,1.7413574399658192,1.656262791006827,0.0850946489589922,1.0582259356705332,0.6349355614023202,0.4232903742682131,0.06254354210031379,0.04130628040552579,0.05451598331085675,1.2882401915433048,0.10021695606437656,0.005514818798407481
2312,0.5188651355737202,0.2521161830931136,0.0013220821039712366,0.031741050895970666,2.2105909379793953,1.6777100679664818,1.587952775306059,0.08975729266042295,1.0377302711222274,0.6226381626733363,0.4150921084488911,0.06453349141251866,0.042992072861224084,0.05630124236941734,1.2743104866243073,0.10587601439930182,0.005436848786140614,0.5291129678566748,0.25431562976085537,-0.0042278859572243005,0.03236795185599954,2.2911983518540993,1.741357439508349,1.656262790441929,0.0850946490664202,1.0582259356869503,0.6349355614121703,0.42329037427477995,0.06254354218023477,0.041306280473231115,0.0545159833827582,1.2882401909678425,0.1002169560739864,0.00551481879903145
2313,0.5188651355917794,0.2521161831480899,0.001322082205519881,0.03174105081007176,2.2105909374502746,1.6777100675308578,1.5879527747618107,0.08975729276904702,1.0377302711474403,0.622638162688464,0.41509210845897637,0.06453349149419949,0.04299207293042028,0.05630124244286514,1.2743104860536705,0.10587601441058084,0.005436848786811696,0.5291129678754913,0.25431562981437156,-0.004227885839167098,0.03236795176080644,2.2911983513364986,1.7413574390810127,1.6562627899084887,0.08509464917252396,1.0582259357133497,0.6349355614280099,0.4232903742853397,0.0625435422586371,0.04130628053964993,0.054515983453314334,1.288240190403342,0.10021695608455793,0.005514818799704815
2314,0.5188651356158644,0.2521161832051114,0.0013220823089929307,0.031741050725156324,2.2105909369604433,1.6777100671267209,1.5879527742503081,0.08975729287641275,1.037730271183559,0.6226381627101352,0.41509210847342387,0.0645334915742306,0.042992072998218916,0.056301242514849706,1.2743104854945784,0.10587601442298619,0.005436848787536709,0.5291129679005124,0.2543156298699711,-0.0042278857192308075,0.03236795166663596,2.2911983508599643,1.7413574386866237,1.6562627894093747,0.08509464927724901,1.0582259357509827,0.6349355614505897,0.42329037430039296,0.06254354233538596,0.04130628060466799,0.05451598352240286,1.2882401898507614,0.10021695609620199,0.005514818800433208
2315,0.5188651356466975,0.2521161832644684,0.001322082414755385,0.03174105064135946,2.210590936513956,1.6777100667573885,1.5879527737749188,0.08975729298246966,1.0377302712317291,0.6226381627390372,0.41509210849269196,0.06453349165243978,0.0429920730644741,0.05630124258522128,1.2743104849482187,0.10587601443666109,0.005436848788322595,0.529112967932478,0.2543156299279488,-0.004227885597058514,0.032367951573629344,2.2911983504287114,1.7413574383286317,1.6562627889480965,0.08509464938053506,1.0582259358010249,0.634935561480615,0.42329037432040983,0.06254354241031033,0.04130628066814043,0.054515983589874986,1.2882401893113142,0.10021695610905451,0.0055148188012236815
2316,0.5188651356849392,0.25211618332641844,0.0013220825227337404,0.031741050558803656,2.2105909361149956,1.677710066426099,1.5879527733389591,0.08975729308714003,1.0377302712933947,0.6226381627760366,0.4150921085173581,0.06453349172866252,0.042992073129046446,0.05630124265383023,1.274310484415727,0.10587601445173857,0.00543684878917561,0.5291129679720624,0.25431562998856516,-0.004227885472745087,0.0323679514819145,2.291198350047071,1.741357438010392,1.6562627885280974,0.08509464948229453,1.0582259358649557,0.6349355615189736,0.42329037434598216,0.06254354248324762,0.0413062807299295,0.05451598365558271,1.2882401887861559,0.1002169561232414,0.005514818802082582
2317,0.5188651357314229,0.25211618339128483,0.001322082633360068,0.031741050477642245,2.210590935768392,1.6777100661368043,1.5879527729464653,0.08975729319033893,1.0377302713698782,0.6226381628219266,0.41509210854795153,0.06453349180268776,0.04299207319175719,0.056301242720492306,1.2743104838985588,0.10587601446838156,0.005436848790103634,0.5291129680201153,0.25431563005214686,-0.004227885345870111,0.03236795139165152,2.291198349720042,1.7413574377359975,1.656262788153567,0.08509464958243054,1.0582259359441246,0.6349355615664749,0.4232903743776497,0.06254354255398895,0.04130628078985827,0.05451598371934356,1.288240188276768,0.1002169561389165,0.0055148188030178895
2318,0.5188651357870082,0.25211618345939707,0.0013220827467611967,0.031741050398036035,2.2105909354794613,1.6777100658937136,1.5879527726017542,0.08975729329195953,1.0377302714628458,0.6226381628777071,0.4150921085851386,0.06453349187429475,0.042992073252419286,0.05630124278501066,1.2743104833982386,0.10587601448676012,0.005436848791114756,0.5291129680775136,0.2543156301190273,-0.004227885216321926,0.032367951303008576,2.2911983494531176,1.7413574375098035,1.656262787828979,0.08509464968082442,1.0582259360402306,0.6349355616241386,0.4232903744160921,0.06254354262231603,0.04130628084774178,0.05451598378096286,1.2882401877847012,0.10021695615624052,0.005514818804037797
2319,0.5188651358526818,0.2521161835311294,0.00132208286329253,0.031741050320163444,2.2105909352541837,1.6777100657016502,1.5879527723097742,0.08975729339187598,1.0377302715740164,0.6226381629444095,0.4150921086296069,0.06453349194323055,0.042992073310818515,0.05630124284716137,1.274310482916511,0.10587601450706688,0.005436848792218221,0.5291129681452619,0.2543156301895841,-0.0042278850837637535,0.0323679512161722,2.2911983492524763,1.741357437336796,1.65626278755946,0.08509464977733583,1.058225936155027,0.6349355616930163,0.4232903744620107,0.06254354268797885,0.04130628090336827,0.05451598384021906,1.2882401873117306,0.10021695617539517,0.005514818805151649
2320,0.5188651359296017,0.25211618360692634,0.0013220829834026324,0.031741050244241294,2.210590935099464,1.6777100655662003,1.587952772076246,0.08975729348995429,1.0377302717053634,0.6226381630232177,0.41509210868214563,0.06453349200920577,0.042992073366709654,0.056301242906691,1.2743104824553728,0.1058760145295286,0.005436848793424931,0.529112968224541,0.25431563026426696,-0.004227884947762585,0.03236795113136937,2.2911983491252506,1.7413574372227518,1.6562627873509363,0.08509464987181543,1.0582259362905235,0.6349355617743142,0.42329037451620927,0.06254354275069106,0.041306280956495134,0.05451598389686143,1.288240186859889,0.10021695619659472,0.005514818806370486
2321,0.5188651360188871,0.2521161836872043,0.0013220831071100447,0.03174105017047148,2.210590935022536,1.6777100654930353,1.5879527719070146,0.08975729358602072,1.0377302718592032,0.6226381631155216,0.41509210874368163,0.0645334920719332,0.04299207341984939,0.056301242963339576,1.2743104820168059,0.10587601455436545,0.005436848794745274,0.5291129683164897,0.2543156303434961,-0.0042278848083301054,0.0323679510488121,2.291198349078904,1.7413574371735276,1.6562627872094549,0.08509464996407279,1.0582259364490818,0.6349355618694492,0.4232903745796326,0.06254354281016873,0.041306281006881856,0.05451598395063283,1.288240186431193,0.1002169562200467,0.005514818807704814
2322,0.5188651361220769,0.2521161837725531,0.0013220832354156747,0.03174105009913482,2.210590935032236,1.6777100654894792,1.5879527718095718,0.08975729367990742,1.0377302720377741,0.6226381632226641,0.41509210881511005,0.0645334921310329,0.04299207346991592,0.05630124301677909,1.274310481603432,0.10587601458187444,0.00543684879619374,0.5291129684226739,0.25431563042786665,-0.0042278846644813114,0.03236795096879419,2.2911983491225576,1.7413574371966893,1.65626278714277,0.08509465005391928,1.0582259366329791,0.6349355619797876,0.4232903746531916,0.06254354286603617,0.04130628105421015,0.05451598400120872,1.288240186028309,0.10021695624603116,0.005514818809169262
2323,0.5188651362407839,0.2521161838635903,0.0013220833685920405,0.031741050030527074,2.210590935138519,1.6777100655634394,1.587952771792027,0.08975729377141228,1.0377302722441537,0.6226381633464919,0.41509210889766185,0.06453349218612056,0.04299207351658362,0.05630124306666723,1.2743104812179036,0.10587601461237303,0.00543684879778549,0.5291129685447393,0.25431563051800393,-0.004227884515967506,0.03236795089162661,2.2911983492664967,1.7413574373004186,1.6562627871592879,0.08509465014113071,1.0582259368453477,0.6349355621072088,0.42329037473813896,0.06254354291791225,0.04130628109815714,0.05451598404824968,1.288240185653944,0.10021695627484824,0.005514818810779208
2324,0.5188651363769776,0.2521161839610761,0.0013220835075191256,0.031741049965003584,2.210590935352975,1.677710065724354,1.5879527718640345,0.08975729386031941,1.0377302724815678,0.6226381634889404,0.41509210899262744,0.06453349223674593,0.04299207355947107,0.05630124311260978,1.2743104808633268,0.10587601464624512,0.005436848799539111,0.5291129686846936,0.25431563061467655,-0.00422788436193932,0.03236795081768261,2.291198349522703,1.7413574374944798,1.6562627872690157,0.0850946502254641,1.0582259370894784,0.6349355622536872,0.4232903748357913,0.06254354296535071,0.0413062811383448,0.054515984091364815,1.288240185311266,0.10021695630686062,0.005514818812553467
2325,0.5188651365329315,0.2521161840658966,0.0013220836529731564,0.03174104990297366,2.2105909356890687,1.6777100659830881,1.587952772036696,0.08975729394639212,1.037730272753955,0.6226381636523728,0.4150921091015823,0.06453349228241329,0.042992073598158334,0.056301243154170816,1.2743104805431225,0.10587601468393655,0.005436848801476148,0.5291129688448581,0.25431563071878166,-0.004227884201649705,0.03236795074739286,2.2911983499051076,1.741357437790127,1.6562627874834752,0.08509465030665178,1.0582259373693872,0.6349355624216324,0.4232903749477548,0.0625435430078592,0.04130628117435602,0.05451598413012114,1.288240185003771,0.10021695634249024,0.005514818814513889
2326,0.5188651367113705,0.25211618417912335,0.0013220838060454682,0.03174104984492332,2.2105909361626495,1.6777100663525069,1.587952772323132,0.08975729402937482,1.037730273065863,0.6226381638395175,0.41509210922634554,0.06453349232255948,0.04299207363216832,0.056301243190857615,1.274310480261177,0.10587601472598182,0.005436848803622512,0.5291129690280161,0.2543156308314049,-0.00422788403404184,0.032367950681269166,2.291198350430126,1.741357438200697,1.656262787816296,0.085094650384401,1.0582259376897163,0.6349355626138298,0.42329037507588646,0.06254354304487769,0.04130628120571636,0.05451598416402854,1.288240184735435,0.10021695638224305,0.0055148188166867776
2327,0.5188651369155397,0.25211618430204685,0.0013220839679800797,0.031741049791427334,2.210590936792444,1.6777100668477938,1.5879527727387996,0.08975729410899409,1.037730273422741,0.6226381640536442,0.4150921093690967,0.0645334923565532,0.04299207366096622,0.05630124322211822,1.2743104800218463,0.10587601477301943,0.005436848806009231,0.5291129692374883,0.2543156309538554,-0.004227883857905401,0.03236795061991754,2.291198351117184,1.7413574387419584,1.6562627882835645,0.08509465045839386,1.058225938056032,0.6349355628336192,0.42329037522241275,0.06254354307577716,0.04130628123189295,0.054515984192537004,1.288240184510725,0.10021695642672454,0.0055148188191036646
2328,0.5188651371493741,0.25211618443625156,0.001322084140373589,0.03174104974317608,2.2105909376007866,1.677710067487107,1.5879527733021392,0.08975729418496786,1.0377302738310794,0.6226381642986474,0.4150921095324321,0.06453349238368408,0.042992073683950235,0.05630124324733412,1.2743104798300326,0.10587601482582552,0.005436848808674113,0.5291129694773035,0.2543156310877409,-0.004227883671688942,0.03236795056406648,2.2911983519894767,1.741357439432785,1.6562627889044907,0.08509465052829429,1.0582259384749766,0.634935563084986,0.4232903753899906,0.06254354309984847,0.04130628125228506,0.054515984215029026,1.2882401843346751,0.10021695647667139,0.005514818821803014
2329,0.5188651374176416,0.2521161845836767,0.0013220843251230754,0.03174104970099948,2.2105909386144886,1.677710068292239,1.58795277403524,0.08975729425699908,1.0377302742987482,0.6226381645792487,0.41509210971949956,0.06453349240314724,0.04299207370043851,0.05630124326580585,1.2743104796912894,0.10587601488534332,0.0054368488116631865,0.529112969752351,0.25431563123503204,-0.004227883473536809,0.03236795051459261,2.2911983530748863,1.7413574402958625,1.656262789702122,0.08509465059374038,1.058225938954607,0.6349355633727642,0.4232903755818427,0.06254354311628643,0.04130628126621051,0.054515984230804795,1.2882401842130036,0.10021695653298007,0.0055148188248317145
2330,0.5188651377261803,0.252116184746723,0.0013220845246162197,0.0317410496659024,2.210590939865928,1.6777100692895472,1.5879527749647584,0.08975729432478892,1.0377302748352832,0.6226381649011696,0.4150921099341136,0.0645334924140323,0.04299207370965984,0.05630124327674503,1.2743104796118994,0.10587601495273062,0.005436848815033073,0.5291129700686222,0.25431563139816965,-0.0042278832611155545,0.032367950472558034,2.2911983544071357,1.7413574413586672,1.6562627907043144,0.0850946506543528,1.058225939504702,0.6349355637028213,0.42329037580188067,0.06254354312417804,0.041306281272895914,0.054515984239073556,1.2882401841521922,0.1002169565967519,0.005514818828247503
2331,0.5188651380822125,0.25211618492839294,0.0013220847418853598,0.031741049639117475,2.2105909413946168,1.6777100705112475,1.5879527761232008,0.08975729438804679,1.0377302754523605,0.6226381652714159,0.41509211018094455,0.06453349241529821,0.04299207371073226,0.056301243279254516,1.274310479599047,0.10587601502942348,0.005436848818854169,0.5291129704335403,0.25431563158020914,-0.004227883031442732,0.03236795043926672,2.2911983560274423,1.7413574426548366,1.6562627919450954,0.08509465070974115,1.0582259401372445,0.6349355640823469,0.42329037605489767,0.06254354312247637,0.04130628127145435,0.054515984238933037,1.2882401841596751,0.10021695666935497,0.00551481883212225
2332,0.5188651384946757,0.25211618513244777,0.0013220849806150348,0.031741049622152975,2.2105909432488287,1.677710071996694,1.587952777550174,0.08975729444652002,1.037730276164425,0.6226381656986546,0.41509211046577027,0.06453349240578583,0.04299207370267381,0.05630124327233897,1.27431047966073,0.10587601511720576,0.005436848823214056,0.5291129708562983,0.25431563178498057,-0.00422788278090111,0.03236795041631503,2.2911983579862216,1.7413574442255033,1.656262793465973,0.08509465075953038,1.0582259408670807,0.6349355645202486,0.42329037634683214,0.0625435431100132,0.04130628126089614,0.05451598422937987,1.2882401842437472,0.10021695675248997,0.005514818836545457
2333,0.5188651389747647,0.2521161853636479,0.0013220852455793908,0.03174104961687889,2.210590945488153,1.6777100737945576,1.5879527792945423,0.08975729450001531,1.0377302769893515,0.6226381661936107,0.4150921107957409,0.06453349238417347,0.042992073684364834,0.05630124325487109,1.2743104798060698,0.10587601521831735,0.005436848828222958,0.5291129713484216,0.2543156320173339,-0.004227882504785965,0.03236795040568313,2.2911983603457964,1.7413574461216113,1.6562627953182383,0.08509465080337292,1.0582259417125965,0.634935565027558,0.42329037668503855,0.06254354308545239,0.04130628124008936,0.054515984209274115,1.2882401844138962,0.10021695684829442,0.0055148188416298495
2334,0.5188651395365732,0.25211618562805876,0.0013220855428065226,0.03174104962562596,2.2105909481865273,1.6777100759652719,1.58795278141681,0.08975729454846203,1.0377302779495294,0.6226381667697174,0.41509211117981204,0.06453349234898384,0.04299207365455381,0.056301243225599824,1.2743104800452607,0.10587601533558813,0.005436848834020387,0.5291129719244342,0.25431563228345266,-0.004227882197147002,0.032367950409840175,2.2911983631835886,1.7413574484064882,1.6562627975654824,0.08509465084100572,1.0582259426968434,0.6349355656181062,0.42329037707873735,0.0625435430472958,0.041306281207764875,0.054515984177346696,1.2882401846807596,0.10021695695947133,0.005514818847518246
2335,0.5188651401979947,0.2521161859334754,0.0013220858800644317,0.03174104965132408,2.210590951436324,1.6777100785844352,1.5879527839924361,0.08975729459199905,1.0377302790731464,0.6226381674438877,0.4150921116292588,0.06453349229858002,0.042992073611854045,0.056301243183153216,1.2743104803895988,0.10587601547262349,0.005436848840784459,0.529112972602789,0.25431563259128653,-0.0042278818503044685,0.032367950431890787,2.291198366596438,1.741357451159442,1.6562628002871171,0.08509465087232496,1.0582259438488684,0.634935566309321,0.4232903775395473,0.06254354299387749,0.04130628116251137,0.05451598413220046,1.288240185056167,0.10021695708946708,0.005514818854393111
2336,0.5188651409818729,0.2521161862899643,0.0013220862673223796,0.03174104969767711,2.2105909553537213,1.677710081747208,1.587952787116128,0.08975729463107987,1.0377302803959891,0.6226381682375932,0.41509211215839587,0.06453349223115869,0.042992073554737824,0.05630124312603807,1.2743104808515293,0.10587601563404231,0.005436848848743761,0.5291129734070583,0.2543156329511048,-0.004227881454394004,0.03236795047576049,2.291198370706271,1.741357454480401,1.6562628035829243,0.08509465089747657,1.0582259452055778,0.6349355671233468,0.4232903780822311,0.06254354292335411,0.04130628110276724,0.05451598407230771,1.288240185553208,0.10021695724269948,0.0055148188624887596
2337,0.5188651419177539,0.2521161867107365,0.0013220867178327933,0.03174104976943243,2.2105909600858613,1.67771008557437,1.587952790907614,0.08975729466675593,1.0377302819637457,0.6226381691782472,0.4150921127854985,0.06453349214483742,0.04299207348161046,0.05630124305273342,1.2743104814440418,0.10587601582584327,0.005436848858195945,0.5291129743677425,0.2543156333763844,-0.0042278809962824765,0.032367950546480076,2.291198375667662,1.74135745849631,1.6562628075791919,0.08509465091711818,1.0582259468141169,0.6349355680884702,0.4232903787256467,0.06254354283378849,0.04130628102689142,0.05451598399610041,1.2882401861856372,0.10021695742490831,0.005514818872110383
2338,0.5188651430439789,0.25211618721314544,0.0013220872487127167,0.03174104987269567,2.2105909658206615,1.6777100902202462,1.587952795519357,0.08975729470088911,1.0377302838355078,0.6226381703013044,0.41509211353420333,0.06453349203767732,0.04299207339082941,0.05630124296171812,1.2743104821805176,0.1058760160558422,0.005436848869529447,0.5291129755244347,0.25431563388482914,-0.004227880458997198,0.032367950650519395,2.29119838167817,1.7413574633694864,1.656262812436879,0.08509465093260743,1.0582259487354848,0.634935569241291,0.42329037949419385,0.062543542723169,0.04130628093317973,0.05451598390199511,1.2882401869677407,0.10021695764357476,0.005514818883656419
2339,0.5188651444109692,0.2521161878203284,0.0013220878831105912,0.03174105001542906,2.210590972800043,1.677710095883967,1.5879528011472686,0.08975729473669852,1.0377302860879578,0.6226381716527745,0.4150921144351833,0.06453349190785823,0.042992073280852715,0.05630124285165734,1.2743104830735172,0.105876016334358,0.005436848883258391,0.5291129769292073,0.2543156345000372,-0.0042278798195683545,0.03236795079631273,2.291198388992305,1.7413574693094929,1.6562628183629837,0.08509465094650913,1.058225951048869,0.6349355706293214,0.42329038041954753,0.06254354258957985,0.041306280820009214,0.05451598378857553,1.2882401879131211,0.10021695790857721,0.005514818897654264
2340,0.5188651460855269,0.2521161885633413,0.001322088651902066,0.03174105020810507,2.210590981338422,1.677710102824669,1.587952808045259,0.08975729477941002,1.0377302888219384,0.622638173293163,0.4150921155287755,0.06453349175391622,0.042992073150440215,0.0563012427216405,1.274310484133145,0.10587601667511998,0.005436848900068117,0.5291129786510448,0.25431563525367085,-0.004227879047358295,0.03236795099494881,2.291198397941003,1.7413574765891473,1.656262825625954,0.0850946509631933,1.0582259538584147,0.6349355723150489,0.4232903815433658,0.06254354243143143,0.041306280686033245,0.054515983654824476,1.2882401890330681,0.10021695823305765,0.00551481891480688
2341,0.5188651481571673,0.2521161894843447,0.0013220895972122018,0.03174105046467327,2.2105909918484152,1.6777101113831259,1.587952816545783,0.08975729483734285,1.0377302921710538,0.6226381753026322,0.4150921168684217,0.0645334915751947,0.04299207299903565,0.05630124257163588,1.274310485363932,0.10587601709659927,0.005436848920882677,0.5291129807823539,0.25431563618868486,-0.00422787810057889,0.03236795126118992,2.291198408958686,1.7413574855672755,1.6562628345774324,0.08509465098984326,1.0582259573020896,0.6349355743812538,0.42329038292083576,0.06254354224790455,0.041306280530557814,0.05451598350057349,1.288240190333399,0.10021695863469159,0.0055148189360617345
2342,0.518865150747029,0.2521161906411096,0.0013220907766718845,0.031741050803939866,2.210591004877253,1.6777101220121222,1.587952827088652,0.0897572949234702,1.0377302963143347,0.6226381777886008,0.41509211852573397,0.06453349137259572,0.042992072827403235,0.056301242403230714,1.274310486759655,0.10587601762389305,0.005436848946960032,0.5291129834481137,0.2543156373638844,-0.004227876922116042,0.03236795161492583,2.291198422621562,1.7413574967206382,1.656262845682737,0.0850946510379011,1.0582259615647078,0.6349355769388247,0.4232903846258831,0.06254354203969319,0.04130628035417082,0.054515983327236284,1.2882401918091884,0.10021695913748102,0.005514818962707875
2343,0.5188651540208598,0.2521161921136254,0.0013220922700370452,0.03174105125161657,2.2105910211588156,1.6777101353201804,1.587952840262381,0.08975729505779935,1.0377303014940578,0.6226381808964345,0.41509212059762324,0.0645334911498902,0.042992072638737465,0.05630124222091329,1.274310488294295,0.10587601829147213,0.005436848980031241,0.5291129868191724,0.2543156388605851,-0.004227875433073958,0.03236795208333333,2.291198439702298,1.7413575106898254,1.6562628595645617,0.08509465112526376,1.0582259668962275,0.6349355801377365,0.423290386758491,0.0625435418103061,0.04130628015984476,0.05451598313908608,1.2882401934355239,0.10021695977436232,0.005514818996517405
2344,0.5188651582083502,0.25211619401404156,0.0013220941889805146,0.03174105184349229,2.210591041689426,1.6777101521355466,1.5879528568643946,0.08975729527115214,1.0377303080417193,0.6226381848250314,0.41509212321668787,0.06453349091622733,0.042992072440789154,0.056301242034503374,1.2743104899047153,0.10587601914728602,0.005436849022508741,0.5291129911319539,0.25431564079257735,-0.004227873523370916,0.03236795270421895,2.291198461249542,1.7413575283462857,1.6562628770665353,0.0850946512797503,1.0582259736383446,0.6349355841830068,0.4232903894553378,0.06254354156857095,0.041306279955058,0.05451598294568518,1.2882401951497249,0.10021696059108334,0.0055148190399561745
2345,0.5188651636322993,0.2521161965017346,0.0013220966901301215,0.03174105263073658,2.210591067841342,1.677710173602311,1.5879528779913217,0.08975729561098944,1.0377303164167004,0.6226381898500202,0.41509212656668026,0.06453349069158702,0.04299207225048435,0.05630124186438361,1.2743104914530416,0.10587602025896976,0.005436849077801304,0.5291129967179532,0.25431564332106044,-0.004227871039746818,0.03236795353161512,2.2911984887068138,1.7413575508927694,1.6562628993484692,0.0850946515443004,1.0582259822639075,0.6349355893583446,0.4232903929055629,0.06254354133410922,0.041306279756432925,0.05451598276714638,1.288240196812469,0.10021696165201384,0.005514819096499319
