Year,GDP ($Y_t$): Baseline,Labor ($L_t$): Baseline,Government Expenditures ($G_t$): Baseline,Lump sum transfers ($TR_t$): Baseline,Wealth ($B_t$): Baseline,Capital Stock ($K_t$): Baseline,Domestically-owned Capital Stock ($K^d_t$): Baseline,Foreign-owned Capital Stock ($K^f_t$): Baseline,Government Debt ($D_t$): Baseline,Domestically-owned Gov Debt ($D^d_t$): Baseline,Foreign-owned Gov Debt ($D^f_t$): Baseline,Real interest rate ($r_t$): Baseline,"Real interest rate on gov debt ($r_{gov,t}$): Baseline","Real interest rate on HH portfolio ($r_{p,t}$): Baseline",Wage rate: Baseline,Total tax revenue ($REV_t$): Baseline,Business tax revenue: Baseline,GDP ($Y_t$): Reform,Labor ($L_t$): Reform,Government Expenditures ($G_t$): Reform,Lump sum transfers ($TR_t$): Reform,Wealth ($B_t$): Reform,Capital Stock ($K_t$): Reform,Domestically-owned Capital Stock ($K^d_t$): Reform,Foreign-owned Capital Stock ($K^f_t$): Reform,Government Debt ($D_t$): Reform,Domestically-owned Gov Debt ($D^d_t$): Reform,Foreign-owned Gov Debt ($D^f_t$): Reform,Real interest rate ($r_t$): Reform,"Real interest rate on gov debt ($r_{gov,t}$): Reform","Real interest rate on HH portfolio ($r_{p,t}$): Reform",Wage rate: Reform,Total tax revenue ($REV_t$): Reform,Business tax revenue: Reform
2026,0.9082634139849587,0.40706871780115494,0.010200812813842454,0.055562064149079236,3.7830061057986204,3.3491115082807297,3.27532958570152,0.07378192257921,0.8461275334951673,0.5076765200971004,0.33845101339806694,0.050551853848552014,0.031147480147690493,0.04663822637877316,1.381546563185849,0.17004340603647328,0.009119671031692327,0.9143575120967238,0.41118270252162675,0.010269256343715094,0.05593486208890942,3.7830061057986204,3.3531673426323954,3.27532958570152,0.07783775693087569,0.8461275334951673,0.5076765200971004,0.33845101339806694,0.05109879023627818,0.03161081920387683,0.04717209700917285,1.376900710094799,0.1648837972948133,0.009198611145024372
2027,0.9059881332717522,0.40818289456037904,0.010175258869582458,0.05542287919072438,3.7191255539963057,3.3123711458067064,3.2332864850761527,0.07908466073055365,0.813533648507799,0.48583906892015316,0.3276945795876458,0.05140422419344805,0.03186956863912778,0.04755243252194348,1.3743240466730131,0.16979607776485997,0.009124152516812289,0.9121215414336941,0.412116227741336,0.010244143895234165,0.05579808203182034,3.7271819575189675,3.3194154353667003,3.2368048776024754,0.08261055776422488,0.8192061622532227,0.4903770799164922,0.3288290823367305,0.05186960301333391,0.03226381591909298,0.047988790722213334,1.370422316637201,0.1646478670880444,0.009200746479845593
2028,0.9040342160907199,0.4089789998129136,0.01015331419680299,0.05530334273045037,3.6650343531696,3.2832268336065704,3.200031857675325,0.08319497593124557,0.7823635058326615,0.4650024954942749,0.31736101033838654,0.052077267837576095,0.03243973989458032,0.04829830567817417,1.3686906403455774,0.16954568596594924,0.00912568112209213,0.9101665959513439,0.4127492950431381,0.010222187673482123,0.055678483932327175,3.6803203882058226,3.292537919809094,3.206247505850247,0.08629041395884723,0.7937014894092876,0.4740728823555759,0.31962860705371177,0.052475277126263584,0.03277691484273203,0.0486491058739634,1.3653876788057788,0.16440952026641223,0.009200076139907625
2029,0.9023109054772611,0.4094968666175804,0.010133959493401613,0.055197919127632125,3.6187457272574024,3.260102625612345,3.173771018949804,0.08633160666254103,0.7523338653167326,0.4449747083075986,0.307359157009134,0.05260035898584925,0.032882878373532015,0.048903315195659505,1.3643539873298745,0.16927800870823306,0.009124542049626747,0.9083942727823735,0.41311879190989514,0.010202282504327526,0.05557006263437907,3.6404534795273156,3.2709660274990235,3.181873987615873,0.08909203988315051,0.7693398448215376,0.4585794919114426,0.310760352910095,0.052945767342959374,0.033175492260217515,0.04918117841413113,1.3615101011546895,0.16415383873133074,0.009196774463246762
2030,0.9007996375291334,0.40981922050869596,0.01011698626601731,0.05510546880959802,3.5784737344594766,3.2416334732385295,3.1528966302211665,0.08873684301736284,0.7232138619085579,0.42557710423831024,0.2976367576702476,0.05300822875978376,0.03322840666593074,0.049400255340968646,1.3609974991983775,0.16901031700985947,0.009121798696641467,0.9067938352016107,0.41330630993371126,0.010184307802352058,0.05547215765551819,3.605933939867426,3.2534530689372914,3.1622097364436685,0.09124333249362271,0.7458977358903666,0.4437242034237572,0.3021735324666094,0.053314078931543885,0.033487508698814165,0.049616323376696844,1.3584947373914542,0.16389623081889987,0.009191897171138757
2031,0.8996469185691613,0.41004211732074874,0.01010403994432628,0.0550349531315647,3.5442241475650915,3.2278967486875176,3.137389440487552,0.09050730819996558,0.6950945008461692,0.4068347070775396,0.2882597937686296,0.05331134956662494,0.03348519650786489,0.049798451327801516,1.3585170244654199,0.16877464853918103,0.009119368244701073,0.9055158806617997,0.4134069310981627,0.010169954945191361,0.055393980921794754,3.5768566869587035,3.240143798438099,3.1473114371068034,0.09283236133129548,0.7234826793141198,0.4295452498519,0.2939374294622198,0.05358965484477243,0.03372096378867177,0.049963006678181224,1.3562500362731211,0.1636677585676456,0.009187352114369144
2032,0.8990234138246285,0.4102618240627599,0.01009703728949114,0.0549968121318983,3.5163279017982982,3.219220389899165,3.127508373800254,0.09171201609891075,0.6681149110244888,0.3888195279980441,0.27929538302644474,0.05351606565027081,0.03365862244753766,0.0501031700590039,1.3568485091831382,0.16860477515177516,0.009119254795766255,0.9047349068339607,0.4135160636563295,0.010161183736632667,0.05534620695513629,3.553633578469782,3.231423553607071,3.1375027317491972,0.09392082185787332,0.7022540594276645,0.41613084672058454,0.28612321270707997,0.05377784429961472,0.03388038913748309,0.050225674622991184,1.354722726200439,0.16350087475929215,0.009185140169536149
2033,0.8989372481763998,0.41051851205405576,0.010096069553000788,0.05499154265840773,3.4940927080817734,3.2151387821456185,3.1226920765665587,0.09244670557905993,0.6421076406882862,0.37140063151521474,0.27070700917307144,0.05363640890474164,0.033760571652593704,0.05032771728091696,1.355870173292344,0.1685082364798416,0.009122017614239116,0.9044613094362579,0.4136725947628891,0.010158110932204626,0.05532947145680757,3.5356354150866993,3.2268717496664854,3.1322737067374296,0.09459804292905588,0.6820589867308551,0.4033617083492697,0.27869727838158537,0.05389173297995131,0.03397687032769396,0.05041683655954583,1.3538006180455362,0.16340265744006027,0.009185808068756126
2034,0.8992972155537332,0.41081735133746994,0.010100112388789096,0.05501356517972472,3.4762185485366373,3.2147147948253387,3.1218936292677655,0.09282116555757332,0.6167209476867619,0.35432491926887194,0.26239602841788995,0.0536910644461726,0.033806873283917335,0.05049043515880902,1.3554264599524166,0.16847490890279138,0.00912732005012358,0.9046051670326074,0.41388025805311723,0.010159726613723462,0.055338273418075255,3.52160771252219,3.2255864346518863,3.130618103376468,0.09496833127541818,0.662551810032825,0.3909896091457223,0.27156220088710276,0.05394911999844894,0.03402548593928014,0.050554061993304006,1.3533366037371684,0.16336313312258466,0.009189002717932201
2035,0.8999583044211477,0.4111197987335916,0.010107537155311644,0.05505400847674381,3.4615466023250847,3.2170722635181406,3.1241817363026847,0.09289052721545596,0.591633312787761,0.3373648660223999,0.2542684467653611,0.05369124210340922,0.03380702378686098,0.050602483929601386,1.3554250184355905,0.16848037676015234,0.00913403520052617,0.9050220383928381,0.4140988311767925,0.01016440854481051,0.05536377692431157,3.5104261454746473,3.226720070609409,3.131638272623323,0.09508179798608542,0.6434120713239166,0.3787878728513242,0.26462419847259244,0.053960375906032865,0.03403502142039548,0.05064776929558913,1.353245640670902,0.16335848444447557,0.009193577374329347
2036,0.9008357862624894,0.4114062765880176,0.010117392256676787,0.0551076894410556,3.4494126715659226,3.221664727662803,3.128970664745615,0.09269406291718807,0.566726399168222,0.32044200682030755,0.2462843923479144,0.053644818757693835,0.03376769608866521,0.05067128972579057,1.3558018747384322,0.1685111449410256,0.009141537911081788,0.9056277808639548,0.4143073078385874,0.010171211709471899,0.05540083453779589,3.501455678159463,3.229750144345448,3.1347766546800506,0.0949734896653975,0.6245226699921029,0.3666790234794121,0.2578436465126908,0.05393261448205656,0.034011503233871004,0.050704717918854475,1.3534700192777596,0.1633754805551366,0.009198891765620163
2037,0.9018755683007785,0.41167455751096566,0.0101290701705688,0.05517129912315828,3.439296863452858,3.228015349842695,3.1357330351403703,0.09228231470232459,0.5419909034332994,0.3035638283124876,0.23842707512081177,0.05356109024751755,0.03369676519112106,0.050705317620855034,1.3564822637177223,0.16856071211110732,0.009149552411901867,0.9063686669473023,0.414502191295274,0.010179532687875565,0.05544615941323243,3.4941981470151764,3.234219155443692,3.139528746103466,0.09469040934022632,0.605872869182328,0.3546694009117103,0.2512034682706177,0.05387445012472293,0.03396222909699616,0.05073278593439348,1.3539404433680615,0.16340765574040678,0.009204656448952162
2038,0.903076838324907,0.4119383415139941,0.010142561774949573,0.05524478772109352,3.431033419208776,3.2359461373097504,3.144256070695126,0.09169006661462425,0.5174825226852499,0.28677734851364967,0.2307051741716002,0.05344595733272722,0.03359922994338099,0.050709704945969825,1.3574193147798013,0.1686320985675402,0.009158239228328334,0.9072439540605763,0.4146959459102512,0.010189363139992648,0.05549970635829669,3.488508238170997,3.2399644094649087,3.145700121758798,0.09426428770611064,0.5875209825584372,0.3428081164121994,0.24471286614623783,0.05379116508800403,0.03389167388952824,0.05073658243619951,1.3546147877883286,0.16345771560820657,0.009211018150107969
2039,0.9046023239045797,0.41227874257187946,0.010159694682219484,0.05533810993812577,3.425073003163677,3.2459574488538454,3.155006872904612,0.09095057594923349,0.49319976272891725,0.27006613025906506,0.22313363246985218,0.05330245306303778,0.033477659804021564,0.05068753937421446,1.35858965939834,0.16875511029618456,0.00916932835281781,0.9084168253225677,0.41496889338643056,0.010202535794548684,0.05557145763729985,3.4848622067492707,3.247498846659373,3.1537727304003953,0.0937261162589776,0.5694789453411806,0.3310894763488756,0.238389468992305,0.053685219045989226,0.03380192133289564,0.05071870503137319,1.355473890322355,0.1635542782391681,0.009219700927537905
2040,0.9065756398666016,0.4127543527907016,0.01018185722498099,0.05545882772800494,3.4216322472286875,3.258470077522113,3.168388807467722,0.09008127005439132,0.4689229161726056,0.25324343976096564,0.21567947641164,0.053131851208458696,0.03333313385172034,0.05064108650552414,1.359984450660729,0.168952253080148,0.00918409473182871,0.9100103674828697,0.41537854508769695,0.010220433053249094,0.055668943057923345,3.4834973109210448,3.257249704356105,3.1641582818915985,0.09309142246450611,0.5515424027582063,0.319339029029446,0.2322033737287603,0.053557363842273886,0.03369360835400561,0.050680940358669324,1.3565125589054645,0.16371878602259696,0.009231966336729725
2041,0.9090200843772301,0.41336854766825265,0.010209311067668921,0.05560836642554173,3.420743986427079,3.273667968224424,3.184602560077877,0.08906540814654718,0.44444337396251477,0.23614142634920215,0.2083019476133126,0.052931737306063334,0.0331636066658421,0.05056876396739313,1.3616253253415922,0.16922629294449737,0.009202677800457764,0.9120460112598792,0.41592665306675064,0.010243295607003,0.0557934736170662,3.4844570694180783,3.2694005548536076,3.1770588262443247,0.09234172860928287,0.5335143949932043,0.30739824317375364,0.2261161518194507,0.0534047105656367,0.033564287601705906,0.050621281526879766,1.357755423198039,0.1639534072089633,0.009247928783890982
2042,0.9118914216827269,0.4140944308831537,0.010241559393350417,0.0557840198812603,3.4222973564180155,3.291488621938332,3.2036081497625157,0.08788047217581661,0.4196562026646491,0.21868920665549957,0.20096699600914952,0.052700006580738964,0.03296729517885629,0.05046863723247548,1.3635319588993071,0.16956803025953787,0.009224536414692713,0.9144765412236437,0.41658422351782454,0.010270593173784886,0.05594216088893146,3.4876276927503134,3.2838835669917104,3.1924307554850477,0.09145281150666283,0.5152908659268571,0.29519693726526586,0.22009392866159128,0.05322470170292758,0.033411792469868806,0.05053743342907536,1.3592248584594242,0.1642485525729629,0.009267011755755436
2043,0.9152816856650138,0.4149701617562001,0.010279635845335956,0.05599141819184833,3.426654714971273,3.3123229740860376,3.225798149272677,0.08652482481336055,0.3945262317605142,0.2008565656985959,0.19366966606191832,0.05243594677836848,0.032743596002219405,0.05034006278998203,1.3657131575247128,0.16999467572704524,0.009250544956459885,0.9173901675708109,0.41738726551840016,0.010303316452647931,0.056120401097322296,3.4933688208569618,3.3010768066968854,3.2106546983140483,0.09042210838283718,0.4968481778159117,0.2827141225429137,0.21413405527299795,0.05301620346780714,0.033235162467467876,0.050428432206736866,1.3609320863326477,0.16462000334107776,0.009290050055920112
2044,0.9191467311179214,0.4159879909439935,0.010323044623643036,0.05622786083865587,3.4333841743933893,3.335865102267872,3.250841133506448,0.08502396876142403,0.36889433634251223,0.1825430408869411,0.18635129545557114,0.052145298218568545,0.03249737206758692,0.05018890058622223,1.3681246087253103,0.1704999123890512,0.009280398148520105,0.9207368752030344,0.41832490109592174,0.010340903718162882,0.056325134675386176,3.5012203428380517,3.3206563355449474,3.231382638942835,0.08927369660211243,0.4780126651028568,0.2698377038952166,0.20817496120764017,0.05278457021010949,0.03303893355051981,0.050299845012486674,1.3628353663829063,0.165060470546683,0.00931667597130078
2045,0.9233924998247272,0.4171143155199899,0.01037072934941986,0.05648759394611547,3.4419563402830664,3.361669058875642,3.2782784139611185,0.0833906449145238,0.3426296593944298,0.16367792632194808,0.17895173307248172,0.051832427477939216,0.03223232253545725,0.05001952070709548,1.3707329674079118,0.17106707751231268,0.009313247114460792,0.9244145019335667,0.4193592814969105,0.010382207574841144,0.05655011191224593,3.510607369979674,3.342151357000191,3.2541329298525756,0.08801842714761525,0.4586253016508674,0.2564744401270981,0.20215086152376935,0.05253378684835894,0.03282648155656157,0.05015578595809783,1.3649038983961024,0.16555222452270102,0.009345954403509462
2046,0.9280768054900526,0.41836695667806917,0.19542666152839333,0.05677415427042801,3.4527296466356607,3.39006671560737,3.308459215529165,0.0816075000782045,0.3157294257881938,0.14427043110649534,0.17145899468169845,0.05149488890601059,0.03194637556455979,0.04982938744099788,1.373561670623052,0.17170543381032474,0.009349557943006634,0.9284697255987084,0.4205027274511215,0.17580733942282184,0.05679818826408932,3.52184080205048,3.3658539190282464,3.279216572584358,0.08663734644388847,0.4386716737377272,0.24262422946612194,0.19604744427160525,0.052260951416258083,0.03259534807478801,0.04999346191378139,1.3671637110574517,0.16610196168720653,0.009378238434681177
2047,0.9166142193222024,0.4177209114377961,0.1753274721780941,0.056072944284539454,3.466964421208721,3.289473328957807,3.1973964676043733,0.09207686135343346,0.46977184430738494,0.26956795360434804,0.20020389070303693,0.05328954631857037,0.033466725810719654,0.05081240732353776,1.3586950529200827,0.17095147783090187,0.009290685595044555,0.9179676791604078,0.419920415355715,0.15710683882598048,0.056155738147898385,3.5361278117028867,3.2741656375961528,3.17797857235749,0.09618706523866312,0.5804984514836962,0.3581492393453969,0.2223492121382993,0.053919757972310016,0.03400061179708696,0.05092001207485357,1.3535739648856215,0.16547934691010976,0.009323841032357387
2048,0.9062518602660848,0.4171852620946987,0.15707851349339366,0.05543903945940948,3.478544335461203,3.1993836287346866,3.097883554072544,0.10150007466214268,0.606117503741087,0.38066078138865955,0.22545672235242745,0.05498150908882843,0.034900077934781074,0.05178306614060398,1.3450597394130752,0.17032063459309968,0.009236646374847952,0.9084989491853683,0.4194366716522077,0.14015436939819836,0.05557650007448385,3.5480353125118587,3.192199354737401,3.0874348203821427,0.10476453435525797,0.706042142167408,0.4606004921297162,0.2454416500376918,0.05547411525353381,0.03531739095426231,0.05182337258546835,1.3411570003166156,0.16496095694622592,0.00927412057367876
2049,0.896934168472817,0.4167344603194773,0.14059833670396288,0.05486904097849925,3.4884309895444416,3.119202594339118,3.009287326722315,0.1099152676168028,0.7267561254201952,0.4791436628221267,0.24761246259806843,0.056558390893193956,0.03623593881979123,0.05271814189180317,1.3326704635989075,0.16979362573130025,0.009187258484597336,0.9000111970486424,0.41902912233689943,0.12487443880957623,0.0550572722258882,3.5584471767173187,3.1194046437090073,3.0069982400011552,0.11240640370785193,0.8171377177877409,0.5514489367161632,0.26568878107157773,0.056913792162934525,0.03653701823704051,0.052684036899724174,1.3299193130371174,0.16453032981867335,0.009228896069497365
2050,0.888608750126774,0.4163611942668522,0.12574233532333462,0.05435974366194965,3.49723030327933,3.048184673838007,2.9307874039544473,0.11739726988356013,0.8334673465727391,0.5664428993248831,0.267024447247856,0.05801560520247744,0.037470422971653296,0.053604155593483346,1.3214841383881362,0.16936035803548544,0.009142528265941455,0.892454385721555,0.4186924929718956,0.11112654748459969,0.05459499362415773,3.567910529376015,3.0550848596100804,2.9359005589743665,0.11918430063571382,0.9154261854186956,0.6320099704016482,0.28341621501704745,0.058236072246630924,0.03765719239210262,0.053491487482570196,1.3198131115763403,0.16417949855696315,0.009188158760593411
2051,0.8811736773884871,0.4160496694927895,0.11234578524542961,0.05390491209641135,3.5050866083128995,2.985296806021479,2.861253241305366,0.12404356471611311,0.92784236194082,0.6438333670075336,0.28400899493328646,0.05935616320566141,0.03860608132954861,0.0544361286586555,1.311408349893862,0.1690076620299072,0.009102065773531997,0.88572815759044,0.4184122239263056,0.09874971261750841,0.05418352495201534,3.5765205817931083,2.998253443244853,2.873061549121321,0.12519189412353157,1.002374444021137,0.703459032671787,0.29891541134935007,0.05944558960382239,0.03868183921264415,0.05424314773495495,1.3107433657051555,0.16389721877099325,0.009151495225624078
2052,0.8745293761318026,0.4157826734061147,0.10025202367907986,0.05349845497794766,3.512111718771021,2.9296045927010894,2.7996654733374307,0.12993911936365868,1.0112928612244356,0.7124462454335903,0.2988466157908453,0.060583872294382925,0.03964613933849648,0.05521094488793141,1.3023557155444858,0.1687200722821,0.009065417959523241,0.8797348117951336,0.418171962040511,0.08759098169272134,0.05381688943876488,3.584351084594126,2.948022904111955,2.8175130232303958,0.13050988088155946,1.079282631137111,0.7668380613637304,0.3124445697733806,0.06054742385832371,0.03961526191958246,0.0549377921838134,1.3026221052899731,0.16366978526274237,0.00911843266957447
2053,0.8685859130055931,0.4155442700115663,0.0893495858921415,0.05313487075058194,3.518421464517835,2.8802947244783326,2.745137879322399,0.13515684515593338,1.0850694503283527,0.7732835851954358,0.3117858651329168,0.06170278737389842,0.04059403212553653,0.05592666147839193,1.294246748884662,0.1684833359315335,0.009032146125306968,0.874386672935291,0.4179564236513623,0.07754277958493325,0.053489723647791865,3.5914887269656552,2.9036263653626584,2.76841963772696,0.13520672763569835,1.147301330382427,0.8230690892386953,0.32423224114373184,0.06154658842934002,0.040461707648370406,0.05557494535218369,1.2953707821387734,0.16348449084437405,0.009088518334441253
2054,0.8633236000772089,0.4153247420515775,0.07957552947046467,0.05281295508139718,3.5246538048403164,2.8371332610105715,2.6974211698862667,0.1397120911243047,1.1502796878966361,0.8272326349540498,0.32304705294258634,0.06270635069905889,0.0414442042741409,0.05657270116253414,1.287085512027509,0.16828773198508828,0.009002208107862095,0.8696675394271975,0.41775652558187604,0.06854717383481246,0.053201036646736394,3.59855775047704,2.8648826551247697,2.7255900402953053,0.13929261482946428,1.207448531931243,0.872967710181735,0.33448082174950783,0.062437179063836536,0.041216174590589294,0.056145143187523665,1.2889960438473937,0.1633328584538927,0.009061706590738381
2055,0.8586757513364313,0.4151140707285081,0.07080322699550037,0.052528628459056745,3.530934830409847,2.7995078163014875,2.655845890793009,0.14366192550847862,1.2079164391224144,0.8750889396168381,0.33282749950557633,0.06359850502726731,0.04219999590490658,0.057148578849738216,1.2808059303350716,0.16812926010708504,0.008975287587063445,0.8655134802967934,0.41756263770277663,0.06048161936809946,0.05294691731880144,3.6056690254672903,2.831223610611701,2.6884034878495373,0.14282012276216363,1.2606371866235582,0.9172655376177529,0.3433716490058053,0.06322363912245804,0.04188242695460716,0.05664875522873655,1.2834346653263764,0.16321183129995975,0.009037675946453017
2056,0.8545429660031431,0.4148990982461238,0.0628787692450188,0.052275810129430486,3.5370675906004263,2.76659324496508,2.6195096269619134,0.14708361800316658,1.258859945477459,0.9175579636385132,0.3413019818389458,0.06438998191268372,0.04287049829112877,0.05766030561357532,1.2753018528865883,0.16799923000279593,0.00895082856285966,0.8618275330782144,0.41736185548238697,0.05319605236263033,0.052721434080556545,3.612609782892877,2.801861487322009,2.6559988444198828,0.14586264290212622,1.307676164020561,0.9566109384729946,0.3510652255475664,0.06391697968478574,0.04246979281464837,0.05709237744345611,1.2785837057979519,0.1631137048711417,0.009015867499803492
2057,0.8508800974174988,0.41466619745948924,0.05570655915671309,0.05205173832559714,3.543319971789403,2.738060188026279,2.5880613512294683,0.1499988367968106,1.3038825441303417,0.9552586205599347,0.34862392357040695,0.06508073740995159,0.04345567420434641,0.058104754184381976,1.2705486558098356,0.16788716456716313,0.0089285347337226,0.858567731638327,0.417140816631003,0.046599467433543186,0.0525220197580384,3.6196423073205213,2.7765080436434193,2.628070478677542,0.14843756496587732,1.3492740542341475,0.9915718286429791,0.3577022255911683,0.06451726545578026,0.04297832698574458,0.05747328789533422,1.274422482368108,0.16302892599301133,0.008995988555630267
2058,0.8476393669651409,0.41440917470344935,0.04924688692947354,0.05185349035079389,3.5497882201121262,2.713494577577506,2.561047772719376,0.15244680485813022,1.3436703092008075,0.9887404473927501,0.3549298618080574,0.06567528582594451,0.04395934795527111,0.05848330686306082,1.2664945304925919,0.16778957980376072,0.008908155667517216,0.8556892405332767,0.41689352478994807,0.040656473946638336,0.052345931583212914,3.6268572734584965,2.7547852419984546,2.604204917315674,0.1505803246827808,1.3860601951383984,1.0226523561428227,0.36340783899557577,0.06502898239414504,0.04341182976335682,0.05779310222274152,1.2709031750511977,0.1629546219121998,0.008977793964693705
2059,0.8447876336485391,0.4141358910214635,0.04347664381783074,0.05167903876417708,3.556480785456527,2.6924739409671425,2.537990866341894,0.1544830746252485,1.378831151673755,1.018489919114633,0.360341232559122,0.0661819230089578,0.04438854740053422,0.058801152133643717,1.2630665431925783,0.16770604028900493,0.008889648032480959,0.8531619766236824,0.41662808093542514,0.03534826808642613,0.05219132926009097,3.6342589691017806,2.736303441663817,2.5839603523411805,0.1523430893226364,1.4185920237312137,1.0502986167605999,0.3682934069706139,0.06546024971426548,0.043777179368087574,0.05805707472648221,1.2679568969821378,0.16289083243930555,0.008961250320221907
2060,0.8422889174945546,0.413855000428528,0.03835486382893171,0.05152618256820716,3.563333686524711,2.6745605050609984,2.518394737845492,0.15616576721550646,1.4099055632360875,1.0449389486792189,0.3649666145568687,0.06661054894694367,0.04475165934923636,0.05906514259904783,1.2601853462562533,0.16763569291711025,0.008872944648966348,0.8509530564709036,0.4163533957420065,0.030638312283348304,0.05205620119862383,3.6417805206471154,2.720654786274235,2.566873849210504,0.15378093706373117,1.447365216682829,1.0749066714366118,0.37245854524621724,0.06582066505991938,0.044082506477122335,0.05827198652940788,1.265508370226657,0.16283716178237773,0.00894630370330351
2061,0.8401077237801302,0.41356882782350096,0.03381185606580078,0.05139275040651364,3.57033401301894,2.659400635452792,2.501863913404448,0.15753672204834418,1.43737279041139,1.0684700996144922,0.3689026907968977,0.06696860833760487,0.04505499060283487,0.0592801125345017,1.2577916818766912,0.16757579513930446,0.00885790383299841,0.8490300906231779,0.4160720290152741,0.026461357952100306,0.051938566036151726,3.6494087679409066,2.707514242369351,2.552581455608545,0.15493278676080588,1.472819306308727,1.0968273123323615,0.37599199397636535,0.06611729866985416,0.04433380066771685,0.058442517338899956,1.2635024428082442,0.16279133699054857,0.00893282707779552
2062,0.8382092116132066,0.41327458289819957,0.029776115772507952,0.05127661095461875,3.5775064475978398,2.6467091816769788,2.4880846156878484,0.15862456598913022,1.4616570561262772,1.0894218319099913,0.37223522421628585,0.0672614660623144,0.045303086039176044,0.05944920982776068,1.2558427505080663,0.16752334540728525,0.008844326777781854,0.8473612094595939,0.41578138615632426,0.022750164929808907,0.051836474197684945,3.6571698255610676,2.696623428801731,2.5407989235101063,0.1558245052916245,1.4953433938024898,1.1163709020509611,0.3789724917515287,0.06635510640950845,0.044535260318451196,0.058571611337255344,1.2619003309797305,0.16275077391924453,0.008920636228509483
2063,0.8365563426977707,0.4129680835138933,0.026185009911150345,0.05117549843558637,3.584841367600932,2.636204301221922,2.47674826748834,0.15945603373358172,1.4831331928362907,1.1080931001125918,0.3750400927236991,0.06749465635463617,0.0455006340034016,0.05957589405706332,1.254296557708885,0.1674753813273579,0.008831981614184333,0.8459121099756265,0.4154774552681675,0.01944616982088869,0.051747827228396125,3.665055426232825,2.68772422176224,2.5312438433379385,0.15648037842430118,1.51528129631416,1.1338115828948867,0.38146971341927327,0.06653918839077756,0.04469120600679118,0.05866248438693647,1.2606638266370225,0.16271287821878747,0.008909513610250962
2064,0.8351174402034652,0.412649033422602,0.022973416491085988,0.05108747506725228,3.5923000128428693,2.6276138904268063,2.4675528559167645,0.16006103451004172,1.5021311420922157,1.1247471569261047,0.3773839851661108,0.06767453981927209,0.045653022903826446,0.05966455443751752,1.253107231382075,0.16743019012160168,0.00882069997514217,0.8446537051225473,0.4151601218272375,0.01648801348881898,0.05167084580019767,3.673028115745383,2.680565576158922,2.5236374015507557,0.1569281746081663,1.5329355886778693,1.1493907141946273,0.38354487448324187,0.06667545072112746,0.04480664111214328,0.05871924816600474,1.25975058023,0.16267624188863403,0.00889930576578352
2065,0.8338608177079666,0.4123208269213056,0.020071610609151462,0.05101060246684361,3.599771153425286,2.620632217149373,2.4601549604603274,0.16047725668904597,1.5189415159236874,1.1396161929649584,0.379325322958729,0.06780938854571847,0.045767260469733076,0.059721431267018385,1.2522175986186797,0.16738719747027578,0.008810345777680556,0.8435566891064106,0.41483295915010926,0.013809344717823427,0.05160373712652041,3.6809769817602342,2.6748595828464174,2.5176557848665526,0.15720379797986503,1.548572770834592,1.1633211968936816,0.38525157394091025,0.0667716843968249,0.04488816580399342,0.05874782814938785,1.2591066563771633,0.16264053033483167,0.008889891797286706
2066,0.8327735206765287,0.4119901988621613,0.01742568908419096,0.050944088177453946,3.6072494045245955,2.6150772113043708,2.45434490362837,0.16073230767600058,1.533819527872912,1.1529045008962255,0.3809150269766866,0.06790491523998385,0.0458481862398131,0.05975069090561146,1.2515883863847703,0.16734668875675918,0.008800918401767957,0.842610402707386,0.41450287127368707,0.011359347291903868,0.05154584917504365,3.688898666096884,2.6704414443345756,2.513108322241057,0.15733312209351857,1.5624268315724148,1.1757903438558273,0.3866364877165875,0.06683316014664524,0.04494024519848849,0.058752097999943284,1.258695758688039,0.16260621374966727,0.008881285640567407
2067,0.8318478535094798,0.4116596912659902,0.014986647786605925,0.050887461440064834,3.61481051373255,2.610855714194214,2.4500163912126274,0.1608393229815864,1.5469922792209267,1.164794122519923,0.3821981567010037,0.06796380452448526,0.04589807450125023,0.059753906501837255,1.2512009096472918,0.16730897598233674,0.008792403021130227,0.8418092088411562,0.4141725097222581,0.009091755097165782,0.05149683710951097,3.696872124413249,2.6672344202563365,2.5099068421047472,0.15732757815158932,1.5747062289566505,1.1869652823085017,0.38774094664814873,0.06686217459450586,0.04496482488853874,0.05873337448863883,1.2585019512165885,0.16257373751114007,0.008873484629318154
2068,0.831057136214461,0.41132464548961567,0.012752200910922606,0.05083909012215636,3.62242914773376,2.607793896134821,2.4469813822243056,0.16081251391051563,1.5586626220007298,1.1754477655094542,0.3832148564912757,0.06798983161178782,0.04592012343845148,0.059733601411867454,1.2510297581543184,0.16727288006319876,0.008784604474631329,0.8411280914063334,0.4138372592153836,0.007007061600823365,0.05145517058158948,3.704873443754925,2.6650777863798996,2.5078778175826812,0.15719996879721848,1.5855974478292167,1.1969956261722434,0.38860182165697327,0.06686211339036532,0.04496477303923899,0.05869391412811914,1.2585023597362535,0.16254205948925035,0.008866303590716962
2069,0.8303702793035624,0.41098133859882796,0.010731906042890718,0.05079707235944156,3.630008703029743,2.60567315753641,2.4450010663539383,0.1606720911824715,1.5690077870435493,1.1850076366758047,0.3840001503677446,0.06798828162145439,0.045918810358769255,0.05969371528885214,1.2510399487646602,0.16723587336245635,0.008777310807561554,0.8405374894470151,0.4134934550207538,0.005117560220260338,0.051419041245171486,3.7128066374071778,2.663763921939603,2.5067945733041634,0.1569693486354398,1.5952633213275618,1.2060120641030145,0.3892512572245473,0.06683786193626316,0.04494422833585665,0.05863737279502363,1.2586643462471632,0.16250884201429724,0.008859540768014639
2070,0.8297598616775884,0.4106274386773708,0.008869941805154796,0.050759730743647744,3.6374504774100016,2.604291580616073,2.4438536449039363,0.16043793571213652,1.578181064199907,1.1935968325060653,0.3845842316938417,0.06796429327872835,0.045898488551100985,0.05963815832861473,1.251197694385923,0.1671949686333082,0.008770343857513043,0.8400114708176432,0.41313885520459936,0.003369585829458281,0.05138686274513199,3.7205739919521825,2.6631009973735065,2.506446421138676,0.15665457623483073,1.6038444870842088,1.2141275708135066,0.38971691627070226,0.06679417482122413,0.044907218644960334,0.05856738337237116,1.2589562907723382,0.1624713155219787,0.008853028517149204
2071,0.82921424309073,0.41026015838622604,0.007144605364619333,0.05072635319208055,3.6447900261056416,2.6035824490782815,2.443468041924297,0.16011440715398442,1.5863149301154342,1.2013219841813447,0.38499294593408956,0.06791920645159732,0.04586029308925546,0.05956759838741067,1.2514943237235996,0.167148139702021,0.008763609682741366,0.839539776531816,0.4127707444995174,0.0017435071000790614,0.05135800753538422,3.7282138490700913,2.6630328594710604,2.506773942949641,0.15625891652141935,1.6114623325393165,1.2214399061204504,0.3900224264188662,0.06673209597460883,0.04485462833492547,0.05848440575321878,1.2593714464236099,0.16242761254259655,0.00884668149288612
2072,0.8287388126189026,0.40988431767123173,0.00555730382179577,0.05069726935941789,3.6521115723791433,2.603541318206202,2.4438340390442646,0.1597072791619376,1.593526285722037,1.2082775333348788,0.3852487523871581,0.06785399851653451,0.045805051961098894,0.0594825408839233,1.251923658165322,0.16709715081758006,0.00875718583227369,0.8391291114029655,0.412394017836125,0.00024255647123318236,0.05133288574553754,3.73581372621538,2.663565089116902,2.5077779777847327,0.15578711133216935,1.618224054591748,1.2280357484306474,0.3901883061611005,0.06665234758189187,0.044787069207679484,0.0583887652583809,1.259905296084955,0.16237951383635174,0.008840585468079514
2073,0.8283429714333594,0.4095094457258461,0.004066399933965681,0.05067305429720095,3.6594689617364806,2.604148480345715,2.4449193005368457,0.1592291798088693,1.5999214196736138,1.2145496611996347,0.38537175847397903,0.06777092839135,0.045734678816682056,0.059384705797945775,1.2524711593920568,0.16704585341593514,0.008751219111681903,0.8387900592222797,0.4120182658454864,-0.0011736774701487582,0.05131214478470664,3.7434300767199877,2.6646864850166874,2.5094355741287115,0.15525091088797568,1.6242274714131661,1.2339945025912764,0.39023296882188974,0.06655693861373616,0.04470624316968124,0.05828200041409164,1.2605447618014152,0.16233080255110216,0.008834895126783808
2074,0.828028181360995,0.40914492786182993,0.002658972547048735,0.05065379739507382,3.666838245699168,2.6053202119871117,2.446620519555458,0.15869969243165385,1.6055978719929245,1.22021772614371,0.38538014584921465,0.06767402706681183,0.04565258852380288,0.059277384581820185,1.2531106149160922,0.16699840910883376,0.008745810095682278,0.8385250197644211,0.4116528961733692,-0.0025168927631145505,0.05129593141773525,3.7510398279815615,2.666319452542765,2.5116502105391474,0.15466924200361762,1.6295627361163054,1.2393896174424144,0.3901731186738911,0.06644964334266544,0.044615347608978374,0.05816721106861066,1.261264912987445,0.16228553684503788,0.008829717887524128
2075,0.8277828426088961,0.408800265404653,0.0013938937765440168,0.05063878904622355,3.6740662771888366,2.6068633087552606,2.4487126167654063,0.1581506919898545,1.610643721065831,1.2253536604234303,0.38529006064240073,0.0675703837507406,0.04556478672943314,0.059166562304964004,1.2537955108236805,0.1669577416567042,0.008740987314311343,0.8383231734495616,0.4113074304044296,-0.003726523543033683,0.051283583747955774,3.7584886114391547,2.6682743596117278,2.514200754702342,0.15407360490938551,1.634311466457559,1.2442878567368125,0.3900236097207466,0.06633725529239828,0.04452013768273101,0.05805015400651432,1.2620204058708677,0.1622465838267356,0.008825089444033533
2076,0.8275938038848156,0.40847902987468254,0.0003289511148788851,0.050627224765253345,3.6810508309031453,2.6086324799474165,2.4510302457885,0.15760223415891636,1.6151359174810274,1.2300205851146455,0.3851153323663818,0.06746469172195385,0.045475249360986944,0.05905610141193837,1.2544949582943319,0.1669228040421123,0.008736712020914273,0.8381721259870604,0.41098545999924446,-0.004743044385520326,0.05127434360972208,3.7656743360639915,2.6704101301626095,2.5169265213327954,0.15348360882981404,1.6385449545017154,1.248747814731196,0.3897971397705196,0.06622421077567206,0.04442437162864797,0.05793449430200372,1.2627815116048335,0.1622129911206004,0.008820977278627375
2077,0.8274546732966698,0.408182530230006,-0.0005335262957752857,0.05061871355439426,3.687771605869844,2.6105613667219303,2.4534982407382175,0.15706312598371258,1.6191410865098874,1.2342733651316267,0.38486772137826075,0.0673590421097138,0.04538574792586526,0.05894760794161137,1.2551951500260694,0.16689234549734477,0.008732961280750082,0.8380662335340937,0.41068831597338434,-0.005562940137424782,0.05126786577408425,3.772578382633669,2.672665498389589,2.519757979310788,0.15290751907880115,1.6423248842489557,1.2528204033228811,0.3895044809260747,0.06611239836689059,0.04432964935908,0.05782168448555365,1.2635355086796158,0.16218360624599631,0.008817363717146092
2078,0.8273449566293657,0.40790419240870607,-0.0012382855269923582,0.05061200170488435,3.6941715004889737,2.612548493960297,2.456011052748263,0.15653744121203397,1.6227179125182325,1.2381604477407107,0.3845574647775218,0.06725509039078456,0.04529768486694563,0.05884223684816764,1.2558850915371549,0.1668639142410119,0.008729554285980089,0.837985558868046,0.41040941635223566,-0.006230227911329628,0.05126293059248885,3.7791446463220977,2.674942972694431,2.52259401457127,0.15234895812316093,1.645705642530879,1.2565506317508275,0.3891550107800514,0.06600328565486867,0.044237214146977274,0.057712737130626024,1.2642724414306372,0.16215608700068185,0.008814071684371257
2079,0.8272397538704243,0.4076350790690887,-0.0018409517291668315,0.0506055659711666,3.7001744198815625,2.6144802552176336,2.45845224245112,0.15602801276651368,1.6259151125922824,1.2417221774304426,0.3841929351618397,0.06715439104065146,0.04521237706352223,0.05874105922792431,1.2565543970922137,0.1668343049247481,0.008726262025148871,0.8379056365754156,0.4101398086218554,-0.006799990052258703,0.0512580414133845,3.7852974648245588,2.677132025586547,2.5253216254268223,0.15181040015972488,1.6487321900514003,1.2599758393977365,0.38875635065366365,0.06589825766901866,0.04414823932480608,0.057608594782654066,1.2649828535258232,0.16212735293474295,0.00881087510943125
2080,0.8271272628939406,0.4073701252532214,-0.0023733891643653304,0.0505986843774071,3.7057677229591923,2.616311211728001,2.4607768705132376,0.15553434121476334,1.628771552107139,1.244990852445955,0.38378069966118417,0.0670572901919261,0.04513011774303645,0.05864417832615452,1.2572006727595093,0.16680147923430766,0.008722967846294043,0.8378150719477654,0.4098744165905445,-0.007303547278870864,0.05125250118478786,3.7910252341467663,2.6791905121632174,2.5278995446974477,0.15129096746576964,1.6514400983613438,1.2631256894493184,0.38831440891202545,0.0657975385829424,0.04406291480201005,0.057509269863927126,1.265665105613544,0.162095450177205,0.00880765970426511
2081,0.8270166264079002,0.4071154532619468,-0.0028588345242342578,0.050591916217612165,3.710984872060192,2.618053029393678,2.462991192644572,0.15506183674910573,1.6313198494752132,1.24799367941562,0.3833261700595934,0.0669645345869167,0.045051539510822435,0.0585522096081895,1.2578188435204967,0.16676754179272046,0.008719784800168225,0.8377234966056661,0.4096193899282822,-0.00776379069480998,0.05124689910974463,3.7963628756903693,2.681133514196007,2.5303377935231106,0.15079572067289648,1.6538591029147622,1.2660250821672587,0.38783402074750356,0.06570177753115954,0.04398179049514695,0.05741530446547545,1.2663146697517793,0.16206243896964434,0.008804541873855203
2082,0.8269267099260876,0.40688119373208,-0.003297935275828022,0.05058641555845749,3.71589686483278,2.619756224008342,2.465140240346713,0.1546159836616286,1.633591189809272,1.2507566244860668,0.38283456532320526,0.06687651544030712,0.04497697378575527,0.05846551654898895,1.258406186755005,0.1667365436447399,0.008716920672069412,0.8376502622389268,0.4093848934802181,-0.008181035101668677,0.05124241899656114,3.801383211061,2.6830150205186736,2.5326852248668157,0.15032979565185806,1.6560178919444193,1.2686979861941843,0.387319905750235,0.06561129303013337,0.04390513623654248,0.057327007958670635,1.2669292471470968,0.1620322555327136,0.008801732665418935
2083,0.8268708125128227,0.40667366901911706,-0.003658128811196884,0.05058299593976634,3.7205720746339224,2.621464859394287,2.4672660478775,0.1541988115167865,1.6356174128135625,1.2533060267564222,0.3823113860571402,0.06679313563581271,0.044906338295437914,0.05838398897095946,1.2589632368577035,0.1667115888396169,0.008714513790230985,0.8376090280894412,0.4091772440604775,-0.008522181326776082,0.051239896418883796,3.806156289234674,2.6848821455165073,2.534987268570892,0.14989487694561526,1.6579461551977628,1.2711690206637822,0.38677713453398055,0.06552592565086854,0.043832816965370724,0.057244224076812206,1.2675097872784713,0.16200790115971575,0.008799372363380787
2084,0.8268412761365302,0.4064903014332768,-0.003915292444339968,0.05058118887675575,3.7249978485219644,2.623141823202533,2.46933020290989,0.1538116202926431,1.637429834034771,1.2556676456120743,0.38176218842269666,0.0667149522159689,0.044840104940384595,0.05830797469168525,1.2594861592166113,0.16669246389826703,0.008712495815986165,0.8375923247666991,0.4089938121528036,-0.008762518907197876,0.05123887443214799,3.810670085242228,2.6866996322282866,2.5372076306212707,0.14949200160701587,1.6596733452958747,1.2734624546209572,0.38621089067491765,0.0654461447613823,0.04376523030837404,0.05716723310244018,1.2680529684631927,0.1619891571369765,0.008797393405248639
2085,0.8268197162462821,0.406325405114114,-0.004066483898084235,0.05057986972042386,3.7290979768040393,2.6246931999740846,2.471234583258243,0.15345861671584174,1.6390551058586,1.2578633935457963,0.3811917123128036,0.06664351935174234,0.044779590341915435,0.058238664097517184,1.2599644300615305,0.16667697768537004,0.008710707335697048,0.8375819165893431,0.4088288693091609,-0.008898592325309158,0.05123823749456578,3.814848265584055,2.6883745917948048,2.5392493761494372,0.14912521564536765,1.6612244757196273,1.275598889434618,0.3856255862850093,0.0653733967344314,0.04370360156524546,0.057097140483803585,1.26854880017861,0.16197390494964112,0.008795637411733014
2086,0.8267966972321256,0.40617762786319744,-0.004133735849256109,0.050578461280654394,3.7328185527300666,2.6260540517518427,2.4729085168428617,0.15314553490898103,1.6405135385219967,1.2599100358872048,0.38060350263479187,0.06658035433520987,0.044726079879271255,0.058177291343560124,1.2603877419841378,0.16666377616220154,0.008709082665544272,0.8375686135495232,0.4086810723025886,-0.008952170364065037,0.05123742344068993,3.818637208722875,2.689843392368256,2.541043274480841,0.14880011788741507,1.6626184114655334,1.277593934242034,0.38502447722349953,0.06530910718194427,0.043649138448070404,0.05703510800381658,1.2689874051367802,0.1619608601574961,0.008794040779026732
2087,0.8267667374351073,0.4060446030240573,-0.0041112768736651095,0.05057662824068922,3.736152009326698,2.6272030407638027,2.4743308874773455,0.15287215328645717,1.6418215241162222,1.2618211218493527,0.3800004022668694,0.06652560293802749,0.044679697043415664,0.05812389869495026,1.2607549708076746,0.16665165936266155,0.008707567849625782,0.8375471549678998,0.40854806227383567,-0.008917097943632983,0.05123611047204933,3.822030200541013,2.6910863725828467,2.5425700635615307,0.1485163090213159,1.6638702930288847,1.2794601369794825,0.3844101560494022,0.06525336461880354,0.043601915942538455,0.05698113419454111,1.2693680221540995,0.16194888036037025,0.008792550939566953
2088,0.8267270259882977,0.4059257471821767,-0.004047170413112144,0.05057419865815781,3.739090501001057,2.6281224069596707,2.475482600848109,0.15263980611156192,1.6429927191916214,1.263607900152948,0.37938481903867316,0.06647962874500218,0.044640749846477756,0.05807874948900567,1.2610635462369268,0.1666401061324042,0.008706141793007658,0.8375149801969627,0.4084292850020042,-0.008841515544879532,0.05123414195331012,3.8250202892215075,2.6920873847807028,2.5438124086461955,0.14827497613450738,1.6649926947195763,1.281207880575312,0.38378481414426446,0.06520647913194139,0.043562196739868705,0.05693544111230811,1.2696883941955335,0.16193748619636913,0.008791148645978266
2089,0.8266754598676092,0.40581986257115515,-0.00401108973845235,0.05057104388520288,3.741639011596789,2.6288068207512527,2.4763590472307215,0.1524477735205314,1.6440388524701188,1.2652799643660675,0.3787588881040513,0.0664423508485168,0.04460916974728933,0.05804171944377812,1.2613138984156362,0.16662890897712193,0.008704781042188525,0.8374701849548554,0.40832356518129637,-0.008795403873215375,0.05123140139459436,3.8276132944346246,2.692842539020931,2.544767275015043,0.1480752640058883,1.6659964212870115,1.2828460194195814,0.3831504018674301,0.06516833349624174,0.043529881532397896,0.056897877325210074,1.269949202888447,0.16192649054909333,0.008789811758992279
2090,0.8266114431572689,0.40572468623412816,-0.00402945370264611,0.050567127473111345,3.7438288875482484,2.629274840155464,2.476983325499991,0.1522915146554728,1.644970059196629,1.2668455620482575,0.3781244971483715,0.066412854364285,0.04458418169845682,0.058011951414598244,1.261512084441117,0.16661788608976985,0.008703459607605907,0.8374122911769475,0.408228638754318,-0.00880522539120647,0.05122785955673248,3.829841440665479,2.6933717525964695,2.5454592730550996,0.14791247954136988,1.6668908161492813,1.284382167610379,0.3825086485389022,0.06513800041757614,0.043504184759691714,0.05686757835188828,1.2701566961458353,0.1619157152428628,0.008788514581031673
2091,0.8265419413838003,0.40563892999515677,-0.004064676495684663,0.05056287554386702,3.745748361574868,2.6295980156665197,2.477436347280407,0.15216166838611284,1.64579534190842,1.2683120142944608,0.37748332761395914,0.06638895983886983,0.04456393936844856,0.05798750582897229,1.2616726910379494,0.1666071158435746,0.008702203218377667,0.837348366884044,0.4081432041516861,-0.008833014175464865,0.05122394883181201,3.8317945217744995,2.693748463957517,2.545971426790981,0.14777703716653623,1.6676841927697428,1.2858230949835188,0.38186109778622407,0.06511331912281956,0.043483275915309434,0.05684262296764754,1.2703255941153575,0.16190522957947545,0.008787282414827763
2092,0.8264723685223455,0.4055600881780602,-0.004109171762831043,0.050558619291629275,3.74748738162016,2.6298478753830996,2.4778003329693217,0.15204754241377805,1.646524195994338,1.2696870486508383,0.3768371473434997,0.06636827834785744,0.04454641897166887,0.057966244452856995,1.2618117446459167,0.16659631359845448,0.00870101653180393,0.8372839177663869,0.408064735889032,-0.00887102591959936,0.051220006024619666,3.833564206084237,2.6940461617764018,2.546388156733208,0.14765800504319374,1.6683854468695773,1.2871760493510294,0.381209397518548,0.06509192025427826,0.043465147789670186,0.056820891883508265,1.2704720776732574,0.16189475097499975,0.008786119274754568
2093,0.8264103453713625,0.4054886494890032,-0.004158955688387464,0.05055482489346691,3.7491182354174226,2.6300828900231648,2.4781397146995823,0.1519431753235823,1.6471662500993736,1.2709785207178403,0.3761877293815333,0.06634930607396833,0.04453034654409821,0.057946836131247605,1.2619393416013023,0.16658650937763528,0.008699946793050056,0.8372266724198729,0.4079937155648955,-0.008915200672522453,0.051216503906700364,3.8352241495245356,2.6943249165184886,2.5467756802974773,0.14754923622101138,1.669003685735897,1.2884484692270586,0.38055521650883833,0.06507231011427136,0.043448534991607404,0.05680106428302202,1.2706063556487206,0.16188526826377872,0.008785072329491883
2094,0.8263568038802078,0.4054240506340744,-0.0042124346337884255,0.05055154933961003,3.750665099856394,2.6303167603931668,2.4784703326248714,0.15184642776829527,1.647731694163709,1.2721947672315226,0.37553692693218654,0.06633157143648635,0.044515322584498696,0.057928831589307464,1.262058645549284,0.1665783709108472,0.008698993465807886,0.8371776167625075,0.4079295624134841,-0.008963865961771691,0.051213502769905814,3.8367991174830736,2.69459926373053,2.5471507842654932,0.14744847946503703,1.6695486516462819,1.2896483332175803,0.3799003184287015,0.06505400667080721,0.04343302916604896,0.056782683691800395,1.2707317198167603,0.16187741493977087,0.008784140971831706
2095,0.8263070126908016,0.4053648984094815,-0.00427076893436272,0.05054850318594252,3.7521095777739917,2.6305246130309117,2.4787660756884504,0.1517585373424614,1.6482298855233797,1.2733435020855413,0.3748863834378385,0.0663155043250572,0.04450171127537336,0.05791255689939586,1.262166757342185,0.16657181219444095,0.008698116202597226,0.8371320383241929,0.407870863975713,-0.00901808592446636,0.051210714325751375,3.8382706283446932,2.6948445172742233,2.547487586810532,0.14735693046369108,1.6700293098341552,1.2907830415341612,0.37924626829999397,0.0650374122561255,0.043418971150145966,0.05676605442018337,1.2708454065643355,0.1618710991722371,0.008783284930515623
2096,0.8262524324136294,0.4053080937915367,-0.004336119121783118,0.050545164051431266,3.75341828352573,2.630667732317421,2.478987321224336,0.1516804110930845,1.6486682995092021,1.2744309623013936,0.3742373372078085,0.06630160926209577,0.0444899400246344,0.05789838718004307,1.2622602735510093,0.16656567471798012,0.008697236228041465,0.8370813830865543,0.407814498305522,-0.009079892978728743,0.05120761529846178,3.8396049463345205,2.695021875177493,2.5477463944280263,0.1472754807494666,1.670452786515578,1.291858551906494,0.37859423460908403,0.06502300248565596,0.04340676386315784,0.05675152874259435,1.2709441481956452,0.16186519555345136,0.00878242531452323
2097,0.8261976897799225,0.4052587360382696,-0.004406431750426584,0.0505418149867313,3.7545730860828623,2.6307309530910428,2.4791116332962333,0.15161931979480947,1.6490519560410075,1.275461452786629,0.3735905032543785,0.06629119550787312,0.04448111797665741,0.05788750889621128,1.2623303718770913,0.16656117332526033,0.008696431060448411,0.8370303936000736,0.4077655965025878,-0.009147154680520395,0.05120449582397012,3.8407837518713834,2.6951162623059943,2.547904836332496,0.14721142597349846,1.670823784481331,1.2928789155388873,0.3779448689424435,0.06501205994219689,0.0433974938495468,0.05674027112706842,1.271019144436973,0.16186089691608596,0.008781641129953081
2098,0.8261479377579283,0.4052205484554325,-0.0044788268670469394,0.050538771231219845,3.755578755773793,2.630718026549949,2.4791391013714934,0.1515789251784554,1.649386298392891,1.2764396544022998,0.3729466439905913,0.06628481671811703,0.04447571416281082,0.05788043322344223,1.2623733146184257,0.16655932831794198,0.008695767138863199,0.8369843210607014,0.4077279059392372,-0.009216922659080654,0.05120167715075931,3.8418119539738456,2.6951317672270934,2.547963350483289,0.14716841674380443,1.6711474847532124,1.2938486034905565,0.37729888126265587,0.06500512573459809,0.04339161951155003,0.05673278278300922,1.2710666750156685,0.16185920216422073,0.008780999826070413
2099,0.8261037847645886,0.40519285027899377,-0.004551986773437905,0.050536070012184714,3.7564547612963977,2.6306412019400716,2.479084081436225,0.15155712050384618,1.6496772561051876,1.2773706798601725,0.3723065762450151,0.06628202036351641,0.04447334522132056,0.05787673958974211,1.262392141218555,0.16655999514034892,0.008695240927696503,0.8369438027938269,0.4077007431060992,-0.009287810941400236,0.051199198274687815,3.842709360777228,2.695081097768588,2.5479368054091807,0.14714429235940715,1.6714296004900313,1.2947725553680471,0.37665704512198417,0.06500174831148305,0.04338875831585418,0.05672864503872548,1.2710898272890252,0.16185997037560657,0.00878049781827088
2100,0.8260627429776488,0.40517149294091537,-0.004624378990222611,0.050533559145712836,3.7572359464159972,2.630523459485836,2.4789766514385025,0.15154680804733353,1.6499302874475865,1.2782592949774945,0.3716709924700921,0.06628145183485673,0.04447286359029637,0.057875181072338716,1.2623959689724744,0.16656202597483966,0.008694796454266488,0.8369063200349836,0.40767993454843254,-0.009358202064091936,0.051196905119115316,3.84351132199052,2.6949878010216826,2.5478559361712603,0.14713186485042243,1.6716754009997936,1.2956553858192597,0.37602001518053385,0.06500058802909064,0.04338777537860468,0.056726625015882826,1.2710977813053344,0.16186208012015418,0.008780078166809546
2101,0.826027617071254,0.40515484911383987,-0.004693505754968061,0.05053141020597483,3.7579732208245025,2.6304054291789756,2.478863738397366,0.15154169078160984,1.6501498072983576,1.2791094824271367,0.3710403248712208,0.06628172170550493,0.04447309221215119,0.05787451598193605,1.2623941520270412,0.1665652610372199,0.008694432684994036,0.8368746728603784,0.40766383920452937,-0.009425562661860162,0.051194968977061536,3.8442693810693616,2.694893190728097,2.547768444555462,0.14712474617263482,1.6718891249068115,1.2965009365138997,0.3753881883929119,0.06500027837803515,0.04338751305663997,0.056725501415943624,1.2710999040712827,0.161865366936027,0.00877973911653201
2102,0.8260026489198192,0.4051423021771016,-0.00475734837484354,0.050529882680212204,3.7587180107735367,2.630329091279969,2.4787926624965175,0.1515364287834514,1.650340349982773,1.279925348277019,0.370415001705754,0.06628158180513626,0.04447297369506906,0.0578736379162467,1.2623950939490007,0.16657006222266454,0.008694166823574172,0.8368530958614393,0.4076518280331178,-0.009487878843928294,0.05119364889034825,3.8450355044432145,2.694839835937991,2.547722318561849,0.14711751737614145,1.672075146988206,1.2973131858813651,0.37476196110684085,0.0649995951091751,0.04338693422305743,0.056724188903644696,1.271104588127277,0.16187016833141132,0.0087794972045869
2103,0.8259910380134637,0.40513242365077223,-0.004814634693514196,0.050529172287623166,3.759522777673234,2.63033628037144,2.4788114713707,0.15152480900073995,1.6505068447684597,1.2807113063025335,0.3697955384659262,0.06627964471412832,0.044471332681709,0.05787130795720215,1.2624081360193347,0.1665765628720441,0.008694002042860517,0.8368447469629645,0.4076424486938827,-0.009543900467343297,0.05119313803558924,3.8458625979831482,2.694870052161655,2.547766166326044,0.14710388583561124,1.6722382514616734,1.2980964316571042,0.3741418198045692,0.06499717795910233,0.04338488652599701,0.056721472400497484,1.2711211588960296,0.1618765951224242,0.008779354575179836
2104,0.8259934126429178,0.4051257141408544,-0.004865364526000698,0.050529317455320966,3.760391433652137,2.630426968925787,2.4789195860669837,0.15150738285880322,1.6506543678943062,1.2814718475851534,0.36918252030915283,0.06627599956120071,0.04446824467777466,0.05786759403873101,1.2624326790974632,0.1665854392846659,0.008693946911028167,0.8368502194219969,0.4076361915842895,-0.009593659740780455,0.05119347269688329,3.846754226243624,2.6949835889683347,2.5478991724074365,0.14708441656089818,1.672383375708099,1.2988550538361876,0.37352832187191154,0.06499311865455504,0.043381447672082865,0.056717422704670756,1.271148988719088,0.16188528764485516,0.008779319535058297
2105,0.8260048145403691,0.4051217572183669,-0.004911838997913212,0.05053001487287187,3.7612873747737714,2.630564094116809,2.479076281826078,0.15148781229073116,1.6507876136334592,1.2822110929476933,0.36857652068576574,0.06627157930474849,0.04446450004220344,0.05786328662669761,1.2624624426796924,0.16659645500020467,0.008693969745074064,0.8368645107019508,0.40763263372180103,-0.00963944816834715,0.05119434685588158,3.847672920585504,2.695142693863348,2.548079852927227,0.14706284093612057,1.6725150820216885,1.2995930676582768,0.3729220143634117,0.0649883333712815,0.04337739380277503,0.05671281687184961,1.2711817977649875,0.16189601150447466,0.008779360464155318
2106,0.8260238256112524,0.40511926116417324,-0.004953709606688388,0.0505311778096495,3.762216865477027,2.6307494380773484,2.479284953752184,0.15146448432516438,1.6509098151781871,1.2829319117248428,0.3679779034533444,0.06626610823747242,0.04445986520860137,0.05785811961403286,1.2624992843922032,0.16660860142973563,0.008694049548144879,0.8368861697356956,0.4076304749627129,-0.009680871376566348,0.05119567176506912,3.8486247717117688,2.6953490762087853,2.5483115313615476,0.14703754484723752,1.67263647595991,1.300313240350221,0.37232323560968905,0.06498255246901227,0.04337249649138481,0.05670739476868155,1.271221435973527,0.16190779165664304,0.008779455987498378
2107,0.826048368527277,0.4051164073430736,-0.00498940173502474,0.05053267919130667,3.7631862586740623,2.6309848361346684,2.479549633241314,0.15143520289335438,1.6510235987826192,1.2836366254327483,0.3673869733498708,0.0662592165169014,0.04445402686363744,0.05785174029882221,1.2625456966800965,0.16662110956451714,0.008694156309805638,0.8369130810150237,0.40762788662737237,-0.009716312696941704,0.051197318014535115,3.8496159798706673,2.695604511487316,2.5485981836151677,0.14700632787214848,1.6727500623110583,1.3010177962554996,0.37173226605555876,0.0649754131977145,0.04336644843296486,0.05670081055056486,1.2712703926560143,0.1619198801216541,0.008779575633279624
2108,0.8260770996981119,0.40511307842431044,-0.00501684215327608,0.050534436824348175,3.7641863199603813,2.631260298552295,2.479859349111064,0.1514009494412314,1.6511309126098128,1.2843269708493175,0.36680394176049524,0.06625115510833753,0.04444719761343697,0.05784435909546991,1.2625999919140702,0.166633784819815,0.008694281392999121,0.8369438969302339,0.4076247564023901,-0.009743655912533594,0.05119920316498269,3.85063699876074,2.695898818409417,2.548928620172907,0.14697019823650975,1.6728576722829573,1.3017083785878332,0.3711492936951243,0.06496716332003916,0.04335945952050351,0.056693272552535076,1.2713269713499304,0.1619320899928872,0.008779710894436774
2109,0.8261133628582121,0.405109507493852,-0.005032211240344538,0.05053665525793487,3.765246490483149,2.6316013428766447,2.480242198867069,0.15135914400957556,1.651233241288454,1.2850042916160802,0.3662289496723738,0.0662412735429179,0.044438826411048675,0.05783540925265264,1.262666554639999,0.16664651258078073,0.008694445659576763,0.8369819746837842,0.4076213202831955,-0.009759042906068854,0.051201532589544324,3.8517175736461757,2.6962578674609414,2.5493313275082925,0.1469265399526488,1.6729606844407081,1.3023862461378832,0.37057443830282477,0.06495716703346263,0.04335099113168961,0.05668422690775304,1.2713955359942448,0.16194431257675865,0.008779882475721475
2110,0.8261609354672659,0.4051062874129245,-0.00503295359308005,0.05053956555777889,3.766396051229593,2.6320333252617534,2.4807257065902055,0.15130761867154804,1.6513325897312512,1.2856703446393873,0.36566224509186385,0.06622898987911935,0.0444284202626946,0.05782438649734718,1.2627493108714607,0.1666598083904451,0.008694676023468653,0.8370310964454999,0.40761816806661794,-0.009759929035528907,0.051204537642086975,3.8528872644272005,2.6967073295863537,2.549834182826099,0.14687314676025495,1.6730610109333943,1.3030530816011017,0.37000792933229265,0.06494485576941111,0.043340561601685576,0.05667318097676635,1.2714799924415443,0.1619570409805738,0.008780117051672275
2111,0.8262158223685309,0.40510392589905414,-0.005021148739360104,0.05054292330427007,3.7675935539287253,2.632517482105944,2.4812662454552328,0.15125123665071133,1.6514315178515795,1.2863273084734925,0.36510420937808696,0.06621544634458991,0.04441694681048493,0.05781228153488188,1.2628405714852322,0.16667417480527683,0.00869495553458412,0.8370872508455866,0.4076158064539315,-0.009748409756024472,0.051207972911243224,3.8541038906957126,2.697207840691255,2.5503928932001596,0.14681494749109553,1.673161129129155,1.3037109974955527,0.3694501316336023,0.06493134906982831,0.04332911935432862,0.05666110656733202,1.271572666640684,0.1619707554241178,0.008780398030596714
2112,0.8262671419360541,0.405101538632723,-0.005002561624146945,0.05054606282695859,3.7687504866504424,2.6329721188786044,2.481774012450176,0.1511981064284282,1.6515315305401281,1.2869764742002663,0.3645550563398619,0.06620270229749348,0.044406150646824655,0.057800867379570374,1.2629264607157995,0.16668885912649353,0.008695215002109938,0.8371395272731861,0.40761335300876306,-0.009730212537001737,0.05121117095360038,3.8552776308392187,2.6976765852114033,2.5509164079627697,0.14676017724863333,1.6732624663853568,1.304361222876449,0.36890124350890785,0.06491866139091791,0.043318370943172466,0.05664973914148591,1.2716597374082896,0.16198473254956355,0.008780656908195277
2113,0.8263054858617715,0.40509781617541524,-0.00498215904612908,0.05054840860232672,3.769795550138815,2.6333323312281682,2.4821783259953607,0.15115400523280745,1.6516318058733264,1.2876172241434545,0.364014581729872,0.06619228492012524,0.04439732552948733,0.057791456629965,1.2629966806135533,0.16670236387240667,0.008695389080998164,0.8371785138849598,0.40760950929485,-0.009710226444406764,0.051213556029530455,3.856336242554317,2.6980478753146624,2.551333162948357,0.14671471236630543,1.6733641252014584,1.3050030796059597,0.36836104559549865,0.06490828495053635,0.043309580505745265,0.05664036217619599,1.271730958648872,0.16199754034789293,0.008780829046555161
2114,0.826326473470905,0.40509137992582805,-0.0049627780478677525,0.050549692665108406,3.770703597180028,2.6335760060243905,2.4824561260738958,0.15111987995049492,1.6517297224583478,1.288247471106132,0.36348225135221585,0.06618454876316031,0.044390771817306024,0.05778434794337109,1.2630488339689323,0.1667133249042489,0.008695439530633231,0.8371998530261783,0.40760291136613075,-0.00969122468204442,0.05121486158207506,3.8572543844961853,2.698299487083932,2.551619958990088,0.14667952809384416,1.6734634154583046,1.3056344255060972,0.3678289899522074,0.06490056303028288,0.04330303885424341,0.05663326519269362,1.27178396673059,0.16200787668659666,0.008780876624807223
2115,0.8263314250720629,0.40508206337121794,-0.004944586215171479,0.0505499957887236,3.7714864192286335,2.633715934000478,2.4826218070105863,0.15109412698989164,1.6518220449066938,1.288864612218047,0.36295743268864683,0.06617911660026625,0.044386169941685996,0.05777922161193902,1.2630854583034605,0.16672126744101287,0.0086953719716793,0.8372049207552865,0.40759341349048656,-0.009673345368639966,0.05121517179511141,3.858044228607834,2.698444615398699,2.5517916167009744,0.14665299869772452,1.67355704451771,1.3062526119068596,0.3673044326108502,0.06489512402060829,0.043298431178349514,0.05662813342577504,1.271821306962357,0.16201529682315688,0.008780805631980835
2116,0.8263227582416895,0.4050697778329213,-0.004926862916288327,0.05054946585736353,3.7721654800010413,2.633773275278597,2.4826989771914043,0.15107429808719244,1.651906125430437,1.2894665028096373,0.3624396226207997,0.0661753988771556,0.0443830204596696,0.05777557261065973,1.2631105252651789,0.16672619363319735,0.008695198874950197,0.8371961910139385,0.4075809428727583,-0.009655858044518704,0.05121463800090574,3.8587278009041994,2.6985049711786178,2.551872339065315,0.146632632113303,1.6736423242169964,1.3068554618388846,0.3667868623781118,0.06489138696694594,0.04329526532038927,0.05662446920751857,1.2718469644780197,0.16201981080246422,0.008780628774263912
2117,0.8263049236199612,0.4050551790065057,-0.004907875246651386,0.0505483751195107,3.7727721989895078,2.633778343319766,2.482720599986994,0.15105774333277186,1.6519800645357312,1.290051599002514,0.3619284655332171,0.06617268967959572,0.04438072535356845,0.057772801971038616,1.263128793001575,0.1667285475024068,0.008694951527942892,0.8371781776295821,0.40756616848502175,-0.00963703144699457,0.051213536313360244,3.8593372472496044,2.698511552754664,2.551895835877208,0.146615716877456,1.6737173299980845,1.3074414113723964,0.366275918625688,0.06488865698212329,0.043292952604286415,0.05662168279557897,1.2718657086062148,0.16202185319963652,0.008780377538041242
2118,0.8262820962084714,0.40503950366360364,-0.004886135048677437,0.050546978955193396,3.7733288578999935,2.633753004910948,2.482709617060528,0.15104338785042024,1.6520430428061503,1.2906192408394657,0.36142380196668455,0.06617061445840935,0.044378967322749055,0.05777060262114294,1.2631427863896563,0.1667291741425047,0.008694665612583098,0.8371551125162962,0.4075503364396497,-0.009615392514994228,0.05121212559406298,3.859895426804665,2.6984867629743565,2.5518856341907656,0.14660112878359086,1.6737812325241925,1.3080097926138992,0.36577143991029326,0.06488656401337223,0.04329117953855609,0.056619470668822544,1.2718800794564085,0.16202224271235116,0.008780087862257735
2119,0.8262547128868443,0.40502419937281536,-0.004861937219143547,0.05054530406965795,3.7738210298471726,2.6336856105891315,2.482651498889213,0.1510341116999183,1.6520951577672298,1.2911695309579594,0.36092562680927043,0.06616974366971079,0.04437822963108548,0.05776948825718137,1.263148658299686,0.16672894846131833,0.008694358297179825,0.8371274768866378,0.40753490328078273,-0.009591244862692846,0.05121043526030381,3.8603879494779427,2.6984189925708475,2.5518272393137416,0.14659175325710613,1.6738341317750327,1.3085607101642014,0.36527342161083126,0.0648856636212882,0.04329041676828195,0.05661833361268159,1.27188626189439,0.162021826734445,0.008779777479185695
2120,0.8262202085083146,0.4050098775202195,-0.004837933262677459,0.050543193535070266,3.774217204099529,2.63354822457656,2.4825145360041474,0.15103368857241228,1.6521365845678755,1.2917026680953816,0.3604339164724938,0.06617094175414093,0.04437924459246226,0.05777021706053453,1.2631405793363086,0.16672811891078726,0.008694021635741468,0.837092733319208,0.4075204855698192,-0.00956723512273873,0.05120831008038731,3.860783106387713,2.6982801245591106,2.551688734766746,0.14659138979236466,1.6738762139748573,1.3090943716209669,0.3647818423538904,0.06488679763481589,0.04329137745177168,0.056619010440168184,1.271878475286056,0.1620208493191031,0.008779438994427015
2121,0.8261755572373854,0.4049965794449242,-0.00481766839967715,0.05054046225167151,3.774488508258649,2.6333150863111765,2.4822700602755035,0.15104502603567285,1.6521669678127509,1.2922184479831456,0.3599485198296053,0.06617491422271607,0.04438260988298166,0.0577734035289702,1.2631137930687704,0.16672648647602045,0.008693639322501974,0.8370478805590141,0.4075071297816965,-0.009546895725189887,0.05120556645830358,3.8610518755131933,2.6980442576109183,2.5514412903872783,0.14660296722363983,1.6739071392412133,1.3096105851259152,0.3642965541152981,0.06489065166104657,0.04329464240344853,0.05662209863896546,1.2718520129256232,0.16201912485799327,0.008779056572073427
2122,0.826120431392114,0.4049842410372432,-0.004802957940730573,0.05053709018058137,3.7746320815948877,2.632984141597132,2.481915859489569,0.15106828210756285,1.6521853824789523,1.2927162221053183,0.35946916037363397,0.06618170642768417,0.04438836392295774,0.05777908909794573,1.2630679968500556,0.16672382044000272,0.008693208882641435,0.8369926176163228,0.4074947761511132,-0.009532029144995784,0.05120218598808364,3.8611915848905762,2.6977094981107084,2.551082867625304,0.14662663048540425,1.6739260014288948,1.3101087172652721,0.3638172841636228,0.0648972658244951,0.04330024561493433,0.05662763506239471,1.271806602405495,0.16201643665440452,0.00877862794540366
2123,0.8260518905539093,0.4049722218514485,-0.004796045125585971,0.05053289744722211,3.774628218617242,2.6325375707579197,2.4814328355537287,0.15110473520419096,1.65219093050948,1.2931953830635132,0.35899554744596673,0.06619168999500669,0.044396821536611515,0.05778759119455989,1.2630006908978615,0.1667199030061886,0.008692707517422696,0.8369240199622846,0.40748278910002245,-0.009524864637211541,0.0511979897671833,3.8611824619027963,2.697257954690971,2.5505942833994513,0.14666367129151978,1.67393192480927,1.310588178503345,0.3633437463059251,0.06490699951691584,0.04330849154619916,0.05663592673678786,1.2717397820481886,0.1620125778877569,0.008778130600805489
2124,0.8259715815748886,0.40495990620552125,-0.004797564687412131,0.05052798480739728,3.774499182272625,2.631995691105413,2.480844237680591,0.15115145342482217,1.6521822155693136,1.293654944592034,0.3585272709772796,0.06620420803927266,0.04440742624119079,0.05779833564682096,1.2629163116403466,0.16671437491805616,0.008692138032006188,0.8368437635984083,0.407470557586118,-0.00952602732147062,0.051193080334618724,3.8610473063534623,2.696710415651831,2.5499993051602394,0.14671111049159155,1.6739235363208,1.3110480011932228,0.3628755351275772,0.06491920532665119,0.04331883174021383,0.0566464074582333,1.2716560040031506,0.16200720658150664,0.00877756728574118
2125,0.8258872815245901,0.4049474391567703,-0.004805294055878873,0.05052282801633845,3.7743148464529397,2.6314220688657457,2.4802205361136904,0.15120153275205517,1.6521583103273598,1.294094310339249,0.3580639999881108,0.06621756460577131,0.04441874130278528,0.057809853921845164,1.2628262965546484,0.16670755896313288,0.00869154488449235,0.8367596620360463,0.40745822725598413,-0.009533323107638526,0.05118793567485838,3.860857132609819,2.6961314549494477,2.549369522205737,0.14676193274371097,1.6738999354084017,1.3114876104040822,0.3624123250043194,0.06493222062775134,0.043329857697643366,0.05665763674311211,1.2715666857500523,0.16200063400721817,0.008776981982388417
2126,0.8258071289110365,0.4049355949429259,-0.004816357009461147,0.0505179249241154,3.7741416728925823,2.63087662088633,2.479627457023451,0.15124916386287926,1.652119935599542,1.2945142158691316,0.35760571973041033,0.06623027154196374,0.04442950602781463,0.05782086093380729,1.2627406752170798,0.16670052056975077,0.00869098096439022,0.8366798736593843,0.40744656658797784,-0.009543937850388082,0.05118305485378784,3.860679376529121,2.6955818378653644,2.5487716097198065,0.14681022814555772,1.6738618742747708,1.3119077668093144,0.36195410746545637,0.06494458836969516,0.043340335073089584,0.056668355598995246,1.2714818266726462,0.16199388018486005,0.008776427032667983
2127,0.8257326025961578,0.40492484124477146,-0.004830400241679085,0.050513365982236325,3.7739893873116346,2.630366770140305,2.479072735857574,0.15129403428273114,1.6520693678217953,1.2949166514540607,0.3571527163677347,0.0662422091812975,0.044439619040344276,0.05783125162108595,1.2626602514103624,0.16669418700274125,0.008690459221881467,0.8366058693865103,0.4074360348150611,-0.009557566380630725,0.05117852783692195,3.8605238797252985,2.6950690601479743,2.5482133932653377,0.1468556668826366,1.6738116615791707,1.3123104864599608,0.36150117511921,0.06495619113317976,0.04335016439438315,0.056678460728408,1.2714022298793228,0.161987829632913,0.008775915208616699
2128,0.8256646746829349,0.4049154877245222,-0.004847372841324943,0.050509210658390855,3.7738650904981985,2.629897368429891,2.478561424301638,0.15133594412825346,1.6520089515588474,1.2953036661965607,0.3567052853622868,0.06625329962937986,0.04444901435186949,0.057840954979346874,1.262585547178316,0.1666888562657057,0.008689988196087918,0.8365386112954537,0.4074269331461447,-0.009574174577979891,0.051174413478724964,3.8603978163319796,2.69459801153985,2.5476999759436523,0.14689803559619752,1.673751669298556,1.3126978403883274,0.36105382891022864,0.0649669522360928,0.04335928070000689,0.05668788206515869,1.2713284187056932,0.16198276472263903,0.008775454876496116
2129,0.82560404994782,0.404907728864832,-0.004866938530361978,0.05050550206848935,3.7737748471987778,2.6294722475238252,2.478097566839039,0.1513746806847863,1.6519409913395497,1.2956772803597392,0.3562637109798106,0.06626347232070176,0.044457632182574744,0.057849905022052804,1.2625170350754913,0.16668470002120925,0.008689573775026844,0.8364787901071044,0.4074194477240057,-0.009593434963004646,0.05117075403526549,3.8603072779903367,2.6941725234734046,2.5472354110000044,0.14693711247340008,1.6736842246277912,1.3130718669903323,0.36061235763745897,0.064976802736846,0.04336762558585534,0.056696554960548526,1.271260863281098,0.1619788467609516,0.008775051733561787
2130,0.8255512322788635,0.4049016656516779,-0.004888446359237672,0.05050227104016386,3.773723984967153,2.6290945461719186,2.477684540348946,0.15141000582297268,1.6518677021951589,1.2960394446182073,0.3558282575769515,0.0662726590080793,0.04446541471662167,0.057858036857690705,1.2624551720029453,0.16668182849757449,0.008689219783630846,0.8364268919415306,0.4074136712923621,-0.009614701152759024,0.0511675792472212,3.860257577958316,2.6937957010428684,2.5468230469470896,0.14697265409577867,1.673611560186433,1.3134345310112265,0.36017702917520644,0.06498567653438525,0.0433751430541915,0.056704416346719994,1.2712000142254314,0.1619761777311162,0.00877470939563051
2131,0.8255065164622687,0.40489731604814905,-0.00491103007723763,0.05049953561000578,3.7737168573458337,2.628766531101297,2.477324843740182,0.15144168736111474,1.6517911784314159,1.2963920136056517,0.3553991648257643,0.06628080050649413,0.04447231181521691,0.05786529277818129,1.2624003538755963,0.1666803030403412,0.008688928044627606,0.836383190650982,0.40740961374125145,-0.00963710852022065,0.051164905870548935,3.860253015207724,2.6934697450641636,2.5464653183023285,0.1470044267618349,1.6735357825560961,1.3137876969053957,0.3597480856507004,0.06499351689427714,0.043381785042243486,0.056711410635698706,1.271146257980482,0.16197481235294284,0.008774429464363822
2132,0.8254699658761696,0.40489462328867964,-0.004933739966120884,0.05049729965886585,3.773756504959715,2.628489323273304,2.477019784706681,0.1514695385666235,1.651713363880728,1.2967367202530342,0.3549766436276937,0.06628785562869315,0.04447828858643625,0.05787163021913583,1.2623528555621695,0.1666801379765924,0.008688698339146924,0.8363477262381824,0.4074072105739989,-0.009659706865544314,0.05116273635610946,3.8602965358769934,2.69319567889871,2.5461634327839953,0.1470322461147145,1.6734588424306829,1.3141331030929981,0.35932573933768475,0.0650002851132315,0.0433875187623849,0.0567174974463697,1.2710998575072368,0.16197476000015743,0.008774211497178412
2133,0.8254414019411064,0.4048934605534796,-0.004955663106258078,0.050495552266423466,3.7738444707925756,2.6282627607114124,2.4767693221936513,0.1514934385177609,1.6516360206678893,1.2970751485989245,0.35456087206896486,0.06629380577188096,0.0444833292708571,0.05787702590140631,1.2623128001194872,0.1666812992697998,0.008688528395519748,0.8363202951460529,0.40740632778031766,-0.00968158128904062,0.051161058255579504,3.860389551773549,2.6929732143422105,2.5459172169607354,0.1470559973814751,1.6733825034352512,1.3144723348128138,0.35891016862243735,0.06500596491383484,0.0433923304251485,0.05672265558015384,1.2710609222686893,0.16197598355815176,0.008774053004504389
2134,0.8254204266783592,0.4048936366603842,-0.004975994216969162,0.050494269091071756,3.773980910595048,2.628085527355018,2.476572203333582,0.1515133240214358,1.6515606989893215,1.2974087072614662,0.35415199172785516,0.06629865244713637,0.044487435148595156,0.05788147385277896,1.262280175516128,0.16668370501264013,0.008688414071757525,0.8363004737646335,0.407406767711747,-0.009701923418049964,0.05115984565936556,3.8605320586105876,2.6928008875500797,2.545725260843829,0.14707562670625035,1.6733083121209367,1.3148067977667584,0.3585015143541784,0.06501055992343571,0.04339622310345517,0.05672688099579655,1.2710294256006924,0.16197840004607555,0.008773949638344363
2135,0.8254064803919361,0.40489491195544985,-0.0049940496700452,0.05049341589836602,3.7741649048018657,2.6279554678028267,2.476426295754459,0.1515291720483676,1.6514887144260613,1.2977386090474068,0.3537501053786545,0.06630241154200356,0.044490619678838446,0.057884980699078534,1.2622548733041272,0.16668723279241773,0.008688349836360135,0.8362876771888439,0.4074082851463822,-0.009720045687280451,0.051159062790861354,3.860722958698798,2.6926763833731693,2.5455852606628246,0.14709112271034447,1.6732375756617697,1.3151376980359735,0.3580998776257963,0.06501408796415034,0.043399211895372464,0.05673018211749591,1.2710052438989585,0.16198188784817122,0.008773895678460512
2136,0.825398907304868,0.4048970215563968,-0.005009252154563458,0.050492952575991346,3.7743947613158397,2.627869890829857,2.4763288993598813,0.15154099146997585,1.6514211390618423,1.2980658619559586,0.3533552771058837,0.06630510917165447,0.04449290498514545,0.05788756238610449,1.2622367165590815,0.1666917324640435,0.008688329368083978,0.836281225902765,0.4074106106657415,-0.0097353662230856,0.05115866808552549,3.860960374171336,2.6925968479995714,2.5454943406381623,0.14710250736140904,1.6731713535333614,1.3154660335331738,0.3577053200001877,0.065016576904072,0.04340132040945213,0.05673257654909471,1.270988185066738,0.16198629912653767,0.008773884637594709
2137,0.8253969977390754,0.40489969808267295,-0.0050211191356885065,0.050492835713801434,3.7746681186069506,2.6278256821337527,2.4762768467040974,0.15154883542965536,1.651358806616632,1.2983912719028534,0.35296753471377856,0.06630678261548173,0.044494322648882784,0.05788924526859552,1.2622254535682114,0.1666970396019863,0.00868834602070283,0.836280388806031,0.40741347345362466,-0.009747397468242741,0.051158616822704915,3.86124175724506,2.692559007700507,2.54544915994705,0.14710984775345706,1.6731104633605782,1.3157925972980102,0.35731786606256793,0.0650180654854903,0.0434025814663591,0.056734092063193534,1.2709779828272674,0.16199147285402463,0.00877390973195491
2138,0.8253999929341339,0.4049026897337462,-0.005029269986125587,0.050493018898405184,3.7749817682579363,2.6278191537740248,2.4762663158992098,0.151552837874815,1.6513023255027839,1.2987154523587265,0.35258687314405746,0.06630748758480104,0.04449491986608458,0.05789007261438637,1.2622207088943829,0.16670298584899584,0.008688393033644496,0.8362843886360849,0.4074166193990593,-0.009755753364580164,0.05115886145714005,3.8615637153755626,2.6925590200577076,2.545445727590482,0.1471132924672255,1.6730554947857266,1.3161179877850804,0.35693750700064614,0.06501861035136403,0.04340304305137217,0.05673477289356052,1.2709742485425188,0.16199724484075212,0.008773964098332705
2139,0.8254070620981547,0.40490577336591577,-0.00503345043531668,0.050493451309216994,3.775331283912186,2.6278457141918588,2.4762924496461003,0.15155326454575835,1.651252091539332,1.299038834266086,0.3522132572732461,0.0663073094808202,0.04449476898468002,0.057890114511830904,1.26222190756934,0.16670940442121196,0.008688463538064274,0.836292379462581,0.407419824198426,-0.009760173708847047,0.051159350242147,3.8619216394924343,2.6925921427537145,2.5454790200303177,0.1471131227233968,1.6730068230343706,1.3164426194621166,0.35656420357225393,0.06501829698629841,0.043402777583070914,0.056734689367694886,1.2709763961884573,0.1620034531041618,0.008774040807391628
2140,0.8254172777121415,0.40490876112482294,-0.005033562708929545,0.05049407620780022,3.7757107122933222,2.6278995915411048,2.4763490405591297,0.1515505509819752,1.65120829480503,1.2993616717341925,0.3518466230708374,0.0663063720613072,0.04449397484649111,0.05788947546238195,1.262228216700256,0.1667161307595242,0.008688550487787723,0.8363034223456597,0.40742290001486414,-0.009760554113953143,0.05116002574061678,3.8623093946460667,2.692652455978228,2.5455426654571385,0.1471097905210896,1.6729646166234498,1.3167667291889282,0.35619788743452147,0.06501724812900857,0.04340188903998318,0.056733945278987105,1.270983584632884,0.16200993857043602,0.008774132800312683
2141,0.8254296138205119,0.4049115027968916,-0.005029686457729367,0.05049483083343909,3.776112528392111,2.6279737942542334,2.4764284847747495,0.1515453094794838,1.6511709208669554,1.2996840436173616,0.3514868772495938,0.06630483889837865,0.04449267602220324,0.05788829567412278,1.2622385355612855,0.16672300157764183,0.008688646674080518,0.8363164839462344,0.40742569785052535,-0.009756966820901887,0.051160824740145126,3.8627192779024027,2.6927328248465794,2.5456288994344156,0.14710392541216358,1.672928839430237,1.3170903784679868,0.3558384609622503,0.06501562514084173,0.043400514119933425,0.05673267910051329,1.270994708157458,0.16201654421892012,0.00877423290612581
2142,0.8254429863385558,0.40491388938409745,-0.005022073560746999,0.050495648869043605,3.7765279651536847,2.62806040990788,2.4765221101085095,0.1515382997993706,1.6511397515443622,1.3000058550451752,0.35113389649918697,0.06630290585582162,0.0444910384385024,0.05788674457129872,1.2622515461075308,0.16672985649745986,0.008688744985553401,0.8363304771658329,0.40742811112471716,-0.009749655550238066,0.05116168073926555,3.8631423552211994,2.69282520414995,2.5457288995903458,0.147096304559604,1.6728992522764603,1.3174134556308537,0.3554857966456067,0.06501362060317399,0.04339881596890177,0.05673105759235632,1.2710084470760679,0.1620231166900147,0.00877433410046136
2143,0.8254563430420196,0.40491586160780396,-0.005011111464948814,0.05049646594621894,3.7769477482089293,2.6281512674760337,2.4766209025767796,0.15153036489925406,1.6511143736576375,1.3003268456321497,0.35078752802548774,0.0663007845660812,0.04448924138054779,0.057885006523192215,1.2622658240776254,0.16673654515100528,0.008688838993228448,0.8363443514425856,0.40743008412205906,-0.009738999160342751,0.05116252947127049,3.863569208056982,2.692921310656871,2.5458335233653573,0.14708778729151356,1.672875422481981,1.3177356846916246,0.35513973779035657,0.06501144212554981,0.04339697046403326,0.0567292618065818,1.271023378606526,0.16202951310614863,0.008774430085096359
2144,0.8254687874038518,0.4049174249614073,-0.004997266889630397,0.05049722722079758,3.7773630752065577,2.6282388136096126,2.4767164635519716,0.15152235005764103,1.6510942049002777,1.3006466116545863,0.35044759324569136,0.0662986812599714,0.0444874595574882,0.057883262565517,1.2622799814216679,0.16674294102580148,0.008688923789458902,0.8363572167436428,0.40743162688522905,-0.009725456024421486,0.05116331648925922,3.863990926643387,2.6930135112266282,2.545934278491183,0.1470792327354455,1.6728567505223,1.318056648152204,0.35480010237009596,0.06500929162508443,0.0433951486601118,0.05672746918431541,1.2710381188294684,0.16203561431365385,0.008774516117584088
2145,0.8254797071983099,0.4049186724022633,-0.0049810252775936426,0.05049789523990958,3.77776655968392,2.628316948365825,2.4768019134938477,0.15151503487197704,1.6510785418910205,1.3009646461900721,0.3501138957009483,0.06629677806251279,0.04448584725716588,0.057881674291534395,1.262292792192531,0.16674896086311186,0.008688996930747848,0.8363684720596403,0.40743283762625804,-0.009709504431312493,0.05116400502650183,3.864400065725314,2.693095668405723,2.5460242379930196,0.14707143041270335,1.6728425188187983,1.3183758277322943,0.354466691086504,0.06500734704058624,0.043393501298615494,0.05672583779495475,1.271051448022312,0.16204134340321033,0.00877458994307128
2146,0.8254888893538771,0.4049198152081115,-0.005031666661761039,0.050498456967828675,3.7781529595668775,2.6283816599777694,2.476872563448774,0.15150909652899558,1.6510666291415805,1.3012803961181034,0.349786233023477,0.06629522120215844,0.04448452835752165,0.05788037378696112,1.262303271955152,0.16675458663819892,0.008689059387323964,0.8363779198593091,0.40743393320076865,-0.009761326926729118,0.05116458299791957,3.8647913802596756,2.693163780838968,2.546098718375759,0.1470650624632087,1.672831961348847,1.3186926618839165,0.35413929946493045,0.0650057508371073,0.0433921490693069,0.05672449651413518,1.2710623895011515,0.16204668667817557,0.00877465273302103
2147,0.8254482587269812,0.40492048239927786,-0.005045697750103162,0.05049597145555486,3.77807910314386,2.6280349152378397,2.4764865606704634,0.1515483545673765,1.6510577440981977,1.3015925424733967,0.34946520162480105,0.06630476053957107,0.04449260964026786,0.05788869649491262,1.2622390628445643,0.16675469673823126,0.00868884123978323,0.8363376348398109,0.4074346608255369,-0.00977530587748894,0.05116211862078097,3.8647165897262306,2.692815338505179,2.545710763182733,0.14710457532244595,1.672824349185824,1.3190058265434974,0.3538185226423265,0.0650150136857991,0.04339999612367515,0.05673257914965288,1.2709988988596135,0.16204679714811282,0.008774440920321003
2148,0.8254103740112245,0.404920700278,-0.005057678468729454,0.050493653921867276,3.778025547169129,2.627715895659823,2.476131855807057,0.15158403985276614,1.6510416214337742,1.3018936913620722,0.3491479300717021,0.06631346906904154,0.04449998710118683,0.057896314400198094,1.2621804533743841,0.1667547005169404,0.00868863369873489,0.8363000975908453,0.4074349380756312,-0.009787235306015468,0.051159822335987565,3.864662469058184,2.692494994641409,2.5453545218549682,0.1471404727864409,1.6728094412352037,1.3193079472032156,0.35350149403198816,0.06502346337838498,0.0434071543100304,0.056739971671982706,1.270940989121688,0.16204680946496755,0.00877423937956048
2149,0.8253749950551706,0.4049205937630291,-0.005067721929503395,0.05049148967199195,3.777989555478041,2.627421268884835,2.475804609400851,0.15161665948398417,1.651019534092642,1.3021849460771904,0.3488345880154514,0.06632145895798051,0.04450675576328923,0.057903322562028715,1.2621266867276697,0.1667547956124098,0.00868843671137158,0.8362650649772989,0.4074348888284408,-0.009797240436651367,0.051157679266316425,3.864626220550575,2.6921993560201014,2.5450260884436164,0.1471732675764851,1.6727885166298522,1.3196001321069586,0.3531883845228936,0.06503120996781943,0.0434137168601144,0.05674676738869312,1.2708879041683798,0.16204690806353728,0.008774048076040167
2150,0.8253418696056796,0.404920238751217,-0.005076101764846783,0.05048946327462349,3.7779687680593663,2.6271481202437554,2.475501499792751,0.15164662045100452,1.6509925796944116,1.3024672682666152,0.34852531142779636,0.0663288224735617,0.04451299379103095,0.05790979867249847,1.262077140482044,0.16675497837196138,0.008688249657750889,0.8362322840031027,0.40743458883069944,-0.009805593270438659,0.05115567393501959,3.864605440372341,2.691925464805769,2.5447220934913934,0.14720337131437536,1.672762677962327,1.3198833468809474,0.35287933108137953,0.06503834383982743,0.04341976034450731,0.05675304244666585,1.2708390231243827,0.16204708956762762,0.008773866421325527
2151,0.8253107661357235,0.40491968906056686,-0.0050830560661239005,0.05048756056640678,3.7779611722343724,2.6268939424795485,2.475219682189055,0.1516742602904937,1.6509616956461066,1.3027414900453174,0.34822020560078926,0.06633563699159989,0.04451876673360169,0.05791580770485327,1.2620312927776474,0.16675524217592813,0.008688071806998033,0.8362015225380726,0.4074340919397656,-0.009812530415298788,0.05115379214184884,3.864598077270444,2.6916707759478133,2.5444396501686404,0.1472311257791729,1.6727328669667145,1.3201584271018036,0.35257443986491094,0.06504494083235425,0.04342534900958727,0.05675886056317261,1.2707938251524036,0.16204734774329685,0.00877369371277104
2152,0.825281471047541,0.40491898362959333,-0.005088793100874581,0.050485768480826324,3.7779650002233396,2.6266565361148517,2.4749566700725527,0.15169986604229913,1.6509276793086407,1.3030083301507867,0.347919349157854,0.06634196895689665,0.04452413087994529,0.0579214053831872,1.2619886955805883,0.16675557866650748,0.008687902375318383,0.8361725664969326,0.4074334372245327,-0.009818258775634192,0.051152020790466324,3.8646023294263987,2.6914330567454345,2.544176234900399,0.14725682184503583,1.6726998847776573,1.3204260945259998,0.3522737902516574,0.06505106608388511,0.04343053803764778,0.056764276398324987,1.27075186299736,0.16204767467863382,0.008773529191978343
2153,0.8252537864428134,0.4049181505246689,-0.005093495683317073,0.050484074911786775,3.777978670929314,2.626433948323243,2.4747102628920423,0.15172368543120085,1.6508912055872846,1.3032684080372718,0.34762279755001285,0.06634787623881964,0.044529135254297136,0.057926640225285216,1.2619489587703812,0.16675597831220929,0.008687740554604967,0.8361452175965066,0.40743265292721237,-0.009822959898893369,0.05115034775123409,3.8646165856793226,2.691210325112855,2.5439296144324564,0.14728071068039886,1.6726644095992782,1.3206869712468665,0.3519774383524117,0.06505677632715115,0.04343537549001855,0.056769337544789925,1.2707127472083273,0.1620480613280541,0.008773372073811405
2154,0.8252275291423401,0.4049172097822396,-0.00509732443310746,0.05048246865363522,3.7780007565577334,2.62622443459206,2.474478500352082,0.1517459342399777,1.650852842317119,1.3035222562056517,0.34733058611146733,0.06635340966494212,0.04453382291541201,0.057931554863383444,1.261911739774149,0.1667564308037249,0.008687585536064153,0.8361192923683604,0.4074317592832217,-0.009826793218933372,0.05114876180080455,3.8646393917112096,2.6910008107802352,2.543697799632332,0.14730301114790353,1.6726270121586515,1.3209415920788776,0.35168542007977394,0.06506212138625611,0.043439903575361816,0.056774085817524536,1.2706761358345697,0.16204849789634793,0.008773221570371775
2155,0.8252025306903593,0.40491617553484544,-0.005100420087580562,0.050480939401417194,3.778029966213225,2.626026436207838,2.4742596350679573,0.15176680113988048,1.6508130639138752,1.3037703311452677,0.3470427327686073,0.06635861400030905,0.04453823178615294,0.057936186879563915,1.2618767369416815,0.16675692548070847,0.008687436531976222,0.8360946221546017,0.40743077063561384,-0.009829898367364504,0.051147252621856557,3.86466943330627,2.6908029324209113,2.5434790177589357,0.14732391466197572,1.6725881694164584,1.3211904155473344,0.351397753869124,0.06506714513572445,0.04344415946213295,0.05677855807225471,1.2706417278189777,0.16204897425062348,0.008773076912988637
2156,0.8251786381829229,0.4049150578367894,-0.005102905144403758,0.050479477801547906,3.778065139935998,2.625838567823828,2.4740521167519605,0.15178645107186733,1.6507722636605593,1.3040130231840374,0.3467592404765219,0.06636352860109247,0.04454239520723741,0.057940569358670986,1.2618436851188166,0.1667574518110505,0.008687292798940847,0.8360710539214995,0.4074296972502909,-0.0098323968261438,0.05114581085286557,3.864705530121582,2.6906152849319027,2.5432716963414057,0.1473435885904972,1.672548276905733,1.3214338337801763,0.3511144431255567,0.06507188614272358,0.043448175822641495,0.0567827867489714,1.270609258569701,0.16204948038060596,0.008772937375540277
2157,0.8251557147158909,0.4049138640591079,-0.0051048853955538015,0.05047807547921457,3.778105243896796,2.6256596064112605,2.473854578408961,0.1518050280022997,1.6507307649310878,1.3042506654878352,0.3464800994432526,0.06636818795584458,0.044546342395761954,0.05794473134135824,1.261812351982905,0.16675799978429368,0.008687153654617483,0.8360484506942659,0.40742854670342216,-0.009834393469913563,0.05114442811469515,3.8647466306390594,2.690436628127398,2.543074449096527,0.14736217903087112,1.6725076599994593,1.3216721815425323,0.3508354784569269,0.06507637819921525,0.04345198128386494,0.0567868003176125,1.2705784962916618,0.16205000677566392,0.00877280229126337
2158,0.8251336393000002,0.40491260004105806,-0.005106451424607125,0.050476725033175435,3.7781493629549594,2.6254884783412593,2.4736658207216284,0.15182265761963085,1.6506888313811572,1.304483542233331,0.3462052891478263,0.06637262223567472,0.04455009891128637,0.05794869828496084,1.2617825343231266,0.16675856029352826,0.00868701848902249,0.8360266914592228,0.40742732502441775,-0.009835978071784657,0.05114309700460744,3.8647918044866727,2.69026587357253,2.5428860600475742,0.1473798135249557,1.6724665841383666,1.3219057444390985,0.3505608396992682,0.0650806508615345,0.043455600884554954,0.05679062373026095,1.270549238271989,0.16205054478893938,0.008772671064113844
2159,0.825112306609904,0.40491127087525747,-0.005107679930406103,0.05047542002040137,3.778196695553785,2.625324248955424,2.473484799602147,0.1518394493532768,1.6506466761030416,1.3047118959516382,0.3459347801514035,0.06637685771289618,0.04455368701049192,0.05795249240864235,1.2617540552092494,0.16675912544974872,0.008686886771170218,0.8360056708991592,0.40742603747448136,-0.009837226636007654,0.05114181108007028,3.86484023712082,2.690102073933707,2.5427054708385155,0.14739660309519148,1.6724252640163746,1.3221347662823044,0.3502904977340701,0.06508472986149715,0.04345905642350846,0.056794278760266034,1.2705213080491053,0.16205108693552273,0.008772543175434272
2160,0.8250916268108649,0.40490988143549933,-0.00510863494752864,0.05047415494547482,3.778246551871447,2.6251661155083013,2.473310617772343,0.15185549773595808,1.6506044698147182,1.3049359340991038,0.3456685357156143,0.06638091704312851,0.04455712588616523,0.0579561329196423,1.2617267620815114,0.16675968872754673,0.008686758053519658,0.8359852992065869,0.4074246890702222,-0.009838202621341677,0.051140564847331135,3.864891227794311,2.6899444157344083,2.5425317721113267,0.14741264362308146,1.6723838717945687,1.3223594556829843,0.35002441611158436,0.06508863738447623,0.043462366695141114,0.05679778422549145,1.270494553495677,0.16205162703039083,0.008772418188397788
2161,0.8250715248530173,0.40490843665450954,-0.005109369191801355,0.05047292521741489,3.7782983495574958,2.6250133983052164,2.4731425146125745,0.15187088369264168,1.6505623481954192,1.3051558349449213,0.3454065132504981,0.06638481955290533,0.0445604319108462,0.05795963624375884,1.2617005248057822,0.16676024495673586,0.008686631970922162,0.8359655013679188,0.40742328486000867,-0.009838958281576854,0.05113935371762675,3.86494418509864,2.689792210302657,2.542364193144911,0.1474280171577461,1.6723425444564293,1.322579991953729,0.34976255250270005,0.0650923923525856,0.04346554772938723,0.05680115621549792,1.2704688448688446,0.16205216017961968,0.00877229574700217
2162,0.8250519391795594,0.404906941629619,-0.005109925458623495,0.05047172707065124,3.778351605540205,2.624865528764278,2.472979852781539,0.15188567598273883,1.6505204183464806,1.3053717527586655,0.34514866558781515,0.06638858158109331,0.04456361892606238,0.05796301630309328,1.2616752333688974,0.16676079028510502,0.008686508234566275,0.8359462158650453,0.40742183003020227,-0.009839536056725315,0.051138173927752384,3.8649986185562066,2.6896448816286718,2.5422020882472296,0.14744279338144237,1.6723013902843702,1.322796530308977,0.34950485997539305,0.0650960107599632,0.0434686130757362,0.05680440836453309,1.2704440725056765,0.16205268274366733,0.008772175570121733
2163,0.8250328203654924,0.40490540164048217,-0.005110337909107712,0.050470557481750965,3.7784059275982838,2.624722037831085,2.472822105324316,0.15189993250676942,1.6504787643477445,1.305583822273968,0.3448949420737767,0.06639221679559108,0.04456669851062145,0.0579662847740144,1.2616507957419172,0.1667613221215689,0.0086863866246384,0.8359273933084258,0.4074203299243027,-0.009839969851870606,0.05113702245644315,3.865054129984028,2.6895019545845607,2.542044923645102,0.14745703093945886,1.6722604944289423,1.3230092063389263,0.34925128809001615,0.06509950598382655,0.04347157406674419,0.05680755210512949,1.2704201446861851,0.16205319228190887,0.008772057444279186
2164,0.8250141297748033,0.4049038220783537,-0.0051106332916724395,0.050469414087275274,3.77846100657917,2.624582545484514,2.4726688440896,0.15191370139491403,1.6504374519860685,1.30579216248957,0.3446452894964984,0.06639573646504485,0.044569680210796075,0.05796945130749983,1.2616271360471933,0.1667618389892157,0.00868626698218253,0.8359089950905222,0.4074187899749561,-0.00984028624740265,0.051135896942001394,3.865110405523846,2.6893630442559546,2.541892265704944,0.14747077855101065,1.6722199236477335,1.3232181398189022,0.3490017838288313,0.06510288905151998,0.04347444004426418,0.0568105968848875,1.270396985798996,0.1620536874119696,0.008771941215622237
2165,0.8249958380429137,0.4049022083841782,-0.005110832175649838,0.05046829509094734,3.7785166062935307,2.6244467486938703,2.472519726416578,0.15192702227729205,1.6503965327424226,1.3059968798769526,0.34439965286547003,0.06639914977457656,0.04457257180779417,0.05797252379013158,1.2616041924307515,0.1667623403391058,0.00868614920007714,0.8358909918659685,0.40741721564453687,-0.009840505718477242,0.05113479558932485,3.865167205343641,2.689227843721736,2.541743767419775,0.14748407630196064,1.6721797303010646,1.3234234379238663,0.3487562923771983,0.0651061689501036,0.043477218621715275,0.05681355042259782,1.270374534216948,0.16205416763195093,0.00877182678104054
2166,0.8249779233024365,0.4049005659624858,-0.005110950162311417,0.05046719915511537,3.778572550779075,2.6243144074904325,2.472374479753184,0.15193992773724824,1.6503560470767629,1.3061980710258907,0.3441579760508721,0.06640246418886586,0.04457537962534495,0.05797550864810555,1.2615819146174774,0.16676282637942355,0.00868603321233993,0.8358733617773281,0.40741561234192714,-0.009840643831833397,0.05113371706136975,3.865224350701879,2.6890961099435664,2.541599152822077,0.14749695712148925,1.672139955644152,1.3236251978798022,0.3485147577643498,0.06510935298174764,0.043479915985156305,0.05681641900601392,1.2703527398602188,0.16205463315730076,0.008771714077645881
2167,0.8249603695237286,0.4048989001401239,-0.005110998959694524,0.05046612529923829,3.778628711512677,2.6241853315289347,2.4722328867696186,0.1519524447593159,1.6503160270295738,1.3063958247430585,0.3439202022865152,0.0664056858100606,0.0445781088329041,0.057978411149455816,1.2615602615020998,0.16676329793081662,0.008685918984520959,0.835856088796674,0.4074139853836532,-0.009840712307647659,0.051132660377699445,3.8652817109777593,2.6889676501613375,2.5414582019101974,0.14750944825114,1.6721006324352026,1.3238235090675619,0.34827712336764083,0.06511244711377062,0.043482537189821806,0.05681920778761033,1.2703315617971245,0.1620550847828957,0.008771603073339317
2168,0.8249431649180767,0.4048972161107457,-0.005110987388745276,0.05046507280220329,3.778684994915711,2.6240593673254264,2.4720947712390013,0.1519645960864251,1.650276498231362,1.3065902236767095,0.3436862745546524,0.06640881971497495,0.04458076373131235,0.05798123568995544,1.2615391988802884,0.16676375624411627,0.008685806504295283,0.8358391611314926,0.40741233994130344,-0.00984072001089821,0.05113162481696801,3.865339191012941,2.6888423089822724,2.5413207363605075,0.14752157262176482,1.6720617869510168,1.3240184546524336,0.3480433322985832,0.06511545630828022,0.043485086439378526,0.0568219210642483,1.2703109659854062,0.1620555237097608,0.00877149375758418
2169,0.8249263006945212,0.40489551889409386,-0.005110922162686812,0.050464041126276935,3.778741332538387,2.6239363882956974,2.4719599870135545,0.15197640128214313,1.650237481391841,1.3067813455248325,0.34345613586700846,0.06641187021880188,0.04458334797620041,0.0579839860170022,1.261518697674401,0.1667642028538155,0.00868569577416392,0.835822569984037,0.40741068100370026,-0.009840673719131422,0.051130609841026006,3.865396721164983,2.6887199583000374,2.541186608367852,0.14753334993218556,1.6720234404822136,1.3242101127971309,0.34781332768508283,0.06511838478016452,0.043487567304483485,0.05682456249634611,1.270290923504647,0.1620559514060161,0.008771386134256374
2170,0.8249097701418354,0.4048938132936956,-0.005110808497834615,0.0504630298609474,3.7787976739659817,2.623816287528322,2.4718284100409935,0.15198787748732875,1.6501989933915608,1.306969263924988,0.343229729466573,0.06641484106418795,0.04458586473816421,0.05798666538989583,1.2614987326613978,0.16676463942788114,0.008685586805939356,0.8358063086352076,0.40740901333742197,-0.00984057872289569,0.0511296150388791,3.8654542501119713,2.6886004899748617,2.541055692555592,0.14754479741926968,1.6719856104308,1.3243985575563793,0.3475870528744206,0.06512123618234911,0.043489982879725254,0.056827135265032094,1.270271409287016,0.1620563694645527,0.008771280216245372
2171,0.8248935679552326,0.4048921038633591,-0.005110650569770163,0.050462038681737736,3.778853981650569,2.62369897251037,2.471699932540906,0.15199903996946423,1.6501610480807718,1.3071540491096632,0.34300699897110876,0.06641773555876193,0.04458831681927299,0.05798927669636983,1.2614792815475488,0.16676506764804744,0.008685479616675977,0.8357903717723558,0.4074073414559207,-0.009840439274223928,0.051128640085568194,3.86551173960146,2.68848381048319,2.540927880064605,0.14755593041858492,1.6719483111147613,1.3245838595368549,0.34736445157790646,0.0651240137408606,0.043492335898043466,0.05682964218667859,1.2702524011919123,0.16205677948972852,0.008771176021472819
2172,0.8248776896814812,0.40489039488729445,-0.005110451869234367,0.050461067316262084,3.7789102264963996,2.6235843606995406,2.4715744581066756,0.15200990259286476,1.650123656863741,1.3073357683897238,0.34278788847401725,0.06642055669207952,0.04459070675213918,0.05799182255208861,1.2614603241817601,0.16676548912520658,0.00868537422539442,0.8357747549355359,0.40740566960185776,-0.00984025893688404,0.051127684708295346,3.865569159967941,2.6883698364270168,2.540803073583005,0.14756676284401193,1.6719115543577563,1.3247660863849362,0.34714546797282014,0.06512672036964988,0.04349462882800171,0.05683208581066748,1.2702338792193921,0.16205718301741082,0.0087710735696929
2173,0.8248621312217029,0.4048886903557546,-0.005110215483258448,0.050460115513810445,3.7789663839030054,2.623472375626045,2.471451897400925,0.15202047822511966,1.650086829113663,1.30751448650208,0.342572342611583,0.06642330723740061,0.04459303688613954,0.05799430538744288,1.2614418418710496,0.1667659053442694,0.00868527065007949,0.8357594540218957,0.40740400172470903,-0.009840040863547013,0.05112674865610593,3.8656264861223497,2.688258490585817,2.5406811829839295,0.14757730760188775,1.6718753499090877,1.32494530313842,0.34693004677066774,0.06512935877038334,0.04349686395832604,0.05683446850455072,1.2702158248266957,0.16205758146286958,0.008770972879560019
2174,0.8248468884331128,0.40488699394160277,-0.0051099443022937716,0.050459183020986204,3.7790224306023417,2.6233629438117356,2.4713321647579924,0.15203077905374315,1.6500505724466372,1.3076902658443492,0.3423603066022881,0.06642598983140781,0.04459530945494887,0.05799672751563725,1.26142381684443,0.16676631762868,0.008685168905235425,0.8357444648891471,0.4074023414590053,-0.00983978800022936,0.051125831675631936,3.8656836943507504,2.6881496987992057,2.5405621218856647,0.14758757691354127,1.671839705722558,1.325121572465086,0.3467181332574721,0.06513193151054546,0.04349904346406981,0.05683679252080096,1.270198220393365,0.1620579760872882,0.0087708739662428
2175,0.8248319567110236,0.4048853089495492,-0.0051096412200940106,0.050458269556135936,3.77907834157727,2.6232559918128016,2.4712151749536444,0.15204081685915727,1.6500148928885958,1.3078631666236258,0.34215172626497015,0.06642860704576843,0.04459752663716401,0.05799909119367879,1.2614062317717476,0.16676672709296736,0.008685068999053799,0.8357297829396589,0.40740069207527546,-0.009839503282937555,0.05112493348564975,3.865740759200958,2.6880433869792273,2.5404458043857034,0.14759758259352382,1.6718046281281316,1.3252949548152544,0.34650967331287713,0.0651344410934306,0.04350116946590753,0.05683906005649835,1.2701810487419987,0.16205836795287443,0.008770776838649628
2176,0.824817330744736,0.40488363828155266,-0.005109309230423992,0.05045737479441682,3.7791340883066598,2.6231514445447894,2.471100841381888,0.15205060316290148,1.649979794941941,1.3080332469247717,0.3419465480171693,0.06643116142663222,0.044599690589764596,0.05800139865603494,1.2613890694980654,0.16676713462876136,0.008684970931709338,0.8357154028772947,0.4073990564465595,-0.009839189733632861,0.0511240537622054,3.8657976517075885,2.687939479415062,2.540332143213769,0.14760733620129304,1.6717701219032506,1.3254655084938196,0.34630461340943103,0.06513688999687603,0.04350324406294763,0.05684127328635366,1.2701642928730021,0.16205875790966856,0.00877068149775697
2177,0.824803004381551,0.4048819844051182,-0.005108951487264576,0.05045649835947791,3.7791896379322862,2.6230492244802686,2.4709890751982146,0.15206014928205405,1.6499452815966942,1.3082005627340716,0.3417447188626227,0.06643365551087298,0.04460180346187201,0.058003652128301636,1.2613723129343588,0.1667675408815478,0.008684874694284535,0.8357013185719646,0.40739743701763564,-0.009838850519569939,0.051123192130328884,3.865854338547952,2.6878378979585325,2.5402210488605284,0.14761684909800415,1.6717361902883843,1.3256332896874237,0.34610290060096055,0.06513928068931617,0.04350526934633287,0.056843434376227034,1.270147935854567,0.16205914657362963,0.008770587935553038
2178,0.8247889707175468,0.4048803493549706,-0.00510857125787087,0.050455639829013466,3.7792449540798847,2.6229492523887403,2.4708797861398875,0.15206946624885298,1.6499113543133346,1.3083651679399975,0.34154618637333717,0.06643609180619171,0.04460386737789389,0.05800585380999705,1.26135594519103,0.16676794626262323,0.008684780269290577,0.8356875231496427,0.40739583580704103,-0.009838488908083642,0.051122348169541094,3.865910782863928,2.687738562762163,2.540112430395447,0.14762613236671598,1.6717028349739387,1.3257983524684809,0.3459044825054578,0.06514161561069727,0.04350724738307217,0.056845545466608416,1.2701319609530917,0.16205953433811304,0.008770496135550152
2179,0.8247752221918406,0.4048787347403168,-0.0051081718899055675,0.050454798740529126,3.779299997656578,2.6228514480466965,2.4707728833069402,0.15207856473975606,1.6498780130255106,1.308527114349638,0.34135089867587254,0.06643847277301462,0.04460588442218879,0.058008005858923156,1.2613399496993414,0.1667683509508481,0.008684687631264391,0.8356740090861161,0.40739425441455474,-0.00983810823464612,0.0511215214195887,3.8659669450628824,2.6876413929900744,2.540006196248474,0.1476351967416003,1.6716700561064732,1.3259607488144085,0.34570930729206484,0.06514389715504904,0.043509180201276115,0.05684760865754718,1.2701163517522467,0.16205992137570566,0.008770406073374044
2180,0.8247617507219841,0.40487714176903483,-0.005107756740178694,0.050453974599624446,3.779354727827929,2.622755731112863,2.470668276108175,0.1520874550046879,1.6498452561613275,1.3086864517197543,0.3411588044415731,0.06644080080487139,0.04460785662244369,0.058010110374365514,1.261324310343043,0.16676875492784138,0.00868459674776573,0.8356607683414418,0.40739269404510575,-0.009837711834299948,0.051120711388669124,3.8660227838010517,2.6875463076964436,2.53990225515992,0.14764405253652346,1.671637852313049,1.3261205286411317,0.34551732367191723,0.06514612765149358,0.043511069774068545,0.056849625992374586,1.2701010922827187,0.1620603076716543,0.00877031771774504
2181,0.8247485478324181,0.4048755712742249,-0.005107329115301734,0.05045316688785071,3.779409102920006,2.6226620219205223,2.4705658751124338,0.1520961468080888,1.6498130806895912,1.3088432278075721,0.3409698528820191,0.06644307821144532,0.044609785935314804,0.05801216938256576,1.2613090115720356,0.16676915800815376,0.008684507580359789,0.8356477924875761,0.40739115553486255,-0.00983730298451925,0.05111991756123814,3.866078256893767,2.687453226622871,2.5398005170378415,0.14765270958502918,1.6716062207500324,1.3262777398559253,0.3453284808941071,0.06514830934776047,0.04351291800562139,0.056851599443556805,1.27008616713479,0.16206069305251392,0.008770231031444647
2182,0.824735604786076,0.40487402374559617,-0.005106892212832767,0.050452375070761724,3.7794630813053782,2.6225702422451778,2.470465592867178,0.15210464937799995,1.6497814821871157,1.3089974884382003,0.34078399374891555,0.06644530720314537,0.044611674233357726,0.05801418482351178,1.2612940385058038,0.16676955987275624,0.008684420085666396,0.8356350728392973,0.407389639382016,-0.009836884848546064,0.051119139406018796,3.866133322211715,2.6873620709731454,2.539700893785172,0.14766117718797336,1.6715751571725443,1.3264324284265432,0.3451427287460011,0.06515044439510698,0.04351472671837965,0.05685353089976471,1.2700715615613052,0.16206107721792512,0.008770145972348594
2183,0.8247229130076591,0.40487249939846065,-0.005106448941902236,0.05045159862380721,3.7795166245293528,2.6224803181115997,2.4703673469418543,0.1521129711697452,1.6497504549256194,1.3091492775874984,0.34060117733812095,0.06644748982670895,0.044613523250473165,0.058016158495612605,1.261279377365765,0.16676996013528989,0.008684334218408765,0.835622600871886,0.40738814581424354,-0.009836460302311598,0.05111837640155281,3.8661879408057604,2.6872727662162204,2.539603302340238,0.14766946387598245,1.671544656023149,1.3265846384655224,0.3449600175576267,0.06515253478623673,0.04351649760046915,0.056855422112499505,1.2700572619021315,0.16206145980313724,0.008770062496403476
2184,0.8247104640350886,0.4048709981948756,-0.005106002000971083,0.05045083702936302,3.7795696967314405,2.622392179164908,2.4702710592059374,0.15212111995897065,1.6497199920345895,1.309298637525503,0.34042135450908656,0.06644962798602513,0.04461533459954732,0.058018092073545635,1.261265015335141,0.166770358313103,0.008684249931359692,0.8356103681776779,0.40738667481001023,-0.009836032007530249,0.05111762803354267,3.8662420763649377,2.6871852414899733,2.539507663990937,0.1476775774990362,1.6715147105952115,1.3267344123740008,0.34478029822121076,0.06515458237462826,0.043518232222070644,0.056857274712658265,1.2700432554517003,0.16206184035259213,0.008769980557610782
2185,0.8246982497256068,0.4048695199228047,-0.005105553753669029,0.05045008978933864,3.779622265666011,2.622305759557036,2.4701766567271735,0.1521291028298625,1.6496900856381485,1.3094456089388373,0.340244476699311,0.06645172343189075,0.04461710976377383,0.058019987099942244,1.2612509406275338,0.16677075392965973,0.008684167177289044,0.835598366669784,0.40738522617574846,-0.009835602294398733,0.05111689380731356,3.866295696246427,2.687099430493045,2.539413905281128,0.14768552521191705,1.6714853131712255,1.3268817909652992,0.34460352220592627,0.06515658886441394,0.04351993202684577,0.056859090202284954,1.2700295305280114,0.16206221841585364,0.00876990010993685
2186,0.8246862623473376,0.4048680642352407,-0.0051051062389241356,0.05044935643077872,3.779674303194491,2.622220998298468,2.470084072119548,0.15213692617891988,1.6496607270194548,1.3095902310749428,0.34007049594451205,0.0664537777592743,0.04461885009433576,0.058021844982996215,1.2612371425050801,0.16677114650999555,0.008684085909869485,0.8355865886729632,0.407383799584368,-0.009835173170915909,0.05111617325337284,3.866348771971158,2.6870152718384377,2.5393219583613313,0.1476933134771062,1.6714564551880595,1.3270268136098267,0.34442964157823286,0.06515855580770794,0.04352159832967341,0.05686086995222691,1.270016076490696,0.1620625935439386,0.008769821108207426
2187,0.8246744946406535,0.4048666306928546,-0.005104661164582018,0.05044863650961694,3.779725785453642,2.622137839320771,2.469993243566046,0.15214459575472505,1.6496319067869765,1.309732541887596,0.3398993648993804,0.06645579241309077,0.04462055681529786,0.058023667001504145,1.2612236112394448,0.16677153560571148,0.008684006084450496,0.8355750269841878,0.40738239461716247,-0.00983474631763423,0.051115465931114795,3.8664012793920377,2.6869327091148216,2.539231761010946,0.14770094810387574,1.6714281274038463,1.327169518381092,0.3442586090227541,0.06516048461021656,0.043523232321402566,0.05686261520702663,1.2700028837024335,0.1620629653130838,0.00876974350887199
2188,0.8246629398447773,0.40486521880436144,-0.005104219920799652,0.05044792961230293,3.779776692726917,2.6220562312729605,2.4699041145481737,0.15215211672478662,1.6496036150364095,1.3098725781787435,0.3397310368576661,0.06645776870083622,0.04462223103430994,0.058025454315848296,1.2612103380267674,0.16677192081141012,0.008683927658616312,0.8355636748986162,0.40738101080345107,-0.009834323101657036,0.051114771430409225,3.866453198563273,2.686851690680071,2.539143256365418,0.14770843431465305,1.671400320060299,1.3273099421978551,0.34409037786244373,0.06516237654350646,0.0435248350792453,0.05686432709558474,1.2699899434448474,0.16206333334030623,0.008769667270555837
2189,0.8246515917053282,0.40486382806266125,-0.0051037836017050475,0.050447235356263595,3.779827009184285,2.621976127203333,2.4698166334528526,0.1521594937504803,1.649575841501724,1.3100103757314325,0.3395654657702916,0.06645970780760461,0.04462387375532847,0.05802720798102877,1.2611973148866316,0.16677230177653812,0.008683850592595178,0.8355525262165012,0.4073796476560485,-0.009833904598653631,0.051114089372023566,3.8665045134761673,2.686772169338642,2.53905639251892,0.14771577681972198,1.6713730230339923,1.3274481209572473,0.343924902076745,0.0651642327596095,0.04352640757914944,0.056866006643835044,1.2699772478184483,0.1620636972945974,0.008769592354465004
2190,0.824640444464331,0.40486245797455306,-0.005103353034914548,0.050446553389291715,3.7798767225306307,2.6218974841626452,2.4697307530989563,0.15216673106368894,1.6495485756926174,1.3101459694316744,0.33940260626094304,0.06646161081212001,0.044625485892198245,0.058028928960537934,1.2611845345542414,0.16677267821112282,0.008683774849506025,0.835541575233087,0.4073783047004868,-0.00983349162219005,0.05111341940700485,3.8665552117054984,2.6866941019423893,2.538971122048803,0.147722979893586,1.671346225973893,1.327584089656695,0.3437621363171979,0.06516605430656365,0.043527950708963925,0.05686765478819644,1.2699647896361932,0.16206405690239095,0.008769518724633663
2191,0.8246294928327851,0.40486110808274456,-0.005102928815986077,0.050445883387867804,3.779925823578252,2.6218202627428955,2.4696464302007364,0.15217383254215894,1.6495218070162219,1.3102793933775154,0.33924241363870655,0.06646347870316932,0.044627068282573554,0.05803061814053366,1.261171990369928,0.16677304988739566,0.008683700395430123,0.8355308167114442,0.4073769814967092,-0.009833084757755746,0.05111276121501761,3.8666052839810434,2.6866174489281227,2.5388874014780085,0.14773004745011425,1.671319918423121,1.327717882503035,0.34360203592008615,0.06516784214431674,0.04352946528191194,0.056869272389293894,1.2699525623145902,0.16206441194910018,0.008769446348000575
2192,0.8246187319343846,0.4048597779777283,-0.005102511351740231,0.05044522505371715,3.779974305667145,2.621744426482008,2.469563624693353,0.1521808017886551,1.6494955248811567,1.3104106809737919,0.3390848439073648,0.06646531239790907,0.04462862170342671,0.058032276345565986,1.2611596761561041,0.16677341663623746,0.008683627199219765,0.8355202458262766,0.4073756776507666,-0.009832684405503112,0.05111211450090637,3.8666547236026427,2.686542173717348,2.5388051905952977,0.14773698312204994,1.671294089923098,1.3278495330073452,0.34344455691575276,0.06516959716252788,0.04353095205167124,0.05687086024725671,1.2699405597518476,0.1620647622757128,0.008769375194223718
2193,0.8246081572135675,0.4048584672988633,-0.00510210091344547,0.05044457810818466,3.7800221638751035,2.6216699410844755,2.469482298865734,0.15218764221874123,1.6494697187799179,1.3105398650093696,0.33892985377054824,0.0664671127632911,0.044630146889199016,0.05803390435694274,1.2611475860732844,0.16677377833912613,0.008683555231999424,0.8355098580717683,0.4073743928158527,-0.009832290832732488,0.051111478989058004,3.8667035256391715,2.686468241926767,2.5387244515769014,0.14774379034986568,1.6712687300960434,1.3279790740622703,0.3432896560337731,0.06517132020150458,0.043532411730111284,0.05687241911967421,1.2699287761845985,0.16206510777113245,0.008769305235188488
2194,0.8245977643883317,0.404857175734376,-0.005101697664464305,0.050443942289348204,3.780069394635485,2.6215967740271706,2.469402416922591,0.1521943571045794,1.6494443783446395,1.3106669777128936,0.338777400631746,0.0664688806267969,0.044631644540894196,0.05803550292187827,1.2611357145479398,0.16677413492514084,0.008683484466904222,0.835499649213939,0.407373126692297,-0.009831904201350883,0.05111085442048709,3.866751686537186,2.6863956209658415,2.5386451485393695,0.14775047242647185,1.671243828700793,1.3281065379978165,0.3431372907029765,0.06517301206277709,0.043533844996251174,0.05687394973061409,1.2699172061155226,0.16206544836933545,0.008769236444747844
2195,0.8245875494051278,0.4048559030151356,-0.005101301693403282,0.050443317349259345,3.7801159954417898,2.6215248942481346,2.4693239446454434,0.15220094960269115,1.6494194933878419,1.3107920507963464,0.3386274425914956,0.0664706167838118,0.044633115332325765,0.05803707275969126,1.2611240562229171,0.16677448635687278,0.008683414878766699,0.8354896152452829,0.4073718790214527,-0.009831524600298874,0.05111024055006073,3.8667992038181977,2.686324279719139,2.5385672471933236,0.14775703252581535,1.6712193756735014,1.3282319566248741,0.34298741904862734,0.06517467351638355,0.043535252502431405,0.05687545277675229,1.2699058442634654,0.16206578403597943,0.008769168798411825
2196,0.8245775084128077,0.404854648909938,-0.005100913031566762,0.050442703052349366,3.7801619646990336,2.621454271978544,2.469246849211083,0.15220742276746113,1.649395053930083,1.310915115487951,0.3384799384421319,0.06647232200136197,0.04463455991328255,0.05803861456490342,1.2611126059322952,0.1667748326239938,0.008683346443924598,0.8354797523587362,0.4073706495811234,-0.009831152062646717,0.05110963714490607,3.866846075926594,2.6862541883754054,2.538490714658543,0.14776347371686246,1.671195361155208,1.3283553612680512,0.34283999988715674,0.06517630530456289,0.043536634877442235,0.05687692893044014,1.269894685538142,0.16206611476228358,0.008769102273158394
2197,0.8245676377349419,0.4048534132197955,-0.005100531670240702,0.05044209917373605,3.7802073015662057,2.6213848785715834,2.469171099007687,0.15221377956389648,1.6493710502196364,1.3110362025585185,0.33833484766111777,0.06647399702176159,0.044635978912618626,0.05804012901027253,1.2611013586768527,0.16677517373610626,0.008683279140009445,0.835470056920263,0.4073694381800286,-0.009830786582413514,0.05110904398273332,3.866892302070568,2.6861853182552893,2.538415519278611,0.14776979897667827,1.6711717755114346,1.3284767827919575,0.3426949927194772,0.06517790814531685,0.04353799272954137,0.05687837884267043,1.2698837250157322,0.1620664405582224,0.008769036847226793
2198,0.824557933841771,0.4048521957714534,-0.005100157574054513,0.050441505497507866,3.7802520057990607,2.6213166863364177,2.469096663457445,0.15222002287897266,1.6493474727446613,1.3111553423416158,0.3381921304030454,0.06647564256598543,0.04463737294111022,0.05804161674960062,1.261090309601378,0.16677550971831442,0.008683212945725303,0.8354605254412711,0.40736824465151455,-0.009830428127531585,0.051108460850148384,3.8669378820651796,2.686117641645753,2.5383416304438176,0.1477760112019355,1.6711486093443437,1.328596251621362,0.34255235772298165,0.06517948273566677,0.0435393266492128,0.05687980314579119,1.2698729579165708,0.16206676144833446,0.00876897249990214
2199,0.8245483933291433,0.4048509964101737,-0.005099790689820985,0.05044092181543568,3.780296077661451,2.6212496684381854,2.4690235129133455,0.15222615552483987,1.6493243122385495,1.3112725647481056,0.3380517474904439,0.06647725933511225,0.04463874259267869,0.05804307841887863,1.261079453984944,0.16677584060752118,0.008683147840658793,0.8354511545580942,0.4073670688465788,-0.009830076648337252,0.05110788754139789,3.866982816245072,2.6860511317015012,2.5382690184892747,0.14778211321222665,1.6711258534981637,1.3287137977557972,0.3424120557423665,0.06518102975302767,0.04354063721033104,0.05688120245459566,1.2698623795957196,0.16206707746824217,0.008768909211331517
2200,0.8245390129036713,0.4048498149909868,-0.0050994309524477754,0.05044034792606489,3.78033951791002,2.6211837988660873,2.4689516186333007,0.15223218023278642,1.6493015596805234,1.3113878992767194,0.33791366040380405,0.06647884800963992,0.044640088443810094,0.05804451463557742,1.2610687872454702,0.1667761664480228,0.008683083805108063,0.8354419410174211,0.4073659106253362,-0.0098297320832395,0.051107323857478,3.8670271054493948,2.6859857624133507,2.538197654669121,0.14778810774422996,1.671103499059966,1.3288294507802736,0.3422740482796924,0.06518254985455012,0.04354192496960345,0.05688257736564052,1.26985198554743,0.1620673886604919,0.008768846962356346
2201,0.8245297893772464,0.4048486513704123,-0.00509907828621467,0.05043978363437994,3.780382327857079,2.621119052474623,2.4688809528350357,0.15223809963958745,1.6492792062932053,1.3115013750220434,0.337777831271162,0.06648040924688796,0.044641411051355,0.05804592599629353,1.2610583049571282,0.16677648728811836,0.008683020819968475,0.8354328816708748,0.4073647698489451,-0.009829394359888818,0.051106769605802835,3.8670707510839946,2.685921508648899,2.5381275112105524,0.14779399743834673,1.6710815373574537,1.3289432398734422,0.3421382974840115,0.06518404367463881,0.04354319046446819,0.05688392845499474,1.269841771422079,0.16206769507137775,0.008768785734399518
2202,0.8245207196651367,0.40484750539962244,-0.005098732604635975,0.050439228751688076,3.780424509447427,2.6210554050395647,2.4688114887657675,0.15224391627379724,1.6492572435393338,1.3116130206816594,0.3376442228576745,0.06648194367825283,0.04464271095020309,0.058047313074287704,1.2610480028687363,0.16677680317735497,0.008682958866652778,0.8354239734730512,0.4073636463729322,-0.009829063395022958,0.05110622460008464,3.86711375519702,2.6858583462074113,2.5380585613821207,0.14779978482529055,1.6710599599558833,1.3290551938148991,0.34200476614098424,0.06518551182233936,0.043544434210880376,0.0568852562758941,1.2698317330440068,0.16206799674835246,0.00876872550938579
2203,0.8245118007870245,0.4048463769209195,-0.005098393808787613,0.05043868309568296,3.780466065319845,2.620992833303581,2.4687432007567605,0.15224963254682064,1.649235663118428,1.311722864563085,0.337512798555343,0.06648345190733086,0.04464398865169307,0.0580486764178199,1.261037876916323,0.16677711416576085,0.008682897927061239,0.8354152134826976,0.4073625400438147,-0.00982873909276473,0.051105688660406004,3.867156120540872,2.685796251865875,2.537990779548605,0.14780547231727023,1.6710387586549054,1.329165340992267,0.3418734176626383,0.06518695487953044,0.04354565670178047,0.05688656135713717,1.2698218664238379,0.16206829373933657,0.008768666269713453
2204,0.8245030298560583,0.4048452657655933,-0.005098061791132175,0.050438146489775106,3.7805069987400417,2.6209313149072817,2.4686760641490535,0.15225525075822813,1.6492144569639902,1.3118309345909882,0.33738352237300195,0.06648493451141257,0.04464524464487864,0.05805001655142842,1.2610279232130646,0.16677742030270432,0.008682837983499284,0.8354065988516358,0.4073614506970126,-0.009828421348507602,0.0511051616125424,3.8671978505026807,2.6857352033077415,2.537924141094121,0.14781106221362025,1.671017925485954,1.3292737094085596,0.3417442160773946,0.06518837340242883,0.043546858408369526,0.05688784420437498,1.2698121677481615,0.16206858609159464,0.00876860799817238
2205,0.8244944040704179,0.4048441717539333,-0.00509773643662767,0.05043761876257597,3.7805473135276713,2.6208708283185684,2.468610055214949,0.15226077310361924,1.6491936172388029,1.3119372583127222,0.33725635892608063,0.0664863920434044,0.04464647939815636,0.058051333977613945,1.2610181380363479,0.16677772163829935,0.0086827790186309,0.8353981268162691,0.40736037815688314,-0.009828110050102104,0.051104643287442776,3.867238949029725,2.6856751790507545,2.537858622341896,0.14781655670885813,1.6709974527076858,1.3293803266878288,0.3416171260198571,0.06518976792348824,0.04354803978171749,0.05688910530177538,1.2698026333665158,0.16206887385309054,0.008768550677898182
2206,0.8244859207138117,0.40484309469644664,-0.005097417621774611,0.050437099747928524,3.780587014049675,2.6208113528238712,2.468545151146941,0.15226620167693017,1.6491731363290063,1.3120418629027342,0.3371312734262721,0.0664878250322751,0.04464769335964398,0.05805262917726134,1.261008517824742,0.16677801822396857,0.008682721015493871,0.8353897946982899,0.40735932223797355,-0.009827805076869603,0.05110413352127294,3.8672794206241647,2.685616158439394,2.5377942005444987,0.14782195789489544,1.6709773328001711,1.329485220079666,0.34149211272050495,0.06519113895180834,0.04354920125310996,0.05689034511241195,1.269793259788566,0.162069157073042,0.008768494292389066
2207,0.8244775771575159,0.40484203439514993,-0.005097105214254938,0.05043658928503213,3.7806261052273635,2.620752868531466,2.4684813300599857,0.1522715384714803,1.649153006838868,1.3121447751673778,0.3370082316714902,0.06648923398318606,0.044648886957290704,0.058053902609785615,1.2609990591770988,0.1667783101119711,0.008682663957524282,0.8353815999070162,0.40735828274636254,-0.009827506299153896,0.051103632155558645,3.8673192703523376,2.6855581216501285,2.5377308538882044,0.1478272677619243,1.6709575584598122,1.3295884164641332,0.34136914199567897,0.06519248697322236,0.0435503432341222,0.05689156407837237,1.2697840436834726,0.1620694358014772,0.008768438825532573
2208,0.8244693708631582,0.404840990645391,-0.005096799071580629,0.050436087218612924,3.7806645925442446,2.6206953563754465,2.46841857099392,0.15227678538152647,1.6491332215864845,1.3122460215503247,0.3368872000361598,0.06649061937769742,0.04465006059905188,0.05805515471334769,1.2609897588511378,0.16677859735601225,0.008682607828590544,0.8353735399421812,0.40735725948149243,-0.009827213577032229,0.05110313903735632,3.8673585038525586,2.685501049695234,2.5376685614952343,0.14783248819999983,1.6709381225952342,1.3296899423573245,0.3412481802379097,0.06519381245050773,0.04355146611679775,0.056892762620977116,1.2697749818784305,0.16206971008981408,0.008768384261639785
2209,0.8244612993795182,0.40483996323756133,-0.005096499042413313,0.050435593398728246,3.7807024820004074,2.6206387980709063,2.4683568538617875,0.15228194420911864,1.6491137736004673,1.3123456281386197,0.33676814546184763,0.06649198167528698,0.04465121467417571,0.058056385906205904,1.2609806137532256,0.1667788800114653,0.008682552612993083,0.8353656123907148,0.40735625223788674,-0.00982692676163216,0.051102654019056414,3.8673971272886902,2.685444924377123,2.537607303371127,0.14783762100599615,1.670919018324147,1.3297898239175634,0.3411291944065835,0.06519511582488044,0.043552570274914236,0.05689394114210895,1.2697660713484242,0.1620699799911099,0.008768330585445634
2210,0.8244533603337483,0.40483895195891,-0.005096204969659707,0.05043510768022964,3.780739780013473,2.6205831760214835,2.4682961593451243,0.15228701667635944,1.6490946561163238,1.3124436206683487,0.3366510354479749,0.0664933213161879,0.044652349555607256,0.05805759658921522,1.2609716209193018,0.1667791581358926,0.008682498295434138,0.8353578149179058,0.4073552608069617,-0.009826645698256947,0.051102176957842624,3.867435147249391,2.6853897281942465,2.5375470602982007,0.1478426678960458,1.6709002389698753,1.3298880869511902,0.3410121520186852,0.0651963975187822,0.043553656066344607,0.05689510002666855,1.2697573091971512,0.1620702455605578,0.008768277782079417
2211,0.8244455514246963,0.4048379565954011,-0.005095916692447466,0.050434629922354396,3.7807764933372416,2.6205284732440024,2.46823646880819,0.15229200443581237,1.6490758625714412,1.3125400245290515,0.3365358380423897,0.0664946387237686,0.04465346560200449,0.05805878714793376,1.2609627774988823,0.16677943178974144,0.008682444860999576,0.8353501452606541,0.40735428497886933,-0.009826370228417675,0.0511017077152794,3.867472570665287,2.6853354442643043,2.537487813748213,0.14784763051609126,1.6708817780564693,1.329984756917074,0.3408970211393953,0.06519765793821758,0.0435547238350371,0.05689623964464355,1.2697486926410249,0.16207050685614635,0.008768225837047085
2212,0.8244378704172031,0.40483697693284365,-0.005095634048541839,0.050434159988376775,3.780812628997899,2.620474673308928,2.468177764230573,0.15229690907835514,1.6490573865992366,1.3126348647673265,0.3364225218319101,0.0664959343063524,0.044654563159280014,0.058059957954236185,1.2609540807428243,0.16677970103579876,0.0086823922951388,0.835342601221694,0.40735332454362,-0.009826100192248506,0.05110124615695837,3.867509404743811,2.6852820562633877,2.537429545813511,0.14785251044987638,1.670863629302953,1.3300798589302998,0.3407837703726534,0.06519889747454745,0.043555773912534373,0.05689736035269852,1.269740218996894,0.16207076393813308,0.0087681747362114
2213,0.8244303151369478,0.4048360127574566,-0.005095356876297946,0.0504336977452927,3.7808481942419383,2.620421760291325,2.468120028152077,0.15230173213924808,1.6490392220227537,1.3127281660898615,0.3363110559328921,0.06649720845865198,0.04465564256181598,0.058061109367586725,1.2609455279936808,0.16677996593857405,0.00868234058364192,0.8353351806643544,0.40735237929164136,-0.00982583543047058,0.05110079215217797,3.867545656915809,2.6852295483756983,2.537372239150553,0.14785730922514526,1.6708457866169963,1.3301734177652558,0.34067236885174057,0.06520011650590586,0.04355680661917401,0.05689846249543279,1.2697318856723432,0.16207101686844788,0.008768124465769113
2214,0.8244228834656282,0.4048350638561664,-0.005095085016231057,0.05043324306352491,3.7808831964901874,2.6203697187274537,2.4680632436241714,0.15230647510328243,1.6490213628478678,1.3128199528660163,0.33620140998185155,0.06649846156300224,0.04465670413350875,0.058062241736135126,1.2609371166774075,0.1667802265637657,0.008682289712616083,0.835327881507659,0.4073514490140735,-0.00982557578596644,0.051100345573643666,3.867581334788307,2.68517790524897,2.537315876930051,0.147862028318919,1.6708282440881677,1.3302654578582562,0.34056278622991143,0.0652013153984218,0.04355782226512346,0.056899546406466446,1.2697236901573228,0.16207126571017633,0.008768075012227369
2215,0.8244155733362517,0.4048341300168013,-0.005094818312404804,0.0504327958166349,3.7809176432938196,2.6203185335733674,2.4680073941637737,0.15231113940959373,1.6490038032562069,1.3129102491300462,0.3360935541261607,0.0664996939905211,0.044657748188752136,0.05806335539774953,1.2609288442955584,0.16678048297778472,0.008682239668461341,0.8353207017215273,0.40735053350295575,-0.00982532110518737,0.051099906297174355,3.8676164460992686,2.68512711195191,2.5372604427894814,0.14786666916242863,1.670810995980883,1.3303560033097872,0.3404549926710958,0.06520249450736883,0.043558821151353955,0.056900612409463175,1.2697156300162766,0.16207151052709357,0.008768026362379451
2216,0.8244083827284561,0.40483321102821274,-0.005094556613691598,0.050432355881036714,3.7809515422912554,2.620268190164527,2.467952463708245,0.15231572645628183,1.6489865375978363,1.3129990785830103,0.33598745901482585,0.06650090610222995,0.04465877503338666,0.05806445068101414,1.2609207084177498,0.1667807352473293,0.008682190437845985,0.8353136393220115,0.4073496325513401,-0.009825071239424978,0.051099474201411074,3.8676509986733123,2.6850771539327374,2.5372059207868904,0.14787123314584683,1.6707940367271001,1.3304450778864216,0.3403489588406785,0.06520365417827387,0.043559803570579814,0.05690166081911756,1.2697077028805501,0.16207175138324806,0.00876797850328002
2217,0.8244013096645033,0.40483230668039,-0.005094299774660874,0.050431923135751885,3.7809849011711374,2.620218674181134,2.4678984365767453,0.15232023760438854,1.6489695603837438,1.313086464594392,0.3358830957893516,0.06650209825001685,0.04465978496551555,0.058065527906090805,1.2609127066751822,0.16678098343905495,0.008682142007685481,0.8353066923672274,0.4073487459533982,-0.009824826045706767,0.05109904916756803,3.8676850003837164,2.6850280169836394,2.5371522953612855,0.1478757216223538,1.6707773609187924,1.3305327050224312,0.34024465589636116,0.06520479474786876,0.0435607698080646,0.05690269194200643,1.2696999064418741,0.1620719883426376,0.00876793142222403
2218,0.824394352205511,0.4048314167644587,-0.005094047656392278,0.05043149746217883,3.7810177276387806,2.6201699716166256,2.4678452974352294,0.15232467418139636,1.64895286627827,1.3131724302035512,0.3357804360747188,0.0665032707774934,0.04466077827623054,0.05806658738548699,1.2609048367548787,0.1667812276191712,0.008682094365121615,0.8352998589535241,0.4073478735044106,-0.009824585387614347,0.05109863107919828,3.86771845911803,2.684979687208517,2.5370995512968073,0.14788013591170973,1.6707609633003588,1.3306189078212225,0.3401420554791364,0.06520591654493538,0.043561720142337015,0.05690370607734621,1.2696922384465754,0.16207222146881467,0.008767885106725763
2219,0.8243875084489666,0.40483054107272654,-0.0050938001266469385,0.05043107874394086,3.78105002939386,2.620122068756439,2.4677930312728007,0.15232903748363827,1.648936450091545,1.3132569981210591,0.3356794519704861,0.06650442402057977,0.04466175525010754,0.05806762942458806,1.2608970963957462,0.16678146785322986,0.008682047497509164,0.8352931372129694,0.4073470150008073,-0.00982434913545227,0.051098219822040034,3.867751382755241,2.684932151001304,2.537047673698596,0.14788447730270793,1.6707448387610275,1.3307037090566451,0.3400411297043824,0.06520701989088107,0.04356265484567838,0.056904703517516746,1.2696846966916353,0.16207245082467975,0.00876783954450553
2220,0.8243807765265142,0.4048296793986692,-0.0050935570600517815,0.05043066686675081,3.781081814111427,2.6200749521596314,2.4677416233813068,0.1523333287783245,1.648920306772184,1.3133401907301203,0.3355801160420638,0.06650555830800103,0.044662716165627156,0.05806865432211127,1.2608894833852347,0.16678170420580288,0.008682001392403521,0.8352865253111191,0.4073461702401492,-0.009824117166426519,0.05109781528387998,3.8677837791464396,2.6848853950272824,2.5369966479720514,0.14788874705523083,1.6707289823275184,1.330787131174388,0.3399418511531305,0.06520810510022515,0.04356357418453484,0.056905684548506266,1.2696772790213522,0.16207267647216858,0.008767794723477374
2221,0.8243741546021843,0.40482883153696275,-0.005093318337985563,0.050430261718302664,3.78111308942659,2.6200286086437448,2.467691059338485,0.1523375493052595,1.6489044314002683,1.313422030088105,0.33548240131216345,0.06650667396170386,0.04466366129552763,0.058069662370489945,1.260881995556529,0.1667819367403563,0.00868195603755122,0.835280021445241,0.4073453390211579,-0.00982388936452204,0.051097417354444834,3.8678156560992547,2.6848394062077574,2.536946459805772,0.14789294640198522,1.6707133891569903,1.3308691962934827,0.3398441928635077,0.06520917248100534,0.04356447841986162,0.056906649450286534,1.2696699833245564,0.16207289847213022,0.008767750631739657
2222,0.8243676408709815,0.40482799728354524,-0.0050930838483438864,0.05042986318818524,3.781143862922279,2.6199830252723304,2.4676413249940348,0.15234170027829577,1.6488888191806783,1.3135025379282443,0.335386281252434,0.06650777129720524,0.04466459090710028,0.05807065385619813,1.2608746307862018,0.16678216551916783,0.008681911420882758,0.8352736238429074,0.4073445211437742,-0.009823665620264238,0.05109702592531512,3.867847021365523,2.68479417170751,2.5368970951575496,0.1478970765499605,1.6706980545303396,1.3309499262079734,0.33974812832236617,0.06521022233511638,0.04356536780740989,0.05690759849712822,1.2696628075322844,0.1620731168842486,0.008767707257568067
2223,0.8243612335577476,0.4048271764356973,-0.005092853485227672,0.050429471167812615,3.7811741421195353,2.619938189344591,2.4675924064580177,0.15234578288657322,1.648873465436807,1.3135817356615176,0.33529172977528926,0.06650885062388749,0.044665505262439384,0.058071629060027434,1.260867386992223,0.16678239060328637,0.00868186753050713,0.8352673307608709,0.4073437164092379,-0.009823445830391478,0.05109664088985651,3.867877882631546,2.6847496789244323,2.5368485402427643,0.1479011386816679,1.670682973845887,1.3310293423887818,0.33965363145710514,0.0652112549585945,0.04356624259796779,0.05690853195786854,1.2696557496158292,0.1620733317670047,0.0087676645894103
2224,0.8243549309160011,0.40482636879210127,-0.005092627148666366,0.05042908555035312,3.781203934468056,2.6198940883850406,2.4675442900893083,0.15234979829573225,1.6488583656046756,1.3136596443787476,0.3351987212259281,0.0665099122452884,0.04466640461868805,0.058072588257358344,1.2608602621320038,0.16678261205249445,0.008681824354706014,0.835261140483914,0.4073429246201441,-0.009823229897580311,0.051096262143149336,3.8679082475086135,2.6847059154791797,2.536800781522828,0.1479051339563516,1.6706681426134729,1.3311074659857853,0.3395606766276874,0.06521227064189802,0.04356710303759807,0.05690945009617367,1.2696488075848122,0.1620735431776421,0.008767622615880391
2225,0.8243487312275378,0.40482557415297415,-0.005092404744035911,0.050428706230704945,3.781233247343022,2.6198507101387407,2.4674969624901513,0.1523537476485894,1.6488435152274081,1.3137362848528704,0.3351072303745377,0.06651095645925313,0.04466728922816684,0.0580735317183111,1.2608532542013704,0.16678282992538923,0.008681781881932927,0.8352550513244777,0.4073421455805772,-0.00982301772984391,0.05109588958196594,3.8679381235300037,2.6846628692105785,2.5367538056999326,0.147909063510646,1.6706535564489087,1.331184317830071,0.33946923861883765,0.06521326967004948,0.04356794936775855,0.056910353170681036,1.269641979486206,0.1620737511722483,0.008767581325758105
2226,0.8243426328017474,0.4048247923201329,-0.005092186181747796,0.05042833310545429,3.7812620880404517,2.6198080425648964,2.4674504104989765,0.15235763206591982,1.648828909950175,1.3138116775414752,0.33501723240869963,0.06651198355811808,0.04466815933852954,0.0580744597079221,1.2608463612333214,0.16678304427931473,0.008681740100810123,0.8352490616220036,0.4073413790961751,-0.00982280924022013,0.051095523104730395,3.8679675181464845,2.684620528169361,2.5367075997100184,0.1479129284593424,1.6706392110689134,1.3312599184364662,0.33937929263244726,0.06521425232280992,0.043568781825449786,0.05691124143516706,1.2696352634031336,0.16207395580569064,0.008767540707986018
2227,0.824336633975626,0.404824023097145,-0.005091971376567847,0.05042796607287614,3.7812904637780775,2.619766073835339,2.467404621188548,0.15236145264679113,1.648814545515507,1.3138858425895295,0.3349287029259775,0.06651299382877725,0.04466901519281938,0.05807537248621808,1.2608395812975761,0.1667832551705057,0.00868169900013021,0.8352431697429863,0.4073406249742812,-0.00982260434607278,0.05109516261152171,3.86799643872752,2.6845788806169475,2.5366621507212574,0.14791672989568985,1.6706251022864227,1.3313342880062622,0.33929081428016056,0.06521521887473547,0.04356960064326296,0.056912115138612454,1.2696286574544768,0.1620741571317594,0.008767500751671415
2228,0.8243307331159462,0.40482326628975174,-0.005091760246162785,0.050427605033067036,3.7813183817130245,2.61972479234816,2.4673595818806477,0.15236521046751228,1.6488004177590814,1.313958799832377,0.33484161792670436,0.06651398755238254,0.04466985702921519,0.05807627030797449,1.2608329125025772,0.16678346265438412,0.00868165856887251,0.8352373740833264,0.4073398830243869,-0.009822402967590238,0.05109480800421783,3.8680248925805665,2.684537915040555,2.5366174461503523,0.1479204688902027,1.6706112260063777,1.3314074464302141,0.33920377957616354,0.06521616959485438,0.04357040604910625,0.05691297452494003,1.2696221597970752,0.16207435520347094,0.008767461446103722
2229,0.8243249286173912,0.40482252170578775,-0.005091552711710107,0.050427249887830886,3.7813458489291025,2.6196841867129685,2.4673152801297853,0.15236890658318314,1.6487865226063625,1.3140305687993172,0.3347559538070453,0.06651496500473017,0.044670685081358706,0.05807715342306056,1.2608263529928907,0.16678366678516873,0.008681618796191929,0.835231673066357,0.4073391530580374,-0.00982220502843692,0.05109445918637483,3.868052886937357,2.684497620137505,2.5365734736452055,0.14792414649229935,1.6705975782224052,1.3314794132921515,0.33911816493025376,0.06521710474706222,0.04357119826653977,0.05691381983336717,1.2696157686230212,0.16207455007266766,0.008767422780742766
2230,0.8243192189020145,0.40482178915534883,-0.005091348697170456,0.050426900540646025,3.7813728724330615,2.61964424574459,2.4672717037160115,0.15237254202857864,1.6487728560692045,1.31410116871705,0.3346716873521544,0.066515926456461,0.04467149957852424,0.05807802207662608,1.2608199009478565,0.16678386761643818,0.008681579671417645,0.8352260651423197,0.40733843488900484,-0.009822010455018071,0.05109411606319486,3.8680804289501958,2.6844579848089505,2.5365302210777605,0.14792776373119,1.670584155013436,1.3315502078724353,0.33903394714100066,0.06521802459031581,0.04357197751493962,0.056914651298586666,1.2696094821583241,0.16207474179059034,0.008767384745217752
2231,0.8243136024185812,0.4048210684508639,-0.0050911481292729155,0.0504265568966247,3.781399459151068,2.6196049584567853,2.4672288406378597,0.15237611781892577,1.6487594142426867,1.314170618513208,0.33458879572947875,0.06651687217324248,0.04467230074577293,0.058078876509270294,1.2608135545803583,0.16678406520101238,0.008681541184050238,0.8352205487877101,0.40733772833335774,-0.009821819176472443,0.05109377854148618,3.868107525688413,2.684418998153563,2.5364876765369093,0.14793132161665376,1.6705709525405563,1.3316198491515037,0.33895110338905265,0.06521892937880958,0.043572744009647515,0.056915469150930695,1.2696032986617016,0.1620749304077531,0.008767347329324403
2232,0.8243080776419589,0.40482035940714606,-0.005090950937378144,0.05042621886247602,3.7814256159259734,2.6195663140566223,2.467186679106038,0.15237963495058426,1.6487461933021341,1.3142389368199356,0.33450725648219853,0.06651780241593011,0.04467308880408935,0.058079716957192065,1.2608073121357362,0.1667842595909503,0.008681503323758829,0.8352151225046763,0.4073370332095109,-0.009821631124535088,0.05109344652962624,3.868134184135661,2.6843806494619162,2.5364458283221984,0.14793482113971756,1.6705579670440427,1.3316883558134625,0.33886961123058024,0.06521981936213114,0.04357349796210247,0.05691627361651553,1.2695972164235108,0.1620751159739405,0.008767310523022216
2233,0.8243026430725422,0.4048196618414246,-0.00509075705334687,0.05042588634647061,3.7814513495151587,2.6195283019393028,2.4671452075376457,0.15238309440165698,1.6487331895003123,1.314306141977513,0.33442704752279917,0.06651871744071258,0.044673863970504706,0.05808054365232519,1.2608011718908056,0.1667844508375467,0.00868146608037822,0.8352097848204473,0.40733634933825724,-0.009821446233408013,0.05109311993752677,3.8681604111877497,2.6843429282112945,2.5364046649380274,0.14793826327326728,1.6705451948405736,1.3317557462497223,0.3387894485908514,0.06522069478540185,0.0435742395799599,0.05691706491737264,1.2695912337647801,0.162075298538205,0.008767274316431702
2234,0.8242972972357003,0.404818975573363,-0.005090566411410896,0.05042555925840683,3.781476666588821,2.6194909116833487,2.4671044145508043,0.15238649713254424,1.6487203991647896,1.314372252038017,0.3343481471267726,0.06651961749924509,0.044674626458209535,0.058081356822462626,1.2607951321529574,0.16678463899133067,0.008681429443906062,0.8352045342867861,0.4073356765427839,-0.00982126443963073,0.05109279867660037,3.86818621365096,2.6843058240608904,2.5363641750882904,0.1479416489726,1.6705326323206058,1.33182203856267,0.33871059375793583,0.06522155588940498,0.04357496906720018,0.056917843271568375,1.2695853490363302,0.1620754781488646,0.00876723869983156
2235,0.8242920386812445,0.40481830042506484,-0.005090378948052324,0.05042523750957825,3.7815015737286393,2.6194541330460837,2.467064288959631,0.15238984408645243,1.648707818695451,1.314437284769008,0.33427053392644296,0.06652050283877214,0.04467537647665788,0.05808215669137105,1.2607891912593274,0.16678482410206324,0.008681393404499938,0.8351993694794634,0.4073350146486779,-0.009821085681960141,0.051092482659728114,3.868211598240719,2.6842693268472817,2.53632434767135,0.1479449791759317,1.6705202759459024,1.331887250569369,0.3386330253765333,0.06522240291070426,0.04357568662422909,0.056918608893314446,1.269579560617957,0.16207565485350128,0.00876720366365591
2236,0.8242868659829158,0.40481763622106876,-0.005090194601888198,0.050424921012742166,3.781526077426765,2.619417955959385,2.467024819769524,0.1523931361898605,1.6486954445621549,1.3145012576572408,0.334194186904914,0.0665213737022413,0.044676114231663615,0.058082943478896934,1.2607833475760297,0.16678500621873588,0.008681357952474515,0.8351942889977466,0.407334363483918,-0.009820909901257953,0.051092171801228534,3.868236571580606,2.6842334265801857,2.536285171775325,0.14794825480486073,1.670508122247205,1.331951399805281,0.33855672244192403,0.06522323608175332,0.04357639244797053,0.05691936199307018,1.2695738669176795,0.16207582869895845,0.008767169198491406
2237,0.8242817777378848,0.4048169827883332,-0.0050900133135653655,0.05042460968208915,3.781550184085091,2.6193823705256523,2.466985996172701,0.1523963743529511,1.6486832733025227,1.3145641879123897,0.3341190853901331,0.06652223032840926,0.044676839925490305,0.058083717401065355,1.2607775994974375,0.16678518538956794,0.008681323078298603,0.835189291463908,0.4073337228788615,-0.00982073704038168,0.05109186601682729,3.868261140201637,2.6841981134384385,2.5362466366736385,0.14795147676479994,1.6704961678220338,1.3320145035279984,0.3384816642940353,0.06522405563099785,0.043577086731953055,0.056920102777637774,1.2695682663710366,0.16207599973133882,0.00876713529507445
2238,0.8242767725662641,0.40481633995621114,-0.005089835025657338,0.050424303433213094,3.7815739000147657,2.619347367013994,2.4669478075439875,0.1523995594700066,1.6486713015198475,1.314626092470778,0.33404520904906954,0.06652307295194011,0.044677553756934454,0.058084478670171635,1.2607719454455208,0.1667853616620031,0.008681288772592234,0.8351843755227377,0.4073330926662157,-0.009820567044090255,0.05109156522362755,3.868285310541796,2.6841633777661764,2.5362087318208064,0.14795464594536978,1.670484409332612,1.3320765787209896,0.3384078306116225,0.06522486178297007,0.04357776966638992,0.05692083145025038,1.2695627574404376,0.1620761679960005,0.008767101944288236
2239,0.8242718491106449,0.4048157075564269,-0.005089659682574674,0.050424002183082975,3.7815972314359154,2.619312935856591,2.466910243436803,0.152402692419788,1.6486595258811159,1.3146869879991123,0.3339725378820035,0.06652390180349947,0.04467825592140523,0.05808522749486888,1.2607663838692087,0.166785535082709,0.008681255026123852,0.835179539841088,0.40733247268101436,-0.009820399858944298,0.05109126934008198,3.868309088945779,2.6841292100692153,2.536171446848441,0.14795776322077445,1.6704728435038982,1.3321376420973383,0.33833520140656,0.06522565475837903,0.04357844143825555,0.0569215482106563,1.269557338614539,0.1620763335375562,0.00876706913716006
2240,0.8242670060356321,0.40481508542303657,-0.005089487230472617,0.05042370585001423,3.781620184477535,2.619279067645203,2.4668732935793236,0.1524057740658793,1.6486479431151333,1.3147468908982112,0.33390105221692207,0.06652471710984136,0.04467894661099808,0.05808596408024892,1.260760913243802,0.16678570569757273,0.008681221829807354,0.8351747831074096,0.40733186276057737,-0.009820235433225077,0.05109097828596443,3.868332481664909,2.684095601011569,2.5361347715614238,0.1479608294501452,1.6704614671217257,1.3321977101034852,0.3382637570182406,0.06522643477419407,0.043579102231356276,0.056922253255196675,1.2695520084076715,0.1620764963998687,0.00876703686485836
2241,0.8242622420274,0.40481447339239257,-0.005089317617176639,0.05042341435364173,3.7816427651775384,2.6192457531278315,2.466836947870812,0.15240880525701983,1.6486365500107465,1.3148058173067265,0.3338307327040201,0.06652551909389215,0.04467962601456585,0.058086688627920297,1.2607555320704074,0.1667858735516998,0.008681189174699273,0.8351701040313126,0.4073312627444747,-0.009820073716853478,0.051090691982343055,3.8683554948571914,2.6840625414121058,2.536098695934234,0.14796384547787161,1.6704502770310352,1.3322567989229572,0.33819347810807787,0.06522720204372554,0.043579752226398705,0.05692294677688062,1.2695467653592836,0.16207665662604917,0.008767005118689965
2242,0.8242575557932513,0.40481387130310115,-0.0050891507921020235,0.050423127614892704,3.7816649794829043,2.619212983205473,2.4668011963780545,0.15241178682741843,1.6486253434151519,1.3148637831048495,0.33376156031030235,0.06652630797483047,0.04468029431778649,0.0580874013360824,1.2607502388753926,0.16678603868941094,0.008681157051995922,0.8351655013431323,0.4073306724744838,-0.009819914661313968,0.05109041035155373,3.8683781345874984,2.6840300222413283,2.536063210107415,0.1479668121339134,1.6704392701341944,1.3323149244800834,0.33812434565411087,0.06522795677670122,0.04358039160105448,0.05692362896545616,1.269541608033415,0.16207681425845466,0.008766973890097307
2243,0.82425294606118,0.40481327899597264,-0.005088986706194856,0.05042284555596005,3.781686833249927,2.619180748928973,2.4667660293319247,0.15241471959704828,1.648614320232287,1.3149208039180023,0.33369351631428457,0.0665270839681632,0.0446809517032274,0.05808810239959589,1.2607450322098788,0.16678620115423848,0.008681125453030453,0.835160973793493,0.40733009179453844,-0.009819758219590954,0.05109013331717338,3.8684004068278326,2.6839980346182313,2.5360283043841383,0.14796973023409307,1.6704284433894017,1.332372102443694,0.3380563409457075,0.06522869917933939,0.04358102053002209,0.056924300007478015,1.2695365350181942,0.16207696933868349,0.008766943170655532
2244,0.824248411579433,0.4048126963139673,-0.0050888253118674814,0.05042256810027547,3.7817083322445035,2.619149041495931,2.4667314371239994,0.15241760437193153,1.648603477421294,1.3149768951205039,0.33362658230079023,0.06652784728579939,0.04468159835040806,0.058088792010050946,1.2607399106492339,0.16678636098892086,0.008681094369269924,0.8351565201528767,0.40732952055067484,-0.009819604346110948,0.051089860803993595,3.8684223174576395,2.6839665698072226,2.535993969226843,0.14797260058037928,1.67041779380916,1.3324283482307966,0.3379894455783634,0.06522942945441935,0.04358163918508674,0.05692496008637278,1.2695315449253526,0.16207712190757045,0.008766912952069564
2245,0.8242439511160768,0.4048121231021407,-0.005088666562954786,0.05042229517248295,3.7817294821424325,2.6191178522476415,2.466697410303222,0.1524204419444197,1.6485928119950513,1.3150320718392106,0.3335607401558407,0.0665285981361231,0.04468223443586175,0.05808947035583458,1.2607348727925853,0.16678651823539783,0.008681063792312317,0.835152139211194,0.4073289585909772,-0.009819452996693151,0.05108959273799433,3.8684438722641317,2.683935619215072,2.5359601952539066,0.14797542396116556,1.6704073184588195,1.332483677010225,0.3379236414485943,0.06523014780135152,0.04358224773517964,0.05692560938250373,1.2695266363897417,0.1620772720051814,0.008766883226171248
2246,0.8242395634585475,0.40481155920757655,-0.005088510414670025,0.050422026698411226,3.781750288529705,2.6190871726660383,2.4666639395725793,0.15242323309345912,1.6485823210187616,1.315086348957126,0.33349597206163545,0.06652933672406398,0.044682860133195335,0.05809013762219535,1.260729917262339,0.1667866729348006,0.008681033713883395,0.8351478297773406,0.4073284057655105,-0.009819304128507109,0.051089329046316745,3.8684650769425986,2.6839051743878755,2.5359269732363403,0.14797820115153523,1.6703970144551763,1.332538103706258,0.33785891074891833,0.0652308544162448,0.043582846346435146,0.05692624807323274,1.2695218080688682,0.1620774196708044,0.00876685398491624
2247,0.8242352474131903,0.404811004479313,-0.005088356823580623,0.050421762605045634,3.7817707569027306,2.619056994370609,2.466631015785756,0.15242597858485332,1.648572001608595,1.3151397411169747,0.3334322604916202,0.06653006325116755,0.04468347561314877,0.05809079399130773,1.260725042703708,0.16678682512743992,0.00868100412583339,0.8351435906787397,0.4073278619262467,-0.009819157700049305,0.05108906965723533,3.8684859370966627,2.683875227007983,2.5358942940944624,0.14798093291352085,1.670386878965127,1.3325916430022005,0.3377952359629266,0.06523154949197392,0.04358343518224775,0.056926876332981935,1.2695170586424331,0.1620775649429376,0.00876682522038074
2248,0.82423100180479,0.4048104587682667,-0.005088205747588739,0.050421502820499335,3.7817908926684747,2.6190273091152685,2.466598629943741,0.15242867917152736,1.6485618509303737,1.3151922627247339,0.3333695882056398,0.06653077791566625,0.04468408104365542,0.05809143964233715,1.2607202477842274,0.1667869748527918,0.008680975020133656,0.8351394207608834,0.40732732692699125,-0.009819013671118856,0.05108881450012967,3.8685064582384427,2.6838457688908877,2.535862148894518,0.1479836199963696,1.6703769092043623,1.3326443093439249,0.33773259986043747,0.06523223321824767,0.043584014403329915,0.056927494333296136,1.2695123868118596,0.1620777078592764,0.00876679692475826
2249,0.8242268254760736,0.4048099219271443,-0.005088057145928644,0.050421247273982894,3.7818107011444613,2.618998108785129,2.4665667731913397,0.15243133559378927,1.6485518661982943,1.3152439279531214,0.33330793824517296,0.06653148091255093,0.04468467658990241,0.05809207475150466,1.2607155311932758,0.16678712214947738,0.008680946388873002,0.8351353188868373,0.4073268006232932,-0.009818872002816503,0.05108856350545425,3.868526645788575,2.68381679198201,2.5358305288452074,0.14798626313680238,1.6703671024361026,1.332696116943368,0.3376709854927346,0.06523290578167726,0.043584584167769946,0.056928102242904934,1.2695077912998252,0.16207784845669373,0.00876676909035598
2250,0.8242227172871854,0.4048093938103429,-0.0050879109791772265,0.05042099589577213,3.781830187558592,2.6189693853931524,2.466535436813559,0.15243394857959355,1.64854204467368,1.315294750745033,0.333247293928647,0.06653217243364426,0.04468526241439297,0.058092699492153496,1.260710891641578,0.16678726705523775,0.008680918224253808,0.8351312839367256,0.4073262828723488,-0.009818732657552148,0.051088316604706877,3.868546505076064,2.683788288353365,2.535799425294087,0.14798886305927822,1.6703574559698597,1.3327470797819767,0.337610376187883,0.06523356736584661,0.04358514463109163,0.056928700227786344,1.2695032708497758,0.1620779867712164,0.00876674170959097
2251,0.8242186761150897,0.40480887427381557,-0.005087767209291882,0.0504207486171716,3.7818493570487033,2.618941131076573,2.466504612231782,0.15243651884479104,1.648532383663749,1.3153447448169213,0.3331876388468278,0.06653285266767324,0.044685838677007886,0.05809331403481425,1.2607063278607142,0.16678740960689423,0.008680890518587314,0.8351273148071398,0.40732577353286836,-0.009818595599083005,0.051088073730392494,3.868566041337858,2.683760250200005,2.535768829723761,0.14799142047624425,1.6703479671602188,1.3327972116140971,0.3375507555461218,0.06523421815138208,0.0435856959463132,0.056929288451229514,1.2694988242254475,0.16207812283798723,0.008766714774985584
2252,0.824214700852958,0.40480836317494495,-0.005087625799663695,0.050420505370477056,3.781868214661801,2.618913338093104,2.4664742909996917,0.1524390470934119,1.648522880520392,1.315393923662109,0.33312895685828287,0.06653352180035015,0.0446864055350739,0.058093918547277225,1.2607018386025752,0.16678754984030766,0.008680863264288985,0.8351234104105383,0.407325272464953,-0.009818460792556424,0.05108783481598646,3.86858525971812,2.683732669836244,2.5357387337478245,0.14799393608841946,1.670338633405625,1.3328465259702953,0.33749210743532954,0.06523485831602999,0.04358623826401307,0.05692986707390417,1.2694944502103347,0.16207825669122725,0.00876668827916293
2253,0.824210790409485,0.4048078603723888,-0.00508748671518959,0.0504202660889336,3.781886765352927,2.6188859988168476,2.4664444647988963,0.15244153401795105,1.6485135326389444,1.3154423005540308,0.33307123208491357,0.06653418001445591,0.044686963143434524,0.05809451319466684,1.2606974226388,0.16678768779032435,0.008680836453873129,0.83511956967457,0.40732477952994206,-0.00981832820458621,0.0510875997958931,3.8686041652671124,2.6837055396915814,2.535709129106501,0.14799641058508076,1.6703294521471703,1.3328950361606116,0.3374344159865589,0.06523548803473678,0.04358677173239772,0.05693043625393209,1.26949014760714,0.16207838836418448,0.008766662214841597
2254,0.8242069437081164,0.40480736572589093,-0.005087349922380149,0.05042003070668834,3.781905013983556,2.6188591057338204,2.4664151254341626,0.15244398029965797,1.648504337456947,1.3154898885493935,0.3330144489075536,0.06653482748992823,0.04468751165452464,0.058095098139519574,1.2606930787601822,0.1667878234907061,0.00868081007994672,0.8351157915413153,0.40732429459023045,-0.009818197803349825,0.05108736860539921,3.8686227629396304,2.683678852306258,2.535680007661901,0.1479988446443571,1.6703204208673672,1.3329427552777293,0.3373776655896378,0.06523610747973357,0.043587296497373355,0.056930996146962044,1.2694859152371913,0.1620785178890676,0.00876663657482963
2255,0.8242031596861913,0.40480687909607055,-0.005087215389500528,0.050419799158737955,3.781922965319411,2.6188326514370193,2.4663862648281647,0.15244638660885468,1.6484952924528755,1.3155367004912464,0.33295859196162914,0.06653546440395863,0.044688051218452624,0.058095673541869584,1.2606888057760144,0.1667879569740464,0.008680784135202492,0.8351120749664421,0.40732381750906044,-0.009818069558722789,0.05108714118062248,3.8686410575928436,2.683652600326331,2.535651361392783,0.1480012389335478,1.6703115370888935,1.3329896962000607,0.3373218408888329,0.06523671682062955,0.04358781270262496,0.056931546906252156,1.269481751939804,0.1620786452969681,0.008766611352017804
2256,0.8241994372939794,0.4048064003441793,-0.005087083086739816,0.050419571380869714,3.781940624027595,2.6188066286209253,2.4663578750156456,0.15244875360527962,1.648486395144826,1.3155827490119494,0.33290364613287676,0.06653609093109858,0.04468858198309035,0.05809623955934179,1.260684602513376,0.1667880882716687,0.008680758612411157,0.8351084189182575,0.407323348150285,-0.009817943442445888,0.051086917458453285,3.868659053983472,2.68362677649822,2.5356231823887496,0.14800359410947006,1.6703027983732923,1.3330358715947221,0.3372669267785702,0.0652373162245135,0.04358832048970238,0.056932088682759105,1.2694776565715835,0.16207877061776332,0.008766586539371976
2257,0.8241957754935657,0.4048059293318077,-0.0050869529864412955,0.050419347309593174,3.7819579946728443,2.618781030075278,2.4663299481368197,0.15245108193845827,1.6484776430891395,1.3156280465360246,0.33284959655311486,0.0665367072433774,0.0446891040941731,0.058096796347255016,1.2606804678163375,0.16678821741349967,0.008680733504412237,0.8351048223766114,0.4073228863780809,-0.009817819428337912,0.051086697376487675,3.868676756764082,2.68360137366251,2.5355954628436774,0.14800591081883296,1.6702942023196146,1.3330812939204044,0.33721290839921003,0.0652379058560671,0.04358881999811629,0.0569326216252372,1.2694736280056482,0.16207889387999758,0.008766562129924167
2258,0.8241921732575468,0.4048054659205159,-0.005086825063380131,0.05041912688206032,3.7819750817128774,2.618755848678077,2.4663024764300006,0.1524533722480763,1.6484690338789387,1.3156726052828769,0.33279642859606196,0.06653731351042752,0.044689617695405526,0.05809734405873044,1.2606764005451199,0.16678834442790735,0.008680708804103075,0.8351012843316166,0.40732243205658936,-0.009817697492566238,0.05108648087294889,3.868694170478478,2.68357638474699,2.5355681950483726,0.1480081896986173,1.670285746562975,1.3331259754301057,0.3371597711328694,0.06523848587768549,0.043589311365440295,0.05693314588034298,1.2694696651308057,0.16207901511073047,0.008766538116761865
2259,0.8241886295675517,0.40480500997142993,-0.005086699295107924,0.050418910035974984,3.781991889492399,2.618731077387478,2.466275452223041,0.1524556251644374,1.6484605651425541,1.3157164372693582,0.33274412787319607,0.06653790989963386,0.04469012292858838,0.05809788284482123,1.2606723995750888,0.16678846934151434,0.008680684504426552,0.8350978037821947,0.40732198504952283,-0.009817577613975143,0.05108626788659829,3.868711299555778,2.6835518027586023,2.535541371382063,0.14801043137653916,1.670277428773001,1.3331699281737153,0.33710750059928557,0.06523905644962036,0.04358979472743214,0.05693366159275933,1.2694657668505693,0.1620791343353607,0.008766514493016022
2260,0.8241851434122559,0.40480456134457515,-0.005086575662442527,0.05041869670947116,3.782008422235589,2.6187067092322254,2.466248867923429,0.15245784130879658,1.648452234541809,1.31575955431216,0.33269268022964876,0.06653849657627706,0.0446906199337397,0.05809841285463374,1.2606684637957914,0.1667885921789103,0.008680660598353306,0.8350943797341291,0.40732154521951536,-0.009817459774550605,0.0510860583566161,3.8687281483029734,2.683527620773943,2.535514984302549,0.14801263647139412,1.6702692466521396,1.3332131640004246,0.337056082651715,0.0652396177301174,0.04359027021815025,0.05693416890531201,1.2694619320822214,0.1620792515773565,0.008766491251843724
2261,0.8241817137853982,0.4048041198983633,-0.005086454149973205,0.050418486840991546,3.782024684036423,2.6186827373004964,2.4662227160064587,0.15246002129403752,1.648444039770079,1.3158019680299642,0.33264207174011484,0.06653907370374701,0.04469110884927581,0.05809893423551253,1.2606645921095225,0.16678871296239006,0.00868063707886552,0.8350910111981188,0.40732111242762364,-0.009817343959907923,0.05108585222248213,3.868744720895357,2.683503831928196,2.5354890263344556,0.14801480559374042,1.6702611979337512,1.3332556945609018,0.33700550337284935,0.06524016987562097,0.04359073797012697,0.05693466795914703,1.2694581597554087,0.16207936685800933,0.00876646838641243
2262,0.8241783396831117,0.40480368548873824,-0.005086334746767035,0.05041828036912392,3.7820406788467578,2.6186591547266045,2.46619698900139,0.1524621657252144,1.6484359785501508,1.3158436898453678,0.3325922887047829,0.0665396414437551,0.04469158981219109,0.058099447133220426,1.2606607834298984,0.16678883171155934,0.008680613938933468,0.8350876971871629,0.40732068653249626,-0.009817230159963851,0.05108564942381548,3.8687610213647363,2.6834804294019436,2.5354634900554895,0.14801693934645396,1.6702532803799999,1.333297531309247,0.3369557490707528,0.06524071304097706,0.04359119811454064,0.05693515889390302,1.2694544488107589,0.162079480196064,0.008766445889877086
2263,0.8241750201007707,0.4048032579681855,-0.005086217447227245,0.05041807723240797,3.7820564104613767,2.6186359546751112,2.466171679474879,0.15246427520023206,1.648428048631758,1.3158847309864976,0.3325433176452603,0.06654019995659266,0.04469206295827688,0.0580999516921581,1.2606570366801213,0.16678894844286274,0.00868059117148793,0.835084436713471,0.40732026738940924,-0.009817118369756794,0.05108544990018521,3.8687770535846457,2.6834574064054286,2.5354383680800083,0.1480190383254205,1.6702454917794327,1.3333386855046374,0.3369068062747953,0.06524124737968057,0.04359165078142498,0.056935641847921326,1.2694507981981826,0.16207959160727572,0.008766423755353326
2264,0.8241717540291595,0.40480283718450927,-0.005086102252159698,0.050417877369100465,3.78207188249934,2.6186131303217146,2.4661467800110843,0.15246635031063027,1.6484202477887364,1.315925102488256,0.33249514530048047,0.06654074940143724,0.04469252842238097,0.05810044805562328,1.2606533507909228,0.1667890631689997,0.008680568769386561,0.835081228784712,0.4073198548490767,-0.009817008590462903,0.05108525359088037,3.8687928212519065,2.6834347561596292,2.535413653039293,0.1480211031203363,1.6702378299441836,1.3333791682126135,0.33685866173157,0.06524177304416762,0.0435920960999168,0.05693611695849379,1.2694472068748817,0.16207970110386172,0.008766401975884712
2265,0.8241685404494705,0.40480242297908764,-0.00508598917017742,0.050417680716868606,3.7820870983807127,2.61859067482986,2.4661222831875893,0.1524683916422707,1.6484125738156945,1.3159648151931236,0.332447758622571,0.0665412899366829,0.04469298633868748,0.05810093636608581,1.2606497246983466,0.16678917589812295,0.008680546725368428,0.8350780723991219,0.40731944875595666,-0.009816900830738835,0.051085060434610016,3.8688083278636314,2.6834124718731203,2.5353893375576977,0.14802313431542258,1.6702302927067074,1.3334189903059337,0.3368113024007736,0.06524229018613123,0.04359253419852335,0.05693658436212556,1.269443673803186,0.16207980869375027,0.008766380544398504
2266,0.8241653783275801,0.40480201518504905,-0.0050858782193518234,0.05041748721243913,3.782102061297021,2.6185685813221617,2.4660981815456466,0.15247039977651525,1.6484050245240192,1.3160038797513742,0.3324011447726449,0.06654182172039923,0.04469343684110558,0.05810141676557545,1.2606461573406675,0.16678928663294526,0.008680525032003712,0.8350749665399086,0.40731904894648097,-0.009816795108293058,0.05108487036916023,3.8688235766880408,2.6833905467138193,2.535365414223193,0.14802513249062602,1.670222877915861,1.3334581624648476,0.33676471545101333,0.0652427989569592,0.043592965205493314,0.056937044194905376,1.2694401979475636,0.162079914379744,0.00876635945365685
2267,0.8241622666062578,0.4048016136244893,-0.005085769429462955,0.050417296791120614,3.7821167741741495,2.618546842844663,2.4660744675535144,0.15247237529114865,1.6483975977371332,1.316042306620635,0.3323552911164983,0.06654234491081644,0.04469388006368055,0.05810188939608241,1.2606426476551365,0.16678939536945858,0.008680503681622279,0.8350719101676433,0.4073186552463567,-0.009816691452028833,0.051084683330927354,3.8688385707278283,2.6833689737736806,2.5353418755510946,0.1480270982225858,1.6702155834322567,1.3334966951767337,0.3367188882555231,0.0652432995081964,0.04359338924920851,0.056937496592887715,1.2694367782714582,0.16208001815832065,0.008766338696187363
2268,0.8241592041957527,0.4048012181052668,-0.005085662844768683,0.05041710938622611,3.782131239624677,2.618525452322001,2.466051133560152,0.1524743187618492,1.6483902912846713,1.316080106064525,0.3323101852201462,0.06654285966698464,0.04469431614115226,0.058102354400107206,1.260639194573557,0.16678950209540597,0.008680482666228888,0.83506890221107,0.4073182674674567,-0.009816589904680845,0.051084499254354404,3.8688533126731457,2.6833477460244533,2.53531871393831,0.14802903208614313,1.6702084071225596,1.3335345987348357,0.336673808387724,0.06524379199217231,0.04359380645871532,0.056937941692616116,1.2694334137330037,0.1620801200182023,0.00876631826420084
2269,0.8241561899611709,0.40480082841638965,-0.005085558527720371,0.050416924928299064,3.782145459887364,2.618504402500608,2.466028171737161,0.1524762307634471,1.6483831029953546,1.3161172881502028,0.3322658148451519,0.06654336614951174,0.04469474520958022,0.058102811921264784,1.260635797017333,0.1667896067881653,0.00868046197738635,0.8350659415547959,0.40731788540335045,-0.00981649052635046,0.051084318071175853,3.8688678048419405,2.683326856261676,2.535295921606007,0.14803093465566855,1.6702013468525176,1.3335718832359331,0.3366294636165846,0.06524427656270214,0.04359421696431888,0.05693837963169781,1.2694301032802309,0.16208021993837668,0.008766298149477863
2270,0.8241532227074055,0.40480044432282586,-0.005085456563449164,0.050416743344188795,3.782159436749816,2.618483685877555,2.4660055740054094,0.15247811187214586,1.6483760306880533,1.3161538627444065,0.3322221679436468,0.06654386452159225,0.04469516740721524,0.05810326210513968,1.2606324538905673,0.16678970941227014,0.00868044160607922,0.8350630270246038,0.4073175088242786,-0.00981639339876695,0.05108413970951639,3.868882049103762,2.683306297034565,2.535273490527218,0.14803280650734701,1.670194400478225,1.3336085585765438,0.3365858419016812,0.0652447533760647,0.04359462089841128,0.05693881054961678,1.269426845844389,0.1620803178857799,0.008766278343236728
2271,0.8241503011584481,0.4048000655577577,-0.005085357065908749,0.05041656455578121,3.7821731714499975,2.6184632946094117,2.4659833319422475,0.15247996266716402,1.648369072160729,1.3161898395077503,0.33217923265297866,0.06654435495013084,0.04469558287545122,0.058103705100197245,1.2606291640725247,0.16678980991588757,0.00868042154252041,0.8350601573672997,0.40731713746965437,-0.009816298631123446,0.051083964092654255,3.8688960467827846,2.683286060556293,2.5352514123353593,0.14803464822093368,1.6701875658353231,1.3336446344474255,0.3365429313878976,0.06524522259206755,0.0435950183963741,0.05693923458859809,1.269423640332665,0.16208041381200478,0.008766258835945947
2272,0.8241474239308152,0.4047996918126393,-0.005085260185789475,0.050416388478368254,3.782186664548783,2.618443220395102,2.4659614366622415,0.15248178373286025,1.6483622251763455,1.3162252278865412,0.3321369972898043,0.06654483760718924,0.04469599176005083,0.0581041410589571,1.2606259264079247,0.1667899082262855,0.0086804017759028,0.8350573312248492,0.4073167710384494,-0.009816206367590355,0.05108379113743387,3.8689097985323544,2.6832661385887184,2.535229678206689,0.14803646038202906,1.6701808407252505,1.3336801203256652,0.33650072039958534,0.06524568437541964,0.04359540959774106,0.056939651894721575,1.269420485618809,0.16208050764906956,0.008766239617083714
2273,0.8241445894985191,0.40479932272391983,-0.005085166120994425,0.05041621501849816,3.782199915763563,2.6184234543232887,2.465939878662141,0.15248357566114767,1.648355487444874,1.3162600371014224,0.3320954503434516,0.06654531267181454,0.04469639421269442,0.058104570139467376,1.260622739694679,0.1667900042438184,0.008680382294070144,0.8350545471003133,0.40731640917636575,-0.00981611679724801,0.05108362075217458,3.8689233041713473,2.6832465222923654,2.535208278707668,0.14803824358469728,1.6701742228976952,1.3337150254636794,0.3364591974340159,0.0652461388974633,0.04359579464766543,0.056940062619319165,1.2694173805312987,0.16208059930380556,0.008766220674819443
2274,0.8241417961418772,0.4047989578518505,-0.005085075131824102,0.05041604407083357,3.7822129237490163,2.618403986668182,2.465918647617216,0.1524853390509661,1.6483488566000903,1.3162942761318002,0.3320545804682901,0.06654578033187758,0.04469679039253742,0.05810499250670242,1.2606196026715573,0.16679009783281964,0.00868036308301794,0.8350518033081579,0.40731605145540645,-0.009816030168461512,0.051083452833620105,3.868936562468704,2.6832272020259476,2.5351872035945857,0.1480399984313619,1.6701677100279884,1.3337493588741185,0.33641835115386975,0.06524658633791684,0.04359617369839619,0.05694046692030093,1.2694143238414402,0.16208068864937472,0.00876620199553141
2275,0.8241390418859568,0.40479859665732226,-0.005084987559521387,0.05041587551437245,3.782225685800556,2.618384806619572,2.465897732106665,0.15248707451290694,1.6483423301684568,1.3163279536938906,0.3320143764745663,0.0665462407873659,0.044697180468999995,0.058105408335223555,1.2606165139961027,0.16679018881103652,0.008680344126316769,0.8350490979144233,0.4073156973514824,-0.009815946806460009,0.051083287263264186,3.868949570852249,2.6832081670813865,2.535166441543667,0.14804172553771938,1.6701612996868211,1.333783129308582,0.33637817037823914,0.06524702688798101,0.0435965469119097,0.05694086496466503,1.2694113142421417,0.16208077551541203,0.008766183563248792
2276,0.8241363244052292,0.4047982384616403,-0.0050849038547377545,0.05041570920659476,3.7822381974552552,2.6183659019104275,2.4658771192439,0.15248878266652738,1.6483359055288025,1.3163610782113553,0.3319748273174472,0.06654669425345985,0.04469756462437289,0.05810581781146127,1.2606134722239974,0.1667902769325188,0.008680325404175045,0.8350464286442938,0.40731534620567195,-0.009815867140241338,0.05108312390167431,3.868962325017111,2.6831894053188337,2.5351459797879787,0.1480434255308551,1.6701549893010232,1.3338163452291318,0.33633864407189135,0.06524746075324372,0.043596914462370503,0.05694125693065384,1.2694083503280749,0.16208085967210292,0.00876616535874685
2277,0.8241336408941137,0.4047978823928492,-0.005084824616397782,0.05041554497551371,3.7822504519363638,2.6183472583013385,2.4658567941625,0.15249046413883893,1.6483295798569682,1.3163936577738637,0.33193592208310435,0.06654714096514984,0.04469794305772909,0.058106221137210756,1.2606104757780918,0.1667903618645315,0.008680306892175966,0.8350437927565866,0.40731499717248826,-0.009815791739321608,0.05108296258078287,3.8689748183811594,2.6831709026617268,2.535125803613046,0.14804509904868038,1.6701487760997797,1.333849014768113,0.33629976133166667,0.06524788815802474,0.04359727653981184,0.05694164301104192,1.2694054305659948,0.16208094080869184,0.008766147358327292
2278,0.8241309878751503,0.4047975273028596,-0.005084750649135217,0.050415382607897435,3.7822624393765083,2.618328858851694,2.465836739297186,0.15249211955450825,1.648323350050094,1.3164257000793222,0.3318976499707718,0.06654758118252516,0.044698315989404075,0.05810661853339978,1.260607522912935,0.16679044315277097,0.008680288559372076,0.8350411868579087,0.4073146491400624,-0.009815721367986918,0.05108280309247233,3.868987041323983,2.6831526423835856,2.5351058956518404,0.1480467467317453,1.6701426570411193,1.3338811456721424,0.33626151136897686,0.0652483093503378,0.04359763335433943,0.056942023416667084,1.2694025532608455,0.16208101850111917,0.008766129531979158
2279,0.8241283609103035,0.40479717163885176,-0.005084683049568474,0.05041522183154257,3.782274145702639,2.618310682863555,2.4658169333512165,0.15249374951233846,1.6483172126201147,1.3164572123514224,0.3318600002686921,0.0665480151969308,0.04469868366621183,0.0581070102441206,1.260604611673476,0.16679052016834434,0.008680270365378415,0.8350386066231242,0.40731430060634954,-0.009815657066740702,0.051082645171406024,3.8689989800951174,2.683134604075296,2.535086234872915,0.14804836920238082,1.6701366287085895,1.3339127452222024,0.3362238834863871,0.06524872460764602,0.04359798514100711,0.05694239838018744,1.269399716516447,0.16208109216270977,0.008766111840573942
2280,0.8241257541435154,0.4047968132310401,-0.005084623342483968,0.050415062287187944,3.782285550987914,2.6182927042972675,2.4657973497684385,0.1524953545288289,1.648311163540164,1.3164882012194754,0.33182296232068864,0.0665484433367829,0.0446990463663712,0.05810739653943975,1.2606017398560634,0.16679059202232077,0.008680252255680617,0.8350360463526744,0.4073139494749249,-0.009815600280780296,0.051082488467839714,3.8690106152012445,2.683116762097036,2.535066795084016,0.14804996701302003,1.6701306871623554,1.3339438201172285,0.33618686704512696,0.06524913424224416,0.04359833216437643,0.05694276815864026,1.2693969181987317,0.16208116096472447,0.00876609423133947
2281,0.8241231595141686,0.40479644890751265,-0.005084573713495161,0.05041490348022988,3.782296626902176,2.6182748892601806,2.465777954364882,0.15249693489529884,1.6483051980148506,1.3165186725372942,0.3317865254775566,0.06654886596814505,0.044699404399994216,0.05810777771167762,1.2605989050045872,0.16679065741538018,0.008680234153362418,0.8350334982119393,0.4073135926846313,-0.009815553079295644,0.05108233250091268,3.869021918912799,2.683099083126945,2.5350475426140617,0.14805154051288288,1.6701248277166545,1.333974376298737,0.3361504514179175,0.06524953860159734,0.04359867471880372,0.056943133029748995,1.2693941559334343,0.16208122369661704,0.008766076629881716
2282,0.8241205652682473,0.40479607372156795,-0.005137767301570562,0.050414744689342914,3.782307332497264,2.618257191711448,2.465758701402695,0.1524984903087527,1.6482993101161991,1.3165486310945687,0.33175067902163036,0.06654928347553077,0.044699758092822825,0.05810815404996366,1.2605961045392475,0.1667907143458818,0.008680215943004827,0.8350309507918126,0.4073132254666424,-0.009867800035140734,0.05108217657027657,3.869032851144956,2.683081521972955,2.535028432473445,0.14805308949951,1.6701190445873768,1.3340044186715108,0.336114625915866,0.06524993804973032,0.04359901311267382,0.05694349326746476,1.269391427233233,0.16208127849465329,0.008766058924652546
2283,0.8241235541857044,0.4047964641844372,-0.005070240574776057,0.05041492779013887,3.782317606573464,2.618278019569345,2.465781415751744,0.15249660381760088,1.6482411305364941,1.31653619082172,0.33170493971477427,0.06654878291580983,0.04469933404192063,0.058107907209115996,1.2605994620751557,0.166791068097202,0.008680236500010777,0.8350338239802783,0.4073135965729322,-0.00980169182292398,0.05108235260167894,3.8690433519949785,2.6831017885096275,2.5350505443355535,0.14805124417407417,1.6700619015836253,1.3339928076594247,0.3360690939242006,0.06524946773360697,0.04359861468274011,0.056943264487064923,1.2693946400341192,0.16208161282426645,0.00876607844937413
2284,0.8241200167906141,0.4047959993084178,-0.005084027962691133,0.050414711190126305,3.782329087541391,2.618253397677896,2.4657545673224543,0.15249883035544193,1.6482471083714085,1.3165745202189363,0.33167258815247225,0.06654937400290997,0.04469983478340583,0.05810839583549314,1.2605954973120315,0.16679109037177045,0.008680212142712144,0.8350303756156662,0.4073131454482615,-0.00981503205557381,0.051082141440559996,3.869055031052562,2.683077525105595,2.5350240791623078,0.14805344594328704,1.6700676479605565,1.3340309518902547,0.3360366960703019,0.06525002953260857,0.04359909061271113,0.05694372937080902,1.269390802289673,0.16208163543642332,0.008766054956909486
2285,0.8241178652903955,0.40479572033263006,-0.005081150085067869,0.050414579573291,3.78234004877175,2.6182383816548573,2.4657381884440994,0.1525001932107578,1.6482400335812282,1.3166018603276501,0.33163817325357803,0.0665497351165707,0.04470014070209491,0.05810872817440196,1.2605930751280159,0.16679117983331523,0.008680197366370995,0.8350282550507345,0.40731287112988546,-0.009812280651303282,0.05108201171519187,3.8690661975447136,2.683062570205861,2.5350077630969805,0.14805480710888025,1.6700607512313321,1.3340584344477333,0.3360023167835989,0.06525037627739247,0.04359938435875641,0.05694404841160663,1.269388433630323,0.16208172046279223,0.00876604054221762
2286,0.824115476657518,0.4047954119302859,-0.005081690705123126,0.05041443336498975,3.782350867949058,2.618221697521735,2.4657199883441163,0.15250170917761877,1.6482357305807909,1.3166308796049417,0.33160485097584924,0.06655013676849969,0.0447004809629184,0.05810908660994561,1.2605903810469508,0.16679125444436071,0.008680180974769301,0.835025911559571,0.407312569409897,-0.009812791351290553,0.05108186826522598,3.869077217249372,2.683046028588442,2.534989714027888,0.148056314560554,1.670056510101469,1.334087503221484,0.33596900687998493,0.065250760251997,0.04359970964417324,0.05694439129402538,1.269385810663337,0.16208179181205618,0.008766024626952619
2287,0.8241131832334827,0.4047951173875109,-0.005081530972780926,0.05041429301318251,3.7823614832959187,2.618205661611133,2.465702493309526,0.1525031683016073,1.6482309533150359,1.3166589899863927,0.3315719633286431,0.06655052309628402,0.04470080824183966,0.05810943341393081,1.260587789766761,0.1667913309389268,0.00868016525236026,0.8350236589384347,0.4073122808447042,-0.009812641551432813,0.05108173040690592,3.869088031381625,2.6830301124737157,2.5349723455519477,0.1480577669217678,1.6700518231191417,1.3341156858296772,0.33593613728946436,0.06525112996002182,0.04360002284360763,0.05694472332144096,1.2693832851660387,0.16208186482296372,0.008766009343791268
2288,0.8241109160744938,0.40479482712246373,-0.0050815160269467585,0.050414154255772156,3.782371919162076,2.618189800046873,2.465685187307245,0.15250461273962784,1.6482263664669652,1.316686731854831,0.33153963461213426,0.06655090544573353,0.04470113215050078,0.05810977621481297,1.2605852251849015,0.166791405807301,0.00868014971913382,0.8350214328075846,0.40731199653572564,-0.009812626729771193,0.05108159415659462,3.8690986633275317,2.6830143744969353,2.5349551703447775,0.14805920415215798,1.6700473178768693,1.3341434929827543,0.3359038248941152,0.06525149573945084,0.04360033271491848,0.056945051427318684,1.2693807865182092,0.16208193631303672,0.008765994249220187
2289,0.8241086887146719,0.40479454266286485,-0.005081472042725091,0.050414017936683805,3.782382179390976,2.618174209427247,2.465668175995236,0.15250603343201063,1.6482218321489877,1.3167140033957399,0.3315078287532478,0.06655128141041772,0.04470145065028584,0.058110113380747855,1.2605827034417492,0.16679147974507988,0.008680134465740903,0.8350192456181631,0.40731171786725473,-0.009812585162684476,0.051081460292130135,3.8691091170412806,2.682998904642425,2.5349382868725954,0.14806061776982957,1.6700428656151691,1.334170830168685,0.3358720354464842,0.06525185542231529,0.04360063742150354,0.056945374145153715,1.2693783295287335,0.16208200690475927,0.0087659794255421
2290,0.8241064976587129,0.4047942633367758,-0.005081434843117225,0.0504138838368903,3.7823922702945474,2.6181588677601297,2.46565143567385,0.1525074320862798,1.6482173774293436,1.3167408346206972,0.33147654280864647,0.06655165148549219,0.04470176416066762,0.05811044524624544,1.260580221215457,0.16679155259113068,0.008680119465960728,0.8350170941363196,0.40731144421385146,-0.009812549803546941,0.051081328610465285,3.8691193987248695,2.682983682424451,2.5349216730585864,0.14806200936586453,1.6700384912363264,1.3341977256662831,0.33584076557004316,0.06525220945266758,0.0436009373395433,0.056945691774760075,1.2693759111636898,0.16208207645458414,0.008765964848638359
2291,0.8241043429407341,0.4047939890131137,-0.005081396956691332,0.05041375196018269,3.782402196446212,2.6181437766670026,2.4656349682883207,0.15250880837868186,1.6482129953174258,1.3167672281578913,0.33144576715953455,0.0665520155983941,0.044702072620174255,0.05811077176917638,1.2605777789921129,0.1667916243750131,0.00868010471865601,0.8350149783439846,0.40731117544363166,-0.009812513852919647,0.051081199112198064,3.8691295129235477,2.6829687090618553,2.534905330401486,0.14806337866036917,1.670034188272639,1.3342241825220618,0.33581000575057735,0.06525255777055736,0.04360123241825069,0.05694600428280082,1.2693735318320118,0.16208214498834714,0.008765950517050664
2292,0.8241022238410506,0.40479371949296766,-0.005081359952505193,0.05041362226212534,3.782411961872353,2.618128932248454,2.465618769723857,0.1525101625245967,1.6482086858814682,1.3167931921484959,0.33141549373297224,0.06655237382165316,0.044702376090249546,0.058111093009583746,1.2605753762846308,0.1667916950904228,0.008680090217815527,0.8350128975424976,0.4073109113658453,-0.009812478725913482,0.051081071754185164,3.8691394636380974,2.6829539807153795,2.5348892548444004,0.14806472587097916,1.6700299566879693,1.3342502087936967,0.3357797478942726,0.06525290044515765,0.043601522716225805,0.05694631172691178,1.2693711910606131,0.16208221250062144,0.008765936424995454
2293,0.8241001398033672,0.4047934546291805,-0.005081323474819238,0.05041349470886855,3.7824215700932116,2.618114331404752,2.46560283669751,0.15251149470724198,1.648204447682101,1.3168187333957013,0.3313857142863997,0.0665527262131936,0.04470267461996417,0.058111409020465105,1.260573012703906,0.1667917647442846,0.008680075958860028,0.835010851179902,0.40731065183787324,-0.009812444104079887,0.051080946502843685,3.8691492543773607,2.6829394942492337,2.534873443059344,0.14806605118988986,1.670025795084995,1.3342758113180164,0.3357499837669787,0.06525323753363585,0.04360180828189823,0.05694661415930713,1.269368888458433,0.16208227899781455,0.008765922567987318
2294,0.8240980902213718,0.40479319427970284,-0.0050812876261669415,0.050413369263337594,3.782431024238782,2.618099970571473,2.4655871654044095,0.1525128051670633,1.6482002796067343,1.3168438588343723,0.3313564207723621,0.06655307284515298,0.044702968270429765,0.05811171986613603,1.2605706877655207,0.1667918333393951,0.008680061936984193,0.8350088386590127,0.40731039672242625,-0.009812410080975692,0.051080823321659405,3.869158888268727,2.6829252460950936,2.5348578912318995,0.14806735486319422,1.670021702359804,1.3343009970368278,0.33572070532297626,0.06525356910607527,0.04360208917463931,0.056946911642529005,1.2693666235462013,0.16208234448268763,0.008765908941348766
2295,0.824096074500705,0.4047929383174928,-0.005081252383185561,0.05041324588922718,3.7824403271483256,2.618085846124221,2.4655717519566123,0.15251409416760872,1.6481961804427436,1.316868575191713,0.3313276052510306,0.0665534137938286,0.04470325710628182,0.058112025615050036,1.2605684009571743,0.1667919008805207,0.008680048147601156,0.8350068593937363,0.4073101458964941,-0.009812376636070527,0.051080702174834666,3.869168368155976,2.682911232623462,2.5348425954640383,0.1480686371594237,1.670017677318025,1.334325772691938,0.33569190462608717,0.06525389523652803,0.043602365457182504,0.056947204243043295,1.269364395817557,0.16208240895981887,0.008765895540610236
2296,0.8240940920402945,0.4047926866233466,-0.0050812177670796765,0.050413124549806954,3.782449481392945,2.61807195430077,2.465556592304443,0.15251536199632698,1.6481921490014102,1.3168928890885017,0.33129925991290854,0.06655374914074089,0.044703541196580654,0.058112326340218554,1.2605661517315543,0.16679196737127408,0.008680034586166145,0.8350049127919517,0.40730989924460975,-0.00981234378977125,0.05108058302618817,3.8691776966212004,2.6828974500737837,2.534827551703849,0.1480698983699343,1.6700137187874726,1.3343501449173512,0.33566357387012136,0.06525421600388139,0.043602637196357485,0.056947492031540654,1.269362204733127,0.16208247243275534,0.008765882361347059
2297,0.8240921422437862,0.40479243908618107,-0.005081183777582446,0.050413005208639144,3.782458489349341,2.6180582912927575,2.465541682338069,0.15251660895468822,1.648188184080589,1.316916807011272,0.33127137706931703,0.0665540789701122,0.044703820612675554,0.05811262211714796,1.2605639395232442,0.16679203281610328,0.008680021248242863,0.8350029982662972,0.4073096566590825,-0.00981231154224637,0.05108046583983377,3.8691868760567916,2.682883894642273,2.534812755842869,0.1480711387994041,1.670009825583903,1.3343741202139228,0.3356357053699802,0.0652545314895194,0.04360290446110899,0.05694777508101814,1.2693600497365045,0.16208253490583013,0.00876586939924078
2298,0.8240902245161302,0.4047921956009833,-0.005081150424922867,0.05041288782936082,3.782467353214915,2.6180448532389793,2.465527017882296,0.15251783535668337,1.6481842844875727,1.3169403353326192,0.33124394915495353,0.06655440336871062,0.04470409542807234,0.05811291302360347,1.260561763749773,0.16679209721878147,0.00868000812946371,0.8350011152309572,0.4073094180380443,-0.009812279903508588,0.051080350579974704,3.8691959086802217,2.6828705624759417,2.5347982037115857,0.14807235876435593,1.6700059965325944,1.3343977049686362,0.3356082915639582,0.0652548417771632,0.04360316732236169,0.05694805346654758,1.2693579302553357,0.1620825963827724,0.008765856650041433
2299,0.8240883382670585,0.4047919560680187,-0.005081117713751693,0.05041277237590404,3.782476075046553,2.618031636262652,2.465512594738836,0.15251904152381637,1.6481804490322607,1.316963480307717,0.33121696872454376,0.06655472242467271,0.04470436571743627,0.05811319913859924,1.2605596238195096,0.16679216058331892,0.008679995225541092,0.834999263104977,0.40730918328468235,-0.009812248878224482,0.05108023721111394,3.869204796571836,2.6828574497087017,2.534783891120396,0.14807355858830568,1.6700022304619144,1.3344209054514395,0.3355813250104749,0.06525514695176719,0.04360342585208499,0.05694832726432743,1.2693558457088603,0.16208265686753906,0.008765844109577732
2300,0.8240864829147132,0.40479172039445716,-0.00508108564295813,0.050412658812714145,3.782484656781038,2.618018636484623,2.4654984086992053,0.15252022778541757,1.6481766765341173,1.316986248081833,0.33119042845228425,0.06655503622743925,0.044704631556537366,0.05811348054234054,1.2605575191320944,0.16679222291419477,0.008679982532304054,0.8349974413157634,0.40730895230879394,-0.009812218465452119,0.05108012569826462,3.869213541694778,2.6828445524743043,2.534769813872276,0.14807473860202824,1.6699985262099541,1.334443727822502,0.335554798387452,0.06525544709945702,0.043603680123240555,0.05694859655162737,1.2693537955083352,0.16208271636453386,0.008765831773792252
2301,0.8240846578813753,0.40479148849008817,-0.005081054221566975,0.05041254710449104,3.7824931002579225,2.6180058500327767,2.465484455559872,0.15252139447290475,1.6481729658294264,1.3170086446980505,0.33116432113137584,0.06655534486672895,0.0447048930213812,0.0581137573152551,1.2605554490853224,0.16679228421543874,0.008679970045631105,0.8349956492950339,0.40730872502272664,-0.009812188673808772,0.051080016006704906,3.8692221459172527,2.6828318669156026,2.534755967777522,0.14807589913808045,1.6699948826315267,1.3344661781397305,0.3355287044917963,0.06525574230656822,0.043603930208967794,0.05694886140588052,1.269351779063602,0.1620827748777632,0.008765819638677369
2302,0.8240828626007254,0.40479126027038836,-0.005081023444050051,0.050412437216634645,3.7825014072426923,2.6179932730703666,2.4654707311503707,0.15252254191999587,1.6481693157627506,1.3170306760923216,0.331138639670429,0.06655564843230866,0.04470515018801399,0.058114029537859394,1.260553413076683,0.16679234449185204,0.008679957761521669,0.8349938864857406,0.4073085013442764,-0.009812159498027974,0.051079908102402795,3.869230611035204,2.68281938921196,2.5347423486810294,0.1480770405309306,1.6699912985900678,1.334488262354175,0.3355030362358928,0.0652560326594293,0.04360417618240023,0.05694912190455634,1.269349795784567,0.16208283241195648,0.00876580770034303
2303,0.8240810965096396,0.4047910356538249,-0.00508099332361403,0.05041232911474118,3.7825095793986536,2.617980901755925,2.465457231291716,0.15252367046420906,1.6481657252014505,1.3170523481069378,0.33111337709451266,0.06655594701461093,0.044705403133046065,0.05811429729121477,1.2605514104992186,0.16679240374768212,0.008679945676023168,0.834992152334252,0.4073082811941499,-0.00981213095062218,0.05107980195153611,3.8692389387449375,2.682807115540464,2.5347289524219754,0.14807816311848843,1.6699877729714812,1.3345099863229621,0.3354777866485191,0.06525631824494221,0.04360441811715715,0.056949378125590186,1.2693478450772355,0.16208288897135373,0.00876579595494783
2304,0.8240793590587923,0.40479081456363025,-0.005080963850432163,0.05041222276525677,3.78251761835123,2.6179687323130514,2.4654439518719986,0.15252478044105275,1.6481621930192791,1.3170736664792315,0.3310885265400475,0.06655624070313305,0.0447056519322953,0.058114560655611436,1.260549440752262,0.16679246198874742,0.00867993378530791,0.8349904463005487,0.40730806449766516,-0.009812103021993014,0.05107969752112124,3.869247130705906,2.682795042143729,2.534715774907295,0.14807926723643414,1.669984304668504,1.3345313557986112,0.33545294886989274,0.06525659914908248,0.043604656086073015,0.05694963014614979,1.2693459263539584,0.16208294456166383,0.008765784398772274
2305,0.8240776497053859,0.4047905969257765,-0.005080935031382447,0.05041211813502468,3.7825255256652497,2.617956760991092,2.4654308888049163,0.15252587218617572,1.6481587181175845,1.3170946368603333,0.33106408125725123,0.06655652958716488,0.04470589666140395,0.05811481971110724,1.2605475032365536,0.16679251921990956,0.008679922085612165,0.834988767851301,0.4073078511828415,-0.009812075718355948,0.05107959477858133,3.8692551885187716,2.682783165291969,2.534702812071629,0.1480803532203404,1.669980892601097,1.334552376447143,0.335428516153954,0.06525687545757887,0.04360489016177324,0.0569498780431383,1.269344039028786,0.16208299918775096,0.00876577302816123
2306,0.8240759679171574,0.4047903826696755,-0.0050809068643973,0.05041201519154123,3.7825333028631944,2.617944984091133,2.4654180380578876,0.1525269460332456,1.6481552994107718,1.3171152648053068,0.33104003460546505,0.06655681375518095,0.04470613739532352,0.05811507453705558,1.260545597358318,0.16679257544703613,0.008679910573265533,0.834987116463721,0.40730764118108465,-0.009812049037331252,0.051079493691993286,3.869263113743248,2.6827714813081096,2.5346900599044773,0.14808142140363245,1.669977535702602,1.3345730538387708,0.33540448186383137,0.0652571472553488,0.043605120416195894,0.05695012189275621,1.2693421825213278,0.16208305285543884,0.008765761839552069
2307,0.8240743131719223,0.4047901717281259,-0.005080879348474496,0.05041191390292037,3.7825409514298953,2.617933397962841,2.465405395648599,0.15252800231424246,1.6481519358343149,1.3171355557812965,0.33101638005301837,0.066557093294934,0.044706374208394024,0.05811532521215934,1.2605437225286367,0.16679263067634614,0.008679899244687865,0.8349854916251895,0.40730743442715783,-0.009812022977381096,0.05107939423005703,3.8692709079029615,2.6827599865650265,2.5346775144471634,0.14808247211786327,1.669974232927442,1.334593393455798,0.33538083947164404,0.06525741462658277,0.0436053469206633,0.0569503617705491,1.269340356256171,0.16208310557092506,0.008765750829472322
2308,0.824072684958838,0.4047899640372822,-0.0050808524796953775,0.0504118142379751,3.7825484728255496,2.617921999015267,2.465392957657043,0.1525290413582237,1.6481486263438443,1.3171555151685066,0.3309931111753376,0.06655736829314222,0.04470660717407907,0.05811557181420264,1.260541878165545,0.1667926849146379,0.008679888096395968,0.8349838928345248,0.40730723085917936,-0.009811997534024702,0.05107929636217739,3.8692785724984184,2.68274867749621,2.5346651718046838,0.14808350569152626,1.6699709832503793,1.3346134006937345,0.33535758255664483,0.06525767765445088,0.04360556974563324,0.05695059775115588,1.2693385596648887,0.16208315734099832,0.008765739994546575
2309,0.8240710827788048,0.4047897595373847,-0.0050808262531929355,0.0504117161662412,3.782555868483833,2.6179107837125315,2.465380720219928,0.15253006349260376,1.6481453699176758,1.3171751482639051,0.3309702216537706,0.06655763883573924,0.04470683636517765,0.05811581442026889,1.260540063692355,0.16679273816942364,0.008679877125013238,0.8349823196024347,0.40730703041934724,-0.009811972701684102,0.051079200058490995,3.869286109005579,2.682737550591858,2.534653028140575,0.1480845224512828,1.6699677856690496,1.334633080865004,0.3353347048040456,0.06525793642133464,0.043605788960895536,0.0569508299085111,1.2693367921844545,0.16208320817317717,0.008765729331506435
2310,0.824069506141954,0.40478955817226775,-0.005080800669415297,0.05041161965782449,3.782563139797204,2.617899748558055,2.4653686795136878,0.1525310690443673,1.6481421655576094,1.3171944602835164,0.33094770527409306,0.06655790500821561,0.04470706185411339,0.058116053107028776,1.2605382785353643,0.16679279044879164,0.008679866327250717,0.8349807714491724,0.4073068330534989,-0.009811948479692433,0.05107910528972375,3.869293518861961,2.682726602383793,2.534641079660637,0.148085522723156,1.6699646392048695,1.3346524392013241,0.3353122000035453,0.06525819100914564,0.043606004635841855,0.05695105831611365,1.2693350532550642,0.1620832580755952,0.00876571883717317
2311,0.8240679545775411,0.40478935989136255,-0.005080775706370555,0.05041152468400797,3.7825702881806116,2.617888890156016,2.465356831820581,0.1525320583354346,1.6481390122839077,1.3172134563600306,0.3309255559238771,0.06655816689429038,0.044707283711809154,0.05811628794962773,1.260536522132766,0.16679284176308712,0.008679855699982364,0.8349792479141375,0.4073066387130575,-0.009811924845641237,0.05107901202778021,3.8693008035292458,2.6827158295056415,2.5346293226776657,0.14808650682797575,1.6699615428983448,1.33467148085158,0.33529006204676476,0.0652584414980739,0.04360621683840547,0.05695128304597798,1.2693333423286857,0.16208330705856358,0.008765708508530269
2312,0.8240664276277567,0.40478916464875525,-0.005080751355474748,0.05041143121686828,3.782577315043606,2.617878205169637,2.4653451734833727,0.1525330316862642,1.6481359091550825,1.3172321415602337,0.3309037675948488,0.06655842457689055,0.04470750200851685,0.05811651902246203,1.2605347939280789,0.16679289212291015,0.0086798452402011,0.8349777485500806,0.4073064473541866,-0.009811901789576097,0.051078920245383866,3.8693079644668984,2.6827052286529915,2.534617753568111,0.14808747508488054,1.669958495828275,1.3346902108987875,0.3352682849294875,0.06525868796749804,0.04360642563583224,0.05695150416935495,1.269331658862843,0.16208335513275918,0.008765698342683021
2313,0.8240649248558934,0.4047889724053529,-0.00508072758894345,0.050411339229786495,3.782584221829997,2.6178676903665106,2.465333700953321,0.15253398941318982,1.6481328552555135,1.317250520876676,0.33088233437883746,0.06655867813727712,0.044707716813077,0.05811674639848737,1.260533093376007,0.16679294154182464,0.008679834945086153,0.8349762729310223,0.4073062589398851,-0.009811879282963093,0.051078829916573254,3.869315003171441,2.682694796627732,2.5346063688190474,0.14808842780868467,1.6699554971001611,1.3347086343523937,0.33524686274776727,0.0652589304951611,0.04360663109398243,0.05695172175607873,1.2693300023262424,0.16208340231172425,0.008765688336923448
2314,0.8240634458406365,0.40478878312902355,-0.005080704390950111,0.05041124869708974,3.7825910099778333,2.617857342569564,2.465322410735542,0.15253493183402228,1.6481298497117867,1.3172685992422914,0.33086125046949527,0.06655892765642848,0.04470792819409075,0.0581169701503694,1.2605314199331632,0.16679299003489714,0.008679824811972754,0.8349748206469664,0.4073060734401935,-0.00981185730823482,0.051078741016369104,3.869321921138521,2.6826845302913207,2.5345951649760234,0.14808936531529726,1.6699525458620446,1.3347267561624974,0.3352257896995471,0.06525916915845778,0.04360683327842126,0.05695193587563779,1.2693283721899817,0.16208344861056528,0.008765678488703516
2315,0.8240619901878525,0.4047885967970927,-0.00508068171802116,0.05041115959478261,3.7825976809890878,2.6178471587290852,2.4653112994663045,0.15253585926278057,1.6481268916812728,1.3172863815227833,0.3308405101584895,0.06655917321349367,0.04470813621860947,0.05811719034920945,1.2605297730684415,0.16679303762159406,0.008679814838442925,0.8349733913153489,0.4073058908346194,-0.009811835821038811,0.05107865352148531,3.8693287199317066,2.6826744266353355,2.5345841387187953,0.14809028791654003,1.6699496412939328,1.334744581212911,0.3352050600810217,0.06525940403297562,0.043607032253182965,0.05695214659597157,1.269326767937514,0.16208349404863254,0.008765668795722742
2316,0.8240605575289113,0.4047884133965777,-0.0050806595290601025,0.05041107190043562,3.782604236431553,2.6178371359063375,2.465300363894568,0.15253677201176954,1.648123980375705,1.3173038725369852,0.3308201078387199,0.06655941488630009,0.04470834095256491,0.05811740706491311,1.2605281522596103,0.16679308432419424,0.008679805022318531,0.834971984579661,0.4073057111124287,-0.009811814778714192,0.05107856741023536,3.869335401185693,2.6826644827668096,2.534573286844714,0.1480911959220954,1.6699467826306977,1.334762114340979,0.3351846682897187,0.06525963519295097,0.04360722808115716,0.05695235398379871,1.2693251890615314,0.16208353864810607,0.008765659255923658
2317,0.8240591475286231,0.40478823292715094,-0.005080637763257942,0.050410985593681984,3.782610677973232,2.617827271308524,2.465289600917583,0.15253767039094132,1.6481211150578223,1.3173210770556487,0.33080003800217367,0.06655965275089906,0.04470854246038422,0.05811762036584529,1.2605265569963622,0.16679313017027686,0.00867979536173541,0.8349706001172849,0.4073055342755526,-0.009811794119216503,0.05107848266302347,3.8693419666411644,2.68265469594313,2.5345626063043163,0.14809208963881373,1.669943969159322,1.334779360336848,0.33516460882247395,0.06525986271083073,0.043607420823717415,0.05695255810428266,1.2693236350669599,0.16208358243631515,0.008765649867564645
2318,0.8240577598915172,0.4047880554028904,-0.005080616343067473,0.050410900656598714,3.7826170074324326,2.617817562322863,2.4652790076168367,0.1525385547060261,1.6481182950572464,1.3173379998155956,0.33078029524165076,0.06655988688095572,0.044708740804473054,0.05811783031827172,1.2605249867844033,0.1667931751933475,0.008679785855195967,0.8349692376457951,0.4073053603403317,-0.00981177376382042,0.051078399262726816,3.8693484181952957,2.682645063606622,2.5345520942378417,0.1480929693687806,1.6699412002345697,1.334796323957454,0.3351448762771157,0.06526008665667526,0.04360761054021567,0.0569527590204855,1.2693221054750363,0.16208362544636104,0.008765640629272355
2319,0.8240563943472426,0.4047878808524547,-0.005080595220967599,0.05041081707281326,3.782623226651632,2.6178080063929117,2.465268581120446,0.15253942527246572,1.6481155197830346,1.3173546455311862,0.3307608742518483,0.06656011735115866,0.044708936048104136,0.058118036989283445,1.2605234411225847,0.16679321943137027,0.008679776501489884,0.8349678969094707,0.407305189337811,-0.009811753661296975,0.051078317193870244,3.8693547577829395,2.6826355832675493,2.534541747844909,0.14809383542264035,1.6699384752915902,1.3348130099380304,0.33512546535355975,0.0652603071012933,0.04360779729063775,0.05695295679605748,1.2693205998018953,0.16208366771584837,0.008765631539971062
2320,0.8240550507046673,0.40478770932692215,-0.005080574223935153,0.05041073483083019,3.7826293378767932,2.6177986013874417,2.465258319004427,0.1525402823830149,1.648112788694485,1.3173710188723662,0.3307417698221189,0.06656034422850017,0.0447091282480302,0.05811824043941643,1.2605219195613855,0.16679326293644695,0.00867976730007406,0.8349665777309249,0.40730502132122304,-0.009811733640978093,0.051078236445802366,3.869360987743227,2.682626252859591,2.534531564771296,0.14809468808829526,1.6699357938189414,1.334829422971931,0.3351063708470104,0.0652605241081442,0.04360798112874349,0.05695315148837809,1.2693191176138776,0.16208370929571753,0.00876562259924197
2321,0.8240537288224294,0.404787540897243,-0.005080553240758512,0.05041065392219804,3.7826353436050066,2.6177893453816607,2.465248219052402,0.15254112632925876,1.6481101014093344,1.3173871245526045,0.33072297685672986,0.06656056757785558,0.04470931745921062,0.05811844072712119,1.2605204216654904,0.16679330576413576,0.008679758250883197,0.8349652799840479,0.4073048563638518,-0.009811713588495807,0.05107815701100757,3.8693671106777474,2.682617070534511,2.5345215428831307,0.14809552765138068,1.6699331554618497,1.3348455677946167,0.3350875876672331,0.06526073773843216,0.04360816210638224,0.05695334315263567,1.2693176584927366,0.16208375024072183,0.008765613807153346
2322,0.8240524286394175,0.4047873756633628,-0.005080532084573507,0.050410574343432865,3.7826412467044284,2.6177802368153333,2.4652382794212957,0.15254195739403778,1.6481074576448589,1.3174029672831327,0.3307044903617263,0.06656078745917277,0.04470950373243044,0.05811863790663019,1.2605189470326386,0.1667933479865357,0.00867974935459159,0.8349640036232141,0.40730469456774687,-0.009811693317250667,0.05107807888695383,3.869373129568957,2.6826080348150563,2.5345116804272347,0.14809635438782162,1.6699305599680958,1.334861449141722,0.33506911082637386,0.06526094804848542,0.043608340271272666,0.05695353183983217,1.2693162220535368,0.1620837906213114,0.008765605164510028
2323,0.824051150184541,0.40478721375905324,-0.005080510539116151,0.05041049609657692,3.7826470504936727,2.617771274523906,2.465228498670625,0.15254277585328102,1.648104857278835,1.3174185518230477,0.3306863054557875,0.06656100392756828,0.04470968711438185,0.05811883202790383,1.2605174952929796,0.16679338969052065,0.008679740612716355,0.8349627486935164,0.40730453606859396,-0.009811672610586991,0.05107800207667832,3.8693790478613663,2.682599144629567,2.534501976064245,0.14809716856532226,1.6699280072464278,1.3348770717971215,0.33505093544930625,0.06526115508978297,0.043608515667025345,0.05695371759668055,1.269314807944472,0.1620838305222324,0.008765596672959614
2324,0.8240498935963325,0.404787055357787,-0.005080488334665491,0.05041041919042624,3.782652758865022,2.617762457839934,2.465218875868762,0.15254358197117193,1.648102300369082,1.31743388299626,0.330668417372822,0.06656121703153015,0.04470986764614161,0.05811902313508856,1.2605160661211234,0.16679343098178762,0.00867973202778584,0.8349615153501451,0.4073043810414891,-0.00981165119943056,0.05107792659000218,3.8693848695854953,2.682590399413307,2.534492428974875,0.14809797043843217,1.6699254973870328,1.3348924406106204,0.33503305677641243,0.06526135890722175,0.04360868833167491,0.05695390046411438,1.2693134158586976,0.16208387004631708,0.008765588335157925
2325,0.8240486591449906,0.40478690068077816,-0.005080465140551986,0.05041034364187888,3.782658376418901,2.6177537866926457,2.465209410694752,0.1525443759978934,1.648099787192665,1.3174489657241488,0.3306508214685161,0.06656142681163595,0.0447100453620852,0.05811921126538058,1.260514659244739,0.1667934719885679,0.008679723603543583,0.834960303880389,0.40730422970887487,-0.009811628754524224,0.05107785244487629,3.869390599493548,2.6825817992093315,2.534483038963299,0.1480987602460324,1.6699230307002901,1.3349075605302487,0.3350154701700414,0.06526155953785327,0.043608858296609654,0.056954080476168144,1.2693120455429612,0.16208390931803984,0.008765580154971123
2326,0.8240474472607885,0.40478675000694003,-0.00508044054813879,0.050410269477686856,3.7826639086364398,2.61774526174018,2.4652001035743383,0.15254515816584183,1.6480973182899812,1.3174638050621015,0.33063351322787976,0.06656163329867867,0.044710220288298984,0.05811939644738788,1.2605132744571192,0.16679351286682734,0.008679715345207001,0.8349591147318618,0.4073040823503528,-0.009811604869931448,0.05107777966912233,3.8693962432329463,2.682573344801511,2.5344738065942076,0.14809953820730334,1.6699206077607778,1.3349224366387384,0.3349981711220394,0.06526175700905995,0.0436090255850267,0.05695425765838198,1.269310696810055,0.16208394848845734,0.008765572137731197
2327,0.8240462585669635,0.40478660368431296,-0.005080414057426791,0.05041019673647991,3.782669362085102,2.617736884523887,2.465190955838885,0.15254592868500175,1.648094894521577,1.3174784062462168,0.3306164882753601,0.0665618365114632,0.044710392440713606,0.05811957869918346,1.2605119116319612,0.16679355380598584,0.008679707259765917,0.834957948545221,0.40730393931395764,-0.009811579049834832,0.05107770830244647,3.869401807553067,2.6825650378699404,2.534464733353133,0.14810030451680709,1.6699182294637236,1.3349370741999338,0.3349811552637897,0.06526195133640877,0.043609190210113676,0.05695443202590458,1.2693093695534758,0.16208398774065635,0.008765564290531075
2328,0.8240450939255258,0.40478646214775604,-0.005080385044814437,0.05041012547158526,3.782674744671119,2.617728657664488,2.4651819699239588,0.152546687740529,1.648092517133927,1.3174927747471603,0.33059974238676665,0.0665620364545576,0.04471056182319891,0.05811975802637201,1.260510570738443,0.16679359503732322,0.008679699356416307,0.8349568061995959,0.4073038010335501,-0.00981155067708031,0.05107763839923635,3.8694073005587346,2.6825568811880056,2.5344558218463624,0.14810105934164305,1.669915897090442,1.3349514787123722,0.3349644183780699,0.06526214252146102,0.04360935217319321,0.056954603581608094,1.269308063762384,0.16208402729773574,0.008765556622652337
2329,0.824043954488835,0.4047863259365308,-0.005080352744452982,0.05041005575420291,3.7826800659674653,2.617720585107538,2.465173149622799,0.15254743548473876,1.6480901878510517,1.3175069163446662,0.3305832715063855,0.0665622331146763,0.04471072842449995,0.05811993441888537,1.2605092518654772,0.16679363684305565,0.008679691647024994,0.8349556888637141,0.40730366804610474,-0.009811518995059228,0.05107757003170935,3.869412732038872,2.6825488788687104,2.5344470760556943,0.1481018028130161,1.6699136123991913,1.3349656559831775,0.3349479564160137,0.06526233054826297,0.04360951146075004,0.056954772312976965,1.2693067795455677,0.1620840674314166,0.008765549146022955
2330,0.8240428417661146,0.4047861957203621,-0.005080316209799901,0.050409987677500656,3.7826853375811913,2.6177126724043767,2.4651645003699407,0.15254817203443596,1.6480879089776703,1.3175208372112508,0.33056707176641953,0.06656242645759003,0.04471089221561932,0.05812010784830794,1.260507955242435,0.16679367956833668,0.00867968414676325,0.8349545980618496,0.40730354101731914,-0.009811483069975944,0.05107750329397366,3.869418113835071,2.6825410366469398,2.534438501624014,0.1481025350229255,1.6699113777274281,1.3349796122110569,0.3349317655163713,0.06526251538033269,0.04360966804187842,0.05695493818949802,1.269305517152024,0.1620841084734411,0.008765541875841923
2331,0.8240417577095519,0.40478607233046343,-0.005080274261745996,0.050409921361917,3.7826905736627694,2.61770492710429,2.465156029642963,0.15254889746132713,1.6480856835322293,1.3175345440198063,0.33055113951242304,0.06656261642286315,0.04471105314535874,0.05812027826328468,1.260506681274435,0.1667937236371256,0.00867967687489946,0.8349535357589463,0.4073034207720638,-0.009811441740548744,0.0510774383072725,3.8694234603507573,2.682533362271713,2.534430106257776,0.1481032560139371,1.6699091961236987,1.3349933540929815,0.33491584203071717,0.06526269695557674,0.043609821863975634,0.056955101158221486,1.2693042770056748,0.16208415083058325,0.008765534831358586
2332,0.824040704824795,0.40478595680240353,-0.005080225425858356,0.05040985696196082,3.7826957915216393,2.617697359225744,2.4651477474391266,0.1525496117866174,1.6480835154191038,1.317548044082513,0.33053547133659095,0.06656280291853092,0.04471121113580996,0.05812044558490524,1.2605054305780392,0.16679376957170075,0.008679669855847363,0.8349525044699153,0.40730330833646256,-0.009811393556516487,0.05107737522671121,3.8694287891665584,2.6825258659778823,2.534421900205015,0.1481039657728672,1.6699070715178923,1.3350068889615434,0.33490018255634896,0.06526287518113927,0.043609972848378545,0.05695526113929167,1.269303059740543,0.1620841950031583,0.008765528036904108
2333,0.8240396863027675,0.4047858504244794,-0.005080167871744659,0.05040979467433215,3.7827010124080336,2.6176899818475783,2.465139666879268,0.15255031496831029,1.6480814096495897,1.3175613455287658,0.33052006412082396,0.06656298581344741,0.04471136607587227,0.05812060969998235,1.2605042040325642,0.16679381801668147,0.008679663120388474,0.8349515073898566,0.407303204985323,-0.0098113367198858,0.05107731424928238,3.869434121821008,2.682518561077122,2.5344138968600496,0.14810466421707233,1.6699050089398308,1.3350202249609584,0.33488478397887245,0.06526304992601178,0.043610120884102835,0.056955418019451226,1.2693018662512285,0.1620842416077395,0.008765521523092424
2334,0.8240387061988009,0.4047857548078499,-0.005080099294408197,0.050409734748951655,3.7827062624895134,2.6176828118662168,2.465131804972319,0.15255100689389797,1.6480793726055347,1.3175744575171944,0.33050491508834035,0.06656316492894908,0.044711517814190194,0.05812077045388022,1.2605030028359872,0.16679386977164545,0.0086796567073779,0.8349505485709117,0.40730311231088634,-0.009811268969127929,0.05107725562475747,3.8694394847849423,2.682511464714141,2.5344061135284055,0.1481053511857351,1.669903014779713,1.3350333712565368,0.3348696435231762,0.06526322101299428,0.043610265821032945,0.056955571645121245,1.2693006977478059,0.1620842914080183,0.008765515328496058
2335,0.8240377696608596,0.4047856719772438,-0.005080016786595656,0.05040967750301624,3.7827115740954063,2.6176758709461514,2.465124183572037,0.15255168737411448,1.6480774123976016,1.317587390523369,0.3304900218742326,0.06656334002885916,0.04471166615068581,0.0581209276418683,1.2605018285719745,0.1667939258331781,0.008679650665931338,0.8349496331473597,0.4073030323116264,-0.009811187455119413,0.05107719966955354,3.869444910702286,2.682504598815276,2.53439857238354,0.14810602643173562,1.6699010971418236,1.3350463383187463,0.33485475882307725,0.0652633882090527,0.04361040746175323,0.05695572181405434,1.2692995558216793,0.16208434535454244,0.008765509501792407
2336,0.82403688322473,0.404785604488667,-0.005079916666634425,0.0504096233391798,3.782716987315622,2.6176691867453026,2.4651168306095816,0.15255235613572107,1.6480755393217192,1.3176001567060402,0.3304753826156791,0.06656351080674044,0.044711810825759736,0.05812108099812196,1.2605006832953625,0.1667939874492604,0.008679645058257711,0.8349487676265148,0.4073029675073896,-0.009811088573759771,0.05107714678465433,3.8694504399827694,2.6824979913103446,2.5343913016983297,0.14810668961201498,1.6698992662947192,1.3350591382844397,0.3348401280102794,0.06526355121303427,0.04361054555114108,0.056955868264727205,1.2692984425294824,0.16208440463607282,0.008765504104541402
2337,0.8240360552489071,0.4047855556192971,-0.005079794144381949,0.050409572772329936,3.7827225520791457,2.617662794546849,2.465109781698645,0.15255301284820377,1.6480737664494598,1.3176127703805007,0.330460996068959,0.06656367687480311,0.04471195151089452,0.05812123018666593,1.2604995696065402,0.16679405620171212,0.008679639963999331,0.8349479603162462,0.40730292112459326,-0.009810967641848703,0.05107709748194034,3.8694561228704933,2.6824916777570866,2.534384337447137,0.1481073403099497,1.6698975352530294,1.335071785423356,0.33482574982967334,0.0652637096449388,0.04361067976727802,0.0569560106675647,1.269297360466347,0.1620844707572792,0.00876549921543268
2338,0.8240352964129467,0.4047855295669513,-0.005079643133657941,0.05040952646028577,3.7827283309223336,2.617656739320162,2.465103082206883,0.15255365711327898,1.6480721104978142,1.3176252487154505,0.3304468617823638,0.0665638377427352,0.04471208779072064,0.0581213747828066,1.2604984907934114,0.1667941340988903,0.00867963548502165,0.834947221815832,0.4073028972913892,-0.009810818713809538,0.05107705241443318,3.8694620221956795,2.682485703393575,2.534377725372487,0.14810797802108833,1.6698959206324921,1.3350842968231924,0.3348116238092998,0.06526386302559406,0.043610809704231646,0.056956148607109965,1.2692963129047126,0.1620845456262237,0.008765494934981612
2339,0.824034620495388,0.4047855317901258,-0.005079455593259209,0.05040948525169611,3.7827344026539826,2.6176510786360576,2.4650967901226,0.15255428851345762,1.6480705928258934,1.3176376125313825,0.33043298029451096,0.06656399279802608,0.044712219146347626,0.058121514257267096,1.2604974509633422,0.16679422372274502,0.00867963175318056,0.8349465657795028,0.4073029013690201,-0.009810633943529212,0.051077012423320856,3.8694682170145707,2.682480126033046,2.5343715238385722,0.1481086021944742,1.6698944436316636,1.3350966931759984,0.3347977504556653,0.06526401075776668,0.043610934856053635,0.05695628156677146,1.2692953039233288,0.162084631692793,0.008765491393120831
2340,0.8240340453916581,0.40478556945189204,-0.005079220925310032,0.05040945024871366,3.782740867365598,2.617645886492536,2.465090979819326,0.1525549066732096,1.648069240990776,1.317649887546272,0.33041935344450385,0.06656414127973795,0.04471234493314437,0.058121647954201563,1.2604964552190485,0.16679432842305578,0.0086796289404753,0.8349460099155999,0.40730294038442416,-0.009810403000196852,0.05107697859949434,3.869474807579438,2.6824750198629843,2.5343658075785824,0.1481092122844021,1.6698931315590055,1.3351090000008554,0.33478413155815007,0.06526415210098864,0.04361105459545391,0.056956408907708214,1.2692943385791806,0.16208473213148145,0.008765488759123986
2341,0.8240335945886572,0.40478565208176753,-0.005078924882921262,0.05040942289776536,3.7827478532737517,2.617641258658743,2.465085747268536,0.152555511390207,1.6480680907833163,1.3176621060052158,0.33040598477810046,0.06656428224927885,0.04471246435597946,0.05812177506789162,1.2604955098545898,0.16679445260046924,0.008679627273947143,0.8349455774324187,0.4073030236748018,-0.009810112009127944,0.05107695237257241,3.86948192211931,2.6824704807435538,2.534360672875788,0.14810980786776606,1.6698920198311997,1.3351212492435223,0.3347707705876774,0.06526428614362861,0.04361116815014087,0.05695652984654562,1.2692934230982267,0.16208485110758206,0.00876548725615763
2342,0.824033299310968,0.4047857925697424,-0.005078547974399578,0.05040940512162588,3.782755526274879,2.6176373201299863,2.4650812172341343,0.15255610289585197,1.6480671891773144,1.3176743090407446,0.3303928801365699,0.06656441456217345,0.044712576445306636,0.05812189462169398,1.2604946225446714,0.1667946021240875,0.008679627057675107,0.83494529914058,0.4073031638546892,-0.00980974200538172,0.051076935640311266,3.8694897263003045,2.6824666335924046,2.534356244709542,0.14811038888286274,1.6698911548648374,1.3351334815907627,0.33475767327407474,0.06526441177594586,0.04361127457999378,0.056956643435265075,1.2692925650594298,0.16208499416959626,0.008765487182748641
2343,0.8240332017899877,0.40478600873748377,-0.00507806284144139,0.050409399520513924,3.782764103608665,2.617634235882368,2.4650775535009446,0.15255668238142361,1.648066598621936,1.3176865501077204,0.3303800485142157,0.066564536851677,0.04471268004328334,0.05812200546045006,1.2604938024545282,0.16679478497631822,0.008679628706858612,0.8349452166518406,0.40730337834288177,-0.00980926639448157,0.05107693096542562,3.869498436741385,2.682463643025918,2.534352686906286,0.14811095611963235,1.66989059828116,1.3351457498350994,0.3347448484460607,0.06526452767451568,0.043611372763868825,0.05695674855399819,1.2692917735011227,0.1620851688546835,0.008765488946020219
2344,0.8240333606341004,0.4047863260567331,-0.0050774294592454555,0.050409409702277724,3.7827738741346795,2.61763222709333,2.4650749739197866,0.15255725317354327,1.6480664035799755,1.3176989002148929,0.33036750336508264,0.0665646475659267,0.04471277383524364,0.05812210629704514,1.2604930599907793,0.1667950123331205,0.008679632805197275,0.8349453876253545,0.40730369199989697,-0.009808646308999677,0.05107694189823522,3.869508341049378,2.6824617293837645,2.534350217055521,0.1481115123282435,1.6698904333036808,1.3351581239938568,0.33473230930982395,0.06526463233773651,0.043611461429679046,0.05695684395547433,1.2692910586785016,0.16208538570162997,0.008765493117576104
2345,0.8240338596792052,0.4047867822462522,-0.00507658722247209,0.05040944082652067,3.7827852302272063,2.6176315966450834,2.465073773709102,0.15255782293598125,1.6480667212682005,1.3177114565181043,0.33035526475009613,0.06656474508394701,0.044712856447972474,0.05812219583835115,1.2604924060234928,0.16679530036552692,0.008679640200641521,0.8349458943910488,0.40730414157433614,-0.009807822983668037,0.05107697350696861,3.8695198292859927,2.6824611938772818,2.534349129581882,0.14811206429539986,1.669890775250709,1.335170699704111,0.334720075546598,0.0652647241954487,0.043611539247258246,0.05695692838411681,1.2692904313149707,0.162085659935656,0.008765500526505312
