Year,GDP ($Y_t$): Baseline,Labor ($L_t$): Baseline,Government Expenditures ($G_t$): Baseline,Lump sum transfers ($TR_t$): Baseline,Wealth ($B_t$): Baseline,Capital Stock ($K_t$): Baseline,Domestically-owned Capital Stock ($K^d_t$): Baseline,Foreign-owned Capital Stock ($K^f_t$): Baseline,Government Debt ($D_t$): Baseline,Domestically-owned Gov Debt ($D^d_t$): Baseline,Foreign-owned Gov Debt ($D^f_t$): Baseline,Real interest rate ($r_t$): Baseline,"Real interest rate on gov debt ($r_{gov,t}$): Baseline","Real interest rate on HH portfolio ($r_{p,t}$): Baseline",Wage rate: Baseline,Total tax revenue ($REV_t$): Baseline,Business tax revenue: Baseline,GDP ($Y_t$): Reform,Labor ($L_t$): Reform,Government Expenditures ($G_t$): Reform,Lump sum transfers ($TR_t$): Reform,Wealth ($B_t$): Reform,Capital Stock ($K_t$): Reform,Domestically-owned Capital Stock ($K^d_t$): Reform,Foreign-owned Capital Stock ($K^f_t$): Reform,Government Debt ($D_t$): Reform,Domestically-owned Gov Debt ($D^d_t$): Reform,Foreign-owned Gov Debt ($D^f_t$): Reform,Real interest rate ($r_t$): Reform,"Real interest rate on gov debt ($r_{gov,t}$): Reform","Real interest rate on HH portfolio ($r_{p,t}$): Reform",Wage rate: Reform,Total tax revenue ($REV_t$): Reform,Business tax revenue: Reform
2026,0.736191908683516,0.33696543480509933,0.008268257578049169,0.045035772130434096,2.957175376701562,2.623313354163834,2.545678733140535,0.07763462102329897,0.6858277392683777,0.4114966435610266,0.2743310957073511,0.054018053838313713,0.034083883480601235,0.04988663673600212,1.352779753997193,0.144015838689738,0.00747994846376995,0.7589590480818765,0.33102911192159645,0.008523957988011052,0.046428524679579725,2.957175376701562,2.638801457861109,2.545678733140535,0.09312272472057395,0.6858277392683777,0.4114966435610266,0.2743310957073511,0.056581496008527646,0.03625551239831339,0.05238849787970297,1.4196247263560093,0.13905825681196865,0.007774539714030108
2027,0.7355496757828991,0.33814693156484793,0.008261044585098873,0.04499648917757999,2.9122994872594976,2.602455047621973,2.5212086186114666,0.08124642901050616,0.651818114413385,0.391090868648031,0.260727245765354,0.05475339504131016,0.03470683032893176,0.050738136097194256,1.3468770968229742,0.1439620829220689,0.007491322598574704,0.793813092819336,0.3351905715987844,0.008915407847928014,0.048560690457537165,2.89663166833107,2.6245934125713357,2.499455635430414,0.125137777140922,0.6619600548344271,0.39717603290065623,0.2647840219337709,0.06202983239910595,0.04087108945196544,0.05776813855853578,1.4663845174162404,0.14662699784689762,0.008262077060460265
2028,0.7348820873410133,0.3389612201905384,0.008253546821093954,0.044955638522037905,2.8733809980448126,2.5861236340060247,2.5021706270211412,0.08395300698488335,0.6186839517061192,0.37121037102367155,0.24747358068244768,0.055314035158977023,0.03518177854742553,0.05142751682987094,1.3424219894068372,0.14386005304939153,0.007497988554215157,0.83234428073885,0.33859101577634965,0.009348156133733633,0.05091779072231991,2.8656808931821214,2.6379117412439124,2.482496854702631,0.1554148865412811,0.6386400641324839,0.3831840384794903,0.2554560256529936,0.06683293419021649,0.04494005377871685,0.06256572958762338,1.5221202849067734,0.15461992340104208,0.00877307265560233
2029,0.7344865873395625,0.3395175739729726,0.008249104914241212,0.04493144121451871,2.8415927935432452,2.57559322694927,2.489860741590733,0.08573248535853707,0.5862200865875206,0.35173205195251234,0.2344880346350082,0.05568428593283731,0.0354954377735485,0.05194113382242414,1.339500933820012,0.1437508420543228,0.007502761967185481,0.8755760921159195,0.3415290318221389,0.009833697672312146,0.05356245098655828,2.8653074661082045,2.680264644324134,2.496080142961805,0.18418450136232886,0.6153788719106659,0.3692273231463995,0.2461515487642664,0.0709251171968475,0.04840676079361651,0.06672036314079081,1.587404745823767,0.1632454761602178,0.009319986996875218
2030,0.7342182726676082,0.3398822084445598,0.008246091440724973,0.044915026384986095,2.8142742638362956,2.5686362508539626,2.4817313454462804,0.08690490540768246,0.5542381973166924,0.3325429183900155,0.22169527892667695,0.055929554079249086,0.035703217533720355,0.052339833194992094,1.3375750818927665,0.14363345896239127,0.0075058200383544575,0.924140981953836,0.3442924166230394,0.010379135639903418,0.05653335630124369,2.8927738068185533,2.7499329470255676,2.537816295606248,0.21211665141931926,0.5915958520205084,0.354957511212305,0.23663834080820337,0.07437117739878336,0.051326102635479244,0.07029118146951506,1.6620044501219782,0.17268157218652438,0.00991307545151401
2031,0.7341909011536677,0.3401373693088401,0.008245784028045083,0.044913351779240704,2.7913776943636406,2.5652527541111345,2.4776923999371316,0.08756035417400285,0.5228088240441816,0.31368529442650905,0.20912352961767258,0.05606408081001418,0.035817182319869745,0.05263626852405059,1.3365218577206563,0.1435354514443039,0.007508709264489013,0.9793485958353148,0.3472436466304221,0.010999178819483897,0.0599106228643293,2.9497796941243455,2.8492974848958132,2.6096429477029814,0.23965453719283158,0.5668945773689399,0.34013674642136393,0.22675783094757598,0.07718273112625144,0.05370792011871179,0.07328722411623823,1.7463223402360235,0.18319149767736845,0.010567847819062979
2032,0.7345421527531202,0.3403664393569231,0.008249728975910876,0.044934839552677734,2.773119324167191,2.565666696024327,2.4779014107431356,0.08776528528119104,0.49202985570675906,0.2952179134240555,0.19681194228270354,0.056097395614701416,0.035845405072107886,0.05283853047214481,1.3362613693232657,0.14348553745068143,0.007513085536307024,1.0429744533476253,0.3508252802558993,0.011713768279556589,0.06380286470978223,3.0393923754912042,2.982269623462028,2.7149036741092267,0.26736594935280106,0.5408145023032959,0.3244887013819775,0.21632580092131837,0.0793894427104535,0.055577343484288916,0.0757341255522306,1.8407898346573517,0.1951211817712837,0.011304672197806568
2033,0.7352966244174074,0.3406116485242149,0.00825820253556575,0.044980994217929074,2.759041764321363,2.569581948296794,2.481983087508426,0.08759886078836811,0.46176446135489474,0.27705867681293694,0.18470578454195782,0.05604502319629985,0.03580103759637042,0.05296124894069297,1.3366709310905525,0.14349445193526644,0.007519568688637063,1.117383571144569,0.35555710050378453,0.012549465799243698,0.06835475745705472,3.166144994307171,3.154632282093969,2.858662405063312,0.29596987703065686,0.5124709820730982,0.30748258924385885,0.20498839282923928,0.08103421263564221,0.05697071602611027,0.07767136500182086,1.9458723511845435,0.20893834305177572,0.01215012693216753
2034,0.7363850305377726,0.34088152793208787,0.008270426552220317,0.045047577075709166,2.748153310930212,2.5762621210417604,2.4891098742080935,0.08715224683366676,0.43173906120353117,0.25904343672211877,0.1726956244814124,0.055927688596711135,0.035701637183723794,0.053024628127047085,1.3375897058554953,0.1435529420375519,0.007527926587020325,1.2057512244589383,0.3620449987085058,0.013541933266697292,0.07376054325066445,3.3368217934956594,3.374839353483367,3.0484944585285416,0.32634489495482544,0.4805455582785299,0.28832733496711793,0.192218223311412,0.08216251683562609,0.05792656283909167,0.07914166405931541,2.062132588720559,0.22523744212977626,0.013139231313988576
2035,0.7376891958357684,0.3411448780556303,0.008285073785477017,0.04512735889934322,2.7395708330826123,2.5850127759173125,2.498544348824162,0.0864684270931508,0.40171080709741713,0.24102648425845036,0.16068432283896678,0.05575763286532816,0.035557573881580665,0.0530407384488292,1.3389242551517029,0.14364149060184958,0.007537222002716632,1.312340619578613,0.37097300115224924,0.014739051251210207,0.08028101594230573,3.5619118121887707,3.6553421246578397,3.295877787634926,0.3594643370229134,0.4433900409230746,0.26603402455384473,0.17735601636922987,0.08280268589160947,0.058468884273275595,0.08017030145270862,2.190411447616754,0.244807016823953,0.014317942014194672
2036,0.7391437386853913,0.3413863818761666,0.008301409926634149,0.0452163400044304,2.732810718778568,2.5954306362048283,2.5098552044643996,0.08557543174042884,0.37159252385694713,0.22295551431416835,0.14863700954277878,0.05554279386248897,0.03537557227583385,0.05301702424587103,1.3406152597907475,0.1437492020211911,0.007546954788235343,0.7990944235134756,0.3182900171602059,0.008974723091710156,0.04888373699689967,3.8569756925251255,3.5695648280060714,3.617526419933872,-0.04796159192780046,0.399082120985423,0.23944927259125376,0.15963284839416925,0.03317065687191154,0.01642293889705885,0.031486517252559486,1.5545207536762562,0.13703889965085642,0.007423018912913958
2037,0.7407074955866876,0.341606537981905,0.00831897266360105,0.04531200221721893,2.727455128495157,2.607140215162494,2.522624687481501,0.08451552768099296,0.34138406835609314,0.20483044101365594,0.1365536273424372,0.055293347028815915,0.035164252526267994,0.052962764999575224,1.3425857163947459,0.1438706972744084,0.007556927255774739,0.7957382390990076,0.32154062546318257,0.008937029391343524,0.0486784322825966,3.7347342680408815,3.472484193304825,3.5060983129426586,-0.03361411963783332,0.3810599251637049,0.2286359550982229,0.152423970065482,0.035113990804592266,0.01806924097245482,0.03342850318671039,1.5323424623024624,0.13732384309284737,0.007470967442128227
2038,0.7423890746736381,0.34181988471955194,0.008337858675338983,0.045414872194092556,2.7234145050767258,2.6200503520036946,2.536735582723648,0.08331476928004627,0.31113153725512943,0.1866789223530777,0.12445261490205173,0.05501495188278401,0.034928409113571424,0.052882849599639944,1.3447938487703435,0.1440105835210777,0.007567344303203187,0.7928034837574388,0.32434821035423583,0.008904068810268898,0.04849890730223924,3.629789471746802,3.3906846886355293,3.412134529723287,-0.02144984108775785,0.3627582367058587,0.2176549420235152,0.1451032946823435,0.03682624289287734,0.019519781262592358,0.035153623447721064,1.5134759442230923,0.13752252440512844,0.007509915840047201
2039,0.7443308450906468,0.34210150184689764,0.008359666926388596,0.045533659207455286,2.721035994120792,2.63455399111442,2.5525422522640424,0.08201173885037759,0.2808229030945823,0.16849374185674942,0.11232916123783288,0.054712785427481106,0.03467242775385009,0.052782396591752774,1.3472013508890743,0.14419585785939182,0.0075797626860259135,0.7904257037904913,0.3268558098499173,0.00887736368488141,0.04835345453152685,3.5398419216605292,3.3221826776087937,3.333274345174009,-0.01109166756521518,0.34427929414420044,0.20656757648652024,0.1377117176576802,0.03833385054856198,0.020796956312488568,0.03668714016311437,1.4973603997449452,0.13768925688170147,0.007543618890853412
2040,0.7466410894782882,0.34250557591216063,0.008385613551772485,0.045674987201703994,2.7205237865005922,2.6509877853097397,2.5703593985283546,0.08062838678138506,0.25027397995372913,0.15016438797223752,0.10010959198149161,0.054389648406529094,0.03439868110676884,0.052665145183612885,1.3497884976134924,0.14444854562432122,0.007595330011734984,0.7886975282023221,0.32917502029506124,0.008857954342379085,0.04824773901730477,3.4629329594447062,3.2653863480829357,3.2676268358570177,-0.0022404877740822117,0.3255102059794809,0.1953061235876885,0.13020408239179238,0.03965916006682722,0.021919696863543704,0.0380510992212452,1.483560029795664,0.13786440968847216,0.007574870237198658
2041,0.749332826444818,0.3430307915200461,0.00841584476500522,0.045839652667588014,2.7219373630189536,2.6694989315244313,2.5903520145579377,0.07914691696649363,0.21930891410169273,0.1315853484610157,0.08772356564067704,0.054042735892679106,0.03410479296848874,0.052529107550307395,1.3525805694969335,0.14476968331818765,0.0076140813857136945,0.7876087484152084,0.3313536523041811,0.008845726129029487,0.04818113863841009,3.3973367268534482,3.2188515045246784,3.213534968045523,0.005316536479155268,0.3063362646798752,0.18380175880792507,0.12253450587195011,0.040817204532837104,0.022900738245949355,0.03926027749836005,1.4717712122276425,0.13806348537052351,0.007604923152250171
2042,0.752365059752165,0.3436511803839098,0.008449900132533937,0.046025147697575444,2.7252074277367577,2.6900438942357847,2.612500173360886,0.07754372087489864,0.18784542395978618,0.11270725437587177,0.07513816958391441,0.05366940820034083,0.033788527120214545,0.052371741337929906,1.3556022432642998,0.14515048580872528,0.00763550142629188,0.7870878374110624,0.3334038300707946,0.008839875716512428,0.04814927675642021,3.3414874766211065,3.181198525362662,3.1694525479708857,0.011745977391776503,0.28672488108370103,0.17203492865022058,0.11468995243348044,0.041820578472113,0.02375074995564533,0.040326583588788545,1.461753591554279,0.13828739400313914,0.007634135040625844
2043,0.7558194566637719,0.3444022604752229,0.008488696868962428,0.04623646819956378,2.7306340746741555,2.7129507923409504,2.6371295448985936,0.07582124744235685,0.15584088295926996,0.09350452977556203,0.062336353183707914,0.05326978590547243,0.033449985708287056,0.052193116515455704,1.3588564619173544,0.14560702922520116,0.007660384129580306,0.7871885484495094,0.3353877143809907,0.008841006813984446,0.048155441762044886,3.294531928168133,3.151717624254899,3.1345228328580697,0.017194791396829227,0.26668182551677216,0.16000909531006327,0.1066727302067089,0.042682171166943395,0.024480651192788166,0.041262208639482274,1.4532930210954824,0.13855732620482114,0.0076639208429971194
2044,0.7596733534299828,0.3452871759052516,0.008531980435063046,0.04647222773787871,2.737886122222699,2.7379791708090324,2.6639695128368768,0.0740096579721556,0.12319434897637035,0.07391660938582229,0.04927773959054807,0.05285147078887592,0.03309560860765548,0.05200083688157939,1.3622849661778864,0.14613700366660065,0.007688653155579024,0.7878500976633815,0.33732804245193404,0.008848436750711994,0.0481959151466095,3.2550353112517225,3.129189115192335,3.107365709551404,0.021823405640930903,0.2461160028338642,0.14766960170031848,0.09844640113354572,0.043420122142279687,0.025105808918800154,0.04208470961471043,1.4461479754281754,0.13887432504668895,0.007694629855348686
2045,0.7638625867521521,0.34628697368014394,0.00857903020531138,0.04672850118804554,2.746557586465525,2.764777004203312,2.692649699020486,0.07212730518282633,0.0898464790750657,0.05390788744503949,0.035938591630026204,0.05242032841616562,0.03273036485255622,0.05180060755191902,1.3658424743313204,0.14672909503141213,0.0077197755188742325,0.7889652718117968,0.3392190136911729,0.00886096140222571,0.04826413862236699,3.221629967474044,3.112415120360531,3.08665655670397,0.025758563656560585,0.22495568461679016,0.13497341077007408,0.0899822738467161,0.04404997170922133,0.025639388162081778,0.04280901294193051,1.4401220590352484,0.1392282288527624,0.007725959143423502
2046,0.7684506888451812,0.3474265003174634,0.19491481857734508,0.04700917509297593,2.7569534363390735,2.7936353076170453,2.723466236534259,0.07016907108278608,0.055811999674691,0.033487199804814675,0.022324799869876323,0.051975375738315135,0.032353421649599964,0.05159104470213823,1.3695396288765562,0.1473946704314787,0.007754334433153062,0.7905525865923043,0.3410900610021279,0.17201016428181606,0.04836124479942334,3.193882925336332,3.1010262333355385,3.07195268176128,0.02907355157425865,0.20321707262508654,0.12193024357505189,0.08128682905003465,0.04457980279615418,0.02608823640342526,0.04344254654542237,1.4351038086292338,0.13962727474586564,0.007758516499766261
2047,0.7601948947523091,0.34669887852245107,0.17601876457241378,0.046504137145434096,2.770111344812172,2.724781261826632,2.647758782326417,0.07702247950021518,0.20392093747625817,0.12235256248575498,0.08156837499050319,0.05341525778826494,0.03357322271790521,0.05203369087804881,1.3576694781200724,0.1465960322775313,0.0077084649969447385,0.781797919963225,0.3413842531157577,0.155156278461032,0.04782568997089854,3.1722483687812613,3.0074392087714457,2.967644839172638,0.03979436959880784,0.34100588268103876,0.2046035296086232,0.13640235307241555,0.04642401202543871,0.027650564642837702,0.04451213150878637,1.4179883108106632,0.1389415801381013,0.00772970499388396
2048,0.7527164242845419,0.3461084470294767,0.15889044646425254,0.04604665118423956,2.7803468257764665,2.6623217908255814,2.57900613216901,0.08331565865657137,0.33556782267909413,0.20134069360745654,0.13422712907163759,0.05478730141684582,0.034735554232464126,0.05254281806842231,1.3466065969139212,0.14592189175326364,0.007666999575659307,0.7737818284281499,0.34167294885078836,0.13975814686404342,0.0473353164832859,3.1515962687391514,2.9231170761196164,2.8736373416958036,0.049479734423812816,0.46326487840558,0.27795892704334796,0.18530595136223205,0.04817068708538509,0.029130266472705647,0.045565921785169244,1.4022632750780142,0.13834469735396107,0.007702004016261311
2049,0.7459734288307838,0.3456233252663694,0.14342244645540514,0.045634157208298214,2.788585484571099,2.6060856076807544,2.5170528894102433,0.08903271827051086,0.45255432526809314,0.2715325951608559,0.1810217301072372,0.0560775418641222,0.035828585898504586,0.053081522348166585,1.3364165911494368,0.1453508396923919,0.007629534339355986,0.7664843231488081,0.34195012563977356,0.12576502020438243,0.04688890159094121,3.1323563237011354,2.8475222504983866,2.789339469950744,0.0581827805476426,0.571694756250652,0.34301685375039115,0.22867790250026085,0.04981019908072687,0.03051918474103665,0.046584739955966396,1.3879126724536923,0.13782462438594445,0.007675659996060428
2050,0.7399336762067513,0.3452324038283363,0.12946977193382384,0.04526468338876208,2.795437967397426,2.55574024963518,2.4615418202929615,0.09419842934221867,0.5564935785074405,0.33389614710446436,0.22259743140297616,0.05728035341487528,0.03684755187188389,0.05362679916885629,1.3270973618891846,0.14487181725030804,0.00759595155118788,0.7598846062478026,0.3422231379723409,0.1130717239606119,0.046485172739767426,3.1146851463576746,2.779978554183418,2.7139918592044654,0.06598669497895285,0.6678221452553487,0.4006932871532092,0.2671288581021395,0.05134003282470261,0.03181518869864975,0.04755817354232956,1.374864536596208,0.13737551464800227,0.00765104195314061
2051,0.7345232695786164,0.34491666836154394,0.11687559993897878,0.044933708992358254,2.8011316106409625,2.5106910721556686,2.4118330371021344,0.09885803505353419,0.6488309558980467,0.38929857353882813,0.2595323823592186,0.05839664653166633,0.03779322345411591,0.05416558540869522,1.3185995409486797,0.1444713272964325,0.007565819758625595,0.7539185859685976,0.34248850004070286,0.10155574333376925,0.04612020943029247,3.098423385410934,2.719599438927842,2.6466132742233097,0.07298616470453265,0.7530168519793744,0.4518101111876246,0.3012067407917498,0.05276295925016673,0.033020625750914835,0.0484819552013213,1.3630132810375712,0.1369894294695245,0.007628133101320008
2052,0.7296692413002581,0.34465640959110755,0.10549335893408854,0.04463677039033249,2.805846181536951,2.470385964402406,2.3673346730025715,0.10305129139983452,0.7308525142239655,0.43851150853437937,0.2923410056895861,0.059427902336239735,0.03866685538261899,0.05468809447436416,1.3108748245059476,0.1441344999758544,0.007538679143216502,0.7485201967641711,0.3427388725809768,0.09109845831624025,0.04578997013245791,3.0834288379343926,2.665590882494654,2.5863295075492987,0.07926137494535555,0.8284988839751566,0.49709933038509385,0.33139955359006273,0.05408185427702128,0.03413793224334297,0.049352870868214944,1.3522649383609888,0.13665539750301822,0.007606800634871609
2053,0.7253054063441402,0.3444334827400375,0.09521486682085918,0.0443698188548073,2.809745473744498,2.434337309273202,2.3275248071075256,0.10681250216567617,0.8037011110616205,0.48222066663697233,0.3214804444246481,0.0603757994677249,0.039469869722348686,0.055186821293389865,1.303878408239934,0.14384781777798522,0.007514099930975862,0.7436276688111059,0.34296595050639356,0.08161579390365394,0.045490676335534955,3.0695933128894977,2.617261536661763,2.5323814919312126,0.08488004473055044,0.8953530349304752,0.537211820958285,0.35814121397219023,0.05529953944675536,0.035169498454584266,0.050168469952117226,1.342536678776421,0.1363630201663467,0.007586871181093748
2054,0.7214204725071226,0.34423616221058856,0.08597245787809446,0.0441321635835618,2.8133835635367253,2.4024839347559803,2.2923483148021533,0.11013561995382726,0.8683920812242863,0.521035248734572,0.34735683248971444,0.06123262930933196,0.04019573609187843,0.055647500765676434,1.297637871677527,0.14360235238789806,0.007491987567761494,0.739234731570893,0.3431663889418522,0.07306146478064761,0.04522194436603298,3.0572736776164047,2.57440874584803,2.484547718496615,0.0898610273514148,0.9545432651996494,0.5727259591197895,0.38181730607985986,0.05640966262092177,0.03610994314854085,0.05091881506616104,1.3338261830355231,0.1361057324885723,0.007568454831589876
2055,0.7179682238828452,0.34405382214926783,0.07765269502003735,0.04392097732394111,2.816908146209679,2.3744560577967384,2.2614059656477097,0.11305009214902878,0.9258369676032822,0.5555021805619694,0.37033478704131273,0.06200032951127802,0.040846095978304256,0.0560658980501124,1.2921126424539664,0.14339386372508775,0.007472070180364254,0.7352978638244099,0.34333652682193766,0.06533776447817577,0.04498111185451692,3.0464207177989415,2.536516800337889,2.442259186802624,0.09425761353526496,1.006935884993863,0.6041615309963178,0.4027743539975453,0.05741492331710227,0.036961553230886825,0.051602736157205994,1.3260652948533307,0.13588078962766587,0.007551457006230266
2056,0.7148757584282479,0.3438728873203,0.07012265051865733,0.0437318003018594,2.820208074840667,2.3497022442852833,2.234099925468953,0.11560231881633026,0.9768469156195229,0.5861081493717138,0.390738766247809,0.06268678520007401,0.04142762929387464,0.05644399993084036,1.287224130388861,0.1432140847341251,0.007453888189865801,0.7317452427641323,0.3434686819900628,0.05832473458217534,0.044763785021069494,3.0367375531837637,2.502894607861551,2.4047564316281482,0.09813817623340254,1.0533018692593588,0.6319811215556153,0.42132074770374356,0.05832368538940223,0.03773141416961123,0.05222451264789366,1.3191505778519161,0.13568153122016863,0.007535567414837555
2057,0.7121090040659035,0.34367835898709936,0.06329504938443731,0.04356254823301666,2.823523990292924,2.3280379410122323,2.2102415648469913,0.11779637616524113,1.0221373757432204,0.6132824254459324,0.408854950297288,0.06329003880636348,0.041938677676925544,0.05677574826077092,1.2829680065934936,0.14305336679871805,0.007437156275848414,0.7285439315861153,0.3435527981521257,0.051947142530259525,0.04456794910177894,3.028327021342613,2.4732578711225703,2.3717345828108636,0.10152328831170694,1.0943207308862493,0.6565924385317495,0.4377282923544997,0.059134850566293175,0.03841859556018283,0.05278034245401259,1.3130578364547336,0.13549968002028745,0.007520612314400944
2058,0.7096351968195069,0.3434639132655476,0.05712860079608746,0.04341121703118839,2.826956065050021,2.3092030395713863,2.1895488016607736,0.11965423791061247,1.062345438982079,0.6374072633892475,0.42493817559283154,0.0638128278525683,0.04238156022906316,0.05706002550690486,1.279309330801738,0.14290830484834813,0.007421679729226983,0.7256615269606752,0.3435867437232902,0.04617411418100646,0.044391621825413466,3.0211602632013825,2.4472518294091805,2.3428017967324744,0.10445003267670605,1.1305974441148474,0.6783584664689084,0.452238977645939,0.05985183196279288,0.03902598883481655,0.05327088790693168,1.3077336302298916,0.135332607148705,0.0075064931342003465
2059,0.7074381499398398,0.34323828319053423,0.05159763100800574,0.04327681623864546,2.8305320479771017,2.292925035816219,2.1717092873084383,0.12121574850778108,1.0980379344477724,0.6588227606686634,0.43921517377910896,0.0642621061166105,0.04276216786735139,0.05730014898377026,1.276186912813699,0.14277923242934454,0.007407501157309629,0.7230820398775822,0.3435828439210713,0.04098870959566907,0.04423382511405768,3.0151492550375987,2.4245188944529454,2.3175472519803,0.10697164247264562,1.1626700050954974,0.6976020030572985,0.46506800203819904,0.06048210761454202,0.03955992903731938,0.05370087246648109,1.3030998365664244,0.13518115261574756,0.007493337182358355
2060,0.7054979472066623,0.343009967310522,0.046662920333138916,0.04315812754025053,2.834223202128114,2.2789127141390715,2.156390139533536,0.12252257460553546,1.129721770990963,0.6778330625945779,0.4518887083963852,0.06464610289303274,0.04308747206717939,0.057500940861701336,1.2735339985266858,0.1426658640307455,0.007394630501009764,0.7207852969096178,0.3435527127705873,0.03635887826873649,0.04409332489067584,3.0101612647248337,2.404691317887266,2.2955496171879552,0.10914170069931076,1.1910194125614646,0.7146116475368787,0.4764077650245859,0.061034395792570334,0.040027801881205985,0.05407631543327418,1.2990746704280196,0.1350454508215064,0.007481224672988609
2061,0.7037910852881721,0.3427802154018929,0.04226251890983285,0.0430537131988768,2.8380385610253467,2.266931230071404,2.143329051025427,0.1236021790459771,1.1578491833331994,0.6947095099999196,0.46313967333327977,0.06497045895864915,0.04336225143217251,0.05766516238114357,1.271304373030596,0.1425657266487949,0.007382974598163637,0.718747384524183,0.3435004021437407,0.03222850462113278,0.04396865831304476,3.0061165667556513,2.3874697547007075,2.2764718483433066,0.11099790635740091,1.2160745306872416,0.7296447184123449,0.48642981227489673,0.061514919281183814,0.04043487901976531,0.0544011218092256,1.295598980804109,0.1349234693260687,0.007470119039315035
2062,0.7022916240074195,0.3425446856265702,0.03833301463302399,0.04296198633485605,2.8420137484551247,2.2567911168390262,2.132320259220616,0.12447085761841015,1.1828224820575142,0.7096934892345085,0.4731289928230057,0.06523872139355613,0.043589510883526236,0.057793942059308455,1.2694680614566054,0.14247563467233176,0.0073723634180359685,0.7169415723456316,0.3434240016791007,0.028539009712272842,0.04385819015955201,3.0029728473679667,2.3726083938212645,2.2600429146539542,0.11256547916731018,1.238216554523354,0.7429299327140124,0.49528662180934174,0.061927890640572414,0.04078472913796022,0.05467752591545071,1.2926313418737936,0.1348123688426765,0.00745989381809695
2063,0.700970561254165,0.34229749466276377,0.03481839320194666,0.04288117274392819,2.8461532561525327,2.2482978954370827,2.123154120960584,0.12514377447649835,1.204998558653247,0.7229991351919483,0.4819994234612988,0.06545463833456673,0.043772425668330395,0.05788881626378552,1.2679951148121302,0.14239220626152005,0.007362590134058376,0.7153382007092056,0.3433198356034774,0.025238766289032245,0.043760106057835396,3.0006663098314723,2.35986382046082,2.2459963817073856,0.11386743875343455,1.257783213540145,0.7546699281240868,0.5031132854160582,0.06227766046966654,0.04108103786075097,0.054908024304906676,1.2901317897527986,0.1347091314521638,0.007450380412498328
2064,0.6998042787464249,0.3420371128013794,0.03166198930438085,0.042809827623578434,2.850434691489409,2.2412595873773595,2.115619002466156,0.1256405849112037,1.2246928150387553,0.7348156890232531,0.48987712601550215,0.06562308985298267,0.04391512995589934,0.057952593788793555,1.2668490804338486,0.1423134534912028,0.007353518702778004,0.7139125370567495,0.3431882360105211,0.02227452039587602,0.04367289305203029,2.9991101391364983,2.3489972952314497,2.2340666197397154,0.11493067549173414,1.2750725323279717,0.7650435193967828,0.5100290129311889,0.06256973046403622,0.041328465968605,0.05509632582916914,1.2880542748103985,0.13461190499120704,0.007441472703290624
2065,0.698771150146487,0.3417665739349894,0.028804789940478907,0.04274662799749043,2.854777007379329,2.2354555067333015,2.1094663738088304,0.12598913292447098,1.2421843892841649,0.7453106335704989,0.496873755713666,0.06575107733858843,0.04402355499785125,0.05799018722675087,1.2659801532212538,0.1422387465558401,0.007345067832409711,0.7126408649034196,0.34303379059989214,0.019589670886737576,0.043595100156255756,2.998155796718018,2.33973748744342,2.2239471248141034,0.11579036262931647,1.2903477865065247,0.7742086719039146,0.5161391146026101,0.06281184088974526,0.041533570654740934,0.055248283777036035,1.2863387705672,0.1345200696354222,0.007433109799561527
2066,0.6978651282232021,0.34149272006036074,0.026200776305922005,0.042691203961686366,2.859178896241627,2.2307578965111827,2.1045467880106,0.12621110850058265,1.2577201803850457,0.7546321082310273,0.5030880721540184,0.06584365596976018,0.044101983306065434,0.058005013398289534,1.2653525969028,0.1421686344687618,0.007337278455579256,0.7115171818817858,0.3428649963985608,0.017141059396098744,0.043526360453319556,2.9977589353861305,2.331927470978171,2.215454226884197,0.11647324409397397,1.3038411808365562,0.7823047085019336,0.5215364723346226,0.06300949042118345,0.04170101014022291,0.05536795266280986,1.2849427398618407,0.1344344041540187,0.0074253613599790606
2067,0.6970819432589284,0.34121778255586127,0.023807368015836557,0.04264329432481649,2.8637013839188863,2.227104539996716,2.100788671124177,0.12631586887253884,1.2715211879911816,0.7629127127947088,0.5086084751964728,0.06590297056914025,0.04415223187447592,0.05799800448878398,1.264950954205938,0.14210331322150865,0.007330152496008676,0.7105357570543934,0.34268524137314665,0.014887598444348914,0.04346632317848673,2.997935247869326,2.3254725061116757,2.2084789483917717,0.11699355771990375,1.3157604991292577,0.7894562994775545,0.5263041996517033,0.0631655276025794,0.04183319757916539,0.055457087234962996,1.2838434301584805,0.13435476998289494,0.0074182407918935355
2068,0.6963996747350533,0.3409362647553168,0.021617843453133723,0.042601558093053785,2.868328014934952,2.2243682635892004,2.0980567402286425,0.1263115233605579,1.2837854578438495,0.7702712747063095,0.5135141831375399,0.06593172775992459,0.044176593628302493,0.05797058352746087,1.2647563482128819,0.14204101885248804,0.0073235145259732655,0.7096727326683839,0.3424900215843782,0.012824659367743144,0.04341352888185147,2.998622145304842,2.320211458599481,2.202847184928516,0.1173642736709653,1.3262916006272107,0.7957749603763263,0.5305166402508844,0.06328335582533168,0.0419330161663856,0.05551789754952283,1.2830149441754377,0.13427950444766418,0.007411579065455175
2069,0.6957932633809057,0.3406438069179601,0.019635227907488048,0.042564462328995786,2.872984928205349,2.2223844113816718,2.0961728200014633,0.12621159138020824,1.2946868470064756,0.7768121082038852,0.5178747388025904,0.06593415614857936,0.044178650846166595,0.05792562923358098,1.264739918204076,0.14197901640568902,0.007317182575470834,0.7089014512084388,0.34227589726106156,0.010957296539752102,0.04336634693405704,2.999704323364636,2.315949412441063,2.198346131105736,0.11760328133532685,1.3355969870981668,0.8013581922588999,0.5342387948392668,0.06336776531674221,0.042004523959542184,0.05555390519207368,1.282422297853293,0.13420595783848843,0.0074052016501837455
2070,0.6952404502056655,0.34033744520555576,0.01781220469949627,0.042530645368246967,2.87759365444859,2.220997650944238,2.0949675654593847,0.12603008548485337,1.3043768149820094,0.7826260889892055,0.5217507259928039,0.06591454155997095,0.04416203427945563,0.05786618810318199,1.2648726408726714,0.1419143137676034,0.007311003757526434,0.7081982483983584,0.3420407194441348,0.00923928898986532,0.04332332966629759,3.001066664691452,2.3125045465834715,2.1947761175134293,0.11772842907004236,1.343817578630038,0.8062905471780227,0.5375270314520152,0.06342354594816123,0.042051778714748016,0.05556872674204774,1.2820310514864897,0.13413120333285666,0.007398962086616624
2071,0.6947296450090499,0.34001326801517046,0.016128059103955122,0.04249939821734661,2.882176060933234,2.220152601157985,2.0943837268182692,0.12576887433971548,1.3129872235249416,0.7877923341149647,0.5251948894099768,0.0658738078287994,0.04412752655793717,0.05779244541130811,1.2651483839166773,0.14184457707301157,0.007304873884753985,0.7075501554013899,0.3417812462880976,0.007651099496572153,0.04328368375973518,3.002700448691457,2.3097998850487125,2.192055166423433,0.11774471862527942,1.3510754704467058,0.8106452822680235,0.5404301881786824,0.06345219730566201,0.04207605081154169,0.05556316045085774,1.281830212116638,0.13405292114146053,0.0073927582600534884
2072,0.6942655631968134,0.33967581914736794,0.014581234929565999,0.042471009313009775,2.886788107581701,2.21984127245687,2.0944074494771465,0.12543382297972377,1.3206344301742574,0.7923806581045543,0.5282537720697031,0.06581315407495938,0.044076143520185324,0.05770502364066282,1.2655592663852504,0.14177127929622602,0.007298864764457565,0.7069617530694416,0.34150275291440274,0.006192590182186777,0.043247689387231475,3.00464273334164,2.3078160429302836,2.1901559606522523,0.11766008227803121,1.357477954482313,0.8144867726893877,0.5429911817929253,0.06345527026396645,0.04207865407881817,0.055538230248774786,1.2818086762246177,0.13397252962255118,0.007386671132525135
2073,0.6938588236022623,0.33933522807069405,0.01313769196058509,0.042446128203456945,2.891462597409552,2.220046114817622,2.0950081375318352,0.125037977285787,1.3274240997961944,0.7964544598777165,0.5309696399184779,0.06573527942545444,0.04401017174099455,0.05760598605346498,1.2660873213269235,0.14169813899243627,0.007293137676610563,0.7064426370412485,0.34121586303724083,0.004829836620004649,0.043215933501992515,3.006901962126173,2.306518454302008,2.189028456337391,0.11748999796461704,1.3631225096479702,0.817873505788782,0.5452490038591882,0.06343590916763162,0.042062252258965205,0.05549646556661136,1.2819443778418411,0.13389329578821704,0.007380864475276122
2074,0.6935148690935139,0.3390018397464003,0.011786168159722742,0.04242508779426772,2.8961761692338195,2.2207038019538303,2.096104096511603,0.12459970544222726,1.3334534545370273,0.8000720727222163,0.5333813818148111,0.06564441315585416,0.04393319406581955,0.05749877046511583,1.2667042022875776,0.14162918944680025,0.007287827657453471,0.7059972140503527,0.34093147086222886,0.0035520803802127215,0.04318868562012593,3.009429295370237,2.3058254925949195,2.1885700237153833,0.11725546887953638,1.3680987860914229,0.8208592716548536,0.5472395144365693,0.06339877531319793,0.04203079418550003,0.055441751148449334,1.2822047541148027,0.13381902328536233,0.007375476877909626
2075,0.6932303788006653,0.338686592249286,0.01057170211943629,0.042407684916737964,2.9008103840444406,2.2216706844308445,2.0975237343032243,0.12414695012762007,1.338811082902027,0.8032866497412161,0.5355244331608109,0.06554748179506473,0.043851078327626046,0.05738920919757512,1.2673631292813687,0.14156761478008892,0.00728302802331073,0.7056209357542326,0.3406609539003269,0.0024054179900661263,0.04316566748452448,3.0120793738853378,2.3055735053324162,2.188586363709927,0.11698714162248912,1.3724883502923513,0.8234930101754107,0.5489953401169406,0.06335113433243433,0.04199043496355365,0.05538027684758248,1.2825390080598935,0.13375261053125997,0.007370604250150994
2076,0.6929982147723389,0.33839405367958725,0.009537801076027128,0.042393482959115644,2.905287199093759,2.222838331947195,2.099141568870585,0.12369676307661029,1.3435760503719574,0.8061456302231744,0.537430420148783,0.06544893884614142,0.0437675973269602,0.057280923593116886,1.2680339351167036,0.1415130274052606,0.007278746249395477,0.7053057331710202,0.3404092873737936,0.0014345930828536038,0.04314638553448255,3.014752894358618,2.3056388743432596,2.1889346729102406,0.11670420143301907,1.3763637024139623,0.8258182214483772,0.5505454809655851,0.0632977475352517,0.04194520815331662,0.05531598870298303,1.2829138472513795,0.13369362566410872,0.007366256049412491
2077,0.6928151018879258,0.3381263407154448,0.008684511276248835,0.042382281615556947,2.909590451816618,2.2241566300286477,2.10089959884308,0.1232570311855678,1.3478180882892297,0.8086908529735377,0.539127235315692,0.06535085007189462,0.04368450108194542,0.05717545811309502,1.2687025759966573,0.14146472085445783,0.007274986115647017,0.7050476900621907,0.3401789722440305,0.0006403003616127084,0.04313060023073297,3.0174175996812975,2.3059606702110726,2.189544512397236,0.1164161578138367,1.3797884788067698,0.8278730872840617,0.5519153915227081,0.06324098037499118,0.04189711765678403,0.05525074238812107,1.2833127363825083,0.13364135008745792,0.007362437764142048
2078,0.6926631837871999,0.33787677722407355,0.007974315600694643,0.04237298852398592,2.9136767282395546,2.2255463886127465,2.1027171483368194,0.12282924027592688,1.3515992998378918,0.810959579902735,0.5406397199351568,0.06525435493984488,0.043602754896440415,0.05707345129093275,1.2693612576966364,0.14142012006420313,0.007271581195399553,0.7048281860300049,0.33996365302647996,-1.473168576755085e-05,0.043117172476434415,3.020014647469784,2.306449164827005,2.1903231461066657,0.11612601872033951,1.382819168938531,0.8296915013631184,0.5531276675754125,0.06318225417677442,0.04184736755445809,0.05518546862418296,1.2837257341228487,0.13359329785894444,0.007358982738182423
2079,0.6925197037676333,0.3376358686442248,0.007360979629416571,0.04236421156176421,2.91748730739666,2.2269171448121448,2.1045041034297345,0.12241304138241045,1.3549720066115427,0.8129832039669256,0.5419888026446171,0.06516034607986146,0.04352311496493219,0.05697532459588927,1.2700038322694671,0.14137571779328284,0.00726830930749935,0.7046236294338778,0.33975410849511095,-0.0005766058344659625,0.04310465907099889,3.0224702731917015,2.3070034363477396,2.1911685396412945,0.11583489670644503,1.3855028892506789,0.8313017335504072,0.5542011557002717,0.06312273414202504,0.04179694495076261,0.05512086820970616,1.2841446709210569,0.13354609675128004,0.007355667520756977
2080,0.6923732061671459,0.3373982589218448,0.006817401367912791,0.04235524995169074,2.92100970593213,2.228229412688726,2.106222457909781,0.12200695477894499,1.357978746703915,0.8147872480223489,0.5431914986815661,0.06506895058921917,0.04344568895831753,0.05688093526773004,1.270629363352801,0.14132934445019232,0.007265052772234497,0.7044218596880366,0.3395452282392454,-0.0010722041882448505,0.04309231611300955,3.024759248302464,2.307575390213771,2.192032852575032,0.11554253763873885,1.3878773262123865,0.8327263957274318,0.5551509304849547,0.06306282710269207,0.041746194494793026,0.05505707737482479,1.284566694406826,0.13349763920283567,0.0073523731465430335
2081,0.6922330113775038,0.3371706549344924,0.006324609655049343,0.042346673858794454,2.924265423588054,2.2294897177854778,2.1078721156278823,0.12161760215759548,1.3606555132669529,0.8163933079601716,0.5442622053067813,0.06498135809770428,0.04337148467559235,0.05679127397421496,1.271229625718696,0.1412832236578717,0.0072619320107606515,0.7042317659070912,0.3393439814055313,-0.0015205146299446318,0.04308068738311643,3.026892221631763,2.3081644787301916,2.1929078423145096,0.11525663641568207,1.389973965528755,0.833984379317253,0.5559895862115021,0.06300397552932348,0.04169633818047272,0.054995335346731594,1.2849816373449297,0.13344996910295118,0.007349220991364728
2082,0.6921172843733387,0.336963664314612,0.005881587918923209,0.0423395944938707,2.927307049139986,2.23073734842188,2.1094851106105317,0.12125223781134853,1.363036564215758,0.8178219385294546,0.5452146256863034,0.06489853968490389,0.043301324770193994,0.05670720856901263,1.2717978571958857,0.1412414269226234,0.007259156106672249,0.7040710787191915,0.3391612119936405,-0.0019226048596853937,0.04307085752002511,3.028911603896433,2.308803300186956,2.1938178506020547,0.11498544958490103,1.3918229221572977,0.8350937532943786,0.5567291688629191,0.06294741892293637,0.041648426055383644,0.05493676772262746,1.2853807310567538,0.13340685214667947,0.007346420682381865
2083,0.6920386435990242,0.3367838208207849,0.005512870777527851,0.042334783757728894,2.9301882581383545,2.2320084428344997,2.1110944393370445,0.12091400349745514,1.36515636466885,0.8190938188013098,0.5460625458675402,0.06482071853152857,0.04323539831043484,0.05662889587669466,1.2723324098636026,0.1412069430742523,0.007256861774612856,0.7039520115856011,0.33900364161206187,-0.0022536252206058205,0.04306357364869902,3.030862478331831,2.3095225053185593,2.1947895709205874,0.11473293439797194,1.3934548456854061,0.8360729074112436,0.5573819382741625,0.06289361554214679,0.04160284633490039,0.05488175845165574,1.2857606987957673,0.13337104796701774,0.007344108717882556
2084,0.6919907336741484,0.3366285387341833,0.005235810768632797,0.04233185285107623,2.932902797704126,2.233276711422417,2.1126737235510644,0.12060298787135278,1.36704845692177,0.8202290741530618,0.5468193827687082,0.06474818297810667,0.043173949564992646,0.05655641683835817,1.2728311874002725,0.1411793794358529,0.00725498795346328,0.7038676037381786,0.3388687816876804,-0.002495791309675907,0.043058409934974076,3.0327294308016035,2.3102895532513754,2.1957895727412122,0.11449998051016341,1.3948997634339857,0.8369398580603913,0.5579599053735944,0.0628430378609551,0.041559999277009665,0.05483057123633342,1.2861181552330478,0.13334209662261423,0.007342221832080486
2085,0.6919577660199249,0.33649197318235585,0.005051137310187075,0.04232983593235705,2.93539542857346,2.2344710614173033,2.1141503737948066,0.12032068762249662,1.3687417579644228,0.8212450547786534,0.5474967031857694,0.06468194706527591,0.04311783758190767,0.05649045287869468,1.2732870953757194,0.14115646871738396,0.007253388523142994,0.7038014935365714,0.3387508872902251,-0.0026479420416571572,0.043054365480466275,3.0344480223955195,2.3110269437243893,2.196738037692586,0.11428890603180367,1.3961833078382229,0.8377099847029336,0.5584733231352893,0.06279683623815874,0.0415208594121531,0.05478402812718865,1.2864449121628065,0.1333178123181148,0.007340612290283463
2086,0.6919317611190413,0.3363724616783603,0.004940493876228642,0.04232824489231812,2.937626046684142,2.235541411684566,2.115470565460963,0.12007084622360283,1.3702591353719655,0.822155481223179,0.5481036541487865,0.064623229553251,0.04306809483811924,0.05643194996762731,1.2736916122575956,0.14113689445055294,0.007252003274980255,0.7037453650495811,0.33864845337666294,-0.002728255716343553,0.04305093159579001,3.0359704381823884,2.311679469223643,2.1975752727253597,0.11410419649828324,1.3973252757617147,0.8383951654570286,0.5589301103046861,0.0627563534682801,0.04148656429336357,0.054743202466356035,1.2867314022734857,0.13329694013702614,0.007339220251577898
2087,0.6919069950881241,0.3362671380258607,0.004906969493343044,0.042326729601379266,2.9395892302744295,2.236469805101768,2.116617485839283,0.11985231926248459,1.3716195740585773,0.8229717444351461,0.5486478296234312,0.06457198221222026,0.043024680475575255,0.05638074905189261,1.2740449415453905,0.14111935558299007,0.0072507717014108075,0.7036932116498178,0.338558760279657,-0.0027332899750474107,0.04304774085415832,3.0372850896945467,2.3122252957477283,2.1982799969772713,0.11394529877045692,1.3983418211954595,0.8390050927172755,0.5593367284781839,0.06272168160156866,0.04145719190132894,0.05470807458693614,1.2869769027901166,0.13327823907365902,0.007337985101408243
2088,0.6918805676519616,0.3361751441607583,0.004912071170038244,0.042325112651395866,2.9412780820093074,2.237240579642979,2.117574672607101,0.11966590703587793,1.3728390156703443,0.8237034094022063,0.549135606268138,0.06452850494701715,0.04298784855969465,0.056337036139197647,1.2743449012560857,0.14110327405257136,0.007249669469702647,0.7036419600195417,0.33848111287681754,-0.0027016697268923903,0.04304460526099947,3.038379648622371,2.312645440397146,2.1988318797788446,0.1138135606183016,1.3992462814058773,0.8395477688435261,0.5596985125623511,0.0626932408202391,0.04143309819486844,0.05467895067381323,1.2871783748243035,0.133261163013699,0.007336883355513659
2089,0.6918495889761829,0.336094740701868,0.004900530230793593,0.042323217264265064,2.942696103191287,2.237847737274811,2.1183373666110654,0.11951037066374547,1.3739312276337023,0.8243587365802212,0.5495724910534812,0.06449261061974788,0.042957440555962206,0.05630056893328439,1.274592684330937,0.14108819657266702,0.007248663073946816,0.7035885224482633,0.33841391316465325,-0.0026890106691019183,0.04304133593271111,3.039252637761379,2.312930848278675,2.1992226105998607,0.11370823767881433,1.4000500452691977,0.8400300271615183,0.5600200181076794,0.06267097018536241,0.04141423154935718,0.05465571215964224,1.2873361959163248,0.13324527285240784,0.007335881764359414
2090,0.6918118947510736,0.33602303447286846,0.004850805637063367,0.042320911049235764,2.9438676823696657,2.2383039965426565,2.1189228687703245,0.1193811277723321,1.3749080226655688,0.824944813599341,0.5499632090662278,0.06446328516912997,0.04293259739884839,0.056270376293312566,1.2747952155573714,0.14107361273474534,0.007247710830863159,0.7035304789340338,0.3383543665054617,-0.0027168903214040696,0.04303778483638213,3.0399240610353755,2.313091566266577,2.1994664138962174,0.11362515237035989,1.4007627452319307,0.840457647139158,0.5603050980927726,0.06265399420000282,0.04139985028453215,0.0546375205495356,1.2874565305629075,0.13323005815079297,0.007334937743743261
2091,0.6917717872011158,0.3359584770970172,0.004791463584236683,0.04231845720867021,2.944859716550281,2.238662531026056,2.1193919569407456,0.11927057408531082,1.3757795993492266,0.8254677596095357,0.5503118397396909,0.0644385290150232,0.04291162513710818,0.0562446568137724,1.2749662555191192,0.1410594616657808,0.007246819975371851,0.7034719088995338,0.33830099857341783,-0.002756334172941799,0.04303420154423698,3.0404577053680835,2.3131791290968926,2.199622165470757,0.11355696362613597,1.4013925664955447,0.8408355398973264,0.5605570265982183,0.06264046856659358,0.041388391997318495,0.05462271927917063,1.287552428466499,0.13321542629821798,0.007334057079267294
2092,0.6917321093994734,0.33589847000859785,0.004727748935855758,0.04231602966643601,2.9457391118815623,2.238975573271378,2.1198055137688465,0.11917005950253112,1.3765559968545271,0.8259335981127159,0.5506223987418112,0.0644161562700732,0.04289267198869448,0.0562214322919118,1.2751208803877956,0.14104534875133778,0.007245978812233325,0.7034154677215959,0.33825127444086084,-0.002801903994252966,0.04303074849720853,3.0409180081844904,2.3132446127695934,2.1997493932089527,0.11349521956064074,1.4019476916258968,0.8411686149755376,0.5607790766503592,0.0626283475731116,0.041378123655686785,0.05460946119793054,1.287638383292939,0.13320097814509632,0.007333226638747796
2093,0.6916985862537751,0.3358435451659229,0.004662487885990281,0.042313978617818375,2.946558666206012,2.23928597968761,2.1202105747766313,0.11907540491097866,1.3772468190489686,0.8263480914293808,0.5508987276195878,0.06439493249447054,0.04287469219364494,0.05619960116460191,1.2752676099031732,0.1410321452561166,0.007245223862528604,0.70336674503221,0.33820580020574403,-0.0028506921702102367,0.043027767614354256,3.0413551752881065,2.31332953653101,2.199893565683531,0.11343597084747895,1.4024360160076266,0.8414616096045755,0.5609744064030511,0.06261651412881034,0.04136809891233999,0.05459675479220426,1.2877223135298248,0.13318750839223814,0.007332482393078866
2094,0.6916715981253345,0.33579315073701294,0.0045966509734390384,0.04231232730612074,2.947335076993921,2.2396029481964437,2.120617964357025,0.11898498383941841,1.3778618543948267,0.8267171126368956,0.551144741757931,0.06437445374576613,0.04285734355071404,0.056178767216198064,1.2754092307511202,0.14102030747370725,0.007244551431417794,0.7033259428051052,0.33816407725977055,-0.00290162988918323,0.04302527122563472,3.04178278461346,2.3134411881244628,2.200063326565477,0.11337786155898591,1.402865763413306,0.8417194580479831,0.5611463053653228,0.06260464888928254,0.04135804723355686,0.05458428532842117,1.2878064837025844,0.13317541908463496,0.007331820063454412
2095,0.691646981361077,0.3357458805087008,0.004529019243466069,0.0423108210145685,2.9480528077209307,2.23990631131765,2.1210068145726844,0.11889949674496547,1.378409988580411,0.8270459931482463,0.5513639954321647,0.06435505822790469,0.042840912570545536,0.05615917009909623,1.2755433986012368,0.14100960206468544,0.0072439243532996965,0.703288701904873,0.33812474268391784,-0.002955803528257729,0.04302299265540023,3.042181802179772,2.313557074746189,2.200235176799975,0.11332189794621422,1.403244375632996,0.8419466253797971,0.5612977502531988,0.06259314565077566,0.04134830222519305,0.05457234864425378,1.2878880996904707,0.13316446904646081,0.007331202068061319
2096,0.6916169684175077,0.3356985532679038,0.004457458481489526,0.04230898458143892,2.948684566287618,2.240164501144503,2.121345534690867,0.11881896645363565,1.3788983859945858,0.8273390315967513,0.5515593543978345,0.06433706947533731,0.04282567333647082,0.05614101629635574,1.2756678683337381,0.1409988001112586,0.00724326745639911,0.7032470212923173,0.3380846438494088,-0.0030151643722105825,0.043020442457734814,3.042521346542609,2.313643149105866,2.200374739472207,0.11326840963365932,1.403577678450671,0.8421466070704021,0.5614310713802689,0.06258237706263227,0.04133917957843049,0.05456120151984111,1.2879645156125354,0.13315348395359883,0.007330552450617495
2097,0.6915870464662572,0.33565660747600423,0.004383978113838158,0.04230715369871267,2.949213592716759,2.240365152289005,2.121614428069582,0.11875072421942315,1.3793319410786289,0.8275991646471771,0.5517327764314518,0.06432201096407693,0.04281291646647363,0.0561256942926186,1.275772087353638,0.14098929417878145,0.007242667258047666,0.7032063983180236,0.33804932005583554,-0.0030776148846657983,0.04301795694693832,3.0427818085014993,2.3136852567069686,2.2004602195830594,0.11322503712390919,1.4038693148640673,0.8423215889184399,0.5615477259456274,0.06257389792631074,0.04133199644871255,0.054552265387593134,1.288024693539204,0.13314379075551058,0.007329959591358784
2098,0.6915627016342214,0.33562409041823227,0.004311143151787711,0.04230566399075396,2.949641761112195,2.2405109702092623,2.121812067353784,0.11869890285547811,1.3797161562640177,0.8278296937584104,0.5518864625056072,0.0643106430475851,0.042803286096623816,0.056113905807414946,1.2758507788136773,0.1409822471469482,0.007242195734587172,0.7031723407467297,0.338022905477393,-0.0031405041587674806,0.04301587307059561,3.0429630207186813,2.3136849584731993,2.200488822893923,0.11319613557927655,1.404123663041265,0.8424741978247585,0.5616494652165065,0.06256850650630943,0.04132742908857532,0.05454628009773945,1.2880629612476522,0.13313649004453812,0.007329496864010184
2099,0.6915444226413571,0.33560055829004554,0.004239895962594269,0.042304545366282614,2.949983121043087,2.240610895302666,2.121948872464411,0.11866202283825476,1.3800570809644603,0.828034248578676,0.5520228323857843,0.06430259202583458,0.042796465645648284,0.05610529670003368,1.2759065176437732,0.14097757110135078,0.007241850912543731,0.703145272638293,0.3380050040970082,-0.003202775667060974,0.04301421678148725,3.04307739398488,2.3136503110684825,2.2004699350529897,0.11318037601549297,1.4043457648864843,0.8426074589318902,0.5617383059545942,0.06256588118855821,0.041325205041544716,0.05454294193370437,1.2880815965583174,0.13313149299555546,0.0073291622678706885
2100,0.691529004191432,0.3355820093437039,0.004171085068946985,0.04230360175426598,2.950263325486593,2.2406810772680195,2.1220471710488216,0.11863390621919806,1.3803602573962854,0.8282161544377711,0.5521441029585143,0.06429651480135405,0.042791317303869925,0.05609861814683817,1.2759485957189574,0.14097411587244837,0.00724157364909205,0.7031218594905695,0.3379916314629307,-0.0032634195293104254,0.04301278410410885,3.0431493192735415,2.3135968420727004,2.200425173518245,0.11317166855445526,1.4045402429254945,0.8427241457552962,0.5618160971701983,0.06256474371267236,0.041324241424906275,0.05454106341046078,1.2880896709416465,0.1331277044508756,0.00732889550321451
2101,0.6915182982940178,0.33556716757971267,0.004106554332274193,0.04230294645304619,2.950519271832395,2.2407511184474047,2.1221412523354295,0.11860986611197513,1.3806300324949432,0.8283780194969658,0.5522520129979774,0.0642912172914142,0.04278682949996666,0.056092796566439125,1.2759852781022678,0.14097176249781398,0.0072413605886915144,0.703103873214275,0.3379815403098845,-0.0033205123702608683,0.04301168343636864,3.0432146931834723,2.31355374236806,2.200388338864837,0.11316540350322304,1.4047105905310593,0.8428263543186352,0.5618842362124241,0.06256396729720587,0.04132358368185328,0.054539633326553864,1.2880951824126996,0.13312499970557815,0.007328692522158666
2102,0.6915156747064226,0.33555581757142977,0.004047818737727325,0.0423027855996902,2.9507882213348062,2.2408520289604104,2.122265807992255,0.11858622096815528,1.3808706889042526,0.8285224133425514,0.5523482755617012,0.0642856834272434,0.04278214146775762,0.05608692948398457,1.276023600062838,0.1409708882741482,0.007241227652689466,0.703094611135133,0.3379745419255179,-0.0033725175829083937,0.043011116483961914,3.043309812043862,2.313551603460373,2.2003936283713776,0.11315797508899568,1.4048603061208083,0.8429161836724846,0.5619441224483237,0.06256259969749753,0.041322425115021155,0.05453780798661496,1.288104890602804,0.13312371784631383,0.007328568664840565
2103,0.6915234720985651,0.3355469335440835,0.003995688583265572,0.04230326225383477,2.9511085057116833,2.241014850778777,2.1224564527386165,0.11855839804016051,1.3810867549551116,0.8286520529730668,0.5524347019820448,0.06427872707554734,0.04277624837031212,0.056079953458504736,1.2760717770170746,0.1409716346208021,0.007241176714052899,0.7030963010623129,0.33796961787637253,-0.003418621133943159,0.04301121952438701,3.0434720618310056,2.3136210123480567,2.200476143189553,0.11314486915850366,1.4049931977357544,0.8429959186414523,0.5619972790943021,0.06255951923977832,0.041319815494589476,0.05453458295938427,1.288126758553637,0.13312396916881347,0.00732852473561805
2104,0.691542905306313,0.3355414411981347,0.00395014249692123,0.042304450723251966,2.9514821631817854,2.241239877570086,2.1227124988541974,0.11852737871588866,1.3812827738793134,0.8287696643275879,0.5525131095517255,0.0642705333329627,0.042769307012887385,0.056072026697596464,1.2761285297749947,0.14097467783475862,0.007241224005466092,0.7031100694966537,0.3379677156963385,-0.0034588667087130237,0.04301206146133942,3.04370183031054,2.3137611608495474,2.2006339474057555,0.1131272134437919,1.4051131381746416,0.8430678829047846,0.5620452552698569,0.0625549441398936,0.04131593968286783,0.0545301483288103,1.2881592386540583,0.13312637334554078,0.007328576828327947
2105,0.6915705806106595,0.3355391959099353,0.003909234717132608,0.042306143410352715,2.951881612192744,2.2414998041448597,2.1230037656611573,0.11849603848370249,1.3814630775526446,0.8288778465315867,0.5525852310210579,0.06426192741956258,0.04276201648352799,0.05606384853774452,1.276188144506155,0.14097984800000463,0.007241349708650743,0.7031324301513459,0.33796871201489637,-0.003495161234361513,0.04301342903435544,3.043969536588233,2.313943300691053,2.2008352336343284,0.1131080670567246,1.4052238382565083,0.8431343029539047,0.5620895353026036,0.06254970814633282,0.04131150399277829,0.0545252144329622,1.288196413284417,0.1331307639325164,0.007328705257216338
2106,0.6916051126976573,0.33553896967650704,0.0038729559662562807,0.0423082555970512,2.9523118538160897,2.2417961820520995,2.1233333222643824,0.11846285978771692,1.381630885919512,0.8289785315517072,0.5526523543678049,0.06425260454466114,0.04275411857774826,0.056055123572015794,1.2762527340078285,0.1409862972179242,0.0072415334946707086,0.7031619164343144,0.3379713930571555,-0.003527424935782203,0.04301523255314384,3.044279031023812,2.3141682736388316,2.2010822667471364,0.11308600689169541,1.4053279404611265,0.8431967642766757,0.5621311761844509,0.06254353838434029,0.04130627725752595,0.05451951654408037,1.2882402211159545,0.13313634245852632,0.007328889272525731
2107,0.6916444605647329,0.33553903796762413,0.0038422599821927167,0.04231066243410962,2.9527778698375,2.242130379465511,2.1237045779172448,0.11842580154826624,1.3817888198670925,0.8290732919202555,0.552715527946837,0.0642421620515828,0.04274527218355008,0.05604546600938844,1.276325090487759,0.14099332571480444,0.007241746297233368,0.703196399525016,0.3379740437018094,-0.003554622895238488,0.043017341796078246,3.044634224607389,2.3144367828523564,2.201377706786263,0.11305907606609322,1.4054275297018768,0.8432565178211259,0.5621710118807509,0.06253606380923882,0.041299945145326755,0.054512699103845416,1.2882932988904874,0.13314244460760993,0.007329099255080475
2108,0.691687780339329,0.3355394126179206,0.003818707146959137,0.042313312299324723,2.953272703184955,2.24249509336474,2.124109405188957,0.11838568817578288,1.3819388299933302,0.8291632979959982,0.552775531997332,0.06423083166053126,0.04273567360350704,0.056035070308694916,1.2764036114330897,0.14100080579522284,0.00724198368324353,0.7032350009288199,0.33797670440849953,-0.0035751250086759195,0.04301970302284138,3.0450270155960433,2.3147407932954667,2.201712581614028,0.11302821168143856,1.405524056636692,0.843314433982015,0.562209622654677,0.0625275332023,0.041292718412097015,0.054504973983918195,1.288353882676879,0.13314895171080401,0.007329331006685648
2109,0.6917377014849788,0.3355403700075985,0.003805246349040739,0.04231636604888464,2.953818551082033,2.2429097168722643,2.124569049244915,0.11834066762734924,1.3820825030618629,0.8292495018371178,0.5528330012247451,0.06421806553632364,0.0427248587371455,0.0560234585022442,1.2764920973759872,0.14100871141975765,0.007242262707344873,0.7032803353082386,0.3379796751592789,-0.003585922493707469,0.043022476184046365,3.045479163224305,2.31509957387877,2.202107972529033,0.11299160134973661,1.405618651158787,0.8433711906952719,0.562247460463515,0.0625174336352612,0.0412841625288816,0.05449589534372522,1.2884256187821235,0.1331558400031996,0.007329601500491105
2110,0.6917973542709746,0.3355425658618566,0.003803829787086814,0.04232001515419501,2.9544375823362574,2.2433937932223174,2.125104506504654,0.11828928671766326,1.3822217930526723,0.8293330758316034,0.5528887172210689,0.06420339125121965,0.04271242736566819,0.05601022255772699,1.2765938292726329,0.14101753082775662,0.007242607087963536,0.7033355069444543,0.33798362541904975,-0.0035850679349685305,0.043025851161142006,3.0460124069202843,2.315532518578058,2.202584695057551,0.11294782352050702,1.4057128531045564,0.8434277118627336,0.5622851412418228,0.062505324648085,0.04127390435843345,0.054485084377402404,1.2885116414053672,0.13316356037479185,0.007329934245482678
2111,0.691864246544805,0.3355466446956277,0.00381281883578595,0.04232410713558715,2.955099177876919,2.243919112952746,2.125683727115959,0.11823538583678689,1.3823590846016,0.8294154507609601,0.5529436338406399,0.06418782696308194,0.042699242025036666,0.055996248640126416,1.2767017545312203,0.1410276950196586,0.007243010135283714,0.7033979804237799,0.3379892148028019,-0.003574209423701513,0.04302967282793879,3.046594729128197,2.316010378261731,2.2031095276184023,0.11290085064332872,1.4058086691829919,0.8434852015097948,0.5623234676731971,0.06249221503228033,0.041262798501975145,0.05447342131976729,1.2886047895308108,0.13317251107588526,0.007330322965843404
2112,0.6919302787961233,0.3355518387466449,0.003827604185241411,0.042328146516617,2.95573780156305,2.244425046846034,2.1262401862928093,0.11818486055322452,1.3824960254504013,0.8294976152702409,0.5529984101801604,0.06417310706971914,0.04268677201636484,0.05598302703034717,1.276803846666851,0.14103852340584858,0.007243420176620363,0.7034596037416578,0.33799569252305867,-0.003557886524003906,0.04303344249678593,3.047158715966522,2.316471038825285,2.203614276956853,0.1128567618684324,1.4059073983494488,0.8435444390096689,0.5623629593397799,0.06247980402980914,0.04125228447822327,0.054462368819767015,1.2886929900723016,0.1331820580481907,0.007330716706508861
2113,0.6919880569131212,0.3355568203058458,0.003844135113295878,0.04233168099639692,2.9563008728792948,2.244863037440831,2.1267213856805434,0.11814165176028775,1.3826324786645856,0.8295794871987515,0.5530529914658341,0.06416046953925295,0.042676066088636985,0.05597161452548241,1.2768915133463752,0.14104871200443284,0.0072437834932452885,0.7035129632458378,0.3380017586123276,-0.003540025017246415,0.04303670667152065,3.0476503669931994,2.3168648674023506,2.2040452194354985,0.11281964796685232,1.4060085792628356,0.843605147557701,0.5624034317051346,0.062469304580918816,0.0412433898337116,0.0544529646217656,1.2887676182613519,0.13319099452925864,0.00733106251967979
2114,0.6920336256725435,0.33556005375294357,0.0038599231838752843,0.04233446864235843,2.956770209545879,2.2452160718849834,2.127110104237428,0.1181059676475552,1.382766842180751,0.8296601053084509,0.5531067368723002,0.06415012275445865,0.0426673007740433,0.05596217500895426,1.2769633008610382,0.14105704996435087,0.0072440627124197386,0.70355411471834,0.338005908735543,-0.0035230039869861146,0.04303922409284526,3.0480509001501783,2.3171745019553103,2.2043847117587467,0.11278979019656346,1.4061103139857196,0.8436661883914315,0.5624441255942881,0.06246092514998072,0.04123629116975476,0.054445374657064435,1.2888271858796272,0.13319820208147096,0.0073313235188138
2115,0.6920674954138853,0.3355611101047891,0.003874618366247383,0.042336540681663815,2.9571549368944328,2.2454931458243266,2.1274168070361217,0.11807633878820478,1.3828968830971844,0.8297381298583109,0.5531587532388735,0.06414169452269508,0.04266016076829804,0.05595438660163456,1.2770217849978431,0.14106309730369088,0.00724425610133116,0.7035836157589161,0.33800775218935014,-0.0035071175841037694,0.043041028878999965,3.048369425422011,2.317409104662556,2.2046433621035217,0.11276574255903436,1.4062101055308158,0.8437260633184892,0.5624840422123266,0.062454311543162444,0.041230688429820216,0.05443929388426245,1.288874205720505,0.13320328299129613,0.007331498453082214
2116,0.6920909765934598,0.33555961756642405,0.003888597005849606,0.04233797727051395,2.957471204380657,2.245709457302849,2.1276587880585107,0.11805066924433848,1.3830206938702432,0.8298124163221462,0.553208277548097,0.06413463168104369,0.04265417745751787,0.055947769736080996,1.2770708000003776,0.1410667805305627,0.007244366826298209,0.7036028213084642,0.3380069471087393,-0.0034919616681828997,0.043042203907475575,3.0486222807296848,2.3175841959352095,2.2048387898519746,0.11274540608323509,1.4063058181295174,0.8437834908777102,0.5625223272518072,0.062448930686358296,0.04122613001833205,0.05443426105499982,1.2889124645660759,0.13320617643400165,0.007331590782843297
2117,0.6921071414046831,0.335555945014699,0.0039031424179019683,0.042338966329223265,2.95774235322217,2.245887162616185,2.127860261341023,0.11802690127516198,1.383136819801911,0.8298820918811468,0.5532547279207641,0.06412831919934452,0.04264882981677148,0.0559418005698606,1.2771146118016086,0.14106842750054238,0.00724441529747019,0.7036148511690473,0.33800388727654423,-0.0034762490182345535,0.04304294001100315,3.048833143673666,2.3177223654804067,2.204995663326711,0.11272670215369558,1.4063958005782589,0.843837480346955,0.5625583202313038,0.06244418965104628,0.04122211363383814,0.05442977197380751,1.2889461766351997,0.13320719438166959,0.007331621147722128
2118,0.6921191380586739,0.33555108215110546,0.003919460025168187,0.042339700419430096,2.957984718613636,2.2460423143381334,2.1280379789520416,0.1180043353860917,1.3832445661026564,0.8299467396615942,0.5532978264410623,0.06412246256017012,0.042643868344599614,0.05593624051267319,1.2771552633555183,0.1410687197252602,0.007244428841835649,0.7036228939229938,0.3379995814758457,-0.0034587927802921248,0.04304343222092275,3.0490185380317865,2.3178399447686355,2.2051310235792414,0.11270892118939413,1.4064791907542424,0.8438875144525452,0.5625916763016973,0.06243980782550435,0.04121840155514575,0.054425600438960775,1.288977336530562,0.1332069772890198,0.00733161715472664
2119,0.6921275491632453,0.3355462946167743,0.003937467658572086,0.04234021515514548,2.9581871246969533,2.246166099608856,2.128180762434478,0.11798533717437763,1.383343937104125,0.8300063622624753,0.5533375748416497,0.06411760071457094,0.042639749615252284,0.05593157722822667,1.277189012520546,0.14106836406690182,0.007244423874685568,0.7036275627497411,0.33799531384643483,-0.003439687860654475,0.04304371802148117,3.0491669564026194,2.3179279177521264,2.2052334461245695,0.11269447162755686,1.406555850463417,0.84393351027805,0.562622340185367,0.06243631578826579,0.04121544326369799,0.054422227493436434,1.2890021704049364,0.13320618983635615,0.007331595830622869
2120,0.6921305211910336,0.3355420654959412,0.0039551826714881305,0.04234039713825165,2.958325715994934,2.2462374597279924,2.1282646840591166,0.1179727756688759,1.3834350532263617,0.8300610319358174,0.5533740212905444,0.06411449107287043,0.04263711527150971,0.055928476074423174,1.2772105997436736,0.14106752583235477,0.007244395495712234,0.7036270185246598,0.33799158055461437,-0.0034209045561505794,0.043043684895744116,3.049254026083214,2.3179648390902425,2.205278559303,0.11268627978724251,1.4066257779670237,0.843975466780214,0.5626503111868097,0.0624344532454101,0.04121386540406344,0.054420304011138274,1.289015416515362,0.13320499085748558,0.007331552843591157
2121,0.6921256475139892,0.3355383111614131,0.003969849213795076,0.042340099148195504,2.958378643949063,2.2462367902045566,2.1282680526639037,0.1179687375406528,1.3835176521419321,0.8301105912851595,0.5534070608567726,0.06411372734161472,0.04263646827392985,0.055927452919054974,1.2772159017179565,0.14106598840639217,0.007244329883466817,0.7036188686859278,0.33798831089896114,-0.0034051700082220818,0.043043186483767454,3.0492574787482902,2.317930797058657,2.205244316423139,0.11268648063551814,1.4066886038752533,0.8440131623251517,0.5626754415501016,0.06243479851499958,0.04121415790039264,0.054420333389184034,1.2890129609558594,0.13320318407462284,0.00733147485955567
2122,0.6921124173391225,0.335534819361305,0.003980046596892245,0.04233928994556695,2.958343439125643,2.246162046703435,2.128188829267321,0.11797321743611411,1.3835910164305367,0.8301546098583222,0.5534364065722145,0.06411532892017353,0.042637825056755965,0.05592852402433925,1.277204783237542,0.14106351878959864,0.0072442220642243964,0.7036026184802031,0.3379853039681286,-0.003393876715032093,0.04304219252745898,3.0491747824252426,2.3178237527306433,2.2051286720902947,0.11269508064034879,1.4067435172249136,0.8440461103349479,0.5626974068899657,0.062437371395466124,0.04121633752499579,0.054422332741621275,1.2889946631617202,0.13320055687317284,0.0073313571176379135
2123,0.6920882252832893,0.33553084237313563,0.003983999930185979,0.04233781015108035,2.958204848094784,2.2459991678160653,2.128012209141599,0.11798695867446625,1.3836543982553073,0.8301926389531846,0.5534617593021227,0.06411957864870155,0.042641425229005256,0.0559319267134711,1.27717528203637,0.1410598399821462,0.0072440501714762,0.7035756690014344,0.3379818237531056,-0.0033887671875151917,0.04304054404383755,3.0489903911590894,2.3176294367025245,2.204916577640012,0.11271285906251223,1.406789689198463,0.8440738135190775,0.5627158756793855,0.06244244700984352,0.04122063734930437,0.05442653347525504,1.2889585684649485,0.13319685333420708,0.007331178039871905
2124,0.6920537815169828,0.3355256277056064,0.003981134117884269,0.04233570322274795,2.957978812552203,2.2457624040437096,2.127754850460342,0.11800755358336762,1.3837066034864345,0.8302239620918609,0.5534826413945736,0.06412587564542258,0.04264675975159876,0.055937131535195875,1.2771315721993024,0.14105459874378234,0.007243810123956281,0.7035387520742945,0.33797712908925037,-0.003390389170744343,0.04303828581568132,3.0487205843269236,2.3173624532124366,2.204625071879582,0.11273738133285471,1.4068258540789031,0.8440955124473416,0.5627303416315615,0.062449439924103484,0.04122656142085257,0.05443241977458295,1.2889088434481555,0.13319174692209812,0.0073309334984142105
2125,0.6920145684304301,0.33551917873199794,0.003973122047214193,0.04233330454131216,2.9577166456478516,2.2454984441955976,2.1274686259831386,0.11802981821245924,1.3837466994411878,0.830248019664713,0.5534986797764748,0.06413276468539711,0.042652595825686083,0.05594287672931402,1.2770837572677598,0.14104806097113134,0.007243531451645535,0.7034973765527794,0.3379712288839126,-0.003397097803893953,0.04303575484263607,3.0484175991986646,2.3170703606861505,2.2043069877471417,0.11276337293900861,1.4068510190858718,0.8441106114515228,0.5627404076343491,0.06245693607217319,0.04123291180866657,0.054438765033529415,1.2888555456465238,0.13318548483454343,0.007330652544798432
2126,0.691976707979305,0.3355122154593784,0.003962231420764913,0.04233098859192172,2.9574669690935957,2.2452516188279814,2.1272020031837027,0.1180496156442789,1.383774943183155,0.8302649659098933,0.5535099772732617,0.0641390129324694,0.042657889049845715,0.055948100386553956,1.277040393968178,0.1410411278572443,0.007243254652564908,0.7034576691715336,0.3379648394346767,-0.0034067041194530065,0.04303332590217129,3.0481307826723416,2.316798165039775,2.2040115471796375,0.11278661786013747,1.4068653924878407,0.8441192354927042,0.5627461569951365,0.06246374098921941,0.04123867661772368,0.054444539915483404,1.2888071675255761,0.13317890036958016,0.007330375091036517
2127,0.6919415278139688,0.3355052809697091,0.003948828957627347,0.04232883657050009,2.957236060789898,2.2450273273527634,2.126960386513477,0.11806694083928632,1.3837927904607008,0.8302756742764208,0.55351711618428,0.06414456499601662,0.04266259249971957,0.05595275723722508,1.2770018654782023,0.14103455759484676,0.0072429925716795285,0.7034209336069503,0.3379584958573038,-0.0034189029395827117,0.04303107872364989,3.047866291727854,2.316551172201405,2.203744059483836,0.1128071127175693,1.4068703870733634,0.8441222322440178,0.5627481548293456,0.062469805522058656,0.04124381420773414,0.05444970456450052,1.2887640570280747,0.13317269121255854,0.0073301137462755735
2128,0.6919099752615071,0.3354987833086125,0.0039330557942583375,0.04232690642825908,2.957028450670501,2.244829198108347,2.126747360484046,0.11808183762430063,1.3838018169774242,0.8302810901864548,0.5535207267909694,0.06414939251967772,0.042666682153118106,0.05595682303912801,1.2769683674059615,0.1410286277202988,0.0072427545905791035,0.7033880933467863,0.3379525979401596,-0.00343357434517097,0.043029069800026486,3.047628526085666,2.3163329086446076,2.203508005033216,0.11282490361139152,1.4068675350874174,0.8441205210524502,0.5627470140349672,0.06247510586606704,0.041248304412528386,0.05445423875800477,1.288726381963756,0.13316711021440863,0.007329877666196187
2129,0.6918827961834053,0.33549303404206343,0.003915270681450207,0.04232524379398825,2.956848052934964,2.24466019293311,2.126565874735774,0.1180943181973362,1.3838036303319834,0.8302821781991903,0.5535214521327931,0.06415346780320087,0.042670134543677025,0.05596027254522499,1.2769400909051565,0.1410235176373829,0.0072425479943598065,0.7033598679188542,0.33794744894130024,-0.0034503706831905956,0.043027343149202375,3.0474212460667447,2.3161462132220776,2.2033062059179254,0.11284000730415232,1.4068584002480329,0.8441150401488194,0.5627433600992134,0.06247961899876309,0.04125212772853141,0.054458121415426095,1.288694304708395,0.13316231953197,0.007329673896433117
2130,0.6918605862777065,0.3354882685712456,0.0038960700786737773,0.0423238851115261,2.9566983578405583,2.2445228232864434,2.126418461919278,0.11810436136716518,1.3837998265354663,0.83027989592128,0.5535199306141863,0.06415676131693235,0.04267292465524781,0.055963077807697846,1.2769172399414312,0.1410193591287313,0.007242378460760189,0.7033368242648779,0.3379432758912737,-0.0034687014910224495,0.04302593345590994,3.0472477662678212,2.3159934552164225,2.203141045983621,0.1128524092328016,1.4068445338070008,0.8441067202842002,0.5627378135228006,0.06248332034635825,0.041255263337973094,0.054461329022688576,1.288667998808,0.13315843681852269,0.00732950786082584
2131,0.6918437830127926,0.3354846537959258,0.0038762079590324433,0.042322857145960506,2.9565822370695223,2.2444189982262555,2.1263070603870453,0.11811193783921031,1.383791961137461,0.8302751766824767,0.5535167844549842,0.06415924806546285,0.042675031312882875,0.05596521393119993,1.2768999871616442,0.141016245192826,0.00724225009703525,0.7033193691064413,0.3379402373702811,-0.0034878151940247043,0.04302486560435479,3.047110759903712,2.3158763817216026,2.2030142927361465,0.11286208898545597,1.4068274452792762,0.8440964671675655,0.5627309781117107,0.06248618993857013,0.04125769432295952,0.054463841204718394,1.2886476052554385,0.133155543428811,0.007329383404742495
2132,0.6918326450775822,0.33548229198833357,0.003856490504403322,0.04232217572636188,2.9565016816806904,2.2443498072884442,2.1262327687049263,0.11811703858351806,1.3837815216262732,0.8302689129757641,0.5535126086505091,0.06416091519249338,0.04267644362532396,0.0559666658435482,1.2768884211613247,0.1410142303155562,0.0072421653698636155,0.7033077290746369,0.3379384276282819,-0.003506905244413709,0.04302415346251414,3.0470119957468302,2.315795900000344,2.2029268510032485,0.11286904899709548,1.4068085745726366,0.8440851447435818,0.5627234298290549,0.06248821975492268,0.0412594138889166,0.05446564727580473,1.2886331803101045,0.13315368480401873,0.007329302734727406
2133,0.6918272372541342,0.33548121935559294,0.0038376796588787537,0.0423218448203021,2.956457660584189,2.244315407329746,2.1261957214966913,0.11811968583305475,1.3837698984791624,0.8302619390874976,0.5535079593916649,0.06416176522645775,0.04267716373454254,0.055967431201573714,1.276882523993298,0.14101332769675115,0.007242125008762194,0.7033019363726769,0.33793787541626225,-0.0035252070769028893,0.04302379900498736,3.0469521987793193,2.315751966609835,2.2028786410211394,0.11287332558869556,1.4067892629303005,0.84407355775818,0.5627157051721204,0.06248941680377843,0.041260427973002944,0.05446674900401159,1.2886246736418445,0.13315286804062823,0.00732926633045555
2134,0.6918274387138866,0.3354814046068747,0.0038204357513305573,0.042321857041255864,2.9564502005396185,2.244315108816852,2.1261951868903743,0.1181199219264776,1.3837583560820732,0.830255013649244,0.5535033424328292,0.06416181309197647,0.04267720428398257,0.05596751787801205,1.27688219191137,0.14101350792722164,0.007242128035699909,0.7033018379389354,0.3379385427905153,-0.003542055800703041,0.04302379287342417,3.046931136956112,2.3157436799799838,2.202868702609029,0.1128749773709552,1.406770723911806,0.8440624343470833,0.5627082895647226,0.062489800122537555,0.041260752702818065,0.05446715808704307,1.2886219496579732,0.13315306079734632,0.0073292729800683385
2135,0.6918329813146082,0.33548275805900907,0.0038053062291551337,0.04232219599114671,2.956478613893049,2.2443476030036247,2.1262298089630627,0.11811779404056214,1.3837480082166436,0.8302488049299863,0.5534992032866572,0.06416108091599304,0.04267658401856099,0.05596693967394517,1.2768872713964905,0.14101470398000093,0.007242172066770278,0.7033071347294679,0.3379403344365073,-0.003556897813504406,0.04302411677936003,3.0469478583566527,2.3157695161557292,2.2028954468916053,0.11287406926412412,1.4067540191084125,0.8440524114650472,0.5627016076433653,0.0624893956511035,0.041260410053441075,0.05446689191678083,1.2886248239253135,0.13315419608678813,0.007329320086989166
2136,0.6918434981743876,0.3354851492913125,0.0037927391136788335,0.0423228392314682,2.9565417169324952,2.2444111836335505,2.1262978347377546,0.11811334889579582,1.383739803657901,0.8302438821947408,0.5534959214631602,0.06415959478620378,0.04267532503856006,0.05596571382084366,1.2768975816288077,0.14101682124525333,0.007242253758857868,0.7033174312446054,0.3379431154878433,-0.003569277767225376,0.043024746533614336,3.047000918413518,2.3158275584296995,2.202956891927439,0.11287066650226041,1.406740044143465,0.8440440264860787,0.5626960176573863,0.06248823301849554,0.041259425125198326,0.05446597109731201,1.2886330859859392,0.1331561817510104,0.007329404121896657
2137,0.6918585569315964,0.3354884257540702,0.003783094626464756,0.042323760317571235,2.9566378973979868,2.244503827797783,2.126397183641793,0.11810664415598982,1.3837345229269886,0.8302407137561933,0.5534938091707953,0.0641573861046241,0.04267345394630598,0.05596386245113284,1.2769129050755323,0.14101974827775363,0.007242369183869773,0.7033322695282191,0.33794673021800853,-0.003578827321757669,0.04302565412580581,3.047088452972914,2.315915582979147,2.20305073738609,0.11286484559305719,1.4067295259780397,0.8440377155868235,0.5626918103912162,0.0624863467990818,0.04125782720788555,0.054464420824174846,1.2886464904053514,0.1331589105679119,0.007329521002400573
2138,0.6918776658199061,0.3354924281997403,0.003776642691281286,0.04232492917002656,2.956764970715284,2.24462307974468,2.1265253015029186,0.11809777824176126,1.383732782020609,0.8302396692123655,0.5534931128082434,0.06415449842813851,0.042671007641164424,0.055961418765497734,1.2769329400028844,0.14102336498435852,0.007242514023321619,0.7033511357461412,0.3379510175033508,-0.003585267841821331,0.04302680812650976,3.047208035641904,2.316030943360408,2.2031742192703763,0.1128567240900317,1.40672302728588,0.8440338163715276,0.5626892109143523,0.062483783104364095,0.04125565536502136,0.054462276832578524,1.2886647098962922,0.1331622679529325,0.007329666293811446
2139,0.6919002589396016,0.33549700226498713,0.003773546844379666,0.04232631117350748,2.9569198904889378,2.244765799273261,2.12667886829942,0.11808693097384093,1.383735036982529,0.8302410221895176,0.5534940147930114,0.06415099772812191,0.042668042011014214,0.055958436111484725,1.2769572292457143,0.1410275469081626,0.007242683610623855,0.7033734458428447,0.33795582244466127,-0.0035884264435270194,0.04302817280971952,3.047356386363145,2.316170316846785,2.2033238153392336,0.11284650150755145,1.4067209517065202,0.8440325710239117,0.5626883806826085,0.062480609504451716,0.04125296683885798,0.05445959418253089,1.2886872647606977,0.13316613603256972,0.0073298352586472805
2140,0.6919256785546007,0.3355020042906396,0.0037738430258086528,0.04232786609390429,2.957098504655362,2.244927947377622,2.1268535536120443,0.1180743937655774,1.3837415850721964,0.830244951043318,0.5534966340288784,0.06414698027524332,0.04266463861188624,0.055954994922943896,1.276985105421572,0.14103216557350493,0.00724287289702615,0.7033985281678694,0.3379610022319555,-0.0035882569797425073,0.04302970709010792,3.047529126322412,2.316329488623265,2.2034949988997505,0.11283448972351445,1.406723545704437,0.8440341274226617,0.5626894182817752,0.06247692263739865,0.041249843496657695,0.05445645395955786,1.2887134687334163,0.13317039404805656,0.007330022828453641
2141,0.6919531730788971,0.3355073033407681,0.0037774248742426728,0.04232954795530246,2.957295507973396,2.245104546822946,2.1270439706078577,0.1180605762150882,1.383752562275897,0.8302515373655385,0.5535010249103586,0.06414257426184394,0.04266090604236661,0.05595120417093588,1.2770156795674512,0.1410370876553692,0.007243076462243673,0.7034256217793319,0.33796642820310874,-0.0035848545550795086,0.043031364419409676,3.047720732488866,2.3165033138750957,2.203682194428326,0.11282111944676987,1.4067308967675671,0.84403853806054,0.5626923587070272,0.06247284973127733,0.04124639312012298,0.05445296463642564,1.288742418061415,0.13317491764719963,0.007330223617282476
2142,0.6919819269488919,0.33551278495905457,0.003784049251300034,0.04233130686754417,2.9575046733393435,2.245289895459361,2.1272439089408914,0.1180459865184697,1.3837679406640868,0.8302607643984523,0.5535071762656345,0.06413793389630724,0.04265697494062171,0.055947196296439,1.2770478820051423,0.14104217671054345,0.0072432887149593205,0.703453906661826,0.3379719896206746,-0.0035784500441386827,0.04303309463512035,3.0479247755196353,2.316685936684086,2.2038790166516296,0.11280692003245658,1.4067429314466766,0.8440457588680057,0.5626971725786709,0.06246854282139408,0.04124274450649046,0.05444925710553785,1.288773032495401,0.1331795805373952,0.00733043212151149
2143,0.6920111298870185,0.33551836052303674,0.0037933666531638904,0.042333093263424215,2.957719386032859,2.2454780543233817,2.1274468668403848,0.11803118748299696,1.3837875319874566,0.8302725191924741,0.5535150127949825,0.06413322609775267,0.04265298671276206,0.05594311577106169,1.2770805545821253,0.14104730004270472,0.007243504363984583,0.7034825733080464,0.33797760297486157,-0.0035693801292806943,0.04303484821714381,3.0481344652365454,2.316871287818473,2.2040788134559213,0.11279247436255165,1.406759419634374,0.8440556517806241,0.5627037678537499,0.062464165791842594,0.041239036490738,0.0544454735276768,1.2888041473113714,0.1331842608750041,0.007330643185989509
2144,0.6920400758147345,0.33552398443904485,0.003804967812540694,0.04233486394950425,2.957933363558444,2.2456635032189887,2.1276467606987746,0.11801674252021405,1.383811004766115,0.8302866028596692,0.5535244019064458,0.06412861361845879,0.0426490792349444,0.05593910462041887,1.2771125677621349,0.1410523418712039,0.007243719131071147,0.703510921792274,0.33798322900281447,-0.003558041671250775,0.04303658234842354,3.0483433837558938,2.317053751734022,2.204275388356366,0.11277836337765611,1.4067799923325461,0.8440679953995275,0.5627119969330187,0.06245987796675243,0.04123540404485406,0.054441753244523494,1.2888346299148903,0.13318885346237974,0.00733085270802228
2145,0.6920682722411787,0.3355296811668759,0.0038184351327388705,0.04233658879764804,2.9581413561140666,2.245841778794126,2.127838604442596,0.11800317435153006,1.3838379194524506,0.8303027516714705,0.5535351677809801,0.06412424078578778,0.042645374774593785,0.05593529030660552,1.2771429196052129,0.14105722206416016,0.007243930623012346,0.7035384710845165,0.33798889940561533,-0.00354484167988698,0.04303826760191936,3.0485461973396855,2.3172288142445936,2.2044636908650377,0.11276512337955602,1.4068041774577462,0.8440825064746476,0.5627216709830987,0.06245582027759786,0.04123196655942547,0.05443822101094688,1.2888634781994694,0.13319328707592878,0.007331058499213101
2146,0.6920955480164428,0.33553558308144904,0.003775713776331034,0.04233825733649343,2.9583396998541986,2.246009980900796,2.128019030680934,0.11799095021986208,1.383867781955441,0.8303206691732647,0.5535471127821763,0.06412022563315199,0.04264197332412447,0.055931779261412476,1.2771707904562215,0.14106191830484605,0.007244139308472824,0.7035650665758736,0.3379947543301457,-0.0035888003476767932,0.04303989451814004,3.0487392170750174,2.3173935748783014,2.2046403447176925,0.11275323016060868,1.406831453928875,0.8440988723573248,0.5627325815715503,0.0624521076759324,0.04122882141605912,0.05443498075447632,1.2888898745554236,0.1331975449858872,0.0073312612534145415
2147,0.6920848140011773,0.33553901422267657,0.003765638838948225,0.04233760067148849,2.9582122133076223,2.2458811666914134,2.127872145289711,0.11800902140170222,1.3839001133631852,0.8303400680179113,0.5535600453452739,0.06412496051930186,0.04264598449933435,0.055935829267331476,1.2771379237463258,0.1410615501132328,0.007244117543243294,0.7035538500437851,0.3379982623848395,-0.0035986725013422566,0.043039208328542466,3.048602050588759,2.317257454831661,2.204485257478062,0.11277219735359903,1.4068613218511623,0.8441167931106972,0.5627445287404651,0.06245687902279665,0.04123286347908954,0.05443907766278916,1.2888559507865582,0.13319717058272584,0.007331239970438733
2148,0.6920753690800696,0.33554194162916173,0.003756879134498209,0.04233702286729392,2.9581003536595816,2.245768825245829,2.1277441147633205,0.11802471048250873,1.3839270648271018,0.8303562388962612,0.5535708259308406,0.06412907667029633,0.0426494715109132,0.05593935341276103,1.277109353722603,0.14106109733618885,0.007244097425204548,0.7035439595191948,0.3380012628877929,-0.003607237101605258,0.04303860325777063,3.0484813380783153,2.317138467238927,2.204349762273434,0.11278870496549334,1.4068859596748031,0.8441315758048816,0.5627543838699215,0.06246103669143604,0.041236385662485164,0.054442651714280615,1.288826392113294,0.13319672361681437,0.007331220200616951
2149,0.6920671350437351,0.3355444969547997,0.003749386096211643,0.042336519135273004,2.9580021194882278,2.2456708553382367,2.1276324601919843,0.11803839514625257,1.3839494321604058,0.8303696592962435,0.5535797728641623,0.06413266700492701,0.04265251307533735,0.05594243156232064,1.2770844347350427,0.14106070360058062,0.007244079916468876,0.7035353102041183,0.33800388592345665,-0.003614556843360865,0.04303807411423015,3.048374981536824,2.317034426505519,2.204231288170127,0.112803138335392,1.4069061556111622,0.844143693366697,0.5627624622444651,0.06246467223294867,0.04123946552407601,0.05444578168836542,1.2888005469248087,0.13319633214770324,0.007331202897812266
2150,0.6920600007260861,0.335546760840748,0.003742994433208059,0.04233608267491365,2.9579158135854566,2.2455854306640446,2.127535064013589,0.11805036665045561,1.3839679159531122,0.8303807495718674,0.5535871663812448,0.0641358052483133,0.04265517164909716,0.05594512647044596,1.2770626545639656,0.14106037195532334,0.007244065266103864,0.7035277875463837,0.33800621190883273,-0.0036207954748535692,0.04303761389028155,3.0482812098167216,2.3169434439664127,2.2041276485622,0.11281579540421278,1.4069226020908694,0.8441535612545213,0.562769040836348,0.06246785824429694,0.04124216456463031,0.05444852947973008,1.2887778985778522,0.13319599894516113,0.0073311883251674995
2151,0.6920538547104089,0.33554878984819275,0.0037375574903751943,0.04233570667041182,2.957839999006183,2.245510985253571,2.127450124304372,0.11806086094919897,1.383983124503018,0.8303898747018109,0.5535932498012072,0.06413855200157813,0.04265749857064389,0.05594748945441339,1.2770435922273342,0.14106010112653114,0.007244053468832787,0.7035212773273798,0.33800829749920397,-0.0036260979780492336,0.04303721559873087,3.048198520498937,2.316863899149264,2.204036980864302,0.11282691828496215,1.406935899391059,0.8441615396346351,0.5627743597564239,0.06247065450603765,0.041244533427453975,0.05445094580765123,1.2887580216961005,0.13319572278732117,0.0073311764918491135
2152,0.6920485871867551,0.3355506243656092,0.0037329446645348596,0.04233538440428594,2.9577734177559556,2.245446143129677,2.1273760679590765,0.11807007517060031,1.3839955829947983,0.8303973497968791,0.5535982331979192,0.0641409585806135,0.04265953731241334,0.05594956381794951,1.277026891295221,0.14105988711574613,0.0072440443580889914,0.7035156673913203,0.33801018334245764,-0.003630593223175854,0.04303687237860344,3.0481255974087316,2.3167943681710677,2.2039576584582745,0.11283670971279328,1.406946564917429,0.8441679389504572,0.5627786259669719,0.062473111692271203,0.041246615041286724,0.05445307352550717,1.2887405557526552,0.13319549993731625,0.007331167245575152
2153,0.6920440908290624,0.33555229312438667,0.003729039348754841,0.042335109311027325,2.9577149446372695,2.2453896765596078,2.127311499357668,0.11807817720194003,1.3840057421326697,0.8304034452796019,0.5536022968530678,0.06414306925655444,0.04266132537885093,0.055951386835956705,1.2770122443108693,0.1410597240326641,0.007244037658181511,0.7035108484477116,0.33801189852517716,-0.0036343960585906304,0.04303657754422939,3.048061263516446,2.316733581034237,2.2038882383740765,0.11284534266016055,1.40695504190395,0.8441730251423697,0.5627820167615804,0.06247527354596742,0.04124844646313706,0.054454949548320086,1.2887251895759841,0.1331953249162797,0.007331160324687187
2154,0.6920402620422028,0.3355538164468553,0.003725737476084477,0.0423348750533812,2.9576635609273674,2.2453404812769246,2.1272551692762383,0.11808531200068662,1.3840139860852152,0.8304083916511292,0.553605594434086,0.06414492270340208,0.04266289553277075,0.05595299103323903,1.276999382722868,0.14105960471096404,0.0072440330251323445,0.7035067152674568,0.3380134637847052,-0.003637608794516356,0.043036324658406205,3.0480044538576276,2.3166803961066518,2.2038274294157696,0.11285296669088224,1.4069617074030973,0.8441770244418582,0.5627846829612392,0.06247717829160353,0.041250060075003286,0.05445660610100336,1.2887116512862997,0.1331951910780512,0.0073311553990101155
2155,0.6920370025036934,0.33555520865414695,0.0037229465839700784,0.042334675616654986,2.9576183416148014,2.245297563372373,2.127205957683721,0.11809160568865247,1.384020639885134,0.8304123839310806,0.5536082559540534,0.06414655290699935,0.04266427656539739,0.05595440498418626,1.2769880705611962,0.14105952127414076,0.007244030080271986,0.7035031681779417,0.3380148938947808,-0.0036403221734824937,0.04303610762385473,3.0479542021485546,2.316633786415118,2.2037740743187877,0.11285971209633001,1.4069668797162789,0.8441801278297671,0.5627867518865117,0.062478859527914904,0.041251484340170536,0.05445807150405382,1.2886997019333053,0.1331950911348833,0.0073311521033896775
2156,0.6920342210943048,0.3355564800859773,0.003720585263492171,0.042334505426817465,2.9575784511882546,2.2452600337322695,2.1271628653498387,0.11809716838243096,1.3840259763973595,0.8304155858384159,0.5536103905589436,0.06414798975809738,0.042665493798784274,0.055955653833490444,1.2769781003095362,0.14105946570658723,0.007244028441847001,0.7035001149417525,0.3380161996628361,-0.0036426159634557337,0.0430359207981444,3.047909636068993,2.3165928335962525,2.2037271408408494,0.11286569275540322,1.4069708253802393,0.8441824952281435,0.5627883301520958,0.06248034681380435,0.04125274429956574,0.05445937068810437,1.2886891313190736,0.13319501768493575,0.007331150069064465
2157,0.6920318352372108,0.3355576385794838,0.0037185825486681853,0.042334359432416396,2.9575431407811195,2.245227103331548,2.1271250069952288,0.1181020963363195,1.3840302229764845,0.8304181337858909,0.5536120891905936,0.06414925950629757,0.04266656947037219,0.055956759688848536,1.2769692897459477,0.14105943029075832,0.0072440277477628726,0.7034974720485884,0.3380173893900312,-0.0036445596016842774,0.04303575907272132,3.0478699739639494,2.3165567227691715,2.2036857144656103,0.11287100830356121,1.4069737658305657,0.8441842594983392,0.5627895063322265,0.062481666117557344,0.04125386195231193,0.05446052558274209,1.2886797547955182,0.13319496361389524,0.0073311489461717555
2158,0.6920297716592059,0.3355586906410435,0.0037168772388411694,0.04233423315113987,2.9575117436612857,2.245198076949684,2.1270916030255185,0.11810647392416596,1.3840335677262783,0.8304201406357672,0.5536134270905111,0.06415038519951713,0.04266752310528406,0.05595774199787695,1.2769614788862524,0.14105940799671235,0.007244027671990013,0.7034951654332413,0.33801847002336327,-0.0036462129005487565,0.04303561791682591,3.0478345199438355,2.3165247358834633,2.2036489897494995,0.11287574613396374,1.4069758836572268,0.8441855301943358,0.562790353462891,0.062482840249020365,0.041254856621849606,0.05446155548738374,1.2886714101852768,0.13319492245033684,0.0073311484199203945
2159,0.6920279667713327,0.33555964218692863,0.0037154172403540756,0.042334122693098414,2.9574836725236895,2.245172348339843,2.127061973352394,0.11811037498744872,1.3840361652854918,0.8304216991712953,0.5536144661141965,0.06415138698837354,0.04266837177418531,0.05595861780279335,1.2769545278664478,0.14105939276931734,0.007244027934394883,0.7034931308163115,0.33801944788141763,-0.0036476267288329187,0.043035493398332514,3.0478026608225184,2.3164962465612002,2.203616263795627,0.11287998276557315,1.4069773283781526,0.8441863970268914,0.5627909313512612,0.06248388916048413,0.041255745210830974,0.054462477323325736,1.288663955637516,0.13319488862503798,0.007331148220194607
2160,0.692026366943254,0.33556049900580065,0.0037141589138540917,0.042334024777606866,2.957458419146759,2.245149397522623,2.1270355338800333,0.11811386364258976,1.3840381421112093,0.8304228852667258,0.5536152568444835,0.0641522823064084,0.042669130245961126,0.05595940188477955,1.276948315687915,0.14105937966605098,0.007244028307078645,0.7034913139434056,0.33802032910746127,-0.0036488436755535286,0.043035382198380434,3.0477738654533333,2.316470717103278,2.2035869324311737,0.11288378467210447,1.4069782217035995,0.8441869330221595,0.56279128868144,0.06248483012760794,0.04125654235439069,0.0544633057792009,1.2886572683376085,0.13319485759420446,0.00733114812769152
2161,0.692024928219047,0.33556126695506444,0.003713066252832728,0.04233393671579727,2.957435551988869,2.245128786219107,2.127011791215625,0.11811699500348183,1.3840396012887393,0.8304237607732439,0.5536158405154954,0.06415308605300134,0.0426698111426726,0.05596010690838728,1.2769427389449328,0.14105936484729975,0.007244028614915482,0.7034896702745362,0.33802111986230116,-0.0036498988684707176,0.04303528159237225,3.0477476820059555,2.31644769364442,2.203560484612803,0.11288720903161652,1.4069786623219207,0.8441871973931523,0.5627914649287684,0.06248567793256329,0.04125726057529655,0.054464053456211275,1.2886512432020507,0.13319482582781042,0.0073311479743686245
2162,0.6920236155147929,0.3355619520014894,0.003712109977467737,0.04233385636153099,2.957414710612289,2.2451101505655475,2.126990334530084,0.11811981603546383,1.384040626803675,0.8304243760822052,0.5536162507214697,0.06415381082877121,0.04267042513897763,0.055960743611185186,1.2769377101887942,0.14105934553174282,0.007244028731666088,0.7034881641647606,0.3380218263657197,-0.003650820871900301,0.043035189399849086,3.0477237320741746,2.3164267985986813,2.203536493987393,0.11289030461128852,1.406978730144636,0.8441872380867814,0.5627914920578545,0.06248644509717172,0.041257910481453074,0.05446473105652908,1.288645791218884,0.13319479076608587,0.0073311476395863055
2163,0.6920224017210954,0.3355625601982054,0.00371126668059793,0.04233378205649597,2.9573955996952974,2.2450931937120306,2.126970827359538,0.11812236635249285,1.3840412872262657,0.8304247723357597,0.553616514890506,0.06415446716143601,0.04267098115346905,0.055961320986296234,1.27693315635874,0.141059319934117,0.007244028574910541,0.703486767954563,0.33802245487649507,-0.003651632530600857,0.04303510392884567,3.0477017043932215,2.3164077230107387,2.203514610415347,0.11289311259539173,1.4069784899631246,0.8441870939778747,0.5627913959852499,0.0624871421064332,0.041258500955264316,0.054465347564511796,1.2886408378570637,0.13319475076021053,0.007331147045114145
2164,0.6920212667756802,0.33556309758500735,0.0037105179980906136,0.04233371257347539,2.9573779834448697,2.2450776790019304,2.1269530001361545,0.11812467886577585,1.3840416388478582,0.8304249833087153,0.553616655539143,0.06415506369762078,0.04267148651116518,0.05596184643617402,1.276929017449642,0.14105928713248328,0.007244028100014551,0.7034854610348584,0.33802301159811937,-0.003652351782962651,0.04303502391869424,3.047681348987661,2.316390219517123,2.203494552253026,0.11289566726409693,1.4069779945577248,0.8441867967346348,0.56279119782309,0.06248777759879154,0.041259039314817884,0.05446591039982037,1.2886363217127195,0.1331947049494024,0.0073311461492042655
2165,0.6920201966298358,0.33556357012239807,0.003709849764217371,0.04233364705312204,2.957361678261412,2.2450634218809964,2.1269366412704866,0.11812678061050984,1.3840417283182085,0.8304250369909254,0.5536166913272831,0.06415560744144297,0.0426719471456284,0.055962325969381305,1.2769252448554995,0.14105924691172914,0.007244027293877027,0.7034842288101649,0.3380235026179744,-0.003652992485111188,0.04303494847659896,3.0476624695925993,2.3163740940553055,2.203476097207245,0.11289799684806051,1.406977287308924,0.8441863723853544,0.5627909149235695,0.06248835860063811,0.04125953151254558,0.05446642561128012,1.2886321928414164,0.1331946531170368,0.007331144940487245
2166,0.6920191820311639,0.3355639836209519,0.003709251174750801,0.042333584929494406,2.9573465434451154,2.245050280293323,2.1269215865577022,0.11812869373562102,1.3840415948123548,0.8304249568874131,0.5536166379249416,0.06415610403941817,0.04267236784032398,0.05596276443928837,1.276921799391863,0.1410591996202985,0.007244026167638831,0.7034830614826633,0.3380239338420968,-0.003653565227040169,0.043034877003252196,3.047644914133482,2.3163591960741376,2.2034590715294433,0.11290012454469447,1.406976404340064,0.8441858426040386,0.5627905617360255,0.062488890804653786,0.041259982371021735,0.054466898110473574,1.2886284107792112,0.1331945955590115,0.007331143430877493
2167,0.6920182174233247,0.33556434373220334,0.0037087140541434277,0.0423335258627497,2.957332471923396,2.245038145405427,2.1269077088809847,0.11813043652444213,1.384041271737352,0.8304247630424114,0.5536165086949406,0.0641565580680204,0.042672752472227723,0.05596316578769151,1.2769186493000835,0.1410591460577884,0.007244024750665836,0.70348195295508,0.3380243109902438,-0.0036540780468148973,0.0430348091257195,3.0476285652612587,2.3163454091006046,2.2034433395397044,0.11290206956090017,1.4069753762025905,0.8441852257215544,0.5627901504810361,0.06248937884989752,0.04126039582024121,0.05446733190936363,1.2886249425515521,0.13319453298090408,0.007331141649750602
2168,0.6920172998644858,0.3355646559202139,0.003708232157829179,0.04233346967298153,2.9573193811762484,2.245026932700386,2.1268949083472792,0.11813202435310682,1.384040788048282,0.8304244728289693,0.5536163152193126,0.06415697330569106,0.04267310424225938,0.05596353327604919,1.2769157683596521,0.1410590873317358,0.007244023084429542,0.7034808997542492,0.33802463957201084,-0.0036545371072436786,0.04303474463158996,3.0476133311094253,2.3163326416970738,2.2034287936054167,0.11290384809165702,1.4069742291733476,0.8441845375040086,0.562789691669339,0.0624898265864212,0.04126077512178881,0.05446773034555015,1.2886217607923487,0.13319446636732654,0.007331139638025447
2169,0.6920164281999952,0.3355649254445264,0.0037078006400630345,0.0423334162896096,2.9573072062095953,2.24501657511428,2.1268831046797847,0.11813347043449532,1.384040169216351,0.8304241015298107,0.5536160676865404,0.06415735294349505,0.042673425853740586,0.05596386966482374,1.2769131344263442,0.14105902474688198,0.007244021217875313,0.7034799002084267,0.33802492487408237,-0.003654947211405933,0.04303468341864991,3.0475991381323797,2.316320820489017,2.2034153464082618,0.11290547408075507,1.406972986206863,0.8441837917241177,0.5627891944827452,0.06249023728046243,0.04126112304266903,0.054468096257218095,1.288618842285461,0.1331943968813233,0.0073311374437002984
2170,0.6920156024537305,0.3355651573316672,0.0037074156379811804,0.04233336571414692,2.957295894592451,2.245007018160395,2.126872231831622,0.11813478632877308,1.384039437934715,0.830423662760829,0.5536157751738859,0.06415769973134548,0.04267371963626983,0.05596417733759389,1.276910728417486,0.1410589596909724,0.0072440192038475335,0.7034789538421341,0.3380251719359191,-0.003655312203592234,0.043034625457863844,3.0475859260339133,2.3163098852027235,2.203402925457196,0.11290695974552765,1.406971667627862,0.8441830005767172,0.5627886670511448,0.06249061375737066,0.04126144197638647,0.05446843210466537,1.288616166948775,0.13319432576069595,0.007331135118408857
2171,0.6920148233909308,0.3355653563508872,0.0037070739662592098,0.042333317993457346,2.957285402946213,2.2449982164683746,2.126862234167019,0.11813598230135561,1.3840386146319898,0.8304231687791939,0.553615445852796,0.06415801608095273,0.04267398763293587,0.05596445838831176,1.276908533597532,0.14105889354520576,0.007244017096482171,0.703478060941238,0.3380253855292713,-0.0036556352632643035,0.043034570766769316,3.047573644165661,2.316299785132503,2.2033914691855596,0.11290831594694328,1.4069702916335025,0.8441821749801015,0.562788116653401,0.06249095850271074,0.04126173402859597,0.05446874005617737,1.2886137171155527,0.13319425423686088,0.007331132714912729
2172,0.6920140921603926,0.3355655270003412,0.0037067728805047703,0.042333273197867505,2.95727569396444,2.244990130886043,2.1268530632562532,0.11813706762978962,1.3840377178469774,0.8304226307081864,0.5536150871387909,0.06415830415339369,0.0426742316745025,0.05596471469585434,1.2769065349703865,0.14105882762123478,0.007244014949135997,0.7034772221969587,0.3380255701474283,-0.0036559191332281513,0.04303451938769998,3.047562248470491,2.3162904761820204,2.203380923675451,0.1129095525065696,1.4069688746583997,0.8441813247950398,0.5627875498633599,0.062491273748247214,0.04126200108994463,0.05446902206137812,1.2886114769232668,0.13319418347784467,0.007331130285113592
2173,0.6920134099657763,0.33556567348739486,0.0037065098896905332,0.04233323140105961,2.9572667337202936,2.2449827258932133,2.1268446750236785,0.11813805086953488,1.384036764494358,0.830422058696615,0.5536147057977431,0.06415856593572124,0.042674453444308445,0.05596494798935704,1.2769047187477973,0.14105876311976104,0.007244012812410794,0.7034764383792389,0.3380257299882955,-0.0036561663010896694,0.04303447136780442,3.0475516987266045,2.316281918228353,2.2033712397474337,0.11291067848091921,1.4069674316319514,0.8441804589791708,0.5627869726527805,0.06249156154705301,0.041262244899700276,0.054469279915410576,1.2886094317797576,0.1331941145508055,0.007331127878153383
2174,0.6920127778046034,0.33556579970914885,0.003706282620534955,0.04233319266410492,2.957258489556527,2.2449759675898493,2.1268370275336803,0.1181389400561689,1.3840357700380774,0.8304214620228465,0.5536143080152309,0.06415880329969206,0.04267465452801889,0.0559651598983423,1.2769030719418377,0.14105870110435936,0.007244010732544213,0.7034757100779232,0.3380258689374253,-0.003656379130532357,0.04303442674321324,3.047541956389193,2.3162740730729614,2.203362370702431,0.11291170237053055,1.4069659761446038,0.8441795856867624,0.5627863904578414,0.06249182383111537,0.04126246709455261,0.05446951530821237,1.288607567953794,0.13319404839843074,0.007331125538870698
2175,0.6920121961660272,0.33556590920175716,0.0037060886758772463,0.04233315701697529,2.957250927954921,2.2449698216725147,2.1268300787978065,0.11813974287470802,1.3840347485951907,0.8304208491571146,0.5536138994380762,0.06415901805434591,0.042674836458168094,0.055965351997285834,1.2769015820000602,0.1410586424610125,0.00724400874925147,0.703475037403364,0.3380259905202142,-0.003656559997606723,0.04303438552072396,3.0475329824168074,2.316266902385447,2.2033542700893705,0.11291263229607656,1.406964520545728,0.844178712327437,0.5627858082182909,0.06249206246286241,0.04126266925226406,0.054469729868289726,1.2886058722088531,0.13319398580218722,0.007331123305712532
2176,0.6920116648643141,0.3355660051080506,0.003705925572963273,0.04233312444835659,2.957244013406563,2.2449642523678786,2.1268237856252368,0.11814046674264178,1.3840337129688773,0.8304202277813264,0.5536134851875509,0.06415921197253059,0.042675000736630234,0.055965525828067526,1.2769002366214224,0.14105858788693454,0.007244006894489496,0.7034744198215152,0.3380260978717049,-0.003656711350511453,0.04303434766771316,3.0475247361107782,2.316260366614025,2.203346890527681,0.11291347608634386,1.406963075971828,0.8441778455830969,0.562785230388731,0.06249227926146673,0.041262852913952985,0.05446992518505517,1.2886043316161517,0.1331939273723166,0.007331121209542531
2177,0.6920111829431914,0.3355660901467173,0.003705790703161259,0.04233309489979728,2.9572377079104073,2.244959221952973,2.1268181031234956,0.11814111882947764,1.3840326746448526,0.8304196047869116,0.553613069857941,0.0641593867994356,0.04267514884184864,0.05596568290693838,1.276899023697041,0.1410585378707063,0.007244005191618981,0.7034738560591444,0.33802619370768217,-0.0036568357477918187,0.04303431310633801,3.0475171745893523,2.316254424487852,2.2033401831859836,0.11291424130186811,1.4069616523389479,0.844176991403369,0.5627846609355789,0.062492476011770055,0.041263019591654265,0.05447010281619219,1.2886029334911793,0.1331938735298759,0.0073311192728321
2178,0.692010748755459,0.33556616661504823,0.0037056813747808406,0.04233306827057849,2.957231971677113,2.2449546914034317,2.1268129854157096,0.11814170598772229,1.3840316437690057,0.8304189862614034,0.5536126575076022,0.06415954423292038,0.04267528221217083,0.05596582470754165,1.2768979314466318,0.1410584927041075,0.007244003655861838,0.7034733441819747,0.33802628032831494,-0.0036569358172776414,0.04303428171831636,3.047510253473721,2.3162490336519657,2.2033340984835914,0.11291493516837439,1.406960258316882,0.8441761549901295,0.5627841033267525,0.06249265444608958,0.04126317075290638,0.05447026427197277,1.2886016655229386,0.1331938245176728,0.007331117510110691
2179,0.6920103600360866,0.3355662363964675,0.0037055948395320754,0.0423330444221854,2.9572267637190524,2.2449506209341865,2.126808386233134,0.11814223470105241,1.384030629143197,0.8304183774859182,0.5536122516572788,0.06415968590819968,0.04267540223287465,0.0559659526477278,1.2768969485247235,0.14105845248455823,0.007244002294773809,0.7034728816662964,0.3380263596263933,-0.003657014230389416,0.04303425334930722,3.047503927460299,2.31624415119456,2.2033285866673458,0.11291556452721457,1.4069589013215889,0.8441753407929535,0.5627835605286353,0.06249281623017371,0.0412633078088539,0.05447041100318796,1.2886005158737044,0.13319378040265084,0.007331115928431142
2180,0.6920100140135199,0.335566300987734,0.0037055283503899805,0.04233302318511581,2.95722204255168,2.244946970651668,2.126804259610023,0.11814271104164507,1.3840296382360946,0.8304177829416568,0.5536118552944378,0.06415981338315646,0.042675510223726024,0.055966068077157094,1.276896064122523,0.1410584171460024,0.007244001109128988,0.7034724655081377,0.33802643311453545,-0.0036570736476325624,0.04303422781558887,3.0474981510072845,2.316239734287654,2.2033235984936708,0.11291613579398363,1.4069575875226892,0.8441745525136137,0.5627830350090754,0.062492962949651745,0.041263432102768144,0.05447054438973478,1.2885994732752764,0.1331937411040891,0.007331114528236305
2181,0.6920097075135414,0.33556636152858593,0.003705479207511346,0.042333004365233615,2.957217766804997,2.2449437011160613,2.1268005604758833,0.11814314064017793,1.384028677215189,0.8304172063291135,0.5536114708860755,0.06415992812697363,0.04267560742934839,0.055966172267746896,1.276895268046752,0.141058386484448,0.007244000093789898,0.7034720923249991,0.3380265019545908,-0.0036571166754276532,0.04303420491028219,3.047492878932862,2.316235740739035,2.2033190858096328,0.11291665492940205,1.4069563218720482,0.8441737931232292,0.5627825287488191,0.06249309609957869,0.04126354490119017,0.05447066573185345,1.288598527103236,0.13319370641686326,0.007331113304210126
2182,0.6920094370610892,0.33556641883543825,0.0037054448013785213,0.04233298774999736,2.9572138957727643,2.244940773842041,2.126797245174937,0.11814352866710372,1.3840277509963785,0.8304166505978272,0.5536111003985513,0.06416003151153332,0.04267569501193638,0.05596626640652165,1.2768945507792944,0.1410583601856376,0.007243999238609022,0.7034717584553757,0.3380265669908058,-0.003657145825805286,0.04303418440943872,3.047488066951923,2.3162321294831214,2.2033150020620167,0.11291712742110455,1.4069551081498435,0.8441730648899063,0.5627820432599372,0.062493217076569886,0.04126364738726748,0.05447077624361106,1.288597667432814,0.13319367603660925,0.007331112246157494
2183,0.6920091991545697,0.3355664734637628,0.003705422726669551,0.04233297312524105,2.9572103912256327,2.2449381529569927,2.1267942732402574,0.11814387971673555,1.384026863308959,0.8304161179853755,0.5536107453235835,0.06416012477266977,0.04267577401843132,0.05596635156263135,1.2768939037459872,0.14105833787515326,0.007243998530559766,0.7034714602261162,0.33802662881053186,-0.003657163409363902,0.043034166088396164,3.0474836734632746,2.316228862216165,2.2033113040477135,0.11291755816845117,1.4069539490259346,0.8441723694155611,0.5627815796103736,0.06249332714244514,0.04126374062995512,0.05447087702195194,1.2885968852971998,0.13319364960503033,0.007331111341062842
2184,0.6920089902824852,0.335566525735547,0.0037054107521601945,0.042332960276191295,2.9572072172745196,2.244935805043914,2.1267916071891335,0.11814419785478075,1.384026016808977,0.8304156100853863,0.5536104067235907,0.06416020902080505,0.04267584538953105,0.055966428696597445,1.2768933192428142,0.14105831910954725,0.007243997954113915,0.7034711939711711,0.33802668777170203,-0.003657171562235717,0.04303414972292528,3.0474796594246367,2.3162259032521364,2.203307951723498,0.11291795152863832,1.4069528461685643,0.8441717077011388,0.5627811384674255,0.062493427434133816,0.04126382559240674,0.054470969055334946,1.2885961726171384,0.1331936267025744,0.0073311105734839375
2185,0.6920088070744713,0.3355665758090821,0.0037054068952944025,0.04233294899670678,2.95720434094347,2.244933699668901,2.126789213032724,0.11814448663617716,1.3840252131845765,0.830415127910746,0.5536100852738305,0.0641602852390525,0.042675909958083506,0.055966498659332786,1.276892790449046,0.14105830344131695,0.007243997492786562,0.7034709561779967,0.33802674407023686,-0.0036571721786262043,0.043034135098185815,3.047475988911741,2.3162232200375117,2.203304908704175,0.11291831133333666,1.4069518003459422,0.8441710802075656,0.5627807201383767,0.062493518962093,0.04126390313063452,0.05447105322299218,1.2885955222121492,0.13319360690655102,0.007331109927046029
2186,0.6920086463747775,0.3355666237185007,0.003705409421042742,0.0423329390937733,2.957201732418965,2.244931809576999,2.126787060450357,0.11814474912664222,1.384024453281013,0.830414671968608,0.5536097813124051,0.06416035428535788,0.04267596845090037,0.05596656219414224,1.2768923114123742,0.1410582904251515,0.007243997129946311,0.7034707435588651,0.33802679777876077,-0.003657166911905811,0.043034122013088885,3.047472629354067,2.3162207833364272,2.2033021424258985,0.11291864091052875,1.4069508115469476,0.8441704869281688,0.5627803246187788,0.062493602612693364,0.04126397399553051,0.054471130297148375,1.288594927783556,0.13319358979721693,0.0073311093852328705
2187,0.6920085052942629,0.33556666941477237,0.0037054168449859454,0.0423329303906846,2.957199365077988,2.2449301106891824,2.1267851227412673,0.11814498794791498,1.3840237372278674,0.8304142423367206,0.5536094948911469,0.06416041690115348,0.04267602149608861,0.055966619944400206,1.2768918769888584,0.14105827963730677,0.007243996849525033,0.7034705531006837,0.3380268488865895,-0.0036571571729526117,0.04303411028334461,3.04746955154833,2.3162185672158713,2.2032996240859144,0.11291894312995675,1.4069498791040258,0.8441699274624156,0.5627799516416102,0.06249367915682709,0.041264038840158654,0.054471200950663795,1.2885943838533072,0.13319357497533285,0.007331108932078274
2188,0.6920083812385553,0.3355667128036077,0.0037054279233409704,0.042332922728764696,2.957197215329825,2.2449285819299027,2.1267833765914648,0.11814520533843789,1.384023064563933,0.83041383873836,0.553609225825573,0.06416047372465775,0.04267606963431715,0.055966672465228,1.276891482750651,0.14105827068897667,0.00724399663656696,0.7034703820914079,0.338026897336638,-0.0036571441408130637,0.043034099743077606,3.047466729487193,2.3162165488628075,2.2032973283989365,0.11291922046387104,1.40694900181376,0.8441694010882561,0.5627796007255039,0.062493749262898454,0.04126409823075995,0.05447126576845311,1.288593885671657,0.13319356207423547,0.007331108552701458
2189,0.6920082719252391,0.3355667537788142,0.003705441638523689,0.04233291596841915,2.9571952624098605,2.244927205010653,2.1267818017967097,0.11814540321394335,1.384022434355251,0.8304134606131507,0.5536089737421003,0.06416052530459826,0.04267611333044251,0.05596672023549634,1.276891124890783,0.14105826323624798,0.007243996477670951,0.7034702281358048,0.3380269430578488,-0.0036571287774229203,0.04303409024579123,3.0474641401420124,2.316214708359167,2.203295233311613,0.11291947504755387,1.4069481780506659,0.8441689068303996,0.5627792712202663,0.06249381351015578,0.04126415265804663,0.05447132525915881,1.2885934291224188,0.13319355076879613,0.007331108233738266
2190,0.6920081753835701,0.3355667922481981,0.0037054571770640254,0.04233290998911768,2.957193488101245,2.2449259641457835,2.1267803809183805,0.11814558322740294,1.384021845304774,0.8304131071828644,0.5536087381219095,0.06416057211449325,0.042676152985607264,0.055966763670231026,1.2768908001240815,0.14105825698429694,0.007243996361260552,0.7034700891542675,0.33802698599037734,-0.003657111849336668,0.04303408166429495,3.047461763175387,2.3162130283909583,2.203293319651731,0.1129197087392277,1.4069474058727602,0.8441684435236562,0.5627789623491041,0.062493872402507734,0.04126420254890666,0.05447137986716849,1.2885930106247856,0.13319354077916373,0.007331107963605402
2191,0.6920080899382209,0.3355668281516953,0.0037054739038006115,0.04233290468839974,2.95719187640121,2.2449248457167927,2.1267790988906037,0.11814574682618893,1.3840212958510107,0.8304127775106065,0.5536085183404043,0.06416061456691902,0.04267618894932686,0.05596680313292947,1.276890505588181,0.14105825168870903,0.0072439962776865915,0.7034699633660809,0.33802702610323815,-0.0036570939528820096,0.04303407388968071,3.0474595805994804,2.316211493906984,2.203291570729678,0.11291992317730637,1.4069466831163377,0.8441680098698027,0.5627786732465351,0.06249392638230315,0.04126424827807741,0.054471429984527156,1.288592627035404,0.13319353187189886,0.007331107732601932
2192,0.6920080141740707,0.33556686147048925,0.0037054913309089027,0.04233289997972044,2.9571904131189077,2.244923837873186,2.126777942566775,0.11814589530641113,1.3840207842535541,0.8304124705521326,0.5536083137014215,0.06416065302787494,0.042676221531658946,0.05596683894787399,1.2768902387438614,0.1410582471527319,0.00724399621913324,0.7034698492541093,0.338027063403208,-0.003657075544104632,0.04303406682916252,3.047457576365955,2.3162100917142987,2.2032899718792027,0.11292011983509598,1.4069460074779203,0.8441676044867522,0.5627784029911681,0.062493975844209716,0.04126429017990296,0.05447147596285204,1.2885922755497545,0.13319352385742148,0.007331107532819105
2193,0.6920079468761234,0.3355668922264906,0.0037055090798762125,0.042332895788775166,2.9571890853555276,2.244922930026308,2.12677690015772,0.11814602986858791,1.3840203086630127,0.8304121851978078,0.5536081234652049,0.06416068783247786,0.042676251016498926,0.05596687141351246,1.2768899972661651,0.14105824322014984,0.007243996179289084,0.7034697455048853,0.33802709793435987,-0.003657056975409065,0.04303406040241151,3.047455735836726,2.3162088099654174,2.203288509888156,0.11292030007726149,1.40694537658095,0.8441672259485701,0.56277815063238,0.062494021150407184,0.041264328561205155,0.0544715181263068,1.2885919535941832,0.1331935165834682,0.007331107357820166
2194,0.6920078870046015,0.3355669204815233,0.003705526863809906,0.042332892051975754,2.9571878813098254,2.2449221126460097,2.126775961006663,0.11814615163934693,1.3840198671719366,0.8304119203031621,0.5536079468687745,0.06416071929113953,0.04267627766681319,0.05596690080762988,1.2768897790015392,0.14105823977292709,0.007243996153204508,0.7034696509836112,0.33802712977737026,-0.0036570385126016153,0.04303405454002657,3.047454045581938,2.3162076379498675,2.203287172767639,0.11292046518222883,1.4069447880238317,0.844166872814299,0.5627779152095327,0.06249406263665999,0.04126436370642798,0.054471556776703886,1.2885916587827522,0.13319350993293494,0.007331107202501416
2195,0.6920078336647969,0.3355669463298387,0.003705544463309063,0.04233288871460632,2.9571867901159465,2.244921377085261,2.1267751154025483,0.1181462616827129,1.384019457855663,0.830411674713398,0.553607783142265,0.06416074769347851,0.042676301727953066,0.05596692739048684,1.27688958194069,0.141058236719932,0.007243996137050896,0.7034695647040008,0.338027159042354,-0.0036570203576939755,0.04303404918168932,3.0474524932097307,2.316206565913267,2.203285949558828,0.11292061635443883,1.4069442394181708,0.8441665436509026,0.5627776957672682,0.0624941006162471,0.0412643958809668,0.05447159219668188,1.2885913888893126,0.13319350381359163,0.007331107062856597
2196,0.6920077860887505,0.3355669698924461,0.0037055617138076827,0.04233288572970247,2.9571858017631643,2.24492071548572,2.1267743544813307,0.1181463610043893,1.384019078803056,0.8304114472818338,0.5536076315212222,0.06416077331008364,0.042676323429148885,0.05596695140615446,1.276889404206353,0.14105823399232847,0.007243996127962558,0.7034694858099347,0.33802718586350533,-0.0036570026608983494,0.043034044275042205,3.047451067279249,2.316205584958422,2.2032848302289567,0.11292075472946561,1.406943728417154,0.8441662370502925,0.5627774913668615,0.06249413538181525,0.041264425332738344,0.054471624651138084,1.2885911418343303,0.13319349815388878,0.007331106935822829
2197,0.6920077436150405,0.3355669913110174,0.003705578492570284,0.042332883056815145,2.95718490699933,2.244920120671873,2.1267736701150297,0.11814645055684335,1.3840187281405005,0.8304112368843005,0.5536074912562,0.06416079639454508,0.042676342985230376,0.05596697308410008,1.2768892440391983,0.1410582315382467,0.007243996123864012,0.7034694135554271,0.33802721039334266,-0.0036569855328917877,0.04303403977446285,3.047449757198839,2.3162046869362194,2.2032838055563837,0.11292088137983575,1.4069432527374253,0.8441659516424552,0.56277730109497,0.06249416720745543,0.04126445229393971,0.054471654388872325,1.288590915670135,0.13319349289809862,0.007331106819113423
2198,0.6920077056670937,0.3355670107416934,0.0037055947076398907,0.0423328806606839,2.9571840972177403,2.2449195860336317,2.1267730547880648,0.11814653124556698,1.3840184040494588,0.8304110424296753,0.5536073616197834,0.0641608171858255,0.04267636059863564,0.05596699264109105,1.2768890997813807,0.14105822931908876,0.0072439961232882676,0.7034693472832212,0.3380272327968645,-0.0036569690552780768,0.04303403563975507,3.0474485531085884,2.316203864325681,2.203282867003727,0.1129209973219538,1.4069428101747683,0.844165686104861,0.5627771240699073,0.062494196351084344,0.04126447698306593,0.0544716816445169,1.2885907085639925,0.13319348800294556,0.007331106711042501
2199,0.6920076717349344,0.33556702834864544,0.0037056102895114892,0.0423328785101207,2.957183364376135,2.2449191054408932,2.126772501509376,0.1181466039315171,1.3840181047779316,0.830410862866759,0.5536072419111726,0.06416083590958217,0.04267637646053099,0.05596701028220484,1.2768889698673647,0.14105822730639034,0.007243996125211079,0.7034692864067775,0.3380272532454872,-0.0036569532884418512,0.04303403183504707,3.0474474457948624,2.316203110145763,2.203282006626501,0.11292110351926193,1.4069423986139356,0.8441654391683614,0.5627769594455742,0.0624942230558349,0.0412644996060879,0.05447170663962192,1.2885905187882254,0.13319348343475262,0.007331106610365147
2200,0.6920076413616661,0.3355670442968963,0.0037056251851901867,0.0423328765771831,2.9571827009673735,2.2449186732064685,2.1267720037790983,0.11814666942737038,1.3840178286471252,0.8304106971882751,0.5536071314588501,0.06416085277782418,0.04267639075052065,0.05596702620039817,1.2768888528263052,0.14105822547836203,0.007243996128902875,0.7034692303968411,0.3380272719102581,-0.003656938277105233,0.043034028327969875,3.047446426655859,2.316202417914828,2.2032812170355203,0.112921200879308,1.4069420160338975,0.8441652096203386,0.5627768064135589,0.06249424754987738,0.04126452035630088,0.054471729582380814,1.2885903447214822,0.13319347916630625,0.007331106516133844
2201,0.6920076141368194,0.33556705874579307,0.0037056393555392683,0.04233287483676729,2.957182100044472,2.244918284100406,2.126771555611624,0.11814672848878222,1.384017574054746,0.8304105444328476,0.5536070296218984,0.06416086798710141,0.04267640363511257,0.0559670405748219,1.2768887472946082,0.14105822381705513,0.007243996133824543,0.7034691787746948,0.3380272889557078,-0.003656924052758824,0.04303402508924478,3.0474454877208506,2.3162017816608076,2.2032804914149247,0.11292129024588315,1.4069416605098761,0.8441649963059258,0.5627766642039503,0.06249427004486015,0.04126453941300348,0.054471750666175905,1.2885901848598158,0.1331934751742909,0.007331106427596967
2202,0.6920075896926766,0.3355670718438457,0.0037056527738787426,0.042332873266383644,2.957181555254843,2.2449179333748344,2.1267711515688617,0.11814678180597271,1.3840173394766353,0.8304104036859812,0.5536069357906541,0.06416088171665041,0.042676415266147585,0.05596705356912511,1.2768886520287963,0.14105822230610873,0.00724399613955348,0.7034691311082857,0.3380273045350116,-0.0036569106349331054,0.04303402209244647,3.047444621678449,2.3162011959416064,2.2032798235501527,0.11292137239145378,1.4069413302138274,0.8441647981282966,0.5627765320855308,0.06249429073431187,0.0412645569401442,0.05447177006811521,1.2885900378280386,0.13319347143724355,0.007331106344126441
2203,0.6920075677023484,0.33556708372616406,0.0037056654255410854,0.042332871846039066,2.9571810608563087,2.244917616775447,2.1267707867758046,0.11814682999964253,1.3840171234675072,0.8304102740805043,0.5536068493870029,0.06416089412749973,0.04267642578004159,0.05596706533063586,1.2768885659117104,0.1410582209299092,0.007243996145746409,0.7034690870101142,0.33802731878765435,-0.0036568980316097274,0.04303401931387417,3.0474438218876023,2.3162006558528807,2.203279207839141,0.11292144801373932,1.4069410234141018,0.8441646140484612,0.5627764093656406,0.062494309792932384,0.04126457308572062,0.05447178794838223,1.288589902384759,0.13319346793478756,0.007331106265181558
2204,0.6920075478737174,0.33556709451354566,0.003705677305500185,0.04233287055786691,2.9571806116719697,2.2449173304998378,2.126770456875234,0.11814687362460363,1.3840169246612262,0.8304101547967356,0.5536067698644905,0.06416090536358024,0.04267643529872613,0.055967075991311746,1.2768884879448126,0.14105821967306312,0.007243996152097188,0.7034690461310074,0.3380273318386446,-0.0036568862415485986,0.04303401673217089,3.047443082327906,2.31620015698294,2.203278639243077,0.11292151773986277,1.4069407384747148,0.8441644430848291,0.5627762953898857,0.06249432737777624,0.04126458798278203,0.0544718044512566,1.2885897774139696,0.1331934646471234,0.0073311061902677915
2205,0.6920075299449353,0.3355671043132372,0.0037056884171541293,0.04233286938585147,2.9571802030369594,2.244917071150848,2.1267701579750513,0.11814691317579676,1.384016741769847,0.8304100450619081,0.5536066967079389,0.06416091555334011,0.042676443931016515,0.05596708566915893,1.2768884172369779,0.14105821852107706,0.007243996158320551,0.7034690081554232,0.3380273437993236,-0.0036568752555475176,0.04303401432803634,3.047442397542467,2.316199695363148,2.2032781132304002,0.11292158213274764,1.406940473853445,0.8441642843120671,0.5627761895413779,0.062494343629896414,0.04126460175082195,0.0544718197065628,1.2885896619133712,0.13319346155561992,0.007331106118920759
2206,0.69200751368279,0.33556711322022054,0.0037056987716077155,0.04233286831572847,2.95717983076499,2.244916835708679,2.1267698866158806,0.11814694909279866,1.3840165735818495,0.8304099441491096,0.5536066294327399,0.06416092481088405,0.04267645177357694,0.0559670944692485,1.2768883529965904,0.14105821746062258,0.007243996164156818,0.7034689727996212,0.3380273547686764,-0.003656865057164123,0.04303401208411524,3.0474417626010606,2.316199267437485,2.203277625741549,0.11292164169593584,1.406940228099185,0.8441641368595112,0.5627760912396738,0.06249435867551959,0.041264614496773766,0.05447183383072131,1.2885895549860171,0.13319345864303417,0.007331106050710687
2207,0.6920074988804733,0.33556712131820676,0.0037057083863255985,0.042332867334848465,2.957179491112961,2.244916621501054,2.1267696397368274,0.11814698176422676,1.3840164189602226,0.8304098513761335,0.5536065675840891,0.06416093323711244,0.042676458911885526,0.055967102484728845,1.2768882945236422,0.14105821647922984,0.007243996169370274,0.7034689398092185,0.33802736483435225,-0.003656855624037926,0.04303400998484788,3.0474411730612587,2.31619887003006,2.203277173151744,0.11292169687831587,1.4069399998491907,0.8441639999095146,0.5627759999396761,0.06249437262722314,0.041264626316007774,0.054471846927797406,1.2885894558319513,0.13319345589321216,0.007331105985240545
2208,0.6920074853592366,0.3355671286813325,0.003705717285847461,0.042332866432278356,2.9571791807729766,2.2449164261988788,2.1267694146687997,0.1181470115300789,1.384016276840295,0.8304097661041769,0.5536065107361181,0.0641609409202109,0.042676465420649,0.05596710979728481,1.2768882412063345,0.14105821556591405,0.007243996173775887,0.7034689089605974,0.3380273740743609,-0.0036568469272307003,0.043034008016556324,3.0474406249573067,2.316198500338367,2.2032767522616377,0.11292174807672949,1.4069397878261152,0.8441638726956693,0.5627759151304459,0.062494385584482476,0.04126463729279492,0.054471859090012904,1.2885893637443186,0.1331934532916456,0.0073311059221716065
2209,0.6920074729666459,0.3355671353754735,0.003705725500417846,0.042332865598694605,2.9571788968375308,2.2449162477870765,2.1267692091006634,0.11814703868641321,1.3840161462281129,0.8304096877368676,0.5536064584912452,0.06416094793683529,0.04267647136480668,0.05596711647819377,1.2768881925128595,0.14105821471085347,0.007243996177243693,0.7034688800589659,0.3380273825583838,-0.003656838932552975,0.04303400616732589,3.0474401147624017,2.316198155901921,2.203276360261028,0.11292179564089336,1.406939590835623,0.8441637545013739,0.5627758363342491,0.062494397634873966,0.04126464750132583,0.054471870398820524,1.2885892781008161,0.13319345082516124,0.00733110586122738
2210,0.6920074615721223,0.33556714145961863,0.003705733064166883,0.04233286482611061,2.957178636738108,2.244916084511663,2.1267690210189296,0.11814706349273348,1.3840160261986307,0.8304096157191784,0.5536064104794524,0.06416095435405088,0.0426764768011731,0.05596712259003882,1.2768881479779441,0.1410582139056326,0.007243996179689162,0.7034688529337378,0.33802739034912854,-0.0036568316023656636,0.04303400442672255,3.0474396393245344,2.31619783454722,2.203275994666222,0.112921839880998,1.4069394077638542,0.8441636446583126,0.5627757631055416,0.06249440885599278,0.04126465700733552,0.054471880926601234,1.2885891983500664,0.13319344848211837,0.007331105802183819
2211,0.6920074510641869,0.33556714698733436,0.0037057400141749727,0.04233286410770814,2.9571783981982853,2.244915934840342,2.12676884866237,0.11814708617797198,1.3840159158931922,0.8304095495359152,0.553606366357277,0.06416096023086866,0.04267648177973965,0.05596712818807584,1.2768881071921931,0.141058213143687,0.007243996181073766,0.703468827435616,0.33802739750376487,-0.0036568248965217418,0.0430340027856146,3.0474391958171907,2.316197534346522,2.203275653272661,0.11292188107386103,1.4069392375742162,0.8441635425445299,0.5627756950296864,0.06249441931697507,0.04126466586939291,0.05447189073802119,1.2885891240008005,0.13319344625279264,0.007331105744869408
2212,0.6920074413480073,0.335567152007665,0.003705746389192771,0.042332863437687315,2.9571781791969545,2.2449157974318137,2.1267686904869283,0.11814710694488545,1.3840158145167105,0.8304094887100262,0.5536063258066843,0.06416096561939166,0.04267648634464559,0.055967133321253956,1.2768880697941356,0.1410582124199914,0.007243996181401162,0.7034688034339938,0.33802740407481396,-0.0036568187735958047,0.043034001236013725,3.047438781700327,2.3161972535854742,2.203275334117976,0.11292191946749815,1.4069390793039178,0.8441634475823508,0.562775631721567,0.06249442907964499,0.04126467413987257,0.054471899891055,1.2885890546137067,0.1331934441290738,0.007331105689161052
2213,0.6920074323430883,0.33556715656565783,0.0037057522286287684,0.04233286281112538,2.9571779779377225,2.244915671110389,2.126768545136938,0.11814712597345096,1.384015721334641,0.8304094328007844,0.5536062885338565,0.06416097056571718,0.042676490534942386,0.05596713803301897,1.276888035463967,0.14105821173075758,0.007243996180710298,0.7034687808145066,0.3380274101106733,-0.0036568131918512173,0.043033999770925216,3.047438394687595,2.316196990736099,2.2032750354513997,0.11292195528469938,1.4069389320603252,0.8441633592361952,0.5627755728241299,0.06249443819942742,0.04126468186572786,0.05447190843780036,1.2885889897949467,0.13319344210417597,0.007331105634976805
2214,0.6920074239811673,0.3355671607027251,0.0037057575717644176,0.042332862223847925,2.9571777928223093,2.244915554844125,2.126768411420433,0.11814714342369204,1.3840156356697944,0.8304093814018764,0.553606254267918,0.06416097511069525,0.042676494385236304,0.05596714236198989,1.2768880039182862,0.14105821107319028,0.007243996179067864,0.7034687594767994,0.33802741565598343,-0.0036568081099849006,0.04303399838421137,3.047438032717682,2.3161967444333964,2.2032747557073655,0.1129219887260311,1.4069387950171939,0.8441632770103163,0.5627755180068775,0.06249444672612044,0.0412646890891454,0.054471916425169006,1.2885889291906645,0.13319344017240178,0.007331105582268103
2215,0.6920074162042469,0.33556716445694024,0.0037057624570924833,0.042332861672308555,2.9571776224260446,2.2449154477248396,2.1267682882866157,0.11814715943822388,1.3840155568990486,0.830409334139429,0.5536062227596197,0.06416097929061428,0.042676497926269194,0.055967146342571536,1.2768879749053381,0.14105821044527012,0.0072439961765608085,0.703468739332442,0.3380274207519274,-0.0036568034877571404,0.04303399707046409,3.047437693927963,2.3161965134539977,2.2032744934814623,0.11292201997253518,1.4069386674108342,0.8441632004465005,0.5627754669643337,0.062494454704593076,0.04126469584813614,0.05447192389551161,1.288588872482029,0.13319343832892988,0.007331105531011961
2216,0.6920074089627066,0.33556716786328616,0.003705766921741724,0.042332861153473414,2.9571774654747145,2.2449153489493305,2.126768174804719,0.11814717414461146,1.3840154844499932,0.8304092906699957,0.5536061937799975,0.06416098313783967,0.04267650118545952,0.05596715000552575,1.2768879482005846,0.14105820984556153,0.00724399617328878,0.7034687203029361,0.338027425436482,-0.0036567992865366925,0.04303399582488286,3.047437376629629,2.316196296696118,2.2032742475078857,0.11292204918823222,1.4069385485362393,0.8441631291217436,0.5627754194144957,0.06249446217543435,0.04126470217708521,0.05447193088719992,1.2885888193806225,0.13319343656962743,0.00733110548120324
2217,0.6920074022137664,0.33556717095389643,0.0037057710010924005,0.042332860664727114,2.9571773208247976,2.2449152578036573,2.1267680701462766,0.11814718765738075,1.3840154177975355,0.830409250678521,0.5536061671190144,0.0641609866813546,0.04267650418736048,0.05596715337845764,1.276887923602952,0.14105820927307539,0.007243996169358372,0.7034687023180816,0.3380274297446598,-0.003656795469654271,0.04303399464317489,3.047437079286417,2.316196093162749,2.203274016640495,0.11292207652225383,1.406938437743203,0.8441630626459218,0.5627753750972813,0.062494469175503886,0.041264708107218384,0.0544719374351232,1.2885887696245275,0.1331934348909124,0.007331105432848609
2218,0.6920073959199915,0.3355671737582158,0.0037057747284005293,0.042332860203781394,2.957177187445183,2.244915173648665,2.126767973568862,0.11814720007980306,1.384015356460535,0.8304092138763208,0.5536061425842143,0.06416098994724598,0.04267650695407167,0.055967156486252834,1.2768879009314595,0.1410582087270896,0.007243996164876764,0.703468685314396,0.3380274337086734,-0.003656792002750625,0.04303399352145831,3.0474368004949075,2.3161959019461533,2.203273799835408,0.11292210211074555,1.406938334432499,0.8441630006594993,0.5627753337729997,0.06249447573842782,0.04126471366702214,0.05447194357113545,1.2885887229748039,0.13319343328957914,0.007331105385960013
2219,0.6920073900483654,0.33556717630318633,0.0037057781347175356,0.04233285976861828,2.9571770644039432,2.2449150959100574,2.1267678844048556,0.11814721150520158,1.3840152999984798,0.8304091799990877,0.5536061199993921,0.06416099295905306,0.04267650950553448,0.05596715935139546,1.2768878800228016,0.14105820820707332,0.007243996159948692,0.7034686692341031,0.33802743735812335,-0.003656788853835441,0.04303399245620045,3.0474365389700377,2.316195722217037,2.203273596138761,0.11292212607827595,1.406938238052128,0.8441629428312767,0.5627752952208513,0.062494481894960104,0.041264718882549796,0.05447194932438598,1.2885886792129195,0.13319343176271983,0.007331105340551367
2220,0.6920073845694146,0.33556717861338137,0.0037057812487713074,0.04233285935743661,2.9571769508563754,2.2449150240694813,2.1267678020513925,0.11814722201808876,1.384015248008305,0.8304091488049828,0.5536060992033222,0.06416099573807371,0.04267651185979146,0.055967161994248185,1.2768878607292224,0.141058207712547,0.0072439961546731215,0.7034686540241842,0.3380274407201361,-0.0036567859933855154,0.043033991444159675,3.0474362935319683,2.3161955532147975,2.203273404675727,0.1129221485390707,1.406938148093736,0.8441628888562415,0.5627752592374945,0.062494487673301354,0.04126472377769161,0.05447195472161144,1.2885886381384863,0.13319343030758932,0.007331105296635049
2221,0.6920073794565209,0.3355671807111552,0.0037057840969811073,0.04233285896860996,2.957176846034703,2.24491495765705,2.126767725961889,0.11814723169516138,1.3840152001213575,0.8304091200728143,0.5536060800485432,0.0641609983036295,0.04267651403321092,0.05596716443329594,1.2768878429166763,0.14105820724303175,0.007243996149141125,0.703468639635623,0.33802744381951805,-0.0036567833943085062,0.04303399048233923,3.047436063094709,2.3161953942392866,2.2032732246411895,0.11292216959809727,1.4069380640891993,0.8441628384535195,0.5627752256356798,0.0624944930993761,0.04126472837440963,0.054471959787391444,1.2885885995672908,0.1331934289215514,0.007331105254219581
2222,0.6920073746853853,0.33556718261679647,0.0037057867035139094,0.04233285860065382,2.9571767492392573,2.2449148962451035,2.126767655638942,0.11814724060616144,1.3840151560005258,0.8304090936003153,0.5536060624002105,0.06416100067329222,0.0426765160406789,0.05596716668535579,1.2768878264632564,0.14105820679801054,0.007243996143434606,0.7034686260228039,0.33802744667891116,-0.0036567810318739735,0.04303398956795046,3.047435846656314,2.316195244643877,2.203273055291872,0.11292218935200522,1.4069379856074042,0.8441627913644425,0.5627751942429617,0.06249449819707116,0.04126473269293966,0.05447196454436965,1.288588563329597,0.13319342760203717,0.00733110521330812
2223,0.6920073702336103,0.3355671843486809,0.003705789090381696,0.0423328582522,2.9571766598308793,2.2449148394429748,2.1267675906283494,0.11814724881462527,1.3840151153375502,0.8304090692025299,0.5536060461350203,0.0641610028630795,0.0426765178957648,0.05596716876575912,1.2768878112578403,0.14105820637690453,0.007243996137625654,0.7034686131430359,0.33802744931894846,-0.0036567788836050497,0.043033988698383596,3.047435643290389,2.316195103829602,2.203272895939654,0.11292220788994785,1.4069379122512247,0.8441627473507348,0.5627751649004898,0.062494502988442266,0.041264736751966305,0.054471969013446545,1.2885885292686816,0.13319342634651693,0.007331105173897654
2224,0.6920073660802738,0.3355671859234033,0.003705791277514449,0.04233285792197067,2.957176577223677,2.2449147868919543,2.1267675305133666,0.11814725637858757,1.3840150778505176,0.8304090467103102,0.5536060311402073,0.06416100488763941,0.04267651961087774,0.0559671706885232,1.2768877971988046,0.14105820597904725,0.00724399613177561,0.7034686009560721,0.3380274517583881,-0.003656776929187408,0.04303398787117849,3.04743545213799,2.3161949712395193,2.203272745945164,0.1129222252943555,1.4069378436547095,0.8441627061928257,0.5627751374618838,0.06249450749390962,0.04126474056878858,0.0544719732139615,1.2885884972394437,0.13319342515247215,0.007331105135977879
2225,0.6920073622058127,0.33556718735593855,0.0037057932829698548,0.0423328576087711,2.957176500880359,2.2449147382625134,2.126767474911447,0.11814726335106618,1.3840150432815206,0.8304090259689121,0.5536060173126085,0.06416100676037097,0.04267652119736877,0.055967172466467104,1.276887784193193,0.14105820560371074,0.007243996125936174,0.7034685894239395,0.33802745401427786,-0.0036567751502601317,0.04303398708401404,3.047435272402194,2.3161948463554047,2.2032726047139217,0.1129222416414829,1.4069377794804532,0.8441626676882719,0.5627751117921813,0.06249451173238972,0.041264744159431696,0.05447197716381925,1.2885884671074654,0.13319342401741335,0.007331105099532092
2226,0.6920073585917887,0.33556718865975993,0.0037057951230264827,0.042332857311475444,2.9571764303072157,2.2449146932510504,2.126767423470497,0.11814726978055326,1.3840150113945313,0.8304090068367185,0.5536060045578128,0.06416100849355033,0.042676522665637664,0.055967174111330883,1.2768877721558383,0.1410582052500703,0.0072439961201493305,0.7034685785106616,0.33802745610207446,-0.0036567735303028245,0.043033986334691327,3.0474351033423774,2.3161947286940148,2.2032724716920598,0.11292225700195509,1.4069377194171957,0.8441626316503175,0.5627750877668782,0.06249451572143169,0.041264747538762414,0.054471980879618714,1.2885884387480475,0.13319342293884473,0.00733110506453701
2227,0.6920073552209004,0.3355671898469887,0.0037057968124172003,0.042332857029027386,2.957176365051062,2.244914651578351,2.1267673758670007,0.11814727571135042,1.384014981973436,0.8304089891840613,0.5536059927893747,0.0641610100984103,0.04267652402520035,0.05596717563385421,1.2768877610088116,0.14105820491725035,0.0072439961144490275,0.703468568182225,0.3380274580357972,-0.0036567720544050664,0.04303398562113153,3.047434944270507,2.316194617805099,2.203272346363942,0.11292227144115685,1.4069376631776085,0.8441625979065651,0.5627750652710434,0.06249451947730759,0.04126475072056569,0.05447198437674175,1.2885884120455628,0.13319342191430125,0.0073311050309642365
2228,0.6920073520775679,0.33556719092862336,0.003705798364747187,0.04233285676047595,2.9571763047006985,2.2449146129920785,2.1267673318085354,0.11814728118354295,1.3840149548202725,0.8304089728921632,0.5536059819281093,0.06416101158511026,0.04267652528466338,0.055967177043760113,1.276887750681631,0.14105820460441096,0.007243996108866702,0.7034685584071381,0.3380274598282607,-0.0036567707088338702,0.04303398494141009,3.0474347945521654,2.3161945132736292,2.2032722282543897,0.11292228501923947,1.4069376104962925,0.8441625662977756,0.5627750441985169,0.06249452301499352,0.04126475371752859,0.054471987669347216,1.2885883868935954,0.13319342094142753,0.007331104998785706
2229,0.6920073491473636,0.33556719191457884,0.0037057997923337083,0.04233285650494062,2.95717624888012,2.2449145772614942,2.126767291027865,0.1181472862336292,1.384014929753759,0.8304089578522551,0.5536059719015038,0.06416101296290944,0.04267652645187072,0.05596717834991155,1.2768877411100608,0.14105820431062552,0.007243996103428637,0.7034685491557973,0.3380274614911134,-0.003656769481196122,0.04303398429371797,3.047434653598928,2.3161944147138933,2.2032721169220735,0.11292229779181967,1.4069375611280903,0.8441625366768543,0.5627750244512361,0.062494526348353924,0.041264756541396413,0.05447199077053786,1.2885883631936272,0.1331934200178565,0.007331104967970769
2230,0.6920073464169292,0.33556719281383235,0.0037058011064512314,0.04233285626160636,2.957176197244954,2.244914544175175,2.126767253280241,0.11814729089493432,1.3840149066078558,0.8304089439647132,0.5536059626431425,0.06416101424026845,0.042676527533989844,0.0559671795604073,1.2768877322354037,0.14105820403504052,0.007243996098157035,0.7034685404003688,0.338027463034987,-0.0036567683601919643,0.043033983676354366,3.047434520864232,2.3161943217668095,2.203272011956368,0.11292230981044145,1.4069375148464405,0.8441625089078643,0.5627750059385762,0.06249452949025181,0.04126475920306609,0.05447199369246421,1.2885883408542567,0.13319341914135793,0.007331104938487163
2231,0.6920073438738479,0.3355671936345175,0.003705802317360167,0.04233285602971564,2.9571761494792166,2.2449145135388924,2.126767218340943,0.11814729519794903,1.3840148852304561,0.8304089311382734,0.5536059540921827,0.06416101542493534,0.042676528537584496,0.05596718068266285,1.2768877240039074,0.14105820377683137,0.007243996093070335,0.7034685321146242,0.33802746446959164,-0.0036567673355767244,0.04303398308771669,3.047434395839611,2.316194234097445,2.203271912974489,0.11292232112295619,1.40693747144187,0.844162482865122,0.5627749885767481,0.06249453245264233,0.04126476171266549,0.05447199644641287,1.2885883197905321,0.13319341830979145,0.007331104910301169
2232,0.6920073415065404,0.3355671943840085,0.003705803434384647,0.04233285580856222,2.9571761052924983,2.244914485173812,2.1267671860031903,0.11814729917062139,1.3840148654821802,0.8304089192893079,0.5536059461928723,0.06416101652401927,0.04267652946867726,0.05596718172348014,1.2768877163662509,0.14105820353519938,0.007243996088183505,0.7034685242738058,0.3380274658038027,-0.0036567663980805257,0.0430339825262923,3.0474342780513886,2.3161941513928785,2.2032718196190237,0.11292233177385494,1.406937430720608,0.8441624584323647,0.5627749722882432,0.06249453524665442,0.04126476407962251,0.05447199904288355,1.2885882999233749,0.1331934175211007,0.007331104883377855
2233,0.6920073393041777,0.3355671950689941,0.00370580446598108,0.04233285559748567,2.957176064417496,2.2449144589149443,2.1267671560763337,0.11814730283861051,1.3840148472352705,0.8304089083411621,0.5536059388941084,0.06416101754405451,0.04267653033280365,0.05596718268910849,1.2768877092771032,0.1410582033093699,0.007243996083508375,0.7034685168545073,0.338027467045737,-0.0036567655393319465,0.043033981990651185,3.047434167057753,2.3161940733603283,2.203271731555768,0.11292234180456032,1.4069373925033084,0.844162435501985,0.5627749570013234,0.06249453788266192,0.0412647663127254,0.054472001491656805,1.2885882811790697,0.13319341677330862,0.0073311048576812365
2234,0.6920073372566027,0.3355671956955419,0.0037058054198104845,0.0423328553958667,2.9571760266078226,2.2449144346097833,2.1267671283842753,0.11814730622550802,1.384014830372579,0.8304088982235472,0.5536059321490318,0.06416101849105621,0.04267653113505943,0.05596718358529761,1.276887702694732,0.14105820309859002,0.007243996079053882,0.7034685098345697,0.33802746820282026,-0.0036567647517804364,0.0430339814794396,3.047434062446134,2.3161939997254914,2.203271648471807,0.11292235125368458,1.406937356623879,0.8441624139743273,0.5627749426495516,0.062494540370347094,0.041264768420176526,0.05447200380185426,1.2885882634888173,0.1331934160645134,0.0073311048331744875
2235,0.6920073353542683,0.3355671962691579,0.0037058063028021643,0.04233285520312326,2.957175991636078,2.2449144121171276,2.1267671027640933,0.11814730935303426,1.3840148147866416,0.8304088888719848,0.5536059259146567,0.06416101937056984,0.04267653188014245,0.055967184417344974,1.2768876965806668,0.1410582029021275,0.007243996074826357,0.7034685031929876,0.3380274692818476,-0.0036567640286309586,0.043033980991374385,3.047433963830855,2.316193930231072,2.203271570073812,0.11292236015725954,1.406937322928405,0.8441623937570429,0.5627749291713621,0.06249454271875671,0.041264770409639856,0.054472005981992234,1.2885882467883332,0.13319341539288418,0.007331104809820065
2236,0.6920073335881756,0.3355671967948358,0.003705807121215092,0.042332855018706775,2.9571759592921043,2.244914391306016,2.1267670790648054,0.11814731224121061,1.3840148003788313,0.8304088802272986,0.5536059201515326,0.06416102018771444,0.04267653257238932,0.055967185190137235,1.2768876908993927,0.14105820271926928,0.007243996070829705,0.7034684969098293,0.3380274702890377,-0.0036567633637733105,0.04303398052523798,3.047433870851026,2.31619386463547,2.2032714960865287,0.11292236854894151,1.406937291274162,0.8441623747644972,0.5627749165096648,0.062494544936352314,0.04126477228828366,0.05447200804002968,1.2885882310174912,0.1331934147566585,0.007331104787579887
2237,0.6920073319498261,0.3355671972771039,0.0037058078806974995,0.04233285484209932,2.9571759293814566,2.244914372054818,2.1267670571463064,0.11814731490851182,1.3840147870585835,0.8304088722351499,0.5536059148234336,0.06416102094722112,0.04267653321580804,0.05596718590818725,1.2768876856180873,0.14105820254932064,0.0072439960670656525,0.7034684909661602,0.33802747123008076,-0.003656762751723927,0.0430339800798738,3.0474337831686356,2.3161938027116036,2.2032714262514084,0.11292237646019515,1.4069372615287117,0.844162356917227,0.5627749046114847,0.06249454703105516,0.04126477406281845,0.0544720099834113,1.2885882161200048,0.13319341415413838,0.0073311047664154395
2238,0.6920073304311779,0.33556719772006516,0.0037058085863406684,0.04233285467281078,2.9571759017240233,2.244914354250411,2.1267670368784093,0.11814731737200167,1.3840147747426905,0.8304088648456142,0.5536059098970764,0.0641610216534671,0.04267653381410676,0.055967186575666794,1.2768876807063836,0.14105820239160413,0.007243996063533924,0.7034684853439795,0.3380274721101828,-0.0036567621875646036,0.04303397965418237,3.047433700466838,2.316193744245853,2.203271360325395,0.11292238392045846,1.4069372335690724,0.8441623401414434,0.562774893427629,0.06249454901028663,0.04126477573953123,0.054472011819106186,1.288588202043139,0.13319341358368814,0.00733110474628794
2239,0.6920073290246076,0.3355671981274347,0.0037058092427292924,0.04233285451037667,2.9571758761528013,2.2449143377874603,2.126767018140007,0.11814731964745329,1.3840147633546571,0.8304088580127942,0.5536059053418629,0.06416102231050562,0.042676534370719214,0.05596718719643566,1.2768876761361616,0.14105820224545862,0.007243996060232426,0.7034684800261626,0.33802747293410557,-0.0036567616668918904,0.0430339792471177,3.0474336224484078,2.3161936890371226,2.203271298079831,0.11292239095729162,1.4069372072809614,0.8441623243685769,0.5627748829123845,0.06249455088100443,0.0412647773243163,0.054472013553642666,1.2885881887374544,0.13319341304373156,0.00733110472715842
2240,0.6920073277228797,0.33556719850257266,0.003705809853988218,0.04233285435435609,2.957175852512809,2.2449143225677965,2.126767000818341,0.11814732174945537,1.3840147528241133,0.8304088516944679,0.5536059011296455,0.06416102292209272,0.04267653488882736,0.05596718777406738,1.2768876718813633,0.14105820211023895,0.007243996057157434,0.7034684749964064,0.338027473706201,-0.003656761185765932,0.04303397885768406,3.0474335488343414,2.316193636895991,2.2032712392994824,0.11292239759650852,1.4069371825580979,0.8441623095348587,0.5627748730232391,0.06249455264973492,0.041264778822702464,0.0544720151931394,1.2885881761565754,0.13319341253274933,0.007331104708987846
2241,0.6920073265191181,0.3355671988485142,0.0037058104238278586,0.04233285420433017,2.95717583066011,2.24491430849985,2.1267669848083433,0.11814732369150689,1.3840147430862781,0.8304088458517668,0.5536058972345114,0.064161023491711,0.04267653537138147,0.05596718831187244,1.276887667917828,0.14105820198531538,0.007243996054303757,0.7034684702391872,0.33802747443044623,-0.0036567607406637753,0.043033978484933344,3.047433479362588,2.3161935876439466,2.2032711837816463,0.11292240386230029,1.4069371593015696,0.8441622955809418,0.5627748637206278,0.0624945543226031,0.04126478023987854,0.0544720167433342,1.2885881642569799,0.13319341204927776,0.007331104691737245
2242,0.6920073254067864,0.3355671991679982,0.0037058109555835744,0.04233285405990064,2.957175810460939,2.2449142954981585,2.1267669700120546,0.11814732548610392,1.3840147340814741,0.8304088404488843,0.5536058936325898,0.06416102402259084,0.04267653582111816,0.055967188812918844,1.2768876642231448,0.14105820187007362,0.007243996051664916,0.703468465739719,0.33802747511047276,-0.00365676032843628,0.04303397812796245,3.0474334137869112,2.3161935411127046,2.2032711313353612,0.1129224097773433,1.4069371374192503,0.8441622824515502,0.5627748549677001,0.06249455590535895,0.04126478158071564,0.054472018209609466,1.2885881529978094,0.13319341159190648,0.007331104675367845
2243,0.6920073243796663,0.3355671994634917,0.0037058114522564925,0.04233285392068873,2.9571757917909314,2.244914283482935,2.126766956338121,0.11814732714481405,1.3840147257546844,0.8304088354528104,0.553605890301874,0.06416102451772912,0.042676536240576254,0.05596718928005048,1.2768876607765225,0.14105820176391506,0.007243996049233304,0.7034684614839172,0.338027475749595,-0.00365675994627003,0.043033977785911184,3.04743335187584,2.316193497143578,2.203271081780678,0.11292241536289999,1.406937116825269,0.8441622700951614,0.5627748467301075,0.062494557403401804,0.041264782849787844,0.05447201959701567,1.2885881423406973,0.13319341115927746,0.007331104659841129
2244,0.6920073234318443,0.3355671997372142,0.003705811916544871,0.04233285378633422,2.9571757745344227,2.2449142723796793,2.126766943701333,0.11814732867834632,1.3840147180551496,0.8304088308330896,0.5536058872220601,0.06416102497990642,0.04267653663211135,0.055967189715903864,1.2768876575586705,0.14105820166625688,0.007243996047000349,0.7034684574583672,0.33802747635083613,-0.003656759591649829,0.04303397745796028,3.047433293411731,2.316193455586925,2.203271034948016,0.11292242063890888,1.4069370974395252,0.8441622584637152,0.56277483897581,0.06249455882180252,0.041264784051390925,0.054472020910292795,1.288588132249612,0.13319341075008376,0.007331104645118988
2245,0.6920073225576988,0.33556719999115947,0.0037058123508783083,0.042332853656494626,2.9571757585838165,2.2449142621188285,2.1267669320222145,0.11814733009661396,1.3840147109360037,0.830408826561602,0.5536058843744017,0.06416102541170234,0.04267653699790877,0.055967190122923144,1.2768876545516923,0.14105820157653334,0.007243996044956696,0.7034684536502973,0.33802747691695334,-0.0036567592623239636,0.043033977143329696,3.047433238189894,2.3161934163016173,2.203270990677546,0.11292242562407113,1.406937079187246,0.8441622475123476,0.5627748316748984,0.06249456016532387,0.041264785189559686,0.054472022153889944,1.288588122690709,0.1331934103630687,0.007331104631163836
2246,0.6920073217518896,0.33556720022711634,0.0037058127574496127,0.04233285353084467,2.9571757438390263,2.2449142526354517,2.1267669212266607,0.11814733140879104,1.3840147043539432,0.8304088226123657,0.5536058817415775,0.06416102581550961,0.042676537339995504,0.05596719050337377,1.2768876517389884,0.1410582014941955,0.007243996043092347,0.7034684500475524,0.3380274774504596,-0.0036567589562763667,0.04303397684127702,3.0474331860177997,2.316193379154577,2.203270948818651,0.11292243033592589,1.406937061998581,0.8441622371991485,0.5627748247994325,0.06249456143843936,0.041264786268083886,0.054472023331983546,1.2885881136322015,0.13319340999702528,0.007331104617938714
2247,0.6920073210093493,0.3355672004466877,0.0037058131382373197,0.042332853409075624,2.9571757302069495,2.244914243868959,2.1267669112455936,0.11814733262336548,1.384014698268927,0.830408818961356,0.553605879307571,0.0641610261935469,0.042676537660251104,0.05596719085935524,1.2768876491051664,0.1410582014187133,0.007243996041396821,0.7034684466385701,0.3380274779536459,-0.003656758671695938,0.04303397655109609,3.0474331367143463,2.3161933440203306,2.2032709092294063,0.11292243479092419,1.4069370458082333,0.8441622274849399,0.5627748183232935,0.06249456264535071,0.04126478729052302,0.05447202444849413,1.2885881050442327,0.13319340965079565,0.007331104605407389
2248,0.6920073203252761,0.3355672006513085,0.0037058134950352303,0.04233285329089494,2.95717571760101,2.2449142357628546,2.1267669020146682,0.11814733374818659,1.3840146926439039,0.830408815586342,0.5536058770575618,0.06416102654787036,0.04267653796041745,0.055967191192812196,1.276887646635962,0.14105820134957534,0.00724399603985932,0.7034684434123614,0.33802747842860054,-0.003656758406954251,0.04303397627211561,3.047433090109191,2.316193310780611,2.203270871776117,0.11292243900449442,1.4069370305551236,0.8441622183330741,0.5627748122220495,0.06249456379000386,0.041264788260219905,0.05447202550710177,1.2885880968987644,0.13319340932327067,0.007331104593534478
2249,0.6920073196951279,0.3355672008422625,0.003705813829470099,0.042332853176025836,2.9571757059407275,2.2449142282644963,2.1267668934739867,0.1181473347905096,1.3840146874445687,0.8304088124667409,0.5536058749778278,0.06416102688038461,0.04267653824210804,0.05596719150554523,1.2768876443181614,0.1410582012862908,0.007243996038468849,0.703468440358489,0.3380274788772284,-0.003656758160580739,0.04303397600369801,3.0474330460421206,2.316193279323976,2.2032708363328704,0.11292244299110561,1.4069370161820836,0.84416220970925,0.5627748064728335,0.062494564876104,0.0412647891803134,0.05447202651126053,1.2885880891694668,0.1331934090133893,0.007331104582285525
2250,0.6920073191146155,0.33556720102069676,0.0037058141430260302,0.04233285306420695,2.9571756951513275,2.244914221324881,2.126766885567845,0.11814733575703587,1.3840146826391375,0.8304088095834823,0.5536058730556552,0.06416102719285245,0.04267653850681627,0.055967191799220384,1.2768876421395348,0.14105820122838958,0.007243996037214334,0.7034684374670492,0.338027479301267,-0.003656757931244037,0.0430339757452383,3.04743300436247,2.316193249545451,2.2032708027811263,0.11292244676432493,1.4069370026355732,0.8441622015813438,0.5627748010542294,0.06249456590712975,0.041264790053750444,0.05447202746421201,1.2885880818316229,0.1331934087201384,0.007331104571627084
2251,0.6920073185796995,0.33556720118763766,0.0037058144370595847,0.042332852955191964,2.957175685163387,2.2449142148984507,2.126766878244499,0.11814733665395175,1.384014678198147,0.830408806918888,0.5536058712792591,0.06416102748690432,0.042676538755923324,0.055967192075378244,1.276887640088771,0.14105820117542342,0.007243996036084799,0.703468434728656,0.338027479702304,-0.003656757717732037,0.04303397549616288,3.0474329649285936,2.3161932213462104,2.2032707710093384,0.11292245033687216,1.4069369898654256,0.8441621939192553,0.5627747959461703,0.06249456688634618,0.041264790883297035,0.05447202836899786,1.2885880748620315,0.13319340844255242,0.007331104561526825
2252,0.6920073180865831,0.3355672013440027,0.003705814712816724,0.04233285284874932,2.9571756759124943,2.2449142089428946,2.1267668714559314,0.11814733748696338,1.3840146740942723,0.8304088044565632,0.5536058696377091,0.06416102776404672,0.04267653899070547,0.0559671923354422,1.2768876381554184,0.14105820112696668,0.00724399603506942,0.7034684321344202,0.3380274800817906,-0.0036567575189380835,0.0430339752559285,3.047432927607342,2.3161931946332452,2.203270740912574,0.11292245372067128,1.4069369778246141,0.8441621866947684,0.5627747911298457,0.06249456781681725,0.041264791671548826,0.05447202922847161,1.2885880682389206,0.13319340817971237,0.007331104551953564
2253,0.6920073176317069,0.3355672014906127,0.00370581497144698,0.04233285274466178,2.957175667338947,2.2449142034189795,2.1267668651576503,0.11814733826132913,1.3840146703021614,0.8304088021812968,0.5536058681208647,0.06416102802567035,0.042676539212340825,0.055967192580726285,1.2768876363298292,0.14105820108261652,0.007243996034157635,0.7034684296759355,0.33802748044105624,-0.003656757333845989,0.043033975024021204,3.047432892273601,2.316193169319077,2.203270712392179,0.11292245692689823,1.4069369664690365,0.8441621798814218,0.5627747865876147,0.06249456870141751,0.041264792420941,0.05447203004530986,1.2885880619418646,0.13319340793074574,0.0073311045428773505
2254,0.6920073172117456,0.3355672016282038,0.0037058152140156397,0.04233285264272617,2.9571756593874596,2.2449141982903793,2.1267668593084874,0.11814733898189173,1.3840146667982869,0.8304088000789721,0.5536058667193148,0.06416102827305761,0.04267653942191582,0.05596719281244238,1.2768876346031066,0.14105820104199418,0.007243996033339263,0.7034684273452602,0.3380274807813203,-0.003656757161517865,0.043033974799955216,3.047432858809836,2.3161931453214706,2.2032706853554442,0.11292245996602619,1.40693695575732,0.8441621734543918,0.5627747823029281,0.06249456954284304,0.041264793133757555,0.05447203082202259,1.2885880559517053,0.13319340769482552,0.0073311045342694964
2255,0.6920073168235992,0.33556720175743643,0.003705815441515041,0.04233285254275285,2.9571756520068977,2.2449141935235186,2.1267668538704134,0.11814733965310509,1.3840146635608075,0.8304087981364845,0.553605865424323,0.06416102850738971,0.04267653962043105,0.0559671930317071,1.2768876329670558,0.14105820100474403,0.007243996032604541,0.703468425134901,0.3380274811037037,-0.0036567570010831232,0.04303397458327191,3.0474328271056774,2.3161931225631616,2.203270659715294,0.1129224628478678,1.40693694565064,0.8441621673903839,0.5627747782602561,0.06249457034362195,0.04126479381214018,0.05447203156096317,1.2885880502504792,0.13319340747116937,0.007331104526102623
2256,0.6920073164643885,0.33556720187890543,0.0037058156548734275,0.04233285244456532,2.957175645150017,2.2449141890874125,2.126766848808349,0.11814734027906355,1.3840146605694468,0.8304087963416681,0.5536058642277787,0.06416102872975342,0.04267653980880725,0.0559671932395482,1.276887631414137,0.14105820097053462,0.007243996031944203,0.7034684230377951,0.3380274814092393,-0.0036567568517313354,0.04303397437353864,3.047432797057507,2.31619310097159,2.203270635389973,0.11292246558161688,1.4069369361125565,0.8441621616675339,0.5627747744450227,0.06249457110612439,0.04126479445809676,0.05447203226433778,1.2885880448213438,0.1331934072590387,0.007331104518350657
2257,0.6920073161314482,0.33556720199314805,0.003705815854963705,0.04233285234799976,2.957175638773227,2.2449141849535255,2.126766844089999,0.11814734086352635,1.38401465780538,0.830408794683228,0.553605863122152,0.06416102894114759,0.04267653998789055,0.055967193436910756,1.2768876299374203,0.1410582009390582,0.007243996031349535,0.7034684210472953,0.3380274816988823,-0.0036567567127010897,0.04303397417034768,3.047432768568088,2.3161930804786577,2.203270612302772,0.1129224681758859,1.40693692710886,0.8441621562653161,0.562774770843544,0.06249457183257193,0.04126479507350932,0.05447203293421424,1.2885880396485134,0.13319340705773755,0.007331104510988888
2258,0.6920073158223192,0.3355672021006518,0.003705816042608466,0.04233285225290436,2.957175632836355,2.2449141810956195,2.1267668396856765,0.11814734140994282,1.3840146552511314,0.8304087931506788,0.5536058621004526,0.06416102914248915,0.04267654015845775,0.05596719362466295,1.2768876285305455,0.1410582009100307,0.007243996030812402,0.7034684191571503,0.3380274819735167,-0.0036567565832780966,0.04303397397331499,3.047432741546197,2.316193061020479,2.203270590381737,0.11292247063874182,1.4069369186074332,0.8441621511644599,0.5627747674429733,0.06249457252504656,0.041264795660141594,0.05447203357253043,1.2885880347171943,0.1331934068666114,0.0073311045039939175
2259,0.6920073155347398,0.33556720220186004,0.003705816218587357,0.04233285215913877,2.957175627302429,2.244914177489614,2.12676683556814,0.11814734192147419,1.3840146528904822,0.8304087917342893,0.5536058611561929,0.06416102933461909,0.04267654032122129,0.055967193803601614,1.2768876271876772,0.1410582008831911,0.007243996030325283,0.7034684173614884,0.3380274822339643,-0.0036567564627859248,0.043033973782079,3.047432715906271,2.316193042537141,2.203270569559399,0.11292247297774188,1.4069369105781198,0.8441621463468719,0.5627747642312478,0.062494573185499516,0.04126479621964661,0.054472034181102594,1.2885880300135204,0.1331934066850457,0.00733110449734368
2260,0.6920073152666382,0.33556720229717935,0.003705816383641307,0.04233285206657331,2.957175622137465,2.244914174113452,2.1267668317124357,0.11814734240101657,1.3840146507083821,0.8304087904250294,0.5536058602833528,0.06416102951830789,0.042676540476833905,0.05596719397445736,1.27688762590347,0.14105820085830087,0.007243996029881282,0.7034684156547999,0.3380274824809915,-0.003656756350584163,0.04303397359629933,3.047432691568077,2.3161930249724794,2.2032705497725136,0.11292247519996595,1.4069369029926055,0.8441621417955634,0.5627747611970422,0.06249457381575944,0.04126479675357349,0.054472034761632857,1.2885880255244992,0.1331934065124646,0.00733110449101743
2261,0.692007315016122,0.33556720238698307,0.003705816538476056,0.04233285197508818,2.9571756173102663,2.2449141709469638,2.1267668280957435,0.11814734285122018,1.3840146486908713,0.8304087892145229,0.5536058594763484,0.06416102969426106,0.042676540625893225,0.05596719413789976,1.27688762467303,0.14105820083514345,0.007243996029474128,0.7034684140319172,0.33802748271531396,-0.0036567562460636943,0.04303397341565535,3.0474326684563957,2.3161930082738595,2.203270530961813,0.11292247731204641,1.4069368958243047,0.8441621374945829,0.5627747583297218,0.06249457441754011,0.04126479726337407,0.05447203531571647,1.2885880212379517,0.1331934063483288,0.007331104484995644
2262,0.6920073147814696,0.3355672024716167,0.003705816683764254,0.04233285188457256,2.9571756127922315,2.2449141679717353,2.126766824697226,0.11814734327450926,1.384014646825009,0.8304087880950054,0.5536058587300036,0.06416102986312414,0.04267654076894618,0.055967194294542014,1.2768876234918785,0.14105820081352277,0.007243996029098176,0.7034684124879979,0.33802748293760204,-0.0036567561486460787,0.043033973239844744,3.0474326465007064,2.31619299239195,2.2032705130717516,0.11292247932019861,1.4069368890482579,0.8441621334289547,0.5627747556193031,0.06249457499244836,0.04126479775040958,0.05447203584484913,1.2885880171424609,0.13319340619213418,0.00733110447926006
2263,0.6920073145611177,0.3355672025514002,0.0037058168201501984,0.04233285179492346,2.9571756085571597,2.2449141651709783,2.1267668214978785,0.11814734367309981,1.3840146450988018,0.8304087870592811,0.5536058580395207,0.06416103002548776,0.04267654090649309,0.05596719444494558,1.2768876223559178,0.14105820079326262,0.007243996028748363,0.7034684110185055,0.33802748314848496,-0.0036567560577785915,0.043033973068581935,3.047432625634905,2.3161929772805334,2.203270496050286,0.11292248123024727,1.4069368826410316,0.844162129584619,0.5627747530564126,0.06249457554199103,0.041264798215956563,0.054472036350433344,1.288588013227319,0.13319340604340973,0.0073311044737935675
2264,0.6920073143536528,0.33556720262663237,0.0037058169482497016,0.042332851706044616,2.9571756045810864,2.244914162529416,2.1267668184803994,0.11814734404901649,1.3840146435011453,0.8304087861006871,0.5536058574004582,0.06416103018189229,0.042676541038991725,0.05596719458962442,1.276887621261399,0.14105820077420497,0.007243996028420206,0.7034684096191893,0.33802748334855337,-0.00365675597293455,0.043033972901596204,3.0474326057970083,2.3161929628962836,2.2032704798486304,0.11292248304765332,1.4069368765806294,0.8441621259483777,0.5627747506322517,0.06249457606758218,0.04126479866121292,0.05447203683378507,1.2885880094824786,0.13319340590171513,0.007331104468580138
2265,0.6920073141577979,0.3355672026975913,0.003705817068651966,0.042332851617844953,2.9571756008420977,2.2449141600331495,2.126766815629041,0.11814734440410826,1.3840146420217614,0.8304087852130567,0.5536058568087047,0.06416103033283257,0.0426765411668613,0.05596719472904942,1.276887620204889,0.141058200756209,0.007243996028109754,0.7034684082860656,0.3380274835383623,-0.003656755893612529,0.04303397273862981,3.0474325869288896,2.316192949198585,2.2032704644210472,0.11292248477753769,1.406936870846404,0.8441621225078425,0.5627747483385616,0.06249457657054969,0.04126479908730359,0.054472037296139766,1.2885880058985038,0.13319340576663913,0.00733110446360478
2266,0.6920073139724005,0.33556720276453667,0.003705817181921686,0.04233285153023686,2.9571755973201705,2.244914157669547,2.1267668129294837,0.11814734474006312,1.3840146406511449,0.8304087843906868,0.5536058562604581,0.06416103047876241,0.04267654129048627,0.05596719486365237,1.2768876191832401,0.14105820073914888,0.007243996027813521,0.7034684070153956,0.338027483718432,-0.0036567558193348615,0.043033972579435566,3.047432568976006,2.3161929361493248,2.20327044972462,0.11292248642470484,1.4069368654189767,0.844162119251386,0.5627747461675907,0.06249457705214202,0.041264799495286206,0.05447203773865844,1.2885880024665233,0.1331934056377963,0.00733110445885341
2267,0.6920073137964192,0.3355672028277096,0.003705817288599471,0.04233285144313407,2.957175593997006,2.2449141554271215,2.1267668103687,0.11814734505842145,1.3840146393805106,0.8304087836283062,0.5536058557522044,0.06416103062009909,0.04267654141022015,0.05596719499382996,1.2768876181935567,0.14105820072291234,0.007243996027528433,0.7034684058036659,0.3380274838892485,-0.0036567557496478137,0.04303397242377419,3.04743255188715,2.316192923712719,2.2032704357190553,0.11292248799366339,1.406936860280158,0.8441621161680948,0.5627747441120632,0.062494577513534634,0.04126479988615656,0.05447203816243344,1.2885879991781843,0.13319340551482484,0.007331104454312759
2268,0.6920073136289094,0.33556720288733244,0.003705817389201546,0.04233285135644901,2.9571755908558703,2.2449141532954138,2.1267668079348248,0.11814734536058909,1.3840146382017433,0.8304087829210458,0.5536058552806975,0.06416103075722808,0.042676541526389423,0.05596719511994791,1.276887617233165,0.14105820070739825,0.0072439960272517295,0.7034684046475638,0.33802748405126254,-0.003656755684120848,0.04303397227141096,3.047432535614185,2.3161929118551066,2.20327042236646,0.11292248948864686,1.4069368554128752,0.844162113247725,0.5627747421651501,0.06249457795583649,0.041264800260854106,0.05447203856849425,1.288587996025607,0.13319340539738336,0.007331104449970245
2269,0.6920073134690078,0.33556720294360703,0.0037058174842210384,0.04233285127008926,2.9571755878814354,2.244914151264873,2.126766805617025,0.11814734564784822,1.384014637107351,0.8304087822644104,0.5536058548429406,0.06416103089050737,0.04267654163929743,0.055967195242344794,1.2768876162995806,0.14105820069251437,0.007243996026980877,0.7034684035439521,0.33802748420488676,-0.0036567556223487258,0.04303397212211145,3.0474325201118004,2.316192900544772,2.2032704096311404,0.11292249091363166,1.4069368508011004,0.8441621104806603,0.5627747403204402,0.06249457838009646,0.04126480062026741,0.05447203895781301,1.2885879930013386,0.13319340528514725,0.007331104445813786
2270,0.6920073133159107,0.3355672029967108,0.003705817574129265,0.04233285118395316,2.957175585059607,2.244914149326725,2.1267668034053564,0.11814734592136822,1.3840146360904177,0.8304087816542505,0.5536058544361673,0.06416103102027304,0.04267654174922888,0.05596719536133665,1.2768876153904731,0.14105820067817385,0.007243996026713417,0.7034684024898401,0.3380274843504913,-0.003656755563949232,0.04303397197563627,3.047432505337243,2.316192889751729,2.2032703974793746,0.11292249227235462,1.4069368464297807,0.8441621078578684,0.5627747385719123,0.062494578787310504,0.0412648009652402,0.05447203933131074,1.288587990098302,0.13319340517780456,0.00733110444183163
2271,0.6920073131688533,0.33556720304679155,0.003705817659374132,0.04233285109792374,2.957175582377357,2.2449141474728362,2.126766801290622,0.11814734618221455,1.3840146351445586,0.830408781086735,0.5536058540578236,0.06416103114684417,0.042676541856454045,0.05596719547722094,1.2768876145036279,0.14105820066429137,0.007243996026446778,0.7034684014823491,0.3380274844883963,-0.003656755508565368,0.04303397183173402,3.0474324912500474,2.316192879447515,2.2032703858791853,0.11292249356832934,1.4069368422847701,0.8441621053708621,0.562774736913908,0.0624945791784286,0.04126480129657725,0.05447203968986307,1.2885879873097466,0.13319340507505048,0.0073311044380120665
2272,0.6920073130270779,0.3355672030939586,0.0037058177403829495,0.04233285101186049,2.9571755798225157,2.2449141456955495,2.1267667992641917,0.1181473464313579,1.3840146342638733,0.8304087805583238,0.5536058537055495,0.06416103127052923,0.04267654196123428,0.05596719559028172,1.2768876136369054,0.14105820065077795,0.007243996026178022,0.7034684005186687,0.3380274846188595,-0.0036567554558692775,0.04303397169013179,3.04743247781174,2.316192869604941,2.2032703748000824,0.11292249480485875,1.406936838352763,0.8441621030116578,0.5627747353411051,0.062494579554362634,0.041264801615051076,0.05447204003430667,1.2885879846291934,0.13319340497658083,0.00733110443434308
2273,0.6920073128897939,0.335567203138268,0.0037058178175574386,0.042332850925588014,2.957175577383551,2.2449141439874896,2.1267667973178104,0.11814734666967915,1.3840146334429015,0.8304087800657407,0.5536058533771608,0.06416103139163315,0.04267654206382787,0.055967195700794885,1.2768876127881907,0.14105820063753371,0.007243996025903491,0.7034683995960002,0.3380274847420585,-0.0036567554055606244,0.04303397155052223,3.0474324649854894,2.3161928601978063,2.2032703642127576,0.11292249598504885,1.40693683462122,0.844162100772732,0.5627747338484881,0.06249457991599546,0.04126480192140958,0.05447204036544627,1.2885879820503678,0.1331934048820826,0.0073311044308118495
2274,0.6920073127561217,0.3355672031797023,0.0037058178912793838,0.04233285083887934,2.9571755750492748,2.2449141423413086,2.126766795443333,0.11814734689797551,1.3840146326765703,0.830408779605942,0.5536058530706284,0.06416103151046432,0.04267654216449612,0.05596719580903311,1.2768876119553432,0.14105820062443705,0.007243996025618255,0.7034683987114815,0.3380274848580628,-0.0036567553573717826,0.04303397141254471,3.047432452735701,2.316192851200539,2.203270354088722,0.11292249711181693,1.4069368310782981,0.8441620986469788,0.5627747324313194,0.06249458026418969,0.041264802216383525,0.0544720406840611,1.2885879795671418,0.1331934047912208,0.007331104427404063
2275,0.6920073126250128,0.3355672032181374,0.00370581796190278,0.04233285075143331,2.9571755728084717,2.244914140749351,2.126766793632389,0.11814734711696172,1.3840146319601379,0.8304087791760825,0.5536058527840554,0.06416103162734661,0.04267654226351336,0.055967195915274395,1.2768876111361172,0.14105820061133018,0.007243996025315377,0.7034683978620796,0.33802748496679214,-0.003656755311072367,0.043033971275759836,3.0474324410274938,2.3161928425877334,2.203270344399835,0.11292249818789811,1.4069368277127645,0.8441620966276586,0.5627747310851059,0.06249458059980133,0.04126480250069808,0.054472040990914766,1.2885879771734317,0.13319340470362065,0.007331104424102908
2276,0.6920073124951295,0.3355672032532918,0.0037058180297573212,0.04233285066283995,2.9571755706493783,2.2449141392031704,2.1267667918759026,0.1181473473272679,1.3840146312891268,0.8304087787734759,0.553605852515651,0.06416103174263033,0.04267654236117635,0.05596719601980866,1.2768876103280817,0.14105820059799604,0.007243996024984699,0.7034683970444353,0.3380274850679531,-0.003656755266478129,0.04303397113961083,3.047432429825995,2.3161928343335,2.2032703351176526,0.11292249921584747,1.406936824513904,0.8441620947083424,0.5627747298055616,0.062494580923692866,0.04126480277508392,0.05447204128676357,1.2885879748631104,0.13319340461884005,0.007331104420887557
2277,0.6920073123646698,0.33556720328465184,0.003705818095137002,0.04233285057253081,2.9571755685589505,2.2449141376928408,2.1267667901634066,0.11814734752943426,1.3840146306592402,0.830408778395544,0.5536058522636963,0.06416103185670997,0.04267654245781933,0.05596719612294901,1.2768876095285,0.14105820058412516,0.007243996024611132,0.7034683962546379,0.33802748516094255,-0.0036567552234623574,0.043033971003368185,3.0474324190953803,2.316192826410574,2.20327032621254,0.1129225001980338,1.4069368214714006,0.8441620928828403,0.5627747285885604,0.062494581236752715,0.04126480304029366,0.054472041572368804,1.2885879726298635,0.13319340453632986,0.007331104417730954
2278,0.6920073122311021,0.33556720331135376,0.0037058181583009622,0.042332850479704025,2.957175566521794,2.244914136205939,2.126766788482044,0.11814734772389504,1.3840146300662501,0.83040877803975,0.5536058520265001,0.0641610319700445,0.04267654255383106,0.05596719622504239,1.2768876087341883,0.14105820056926452,0.0072439960241719985,0.7034683954878851,0.33802748524469906,-0.0036567551819711927,0.043033970866046226,3.047432408797484,2.3161928187889944,2.203270317652371,0.11292250113662333,1.4069368185751883,0.844162091145113,0.5627747274300753,0.0624945815399173,0.04126480329712058,0.05447204184850876,1.2885879704670375,0.13319340445537325,0.007331104414596442
2279,0.6920073120907558,0.3355672033320011,0.003705818219462996,0.042332850383210247,2.9571755645185682,2.24491413472601,2.126766786815061,0.11814734791094877,1.3840146295058455,0.8304087777035072,0.5536058518023383,0.06416103208318175,0.042676542649675686,0.05596719632648037,1.2768876079413463,0.14105820055273902,0.007243996023632883,0.7034683947379632,0.3380274853174701,-0.003656755142046088,0.0430339707262765,3.0474323988897756,2.316192811434168,2.2032703094006276,0.1129225020335401,1.4069368158152464,0.844162089489148,0.5627747263260985,0.062494581834196664,0.04126480354642037,0.05447204211598963,1.2885879683674561,0.13319340437499294,0.007331104411432502
2280,0.6920073119381825,0.33556720334437373,0.0037058182788035146,0.042332850281373555,2.957175562523574,2.2449141332302265,2.1267667851395267,0.1181473480907,1.3840146289734119,0.8304087773840471,0.5536058515893648,0.06416103219678178,0.04267654274591233,0.055967196427702065,1.2768876071453943,0.14105820053352805,0.0072439960229411845,0.703468393996432,0.3380274853764396,-0.0036567551038400106,0.04303397058210878,3.0474323893223083,2.3161928043039066,2.2032703014135198,0.11292250289038686,1.406936813181314,0.8441620879087885,0.5627747252725255,0.06249458212069772,0.04126480378913073,0.054472042375647095,1.2885879663232531,0.13319340429380327,0.0073311044081644985
2281,0.6920073117651269,0.33556720334495305,0.0037058183365181047,0.042332850171697425,2.9571755605009744,2.244914131685699,2.12676678342275,0.11814734826294876,1.3840146284637074,0.8304087770782244,0.553605851385483,0.06416103231162304,0.04267654284320051,0.05596719652916993,1.276887606340932,0.14105820051006507,0.007243996022015559,0.7034683932512925,0.3380274854171023,-0.0036567550676144256,0.04303397043068412,3.0474323800329746,2.3161927973437706,2.203270293635493,0.11292250370827746,1.4069368106624691,0.8441620863974816,0.5627747242649875,0.06249458240062572,0.041264804026272695,0.05447204262831546,1.288587964325865,0.13319340420976772,0.007331104404680912
2282,0.6920073115587884,0.33556720332809997,0.003705813954266321,0.04233285005034959,2.9571755583987036,2.2449141300434468,2.1267667816164866,0.11814734842696027,1.384014627970362,0.8304087767822171,0.5536058511881449,0.06416103242853805,0.04267654294224546,0.05596719663125839,1.2768876055221838,0.14105820047989737,0.007243996020727971,0.7034683924846874,0.338027485432153,-0.003656776330395649,0.04303397026766066,3.0474323709398403,2.3161927904794215,2.2032702859919517,0.11292250448746954,1.4069368082464808,0.8441620849478886,0.5627747232985922,0.0624945826752024,0.041264804258881294,0.05447204287469664,1.2885879623666097,0.13319340411977537,0.007331104400809344
2283,0.6920073122162724,0.33556720368881127,0.0037058203185498934,0.04233285033725173,2.957175556138078,2.2449141309850003,2.126766782267532,0.11814734871746842,1.3840146231175767,0.830408773870546,0.5536058492470307,0.06416103228709283,0.04267654282241965,0.05596719665856847,1.276887606493966,0.14105820057948648,0.007243996028049734,0.7034683939547681,0.33802748605107497,-0.0036567491031679333,0.043033970616893825,3.0474323619279624,2.316192795548542,2.2032702909463375,0.11292250460220461,1.4069367849693748,0.844162070981625,0.5627747139877498,0.06249458246064438,0.04126480407711773,0.05447204291082963,1.288587963881053,0.13319340425732534,0.007331104415190208
2284,0.6920073118436438,0.33556720357969366,0.003705818220496336,0.04233285012775209,2.9571755552623893,2.2449141293792225,2.1267667806028623,0.11814734877636013,1.3840146244325446,0.8304087746595268,0.5536058497730179,0.06416103246348545,0.04267654297185128,0.05596719675738692,1.2768876052629885,0.14105820053069346,0.007243996024899498,0.7034683928674175,0.3380274859451717,-0.0036567545053712985,0.043033970354187795,3.0474323551076457,2.3161927877181636,2.203270282361924,0.11292250535623959,1.406936787909536,0.8441620727457217,0.5627747151638143,0.06249458281730348,0.041264804379262714,0.05447204316000048,1.2885879613389597,0.13319340414484246,0.007331104408332236
2285,0.6920073119189862,0.33556720368785214,0.0037058192003476265,0.04233285010431162,2.9571755538299977,2.2449141285991385,2.126766779617625,0.11814734898151356,1.3840146236872877,0.8304087742123727,0.553605849474915,0.064161032501341,0.04267654300392072,0.0559671968136681,1.276887604993008,0.14105820054976764,0.007243996026439146,0.7034683924923127,0.3380274860961415,-0.0036567530856955813,0.04303397029957454,3.047432347890378,2.316192782545797,2.203270276449477,0.11292250609632021,1.4069367857348347,0.8441620714409009,0.5627747142939338,0.062494582991004015,0.04126480452641372,0.05447204334007529,1.2885879600968155,0.1331934041164822,0.007331104407980035
2286,0.6920073117859392,0.335567203696765,0.003705818789708784,0.04233285001206522,2.95717555262544,2.2449141274424536,2.126766778322656,0.11814734911979732,1.3840146238379727,0.8304087743027837,0.553605849535189,0.06416103260593635,0.042676543092529044,0.05596719689929249,1.2768876042601336,0.141058200537628,0.007243996025816299,0.7034683918936872,0.3380274861409275,-0.0036567536304679266,0.0430339701738747,3.0474323411708255,2.316192776947466,2.20327027018005,0.11292250676741578,1.4069367849846253,0.8441620709907752,0.56277471399385,0.06249458323017325,0.04126480472902677,0.054472043546529174,1.2885879583895907,0.13319340405838662,0.007331104405311552
2287,0.692007311740521,0.3355672037427561,0.003705819006920026,0.04233284994207004,2.9571755513425386,2.2449141264768744,2.1267667771994114,0.1181473492774628,1.3840146235718782,0.830408774143127,0.5536058494287512,0.06416103268694323,0.042676543161154296,0.055967196974662084,1.2768876036910077,0.14105820053739382,0.007243996026053984,0.7034683914085088,0.33802748622211004,-0.003656753459080779,0.043033970072120155,3.047432334611942,2.3161927717710213,2.2032702643395172,0.11292250743150417,1.4069367837873743,0.8441620702724246,0.5627747135149497,0.06249458343975306,0.041264804906573034,0.05447204373744756,1.288587956892731,0.13319340401397567,0.0073311044036307935
2288,0.6920073116582712,0.33556720377280724,0.003705818956607723,0.04233284986386941,2.957175550090699,2.2449141254288967,2.1267667760020736,0.11814734942682299,1.3840146234810424,0.8304087740886256,0.5536058493924169,0.06416103277988186,0.04267654323988759,0.05596719705708629,1.2768876030392056,0.14105820053200763,0.007243996025926246,0.7034683909061766,0.3380274862862365,-0.0036567535622348823,0.04303396996334438,3.0474323283183575,2.3161927666940083,2.203270258628147,0.11292250806586124,1.4069367828170174,0.8441620696902106,0.5627747131268068,0.06249458365523224,0.04126480508911697,0.05447204393006874,1.28858795535406,0.13319340396679924,0.007331104401676619
2289,0.6920073115874115,0.3355672038060854,0.003705819007640762,0.04233284978724264,2.957175548832195,2.2449141244178805,2.1267667748422694,0.11814734957561118,1.3840146233165425,0.8304087739899256,0.5536058493266168,0.06416103287116584,0.04267654331721913,0.0559671971391968,1.276887602398984,0.14105820052773027,0.00724399602589367,0.7034683904340198,0.33802748635212015,-0.0036567535615700322,0.043033969857228446,3.04743232224279,2.3161927618334683,2.203270253155378,0.11292250867809056,1.4069367818123533,0.8441620690874121,0.5627747127249412,0.06249458386366538,0.04126480526569183,0.05447204411748841,1.2885879538655645,0.13319340392258,0.007331104399900072
2290,0.6920073115111097,0.33556720383654687,0.0037058190215042905,0.042332849709411265,2.9571755475786308,2.2449141233962324,2.126766773673737,0.11814734972249533,1.384014623174823,0.8304087739048939,0.5536058492699291,0.06416103296492126,0.042676543396644354,0.05596719722319082,1.2768876017417172,0.14105820052254517,0.007243996025802259,0.703468389974764,0.33802748641391234,-0.003656753594352441,0.04303396975101244,3.0474323163878085,2.316192757134833,2.2032702478669846,0.11292250926784862,1.4069367808680395,0.8441620685208239,0.5627747123472157,0.0624945840691361,0.041264805439757066,0.05447204430192873,1.288587952398227,0.13319340387938036,0.007331104398147461
2291,0.6920073114350761,0.3355672038662086,0.003705819046496951,0.04233284963126459,2.957175546326834,2.2449141223812634,2.126766772513502,0.11814734986776126,1.3840146230222197,0.8304087738133319,0.5536058492088878,0.06416103305948265,0.042676543476752364,0.055967197308013694,1.2768876010789594,0.1410582005171363,0.007243996025703907,0.7034683895330951,0.33802748647355063,-0.0036567536138374587,0.04303396964551174,3.0474323107414603,2.316192752607911,2.203270242771743,0.11292250983616808,1.406936779949528,0.844162067969717,0.562774711979811,0.062494584270273296,0.041264805610151126,0.054472044482573825,1.2885879509617908,0.13319340383772824,0.007331104396464247
2292,0.6920073113578296,0.3355672038946832,0.003705819067538925,0.04233284955266851,2.957175545078198,2.2449141213676795,2.1267667713561065,0.11814735001157298,1.3840146228701522,0.8304087737220914,0.5536058491480608,0.06416103315500073,0.04267654355767084,0.05596719739367807,1.276887600409665,0.14105820051137086,0.007243996025586579,0.7034683891068516,0.33802748653070097,-0.0036567536345095755,0.0430339695405602,3.047432305296459,2.316192748240755,2.203270237856745,0.11292251038401047,1.4069367790661902,0.8441620674397143,0.5627747116264759,0.062494584467394615,0.04126480577714314,0.05447204465959492,1.2885879495539974,0.13319340379742428,0.007331104394835466
2293,0.6920073112800643,0.33556720392224787,0.003705819089447296,0.04233284947375358,2.957175543833256,2.244914120357833,2.1267667702038606,0.11814735015397258,1.384014622715659,0.8304087736293954,0.5536058490862635,0.06416103325114353,0.04267654363911855,0.05596719747991792,1.276887599736137,0.14105820050535137,0.007243996025456917,0.703468388695963,0.338027486585662,-0.0036567536519126545,0.04303396943624394,3.0474323000449584,2.3161927440289314,2.203270233116736,0.1129225109121955,1.4069367782137034,0.8441620669282223,0.5627747112854812,0.06249458466037627,0.041264805940628216,0.05447204483291019,1.2885879481757274,0.1331934037584836,0.007331104393263961
2294,0.6920073112018317,0.33556720394898215,0.003705819111032578,0.04233284939456762,2.9571755425927644,2.2449141193517335,2.126766769056687,0.11814735029504636,1.3840146225601286,0.8304087735360772,0.5536058490240514,0.06416103334774897,0.04267654372095817,0.05596719756657792,1.2768875990594997,0.14105820049910944,0.0072439960253160305,0.7034683882997811,0.33802748663854915,-0.0036567536672608217,0.0430339693325711,3.047432294979582,2.3161927399659925,2.2032702285444263,0.11292251142156605,1.4069367773919257,0.8441620664351556,0.5627747109567701,0.062494584849247664,0.04126480610063127,0.05447204500253697,1.2885879468267705,0.1331934037208614,0.007331104391747557
2295,0.6920073111234033,0.3355672039750266,0.0037058191329192997,0.042332849315180124,2.9571755413576626,2.2449141183503096,2.1267667679154645,0.11814735043484492,1.3840146224036634,0.8304087734421981,0.5536058489614653,0.06416103344463128,0.04267654380303237,0.055967197653494075,1.2768875983810413,0.14105820049270207,0.007243996025166861,0.703468387917898,0.33802748668953947,-0.003656753680053332,0.043033969229572235,3.0474322900934205,2.316192736046593,2.203270224133683,0.11292251191290997,1.406936776599562,0.8441620659597373,0.5627747106398246,0.06249458503401361,0.04126480625715638,0.054472045168482204,1.2885879455070937,0.13319340368453986,0.007331104390286012
2296,0.6920073110449811,0.33556720400049694,0.0037058191550966638,0.04233284923564658,2.957175540128917,2.2449141173542513,2.126766766780833,0.1181473505734184,1.3840146222468064,0.8304087733480839,0.5536058488987224,0.0641610335416412,0.04267654388521465,0.055967197740530814,1.2768875977017982,0.14105820048617715,0.007243996025011702,0.7034683875498664,0.33802748673878724,-0.0036567536903952813,0.043033969127265155,3.0474322853798737,2.316192732265386,2.2032702198783958,0.11292251238699036,1.406936775835796,0.8441620655014778,0.5627747103343183,0.062494585214709505,0.04126480641023354,0.05447204533077617,1.2885879442164447,0.13319340364949628,0.007331104388878629
2297,0.692007310966834,0.33556720402553075,0.0037058191778287577,0.042332849156029334,2.9571755389077032,2.2449141163645345,2.1267667656537257,0.11814735071080906,1.3840146220899623,0.8304087732539774,0.5536058488359848,0.06416103363863619,0.042676543967384295,0.055967197827561134,1.2768875970227584,0.14105820047959336,0.007243996024853451,0.7034683871953341,0.33802748678647027,-0.0036567536981154183,0.04303396902567628,3.0474322808328425,2.316192728617541,2.2032702157730024,0.11292251284453872,1.4069367750997328,0.8441620650598399,0.5627747100398929,0.06249458539137221,0.04126480655989395,0.05447204548945295,1.2885879429545621,0.13319340361572118,0.007331104387525461
2298,0.6920073108891984,0.3355672040502528,0.003705819201150644,0.042332849076382115,2.957175537695176,2.2449141153820316,2.126766764534975,0.1181473508470568,1.3840146219336682,0.8304087731602009,0.5536058487734673,0.06416103373550014,0.042676544049442926,0.055967197914479835,1.2768875963447275,0.14105820047300427,0.007243996024694681,0.7034683868539447,0.33802748683275446,-0.0036567537032704545,0.04303396892482453,3.047432276446483,2.3161927250983427,2.203270211812082,0.11292251328626075,1.4069367743906682,0.8441620646344012,0.562774709756267,0.06249458556405946,0.041264806706186555,0.05447204564456348,1.2885879417210349,0.1331934035832038,0.00733110438622642
2299,0.6920073108123573,0.3355672040748043,0.0037058192252528363,0.042332848996763164,2.9571755364926364,2.244914114407797,2.1267667634255982,0.11814735098219889,1.3840146217783968,0.830408773067038,0.5536058487113589,0.06416103383212407,0.04267654413129822,0.055967198001189745,1.276887595668462,0.141058200466471,0.0072439960245384,0.7034683865254111,0.33802748687782086,-0.0036567537057661803,0.04303396882473484,3.047432272215383,2.316192721703482,2.2032702079906485,0.11292251371283346,1.4069367737078895,0.844162064224734,0.5627747094831554,0.06249458573283001,0.041264806849161124,0.054472045796161224,1.2885879405154457,0.1331934035519431,0.007331104384981933
2300,0.6920073107365823,0.335567204099322,0.0037058192501850523,0.042332848917227515,2.9571755353014093,2.244914113442852,2.1267667623265805,0.11814735111627184,1.3840146216247147,0.8304087729748287,0.5536058486498859,0.06416103392841747,0.04267654421287351,0.05596719808760928,1.2768875949945895,0.14105820046005377,0.007243996024387507,0.7034683862094634,0.3380274869218482,-0.0036567537056310384,0.04303396872543034,3.0474322681344246,2.3161927184288413,2.203270204303931,0.11292251412491026,1.4069367730508222,0.8441620638304937,0.5627747092203285,0.06249458589775546,0.041264806988878286,0.054472045944310196,1.2885879393372859,0.13319340352193998,0.0073311043837925045
2301,0.692007310662173,0.3355672041239511,0.0037058192760769312,0.042332848837832185,2.957175534122954,2.244914112488361,2.1267667612390557,0.11814735124930525,1.3840146214731643,0.8304087728838986,0.5536058485892658,0.06416103402429374,0.042676544294095425,0.055967198173661,1.2768875943237104,0.14105820045381676,0.0072439960242451345,0.703468385905883,0.33802748696502155,-0.003656753702821744,0.04303396862693748,3.0474322641988993,2.316192715270655,2.203270200747543,0.11292251452311218,1.4069367724189268,0.8441620634513566,0.5627747089675702,0.06249458605890526,0.04126480712539689,0.054472046089073155,1.2885879381860619,0.13319340349320197,0.007331104382658972
2302,0.692007310589453,0.33556720414884567,0.0037058193030367476,0.04233284875863749,2.957175532958871,2.2449141115455906,2.1267667601642635,0.1181473513813272,1.384014621324346,0.8304087727946076,0.5536058485297385,0.06416103411967386,0.04267654437489701,0.05596719825927443,1.2768875936563733,0.14105820044782902,0.007243996024114638,0.7034683856144993,0.33802748700753527,-0.0036567536973083764,0.043033968529287446,3.0474322604045083,2.316192712225483,2.2032701973174484,0.1129225149080344,1.4069367718117658,0.84416206308706,0.5627747087247058,0.06249458621635032,0.04126480725877702,0.05447204623051426,1.2885879370612696,0.13319340346574368,0.007331104381582522
2303,0.692007310518768,0.335567204174166,0.00370581933116728,0.04233284867970481,2.9571755318109325,2.244914110615946,2.126766759103589,0.11814735151235707,1.384014621178906,0.8304087727073435,0.5536058484715625,0.06416103421448283,0.04267654445521478,0.05596719834438247,1.2768875929930985,0.14105820044216372,0.0072439960239995636,0.7034683853351859,0.33802748704958857,-0.003656753689068329,0.04303396843251369,3.0474322567473755,2.3161927092902164,2.203270194009976,0.11292251528024058,1.4069367712289984,0.8441620627373996,0.5627747084915988,0.062494586370160074,0.04126480738907749,0.05447204636869611,1.2885879359624157,0.1331934034395856,0.007331104380564633
2304,0.6920073104505152,0.3355672042000914,0.0037058193606281306,0.042332848601104235,2.9571755306811776,2.2449141097010656,2.1267667580586562,0.11814735164240929,1.384014621037536,0.8304087726225214,0.5536058484150145,0.06416103430864273,0.04267654453498266,0.05596719842891621,1.2768875923344263,0.14105820043690356,0.007243996023903927,0.7034683850678914,0.3380274870913992,-0.003656753678011569,0.04303396833666004,3.0474322532241516,2.316192706462193,2.2032701908219283,0.11292251564026495,1.4069367706703715,0.8441620624022234,0.5627747082681481,0.062494586520394926,0.041264807516349464,0.05447204650367411,1.2885879348890712,0.1331934034147602,0.0073311043796073705
2305,0.6920073103850669,0.3355672042267881,0.0037058193914129914,0.04233284852289962,2.9571755295716646,2.2449141088025364,2.1267667570310467,0.1181473517714896,1.3840146209010304,0.8304087725406182,0.5536058483604123,0.06416103440208624,0.04267654461414366,0.05596719851281458,1.2768875916808238,0.14105820043212672,0.0072439960238314775,0.7034683848125582,0.3380274871331704,-0.0036567536642231266,0.04303396824176478,3.0474322498317377,2.3161927037388796,2.2032701877502676,0.11292251598861183,1.4069367701357829,0.8441620620814703,0.5627747080543126,0.06249458666712082,0.04126480764064882,0.05447204663550682,1.2885879338407675,0.13319340339129723,0.007331104378712616
2306,0.6920073103228817,0.33556720425445186,0.0037058194237568967,0.04233284844516855,2.957175528484832,2.244914107922343,2.1267667560227514,0.11814735189959187,1.3840146207701338,0.8304087724620802,0.5536058483080536,0.06416103449472968,0.042676544692626855,0.055967198596004124,1.2768875910328714,0.14105820042792655,0.007243996023786734,0.7034683845692364,0.3380274871751338,-0.003656753647533678,0.04303396814788156,3.0474322465676584,2.316192701118338,2.203270184792588,0.11292251632575007,1.4069367696251165,0.8441620617750705,0.562774707850046,0.06249458681038155,0.04126480776201264,0.054472046764235296,1.288587932817193,0.13319340336924262,0.007331104377883118
2307,0.6920073102644186,0.3355672042832765,0.003705819457712249,0.04233284836798852,2.9571755274232987,2.244914107062541,2.126766755035841,0.11814735202670015,1.3840146206457633,0.8304087723874578,0.5536058482583055,0.06416103458649251,0.04267654477036406,0.05596719867841264,1.2768875903911279,0.14105820042439704,0.007243996023774204,0.7034683843379945,0.3380274872175178,-0.0036567536279624446,0.043033968055064924,3.0474322434298386,2.3161926985988726,2.2032701819467544,0.1129225166521183,1.4069367691384729,0.8441620614830843,0.5627747076553886,0.06249458695021899,0.041264807880476415,0.054472046889897256,1.2885879318180504,0.13319340334864513,0.0073311043771216895
2308,0.6920073102101822,0.3355672043134676,0.003705819493430372,0.042332848291443625,2.957175526389953,2.244914106225434,2.1267667540726505,0.11814735215278349,1.3840146205288373,0.8304087723173021,0.5536058482115351,0.06416103467728411,0.04267654484727847,0.0559671987599596,1.2768875897562224,0.14105820042163963,0.007243996023798752,0.7034683841189653,0.3380274872605609,-0.0036567536054222666,0.04303396796337716,3.047432240416692,2.316192696179217,2.2032701792110982,0.11292251696811867,1.4069367686759893,0.844162061205594,0.5627747074703953,0.06249458708665991,0.0412648079960628,0.05447204701251762,1.288587930843149,0.13319340332956212,0.00733110437643159
2309,0.6920073101607112,0.3355672043452393,0.003705819531045103,0.0423328482156233,2.9571755253879695,2.244914105413547,2.126766753135751,0.11814735227779605,1.3840146204203645,0.8304087722522184,0.5536058481681461,0.06416103476700581,0.04267654492328653,0.05596719884055716,1.2768875891288385,0.14105820041976205,0.007243996023865528,0.7034683839123315,0.33802748730450877,-0.003656753579846274,0.043033967872886936,3.0474322375271217,2.316192693858482,2.203270176584363,0.11292251727411882,1.4069367682379308,0.8441620609427589,0.5627747072951719,0.0624945872197185,0.04126480810878384,0.05447204713210985,1.2885879298923884,0.1331934033120582,0.007331104375816422
2310,0.6920073101165924,0.3355672043788188,0.003705819570728089,0.042332848140624046,2.957175524420869,2.2449141046296903,2.126766752228016,0.1181473524016745,1.3840146203214225,0.8304087721928533,0.5536058481285693,0.06416103485554706,0.042676544998294555,0.05596719892010703,1.2768875885097437,0.14105820041888012,0.007243996023980079,0.7034683837183409,0.3380274873496187,-0.0036567535511256646,0.04303396778367097,3.047432234760572,2.316192691636224,2.203270174065774,0.11292251757045,1.406936767824663,0.8441620606947982,0.5627747071298648,0.06249458734939248,0.04126480821863762,0.054472047248672856,1.2885879289657844,0.13319340329620732,0.007331104375280254
2311,0.692007310078465,0.3355672044144477,0.0037058196126670065,0.042332848066551604,2.9571755234925527,2.2449141038769795,2.1267667513526423,0.11814735252433711,1.3840146202331847,0.8304087721399106,0.5536058480932741,0.06416103494278347,0.042676545072197175,0.055967198998498724,1.2768875878998007,0.14105820041911932,0.007243996024148371,0.7034683835373079,0.33802748739616034,-0.0036567535191370446,0.04303396769581632,3.0474322321170617,2.3161926895124583,2.2032701716550522,0.112922517857406,1.4069367674366817,0.8441620604620095,0.5627747069746722,0.06249458747566149,0.04126480832560683,0.054472047362189545,1.2885879280634818,0.13319340328209378,0.0073311043748276305
2312,0.6920073100469749,0.33556720445236216,0.0037058196569617757,0.04233284799351165,2.9571755226071494,2.2449141031586723,2.1267667505129917,0.11814735264568071,1.38401462015693,0.8304087720941579,0.5536058480627722,0.06416103502858313,0.042676545144882665,0.055967199075613955,1.2768875872999246,0.14105820042060566,0.007243996024376363,0.7034683833695681,0.3380274874443966,-0.003656753483841521,0.04303396760941054,3.0474322295970144,2.3161926874874856,2.2032701693522445,0.11292251813524118,1.406936767074616,0.84416206024477,0.562774706829846,0.062494587598493676,0.04126480842966457,0.05447204747263141,1.288587927185707,0.13319340326980328,0.007331104374463137
2313,0.6920073100228858,0.3355672044928376,0.0037058197039648855,0.042332847921630334,2.957175521769401,2.2449141024786115,2.126766749713031,0.11814735276558014,1.3840146200939498,0.8304087720563698,0.5536058480375801,0.06416103511278347,0.042676545216213266,0.05596719915130932,1.2768875867112432,0.14105820042348535,0.007243996024671049,0.7034683832155898,0.3380274874946277,-0.003656753444944115,0.043033967524563094,3.047432227201648,2.316192685562336,2.203270167158166,0.11292251840417014,1.4069367667391361,0.8441620600434822,0.562774706695654,0.06249458771782264,0.0412648085307545,0.05447204757994139,1.2885879263329316,0.13319340325944237,0.007331104374192472
2314,0.6920073100069861,0.335567204536152,0.003705819753840156,0.04233284785103768,2.9571755209844497,2.2449141018408736,2.126766748956987,0.1181473528838867,1.3840146200457715,0.8304087720274628,0.5536058480183087,0.06416103519521288,0.04267654528604363,0.05596719922543139,1.2768875861349473,0.1410582004279102,0.007243996025039593,0.7034683830758778,0.33802748754715534,-0.003656753402344358,0.043033967441387946,3.047432224932739,2.3161926837383997,2.2032701650740307,0.11292251866436886,1.4069367664311796,0.8441620598587083,0.5627747065724713,0.06249458783356944,0.041264808628809796,0.054472047684049146,1.2885879255057164,0.13319340325112325,0.007331104374021525
2315,0.6920073100001839,0.3355672045826224,0.0037058198069688728,0.04233284778188451,2.9571755202581027,2.2449141012501466,2.1267667482497195,0.11814735300042699,1.3840146200139725,0.8304087720083834,0.5536058480055891,0.06416103527566888,0.04267654535420221,0.05596719929780106,1.276887585572441,0.141058200434053,0.007243996025490206,0.7034683829510708,0.33802748760231915,-0.0036567533557149007,0.043033967360021186,3.0474322227928936,2.3161926820178116,2.2032701631018394,0.11292251891597205,1.4069367661517558,0.844162059691054,0.5627747064607018,0.06249458794562115,0.04126480872373481,0.05447204778485591,1.288587924704864,0.13319340324497939,0.007331104373957304
2316,0.6920073100034091,0.33556720463256784,0.0037058198635358044,0.042332847714325314,2.9571755195965648,2.2449141007113482,2.1267667475963443,0.11814735311500396,1.3840146200003678,0.8304087720002206,0.5536058480001472,0.06416103535394072,0.04267654542051047,0.05596719936822968,1.2768875850251866,0.14105820044209127,0.0072439960260312405,0.7034683828418384,0.3380274876604585,-0.003656753304937331,0.04303396728060298,3.0474322207852547,2.316192680403046,2.203270161243969,0.11292251915907664,1.4069367659021417,0.8441620595412854,0.5627747063608562,0.062494588053853536,0.041264808815424235,0.05447204788225064,1.2885879239312563,0.1331934032411491,0.007331104374006979
2317,0.6920073100177323,0.3355672046863527,0.0037058199239962675,0.042332847648538174,2.957175519006807,2.244914100230108,2.1267667470027165,0.1181473532273914,1.384014620006818,0.8304087720040907,0.5536058480027273,0.06416103542978044,0.042676545484758355,0.05596719943649775,1.276887584494904,0.14105820045222678,0.007243996026672275,0.7034683827490027,0.3380274877219566,-0.0036567532496139116,0.04303396720329826,3.0474322189138823,2.3161926788974108,2.203270159503676,0.11292251939373484,1.4069367656836766,0.8441620594102064,0.5627747062734703,0.062494588158102396,0.041264808903739014,0.054472047976088886,1.288587923186061,0.13319340323979456,0.007331104374178986
2318,0.6920073100443161,0.3355672047443711,0.0037058199887179608,0.042332847584717934,2.957175518496534,2.244914099812591,2.1267667464752553,0.1181473533373358,1.3840146200354646,0.8304087720212786,0.553605848014186,0.06416103550291757,0.042676545546716724,0.055967199502364645,1.27688758398347,0.1410582004646792,0.00724399602742371,0.7034683826734881,0.338027487787225,-0.0036567531894367636,0.04303396712828969,3.0474322171837067,2.316192677504861,2.203270157884903,0.11292251961995792,1.406936765498005,0.8441620592988034,0.5627747061992016,0.062494588258178344,0.04126480898851871,0.05447204806620268,1.2885879224706231,0.1331934032410954,0.007331104374482615
2319,0.6920073100844532,0.3355672048070585,0.0037058200581691625,0.042332847523079045,2.957175518074303,2.2449140994656736,2.1267667460211235,0.1181473534445503,1.3840146200886323,0.8304087720531793,0.553605848035453,0.06416103557305161,0.04267654560613102,0.0559671995655632,1.276887583492969,0.141058200479692,0.007243996028297068,0.7034683826163567,0.338027487856715,-0.0036567531240054296,0.04303396705578025,3.047432215600621,2.3161926762301475,2.203270156392435,0.11292251983771254,1.4069367653469764,0.8441620592081863,0.5627747061387901,0.06249458835386025,0.04126480906957597,0.05447204815239595,1.288587921786514,0.1331934032452536,0.00733110437492829
2320,0.6920073101396366,0.3355672048749243,0.0037058201329885146,0.04233284746387382,2.957175517749827,2.2449140991972043,2.1267667456484833,0.11814735354872088,1.3840146201689063,0.8304087721013437,0.5536058480675626,0.06416103563983847,0.04267654566270974,0.055967199625789325,1.2768875830257875,0.14105820049754692,0.007243996029305724,0.7034683825788853,0.3380274879309513,-0.003656753052732928,0.04303396698601247,3.047432214171837,2.3161926750791304,2.2032701550322082,0.11292252004692215,1.4069367652327132,0.8441620591396284,0.5627747060930848,0.062494588444880664,0.04126480914668422,0.05447204823443323,1.2885879211356344,0.13319340325250895,0.007331104375528374
2321,0.6920073102113854,0.33556720494847897,0.0037058202134551896,0.042332847407355684,2.9571755175334205,2.2449140990153555,2.126766745365857,0.11814735364949852,1.3840146202792731,0.8304087721675637,0.5536058481117094,0.06416103570292708,0.04267654571615549,0.0559671996827283,1.276887582584362,0.14105820051853105,0.007243996030463214,0.7034683825623795,0.3380274880104558,-0.003656752975417392,0.04303396691923028,3.047432212905261,2.3161926740580623,2.2032701538105983,0.11292252024746388,1.4069367651577709,0.8441620590946629,0.562774706063108,0.06249458853096303,0.041264809219609205,0.0544720483120665,1.288587920519948,0.133193403263105,0.007331104376295333
2322,0.6920073103016371,0.33556720502838616,0.003705820300726123,0.042332847353849755,2.9571755174373764,2.2449140989302045,2.1267667451837142,0.11814735374649046,1.3840146204227708,0.8304087722536622,0.5536058481691086,0.0641610357618741,0.042676545766092644,0.055967199735991,1.2768875821717673,0.1410582005430067,0.007243996031786926,0.703468382568576,0.3380274880959037,-0.003656752890961415,0.043033966855751254,3.047432211810923,2.316192673175225,2.2032701527360676,0.11292252043915707,1.4069367651247588,0.8441620590748556,0.5627747060499032,0.06249458861173772,0.04126480928803776,0.054472048384972556,1.2885879199420827,0.1331934032773572,0.007331104377245562
2323,0.6920073104124963,0.33556720511537386,0.003705820395441782,0.04233284730371079,2.957175517475488,2.2449140989527914,2.1267667451135237,0.11814735383926765,1.3840146206032742,0.8304087723619642,0.55360584824131,0.06416103581621255,0.04267654581212564,0.05596719978516217,1.276887581791243,0.14105820057137303,0.00724399603329582,0.7034683825993868,0.3380274881880331,-0.0036567527987967294,0.043033966795924056,3.047432210900465,2.316192672439947,2.2032701518181734,0.11292252062177362,1.406936765137152,0.8441620590822915,0.5627747060548606,0.06249458868680926,0.04126480935163488,0.054472048452800056,1.288587919404847,0.13319340329561571,0.007331104378397034
2324,0.692007310546446,0.33556720521030947,0.0037058204987233875,0.04233284725735484,2.957175517663596,2.244914099095954,2.1267667451686005,0.1181473539273537,1.3840146208249926,0.8304087724949952,0.5536058483299974,0.06416103586540582,0.042676545853799916,0.055967199829767875,1.2768875814465117,0.14105820060409935,0.007243996035012362,0.70346838265711,0.3380274882877192,-0.003656752697877977,0.0430339667401603,3.0474322101877043,2.316192671863464,2.20327015106844,0.1129225207950241,1.4069367651987739,0.8441620591192646,0.5627747060795093,0.06249458875571174,0.041264809410005855,0.05447204851513816,1.2885879189115528,0.1331934033182965,0.007331104379771252
2325,0.6920073107063575,0.3355672053142086,0.0037058206117458747,0.04233284721526222,2.957175518019944,2.2449140993744323,2.126766745364209,0.11814735401022336,1.3840146210928923,0.8304087726557351,0.5536058484371572,0.06416103590885387,0.04267654589060707,0.05596719986927755,1.2768875811417368,0.14105820064173064,0.007243996036962661,0.7034683827444399,0.33802748839598457,-0.003656752587110866,0.04303396668893793,3.047432209688981,2.3161926714590066,2.2032701505004484,0.11292252095855825,1.4069367653142202,0.8441620591885324,0.5627747061256878,0.062494588817914656,0.04126480946270128,0.05447204857151845,1.2885879184659688,0.1331934033458866,0.007331104381393368
2326,0.6920073108956123,0.33556720542828283,0.00370582073598439,0.04233284717799641,2.957175518565738,2.2449140998054045,2.1267667457181094,0.11814735408729521,1.384014621412715,0.8304087728476286,0.5536058485650863,0.06416103594587494,0.042676545921969594,0.05596719990308972,1.2768875808816469,0.14105820068491026,0.007243996039177622,0.703468382864592,0.33802748851404607,-0.0036567524651046138,0.043033966642820526,3.0474322094237327,2.3161926712423604,2.203270150130405,0.11292252111195536,1.4069367654888798,0.8441620592933281,0.5627747061955517,0.062494588872805026,0.04126480950920184,0.05447204862140072,1.2885879180724507,0.13319340337896549,0.0073311043832933655
2327,0.692007311118212,0.3355672055539847,0.003705820873186147,0.04233284714622067,2.957175519325789,2.2449141004089803,2.1267667462510547,0.11814735415792577,1.3840146217912246,0.8304087730747345,0.5536058487164901,0.06416103597569595,0.04267654594723255,0.05596719993052293,1.276887580671606,0.1410582007344019,0.007243996041694015,0.703468383021409,0.3380274886433601,-0.0036567523302102403,0.04303396660247441,3.047432209415138,2.316192671232346,2.203270149977627,0.11292252125471931,1.4069367657291842,0.8441620594375108,0.5627747062916735,0.06249458891967802,0.04126480954891045,0.05447204866416426,1.2885879177360064,0.13319340341822491,0.0073311043855071
2328,0.6920073113789407,0.33556720569307685,0.003705821025491954,0.042332847120723285,2.9571755203293595,2.2449141012089124,2.1267667469875056,0.11814735422140676,1.384014622236424,0.8304087733418541,0.5536058488945699,0.06416103599743628,0.04267654596564996,0.05596719995080229,1.2768875805177222,0.14105820079112172,0.007243996044556087,0.7034683832195281,0.3380274887856914,-0.0036567521803871003,0.04303396656869464,3.047432209690982,2.3161926714515637,2.203270150065291,0.1129225213862724,1.406936766042818,0.844162059625691,0.562774706417127,0.06249458895772074,0.041264809581138484,0.0544720486990945,1.288587917462412,0.13319340346449987,0.00733110438807792
2329,0.6920073116835496,0.33556720584770555,0.0037058211954900874,0.042332847102445684,2.957175521611222,2.2449141022334445,2.1267667479564936,0.11814735427695103,1.3840146227578816,0.8304087736547286,0.5536058491031529,0.06416103601008678,0.042676545976366886,0.055967199963041045,1.2768875804269975,0.14105820085617482,0.0072439960478172935,0.7034683834645659,0.33802748894318757,-0.0036567520131629144,0.04303396654243395,3.0474322102847387,2.3161926719272454,2.2032701504213046,0.11292252150594105,1.406936766439056,0.8441620598634338,0.5627747065756221,0.062494588985991584,0.041264809605088215,0.0544720487253646,1.2885879172583583,0.13319340351880204,0.007331104391058443
2330,0.6920073120390121,0.3355672060205088,0.003705821386371169,0.042332847092519936,2.957175523212984,2.2449141035164133,2.1267667491927247,0.11814735432368861,1.3840146233670991,0.8304087740202593,0.5536058493468399,0.06416103601248899,0.04267654597840191,0.055967199966222875,1.2768875804074682,0.14105820093090543,0.007243996051542847,0.7034683837633743,0.3380274891184862,-0.0036567518254808154,0.04303396652484137,3.047432211236913,2.3161926726923827,2.2032701510794337,0.11292252161294894,1.4069367669291317,0.8441620601574793,0.5627747067716524,0.06249458900339942,0.041264809619835335,0.05447204874201807,1.2885879171315986,0.1331934035823668,0.0073311043945130435
2331,0.6920073124538667,0.33556720621475894,0.003705821602125063,0.042332847092320935,2.957175525184911,2.2449141050987524,2.1267667507380965,0.11814735436065589,1.3840146240780244,0.8304087744468144,0.5536058496312101,0.06416103600330068,0.04267654597061801,0.055967199959173056,1.2768875804684456,0.1410582010169649,0.00724399605581302,0.7034683841243892,0.33802748931485893,-0.0036567516134951364,0.043033966517316086,3.0474322125969144,2.316192673787268,2.203270152080865,0.11292252170640285,1.4069367675267486,0.8441620605160494,0.5627747070106992,0.0624945890086695,0.04126480962429989,0.05447204874793983,1.2885879170911902,0.13319340365671742,0.007331104398521228
2332,0.6920073129386198,0.33556720643453947,0.0037058218476673926,0.042332847103524376,2.9571755275880256,2.2449141070301866,2.1267667526433858,0.11814735438680093,1.3840146249077334,0.8304087749446397,0.5536058499630937,0.06416103598097644,0.04267654595170596,0.05596719994054147,1.2768875806206514,0.14105820111639325,0.0072439960607272,0.7034683845580357,0.3380274895363875,-0.0036567513724615613,0.04303396652156713,3.0474322144251946,2.3161926752612216,2.203270153475928,0.1129225217852939,1.4069367682487781,0.844162060949267,0.5627747072995111,0.06249458900032395,0.04126480961722995,0.054472048741839474,1.2885879171476353,0.1331934037437411,0.007331104403181688
2333,0.6920073135063157,0.33556720668498363,0.0037058221292119026,0.04233284712819073,2.957175530497077,2.2449141093717038,2.1267667549707334,0.11814735440097035,1.3840146258772397,0.8304087755263435,0.5536058503508962,0.06416103594371482,0.04267654592013964,0.0559671999087584,1.276887580876583,0.14105820123173116,0.0072439960664094265,0.7034683850773065,0.3380274897882041,-0.0036567510963630284,0.04303396653970019,3.047432216796303,2.3161926771751378,2.20327015532666,0.11292252184847798,1.4069367691160717,0.8441620614696432,0.5627747076464285,0.06249458897662903,0.0412648095971567,0.05447204872220693,1.2885879173132517,0.1331934038457942,0.00733110440861789
2334,0.692007314173272,0.3355672069725986,0.0037058224546184654,0.04233284716887163,2.9571755340042465,2.2449141121985945,2.126766757796668,0.11814735440192647,1.3840146270126314,0.8304087762075786,0.5536058508050529,0.06416103588941965,0.04267654587414331,0.055967199862002555,1.2768875812507825,0.1410582013661688,0.007243996073015785,0.7034683856985036,0.3380274900768149,-0.003656750777571008,0.043033966574327356,3.0474322198026758,2.316192679604592,2.2032701577099076,0.11292252189468446,1.406936770154613,0.844162062092768,0.5627747080618449,0.06249458893555624,0.04126480956236174,0.05447204868728042,1.2885879176024553,0.133193403965842,0.007331104414985469
2335,0.6920073149600636,0.33556720730570044,0.0037058228339207633,0.04233284722875155,2.957175538224042,2.244914115604491,2.126766761216116,0.11814735438837519,1.384014628346544,0.8304087770079261,0.5536058513386178,0.06416103581564891,0.04267654581164816,0.055967199798159395,1.2768875817601921,0.14105820152374396,0.007243996080744229,0.7034683864422386,0.33802749041053903,-0.0036567504063231768,0.043033966628713616,3.0474322235596705,2.316192682644002,2.203270160721466,0.1129225219225356,1.406936771397007,0.8441620628382043,0.5627747085588026,0.06249458887473082,0.04126480951083328,0.05447204863500431,1.288587918032119,0.1331934041076449,0.007331104422482207
2336,0.692007315892822,0.3355672076949903,0.0037058232799882726,0.042332847311832816,2.9571755432997615,2.2449141197066913,2.1267667653476856,0.11814735435900559,1.3840146299201272,0.8304087779520761,0.5536058519680511,0.06416103571954998,0.04267654573023763,0.055967199714768275,1.2768875824246009,0.1410582017096041,0.007243996089847654,0.7034683873347449,0.3380274908000834,-0.003656749970079816,0.04303396670696771,3.047432228212198,2.316192686412081,2.203270164481512,0.11292252193056927,1.4069367728844773,0.8441620637306865,0.5627747091537908,0.06249458879136652,0.04126480944021092,0.05447204856297584,1.2885879186220421,0.13319340427600465,0.007331104431361103
2337,0.6920073170051302,0.3355672081544368,0.0037058238097284063,0.04233284742320482,2.9571755494120993,2.244914124653368,2.126766770340713,0.11814735431265513,1.384014631785644,0.8304087790713862,0.5536058527142579,0.06416103559782624,0.04267654562711892,0.05596719960900246,1.276887583266881,0.14105820193039337,0.007243996100653322,0.7034683884097949,0.33802749125942655,-0.003656749452337793,0.04303396681431974,3.0474322339435793,2.3161926910592676,2.2032701691418852,0.11292252191738238,1.4069367746694896,0.8441620648016939,0.5627747098677958,0.06249458868222953,0.041264809347755144,0.054472048468422726,1.2885879193952028,0.1331934044771272,0.007331104441949948
2338,0.692007318340358,0.335567208702319,0.0037058244450062436,0.04233284756937183,2.9571755567908884,2.2449141306331235,2.1267667763847324,0.11814735424839118,1.3840146340102606,0.8304087804061562,0.5536058536041044,0.06416103544663936,0.042676545499040444,0.05596719947758875,1.2768875843136596,0.14105820219472764,0.007243996113586378,0.7034683897110707,0.3380274918068675,-0.0036567488317212488,0.043033966957460576,3.0474322409876056,2.31619269677754,2.2032701748958514,0.1129225218816887,1.4069367768195897,0.8441620660917539,0.5627747107278358,0.06249458854354058,0.041264809230264314,0.05447204834812253,1.2885879203784558,0.1331934047190699,0.007331104454675075
2339,0.6920073199551888,0.33556720936286966,0.0037058252150488566,0.04233284775874614,2.9571755657309593,2.2449141378883555,2.12676678372253,0.11814735416582534,1.384014636680716,0.8304087820084295,0.5536058546722865,0.06416103526155723,0.04267654534224747,0.05596719931678028,1.2768875855956865,0.14105820251391302,0.007243996129206068,0.7034683912957277,0.33802749246666725,-0.003656748079633454,0.04303396714505023,3.0474322496448525,2.316192703814158,2.2032701819915674,0.11292252182259076,1.4069367794221415,0.8441620676532849,0.5627747117688565,0.06249458837091992,0.04126480908402812,0.05447204819837283,1.2885879216029235,0.1331934050124156,0.007331104470097726
2340,0.692007321924284,0.33556721016843366,0.0037058261587023245,0.04233284800230084,2.9571755766141155,2.2449141467333558,2.126766792667889,0.11814735406546695,1.3840146399103777,0.8304087839462265,0.5536058559641511,0.06416103503748362,0.04267654515242274,0.055967199122312725,1.276887587148317,0.14105820290290244,0.007243996148253494,0.7034683932391183,0.33802749327121295,-0.0036567471580259067,0.043033967388392574,3.0474322603052664,2.316192712490275,2.203270190750393,0.1129225217398818,1.4069367825914554,0.8441620695548733,0.5627747130365821,0.062494588159313906,0.04126480890476536,0.05447204801494466,1.2885879231045159,0.13319340537117125,0.007331104488962142
2341,0.6920073243469403,0.3355672111625788,0.0037058273283736495,0.042332848314501466,2.9571755899394425,2.2449141575796205,2.126766803630302,0.11814735394931877,1.3840146438485683,0.830408786309141,0.5536058575394274,0.0641610347686151,0.04267654492464985,0.055967198889399,1.276887589011813,0.1410582033816586,0.007243996171720037,0.7034683956415261,0.3380274942641293,-0.003656746015544443,0.04303396770239823,3.0474322734793255,2.316192723226948,2.2032702015923835,0.11292252163456445,1.4069367864782365,0.8441620718869419,0.5627747145912946,0.06249458790294844,0.04126480868758446,0.054472047793074074,1.2885879249242629,0.13319340581404696,0.0073311045122644095
2342,0.6920073273563904,0.3355672124044671,0.0037058287951420715,0.042332848714617816,2.9571756063656047,2.2449141709710325,2.1267668171492766,0.11814735382175567,1.3840146486938805,0.8304087892163281,0.5536058594775524,0.06416103444845248,0.042676544653422965,0.05596719861278504,1.276887591231265,0.1410582039770669,0.007243996200943311,0.70346839863757,0.33802749550465017,-0.003656744582525101,0.043033968106941475,3.0474322898415287,2.3161927365813164,2.203270215071697,0.11292252150961941,1.4069367912830522,0.8441620747698314,0.5627747165132208,0.06249458759533533,0.04126480842698895,0.05447204752751367,1.288587927108269,0.13319340636625013,0.007331104541348894
2343,0.6920073311330929,0.3355672139751526,0.0037058306563210047,0.04233284922862314,2.9571756267703235,2.2449141876335568,2.126766833942655,0.11814735369090204,1.3840146547127812,0.8304087928276686,0.5536058618851126,0.0641610340699553,0.04267654433277778,0.05596719828695874,1.2768875938555166,0.1410582047256719,0.007243996237744704,0.7034684024096269,0.3380274970739025,-0.003656742763621351,0.04303396862882744,3.0474323102915473,2.316192753297677,2.203270231926463,0.11292252137121404,1.4069367972751399,0.8441620783650841,0.5627747189100558,0.062494587229420376,0.04126480811700284,0.054472047212736144,1.2885879297066611,0.13319340706204952,0.007331104578046314
2344,0.6920073359243741,0.33556721598705286,0.003705833047037199,0.042332849892084135,2.9571756523354886,2.2449142085468297,2.126766854975777,0.11814735357105224,1.3840146622661855,0.8304087973597112,0.5536058649064743,0.06416103362617007,0.04267654395682358,0.05596719790683194,1.276887596932811,0.14105820567774627,0.0072439962846344505,0.7034684072076164,0.33802749908432494,-0.0036567404266149434,0.04303396930478721,3.0474323360416915,2.316192774380991,2.203270253150139,0.11292252123085199,1.4069368048192537,0.8441620828915524,0.5627747219277013,0.06249458679819954,0.04126480775169261,0.05447204684360656,1.2885879327692096,0.13319340794857568,0.0073311046248790085
2345,0.6920073420739291,0.33556721859835154,0.0037058361564100417,0.042332850754901036,2.9571756846726225,2.244914235050055,2.126766881563374,0.1181473534866811,1.3840146718487483,0.8304088031092488,0.5536058687394995,0.0641610331122536,0.042676543521457465,0.05596719746977693,1.2768876004967484,0.14105820690342924,0.007243996345121467,0.7034684133785748,0.3380275016938882,-0.0036567373870713543,0.043033970186397555,3.0474323687457554,2.3161928012054975,2.2032702800966155,0.11292252110888189,1.4069368144152328,0.8441620886491399,0.5627747257660929,0.062494586296727134,0.04126480732686853,0.054472046417407945,1.288587936331059,0.13319340909152452,0.007331104685369226
