Year,GDP ($Y_t$): Baseline,Labor ($L_t$): Baseline,Government Expenditures ($G_t$): Baseline,Lump sum transfers ($TR_t$): Baseline,Wealth ($B_t$): Baseline,Capital Stock ($K_t$): Baseline,Domestically-owned Capital Stock ($K^d_t$): Baseline,Foreign-owned Capital Stock ($K^f_t$): Baseline,Government Debt ($D_t$): Baseline,Domestically-owned Gov Debt ($D^d_t$): Baseline,Foreign-owned Gov Debt ($D^f_t$): Baseline,Real interest rate ($r_t$): Baseline,"Real interest rate on gov debt ($r_{gov,t}$): Baseline","Real interest rate on HH portfolio ($r_{p,t}$): Baseline",Wage rate: Baseline,Total tax revenue ($REV_t$): Baseline,Business tax revenue: Baseline,GDP ($Y_t$): Reform,Labor ($L_t$): Reform,Government Expenditures ($G_t$): Reform,Lump sum transfers ($TR_t$): Reform,Wealth ($B_t$): Reform,Capital Stock ($K_t$): Reform,Domestically-owned Capital Stock ($K^d_t$): Reform,Foreign-owned Capital Stock ($K^f_t$): Reform,Government Debt ($D_t$): Reform,Domestically-owned Gov Debt ($D^d_t$): Reform,Foreign-owned Gov Debt ($D^f_t$): Reform,Real interest rate ($r_t$): Reform,"Real interest rate on gov debt ($r_{gov,t}$): Reform","Real interest rate on HH portfolio ($r_{p,t}$): Reform",Wage rate: Reform,Total tax revenue ($REV_t$): Reform,Business tax revenue: Reform
2026,0.7353473214688737,0.3371110957457728,0.008258771920090393,0.04498410530898253,2.9457294681510593,2.6135805145883904,2.5347049091102787,0.07887560547811145,0.6850409317346343,0.41102455904078056,0.27401637269385376,0.05428315432227919,0.03430846427425763,0.05013490159553369,1.3506439475351082,0.14392981820743275,0.007477847748837233,0.7474957528520138,0.3454808255380926,0.008395212376254438,0.04572726970847854,2.9457294681510597,2.6218319398882777,2.534704909110279,0.08712703077799865,0.6850409317346343,0.41102455904078056,0.27401637269385376,0.05565952192068992,0.035474458854841955,0.05147803864779255,1.3396957636234874,0.1367428024774863,0.007635052647699458
2027,0.7347102091390871,0.338296798390112,0.008251616436871015,0.044945135565415455,2.9008995999791525,2.592794171334246,2.5103101466395237,0.08248402469472241,0.6509824222327146,0.39058945333962874,0.2603929688930859,0.055021225708432556,0.034933724006710576,0.05098992281852255,1.3447439446892075,0.14387489718351737,0.007489222132597685,0.7470155850704387,0.34626654134860635,0.008389819555643515,0.045697899539617504,2.9138152316815376,2.6077616490672235,2.5182105750076436,0.0895510740595801,0.65934109445649,0.395604656673894,0.26373643778259603,0.056156794739214706,0.03589572524627787,0.05206785238253975,1.3357972284014206,0.13667763670863572,0.007642087094748314
2028,0.7340488910572788,0.33911419678846033,0.008244189096014756,0.044904668469482226,2.862035872987712,2.5765401969682165,2.4913547921972965,0.08518540477091975,0.6178018013173594,0.3706810807904156,0.24712072052694378,0.05558341496849639,0.035409984586554255,0.051681759780747766,1.3402950863985121,0.14377201422293265,0.007495898690333447,0.746642235098403,0.3467556641482862,0.008385626418366213,0.04567505409291112,2.887955609211794,2.5983700652435955,2.507239693931789,0.09113037131180637,0.6345265254666749,0.38071591528000487,0.25381061018667,0.0564842420621173,0.03617312338059325,0.05249772901633105,1.3332463218937165,0.13659417028853962,0.007646063930575738
2029,0.7336605363134016,0.3396728730275566,0.008239827438386955,0.04488090832418422,2.830301817269828,2.566084877325352,2.479125793194331,0.08695908413102094,0.5852933734591623,0.3511760240754974,0.23411734938366494,0.055954104308259936,0.03572401534530196,0.05219683495341294,1.3373827110358265,0.14366227361157735,0.007500696866599882,0.7463010102009454,0.3469984854390233,0.008381794081565246,0.04565417822108246,2.866464721800282,2.592300676460956,2.5002299407740574,0.09207073568689882,0.6103913017103746,0.3662347810262247,0.2441565206841499,0.05668296124558888,0.03634146902550203,0.05280612545399113,1.3317044648102423,0.136484158039955,0.007647275240872013
2030,0.7333998810433681,0.3400392020919737,0.008236899988511057,0.04486496204253572,2.8030382327871415,2.559202308191928,2.4710772151852023,0.08812509300672587,0.5532683626698991,0.3319610176019394,0.22130734506795968,0.05619905658055897,0.035931527511624595,0.05259631676520786,1.3354673021081793,0.14354457308888027,0.007503787346800657,0.7460196976365404,0.3470820132772169,0.00837863462719607,0.04563696863218408,2.848228258150433,2.5887222217738968,2.496162383134492,0.0925598386394047,0.5867764583599011,0.35206587501594067,0.23471058334396047,0.05678919323747807,0.036431463825561616,0.05302742917634284,1.3308821315002521,0.13636401167275852,0.007646900049522201
2031,0.7333805044661498,0.3402956028337718,0.008236682367902174,0.044863776509033323,2.780194502199876,2.5558904233273956,2.467116480260725,0.08877394306667087,0.5217967032319187,0.31307802193915124,0.2087186812927675,0.05633263300445547,0.03604468724201711,0.05289296513524125,1.334425829626092,0.14344643889937983,0.007506716237753612,0.745926052397588,0.34708605329196546,0.008377582886545998,0.045631240009570195,2.8334230912318867,2.5878200097932176,2.4951554999227032,0.09266450987051443,0.5637793188486391,0.33826759130918344,0.22551172753945564,0.056812797752177555,0.036451460471987114,0.053170412031700434,1.330699592226674,0.13626023795002212,0.007646496572583144
2032,0.7337397981492488,0.3405255877745456,0.008240717637351607,0.04488575623915586,2.7619829412712282,2.5563701107356605,2.4673975394380743,0.08897257129758616,0.490975669721923,0.2945854018331538,0.19639026788876923,0.0563644707940444,0.03607165873579633,0.05309496528912582,1.3341779109681726,0.1433965526781467,0.007511138469955348,0.7461710626235807,0.34709234714571613,0.008380334625099314,0.04564622875466,2.8224618692577437,2.58997631556033,2.4975445008957617,0.09243181466456835,0.5415289472699695,0.3249173683619817,0.2166115789079878,0.05675940886447244,0.03640623189075673,0.053239736409839804,1.33111255688826,0.13620053929526976,0.0076477490254860565
2033,0.7345022228797482,0.34077148387335804,0.008249280518824885,0.044932397416898,2.7479451477824264,2.5603445275330925,2.471544202095683,0.08880032543740951,0.4606682428112388,0.2764009456867433,0.18426729712449552,0.05631020607426418,0.036025688190388476,0.05321704860418744,1.33460054130092,0.14340561861122295,0.0075176727158643465,0.7467747348674987,0.34713847239511003,0.00838711453879649,0.045683158557676774,2.814934788812685,2.5949215327202046,2.502988660764487,0.09193287195571756,0.5199102134136638,0.3119461280481983,0.20796408536546554,0.05664321704980731,0.03630779959231825,0.05324893158218927,1.3320124679462735,0.13619245528963864,0.007651189271881431
2034,0.7355985306923991,0.3410418912055812,0.008261593280311268,0.044999463644002834,2.737091302016211,2.5670789608861764,2.478730700068545,0.08834826081763153,0.43060100324610995,0.25836060194766597,0.17224040129844398,0.05619066526681865,0.035924418781110676,0.05327951426006749,1.3355328026971067,0.14346436397660134,0.007526085736276044,0.7476732472333816,0.3472320974367863,0.008397205836446672,0.04573812521522287,2.8099328842726345,2.6019871273806956,2.5107367640872136,0.09125036329348199,0.4986602003090352,0.2991961201854211,0.19946408012361408,0.056483053354271895,0.03617211636262273,0.053216544734793765,1.3332555659956804,0.13622928764279454,0.007656594050298834
2035,0.7369106413631631,0.3413056529577691,0.008276329748980401,0.04507973152904167,2.728540204114072,2.5758806088611874,2.488221382783617,0.08765922607757033,0.4005313688840917,0.24031882133045498,0.1602125475536367,0.05601816283784969,0.035778282750628915,0.053294501709748164,1.3368811141599348,0.14355325666473204,0.00753544001738494,0.748748213523397,0.34733760722822205,0.008409278908791982,0.04580388577497603,2.806637985338308,2.610532431449512,2.520115970351249,0.09041646109826335,0.4775366916450987,0.2865220149870592,0.19101467665803948,0.05628885843362551,0.03600760346264444,0.053152569454030935,1.3347668883007309,0.13629106392827153,0.007662971435463209
2036,0.7383731788510739,0.34154747947992203,0.008292755678856787,0.04516920169094306,2.7218089118409,2.5863467485567453,2.4995855287213544,0.08676121983539088,0.37037230519924275,0.22222338311954562,0.14814892207969713,0.05580069389050392,0.03559405317827968,0.0532695070428841,1.3385859962342574,0.14366140643709335,0.007545234953814293,0.749932420929775,0.34743597448145264,0.008422578880913757,0.04587632978424251,2.804602077654329,2.620181710641191,2.5307296396182704,0.08945207102292052,0.4564540633934305,0.2738724380360583,0.18258162535737218,0.05606694454009891,0.03581960833873485,0.053063010534945346,1.336499452839021,0.13636672892459856,0.007669769836527845
2037,0.7399450347621889,0.3417679177450567,0.008310409376751836,0.04526535934835208,2.716480649762416,2.59810284642726,2.512406390340368,0.0856964560868922,0.34012376570341374,0.2040742594220482,0.13604950628136553,0.05554848463115285,0.03538039323022795,0.053213854348845124,1.3405703976941994,0.14378342906752292,0.007555272688136911,0.7511882519176712,0.34752551333869747,0.008436683265870921,0.045953154779277215,2.803472178247634,2.6306170022781474,2.5422263267226413,0.08839067555550628,0.43540975254165526,0.26124585152499313,0.1741639010166621,0.05582531940754039,0.03561491477037308,0.05295520830112252,1.3383926414779248,0.13645157364979274,0.007676784325991249
2038,0.7416348164558317,0.3419815516965354,0.00832938751292654,0.04536873110940377,2.712465832709965,2.611057753721033,2.5265667159141283,0.08449103780690463,0.30983186132639423,0.18589911679583648,0.12393274453055773,0.05526722951697704,0.03514212698560747,0.053132461840741455,1.342792469217355,0.14392393071579795,0.007565758096090974,0.7525210476158889,0.3476173911973982,0.008451652050506827,0.0460346882452249,2.803173143955367,2.6417553033215935,2.55450157323408,0.08725373008751339,0.41445261786881127,0.2486715707212868,0.16578104714752448,0.055568460706420714,0.03539731603161514,0.052833040816446894,1.3404129297174419,0.13654839737281466,0.007684167523189782
2039,0.7435847934377431,0.3422635435117373,0.008351287932868049,0.04548802014278718,2.710109893216678,2.62560298588737,2.542419189525517,0.08318379636185323,0.2794845061519356,0.1676907036911613,0.11179380246077429,0.054962134836034376,0.03488366496938809,0.05303047497307754,1.3452138548092334,0.14410989514195693,0.0075782479559433685,0.7540788899615234,0.34778631966432355,0.008469148360406145,0.04612998875224084,2.804123562554898,2.6540430730723195,2.567969605516988,0.08607346755533181,0.39358992839651674,0.23615395703791006,0.15743597135860668,0.05529970276216355,0.03516963680779827,0.05269997458427844,1.3425354051457388,0.13668365385567782,0.007693502266291164
2040,0.7459031814035583,0.34266814451257305,0.008377326019732503,0.04562984631173503,2.709615720796354,2.642074023324928,2.5602771399618254,0.08179688336310265,0.2488976347242143,0.14933858083452853,0.09955905388968578,0.05463602253059657,0.034607397799744324,0.05291165636534101,1.3478147644244722,0.14436333672470675,0.007593890095156177,0.7559689217917758,0.3480837965858202,0.00849037552932625,0.04624561062915719,2.8065638346774895,2.6678355769923385,2.5829687519354136,0.08486682505692483,0.37265847123679346,0.22359508274207607,0.1490633884947174,0.05502044862745764,0.03493306569986983,0.052558428533205276,1.344750146885132,0.13687667047414415,0.007705902726345262
2041,0.7486030568241788,0.34319408532668366,0.008407648636896626,0.0457950096394406,2.7110424630491003,2.6606177107472138,2.5803051184936496,0.08031259225356417,0.21789557425908443,0.1307373445554506,0.08715822970363384,0.054286093145881426,0.0343109539088563,0.052774025323189803,1.350620363731247,0.14468530851963704,0.007612720745268066,0.7582022882788911,0.34850597169837133,0.00851545873000238,0.046382235586219456,2.810575653922462,2.683288500420358,2.5996762137999174,0.08361228662044067,0.3514990668709079,0.21089944012254472,0.14059962674836315,0.054726834642810356,0.03468432959530166,0.052405438674765076,1.347089151513479,0.13712815358184902,0.007721370357346243
2042,0.7516435993074547,0.3438154551704222,0.008441797325753696,0.04598101297558623,2.7143215728282586,2.681191121128081,2.6024838112472617,0.07870730988081913,0.18639626930166142,0.11183776158099679,0.07455850772066464,0.05390970980200694,0.033992099454794325,0.05261504049616042,1.353655241537603,0.14506706201458344,0.007634226328712542,0.7607338589254095,0.34902332931965147,0.008543891096530115,0.04653710311910157,2.8160935759623555,2.7003580644129572,2.618075679488845,0.0822823849241121,0.3300298274558512,0.1980178964735107,0.1320119309823405,0.05441518876066181,0.03442031770627854,0.05223760507030306,1.3495835255729602,0.13742881569198082,0.007739333806759481
2043,0.7551066227690323,0.3445678975675287,0.00848069094797559,0.04619286119966671,2.719752728318341,2.7041221040459087,2.6271384514102967,0.07698365263561224,0.15435712818007394,0.0926142769080443,0.061742851272029636,0.05350700171772168,0.033650943905668994,0.05243477804111778,1.3569222899956908,0.14552470980421822,0.007659203094940404,0.7636408435310388,0.34966819651449443,0.008576539781215808,0.04671493611345373,2.8234226254366788,2.7193649992000215,2.6384881046708477,0.0808768945291736,0.3082242012763854,0.18493452076583122,0.12328968051055417,0.05408467035832003,0.034140317896373895,0.05205422680034193,1.3522422477667673,0.137792625435708,0.0077605335932792695
2044,0.7589698536286341,0.3454547218433514,0.008524079346372655,0.04642919174447705,2.727007300482297,2.7291724392198917,2.654000724727767,0.0751717144921246,0.12167762625754978,0.07300657575452982,0.048671050503019966,0.05308559224891026,0.03329394541383557,0.05224086131122163,1.3603633185998252,0.14605600434128127,0.0076875778542462615,0.7668922848266503,0.3504387868304742,0.008613057099342947,0.04691384074368796,2.8322025504027857,2.7400500743763008,2.6606274124526155,0.07942266192368547,0.28595856325028346,0.17157513795017004,0.1143834253001134,0.05374194735782884,0.033849978918853836,0.051862146742203935,1.3550137186156699,0.13821569483093213,0.007784798723652496
2045,0.7631697386926897,0.34645720698551236,0.008571248747582062,0.04668611680854,2.7356830165556216,2.75599339132482,2.682703654610032,0.073289736714788,0.08829893657598273,0.05297936194558959,0.03531957463039314,0.052651361917838826,0.032926085684109825,0.052039006879264396,1.3639331091805218,0.1466497358091149,0.007718822744283222,0.770411942204776,0.3513092832995389,0.008652586783716774,0.04712915301902204,2.841976566194578,2.7620318046351096,2.684098010327009,0.07793379430810028,0.2631309264459488,0.15787855586756927,0.10525237057837955,0.05339192868408921,0.03355345938645931,0.05166636000449429,1.3578596351665928,0.13868498339889268,0.007811460417195365
2046,0.7677705661228404,0.3476005764585279,0.19500560334315278,0.04696756917902565,2.7460868927921536,2.7848780963990705,2.7135453178377515,0.07133277856131874,0.05423595825733684,0.032541574954402054,0.021694383302934786,0.052203329904062526,0.03254653381105305,0.05182782696235098,1.3676422609528207,0.14731742512756904,0.00775352921148849,0.7742474002038631,0.35229586634638493,0.1664598135660963,0.0473637838014562,2.852998571395538,2.7855561560636115,2.7091554698158116,0.07640068624779975,0.23973850263287702,0.14384310157972618,0.09589540105315082,0.053032535938952206,0.0332489985769961,0.051464793234574965,1.3607981596191836,0.13920790508140707,0.007840928500863181
2047,0.759495404272855,0.34687011763899933,0.17611137338816607,0.046461346443427136,2.7592573214259652,2.7160208688470453,2.6378374360322625,0.07818343281478263,0.20236647565617125,0.12141988539370269,0.08094659026246856,0.05365113507584397,0.033773046979474336,0.05227275387392441,1.3557506032375612,0.14651696001293493,0.007707399536737233,0.7670665352618928,0.3516627453834089,0.14959410385721766,0.04692450355105969,2.8662513193338137,2.7261866172061344,2.6438828398875964,0.08230377731853808,0.37061413241036195,0.22236847944621715,0.1482456529641448,0.054288069726096504,0.034312628375635035,0.05189747759651792,1.3506044577439473,0.13861219913065662,0.00780053065184994
2048,0.7519990365149236,0.3462776019318251,0.15898342321382938,0.04600276564674616,2.7694972385797256,2.6535549396957694,2.5690798932126504,0.0844750464831192,0.33402890894512516,0.20041734536707503,0.13361156357805012,0.055031036913548007,0.03494203560312335,0.052784974653363875,1.3446660120087217,0.14584131970488926,0.007665697026078765,0.7605849316220207,0.35114555809118,0.1343300919215891,0.046527999945685426,2.876974888953948,2.6724979302550502,2.5847952732209256,0.08770265703412441,0.48696602622170426,0.29217961573302254,0.19478641048868173,0.05547316804309284,0.035316588521654826,0.052366446521623686,1.3411644794419066,0.13810981500463032,0.007764163514988618
2049,0.745239496929314,0.3457909009918172,0.1435145529042826,0.04558925961104983,2.777734255154983,2.5973100982354453,2.507118759942825,0.09019133829262038,0.4510258253535973,0.27061549521215833,0.18041033014143898,0.0563289218030827,0.036041543284913574,0.05332724345759476,1.3344547383070957,0.14526902536523742,0.007628015217384609,0.7547664146089113,0.3507183346573739,0.1205754560967787,0.04617206007079121,2.8859794096506417,2.62433380696868,2.531747563696279,0.09258624327240067,0.590386409923938,0.35423184595436275,0.23615456396957524,0.056577040223954864,0.03625173766497174,0.052844277973563655,1.332525721965365,0.13768514693745973,0.007731485940479041
2050,0.7391844714574265,0.3453987595301843,0.1295600578300557,0.04521885149916742,2.784580517621558,2.546954664737265,2.4515978322990977,0.09535683243816767,0.5549711422041005,0.3329826853224602,0.22198845688164026,0.05753906616597491,0.03706672127550727,0.053876324513622426,1.3251151114367463,0.1447889666455341,0.007594234505961977,0.7495828440076008,0.35037388254798113,0.10819572849596545,0.04585496236768903,2.893790295277116,2.581390114044392,2.4844096641651205,0.09698044987927147,0.6823010518533263,0.40938063111199574,0.2729204207413306,0.05759661275780893,0.037115472070198344,0.05331486375504897,1.3246752340341361,0.13733117573710332,0.007702408515191766
2051,0.733760044778501,0.3450820647255617,0.11696340299007792,0.044887019447167706,2.7902653105802107,2.5018952787761273,2.4018787572151052,0.10001652156102199,0.6473109222751757,0.3883865533651054,0.2589243689100703,0.05866231922122793,0.03801828899372595,0.054418996466333,1.3165980771782184,0.14438761178023127,0.007563921950198846,0.7449629381353491,0.35009561087667324,0.09704315767278793,0.045572346163450426,2.900566582361893,2.5431037437122503,2.4421740730801846,0.1009296706320658,0.763987515469514,0.4583925092817084,0.30559500618780566,0.05853486160212703,0.037910312830019804,0.05377028212531289,1.317557281181084,0.1370377770908256,0.007676504941376663
2052,0.7288932306117102,0.34482103674310605,0.1055782735560811,0.04458929868940789,2.794969852817192,2.461580733353178,2.357370749415177,0.10420998393800092,0.7293318390033582,0.43759910340201486,0.29173273560134333,0.059700119453485134,0.038897465056820076,0.05494535737792164,1.3088555157278032,0.14405006507999804,0.0075366166070905075,0.7408363473687208,0.3498655003324988,0.08697935880200544,0.04531990791263868,2.90643621576834,2.508958884318117,2.4044874048385605,0.10447147947955684,0.8365813515496325,0.5019488109297795,0.33463254061985304,0.05939483370439681,0.03863884117655899,0.054204617673511285,1.3111206769381893,0.13679299402503145,0.007653316003917548
2053,0.7245178152331093,0.34459747956737136,0.09529668395558538,0.04432163873525102,2.7988589296149406,2.425523955632457,2.317552548879722,0.1079714067527346,0.8021773012253643,0.48130638073521853,0.3208709204901458,0.06065411749994411,0.03970564780781161,0.05544781827203757,1.30184270862714,0.1437627892576626,0.007511887787904969,0.7371396825203064,0.34966666862255413,0.07790389047729235,0.04509376989519129,2.9115237581616817,2.478506718677342,2.3708694666406336,0.10763725203670825,0.9010904858684136,0.5406542915210482,0.36043619434736546,0.06017936777123087,0.03930346192995987,0.05461329634586079,1.3053202016420473,0.13658575596670494,0.007632412539133988
2054,0.7206224020103354,0.344399627754339,0.08605111057456492,0.04408334243541474,2.802485696874301,2.3936626411704944,2.282367816384631,0.11129482478586364,0.8668631341494498,0.5201178804896698,0.34674525365978004,0.061516564839055786,0.04043627305981898,0.05591203338809173,1.2955871354902482,0.1435168405441029,0.007489640610330522,0.7338657433549409,0.34948852246295803,0.06975776430872861,0.04489349170353411,2.9163638273572303,2.4517349533795385,2.34131820308585,0.11041675029368836,0.9584093737856335,0.5750456242713801,0.38336374951425345,0.06088158065300883,0.03989834400616905,0.05498431439445492,1.300185150657909,0.13640903083669761,0.0076137085092550395
2055,0.7171607117304678,0.3442168296889805,0.07772827041999623,0.04387157859698511,2.805998078418596,2.365626960136831,2.2514172977366527,0.11420966240017827,0.9243013011365719,0.554580780681943,0.3697205204546289,0.06228939343120767,0.04109097747977933,0.05633372717869789,1.2900481763158664,0.1433079675976632,0.007469602385598236,0.7309713057071959,0.349321134088536,0.06243437214924635,0.0447164290247167,2.9210836778106684,2.428314402317212,2.3154787267638337,0.11283567555337799,1.0093415850780583,0.6056049510468349,0.40373663403122334,0.06150400491519106,0.040425632876792475,0.055315114835582935,1.2956776617993357,0.13625992974545525,0.0075969335825120925
2056,0.7140598197629878,0.3440354938151761,0.0701953731540891,0.04368188609482335,2.8092859617726047,2.340866195823203,2.2241039737512,0.11676222207200311,0.9753033133690083,0.5851819880214049,0.39012132534760346,0.06298050571301189,0.04167645564425332,0.056714872512104164,1.2851472269009,0.14312789469757561,0.007451312536201859,0.7283859433546838,0.34915138789940475,0.055806938178597484,0.04455827357124197,2.9255516689282697,2.407727792040919,2.292790656301255,0.11493713573966412,1.0546016877116915,0.6327610126270149,0.42184067508467665,0.062054836942276724,0.04089227213736196,0.055608866499236055,1.2917226853442458,0.1361315956023705,0.0075816289113891
2057,0.711285592686917,0.3438406059913777,0.06336523597249132,0.04351217689618574,2.8125896199153493,2.319195273416643,2.2002386523245265,0.11895662109211663,1.0205849459847052,0.612350967590823,0.4082339783938822,0.063587939648269,0.042191045407475466,0.05704938387006035,1.280879823099803,0.14296696819407406,0.007434485410529447,0.7260788449043677,0.34896469768271826,0.04979509203032342,0.044417140575053596,2.9300004363903547,2.389830440623907,2.2731092118234795,0.11672122880042773,1.094818707611459,0.6568912245668754,0.4379274830445837,0.06253228707156985,0.041296745668922774,0.055860434794105705,1.288320127122237,0.13601570805864754,0.007567515072668392
2058,0.7088052116981375,0.34362583505509514,0.05719659934737523,0.04336044352844445,2.816009251320101,2.300353949562772,2.17953910936593,0.12081484019684155,1.0607835699236179,0.6364701419541706,0.42431342796944727,0.06411444401533112,0.042637075406552205,0.05733613440111873,1.2772109347704053,0.14282177885816771,0.0074189256841862995,0.7240202374543783,0.3487550853876447,0.04436376147394029,0.0442912086775801,2.9345223110670635,2.3743971733279823,2.2561907475683514,0.11820642575963106,1.1305526058311868,0.678331563498712,0.45222104233247473,0.06293908788569691,0.04164136838831631,0.056069320930962674,1.285439553254537,0.13590970373080177,0.007554404348479311
2059,0.7066024189255261,0.3433999172048813,0.05166377704160681,0.04322569123862611,2.8195727246565614,2.2840697009324433,2.1616929714940314,0.12237672943841212,1.0964662552708837,0.6578797531625301,0.4385865021083536,0.06456699927222562,0.043020459160691166,0.05757844909413704,1.2740793174431397,0.1426926497588699,0.007404675016059929,0.7221972212412949,0.3485317757669612,0.03949317722834984,0.04417968875160358,2.939139047028002,2.361187737579735,2.2417582113846355,0.11942952619509978,1.1623013927389438,0.6973808356433663,0.46492055709557756,0.06328200201059234,0.04193186927753774,0.05623918631937698,1.2830244600879566,0.13581450880015042,0.0075423529454988585
2060,0.7046572264738404,0.343171355841692,0.046727527385864547,0.043106697300273264,2.8232514931194976,2.270051378396701,2.1463674250021576,0.12368395339454333,1.1281401135289006,0.6768840681173403,0.4512560454115604,0.06495387018324553,0.04334819819360347,0.05778116776978007,1.271418156842044,0.14257928432411046,0.007391742308565182,0.7205932228225471,0.3483037570185073,0.035150102026013444,0.04408156692374508,2.9438177994264874,2.3499407943041413,2.229511380798502,0.12042941350563918,1.1905106977133086,0.7143064186279852,0.4762042790853235,0.06356891071219234,0.04217492497833625,0.056374979602009975,1.2810129360136817,0.1357304261022926,0.007531387451850743
2061,0.7029460544468459,0.3429413982589711,0.04232589276579668,0.043002019292298174,2.8270545551468818,2.2580640127154346,2.133300026664415,0.12476398605101953,1.1562575474707786,0.6937545284824671,0.46250301898831153,0.06528072900641509,0.04362509777833065,0.05794706761317231,1.2691811421701398,0.1424792002942998,0.007380033478909026,0.7191880453188508,0.3480726679548356,0.031278576449835255,0.04399560772197879,2.9485670829759707,2.340450836445373,2.2192201194720784,0.12123071697329453,1.2155782725064874,0.7293469635038925,0.486231309002595,0.06380502367113686,0.042374948889719335,0.05647945699925724,1.2793637407011271,0.1356556276312373,0.007521431378388822
2062,0.7014428875610825,0.34270569505799786,0.03839545588057212,0.042910065740723285,2.8310173565300114,2.2479178960610526,2.1222847543621697,0.1256331416988831,1.18122100361307,0.7087326021678418,0.4724884014452281,0.06555114992709796,0.043854185798389345,0.05807729080730962,1.2673381810957625,0.1423892057580644,0.007369377707631401,0.7179588081152525,0.3478344318109139,0.027820910141937695,0.043920411457183825,2.9534239879324042,2.332556100004421,2.210709155340639,0.12184694466378182,1.2378580543196087,0.7427148325917652,0.49514322172784353,0.06399342365178418,0.04253455258619593,0.056553661727656274,1.278051802046381,0.13558752117074377,0.0075123295865352395
2063,0.700118657429254,0.34245835437087047,0.034880188882279395,0.04282905838699477,2.835144308112485,2.2394184102488617,2.1131118196540974,0.12630659059476426,1.2033874807639797,0.7220324884583877,0.481354992305592,0.06576890908950254,0.044038661227431344,0.05817338946188891,1.2658592160693611,0.14230591411218874,0.007359567401280038,0.7168792957556683,0.34758336907073295,0.02472656122742442,0.043854374414140626,2.9583945532798492,2.326086878456445,2.2037961469734304,0.12229073148301445,1.2576640105106982,0.7545984063064188,0.5030656042042794,0.06413735527417411,0.0426564847588765,0.056598965078376876,1.2770518996849471,0.1355232723779278,0.007503889256202586
2064,0.6989496800020737,0.3421978402094649,0.0317234108287323,0.042757548405393794,2.839413004903079,2.2323735144745678,2.1055695263990195,0.12680398807554827,1.2230724641734325,0.7338434785040594,0.4892289856693731,0.0659389174848187,0.04418268442866144,0.058238191888151665,1.2647077077202673,0.14222733088295533,0.007350465682359356,0.7159285757734198,0.3473181951688873,0.021943892389392726,0.04379621607357565,2.9634577340765578,2.3208732080788033,2.1982936529101007,0.12257955516870266,1.2752734686107619,0.7651640811664571,0.5101093874443048,0.06424116471380864,0.042744427285398574,0.05661794571441974,1.2763320025673184,0.13546133130484211,0.007495989637675542
2065,0.6979142707757688,0.34192718296039687,0.028866092891086555,0.042694209261463015,2.8437426121738594,2.226562677081584,2.099409519919957,0.12715315716162717,1.2405551537565045,0.7443330922539025,0.49622206150260195,0.06606821221983805,0.04429221691148412,0.058276635320347124,1.2638338021816877,0.14215281870245236,0.007341990319613412,0.7150875540270922,0.34704222694196674,0.01941837047888425,0.04374476836248194,2.9685325382395966,2.316712945476943,2.193973436096975,0.12273950937996776,1.2909318369043696,0.7745591021426217,0.5163727347617479,0.06431127522737504,0.04280382164992358,0.056615215053252746,1.275846403017658,0.1354014079807975,0.007488565991332744
2066,0.6970063224914855,0.341653223896078,0.026262199209465764,0.04263866737911434,2.8481317821065986,2.2218580803735515,2.0944822865849937,0.12737579378855757,1.2560824925360081,0.7536494955216048,0.5024329970144034,0.06616187576713098,0.044371564310149984,0.058292155041343025,1.2632017180614534,0.14208291893044436,0.007334181488100108,0.7143527141601146,0.3467625958945091,0.017108049187705462,0.04369981620649091,2.9736198824661915,2.313496740121455,2.190706184054581,0.12279055606687402,1.304856164019351,0.7829136984116104,0.5219424656077406,0.06435221031736466,0.042838499953262554,0.05659390339074581,1.2755631024862848,0.13534429416441862,0.007481675915151
2067,0.6962215151461255,0.3413781931218513,0.023869144899378497,0.04259065849093524,2.8526413080655075,2.2181972822363694,2.090716003397085,0.1274812788392845,1.2698755077807045,0.7619253046684226,0.5079502031122819,0.06622207055486737,0.04442255853317667,0.05828569403564835,1.2627959341880022,0.1420178244833692,0.007327040645171539,0.7137219938526023,0.3464816833874989,0.014973974504796685,0.043661233435714805,2.978784596349094,2.311180180480114,2.188439942079431,0.12274023840068325,1.3172410904494392,0.7903446542696633,0.5268964361797759,0.06436564943972715,0.04284988495234317,0.056554692041787986,1.275470129874251,0.13529037224838483,0.00747533418009969
2068,0.6955379049820541,0.3410965914252387,0.021680169760047968,0.04254884018159219,2.8572548161659945,2.215453171999436,2.087975460146879,0.12747771185255705,1.2821322600318592,0.7692793560191155,0.5128529040127437,0.06625152276954764,0.04444750907890519,0.05825868804971476,1.2625975160928442,0.1419557732037596,0.007320391986509267,0.7131750993801389,0.34619398464596535,0.01301313324296316,0.04362777857990166,2.9840117984238037,2.309650073719409,2.1870549703187945,0.12259510340061452,1.3282613801750156,0.7969568281050091,0.5313045520700065,0.06435382457529457,0.04283986747746184,0.05649872592416093,1.2755519336086847,0.13523810562537986,0.007469373998722866
2069,0.6949304076575102,0.34080405495696703,0.019698241065745248,0.04251167798002451,2.861898672235898,2.2134612892434578,2.0860827032208475,0.1273785860226103,1.2930266150250842,0.7758159690150505,0.5172106460100337,0.06625448568882011,0.04445001912623443,0.05821403335396413,1.2625775594009767,0.14189402833093515,0.007314053012838112,0.7126884864905753,0.34589517143846754,0.01123220427117113,0.043598011374845674,2.9892281072467703,2.3087533659151793,2.1863859500266454,0.12236741588853382,1.3380702620335418,0.8028421572201249,0.535228104813417,0.06432046721480278,0.042811608673926416,0.056428569482054075,1.2757827725829316,0.1351850576166193,0.007463622814603568
2070,0.6943767271897783,0.34049761238746235,0.017876031847428878,0.04247780795901878,2.866494568820769,2.2120664382904214,2.0848685477883224,0.127197890502099,1.3027100350540777,0.7816260210324465,0.5210840140216312,0.06623527042962898,0.04443374085282311,0.05815479499152605,1.2627069966411568,0.14182959219410077,0.007307870202461689,0.7122414344586737,0.34558237362205646,0.009586781327943585,0.04357066426701864,2.994355972877077,2.3083455061107854,2.1862754130000956,0.12207009311068968,1.3468009331283028,0.8080805598769815,0.5387203732513214,0.06426937847284588,0.042768328669137434,0.05634695191717959,1.2761365288006286,0.13512856990193725,0.007457938261285447
2071,0.6938652380530141,0.34017334579879405,0.016192809684843545,0.04244651896417697,2.871064207202256,2.211213085046279,2.0842755810102807,0.126937504035998,1.3113143769866256,0.7867886261919752,0.5245257507946504,0.06619481388334948,0.04439946794944648,0.05808116687497359,1.2629796329642216,0.14176012828680343,0.00730173903519425,0.7118237825056978,0.3452517305427363,0.008058998445743107,0.043545115700709604,2.9994204340281714,2.3083827271100517,2.186678958003847,0.1217037691062048,1.3545691267072075,0.8127414760243242,0.5418276506828833,0.06420111199948267,0.0427104964896608,0.0562538277165828,1.2766096319651008,0.13506656378018475,0.007452224389765418
2072,0.6934006119338831,0.3398357982971744,0.014646988732178776,0.04241809675787943,2.875663253089102,2.2108929806582407,2.0842896609499624,0.1266033197082784,1.318955986898566,0.7913735921391395,0.5275823947594266,0.06613432683403866,0.04434822613601423,0.05799377961365397,1.2633875432470982,0.14168710575031057,0.007295730973903616,0.711441740871539,0.34490790655504944,0.006649799638299932,0.04352174555795411,3.0044811898676858,2.3088682075942724,2.1875950075451103,0.12127320004916196,1.3614769705376262,0.8168861823225755,0.5445907882150507,0.06411654005797487,0.04263885107634138,0.05614961240681379,1.2771963752070519,0.13500053990231517,0.007446562564603434
2073,0.6929934222953925,0.3394951026450003,0.013204532836676962,0.04239318811297535,2.8803242883968463,2.21108838965306,2.084879982039555,0.12620840761350524,1.3257405105954858,0.7954443063572914,0.5302962042381945,0.06605652356643366,0.04428231482824737,0.05789470798956843,1.263912739073843,0.14161423807514623,0.007290006860507388,0.7111073413094338,0.34456117082924526,0.005326814871352059,0.043501289816218626,3.0095738849275593,2.3097938468588786,2.1890033119326566,0.12079053492622185,1.3676176216581715,0.8205705729949027,0.5470470486632688,0.06401803152508022,0.04255539923133348,0.05603614803880188,1.2778807013450555,0.13493410095921385,0.007441124166277394
2074,0.6926490905128062,0.33916161260840766,0.011854164658012957,0.042372124620263955,2.8850240262557723,2.211736075470149,2.085964939858763,0.12577113561138598,1.3317651439950158,0.7990590863970093,0.5327060575980065,0.06596565115316652,0.04420533194844372,0.05778740375454473,1.2645268820858866,0.14154555670231686,0.0072847013525632,0.7108271295384698,0.34422194324481736,0.00408043656721907,0.04348414884295841,3.0146758959781463,2.311102982843611,2.1908294993256017,0.12027348351800936,1.3730773277542412,0.8238463966525446,0.5492309311016966,0.06390946855244574,0.042463429732857855,0.055916628036951396,1.2786359907417197,0.13487111203337737,0.007436052800681989
2075,0.6923642940695287,0.33884627838819587,0.010640842347730155,0.04235470301047585,2.8896445067770076,2.2126928469068803,2.0873734381581626,0.12531940874871758,1.3371184476980755,0.8022710686188452,0.5348473790792303,0.06586866083454072,0.0441231662639148,0.05767771913105665,1.265183237022128,0.14148424382736957,0.007279907302318905,0.7105987180274718,0.3439012446683247,0.002957962991703242,0.043470176566966924,3.0196670080631844,2.3126556638638363,2.192905995531278,0.11974966833255847,1.3779350208865109,0.8267610125319064,0.5511740083546045,0.06379737090039132,0.04236846581846275,0.05579658252522225,1.279417102817585,0.1348146477298242,0.0074314509086558424
2076,0.6921318868533037,0.3385536729184732,0.009607993916671158,0.04234048617171944,2.894107964618146,2.2138505418314125,2.088980287572842,0.12487025425857068,1.3418794617421737,0.8051276770453041,0.5367517846968696,0.0657700246556236,0.04403960628313662,0.05756929007707315,1.2658516481776854,0.14142990815403267,0.007275631815551556,0.7104158654630791,0.34360368960525056,0.002005253959689167,0.04345899123493337,3.0244694193354817,2.3143483144093113,2.1951126618934693,0.11923565251584214,1.3822612624033541,0.8293567574420124,0.5529045049613417,0.06368583526102692,0.042273978015065536,0.05567936965767234,1.2801955435931784,0.13476443395370152,0.007427333475707298
2077,0.6919485678903867,0.3382859111091397,0.008755635876295603,0.04232927221811003,2.8983982050181636,2.215159028296782,2.0907274692549933,0.12443155904178874,1.346117892938617,0.8076707357631702,0.5384471571754469,0.06567182072760067,0.04395641248520135,0.057463670515290534,1.2665180521876593,0.1413818383213679,0.007271878337567902,0.710276212185077,0.34333143532709315,0.0012239988279318867,0.04345044853126197,3.0290693255918706,2.316137018722607,2.19739834003849,0.11873867868411692,1.3861183092556344,0.8316709855533806,0.5544473237022538,0.06357664167319907,0.04218147428874357,0.0555663270029315,1.2809588444981945,0.1347198924022966,0.00742371075255354
2078,0.6917964662404682,0.3380363097189174,0.008046264637865619,0.04231996789498091,2.9024718653246544,2.216539170135722,2.0925343749909544,0.12400479514476742,1.3498958172228332,0.8099374903336999,0.5399583268891334,0.06557519949617774,0.04387455947417537,0.05736150709069901,1.2671746160178792,0.1413374586518845,0.007268480191535932,0.7101624662405566,0.34307773694293175,0.0005777462984254134,0.043443490626167536,3.0334248602549736,2.317947445296059,2.199687827794722,0.11825961750133684,1.389561720767086,0.8337370324602517,0.5558246883068344,0.0634706666470718,0.04209169717811965,0.05545790294705002,1.281700790409532,0.13467863637470204,0.00742041930250531
2079,0.6916528219738844,0.33779536654198444,0.007433672910918024,0.04231118088230096,2.9062703657345175,2.2179006387883753,2.0943110484853316,0.12358959030304362,1.3532655287486437,0.8119593172491861,0.5413062114994576,0.06548106290985063,0.04379481133885246,0.05726322802448638,1.2678151564208124,0.141293263058111,0.007265215022950704,0.7100522435138306,0.3428329985406672,2.108369464307036e-05,0.04343674818905696,3.0374780700633988,2.319692841618233,2.2018952449003053,0.11779759671792803,1.3926380419384887,0.8355828251630933,0.5570552167753954,0.06336856582306297,0.04200520211124585,0.05535434738672417,1.2824166808342436,0.13463738183391194,0.00741723843330864
2080,0.6915061747465491,0.33755772045788635,0.006890774762553752,0.04230221011646315,2.909781243900377,2.2192039759136826,2.0960195197392433,0.12318445617443935,1.3562695402685563,0.8137617241611337,0.5425078161074226,0.0653895421621741,0.04371727922030719,0.05716869320105682,1.2684387134787236,0.14124708230808367,0.007261965061847503,0.7099345010877955,0.3425918023939998,-0.000472267439420776,0.043429545691794164,3.0412179229429617,2.321337734288682,2.203987111074518,0.11735062321416392,1.395384686447406,0.8372308118684437,0.5581538745789623,0.06327029116694918,0.041921948395763305,0.055255393859628826,1.2831067362944437,0.13459410667072402,0.007414052208849469
2081,0.6913658295699272,0.3373300811843271,0.006398611088063527,0.042293624821641174,2.9130259227417388,2.2204556535358004,2.097659630027133,0.12279602350866779,1.3589438211910105,0.8153662927146061,0.5435775284764044,0.06530183105493022,0.04364297445185614,0.05707889655821735,1.2690370707168181,0.1412011374606964,0.007258850571873019,0.709819260353065,0.34236094416627616,-0.000920757281591203,0.04342249618170421,3.0446678766029893,2.3228929444415245,2.2059680057908544,0.11692493865067033,1.3978331180202246,0.8386998708121348,0.5591332472080898,0.06317688330176471,0.04184281759908167,0.05516192564182211,1.2837635231721751,0.13455095939142248,0.007410986439869918
2082,0.6912499411510654,0.3371230659782484,0.005956166960449073,0.042286535580539894,2.916056851953085,2.221694857490115,2.099263288961548,0.12243156852856699,1.3613226049858953,0.816793562991537,0.5445290419943583,0.06521890258890047,0.043572721314483184,0.056994707572445576,1.2696034833987802,0.1411594990712292,0.007256080595817928,0.7097254450974008,0.34215115042758604,-0.0013249172562295325,0.04341675728861892,3.0478831113645186,2.324402335636606,2.2078749163912295,0.11652741924537682,1.400013658288815,0.840008194973289,0.5600054633155259,0.06308919541547617,0.041768532502343414,0.0550747260480133,1.284380894690066,0.1345118255890565,0.007408256115984743
2083,0.6911711279136578,0.3369432178648821,0.005587956052328327,0.042281714292714954,2.9189275952142495,2.2229576474546016,2.1008633955837386,0.12209425187086297,1.3634403327175189,0.8180641996305111,0.5453761330870077,0.06514097973925823,0.04350670870237907,0.0569162827699005,1.2701363124305707,0.14112515787065782,0.007253791923767344,0.7096662228604248,0.34196898111903673,-0.001659449333378575,0.04341313450329631,3.050919903974464,2.325906244081606,2.209745475086816,0.11616076899478978,1.4019573814794137,0.8411744288876484,0.5607829525917654,0.06300734703713189,0.041699194364996056,0.05499387769137779,1.2849578568398616,0.13447953747105817,0.007406001370384328
2084,0.6911230422957755,0.33678795268783546,0.005311310153074143,0.04227877263716039,2.9216319696907944,2.224217810101404,2.1024336546736953,0.1217841554277086,1.3653305250284988,0.8191983150170992,0.5461322100113997,0.06506835324105774,0.043445182912752546,0.05684370460356378,1.270633454561637,0.14109772441804386,0.007251923527375139,0.7096354431818204,0.3418117452541015,-0.001906151808158417,0.043411251561996975,3.053773337862225,2.327381067744793,2.21155640512009,0.11582466262470266,1.4036948879035573,0.8422169327421345,0.5614779551614228,0.06293149130036979,0.04163493291473162,0.05491936026284988,1.2854931840078616,0.1344537112510753,0.007404161337297113
2085,0.6910899029909235,0.33665142271006104,0.0051269464783873925,0.042276745217170675,2.924114933237412,2.225404436923694,2.1039016846465297,0.12150275227716399,1.3670220809848042,0.8202132485908824,0.5468088323939218,0.06500204330841589,0.043389008223528105,0.0567776590915053,1.2710878051192713,0.14107493309162503,0.007250329207818281,0.7096174298066068,0.3416734863902099,-0.0020635400070331406,0.043410149494544276,3.0563885158563573,2.328757319420756,2.213237023206618,0.1155202962141384,1.4052524877495656,0.8431514926497394,0.5621009950998261,0.06286248088459018,0.041576470501858934,0.054851730968102204,1.2859807116350752,0.13443220883925627,0.007402589876085781
2086,0.6910637289391377,0.3365319642546968,0.005016515214744326,0.04227514382908307,2.926336497034071,2.2264675572573673,2.105213784943366,0.12125377231400143,1.3685378534845085,0.821122712090705,0.5474151413938035,0.06494327502310306,0.04333922246697287,0.05671909717007666,1.2714908376875937,0.1410554663770993,0.007248948628970148,0.7096045159578952,0.341552541060427,-0.00214955606073626,0.043409359323391974,3.0587261675058977,2.329986922033487,2.214735732544339,0.11525118948914759,1.4066507249359304,0.8439904349615583,0.562660289974372,0.0628013941913286,0.04152472069797582,0.05479182754577662,1.2864126670577556,0.13441382753232486,0.0074012290980844065
2087,0.6910387944938011,0.3364267082938183,0.004983096378075105,0.04227361823542144,2.9282912494636872,2.2273892276182856,2.106353161109356,0.12103606650892954,1.3698968139238854,0.8219380883543311,0.5479587255695543,0.06489200162096712,0.043295786026673305,0.056667860658572,1.2718427446318687,0.1410380231838635,0.007247721246149193,0.7095912566119486,0.34144603127459916,-0.0021605320118019203,0.04340854797770053,3.0607824427751056,2.3310544169080094,2.2160385093947554,0.11501590751325397,1.4079065556339168,0.8447439333803501,0.5631626222535666,0.06274809067461636,0.041479564439077896,0.05473942245212339,1.286789897623276,0.13439736807378577,0.00740001987858247
2088,0.691012187900142,0.3363347921329062,0.004988228769210838,0.04227199032576572,2.929972270360986,2.2281537676284455,2.1073033355028317,0.12085043212561386,1.371114891430257,0.8226689348581542,0.5484459565721029,0.06484852559250084,0.0432589551584986,0.056624137466472,1.2721413359857987,0.14102202338248473,0.00724662258824789,0.7095751040481991,0.34135313673514317,-0.002135007408336498,0.043407559616316746,3.062552022786432,2.3319465557150214,2.217131531950683,0.11481502376433848,1.4090341513929152,0.8454204908357492,0.563613660557166,0.06270278213512445,0.041441181152837535,0.05469463535133325,1.2871107759965184,0.13438232629348457,0.00739894035127979
2089,0.6909810152705539,0.3362544724609501,0.004976699586938006,0.04227008307403819,2.9313830498102664,2.228755172607703,2.1080595458899105,0.12069562671779224,1.3722058398672599,0.8233235039203558,0.548882335946904,0.06481265963543602,0.04322857118868316,0.05658768487897807,1.272387800341916,0.1410070135840564,0.0072456191006601955,0.7095534348913711,0.3412721346356445,-0.00212859987417853,0.04340623376127031,3.0640398892984235,2.3326595113631488,2.2180124350604653,0.11464707630268367,1.4100457570632634,0.8460274542379582,0.5640183028253052,0.06266521945580586,0.04140935979888509,0.05465717886169627,1.2873769569926705,0.13436829786297338,0.0073979585402178215
2090,0.6909431210261312,0.3361828540999096,0.004926997871598712,0.042267764623559474,2.932547978115097,2.2292061677361374,2.10863910275431,0.12056706498182748,1.373181458934645,0.8239088753607868,0.5492725835738581,0.06478338488940188,0.043203770986133205,0.056557527414288086,1.272589064064303,0.140992486126426,0.007244669212406503,0.7095242170323879,0.34120009755370007,-0.002162843563729866,0.04340444610884234,3.065271922331733,2.3332080221543845,2.2187008013306055,0.1145072208237789,1.4109518683352116,0.8465711210011271,0.5643807473340845,0.06263436164525422,0.04138321849774326,0.05462606545883274,1.2875957333634167,0.13435479744257467,0.007397032612545115
2091,0.6909028145333328,0.33611838787652726,0.004867672926308228,0.042265298613567925,2.933533826485464,2.2295598179751837,2.1091026641376196,0.1204571538375639,1.3740519372464066,0.824431162347844,0.5496207748985626,0.06475869275737176,0.04318285296091709,0.05653185585156004,1.2727588873528874,0.14097838288981046,0.0072437803601994605,0.7094918816208698,0.341135428706439,-0.002208604705449299,0.04340246774814886,3.0663173459416018,2.333647934088108,2.219260430996701,0.11438750309140691,1.411761524908168,0.847056914944901,0.5647046099632671,0.06260822293954116,0.04136107500261878,0.054599510474656054,1.2877811285219554,0.13434175530656206,0.007396168979977996
2092,0.690862936465677,0.33605847177455694,0.004803972825222484,0.042262858821124905,2.9344073023759734,2.229868177718752,2.1095109185189136,0.12035725919983833,1.3748273064284326,0.8248963838570595,0.5499309225713731,0.06473638966239575,0.04316395881672021,0.05650868526355461,1.2729123308991834,0.14096431084078664,0.007242940987897352,0.709459369056245,0.3410754625330879,-0.002260368986645611,0.04340047855662249,3.0672455473821136,2.334034195951328,2.2197552981371986,0.11427889781412937,1.4124837487415252,0.8474902492449151,0.56499349949661,0.06258463177237067,0.041341089663598715,0.054575552394015486,1.2879485148388632,0.13432878407130414,0.007395354652246227
2093,0.6908292061302092,0.3360036374045953,0.004738726873710866,0.0422607950989074,2.9352210284296816,2.230173949279057,2.1099107305824467,0.12026321869661026,1.3755171630787248,0.8253102978472349,0.55020686523149,0.06471523692650735,0.043146039203210806,0.056486910429361735,1.2730579049586916,0.1409511421882409,0.007242187688974911,0.709432549038035,0.3410207040879915,-0.002315165682613876,0.04339883758678943,3.068111245743845,2.3344118506056613,2.2202348971366717,0.11417695346898943,1.4131272476786216,0.8478763486071731,0.5652508990714485,0.06256235527532558,0.04132221805193118,0.05455309436310142,1.2881066256392448,0.134316694550743,0.007394626011360131
2094,0.6908020029095906,0.33595333278573186,0.004672906983248883,0.04225913063034832,2.9359916501697705,2.2304862878164036,2.110312877371634,0.12017341044476973,1.376131287996894,0.8256787727981364,0.5504525151987577,0.06469482966260423,0.043128751118877026,0.05646613420929499,1.2731983900894732,0.1409393346336218,0.007241516796505099,0.7094118485115931,0.34097055488412364,-0.0023718819965080074,0.04339757093159417,3.0689319773396915,2.334791224765774,2.2207113577086712,0.11407986705710267,1.4137010327183666,0.84822061963102,0.5654804130873465,0.06254096622501917,0.04130409824384365,0.054531723566303564,1.2882584856271295,0.13430589901213352,0.007393978907747448
2095,0.6907771661878913,0.3359061512784312,0.004605293833026616,0.042257610884445976,2.9367036949942715,2.2307850867901218,2.110696559126798,0.1200885276633237,1.376678559779123,0.8260071358674737,0.5506714239116492,0.06467550775216757,0.04311238249549349,0.056446597505575694,1.2733314410936787,0.1409286559466752,0.007240891127437176,0.7093930862524928,0.34092355833399746,-0.0024315800648559566,0.043396422799418743,3.0696921017871572,2.3351523806329446,2.221164122297848,0.11398825833509639,1.4142132991488485,0.8485279794893092,0.5656853196595393,0.06252075919798661,0.041286979790868664,0.054511645704642515,1.2884019965727542,0.13429616342346168,0.007393375715533043
2096,0.6907469339047795,0.33585890945994135,0.004533752253053858,0.04225576103486879,2.9373299806584763,2.231038878103054,2.111030298435203,0.12000857966785117,1.3771661370387887,0.8262996822232731,0.5508664548155155,0.06465759641339212,0.04309720884278087,0.05642850798669901,1.2734548114945166,0.14091787807764378,0.007240235488333304,0.7093684120495699,0.34087646950502015,-0.002496191909674865,0.043394912971543624,3.0703638285181736,2.3354635762920313,2.221561476627496,0.11390209966453534,1.4146705864844622,0.8488023518906774,0.5658682345937848,0.0625020147744366,0.04127110038750234,0.05449303404128479,1.2885351576029342,0.13428631729345136,0.007392740306797461
2097,0.690716789398582,0.33581704904801357,0.0044602847739229,0.04225391653905403,2.9378538183818197,2.231235365869243,2.1112944723123004,0.11994089355694303,1.3775989101158654,0.8265593460695191,0.5510395640463464,0.06464262297674228,0.043084524044034817,0.05641325751070843,1.2735579701959194,0.14090839121526183,0.007239636277418145,0.7093435242878949,0.340834809732462,-0.0025635961202680677,0.043393390060849885,3.0709300601583833,2.3357125370172005,2.221883734010825,0.11382880300637543,1.4150772102459301,0.8490463261475582,0.566030884098372,0.06248621312133577,0.04125771396231977,0.054477241773657016,1.288647441172495,0.13427770525489982,0.007392161982938324
2098,0.6906922158516243,0.33578461927491954,0.0043874525136828185,0.0422524128411952,2.938277102764367,2.2313772783201475,2.11148767657397,0.11988960174617734,1.3779823769839952,0.826789426190397,0.5511929507935982,0.06463134890026608,0.04307497317107942,0.05640154878453396,1.2736356568386262,0.14090135676605114,0.007239165409050669,0.7093240900403586,0.34080268651809653,-0.002631122273056466,0.043392200760966504,3.0713928541627387,2.3359024511922906,2.222129937715389,0.1137725134769012,1.415438194078916,0.8492629164473496,0.5661752776315664,0.062474090724284115,0.041247444431649155,0.054464951843288686,1.2887335980643209,0.1342714457863584,0.0073917147147734286
2099,0.6906737025659742,0.33576117476799106,0.004316199008587582,0.042251279885589646,2.9386138698383983,2.231473544608524,2.111620320364846,0.11985322424367797,1.3783225824559209,0.8269935494735524,0.5513290329823685,0.06462339836551534,0.04306823784801396,0.05639302574973665,1.2736904493327352,0.14089668712999828,0.007238820928509467,0.7093106348339273,0.34077964262883825,-0.00269771100881587,0.04339137723233653,3.0717667715657195,2.3360429194424817,2.2223112559582616,0.11373166348422004,1.4157591926790964,0.8494555156074578,0.5663036770716386,0.062465270128367195,0.041239972033251714,0.05445580897762829,1.2887962977461622,0.1342674536383545,0.007391396392827829
2100,0.6906580466438775,0.33574270949473956,0.00424737650215401,0.04225032174790298,2.938889715051429,2.2315402606055175,2.1117146762173147,0.11982558438820289,1.3786250647235236,0.827175038834114,0.5514500258894096,0.06461742361149297,0.04306317631443934,0.05638643539163568,1.273731629466101,0.14089323364936102,0.007238543777461097,0.7092998677855722,0.3407616045422137,-0.0027623592769980138,0.043390718168370396,3.0720781895251807,2.3361508603268035,2.2224509492983975,0.11369991102840582,1.4160454003779723,0.8496272402267833,0.5664181601511891,0.06245842542583316,0.041234173519780745,0.05444858143623275,1.2888449576524579,0.13426462270960235,0.007391145969615454
2101,0.6906470982880387,0.335727945204709,0.004182832061418423,0.04224965161592493,2.9391414270396745,2.2316069302527897,2.1118049264917067,0.11980200376108292,1.3788941675799469,0.8273365005479679,0.551557667031979,0.06461222613298717,0.04305877325251207,0.05638070027908457,1.2737674551816998,0.14089087814594897,0.00723833067064863,0.7092936269671084,0.3407472619439952,-0.002823146375617064,0.043390336014916944,3.072364834471694,2.336256766809834,2.2225843341333205,0.11367243267651361,1.4163008338972896,0.8497805003383736,0.566520333558916,0.06245238980459454,0.04122906042233292,0.054442220565121366,1.2888878696920139,0.13426282520093225,0.007390959041640072
2102,0.6906442253189944,0.335716665808606,0.004124084484670665,0.04224947550822972,2.939406153816264,2.2317044628218823,2.1119256515285283,0.11977881129335399,1.3791341704795599,0.8274805022877357,0.5516536681918242,0.06460678605577533,0.04305416467225032,0.05637491466931609,1.2738049559358569,0.1408899988479731,0.0072381976002963005,0.7092952784516942,0.34073637695741604,-0.002878544790570564,0.04339043668378746,3.072664649226167,2.336392402277441,2.2227469636855774,0.11364543859186352,1.4165294759009828,0.8499176855405894,0.5666117903603933,0.062446176583483906,0.04122379687053809,0.0544358503081419,1.2889320483445976,0.13426240018393626,0.007390850754089344
2103,0.6906517661520852,0.33570784494394745,0.0040719492343292835,0.042249936468867856,2.9397221114960357,2.2318637974216586,2.1121123523987944,0.11975144502286435,1.379349598495403,0.8276097590972415,0.5517398393981614,0.06459991310718755,0.04304834223003702,0.05636801154949352,1.2738523382164957,0.14089073864606244,0.0072381465350595964,0.7093070997198873,0.3407278792873317,-0.00292776068208081,0.043391159491618994,3.0730165118159563,2.3365894026769407,2.2229751614152224,0.11361424126171814,1.4167355840012232,0.8500413504007338,0.5666942336004894,0.062438634655575684,0.04121740770017524,0.05442843843543488,1.2889856800055615,0.13426345523682928,0.007390821575525204
2104,0.6906709381623239,0.33570241031561854,0.004026406515341752,0.0422511089609247,2.940091352526554,2.2320852441125303,2.112364357400786,0.11972088671174395,1.3795449918762799,0.8277269951257678,0.5518179967505121,0.06459179267158983,0.04304146297488029,0.05636014936290613,1.273908326663415,0.1408937749001003,0.0072381937263414796,0.7093302687452653,0.3407226880731781,-0.0029708641463482705,0.04339257649135618,3.0734219322082965,2.3368477179590075,2.2232678648812496,0.11357985307775782,1.4169234455450785,0.8501540673270469,0.5667693782180316,0.06242995245758975,0.04121005254606464,0.05442014723188869,1.2890474275311836,0.1342666127683271,0.007390887568796276
2105,0.6906983540057944,0.3357002183780268,0.003985510064104331,0.04225278577677097,2.940486422733688,2.2323416145837562,2.112651614541018,0.11969000004273789,1.3797246803211165,0.8278348081926697,0.5518898721284468,0.06458325237471009,0.04303422803278352,0.05635202939792304,1.2739672169203866,0.14089893829675998,0.0072383193298738305,0.7093613332639712,0.3407206574603677,-0.003009798589621117,0.04339447650428435,3.0738521572365265,2.337139115608864,2.223593864392752,0.1135452512161118,1.417097154739624,0.8502582928437742,0.5668388618958499,0.06242093500569075,0.0412024133804398,0.054411660534447494,1.2891115675913216,0.1342717080463468,0.007391029013553502
2106,0.6907326323692932,0.3357000405915752,0.003949251037481047,0.04225488244302829,2.9409123369516355,2.2326344726111484,2.1129772070975372,0.11965726551361103,1.3798918830901636,0.827935129854098,0.5519567532360656,0.06457398598553298,0.043026377979080876,0.056343354928118566,1.274031122082717,0.14090538112278322,0.007238503059325311,0.7093988673710269,0.3407205492087695,-0.0030445088493818648,0.043396772329545114,3.074311981238826,2.3374650728528814,2.223956157687753,0.11350891516512868,1.417259705918456,0.8503558235510733,0.5669038823673826,0.06241128835754396,0.04119424118903327,0.054402693911179356,1.2891801923226154,0.13427794181899846,0.007391225100663699
2107,0.6907717352531987,0.3357001510472343,0.003918583069694635,0.04225727429414936,2.941374083029641,2.2329651903667287,2.1133445502766377,0.11962064009009095,1.3800492212550062,0.8280295327530035,0.5520196885020027,0.06456358928603897,0.04301757037907638,0.05633373872332157,1.2741028323871575,0.14091240420219847,0.007238715885374555,0.7094407727369876,0.3407206190080084,-0.003073977774575763,0.04339933561104502,3.0748062142675634,2.337826897834911,2.224358108987074,0.11346878884783683,1.417413508800816,0.8504481052804893,0.5669654035203266,0.06240062125516706,0.041185204516289486,0.05439287291911273,1.2892560875692733,0.13428464813774502,0.00739144604233599
2108,0.6908148202800851,0.3357005616829979,0.0038950636123537344,0.04225990979938901,2.9418647402956246,2.233326497278046,2.1137455525875377,0.11958094469050842,1.3801986461801452,0.828119187708087,0.5520794584720582,0.06455229459216201,0.04300800204001848,0.05632337570358989,1.2741807485368104,0.14091987980286014,0.007238953363976166,0.7094862114030194,0.3407208927194334,-0.0030965846713734424,0.043402115088420304,3.075327510202351,2.338217060038437,2.2247913227214724,0.11342573731696462,1.417560312468132,0.8505361874808789,0.5670241249872531,0.06238916192771958,0.04117549670733181,0.05438239033684715,1.2893376324788308,0.13429171076650775,0.007391687705156243
2109,0.690864515575123,0.3357015494085743,0.0038816402135415998,0.04226294973306329,2.9424064318103444,2.2337377197090413,2.114201384439456,0.11953633526958529,1.380341745618148,0.8282050473708886,0.5521366982472593,0.06453955220291871,0.042997207280814215,0.0563117863303422,1.2742686665952054,0.1409277818000308,0.007239232595927229,0.7095378542729213,0.34072165851995045,-0.003109317879111277,0.04340527415305395,3.075898518873852,2.3386554688606176,2.2252776047726988,0.11337786408791864,1.4177015235019228,0.8506209141011534,0.5670806094007694,0.06237638210631362,0.04116467023734123,0.054370785786828635,1.2894285900364668,0.13429910950063742,0.007391967209513359
2110,0.6909239503969722,0.33570377172249377,0.0038802656679792005,0.042266585504768264,2.9430212462298058,2.2342183301697705,2.1147329617269914,0.11948536844277896,1.3804804741713577,0.8282882845028146,0.5521921896685431,0.0645248883653824,0.04298478476003005,0.056298561490639415,1.2743698616958672,0.14093659910835538,0.007239577354085315,0.709598860264882,0.3407235754118712,-0.003110234213174419,0.04340900602888609,3.0765418250328316,2.339162128208356,2.225838459829043,0.11332366837931285,1.417838942006315,0.8507033652037888,0.5671355768025264,0.06236182660207572,0.04115233949148623,0.054357666505962327,1.2895322061519119,0.13430730004062696,0.007392308219274304
2111,0.6909906367638142,0.3357078758108635,0.0038892998733785836,0.042270664889982094,2.9436786712616554,2.234740217738699,2.1153083411614855,0.11943187657721342,1.3806172168336164,0.8283703301001698,0.5522468867334466,0.06450932515365224,0.04297160033128093,0.05628459066709278,1.2744772864624336,0.14094676355635608,0.00723998091035202,0.7096667187292547,0.34072729376457767,-0.003101005595525154,0.043413157104725486,3.0772258740101277,2.3397080640421746,2.226440982094932,0.11326708194724269,1.4179748198586601,0.8507848919151959,0.5671899279434642,0.06234648311868465,0.041139341206361,0.05434389342442811,1.2896414553217037,0.13431668515171266,0.007392704530130282
2112,0.6910564831631063,0.33571309494057644,0.003904130113974412,0.042274692901504485,2.9443134081207285,2.235242967208724,2.115861234618918,0.11938173258980617,1.3807536225030177,0.8284521735018106,0.5523014490012071,0.06449460325769726,0.04295912862610621,0.05627136937477608,1.274578925949211,0.14095759458592444,0.0072403914944881385,0.7097332739965392,0.34073204926963613,-0.0030862086118095128,0.04341722846889405,3.077883449766295,2.340231205159258,2.2270170407951078,0.11321416436415035,1.418110681618645,0.8508664089711869,0.5672442726474581,0.062332027063769904,0.041127094709344725,0.05433090771989091,1.2897444080309635,0.13432663119449598,0.0073931050958401055
2113,0.6911141020483741,0.3357181009089497,0.003920702220643814,0.042278217640052296,2.944873071356494,2.2356781947644504,2.1163393372252917,0.11933885753915892,1.3808895568853372,0.8285337341312022,0.552355822754135,0.06448196498614459,0.04294842207056436,0.05625995798169781,1.2746661971370954,0.1409677873776187,0.0072407553096441,0.7097911162690423,0.3407365297011688,-0.0030697978476398255,0.04342076686122394,3.078460810804354,2.340682030410802,2.227513049850701,0.11316898056010093,1.4182462682560886,0.850947760953653,0.5672985073024356,0.062319650821428554,0.04111661013275728,0.05431972859984073,1.2898325659349847,0.13433593054366236,0.007393456913323995
2114,0.6911595407709529,0.3357213565060339,0.003936526734765036,0.042280997330545605,2.9453395475083215,2.236028945931536,2.1167254945444345,0.11930345138710124,1.3810234216064783,0.8286140529638869,0.5524093686425914,0.06447161949745554,0.04293965785397074,0.05625052095212546,1.2747376476205203,0.14097613024309147,0.007241034961812427,0.7098363225511415,0.34073921918190697,-0.003054172170748694,0.04342353232078887,3.0789396282932,2.3410434755449896,2.227911709482627,0.11313176606236267,1.418379864684288,0.8510279188105726,0.5673519458737154,0.062309548289222444,0.04110805173759011,0.05431050866059328,1.2899045395695503,0.13434346432822536,0.00739372309752372
2115,0.6911933079542293,0.33572243194077905,0.003951253759201356,0.04228306309517694,2.945721921426556,2.236304177055119,2.1170301288665434,0.11927404818857586,1.3811529876000213,0.8286917925600128,0.5524611950400085,0.06446319350204635,0.042932519742760855,0.05624273548690785,1.2747958490051434,0.14098218256296724,0.007241228732731914,0.7098694975074241,0.34073972269109937,-0.0030396311126773753,0.04342556184500883,3.0793296373409857,2.341325169937614,2.2282241517053336,0.11310101823228054,1.4185091427260876,0.8511054856356524,0.5674036570904353,0.06230135418997048,0.04110111007801341,0.054302932498129605,1.289962924661903,0.13434883855115903,0.007393902587128387
2116,0.6912167102858534,0.335720954582576,0.003965260075708042,0.04228449485963183,2.9460362642772315,2.2365190132160375,2.1172704540187124,0.11924855919732497,1.381276350430865,0.828765810258519,0.5525105401723459,0.0644561324724627,0.04292653796708014,0.05623612088542746,1.274844627447326,0.14098587059144965,0.007241339807815252,0.7098920442510104,0.34073769333591347,-0.0030257701501367543,0.04342694125821092,3.079647827585663,2.341543128463583,2.228468550812685,0.11307457765089782,1.4186321279549636,0.851179276772978,0.5674528511819856,0.06229452561294123,0.04109532522531971,0.054296529596899054,1.29001158534704,0.13435199665004768,0.0073939990207868515
2117,0.6912328143217293,0.3357172934280672,0.003979829133652656,0.04228548019939159,2.94630580178585,2.236695505781382,2.1174705673188803,0.1192249384625018,1.3813920574449492,0.8288352344669696,0.5525568229779796,0.06444982007109534,0.04292119039438713,0.056230152267684935,1.2748882384221076,0.1409875219604598,0.007241388621710148,0.7099071402896533,0.3407335230920914,-0.0030112918621490736,0.043427864923173305,3.0799185774348152,2.3417204861600367,2.2286701830290134,0.11305030313102307,1.4187473240096695,0.8512483944058016,0.5674989296038679,0.06228846008033383,0.04109018678835216,0.05429078672516416,1.2900548125891356,0.13435325685331218,0.007394033296992642
2118,0.6912447629281869,0.3357124394713103,0.0039961659828910215,0.04228621134917172,2.9465467724508017,2.236849621188091,2.1176471237119214,0.11920249747616946,1.3814994145648003,0.8288996487388802,0.5525997658259201,0.06444396175921074,0.042916227505173016,0.05622459112239559,1.2749287156985116,0.1409878181681048,0.007241402511769834,0.7099180275459218,0.34072822009974885,-0.002994998206780536,0.043428531134182546,3.0801590363712066,2.3418740555124447,2.2288466245712266,0.11302743094121803,1.4188540196666333,0.8513124117999799,0.5675416078666534,0.06228286630276772,0.04108544800030266,0.05428546765654006,1.290094681144534,0.13435326618843643,0.007394033284266875
2119,0.6912531362577689,0.3357076605122871,0.00401418643292651,0.04228672377281695,2.9467480029991804,2.2369725512625145,2.117788947582806,0.11918360367970829,1.3815984256939577,0.8289590554163746,0.5526393702775831,0.06443909933093876,0.0429121082822124,0.05621992760654467,1.2749623146017692,0.14098746608284463,0.007241397855388775,0.7099253550369321,0.3407230680523652,-0.002976977592989455,0.04342897956776462,3.0803581066312664,2.3419951096093348,2.228986772705774,0.11300833690356105,1.4189522232091543,0.8513713339254925,0.5675808892836618,0.06227826058122801,0.04108154624733987,0.054281040334665034,1.2901275099496097,0.13435269575215694,0.007394016217892511
2120,0.6912560806677334,0.3357034410259465,0.0040319062431288175,0.04228690406516901,2.9468856945514217,2.2370432900864388,2.117872168325752,0.11917112176068656,1.3816892103761158,0.8290135262256694,0.5526756841504464,0.06443599364183204,0.04290947728692335,0.05621683002940875,1.2749837758189764,0.14098663082122806,0.007241369699813979,0.7099273008849424,0.3407185574092956,-0.002959205501688808,0.04342909876206033,3.08049170108002,2.3420623794365065,2.229066457942645,0.11299592149386124,1.4190420718956254,0.8514252431373752,0.5676168287582501,0.062275367766185766,0.04107909558905222,0.0542781421091242,1.29014813055942,0.13435170756075746,0.007393977830561622
2121,0.6912511901460217,0.3356996978664772,0.004046569026800596,0.04228660504336634,2.9469380575459487,2.2370422871790656,2.1178751542627183,0.11916713291634712,1.381771505472051,0.8290629032832305,0.5527086021888205,0.0644352410199961,0.04290883970072694,0.05621581648299932,1.27498897678124,0.14098509538860832,0.007241304179910624,0.7099214824340551,0.34071460855364877,-0.0029444201422614558,0.043428742963136924,3.080537811333538,2.342056109012117,2.2290638164037073,0.11299229260840989,1.4191233248830515,0.8514739949298309,0.5676493299532206,0.06227475286139877,0.04107857467033106,0.05427726423970999,1.2901525138247107,0.13435010628696353,0.007393904772750171
2122,0.6912379532429146,0.33569621870942046,0.004056754701632269,0.04228579542783114,2.94690261894091,2.2369674952143983,2.1177958631684803,0.11917163204591819,1.3818445929540502,0.82910675577243,0.5527378371816202,0.06443686128467174,0.04291021231356169,0.056216903596663426,1.2749777800070408,0.14098262643741255,0.007241196315908466,0.7099074201685195,0.3407110106858678,-0.002934017740351645,0.04342788284507837,3.0804942530689896,2.3419744990022062,2.2289770797400554,0.11299741926215097,1.419195288881557,0.8515171733289343,0.5676781155526228,0.062276426155540535,0.0410799922072618,0.05427841500480393,1.2901405859696895,0.13434767957308288,0.007393792259792382
2123,0.6912137650828328,0.33569225491498655,0.004060688462646615,0.04228431587033904,2.9467641703175897,2.2368048927557185,2.117619535733253,0.11918535702246556,1.3819077243072284,0.8291446345843368,0.5527630897228916,0.06444113851765287,0.04291383578630374,0.05622032971368714,1.2749482236365672,0.1409789468911259,0.007241024209670236,0.70988251623682,0.34070701519547425,-0.0029297467743236646,0.04342635948936356,3.08034570938618,2.3418034148941627,2.2287913629699165,0.113012051924246,1.4192572440271054,0.8515543464162633,0.5677028976108421,0.06228065255407832,0.041083572615429026,0.0542818164417944,1.2901104599775695,0.13434417084063524,0.007393618598037592
2124,0.6911793333397364,0.33568705249977554,0.004057797237706821,0.042282209676187885,2.946538588427263,2.236568670657978,2.1173627654914196,0.1192059051665586,1.3819597048930723,0.8291758229358432,0.552783881957229,0.06444746993693821,0.04291919947009189,0.05622556376721316,1.2749044758201258,0.1409737031608017,0.007240783803482616,0.7098475174085488,0.34070186852827283,-0.002932156324204377,0.04342421859306042,3.080108860031921,2.341557755979149,2.228524046308866,0.11303370967028324,1.4193080228717587,0.8515848137230552,0.5677232091487036,0.062286841856280264,0.04108881590423748,0.05428694808049149,1.2900663456492159,0.1343392522740144,0.0073933795784178885
2125,0.6911401342667569,0.33568061397245197,0.0040497581481393485,0.042279811850710794,2.946276992336364,2.2363053427197035,2.1170772316933366,0.11922811102636688,1.3819996010717124,0.8291997606430273,0.5527998404286851,0.06445439549620866,0.042925066481627305,0.056231339972410956,1.2748566272276847,0.1409671611958627,0.007240504712585265,0.7098079674191586,0.3406955700745783,-0.002939593603415981,0.043421799289610784,3.0798365377322177,2.3412855578380833,2.228228503292442,0.11305705454564124,1.4193467240662925,0.8516080344397754,0.5677386896265171,0.062293580623694944,0.041094524674404984,0.05429258327281185,1.290018319507373,0.13433317167650796,0.007393104266752154
2126,0.6911022836546408,0.3356736596998345,0.004038842953345008,0.04227749650195378,2.946027815128002,2.236059071213905,2.1168112144372664,0.1192478567766387,1.3820276678178924,0.8292166006907353,0.5528110671271571,0.0644606784438565,0.04293038910249976,0.056236593189386744,1.2748132225090263,0.14096022287565685,0.0072402275133949135,0.7097700259367907,0.340688828775947,-0.0029498613582249963,0.04341947837104238,3.079578624871549,2.341032252870098,2.2279544377854523,0.11307781508464561,1.4193736451434946,0.8516241870860966,0.5677494580573981,0.06229967478498223,0.0410996873642579,0.054297692434210926,1.2899748914145097,0.13432676468178772,0.007392832611697811
2127,0.6910671069500474,0.335666733418591,0.00402541952564496,0.042275344691054775,2.945797297845398,2.2358352247074125,2.116570083185179,0.11926514152223366,1.3820453577670315,0.8292272146602188,0.5528181431068128,0.0644662635882805,0.042935120576953006,0.05624127834679951,1.2747746417080394,0.14095364711219857,0.007239965050648866,0.709735002179834,0.3406821715910815,-0.0029626572561952114,0.04341733590565841,3.079341497525129,2.3408032892080346,2.227707326035227,0.1130959631728077,1.4193902858165035,0.8516341714899018,0.5677561143266017,0.0623050702329605,0.04110425813670979,0.054302230946192145,1.2899364456824904,0.13432073031758765,0.00739257716067463
2128,0.6910355499974118,0.33566024359434343,0.004009629293887748,0.042273414278532595,2.9455899461146555,2.235637411826707,2.1163574000864527,0.11928001174025422,1.3820542433803378,0.8292325460282026,0.5528216973521352,0.06447112269139017,0.04293923698299086,0.05624537131761369,1.274741078715079,0.14094771150243615,0.007239726704780488,0.7097038219602889,0.3406759907882729,-0.002977865321599653,0.04341542852865174,3.079129728934141,2.340602299236444,2.2274907743316494,0.11311152490479484,1.41939825767082,0.8516389546024917,0.5677593030683282,0.06230973904232035,0.04110821333473802,0.05430617460990292,1.2899031801043197,0.13431532105317093,0.007392346998873931
2129,0.6910083577948827,0.3356545020050261,0.003991831114132836,0.04227175084036781,2.945409658491427,2.2354685822755425,2.1161761010663547,0.11929248120918795,1.3820559290417866,0.829233557425072,0.5528223716167147,0.06447522798670555,0.042942714798143544,0.05624884680214091,1.274712724260957,0.14094259546775142,0.007239519760845435,0.7096772048556629,0.34067058276818507,-0.002995141315616734,0.0434138002609613,3.0789472175198718,2.3404322005273324,2.2273076997423944,0.11312450078493796,1.419399196295796,0.8516395177774774,0.5677596785183185,0.062313654947960054,0.04111153070777066,0.054309499183444,1.289875280750826,0.13431069830893208,0.007392149096728653
2130,0.6909861257026997,0.3356497441320136,0.003972621426312745,0.042270390799736234,2.945259916183916,2.2353312411037836,2.1160287115659653,0.11930252953781816,1.3820520076965843,0.8292312046179506,0.5528208030786337,0.06447854973102454,0.04294552882535438,0.05625167666683688,1.2746897828471657,0.14093843083801272,0.0072393498981679905,0.7096557162097974,0.3406661684714833,-0.0030138976062911715,0.043412485689563955,3.0787973854942057,2.3402954182783122,2.2271605549117965,0.11313486336651586,1.419394717637349,0.8516368305824091,0.5677578870549398,0.062316790940650305,0.04111418737484551,0.05431217874055715,1.2898529391235125,0.13430697884917048,0.007391988802458614
2131,0.6909692913065308,0.33564613687153916,0.003952754075329974,0.042269360928900324,2.9451435878179373,2.235227296141573,2.115917168577458,0.11931012756411526,1.3820440320674658,0.8292264192404796,0.5528176128269863,0.06448106263207662,0.04294765763818872,0.05625383575361493,1.2746724283748252,0.14093531068937196,0.007239221226781129,0.7096397598453382,0.3406629012035517,-0.003033385209831596,0.04341150952132154,3.0786829857946105,2.3401937348646964,2.2270511523252665,0.11314258253942998,1.4193863891155736,0.851631833469344,0.5677545556462296,0.06231912529811781,0.04111616493386347,0.05431419113300804,1.289836309209857,0.13430424306154418,0.0073918698880131115
2132,0.6909581138145137,0.3356437824410246,0.003933035037491983,0.042268677088690434,2.945062667266624,2.2351578407648285,2.115842574993408,0.11931526577142011,1.3820334871220255,0.8292200922732154,0.5528133948488101,0.0644827535129944,0.042949090073817704,0.056255308702321614,1.2746607512418806,0.14093328960855217,0.007239136216720905,0.7096295585141483,0.3406608708020187,-0.00305280035142267,0.04341088538690245,3.078605841312462,2.3401280740775023,2.2269804200086116,0.11314765406889071,1.419375702173084,0.8516254213038502,0.5677502808692337,0.062320648799735645,0.041117455573538485,0.054315524424497594,1.2898254561142555,0.13430253539852777,0.0073917944912666065
2133,0.6909526588766856,0.3356427169572108,0.003914226016568441,0.042268343299771194,2.9450181317740354,2.235123040410712,2.1158050750703996,0.11931796534031236,1.3820217611727257,0.8292130567036355,0.5528087044690901,0.06448362459555229,0.04294982801442522,0.056256092889371404,1.2746547356951967,0.14093238091023083,0.007239095601033797,0.709625139898071,0.3406601024779577,-0.0030713817660680126,0.04341061498431748,3.078566708751604,2.340098392906598,2.226948282556441,0.11315011035015701,1.4193640436586052,0.8516184261951629,0.5677456174634423,0.062321367691126554,0.041118064584871494,0.054316179553381236,1.289820334961961,0.13430186198667893,0.007391763030008804
2134,0.6909528068133209,0.3356429090108862,0.0038969871026601835,0.04226835224588965,2.9450100209326697,2.2351222179371626,2.1158039508341955,0.11931826710296707,1.3820101168307906,0.8292060700984744,0.5528040467323162,0.06448369052308237,0.042949883865160784,0.05625619592531599,1.2746542804005776,0.14093255530646348,0.007239098405363301,0.7096263461889575,0.34066055559825437,-0.0030884685212161506,0.043410688664855854,3.0785653701391062,2.3401037781194534,2.226953769775691,0.11315000834376202,1.4193526672723593,0.8516116003634153,0.567741066908944,0.06232130059607183,0.04111800774506337,0.054316167728659596,1.2898208129044708,0.13430218957046566,0.007391774239093339
2135,0.6909582908233436,0.3356442687851346,0.0038818655175100122,0.0422686876110049,2.9450376629061084,2.2351540794403864,2.1158378629998826,0.1193162164405039,1.381999666510376,0.8291997999062256,0.5527998666041504,0.06448297316717536,0.042949276154618285,0.05625563136920188,1.2746592343005325,0.140933745891495,0.0072391422497294945,0.7096328739059078,0.3406621330128564,-0.0031035115164181545,0.043411087868630224,3.078600875659965,2.3401426868506814,2.226995273790217,0.11314741306046482,1.4193426697829148,0.8516056018697487,0.5677370679131661,0.06232047331261609,0.04111730690901702,0.054315506122941476,1.2898267061799862,0.1343034503612781,0.007391825479850652
2136,0.6909687454665998,0.33564666573054275,0.0038693090602400365,0.04226932704480088,2.945099891323682,2.235216934663896,2.1159050765092777,0.11931185815461837,1.3819913580240073,0.8291948148144044,0.5527965432096029,0.06448149839158121,0.04294802679336309,0.05625441623693009,1.2746694189459653,0.14093585817219348,0.007239223795195277,0.7096443239415212,0.34066469887952366,-0.0031160602026802237,0.043411788185764785,3.0786717763208817,2.34021318083059,2.227070789769399,0.11314239106119067,1.4193349775858048,0.8516009865514826,0.5677339910343222,0.062318915512033946,0.041115987212855545,0.054314215309077235,1.2898378036088087,0.13430555157988341,0.007391913194695971
2137,0.6909837398516454,0.33564994719730523,0.0038596777135382204,0.04227024419255711,2.9451951119243605,2.2353087771112823,2.1160035291354045,0.11930524797587774,1.3819859713149267,0.8291915827889561,0.5527943885259706,0.06447929742578232,0.042946162237559454,0.056252572490244755,1.2746846189890968,0.14093878081272812,0.007239339117835043,0.7096602358990209,0.3406680973159489,-0.003125751097402152,0.043412761456574606,3.0787762010873445,2.340313015324547,2.2271779943180277,0.11313502100651936,1.4193303446155288,0.851598206769317,0.5677321378462118,0.06231666188381497,0.04111407804390023,0.054312320537208636,1.2898538584119223,0.13430838561399783,0.007392033288215255
2138,0.6910027836693973,0.33565395388797403,0.003853241119467464,0.04227140906398148,2.9453211587888384,2.235427167893221,2.1161306854965805,0.11929648239664051,1.3819841221537628,0.8291904732922577,0.5527936488615051,0.06447641374178428,0.042943719314667554,0.05625013323575017,1.2747045346625119,0.1409423938189967,0.007239483902722167,0.7096800947662805,0.34067216777397114,-0.00313231032929822,0.04341397617957162,3.0789117163401722,2.3404395251071306,2.2273141019399043,0.11312542316722647,1.4193293573337802,0.8515976144002678,0.5677317429335124,0.06231375859479297,0.04111161851254434,0.05430985756247077,1.289874542164044,0.1343118377438557,0.0073921813278083216
2139,0.6910253124494394,0.3356585314539839,0.003850162463203133,0.04227278713117649,2.9454750055149908,2.235568984769777,2.116283245511631,0.11928573925814573,1.3819862666722658,0.8291917600033596,0.5527945066689062,0.06447291335681284,0.042940753951408936,0.05624715184054154,1.2747287105772083,0.1409465728172593,0.007239653485385822,0.7097033164950262,0.34067675655146284,-0.0031355696258344515,0.043415396629184685,3.0790750349578997,2.3405893708403713,2.227475570625705,0.11311380021466642,1.4193324405536583,0.8515994643321946,0.5677329762214637,0.062310273074359546,0.041108665741830634,0.054306881307087176,1.2898993750310948,0.13431579021627382,0.007392352592103317
2140,0.6910506698504737,0.3356635363171364,0.0038504772509273116,0.042274338245348334,2.9456525220649477,2.2357302084408923,2.116456900567991,0.11927330787290116,1.381992702494927,0.8291956214969562,0.5527970809979708,0.06446889274757542,0.04293734787836066,0.05624370889674035,1.274756480983718,0.1409511893913369,0.0072398428170433885,0.7097292304756762,0.3406817225246114,-0.0031354872922967417,0.04341698178374988,3.0792617714109474,2.340758323036639,2.227657855532569,0.11310046750407006,1.4193398597972977,0.8516039158783782,0.5677359439189195,0.06230630151552594,0.041105301222001914,0.05430347246286925,1.289927672249739,0.13432012262546353,0.0073925420409394725
2141,0.6910781056326082,0.3356688376792267,0.003854078612561297,0.04227601651292372,2.9458484273921153,2.2359058832545933,2.116646287662798,0.11925959559179528,1.382003566215529,0.8292021397293174,0.5528014264862116,0.0644644804759528,0.0429336100071655,0.05623991367520416,1.2747869584375517,0.1409561102448469,0.0072400464749068135,0.7097570777088453,0.34068693905738834,-0.0031321627157829685,0.043418685213815936,3.0794663972010317,2.3409412245835033,2.22785536525341,0.11308585933009314,1.4193517199127033,0.8516110319476217,0.5677406879650816,0.06230197033653452,0.0411016320487103,0.05429973879638026,1.28995853360901,0.1343247111683755,0.00739274432663075
2142,0.6911068054999442,0.3356743212681337,0.0038607228527928195,0.04227777212129018,2.9460565199964535,2.2360903298452652,2.1168452215641547,0.11924510828111066,1.3820188307204977,0.8292112984322987,0.552807532288199,0.06445983125773884,0.042929671405844395,0.0562358990367653,1.2748190746539823,0.14096119892882758,0.007240258862931696,0.7097860409977222,0.3406922976378723,-0.0031258308016209255,0.04342045692928305,3.079682480953539,2.3411322112814874,2.2280617028756176,0.11307050840587002,1.4193679634632022,0.851620778077921,0.5677471853852811,0.06229743039233984,0.04109778601925329,0.054295810172058125,1.2899908845845014,0.13432943026361166,0.007392953991856025
2143,0.6911359603252543,0.335679898694576,0.0038700599097187885,0.0422795555736094,2.946270210405663,2.2362776316690782,2.117047225156601,0.11923040651247724,1.3820383087484367,0.8292229852490621,0.5528153234993746,0.06445511260534488,0.042925673983117085,0.05623180994969902,1.2748516726853063,0.14096632271114262,0.0072404746839581265,0.7098153146368021,0.34069771705826324,-0.0031168318389634547,0.043422247642602343,3.0799032375165756,2.3413252126054243,2.22827021232672,0.11305500027870426,1.4193883753164263,0.8516330251898555,0.5677553501265707,0.062292844063892,0.041093900695215485,0.054291827437609484,1.2900235682502998,0.13433415891713923,0.00739316593439642
2144,0.6911648650457934,0.33568552467984636,0.003881680026003531,0.042281323738580956,2.946483238694187,2.2364622885491072,2.1172462367310003,0.11921605181810704,1.3820616699386437,0.8292370019631864,0.5528246679754573,0.06445048788682048,0.04292175613679289,0.05622778896088848,1.2748836239130221,0.14097136576285885,0.007240689654251208,0.7098442036534729,0.3407031603264101,-0.0031055656624467756,0.04342401483969237,3.080122265296462,2.3415146222222516,2.2284747048691758,0.11303991735307567,1.4194126007121441,0.8516475604272862,0.567765040284858,0.062288368929860435,0.041090109569912756,0.05428792840113761,1.2900554616035285,0.13433879290726644,0.0073933761100166626
2145,0.6911930281116125,0.3356912241664637,0.003895165270794518,0.04228304654562695,2.9466903729186797,2.236639853028382,2.117437287346317,0.11920256568206489,1.3820884759539378,0.8292530855723628,0.552835390381575,0.06444610201441944,0.04291804062978978,0.056223964035415235,1.2749139269432486,0.14097624792748137,0.007240901378074726,0.7098722332478256,0.34070866129792265,-0.0030924414464423705,0.04342572947460188,3.0803342614595266,2.341695948429247,2.2286701526365524,0.11302579579269492,1.4194401813716242,0.8516641088229743,0.5677760725486499,0.062284144015593436,0.04108653041915068,0.0542842361288568,1.2900855735906305,0.1343432621102834,0.007393582393346476
2146,0.6912202794515083,0.3356971303517574,0.0038525183834340684,0.042284713589374634,2.9468879613167673,2.2368074359546397,2.117617020928247,0.11919041502639245,1.3821182339808666,0.82927094038852,0.5528472935923466,0.06444207354448223,0.042914627897522435,0.05622044206690691,1.2749417622596686,0.14098094695062022,0.007241110328159586,0.7098992563266898,0.34071436209469363,-0.003137007670670197,0.04342738254756846,3.080535584185879,2.341866327703391,2.228853218255463,0.11301310944792826,1.419470609884027,0.8516823659304159,0.5677882439536112,0.06228028226904193,0.04108325892717728,0.05428085275381821,1.290113098805485,0.13434755101832413,0.007393785544800011
2147,0.6912095392094766,0.3357005598801127,0.0038424349523348,0.0422840565431713,2.946760855957868,2.2366790166384773,2.1174705760740187,0.11920844056445859,1.382150466473082,0.8292902798838492,0.5528601865892327,0.06444682539217696,0.042918653441763814,0.056224506257934626,1.2749089287687845,0.14098057338273193,0.007241088097635693,0.7098884310757246,0.3407177848538249,-0.0031470218016733872,0.043426720293512674,3.080404814846643,2.3417343029276347,2.228702774750066,0.11303152817756885,1.4195034001609623,0.8517020400965771,0.5678013600643852,0.062284860454402874,0.0410871373527708,0.054284771011648594,1.2900804671639667,0.13434721756433468,0.007393765633866228
2148,0.6912000907352022,0.3357034853604225,0.0038336691745336146,0.04228347852134812,2.946649349529804,2.236567039937361,2.1173429529292025,0.11922408700815837,1.382177327667669,0.8293063966006015,0.5528709310670675,0.0644509555573586,0.04292215232550989,0.056228042123067715,1.2748803926724053,0.14098011577763997,0.007241067579710767,0.7098789117207166,0.3407207058242151,-0.003155713377019524,0.04342613792797419,3.0802901345814835,2.34161920342455,2.228571686765477,0.1130475166590732,1.419530746360011,0.8517184478160064,0.5678122985440047,0.062288839294010696,0.04109050804053263,0.054288179557300455,1.2900521091982537,0.13434681016262717,0.007393747162371947
2149,0.6911918552727676,0.3357060386003158,0.00382617217161052,0.04228297470183233,2.9465514426236856,2.2364694067668536,2.11723167479492,0.11923773197193376,1.3821996130479426,0.8293197678287656,0.552879845219177,0.06445455744485651,0.042925203676985546,0.05623112993526486,1.2748555079135628,0.14097971790662128,0.007241049727002898,0.7098706145959855,0.3407232546369041,-0.003163147373719123,0.043425630328702704,3.0801894676752655,2.341518853832278,2.228457395234374,0.11306145859790406,1.4195534540681536,0.8517320724408919,0.5678213816272617,0.062292308921887245,0.04109344734781171,0.054291155886086045,1.2900273818169465,0.13434645609523665,0.007393731089710585
2150,0.6911847211817349,0.3357083003289019,0.003819778179176815,0.04228253825509361,2.9464654396053245,2.236384292544954,2.1171346259267034,0.11924966661825068,1.3822180227977017,0.829330813678621,0.5528872091190806,0.06445770518051055,0.042927870292152864,0.056233832784111565,1.2748337618457009,0.1409793827118956,0.007241034780470439,0.7098634263571291,0.340725511398305,-0.0031694887144114586,0.04342519056193343,3.0801010642272804,2.341431375734925,2.2283577252789595,0.11307365045596565,1.4195722315805355,0.851743338948321,0.5678288926322145,0.06229534074689503,0.04109601576887338,0.05429376081753348,1.2900057755898695,0.13434615830350005,0.007393717685565475
2151,0.6911785766673197,0.3357103271605674,0.0038143401728756854,0.04228216234219971,2.9463899051100175,2.236310133025423,2.1170500062574504,0.11926012676797258,1.3822331647542785,0.8293398988525671,0.5528932659017114,0.06446045969054312,0.04293020378487227,0.05623620225795218,1.2748147331656785,0.14097910883240186,0.007241022728035552,0.7098572338866976,0.34072753248133475,-0.003174883461072489,0.04342481170782403,3.0800234415690975,2.3413551583167562,2.228270825352753,0.113084332964003,1.4195876936939078,0.8517526162163445,0.5678350774775633,0.06229799352497285,0.041098263079014805,0.05429604414230989,1.2899868714080946,0.13434591571749735,0.007393706964765389
2152,0.6911733116171092,0.33571215951325567,0.003809727257009017,0.04228184022716627,2.94632358279284,2.2362455540093653,2.116976244625451,0.11926930938391417,1.3822455636123145,0.8293473381673887,0.5528982254449258,0.0644628725600814,0.04293224785566307,0.05623828188447881,1.274798065213592,0.14097889219668305,0.007241013397305514,0.7098519260263112,0.3407293582615789,-0.003179461475108551,0.04342448696640513,3.0799553019118946,2.341288786798179,2.228195079250781,0.11309370754739799,1.4196003711018566,0.8517602226611136,0.5678401484407429,0.06230031702397398,0.041100231439245336,0.054298047891289294,1.2899703143239907,0.13434572473376002,0.00739369877981334
2153,0.6911688184645856,0.3357138261323433,0.0038058225908385312,0.04228156532977509,2.946265349175443,2.2361893295958786,2.1169119474307405,0.11927738216513824,1.3822556695745045,0.8293534017447026,0.5529022678298019,0.0644649882866657,0.042934040200770685,0.056240109126633894,1.2747834503748947,0.1409787268526331,0.007241006507554633,0.7098473943806526,0.34073101755396107,-0.0031833385153245825,0.0434242097067568,3.079895485328628,2.3412309997405067,2.2281290538104686,0.11310194593003833,1.4196107191969332,0.8517664315181596,0.5678442876787736,0.06230235417320831,0.04110195721727863,0.054299808239985745,1.289955798203673,0.1343455799887417,0.007393692872970921
2154,0.6911649934261257,0.33571534734531794,0.0038025219196314228,0.042281331301240704,2.9462141872960714,2.2361403573782193,2.116855867510089,0.11928448986813041,1.3822638663099713,0.8293583197859827,0.5529055465239886,0.06446684573703991,0.0429356137462919,0.05624171666919454,1.274770619995187,0.1409786055814437,0.007241001710449737,0.7098435345180028,0.3407325308209401,-0.003186617729131258,0.04342397354044483,3.0798429427456933,2.341180663536636,2.228071467053671,0.11310919648296454,1.4196191261533702,0.8517714756920218,0.5678476504613483,0.06230414245982979,0.04110347217048705,0.054301356742205015,1.289943055755144,0.13434547493449447,0.007393688917168066
2155,0.6911617380336478,0.33571673747407205,0.003799732629829501,0.042281132117963985,2.9461691739003673,2.2360976452923587,2.116806886881848,0.11929075841051073,1.382270478364199,0.8293622870185193,0.5529081913456797,0.06446847906240405,0.04293699742353416,0.05624313322381774,1.2747593380417435,0.14097852046205364,0.0072409986235632785,0.7098402474748351,0.3407339125590491,-0.0031893906284720663,0.043423772413558326,3.0797967226388003,2.341136758732281,2.2280211703738204,0.11311558835846088,1.4196259204416337,0.85177555226498,0.5678503681766537,0.06230571481158363,0.04110480419372406,0.054302721106740844,1.2899318522222927,0.13434540236640097,0.007393686549643088
2156,0.6911589610574641,0.3357180068579065,0.003797373191559518,0.04228096219915675,2.9461294751790175,2.2360603060085187,2.116764008298312,0.11929629771020674,1.382275778134509,0.8293654668807052,0.5529103112538037,0.06446991829581991,0.04293821667510986,0.056244384053453,1.2747493969646781,0.14097846344121312,0.007240996861920636,0.7098374416488135,0.3407351733004938,-0.003191737686588987,0.0434236007225085,3.079755966409515,2.3410983740236015,2.227977139674053,0.11312123434954878,1.4196313778924374,0.8517788267354622,0.5678525511569752,0.06230710017630191,0.041105977810245914,0.05430392570614771,1.2899219812437241,0.13434535495346256,0.00739368540346377
2157,0.6911565798384083,0.33571916333412183,0.003795372542456932,0.04228081648832994,2.946094343872006,2.2360275521869166,2.1167263483524756,0.11930120383444076,1.3822799925325508,0.8293679955195303,0.5529119970130205,0.06447118980943507,0.04293929384227517,0.05624549136780767,1.2747406145293558,0.14097842676963623,0.007240996060683421,0.7098350341068109,0.3407363210794736,-0.0031937289845995753,0.04342345339404219,3.0797199051761908,2.3410647011770775,2.2279384681164167,0.11312623306066094,1.4196357284329566,0.8517814370597738,0.5678542913731828,0.06230832396644211,0.04110701454830404,0.0543049919613932,1.2899132616761122,0.1343453256430737,0.007393685130206668
2158,0.6911545210433981,0.3357202134108529,0.0037936694056732168,0.04228069049950889,2.9460631147379868,2.235998690174611,2.116693129189801,0.11930556098481027,1.3822833092469773,0.8293699855481862,0.5529133236987911,0.06447231675669865,0.042940248539554776,0.05624647470255448,1.2747328307547305,0.14097840339075582,0.007240995891497024,0.7098329513172547,0.34073736259024445,-0.003195424920133874,0.04342332593003831,3.079687854949286,2.3410350284139274,2.227904357502672,0.1131306709112554,1.4196391624110232,0.8517834974466137,0.5678556649644094,0.06230940848687175,0.041107933303544245,0.054305938708851254,1.2899055345391366,0.13434530801936437,0.007393685416290176
2159,0.6911527210409316,0.3357211630078915,0.0037922116281028442,0.0422805803402017,2.946035201828026,2.235973115156966,2.1166636723094507,0.11930944284751561,1.3822858825309592,0.8293715295185754,0.5529143530123838,0.06447331937874708,0.04294109791429754,0.05624735117565348,1.2747259057916032,0.14097838722722073,0.007240996072269017,0.7098311295043316,0.34073830391770227,-0.0031968768908842427,0.043423214429172866,3.0796592136563534,2.341008735300199,2.2278741117963308,0.11313462350386794,1.4196418364333714,0.8517851018600227,0.5678567345733487,0.06231037323213385,0.04110875059083621,0.05430678244917789,1.2898986608920655,0.13434529656518976,0.007393685992715371
2160,0.6911511261705829,0.3357220179187961,0.0037909555249300148,0.04228048272788267,2.946010098119621,2.235950308430559,2.1166373950279915,0.11931291340256778,1.3822878384860497,0.8293727030916298,0.5529151353944199,0.06447421518601575,0.042941856800529477,0.056248135632829196,1.2747197186639674,0.14097837331798369,0.007240996373461577,0.7098295148986613,0.3407391509934453,-0.0031981279608720714,0.0434231156022518,3.079633460575242,2.340985289810626,2.2278471333607017,0.11313815644992409,1.4196438786909005,0.8517863272145402,0.5678575514763603,0.06231123506439085,0.04110948069501928,0.054307537490146315,1.2898925205617533,0.13434528678722496,0.007393686641304128
2161,0.6911496924542881,0.33572278400651434,0.0037898650555589844,0.042280394972329535,2.9459873730984247,2.2359298328225243,2.1166138051754877,0.11931602764703647,1.3822892798715616,0.8293735679229369,0.5529157119486247,0.06447501914251805,0.0429425378750664,0.05624884079306631,1.2747141659929049,0.1409783578078439,0.007240996618581765,0.7098280634337932,0.3407399097893622,-0.0031992136822574027,0.04342302675364333,3.079610153693775,2.3409642435280444,2.22782291741285,0.1131413261151944,1.4196453938015425,0.8517872362809255,0.5678581575206171,0.062312008393352866,0.0411101358233293,0.05430821608905431,1.2898870108574458,0.1343452752053416,0.00739368719520022
2162,0.6911483847904039,0.3357234672433561,0.003788910915154993,0.0422803149263194,2.94596666718036,2.23591132540369,2.1165924929552022,0.11931883244848773,1.382290290375263,0.8293741742251578,0.5529161161501052,0.0644757439027627,0.04294315185821919,0.05624947743947907,1.2747091603577043,0.14097833790227277,0.007240996680248468,0.7098267399296234,0.3407405863580349,-0.0032001629972893894,0.04342294573132311,3.0795889238769423,2.340945224112835,2.2278010436120543,0.11314418050078086,1.4196464671081468,0.851787880264888,0.5678585868432587,0.06231270540576087,0.04111072629980614,0.05430882863791116,1.289882044933289,0.13434525930950927,0.0073936875350265885
2163,0.6911471760534912,0.33572407368755675,0.003788069678689013,0.04228024093055894,2.9459476857252924,2.2358944900892603,2.116573122747802,0.11932136734145833,1.3822909382958175,0.8293745629774906,0.5529163753183269,0.06447640003905764,0.042943707706355194,0.056250054603021266,1.2747046287240011,0.14097831180472456,0.0072409964750861575,0.7098255171830313,0.34074118681051213,-0.003200999086605573,0.04342287087124476,3.0795694686333945,2.340927927670282,2.2277811676034407,0.11314676006684124,1.4196471683832568,0.8517883010299541,0.5678588673533027,0.062313336285323484,0.04111126075161382,0.054309383841478966,1.2898775502194577,0.13434523750045033,0.00739368758387959
2164,0.6911460461650472,0.3357246093833548,0.003787322969782951,0.04228017175683857,2.945930193453093,2.2358790908223205,2.1165554256469323,0.11932366517538809,1.382291279676934,0.8293747678061605,0.5529165118707735,0.06447699623457676,0.04294421277545523,0.05625057971728824,1.2747005111088558,0.14097827858352818,0.007240995957661861,0.7098243750316792,0.34074171721886043,-0.0032017401868194226,0.04342280094006978,3.0795515463098626,2.3409121117271616,2.2277630133209403,0.1131490984062214,1.4196475549815375,0.8517885329889224,0.5678590219926151,0.062313909399581376,0.04111174626734343,0.05430988886737434,1.2898734670893797,0.13434520896625746,0.007393687301371173
2165,0.6911449810590802,0.335725080295083,0.003786656614764447,0.04228010654475406,2.945914007122222,2.2358649434967495,2.116539190556872,0.11932575293987724,1.38229136094225,0.8293748165653501,0.5529165443769,0.06447753952324854,0.04294467302433622,0.056251058816368125,1.2746967589228289,0.14097823801507273,0.007240995114207609,0.7098232993147217,0.3407421835521027,-0.003202400419152457,0.04342273507159146,3.0795349685423496,2.340897586943695,2.227746363848518,0.11315122309517676,1.4196476744897195,0.8517886046938317,0.5678590697958878,0.06231443153084404,0.04111218859265196,0.054310349536762864,1.2898697472133283,0.13434517353783668,0.0073936866774885444
2166,0.691143971464804,0.33572549223670173,0.0037860598046331184,0.042280044727239084,2.9458989862607057,2.23585190637679,2.1165242536248012,0.11932765275198887,1.3822912210598406,0.8293747326359044,0.5529164884239361,0.0644780355760094,0.04294509325715157,0.05625149677465485,1.2746933329921437,0.14097819044032142,0.007240993955305684,0.7098222806544818,0.3407425916085091,-0.003202990609679164,0.0434226726922049,3.079519590751115,2.340884207316648,2.2277310506089,0.11315315670774756,1.4196475669036919,0.8517885401422151,0.5678590267614768,0.06231490815088557,0.0411125923629718,0.05431077055472904,1.2898663516005535,0.13434513155685582,0.007393685725474213
2167,0.691143011806738,0.3357258508628839,0.0037855243613313244,0.04227998596327991,2.945885023922079,2.23583987084813,2.1165104879739887,0.11932938287414144,1.3822908932468174,0.8293745359480905,0.5529163572987269,0.06447848898957025,0.04294547736802087,0.05625189755146753,1.2746902015637402,0.14097813665225345,0.007240992509850483,0.7098213133573579,0.3407429470089125,-0.0032035190072660993,0.04342261345367113,3.0795053026826467,2.3408718607340298,2.2277169428761154,0.11315491785791423,1.419647266344219,0.8517883598065313,0.5678589065376877,0.06231534369767831,0.04111296133794659,0.05431115574492891,1.2898632486271346,0.13434508377264082,0.007393684475988115
2168,0.6911420991235216,0.3357261616405803,0.003785044039192345,0.04227993007177559,2.9458720376405942,2.2358287525399088,2.1164977938705043,0.11933095866940434,1.382290406283483,0.82937424377009,0.5529161625133932,0.06447890355947258,0.04294582857235027,0.05625226442315181,1.274687338419018,0.14097807775242957,0.007240990818907233,0.7098203943358077,0.3407432551715185,-0.003203991963528892,0.04342255716717083,3.0794920191701625,2.340860459919575,2.2277039377414014,0.11315652217817354,1.4196468023812687,0.8517880814287612,0.5678587209525076,0.06231574183693586,0.041113298622998305,0.054311508272128106,1.2898604121722395,0.1343450312114036,0.007393682971180536
2169,0.691141232240941,0.3357264298318506,0.0037846139922362854,0.042279876980949135,2.945859962429838,2.2358184844846347,2.116486091141934,0.11933239334270054,1.3822897854798395,0.8293738712879039,0.5529159141919356,0.06447928249146541,0.04294614958590112,0.056252600163013027,1.2746847214136916,0.14097801504010252,0.007240988931062401,0.7098195222846393,0.34074352129806595,-0.003204414451191344,0.043422503752915176,3.0794796729794163,2.3408499354531256,2.2276919523732346,0.113157983079891,1.4196462010103028,0.8517877206061817,0.5678584804041211,0.062316105664835295,0.041113606841064104,0.05431183081495024,1.2898578201735735,0.13434497507553328,0.007393681260221418
2170,0.6911404111635666,0.33572666046515887,0.0037842303578835973,0.04227982669113253,2.9458487458392684,2.2358090122603635,2.116475313811242,0.11933369844912134,1.3822890533800436,0.8293734320280263,0.5529156213520173,0.064479628548169,0.04294644274903678,0.056252907165784245,1.2746823314646711,0.14097794989784262,0.007240986898835462,0.7098186970754459,0.34074375034860166,-0.0032047904673846717,0.04342245320310171,3.079468209750182,2.340840230807581,2.227680918530462,0.1131593122771195,1.4196454853662004,0.8517872912197202,0.5678581941464802,0.06231643784905594,0.041113888252077756,0.05431212568571239,1.2898554536223699,0.13434491663986858,0.007393679395851548
2171,0.6911396366378703,0.33572685831089133,0.0037838899514497024,0.04227977924804148,2.9458383444588288,2.2358002905440464,2.116465406293977,0.11933488425006962,1.3822882302747528,0.8293729381648517,0.5529152921099011,0.06447994415227118,0.042946710114145616,0.05625318753507854,1.274680151837197,0.14097788370186287,0.007240984776061648,0.7098179193220474,0.34074394702039557,-0.0032051233294796283,0.04342240555533137,3.079457584411965,2.3408312988206896,2.2276707786651637,0.11316052015552591,1.4196446762446695,0.8517868057468015,0.567857870497868,0.062316740728404804,0.041114144837367736,0.05431239491496541,1.2898532958534736,0.13434485717059663,0.007393677431875552
2172,0.6911389097946751,0.33572702786733355,0.003783590029431287,0.04227973472090313,2.945828720952029,2.2357922802256684,2.116456320207118,0.11933596001855061,1.3822873345748516,0.829372400744911,0.5529149338299406,0.06448023147429144,0.042946953519990755,0.05625344315809458,1.2746781675385994,0.1409778177589247,0.007240982615812736,0.7098171900252507,0.3407441157368797,-0.003205415904852099,0.043422360870877315,3.079447758144258,2.3408230987418936,2.227661482653491,0.11316161608840279,1.419643792484612,0.851786275490767,0.5678575169938449,0.062317016397539275,0.041114378371430296,0.05431264032370248,1.289851331941644,0.13434479786835976,0.007393675421178936
2173,0.6911382318207565,0.33572717334085816,0.003783328101893503,0.042279693182366705,2.94581984137495,2.2357849458327994,2.1164480115291693,0.11933693430363031,1.3822863830763013,0.8293718298457807,0.5529145532305205,0.0644804925093804,0.04294717465677095,0.05625367577110311,1.2746763647878125,0.14097775326490308,0.007240980468414923,0.7098165102470526,0.34074426063057167,-0.003205670793721492,0.043422319214754965,3.079438695635871,2.340815593601435,2.2276529848911504,0.11316260871028488,1.419642851241201,0.8517857107447203,0.5678571404964806,0.062317266780986466,0.04111459048463525,0.05431286358655085,1.289849548174134,0.1343447398309521,0.0073936734138348075
2174,0.691137603698201,0.33572729862643075,0.0037831017968724193,0.042279654692559204,2.9458116730754047,2.2357782535273727,2.116440438395711,0.11933781513166167,1.3822853911328226,0.8293712346796935,0.552914156453129,0.06448072913620102,0.04294737511600203,0.05625388700970142,1.2746747306086599,0.1409776912786339,0.0072409783798362895,0.7098158808525923,0.34074438552591946,-0.0032058904616635575,0.04342228063993624,3.0794303629418085,2.340808748167099,2.227645242041914,0.113163506125185,1.419641868166491,0.8517851208998944,0.5678567472665966,0.06231749368984221,0.04111478271125871,0.054313066280217495,1.2898479316466942,0.13434468402988428,0.00739367145556514
2175,0.6911370259026913,0.33572740725701616,0.0037829087187906812,0.04227961928062833,2.9458041825710413,2.235772169090326,2.116433558915533,0.11933861017479278,1.38228437275918,0.829370623655508,0.5529137491036721,0.06448094316968403,0.04294755643520885,0.05625407845352662,1.2746732524654631,0.14097763268149316,0.007240976389527589,0.7098153022113786,0.3407444938911176,-0.0032060773769992806,0.0434222451690726,3.079422725325647,2.3408025268949415,2.227638210813431,0.11316431608151062,1.4196408575203605,0.8517845145122162,0.5678563430081444,0.06231769887237189,0.041114956532349756,0.05431324992641988,1.2898464699030263,0.13434463127374097,0.007393669585654304
2176,0.6911364982375846,0.3357275023714008,0.0037827463869019237,0.042279586934592425,2.945797334425086,2.2357666568604326,2.1164273300268057,0.11933932683362697,1.3822833406638004,0.8293700043982802,0.5529133362655202,0.0644811363876433,0.04294772012047263,0.056254251648785114,1.2746719180791835,0.14097757816633208,0.007240974529189393,0.7098147740330961,0.34074458880743463,-0.003206234071528667,0.04342221278445067,3.0794157461178138,2.340796892849856,2.227631846791454,0.11316504605840177,1.4196398322106,0.8517838993263599,0.5678559328842402,0.06231788403959057,0.04111511339740072,0.05431341601355251,1.2898451507525077,0.13434458219821982,0.00739366783575727
2177,0.6911360197387019,0.3357275866835582,0.0037826121951230335,0.042279557595516166,2.9457910907473717,2.2357616792570973,2.116421707000409,0.11933997225668813,1.3822823062449372,0.8293693837469623,0.5529129224979749,0.06448131053935734,0.042947867653700664,0.056254408115262486,1.274670715368118,0.14097752821767479,0.007240972821937664,0.7098142952738092,0.34074467293998506,-0.0032063631794773118,0.04342218342225452,3.079409386209676,2.340791807219683,2.2276261039319807,0.1131657032877024,1.4196388037961591,0.8517832822776953,0.5678555215184639,0.06231805087365347,0.041115254731455254,0.05431356600354845,1.2898439622103737,0.13434453724826478,0.0073936662290928
2178,0.6911355887541257,0.33572766248557584,0.003782503455004506,0.04227953116239189,2.945785411895476,2.235757197426409,2.1164166441545653,0.11934055327184351,1.3822812795681838,0.8293687677409104,0.5529125118272734,0.06448146732586482,0.042948000475933786,0.05625454932932229,1.2746696325839433,0.1409774831236306,0.007240971282765888,0.7098138642155299,0.3407447485412064,-0.0032064673969475904,0.0434221569774329,3.079403604762537,2.340787229965292,2.227620935279754,0.11316629468553795,1.4196377824713053,0.851782669482783,0.5678551129885223,0.06231820100940479,0.04111538191947725,0.05431370131593275,1.2898428926291292,0.13434449668915505,0.007393664780898574
2179,0.6911352030173059,0.3357277316553559,0.0037824174222164456,0.042279507496611524,2.9457802570609855,2.2357531717786827,2.116412095443671,0.11934107633501173,1.3822802693621907,0.8293681616173145,0.5529121077448762,0.06448160838467029,0.04294811997438968,0.056254676710743606,1.2746686584172984,0.14097744297837042,0.0072409699190208055,0.7098134785390978,0.34074481745903085,-0.0032065494567568575,0.04342213330815753,3.079398359799412,2.340783120360337,2.2276162935590436,0.11316682680129345,1.4196367770672809,0.8517820662403682,0.5678547108269126,0.06231833602012616,0.04111549629427773,0.05431382331553716,1.28984193080004,0.13434446060903762,0.007393663498901712
2180,0.6911348597582909,0.33572779568403566,0.0037823513544341172,0.04227948642877069,2.94577558496578,2.235749562636334,2.1164080151481204,0.11934154748821367,1.3822792830294328,0.8293675698176598,0.552911713211773,0.06448173527511106,0.04294822747006628,0.05625479161037644,1.2746677820988122,0.14097740771307476,0.007240968731290121,0.7098131354344064,0.34074488116401835,-0.003206612074446946,0.04342211224256559,3.0793936089086817,2.3407794376426208,2.2276121318676587,0.11316730577496192,1.4196357950683725,0.8517814770410232,0.5678543180273492,0.062318457403834286,0.0411155991249067,0.05431393330091901,1.2898410660507176,0.1343444289472824,0.0073936623841894655
2181,0.6911345558074514,0.3357278557058633,0.003782302557209502,0.04227946776501364,2.945771354467938,2.2357463307914007,2.116404358461049,0.11934197233035163,1.3822783266781478,0.8293669960068888,0.552911330671259,0.06448184946707805,0.042948324208186825,0.056254895300672264,1.2746669934769679,0.14097737712151376,0.007240967714275251,0.7098128317030558,0.34074494077867595,-0.0032066579056236333,0.04342209358503944,3.0793893098576364,2.3407761415754718,2.2276084042685866,0.11316773730688522,1.4196348426484164,0.8517809055890497,0.5678539370593667,0.062318566572672394,0.041115691607666205,0.05431403249543222,1.2898402883206663,0.13434440151787375,0.007393661432063664
2182,0.6911342876970393,0.3357279125320968,0.003782268427013319,0.042279451293246006,2.9457675251049564,2.2357434380011387,2.1164010820018624,0.11934235599927612,1.3822774051718232,0.829366443103094,0.5529109620687291,0.06448195233252643,0.0429484113510079,0.05625498896863576,1.2746662830767024,0.14097735088773508,0.007240966857694282,0.7098125638585993,0.3407449971105042,-0.0032066895061864595,0.04342207712233891,3.079385421142654,2.3407731929466613,2.2276050663081426,0.11316812663851852,1.419633924724186,0.8517803548345115,0.5678535698896745,0.06231866484489579,0.0411157748593208,0.054314122040550514,1.2898395882183527,0.1343443780346492,0.007393660632922678
2183,0.6911340519349132,0.33572796671353716,0.003782246565025918,0.04227943679987961,2.9457640588953184,2.235740848636059,2.116398145578889,0.11934270305716979,1.3822765221940485,0.8293659133164292,0.5529106088776193,0.06448204510675101,0.042948489945013754,0.05625507368287097,1.2746656423668186,0.1409773286361665,0.007240966148414772,0.7098123283942412,0.3407450507125227,-0.003206709225938492,0.04342206263997761,3.0793819037882937,2.3407705552104785,2.2276020767742013,0.11316847843627707,1.4196330450234873,0.8517798270140924,0.5678532180093949,0.062318753408745764,0.04111584988649322,0.0543142029650827,1.2898389572785425,0.13434435815661686,0.007393659974317963
2184,0.6911338450206466,0.3357280185680555,0.003782234746744495,0.042279424070818,2.9457609201970065,2.235738529518651,2.1163955119800306,0.11934301753862049,1.3822756803616263,0.8293654082169758,0.5529102721446505,0.06448212889921486,0.04294856093008985,0.05625515040299532,1.2746650636851782,0.14097730992266516,0.007240965570828179,0.709812121802718,0.34074510191080004,-0.0032067192357228547,0.04342204992343909,3.0793787212355928,2.3407681943523375,2.2275993975156005,0.11316879683673689,1.4196322061999869,0.8517793237199921,0.5678528824799948,0.06231883333200419,0.04111591759375856,0.05431427619348516,1.2898383878942155,0.13434434148084323,0.007393659441354884
2185,0.6911336635959034,0.3357280682504426,0.0037822309963650783,0.042279412900655226,2.945758076272912,2.2357364504444006,2.1163931474751565,0.11934330296924421,1.3822748813295929,0.8293649287977557,0.5529099525318372,0.06448220469178945,0.042948625138032076,0.05625521997878143,1.2746645402508427,0.14097729429946557,0.007240965108392018,0.7098119407229515,0.340745150871665,-0.0032067214606303213,0.04342203876714809,3.0793758399097295,2.340766079407979,2.2275969939454106,0.11316908546256861,1.4196314099405318,0.8517788459643191,0.5678525639762128,0.0623189055602963,0.04111597878220652,0.05431434254499143,1.2898378733286409,0.13434432760045645,0.007393659018185976
2186,0.6911335045174333,0.33572811579196876,0.003782233585449872,0.042279403097141344,2.9457554975352416,2.2357345843734735,2.116391021985753,0.11934356238772054,1.382274125915814,0.8293644755494884,0.5529096503663256,0.0644822733410072,0.04294868329445478,0.056255283152255885,1.2746640661485034,0.140977281321346,0.007240964744437455,0.7098117820116676,0.3407451976403893,-0.003206717581490201,0.043422028978851876,3.0793732294621945,2.340764182651565,2.227594835207553,0.11316934744401186,1.419630657091069,0.8517783942546414,0.5678522628364276,0.06231897091937484,0.04111603415137639,0.054314402735723195,1.2898374076990928,0.1343443161108654,0.007393658688803324
2187,0.6911333649086316,0.3357281611413527,0.0037822410358451866,0.042279394484336534,2.945753157570407,2.235732907425073,2.116389109033775,0.11934379839129759,1.382273414227719,0.8293640485366315,0.5529093656910876,0.06448233558681438,0.04294873602620604,0.05625534056546247,1.2746636362680217,0.1409772705649181,0.007240964462875745,0.709811642793419,0.3407452421810882,-0.0032067090336639764,0.04342202038268013,3.0793708627897445,2.3407624795831423,2.227592894119167,0.11316958546397529,1.4196299477842957,0.8517779686705774,0.5678519791137183,0.06231903012356091,0.04111608430640777,0.05431445738616966,1.2898369859167063,0.13434430662734864,0.007393658437730698
2188,0.6911332421873575,0.3357282042026027,0.003782252109578603,0.042279386904312585,2.945751032979452,2.2357313987039658,2.1163873855074478,0.119344013196518,1.3822727457866737,0.8293636474720042,0.5529090983146695,0.06448239206594533,0.042948783872697543,0.056255392772203504,1.2746632462120626,0.14097726164192118,0.007240964248743585,0.709811520487192,0.34074528441349744,-0.0032066970180959498,0.0434220128207725,3.0793687158686116,2.340760948748248,2.2275911469298815,0.11316980181836628,1.41962928156455,0.85177756893873,0.5678517126258199,0.062319083788497945,0.04111612976884514,0.05431450703238336,1.2898366035956126,0.13434429879714524,0.007393658250559159
2189,0.6911331340828654,0.33572824486828434,0.0037822657943479415,0.042279380218188535,2.9457491031716714,2.235730040084089,2.1163858313843846,0.11934420869970448,1.382272119645478,0.8293632717872867,0.5529088478581912,0.06448244332568948,0.04294882729756744,0.05625544025007898,1.2746628922010108,0.1409772542091027,0.007240964088641914,0.7098114128224835,0.340745324245235,-0.003206682516324076,0.04342200615426196,3.0793667675440806,2.3407595715167626,2.2275895730407607,0.11316999847600209,1.4196286575055332,0.85177719450332,0.5678514630022132,0.06231913244419254,0.04111617098768545,0.05431455213738466,1.2898362569600315,0.1343442923084267,0.007393658114378794
2190,0.6911330386352822,0.3357282830453047,0.0037822812813638057,0.04227937430609863,2.9457473500866778,2.235728815924897,2.1163844293881757,0.11934438653672104,1.3822715344975032,0.8293629206985018,0.5529086137990014,0.06448248983820609,0.04294886670080707,0.056255483412919076,1.2746625709741115,0.14097724797233852,0.007240963971002203,0.7098113178384119,0.34074536159679353,-0.0032066663124648703,0.04342200026322031,3.07936499924986,2.3407583317960365,2.227588154658174,0.11317017713786229,1.4196280743194765,0.851776844591686,0.5678512297277905,0.062319176548520955,0.041116208350820097,0.05431459310289519,1.2898359427480477,0.13434428689403288,0.007393658018043125
2191,0.6911329541791688,0.33572831867292663,0.0037822979395046447,0.042279369066186734,2.9457457578616455,2.2357277127366553,2.11638316459676,0.11934454813989506,1.382270988774809,0.8293625932648853,0.5529083955099238,0.06448253201481735,0.04294890243086945,0.05625552262312071,1.2746622796907592,0.1409772426878947,0.0072409638861855915,0.7098112338673461,0.34074539641900436,-0.0032066490185414798,0.043421995045656726,3.0793633946735324,2.3407572156940506,2.2275868764004056,0.11317033929364487,1.419627530455211,0.8517765182731267,0.5678510121820843,0.06231921650068373,0.041116242196433235,0.054314630280954984,1.2898356581157557,0.13434428233262288,0.007393657952271258
2192,0.6911328793083032,0.3357283517317925,0.0037823152843769123,0.04227936441245196,2.9457443124314735,2.235726718783575,2.1163820239915765,0.11934469479199868,1.3822704807331618,0.8293622884398969,0.5529081922932649,0.06448257022037422,0.042948934796839346,0.05625555820395947,1.2746620158312842,0.14097723815964913,0.007240963826386665,0.7098111595000729,0.34074542870178337,-0.003206631104525813,0.04342199041538679,3.079361939354247,2.3407562111200697,2.227585724844351,0.11317048627571853,1.4196270241831592,0.8517762145098956,0.5678508096732636,0.062319252654737936,0.04111627282446554,0.054314663985525535,1.28983540054086,0.1343442784461522,0.007393657909559228
2193,0.6911328128158117,0.33572838224334567,0.0037823329403803008,0.04227936027108603,2.9457430010129744,2.2357258235814985,2.116380995900071,0.11934482768142761,1.3822700085215065,0.8293620051129036,0.5529080034086029,0.06448260478892666,0.042948964081708334,0.056255590452947084,1.274661777088737,0.1409772342319479,0.007240963785303704,0.7098110935263181,0.34074545847352855,-0.003206612935083168,0.04342198629839385,3.07936062016028,2.3407553072763094,2.227584687961365,0.11317061931494457,1.419626553664858,0.8517759321989149,0.5678506214659431,0.062319285334448436,0.04111630050919554,0.05431469450515809,1.2898351677168696,0.13434427509335156,0.007393657883861377
2194,0.6911327536693884,0.33572841026895806,0.003782350623098965,0.042279356578957476,2.9457418119127685,2.235725017696843,2.116380069773258,0.11934494792358473,1.3822695702325176,0.8293617421395103,0.5529078280930073,0.06448263602986148,0.04294899054757455,0.05625561964696777,1.274661561326496,0.1409772307872328,0.007240963757995598,0.7098110349102553,0.3407454858003497,-0.0032065947866571007,0.043421982631330805,3.079359425094184,2.340754494454445,2.2275837548920023,0.11317073956244271,1.419626117003636,0.8517756702021817,0.5678504468014542,0.06231931483912527,0.04111632550418476,0.05431472210788317,1.289834957511515,0.13434427216762673,0.007393657870453559
2195,0.6911327009812807,0.3357284359024102,0.0037823681152633973,0.042279353281775456,2.9457407343670186,2.235724292573058,2.1163792360011326,0.11934505657192558,1.3822691639431435,0.8293614983658858,0.5529076655772577,0.06448266423178345,0.042949014438930455,0.056255646045389025,1.2746613665514652,0.14097722773477603,0.007240963740641067,0.7098109827604768,0.3407455107788225,-0.003206576870478914,0.04342197935968291,3.07935834312613,2.340753763856492,2.227582915754936,0.1131708481015563,1.4196257122853233,0.8517754273711942,0.5678502849141291,0.06231934144743341,0.04111634804550521,0.05431474704427634,1.2898347679396047,0.13434426958678997,0.007393657865697512
2196,0.6911326539900047,0.33572845926418826,0.0037823852541536,0.042279350332971324,2.9457397584619964,2.2357236404370537,2.1163784858149457,0.11934515462210818,1.3822687877450852,0.8293612726470508,0.5529075150980344,0.06448268966426263,0.042949035984143326,0.05625566989138211,1.274661190902005,0.14097722500607723,0.007240963730380287,0.7098109363116295,0.3407455335305824,-0.003206559344770557,0.043421976436644596,3.0793573641086076,2.340753107496166,2.2275821615432756,0.1131709459528906,1.4196253376088863,0.8517752025653319,0.5678501350435544,0.0623193654192037,0.04111636835327348,0.05431476954884731,1.2898345971501257,0.13434426728891774,0.007393657866886288
2197,0.6911326120401761,0.33572848049537374,0.0037824019186415356,0.04227934769246493,2.945738875038179,2.235723054194019,2.116377811177033,0.11934524301698626,1.3822684397685776,0.8293610638611463,0.5529073759074313,0.06448271257986075,0.04294905539717169,0.05625569141350357,1.2746610326339387,0.1409772225495478,0.007240963725142054,0.7098108949043316,0.34074555419652114,-0.0032065423272324423,0.043421973821890975,3.0793564786759036,2.3407525180897863,2.2275814840097095,0.11317103408007696,1.4196249911103238,0.8517749946661943,0.5678499964441295,0.06231938699747128,0.04111638663337764,0.05431478984164456,1.2898344434117175,0.13434426522751647,0.00739365787207639
2198,0.6911325745608536,0.3357284997514468,0.0037824180181699613,0.04227934532534004,2.945738075577613,2.235722527310566,2.11637720465776,0.11934532265280579,1.3822681181997551,0.8293608709198528,0.5529072472799024,0.06448273321650734,0.04294907287957836,0.056255710827602945,1.2746608901041423,0.14097722032682314,0.0072409637234620156,0.7098108579637191,0.34074557293087454,-0.003206525905714179,0.043421971480265685,3.0793556781280205,2.3407519889365282,2.227580875539926,0.11317111339660224,1.4196246709801577,0.8517748025880946,0.5678498683920631,0.06231940641080608,0.04111640307945148,0.054314808130135235,1.2898343050960737,0.13434426336814861,0.007393657879911523
2199,0.6911325410473146,0.3357285171958561,0.0037824334844484137,0.04227934320072964,2.945737352123069,2.235722053729527,2.116376659347899,0.11934539438162789,1.3822678212919504,0.82936069277517,0.5529071285167804,0.06448275179883123,0.042949088621658436,0.05625572833784144,1.2746607617613472,0.14097721830963073,0.00724096372431704,0.7098108249814424,0.34074558989507275,-0.0032065101462428816,0.04342196938067963,3.0793549543473735,2.340751513831205,2.227580329062442,0.11317118476876326,1.4196243754748856,0.8517746252849314,0.5678497501899542,0.062319423874636695,0.041116417873996114,0.05431482461022681,1.289834180668505,0.13434426168556843,0.007393657889461909
2200,0.6911325110475741,0.33572853299286426,0.003782448265539494,0.04227934129099136,2.94573669724864,2.2357216278329166,2.116376168825309,0.11934545900760743,1.3822675473722184,0.8293605284233309,0.5529070189488875,0.06448276853782654,0.04294910280215633,0.05625574413626919,1.274660646148447,0.14097721647634462,0.0072409637269776235,0.7098107955023064,0.34074560525085024,-0.003206495098695125,0.04342196749529392,3.079354299767329,2.3407510870255397,2.2275798380131175,0.11317124901242229,1.4196241029236856,0.8517744617542115,0.5678496411694741,0.06231943959099649,0.04111643118816478,0.054314839465921846,1.2898340686897518,0.1343442601605711,0.007393657900079986
2201,0.6911324841557585,0.33572854730105234,0.0037824623232261337,0.04227933957130231,2.9457361040843524,2.235721244455964,2.1163757271776458,0.1193455172783184,1.3822672948445114,0.8293603769067066,0.5529069179378048,0.06448278362905119,0.042949115586739584,0.05625575840114915,1.2746605419149395,0.14097721480916095,0.00724096373090429,0.7098107691176905,0.3407456191539956,-0.0032064807992927824,0.04342196579911747,3.0793537073953114,2.340750703240981,2.2275793963562442,0.11317130688473674,1.4196238517317783,0.8517743110390671,0.5678495406927112,0.062319453746880915,0.041116443180371325,0.0543148528677857,1.2898339678276844,0.13434425877742054,0.007393657911298606
2202,0.6911324600084477,0.33572856026819087,0.0037824756316266472,0.04227933801943545,2.9457355663498968,2.2357208989115867,2.11637532903517,0.11934556987641654,1.382267062191212,0.829360237314727,0.5529068248764851,0.06448279725078303,0.042949127126436906,0.05625577129527112,1.2746604478296555,0.14097721329185559,0.007240963735674294,0.7098107454618828,0.3407456317494234,-0.0032064672719119905,0.0434219642697829,3.0793531708451343,2.3407503576920208,2.2275789986158507,0.11317135907616993,1.4196236203821386,0.8517741722292833,0.5678494481528553,0.062319466512562836,0.04111645399486301,0.05431486497140268,1.2898338768693027,0.13434425752180207,0.007393657922758713
2203,0.691132438282727,0.3357285720286931,0.0037824881767500387,0.04227933661564061,2.9457350783700442,2.235720587001402,2.116374969585776,0.11934561741562577,1.3822668479737805,0.829360108784268,0.5529067391895125,0.06448280956313983,0.04294913755689264,0.05625578296514573,1.2746603627868396,0.14097721190894608,0.007240963740944462,0.7098107242101679,0.3407456431687766,-0.0032064545285254986,0.04342196288742968,3.079352684351442,2.3407500460963924,2.2275786398896606,0.11317140620673183,1.4196234074363012,0.851774044461781,0.5678493629745203,0.06231947804080665,0.0411164637610547,0.05431487591665446,1.289833794726336,0.13434425638006758,0.007393657934173524
2204,0.6911324186901836,0.33572858270272066,0.0037824999541501494,0.042279335342277485,2.9457346350298477,2.235720304974427,2.1163746445300795,0.11934566044434769,1.3822666508329478,0.8293599904997683,0.5529066603331795,0.06448282070919037,0.04294914699930798,0.05625579354195599,1.2746602857984763,0.1409772106451749,0.007240963746409462,0.7098107050727658,0.34074565352960506,-0.0032064425715634115,0.043421961634333775,3.079352242722716,2.340749764631781,2.2275783158018925,0.11317144882988883,1.4196232115347047,0.8517739269208231,0.5678492846138816,0.06231948846797673,0.04111647259446797,0.05431488582867123,1.2898337204273451,0.13434425533874902,0.007393657945287856
2205,0.691132400972433,0.3357285923969499,0.0037825109677143073,0.0422793341835421,2.945734231721733,2.2357200494807667,2.11637435002912,0.11934569945164686,1.3822664694876896,0.8293598816926134,0.5529065877950762,0.06448283081657036,0.04294915556180996,0.05625580314297752,1.2746602159831286,0.14097720948618275,0.007240963751785555,0.7098106877903105,0.3407456629361594,-0.0032064313951988763,0.043421960494631026,3.0793518412864858,2.3407495098877846,2.227578022449013,0.11317148743877131,1.4196230313957874,0.8517738188374727,0.5678492125583147,0.06231949791561294,0.04111648059806572,0.054314894819217224,1.289833653106499,0.13434425438517922,0.007393657955862954
2206,0.6911323848994477,0.33572860120585135,0.003782521228936804,0.042279333125364735,2.9457338643118454,2.2357198175435693,2.1163740826718014,0.11934573487176803,1.3822663027334068,0.8293597816400438,0.552906521093363,0.06448283999863193,0.04294916334042524,0.05625581187260367,1.2746601525580004,0.14097720841876732,0.007240963756814957,0.7098106721321679,0.3407456714806822,-0.003206420986109293,0.04342195945421458,3.079351475854684,2.3407492788369293,2.227577756366121,0.11317152247080815,1.4196228658142709,0.8517737194885628,0.567849146325708,0.062319506491545426,0.04111648786319664,0.05431490298768555,1.2898335919956327,0.13434425350773294,0.0073936579656815665
2207,0.6911323702672775,0.3357286092126768,0.003782530755553938,0.042279332155270646,2.94573352910439,2.2357196065289737,2.1163738394404166,0.11934576708855707,1.382266149439956,0.8293596896639732,0.5529064597759827,0.06448284835559497,0.04294917042005543,0.056255819823368663,1.274660094830986,0.14097720743057687,0.0072409637612637755,0.7098106578941276,0.34074567924440313,-0.003206411324821315,0.043421958500593674,3.079351142686871,2.3407490688035764,2.2275775144913044,0.11317155431227209,1.4196227136592774,0.8517736281955667,0.5678490854637107,0.06231951429101186,0.04111649447054165,0.05431491042209141,1.289833536416289,0.13434425269554545,0.00739365797454654
2208,0.6911323568996777,0.33572861649114716,0.0037825395722652505,0.042279331262479715,2.9457332228335025,2.2357194141416574,2.1163736177038532,0.11934579643780402,1.382266008549416,0.8293596051296493,0.5529064034197667,0.0644828559750404,0.04294917687489504,0.05625582707641015,1.2746600421972634,0.1409772065107337,0.007240963764948476,0.7098106449000043,0.3407456862992181,-0.003206402385058295,0.043421957622991766,3.079350838481661,2.3407488774590193,2.2275772941583556,0.11317158330066351,1.4196225738721753,0.8517735443233053,0.56784902954887,0.06231952139714145,0.041116500490523955,0.054314917199525255,1.2898334857762688,0.13434425193909258,0.0073936579823073115
2209,0.6911323446463657,0.3357286231067582,0.0037825477093621843,0.04227933043779986,2.945732942628656,2.235719238395899,2.11637341518401,0.11934582321188901,1.38226587907441,0.8293595274446458,0.5529063516297642,0.06448286293309312,0.04294918276943352,0.05625583370252333,1.2746599941311234,0.14097720564950453,0.007240963767740036,0.7098106329998572,0.3407456927089814,-0.0032063941350848058,0.043421956812237726,3.079350560341171,2.3407487027916374,2.2275770930621954,0.11317160972944207,1.4196224454649586,0.8517734672789754,0.5678489781859832,0.062319527882095445,0.041116505984275215,0.054314923387169714,1.2898334395615072,0.13434425122989174,0.007393657988864469
2210,0.6911323333786057,0.3357286291181448,0.0037825552009273164,0.0422793296733571,2.945732685953953,2.235719077563294,2.116373229896208,0.11934584766708603,1.3822657600962422,0.8293594560577451,0.5529063040384972,0.06448286929635155,0.042949188160089934,0.05625583976386593,1.2746599501726465,0.14097720483854212,0.007240963769554333,0.7098106220655028,0.3407456985308481,-0.0032063865395245694,0.04342195606049132,3.0793503057086333,2.3407485430530524,2.2275769091975723,0.11317163385548011,1.4196223275184345,0.8517733965110609,0.5678489310073737,0.06231953380892507,0.04111651100520947,0.05431492904394199,1.2898333973228386,0.13434425056071903,0.00739365799416065
2211,0.6911323229864826,0.3357286345785361,0.0037825620839133864,0.042279328962428676,2.9457324505617595,2.235718930133837,2.116373060104356,0.119345870029481,1.3822656507623394,0.8293593904574034,0.5529062603049361,0.06448287512341566,0.04294919309650749,0.05625584531531787,1.2746599099171498,0.1409772040713252,0.0072409637703526025,0.7098106119877375,0.34074570381670116,-0.003206379560315026,0.043421955361073426,3.079350072320868,2.3407483967181237,2.227576740813053,0.11317165590507061,1.4196222191796917,0.8517733315078152,0.5678488876718765,0.06231953923303833,0.041116515600265816,0.05431493422179978,1.2898333586655455,0.13434424992601507,0.0073936579981813445
2212,0.691132313376479,0.3357286395366508,0.0037825683968790574,0.042279328299295066,2.945732234456382,2.2357187947856563,2.116372904286341,0.11934589049931517,1.3822655502834018,0.8293593301700408,0.552906220113361,0.0644828804660261,0.04294919762251844,0.056255850405495425,1.2746598730073189,0.1409772033428493,0.007240963770137656,0.7098106026738746,0.3407457086140279,-0.0032063731579433097,0.0434219547083154,3.0793498581710597,2.3407482624538414,2.2275765863754975,0.11317167607834366,1.4196221196592702,0.8517732717955623,0.5678488478637079,0.06231954420329397,0.041116519810835105,0.05431493896671583,1.2898333232415664,0.13434424932159825,0.00739365800095139
2213,0.6911323044691962,0.3357286440372187,0.0037825741789928244,0.04227932767910045,2.94573203586388,2.2357186703600016,2.1163727611056657,0.119345909254336,1.3822654579303575,0.8293592747582142,0.5529061831721432,0.06448288536995976,0.042949201776902854,0.05625585507754895,1.2746598391270245,0.14097720264932845,0.007240963768947024,0.7098105940454271,0.34074571296643086,-0.0032063672924213943,0.043421954097417295,3.0793496614777247,2.3407481390935443,2.227576444540854,0.1131716945526906,1.419622028228118,0.8517732169368709,0.5678488112912471,0.06231954876286424,0.04111652367349086,0.05431494331944674,1.2898332907433505,0.13434424874438916,0.007393658002528329
2214,0.6911322961972821,0.3357286481213449,0.003782579469262179,0.04227932709772599,2.945731853205803,2.235718555839697,2.116372629387107,0.11934592645258978,1.3822653730311611,0.8293592238186964,0.5529061492124647,0.06448288987578354,0.04294920559402707,0.05625585936983527,1.2746598079961182,0.14097720198795494,0.0072409637668455346,0.7098105860359976,0.34074571691398076,-0.003206361924042285,0.04342195352431881,3.079349480657732,2.3407480256147153,2.227576314129097,0.11317171148561833,1.4196219442143916,0.851773166528635,0.5678487776857566,0.06231955294996059,0.04111652722060405,0.054314947316180626,1.289833260898685,0.13434424819218874,0.007393658002995118
2215,0.6911322885034932,0.33572865182680484,0.003782584305887869,0.04227932655167134,2.945731685075061,2.2357184503294887,2.1163725080945603,0.11934594223492836,1.3822652949675012,0.8293591769805004,0.5529061179870007,0.06448289401953403,0.04294920910441965,0.056255863316525184,1.2746597793657362,0.14097720135668515,0.007240963763917927,0.7098105785893116,0.3407457204935046,-0.003206357014010168,0.043421952985579014,3.079349314301501,2.340747921118725,2.22757619410141,0.11317172701731502,1.4196218670001515,0.8517731202000909,0.5678487468000606,0.062319556798488565,0.041116530480897855,0.054314950989122784,1.2898332334660336,0.13434424766347972,0.007393658002452922
2216,0.691132281338839,0.3357286551882947,0.003782588725696881,0.04227932603794101,2.9457315302131013,2.235718353037569,2.116372396310232,0.11934595672733711,1.3822652231714496,0.8293591339028696,0.55290608926858,0.0644828978333508,0.042949212335307754,0.05625586694817005,1.274659753013927,0.1409772007540516,0.007240963760261419,0.7098105716573346,0.3407457237388277,-0.0032063525249954317,0.0434219524782611,3.079349161149595,2.3407478248118236,2.227576083538796,0.11317174127302754,1.4196217960179986,0.8517730776107992,0.5678487184071994,0.062319560338656765,0.041116533479963614,0.05431495436704084,1.2898332082301955,0.1343442471572518,0.007393658001013827
2217,0.6911322746610701,0.3357286582376728,0.0037825927637704856,0.04227932555395206,2.9457313874904463,2.235718263260119,2.116372293217203,0.11934597004291568,1.3822651571220723,0.8293590942732432,0.5529060628488291,0.06448290134601298,0.04294921531107168,0.056255870292184276,1.274659728741946,0.14097720017902787,0.007240963755980077,0.7098105651987417,0.3407457266810071,-0.0032063484214942817,0.04342195199983884,3.0793490200728075,2.3407477359892868,2.227575981624208,0.11317175436507859,1.4196217307476657,0.8517730384485994,0.5678486922990663,0.06231956359749115,0.041116536240696444,0.05431495747572757,1.2898331849986424,0.13434424667287687,0.007393657998795327
2218,0.6911322684332112,0.33572866100412235,0.003782596453076194,0.042279325097444156,2.945731255888696,2.235718180367086,2.1163721980834485,0.11934598228363749,1.382265096342079,0.8293590578052473,0.5529060385368317,0.06448290458342054,0.04294921805365272,0.05625587337327852,1.2746597063709317,0.140977199630853,0.007240963751178547,0.7098105591774331,0.3407457293484873,-0.0032063446701824858,0.043421951548105714,3.079348890053744,2.340747654020815,2.2275758876261555,0.11317176639465974,1.4196216707126472,0.8517730024275884,0.5678486682850589,0.0623195665992968,0.041116538783686506,0.054314960338416735,1.2898331635982294,0.13434424620994598,0.007393657995914217
2219,0.6911322626226477,0.3357286635143374,0.0037825998243926004,0.042279324666423874,2.9457311344874775,2.2357181037924088,2.1163721102507695,0.11934599354163905,1.3822650403945134,0.8293590242367079,0.5529060161578054,0.06448290756894062,0.04294922058284641,0.05625587621377577,1.2746596857395143,0.14097719910895662,0.007240963745959084,0.7098105535616153,0.34074573176728185,-0.0032063412399827088,0.043421951121118685,3.0793487701735356,2.340747578340553,2.227575800887414,0.11317177745313925,1.4196216154768693,0.8517729692861216,0.5678486461907477,0.06231956936598855,0.04111654112749901,0.054314962976085124,1.289833143872839,0.1343442457682017,0.007393657992483708
2220,0.6911322572002652,0.33572866579265853,0.0037826029061927974,0.0422793242591119,2.9457310224526534,2.2357180330252424,2.1163720291248986,0.11934600390034365,1.3822649888795915,0.8293589933277549,0.5529059955518366,0.06448291032371176,0.04294922291656032,0.056255878833889356,1.274659666701714,0.14097719861282187,0.007240963740418309,0.7098105483229364,0.3407457339611038,-0.0032063381021648005,0.04342195071714538,3.07934865959985,2.3407475084381453,2.2275757208149467,0.11317178762319867,1.4196215646415054,0.8517729387849032,0.5678486258566021,0.06231957191738093,0.04111654328891991,0.054314965407717825,1.2898331256813163,0.1343442453474121,0.007393657988610314
2221,0.6911322521397726,0.33572866786122235,0.0037826057246619915,0.04227932387390175,2.9457309190261567,2.2357179676025893,2.1163719541671453,0.11934601343544403,1.3822649414316854,0.8293589648590112,0.5529059765726743,0.06448291286690697,0.04294922507103695,0.05625588125196512,1.2746596491251259,0.1409771981419359,0.007240963734645087,0.7098105434358102,0.3407457359515124,-0.003206335230324063,0.043421950334622636,3.079348557576576,2.3407474438512375,2.2275756468714105,0.11317179697982689,1.4196215178419422,0.8517729107051654,0.5678486071367769,0.06231957427143887,0.04111654528316826,0.05431496765053916,1.2898331088956825,0.1343442449473268,0.007393657984391866
2222,0.691132247417174,0.3357286697401151,0.0037826083037560063,0.04227932350932736,2.945730823517279,2.23571790710315,2.1163718848873962,0.11934602221575392,1.382264897716471,0.8293589386298825,0.5529059590865886,0.06448291521595927,0.04294922706104475,0.05625588348469024,1.274659632889358,0.14097719769575123,0.007240963728719318,0.7098105388768886,0.34074573775806305,-0.003206332600313104,0.04342194997212429,3.0793484634150117,2.3407473841592426,2.2275755785680658,0.11317180559117675,1.4196214747449099,0.8517728848469459,0.5678485898979639,0.06231957644449162,0.041116547124077425,0.05431496972021115,1.2898330933996105,0.13434424456764307,0.007393657979916379
2223,0.6911322430103553,0.3357286714475254,0.003782610665292327,0.04227932316403781,2.9457307352951583,2.235717851142153,2.116371820838203,0.11934603030394962,1.3822648574282588,0.8293589144569551,0.5529059429713037,0.06448291738675627,0.04294922890004295,0.05625588554727446,1.2746596178846943,0.14097719727366226,0.007240963722711262,0.7098105346246516,0.3407457393984563,-0.0032063301901437205,0.043421949628336044,3.0793483764862843,2.3407473289781153,2.227575515458806,0.11317181351930933,1.4196214350457965,0.851772861027478,0.5678485740183186,0.06231957845141684,0.04111654882425107,0.05431497163100515,1.2898330790871153,0.13434424420798588,0.007393657975261479
2224,0.6911322388986676,0.3357286729998757,0.0037826128290318825,0.04227932283677188,2.945730653781632,2.235717799366395,2.11637176160913,0.11934603775726504,1.3822648202875039,0.8293588921725021,0.5529059281150017,0.06448291939382347,0.04294923060033688,0.05625588745362062,1.2746596040108236,0.14097719687498078,0.007240963716680662,0.7098105306589925,0.34074574088866677,-0.0032063279799024805,0.043421949302030104,3.0793482962141323,2.340747277955336,2.227575457134444,0.1131718208208922,1.4196213984661472,0.8517728390796884,0.5678485593864588,0.06231958030581461,0.04111655039521057,0.054314973395963966,1.2898330658613122,0.1343442438678863,0.0073936579704936365
2225,0.6911322350628042,0.33572867441198173,0.003782614812877498,0.042279322526350506,2.9457305784465957,2.2357177514514777,2.1163717068235037,0.1193460446279739,1.382264786038487,0.8293588716230921,0.5529059144153948,0.0644829212504448,0.04294923217318008,0.05625588921644034,1.2746595911760086,0.1409771964989596,0.007240963710677761,0.7098105269611042,0.3407457422431,-0.00320632595154962,0.04342194899205822,3.0793482220702795,2.3407472307671577,2.2275754032194808,0.1131718275476771,1.4196213647513312,0.8517728188507988,0.5678485459005324,0.062319582020120085,0.0411165518474904,0.054314975027010375,1.2898330536336147,0.13434424354680624,0.007393657965669246
2226,0.691132231484577,0.33572867569717174,0.0037826166329721425,0.042279322231663016,2.945730508803046,2.235717707098602,2.1163716561347266,0.1193460509638757,1.382264754447199,0.8293588526683194,0.5529059017788797,0.06448292296878821,0.04294923362888065,0.056255890847372855,1.27465957929622,0.14097719614475968,0.007240963704743317,0.7098105235132581,0.3407457434747089,-0.00320632408881133,0.043421948697338134,3.0793481535694642,2.3407471871153973,2.227575353368413,0.11317183374698417,1.4196213336684187,0.8517728002010513,0.5678485334673674,0.06231958360572181,0.04111655319073839,0.05431497653505915,1.289833042322894,0.13434424324410882,0.0073936579608347205
2227,0.69113222814692,0.3357286768674339,0.00378261830392454,0.04227932195166743,2.945730444404024,2.235717666033018,2.1163716092243874,0.11934605680863038,1.3822647252993945,0.8293588351796367,0.5529058901197578,0.06448292455998543,0.042949234976868894,0.0562558923570636,1.2746595682945836,0.14097719581149348,0.0072409636989101646,0.7098105202988179,0.3407457445951383,-0.0032063223769566926,0.04342194841685444,3.0793480902664534,2.3407471467259424,2.2275753072639164,0.1131718394620262,1.4196213050042283,0.8517727830025371,0.5678485220016912,0.06231958507303487,0.04111655443377772,0.05431497793008974,1.2898330318549545,0.1343442429591006,0.0073936579560281235
2228,0.6911322250344505,0.3357286779336411,0.003782619839220208,0.04227932168542475,2.945730384843904,2.235717628006346,2.1163715658046005,0.11934606220174558,1.3822646983988391,0.8293588190393035,0.5529058793595356,0.06448292603410584,0.0429492362256751,0.056255893755151505,1.2746595581015616,0.14097719549830862,0.007240963693208623,0.709810517302843,0.3407457456149539,-0.0032063208023764694,0.043421948149695494,3.0793480317577004,2.3407471093514216,2.227575264619559,0.11317184473186269,1.419621278563569,0.8517727671381414,0.5678485114254275,0.062319586431468565,0.041116555584579544,0.05431497922112761,1.289833022162766,0.13434424269111503,0.007393657951284802
2229,0.691132222132915,0.3357286789055913,0.0037826212510640375,0.0422793214320651,2.9457303297517523,2.2357175927914383,2.1163715256122453,0.11934606717919308,1.3822646735658453,0.8293588041395072,0.552905869426338,0.0644829274003268,0.04294923738307392,0.05625589505042293,1.274659548653776,0.14097719520426946,0.0072409636876638655,0.7098105145114948,0.34074574654367445,-0.003206319352750002,0.04342194789501705,3.0793479776743164,2.3407470747656944,2.2275752251736476,0.11317184959204706,1.4196212541677808,0.8517727525006686,0.5678485016671122,0.062319587689595286,0.041116556650405964,0.05431498041639675,1.2898330131852607,0.13434424243939544,0.007393657946634612
2230,0.6911322194291085,0.3357286797921523,0.003782622550623116,0.04227932119078268,2.9457302787878126,2.235717560180123,2.1163714884063065,0.11934607177381654,1.3822646506358436,0.8293587903815062,0.5529058602543374,0.06448292866703462,0.04294923845616985,0.05625589625090696,1.2746595398933132,0.1409771949285125,0.007240963682297059,0.7098105119119597,0.34074574738991503,-0.0032063180168032876,0.043421947652037565,3.07934792767854,2.3407470427615937,2.2275751886865587,0.1131718540750351,1.419621231653302,0.8517727389919814,0.5678484926613205,0.062319588855246105,0.0411165576378911,0.05431498152341002,1.2898330048666515,0.13434424220324817,0.007393657942103053
2231,0.6911322169107484,0.33572868060135463,0.0037826237480581767,0.04227932096082815,2.9457302316403178,2.235717529981134,2.116371453965469,0.11934607601566466,1.382264629458081,0.8293587776748486,0.5529058517832324,0.06448292984190934,0.04294923945146903,0.05625589736395522,1.2746595317671359,0.14097719467020228,0.007240963677125588,0.7098105094923237,0.34074574816147796,-0.003206316784277373,0.04342194742003058,3.0793478814605204,2.3407470131488197,2.227575154938302,0.11317185821051781,1.4196212108703636,0.8517727265222184,0.5678484843481453,0.06231958993559103,0.04111655855310904,0.05431498254904485,1.2898329971558602,0.13434424198199832,0.007393657937711614
2232,0.6911322145663736,0.3357286813404753,0.003782624852597727,0.04227932074150238,2.9457301880227114,2.235717502018337,2.1163714220860577,0.11934607993227914,1.3822646098944225,0.8293587659366535,0.552905843957769,0.06448293093199775,0.04294924037494122,0.056255898396311094,1.2746595242265792,0.14097719442852963,0.007240963672163442,0.7098105072414737,0.34074574886543413,-0.0032063156458549194,0.043421947198318496,3.0793478387355435,2.340746985752175,2.227575123726468,0.11317186202570709,1.4196211916817922,0.8517727150090756,0.5678484766727167,0.06231959093720764,0.041116559401632016,0.05431498349960833,1.2898329900060297,0.13434424177498824,0.007393657933478091
2233,0.6911322123852581,0.33572868201611084,0.00378262587261035,0.04227932053215124,2.945730147671225,2.235717476129216,2.1163713925802723,0.1193460835489433,1.382264591818255,0.8293587550909531,0.5529058367273019,0.06448293194377669,0.04294924123207324,0.05625589935416984,1.2746595172269155,0.14097719420270877,0.007240963667421467,0.7098105051490093,0.3407457495081935,-0.0032063145930848608,0.04342194698626742,3.079347799241582,2.340746960410021,2.227575094864437,0.11317186554558423,1.419621173961908,0.8517727043771451,0.5678484695847629,0.06231959186614071,0.04111656018858089,0.054314984380894035,1.2898329833740978,0.13434424158157565,0.00739365792941692
2234,0.6911322103573397,0.33572868263424327,0.0037826268156742338,0.04227932033216111,2.9457301103427245,2.235717452163538,2.116371365274636,0.11934608688890216,1.382264575113481,0.8293587450680887,0.5529058300453923,0.06448293288320836,0.04294924202791604,0.05625590024323142,1.2746595107269707,0.14097719399197664,0.00724096366290769,0.7098105032051727,0.3407457500955682,-0.003206313618314395,0.04342194678328265,3.0793477627371506,2.3407469369729554,2.227575068179839,0.11317186879311635,1.419621157595519,0.8517726945573117,0.5678484630382074,0.06231959272795414,0.04111656091866912,0.05431498519823161,1.2898329772204291,0.13434424140113274,0.007393657925539459
2235,0.6911322084731532,0.33572868320029653,0.0037826276886423066,0.04227932014095491,2.945730075812798,2.2357174299821914,2.1163713400086372,0.11934608997355421,1.382264559673601,0.8293587358041606,0.5529058238694403,0.06448293375578926,0.042949242767125986,0.0562559010687472,1.2746595046887874,0.1409771937955907,0.007240963658627544,0.7098105014007826,0.3407457506328281,-0.003206312714620234,0.04342194658880479,3.0793477289993842,2.340746915302631,2.227575043513183,0.11317187178944776,1.4196211424770018,0.8517726854862013,0.5678484569908004,0.0623195935277767,0.04111656159624157,0.05431498595653059,1.2898329715084862,0.13434424123304517,0.007393657921854272
2236,0.691132206723775,0.3357286837191878,0.0037826284977050956,0.042279319957988656,2.9457300438740543,2.235717409456153,2.1163713166335314,0.11934609282262164,1.3822645454008715,0.8293587272405231,0.5529058181603485,0.06448293456659283,0.04294924345400103,0.05625590183556092,1.2746594990773286,0.1409771936128281,0.007240963654584093,0.7098104997271824,0.3407457511247506,-0.0032063118757491155,0.043421946402306455,3.0793476978223455,2.3407468952707386,2.2275750207166705,0.11317187455406828,1.4196211285094582,0.8517726771056752,0.567848451403783,0.06231959427034231,0.041116562225308614,0.05431498666031924,1.289832966204546,0.13434424107671172,0.007393657918367356
2237,0.6911322051007761,0.33572868419537355,0.003782629248446419,0.04227931978274854,2.9457300143346066,2.2357173904655845,2.116371295011283,0.11934609545430147,1.3822645322055396,0.8293587193233238,0.5529058128822157,0.06448293532030783,0.0429492440925133,0.056255902548145637,1.274659493860214,0.140977193442985,0.007240963650778276,0.7098104981761895,0.34074575157566367,-0.0032063110960565827,0.04342194622328924,3.0793476690155064,2.340746876758098,2.227574999653137,0.11317187710496118,1.419621115603949,0.8517726693623697,0.5678484462415794,0.06231959496002557,0.041116562809576165,0.05431498731377861,1.2898329612774448,0.13434424093154335,0.007393657915082367
2238,0.6911322035961786,0.3357286846328897,0.0037826299459006937,0.042279319614748345,2.9457299870167195,2.235717372899033,2.116371275013635,0.11934609788539818,1.3822645200051407,0.8293587120030845,0.5529058080020561,0.0644829360212718,0.04294924468633736,0.05625590321063588,1.2746594890074903,0.14097719328537553,0.007240963647209074,0.7098104967400558,0.3407457519894867,-0.0032063103704542614,0.04342194605128129,3.0793476424023942,2.3407468596538554,2.2275749801951186,0.11317187945873673,1.419621103678792,0.8517726622072755,0.5678484414715165,0.062319595600873356,0.041116563352472595,0.054314987920773286,1.2898329566983535,0.13434424079696292,0.007393657912000841
2239,0.6911322022024194,0.3357286850353886,0.003782630594600059,0.04227931945352719,2.9457299617556023,2.2357173566527275,2.1163712565212847,0.11934610013144292,1.3822645087238623,0.8293587052343175,0.5529058034895448,0.06448293667350094,0.04294924523887554,0.05625590382685663,1.274659484491421,0.14097719313933083,0.007240963643873718,0.7098104954114328,0.3407457523697646,-0.003206309694357777,0.04342194588583508,3.079347617819401,2.3407468438547925,2.227574962224046,0.11317188163074676,1.419621092658924,0.8517726555953549,0.5678484370635692,0.06231959619663246,0.04111656385717198,0.054314988484878,1.2898329524405803,0.13434424067240486,0.007393657909122376
2240,0.6911322009123215,0.3357286854061725,0.0037826311986235567,0.04227931929864771,2.9457299383983373,2.2357173416299596,2.1163712394231613,0.11934610220679819,1.3822644982919599,0.8293586989751761,0.5529057993167837,0.06448293728071657,0.04294924575328036,0.056255904400348854,1.2746594802863087,0.14097719300419898,0.007240963640767862,0.7098104941833401,0.340745752719701,-0.003206309063640868,0.04342194572652565,3.079347595114704,2.3407468292647033,2.227574945629513,0.11317188363519015,1.419621082475318,0.8517726494851912,0.5678484329901268,0.062319596750774336,0.04111656432661519,0.05431498900940181,1.2898329484793953,0.1343442405573147,0.00739365790644483
2241,0.691132199719065,0.335728685748223,0.0037826317616398222,0.04227931914969438,2.9457299168029194,2.235717327740534,2.1163712236157823,0.11934610412475176,1.382264488645228,0.829358693187137,0.552905795458091,0.06448293784636848,0.04294924623247434,0.056255904934392365,1.2746594763683285,0.1409771928793443,0.007240963637885749,0.7098104930491419,0.3407457530421868,-0.003206308474589574,0.043421945572949,3.079347574147316,2.340746815793848,2.227574930308643,0.11317188548520461,1.419621073064454,0.8517726438386728,0.5678484292257813,0.06231959726651715,0.04111656476352851,0.05431498949740949,1.2898329447918728,0.13434424045114945,0.007393657903964505
2242,0.691132198616167,0.33572868606422884,0.0037826322869487367,0.042279319006272215,2.9457298968373933,2.2357173149002834,2.1163712090026823,0.11934610589760092,1.382264479724518,0.8293586878347109,0.5529057918898072,0.06448293837365623,0.04294924667916798,0.05625590543202637,1.2746594727153853,0.1409771927641474,0.00724096363522039,0.7098104920025257,0.34074575333982743,-0.0032063079238618744,0.04342194542472083,3.0793475547862292,2.3407468033584764,2.2275749161655267,0.11317188719294982,1.419621064367837,0.8517726386207026,0.5678484257471345,0.06231959774684527,0.04111656517044014,0.0543149899517406,1.289832941356753,0.1343442403533778,0.007393657901676325
2243,0.6911321975974645,0.3357286863566121,0.0037826327775185783,0.04227931886800572,2.9457298783790966,2.235717303030645,2.116371195493917,0.11934610753672792,1.3822644714752994,0.8293586828851797,0.5529057885901197,0.06448293886554765,0.0429492470958755,0.05625590589606763,1.2746594693069833,0.1409771926580058,0.007240963632763735,0.7098104910374841,0.34074575361496706,-0.003206307408450619,0.04342194528147551,3.0793475369096583,2.3407467918804037,2.227574903110723,0.11317188876968083,1.4196210563315586,0.8517726337989355,0.567848422532623,0.062319598194526704,0.04111656554969502,0.05431499037502657,1.289832938154317,0.1343442402634801,0.007393657899573993
2244,0.6911321966570975,0.3357286866275512,0.0037826332360198917,0.04227931873453789,2.945729861313961,2.2357172920582724,2.1163711830056036,0.11934610905266868,1.3822644638472625,0.8293586783083574,0.5529057855389051,0.0644829393247959,0.042949247484929245,0.05625590632912714,1.2746594661241097,0.14097719256033356,0.007240963630506836,0.7098104901483027,0.3407457538697121,-0.0032063069256466764,0.04342194514286521,3.0793475204043563,2.340746781286632,2.2275748910608164,0.11317189022581574,1.4196210489058994,0.85177262934354,0.5678484195623593,0.06231959861212891,0.04111656590346817,0.054314990769706153,1.2898329351662752,0.13434424018094956,0.007393657897650207
2245,0.6911321957894986,0.3357286868790023,0.0037826336648600564,0.04227931860552955,2.9457298455359058,2.2357172819147055,2.116371171459533,0.11934611045517268,1.3822644567939555,0.8293586740763732,0.5529057827175823,0.06448293975395468,0.04294924784849259,0.05625590673362492,1.2746594631491295,0.14097719247056267,0.007240963628440011,0.7098104893295474,0.34074575410595237,-0.003206306473008652,0.04342194500855917,3.079347505164999,2.3407467715090133,2.227574879938017,0.11317189157099672,1.4196210420449697,0.8517726252269823,0.5678484168179875,0.06231959900203295,0.04111656623377672,0.05431499113803936,1.2898329323756643,0.13434424010529247,0.007393657895896789
2246,0.6911321949893812,0.33572868711272064,0.0037826340662099472,0.042279318480658606,2.9457298309462634,2.23571727253605,2.116371160782788,0.11934611175326192,1.3822644502724597,0.8293586701634756,0.5529057801089841,0.06448294015539224,0.04294924818857182,0.056255907111803775,1.2746594603656873,0.14097719238814305,0.0072409636265529905,0.7098104885760551,0.3407457543253807,-0.0032063060483326564,0.04342194487824316,3.0793474910936305,2.340746762483946,2.227574869669801,0.11317189281414507,1.4196210357063823,0.8517726214238298,0.5678484142825525,0.062319599366446626,0.04111656654249103,0.05431499148212025,1.289832929766757,0.13434424003602946,0.007393657894304871
2247,0.6911321942517319,0.3357286873302789,0.003782634442032272,0.04227931835961962,2.945729817453275,2.235717263862703,2.1163711509074212,0.1193461129552817,1.3822644442430898,0.8293586665458538,0.552905777697236,0.06448294053130414,0.04294924850702688,0.05625590746574171,1.2746594577586214,0.14097719231254396,0.007240963624835079,0.709810487882926,0.34074575452951145,-0.003206305649625235,0.04342194475161896,3.07934747809916,2.3407467541520988,2.2275748601885867,0.11317189396351189,1.419621029850955,0.8517726179105735,0.5678484119403816,0.06231959970741613,0.041116566831344535,0.054314991803888456,1.2898329273249765,0.13434423997269643,0.007393657892865039
2248,0.6911321935718027,0.33572868753308505,0.0037826347941038382,0.042279318242123276,2.945729804971634,2.235717255839105,2.1163711417701574,0.11934611406894763,1.3822644386691276,0.8293586632014764,0.5529057754676512,0.06448294088372475,0.04294924880558122,0.05625590779736326,1.2746594553138824,0.14097719224325447,0.007240963623275296,0.7098104872455175,0.3407457547196986,-0.0032063052750780432,0.04342194462840397,3.079347466096904,2.340746746458163,2.227574851431437,0.11317189502672576,1.4196210244424445,0.851772614665467,0.5678484097769775,0.06231960002683695,0.04111656710194299,0.054314992105139834,1.2898329250368197,0.13434423991484545,0.007393657891567511
2249,0.6911321929451053,0.3357286877223991,0.0037826351240421927,0.042279318127896065,2.945729793422055,2.2357172484135006,2.1163711333121102,0.11934611510139047,1.3822644335165755,0.8293586601099451,0.5529057734066304,0.06448294121453811,0.04294924908583091,0.056255908108450034,1.274659453018459,0.14097719217978452,0.007240963621862533,0.7098104866594388,0.340745754897151,-0.003206304923048277,0.04342194450833089,3.079347455008173,2.3407467393506254,2.2275748433397906,0.11317189601083455,1.4196210194473038,0.8517726116683826,0.5678484077789212,0.062319600326463886,0.04111656735577299,0.054314992387536246,1.2898329228897858,0.1343442398620457,0.00739365789040226
2250,0.6911321923674052,0.3357286878993479,0.0037826354333193174,0.042279318016679876,2.945729782730899,2.2357172415377313,2.1163711254785356,0.1193461160591956,1.382264428753939,0.8293586572523632,0.5529057715015757,0.06448294152548775,0.04294924934925298,0.05625590840065024,1.274659450860312,0.14097719212166587,0.007240963620585644,0.7098104861205442,0.3407457550629471,-0.003206304592036781,0.04342194439114732,3.079347444759889,2.3407467327815574,2.2275748358592122,0.11317189692234497,1.419621014834461,0.8517726089006769,0.5678484059337842,0.06231960060792003,0.041116567594209535,0.05431499265261436,1.289832920872312,0.13434423981388452,0.007393657889359137
2251,0.6911321918347153,0.33572868806493916,0.0037826357232843,0.0422793179082316,2.9457297728298073,2.2357172351670322,2.116371118218592,0.11934611694844062,1.382264424352026,0.8293586546112154,0.5529057697408105,0.0644829418181859,0.04294924959721322,0.0562559086754877,1.2746594488283063,0.14097719206845222,0.007240963619433597,0.709810485624931,0.34074575521805023,-0.0032063042806710837,0.04342194427661557,3.0793474352842303,2.340746726706417,2.2275748289391557,0.11317189776726143,1.419621010575124,0.8517726063450745,0.5678484042300495,0.06231960087270563,0.041116567818523575,0.054314992901794326,1.289832918973711,0.13434423976996815,0.007393657888428032
2252,0.6911321913432904,0.33572868822007446,0.0037826359951753305,0.0422793178023228,2.9457297636553723,2.2357172292598437,2.1163711114851127,0.11934611777473103,1.3822644202837664,0.8293586521702597,0.5529057681135067,0.06448294209412199,0.04294924983097344,0.056255908934370116,1.274659446912156,0.14097719201972034,0.00724096361839554,0.7098104851689326,0.3407457553633198,-0.0032063039876884733,0.043421944164512186,3.079347426518312,2.3407467210838715,2.2275748225327536,0.1131718985511179,1.4196210066425976,0.8517726039855587,0.567848402657039,0.0623196011222058,0.0411165680298885,0.0543149931363872,1.2898329171841154,0.13434423972992252,0.0073936578875989515
2253,0.6911321908896239,0.3357286883655616,0.0037826362501366395,0.04227931769873941,2.9457297551488386,2.235717223777642,2.11637110523441,0.11934611854323199,1.3822644165240476,0.8293586499144284,0.5529057666096192,0.0644829423546708,0.04294925005169827,0.056255909178596866,1.2746594451023678,0.14097719197507078,0.0072409636174609535,0.7098104847491143,0.34074575549952335,-0.0032063037119237983,0.043421944054627744,3.0793474184038767,2.3407467158756132,2.227574816596602,0.11317189927901135,1.4196210030121243,0.8517726018072747,0.5678484012048497,0.062319601357698186,0.041116568229386696,0.05431499335760242,1.2898329154944235,0.13434423969339393,0.007393657886862144
2254,0.6911321904704392,0.3357286885021249,0.0037826364892278655,0.04227931759728125,2.945729747255807,2.235717218684766,2.1163710994260665,0.11934611925869934,1.3822644130495674,0.8293586478297403,0.552905765219827,0.06448294260109991,0.042949250260461536,0.05625590940936617,1.2746594433901879,0.14097719193412733,0.007240963616619678,0.7098104843622682,0.340745755627348,-0.0032063034522958472,0.04342194394676641,3.0793474108870167,2.3407467110462075,2.2275748110905758,0.11317189995563184,1.4196209996607347,0.8517725997964409,0.5678483998642938,0.06231960158035976,0.041116568418015226,0.05431499356655433,1.2898329138962503,0.1343442396600492,0.007393657886208164
2255,0.6911321900826849,0.3357286886304152,0.0037826367134372527,0.04227931749776162,2.945729739925973,2.2357172139482615,2.116371094022754,0.11934611992550757,1.3822644098386985,0.8293586459032191,0.5529057639354794,0.06448294283457667,0.04294925045825219,0.05625590962778196,1.274659441767555,0.14097719189653807,0.007240963615862002,0.709810484005408,0.3407457557474094,-0.003206303207798182,0.04342194384074562,3.0793474039179056,2.3407467065629266,2.2275748059776364,0.11317190058529013,1.419620996567115,0.8517725979402692,0.5678483986268458,0.06231960179127372,0.041116568596691716,0.054314993764268855,1.2898329123818806,0.13434423962957645,0.0073936578856279665
2256,0.6911321897235292,0.3357286887510194,0.0037826369236886523,0.042279317400006886,2.945729733112873,2.2357172095377305,2.1163710889900536,0.11934612054767707,1.3822644068713656,0.8293586441228193,0.5529057627485463,0.06448294305617504,0.042949250645980014,0.05625590983486016,1.2746594402270515,0.14097719186197494,0.007240963615178741,0.709810483675762,0.3407457558602612,-0.0032063029774878696,0.043421943736395546,3.0793473974505496,2.3407467023956032,2.2275748012236587,0.11317190117194453,1.4196209937114848,0.851772596226891,0.5678483974845937,0.06231960199143551,0.04111656876625947,0.05431499395168926,1.2898329109442217,0.13434423960168485,0.007393657885112969
2257,0.6911321893903509,0.33572868886446794,0.0037826371208513204,0.042279317303855896,2.9457297267736373,2.2357172054251766,2.1163710842962766,0.11934612112889975,1.382264404128935,0.8293586424773608,0.5529057616515741,0.06448294326688209,0.04294925082448123,0.05625591003153506,1.2746594387618617,0.14097719183013382,0.007240963614561263,0.7098104833707676,0.3407457559664026,-0.0032063027604794306,0.043421943633558654,3.0793473914425453,2.340746698516478,2.227574796797252,0.11317190171922636,1.4196209910754887,0.8517725946452934,0.5678483964301952,0.062319602181759026,0.0411165689274927,0.05431499412968201,1.289832909576764,0.13434423957610478,0.007393657884655102
2258,0.6911321890807324,0.3357286889712422,0.0037826373057441437,0.04227931720915944,2.9457297208687674,2.235717201584863,2.116371079912301,0.11934612167256237,1.3822644015941117,0.8293586409564668,0.5529057606376448,0.06448294346760385,0.04294925099452335,0.05625591021866475,1.2746594373657283,0.14097719180073404,0.007240963614001516,0.7098104830880632,0.34074575606628615,-0.0032063025559375194,0.043421943532089086,3.079347385854857,2.3407466949000635,2.2275747926696003,0.11317190223046324,1.4196209886420936,0.8517725931852564,0.5678483954568372,0.06231960236308216,0.041116569081101215,0.0543149942990421,1.2898329082735378,0.13434423955258767,0.007393657884246835
2259,0.6911321887924525,0.33572868907178144,0.003782637479142578,0.04227931711577959,2.945729715361916,2.2357171979931776,2.116371075811408,0.11934612218176976,1.382264399250847,0.829358639550508,0.552905759700339,0.06448294365917126,0.04294925115681035,0.056255910397036875,1.2746594360329135,0.14097719177351792,0.007240963613492074,0.7098104828254808,0.34074575616032354,-0.003206302363070297,0.043421943431852114,3.0793473806515945,2.340746691522998,2.2275747888142963,0.11317190270870184,1.419620986395497,0.8517725918372984,0.5678483945581986,0.062319602536172455,0.04111656922773526,0.05431499446049837,1.2898329070290755,0.13434423953090546,0.0073936578838812266
2260,0.6911321885234765,0.3357286891664882,0.003782637641784249,0.04227931702358896,2.945729710219674,2.2357171946284886,2.116371071969122,0.11934612265936645,1.3822643970842527,0.8293586382505514,0.5529057588337013,0.06448294384234582,0.04294925131198732,0.05625591056737372,1.2746594347581575,0.1409771917482503,0.0072409636130261355,0.7098104825810366,0.3407457562488915,-0.0032063021811275377,0.04342194333272324,3.0793473757998058,2.340746688363909,2.2275747852071794,0.11317190315672954,1.4196209843210434,0.8517725905926262,0.5678483937284172,0.06231960270173221,0.04111656936798978,0.054314994614718254,1.2898329058383744,0.13434423951085042,0.007393657883551929
2261,0.6911321882719463,0.33572868925573285,0.0037826377943693534,0.042279316932469876,2.9457297054113742,2.235717191471016,2.1163710683630605,0.11934612310795578,1.382264395080523,0.8293586370483136,0.5529057580322093,0.06448294401782476,0.042949251460644905,0.056255910730337214,1.274659433536646,0.14097719172471745,0.007240963612597524,0.7098104823529235,0.34074575633233656,-0.003206302009393043,0.04342194323458749,3.0793473712692787,2.3407466854032846,2.2275747818261906,0.11317190357709404,1.4196209824051464,0.851772589443088,0.5678483929620585,0.062319602860403604,0.0411165695024088,0.05431499476231264,1.2898329046968602,0.13434423949223395,0.007393657883253177
2262,0.691132188036172,0.335728689339858,0.0037826379375679522,0.042279316842313466,2.9457297009088976,2.2357171885027016,2.116371064972782,0.11934612352991972,1.3822643932268597,0.8293586359361157,0.552905757290744,0.0644829441862462,0.04294925160332372,0.0562559108865337,1.2746594323639722,0.14097719170272655,0.007240963612200675,0.7098104821394989,0.340745756410979,-0.0032063018471855595,0.04342194313733838,3.0793473670323492,2.340746682623341,2.2275747786512192,0.11317190397212201,1.4196209806352167,0.8517725883811301,0.5678483922540866,0.062319603012773325,0.04111656963148934,0.054314994903840126,1.2898329036003515,0.13434423947488638,0.0073936578829798035
2263,0.6911321878146197,0.33572868941918205,0.003782638072018507,0.04227931675301858,2.9457296966864916,2.2357171857070828,2.1163710617796467,0.11934612392743604,1.3822643915114081,0.8293586349068448,0.5529057566045633,0.06448294434819404,0.04294925174051839,0.05625591103651834,1.2746594312361033,0.1409771916821036,0.0072409636118306135,0.7098104819392771,0.34074575648511624,-0.0032063016938534278,0.0434219430408769,3.079347363063718,2.340746680007898,2.2275747756639612,0.11317190434393719,1.4196209789995948,0.851772587399757,0.5678483915998378,0.06231960315937754,0.0411165697556856,0.05431499503981162,1.2898329025450308,0.1343442394586553,0.0073936578827272165
2264,0.6911321876059021,0.3357286894940015,0.003782638198331814,0.04227931666449061,2.94572969272059,2.23571718306917,2.116371058766675,0.1193461243024951,1.3822643899231914,0.8293586339539147,0.5529057559692767,0.06448294450420279,0.04294925187268174,0.05625591118079972,1.2746594301493488,0.14097719166269335,0.0072409636114829385,0.709810481750916,0.34074575655502537,-0.0032063015487729524,0.04342194294511011,3.0793473593402716,2.3407466775422536,2.227574772847777,0.11317190469447654,1.4196209774874908,0.8517725864924947,0.5678483909949962,0.062319603300706045,0.04111656987541254,0.0543149951706941,1.2898329015274075,0.13434423944340465,0.007393657882491354
2265,0.691132187408765,0.33572868956459306,0.003782638317092586,0.042279316576639935,2.9457296889896445,2.235717180575328,2.116371055918413,0.1193461246569151,1.382264388452053,0.8293586330712316,0.5529057553808213,0.06448294465476187,0.04294925200022841,0.0562559113198436,1.2746594291003284,0.1409771916443567,0.007240963611153754,0.7098104815732066,0.34074575662096473,-0.003206301411348138,0.04342194284994969,3.079347355840909,2.34074667521306,2.227574770187554,0.11317190502550618,1.419620976088925,0.851772585653355,0.5678483904355699,0.0623196034372069,0.041116569991049706,0.05431499529691496,1.2898329005442908,0.1343442394290137,0.007393657882268652
2266,0.6911321872220771,0.3357286896312148,0.003782638428859647,0.042279316489380325,2.9457296854739594,2.235717178213156,2.1163710532207993,0.11934612499235656,1.3822643870886004,0.8293586322531601,0.5529057548354404,0.06448294480032055,0.04294925212353892,0.05625591145407749,1.2746594280859396,0.14097719162696984,0.007240963610839637,0.7098104814050616,0.34074575668317586,-0.0032063012810081143,0.0434219427553101,3.079347352546382,2.3407466730082134,2.227574767669578,0.11317190533863558,1.4196209747946738,0.8517725848768043,0.5678483899178695,0.06231960356929064,0.04111657010294491,0.054314995418865655,1.2898328995927557,0.13434423941537513,0.007393657882056009
2267,0.6911321870448154,0.3357286896941067,0.00378263853416657,0.04227931640262672,2.9457296821555325,2.2357171759713745,2.116371050661039,0.11934612531033549,1.3822643858241561,0.8293586314944935,0.5529057543296626,0.06448294494129198,0.04294925224296335,0.05625591158389418,1.2746594271033291,0.14097719161042196,0.007240963610537561,0.7098104812455011,0.3407457567418833,-0.0032063011572068464,0.043421942661106244,3.079347349439128,2.340746670916728,2.227574765281397,0.11317190563533129,1.4196209735962189,0.8517725841577313,0.5678483894384876,0.062319603697334656,0.04111657021141785,0.054314995536905636,1.2898328986701135,0.13434423940239335,0.007393657881850691
2268,0.6911321868760519,0.3357286897534902,0.0037826386335250775,0.04227931631629267,2.945729679017894,2.2357171738397086,2.1163710482274722,0.11934612561223626,1.3822643846507034,0.8293586307904218,0.5529057538602816,0.0644829450780581,0.042949252358825254,0.05625591170965612,1.2746594261498596,0.1409771915946134,0.0072409636102448195,0.7098104810936366,0.3407457567972929,-0.003206301039420538,0.04342194256725058,3.079347346503111,2.3407466689286207,2.2275747630116927,0.11317190591692815,1.4196209724856974,0.8517725834914184,0.567848388994279,0.062319603821687546,0.04111657031676382,0.054314995651366174,1.2898328977738809,0.13434423938998263,0.007393657881650259
2269,0.6911321867149364,0.3357286898095656,0.0037826387274211143,0.042279316230286704,2.94572967604595,2.2357171718087656,2.116371045909444,0.1193461258993219,1.382264383560844,0.8293586301365061,0.5529057534243378,0.06448294521097393,0.042949252471425364,0.05625591183169893,1.2746594252230792,0.14097719157945274,0.007240963609958908,0.7098104809486586,0.34074575684959174,-0.0032063009271490472,0.043421942473649416,3.079347343723661,2.3407466670347903,2.227574760850148,0.11317190618464222,1.419620971455855,0.8517725828735129,0.5678483885823421,0.062319603942673614,0.04111657041925759,0.054314995762554205,1.2898328969017476,0.13434423937806475,0.007393657881452475
2270,0.6911321865606775,0.33572868986250953,0.0037826388163199123,0.04227931614450805,2.945729673225819,2.235717169869916,2.116371043697171,0.11934612617274475,1.382264382547747,0.8293586295286479,0.552905753019099,0.06448294534037285,0.04294925258104611,0.056255911950336066,1.2746594243206857,0.14097719156485417,0.007240963609677378,0.7098104808098122,0.34074575689894265,-0.003206300819912071,0.043421942380198,3.079347341087303,2.340746665226883,2.227574758787303,0.11317190643958007,1.4196209705000007,0.8517725823000003,0.5678483882000004,0.06231960406059803,0.041116570519157666,0.054314995870756624,1.2898328960515404,0.13434423936656575,0.007393657881255129
2271,0.6911321864125209,0.3357286899124689,0.0037826389006636596,0.04227931605884051,2.9457296705446567,2.235717168015148,2.1163710415815924,0.11934612643355587,1.382264381605108,0.8293586289630646,0.5529057526420433,0.06448294546657193,0.0429492526879561,0.056255912065863015,1.274659423440489,0.1409771915507329,0.007240963609397699,0.7098104806763756,0.34074575694547876,-0.0032063007172530716,0.04342194228677386,3.0793473385815817,2.340746663497152,2.2275747568144038,0.1131719066827483,1.4196209696119633,0.851772581767178,0.5678483878447853,0.0623196041757519,0.04111657061671067,0.054314995976244354,1.2898328952211844,0.13434423935541226,0.00739365788105587
2272,0.6911321862697173,0.3357286899595515,0.003782638980872159,0.04227931597314427,2.9457296679904625,2.235717166236914,2.116371039554202,0.11934612668271197,1.3822643807271011,0.8293586284362605,0.5529057522908406,0.06448294558987785,0.04294925279241513,0.05625591217856196,1.2746594225803722,0.1409771915370007,0.007240963609116944,0.7098104805476282,0.340745756989294,-0.003206300618732276,0.04342194219322784,3.0793473361948562,2.3407466618382924,2.2275747549232308,0.1131719069150615,1.4196209687860424,0.8517725812716255,0.5678483875144169,0.062319604288418554,0.041116570712156617,0.05431499607927734,1.2898328944086623,0.13434423934452633,0.007393657880851929
2273,0.691132186131484,0.3357286900038133,0.0037826390573414623,0.04227931588724454,2.94572966555185,2.235717164527933,2.1163710376068496,0.11934612692108337,1.3822643799083345,0.8293586279450006,0.5529057519633339,0.06448294571059418,0.042949252894680386,0.056255912288707466,1.2746594217382383,0.14097719152355787,0.007240963608831459,0.7098104804228068,0.34074575703042775,-0.0032063005239314143,0.04342194209937157,3.0793473339160555,2.3407466602432265,2.2275747531058774,0.1131719071373492,1.4196209680169638,0.8517725808101783,0.5678483872067855,0.06231960439888069,0.041116570805735,0.05431499618010988,1.2898328936119592,0.13434423933381814,0.007393657880639721
2274,0.6911321859969476,0.3357286900452351,0.0037826391304470255,0.042279315800914874,2.94572966321777,2.235717162880947,2.1163710357314915,0.1193461271494555,1.3822643791437978,0.8293586274862786,0.5529057516575192,0.0644829458290284,0.04294925299501235,0.056255912396571114,1.2746594209119637,0.14097719151028315,0.007240963608536322,0.7098104803010481,0.34074575706884275,-0.003206300432448253,0.04342194200495922,3.0793473317343834,2.3407466587048464,2.227574751354486,0.11317190735036031,1.4196209672998288,0.8517725803798973,0.5678483869199314,0.0623196045074278,0.04111657089769105,0.05431499627899573,1.289832892829014,0.13434423932317596,0.007393657880414315
2275,0.691132185865064,0.3357286900836917,0.003782639200537209,0.04227931571385438,2.9457296609771215,2.2357171612883713,2.116371033919837,0.11934612736853399,1.3822643784288073,0.8293586270572844,0.552905751371523,0.06448294594550383,0.042949253093684914,0.0562559125024301,1.2746594200993162,0.14097719149701882,0.007240963608224583,0.7098104801813007,0.34074575710438937,-0.0032063003439003757,0.04342194190966235,3.0793473296389076,2.3407466572156395,2.227574749660874,0.1131719075547657,1.4196209666300557,0.8517725799780335,0.5678483866520222,0.062319604614367946,0.041116570988285764,0.054314996376196426,1.2898328920576312,0.13434423931245085,0.007393657880168584
2276,0.6911321857345015,0.335728690118901,0.003782639267934297,0.04227931562565325,2.945729658818261,2.235717159741837,2.1163710321628972,0.11934612757893957,1.3822643777589392,0.8293586266553634,0.5529057511035758,0.0644829460603708,0.042949253190994865,0.05625591260657413,1.2746594192978762,0.14097719148354798,0.0072409636078860935,0.709810480062199,0.34074575713675276,-0.003206300257921145,0.04342194181303208,3.079347327618011,2.340746655767181,2.227574748016025,0.11317190775115656,1.4196209660033103,0.8517725796019864,0.567848386401324,0.062319604720039626,0.041116571077805905,0.05431499647198852,1.2898328912953998,0.13434423930143444,0.007393657879891966
2277,0.6911321856034619,0.33572869015034745,0.003782639332928106,0.042279315535742754,2.945729656728248,2.2357171582314836,2.1163710304502805,0.11934612778120322,1.3822643771299459,0.8293586262779674,0.5529057508519785,0.06448294617402442,0.042949253287276924,0.05625591270931633,1.2746594185049158,0.1409771914695611,0.007240963607505748,0.7098104799418749,0.34074575716537203,-0.0032063001741642616,0.043421941714444356,3.0793473256585866,2.3407466543493753,2.227574746409335,0.11317190794004031,1.4196209654154193,0.8517725792492518,0.5678483861661675,0.06231960482483015,0.04111657116657955,0.05431499656667499,1.289832890539561,0.13434423928982558,0.007393657879568628
2278,0.6911321854694153,0.3357286901771646,0.0037826393957693313,0.04227931544332006,2.9457296546917897,2.2357171567449523,2.1163710287692035,0.11934612797574902,1.382264376537644,0.8293586259225862,0.5529057506150576,0.06448294628692507,0.04294925338292109,0.05625591281100434,1.2746594177172552,0.14097719145460472,0.00724096360706084,0.7098104798176695,0.34074575718931466,-0.0032063000922990803,0.043421941613017496,3.0793473237448743,2.340746652949348,2.2275747448275225,0.11317190812182575,1.4196209648622524,0.8517725789173517,0.5678483859449007,0.0623196049291964,0.04111657125499378,0.05431499666059614,1.2898328897868598,0.13434423927717912,0.007393657879174567
2279,0.6911321853286905,0.3357286901979517,0.0037826394566672986,0.042279315347233705,2.945729652689646,2.235717155265852,2.1163710271029883,0.11934612816286379,1.3822643759777626,0.8293586255866575,0.5529057503911051,0.06448294639962304,0.04294925347839357,0.05625591291203108,1.2746594169310939,0.14097719143800286,0.007240963606516878,0.7098104796856989,0.340745757207083,-0.0032063000120087573,0.043421941507487176,3.0793473218567198,2.3407466515497797,2.227574743252983,0.1131719082967969,1.4196209643395612,0.851772578603737,0.5678483857358242,0.06231960503369077,0.04111657134351655,0.054314996754141115,1.289832889033362,0.13434423926282799,0.007393657878673283
2280,0.691132185175834,0.33572869021048135,0.0037826395157956882,0.04227931524580368,2.9457296506962116,2.235717153771415,2.1163710254287773,0.11934612834263747,1.3822643754457244,0.8293586252674345,0.5529057501782899,0.06448294651278248,0.04294925357425699,0.056255913012838055,1.274659416141846,0.14097719141873288,0.007240963605821138,0.709810479540166,0.34074575721630623,-0.0032062999329619257,0.04342194139600993,3.079347319966935,2.3407466501263468,2.2275747416612877,0.11317190846505927,1.4196209638427448,0.8517725783056472,0.5678483855370976,0.062319605138985226,0.04111657143271712,0.054314996847750555,1.2898328882742793,0.1343442392457598,0.007393657878008823
2281,0.6911321850025762,0.33572869021122076,0.0037826395733424334,0.042279315136525844,2.945729648675742,2.2357171522288,2.116371023713951,0.11934612851484908,1.3822643749363188,0.8293586249617911,0.5529057499745277,0.0644829466271879,0.04294925367117594,0.056255913113891026,1.274659415344094,0.1409771913952243,0.007240963604892037,0.7098104793722607,0.34074575721323713,-0.0032062998547326277,0.04342194127584143,3.079347318037163,2.3407466486436967,2.2275747400172605,0.11317190862643625,1.4196209633665033,0.8517725780199024,0.567848385346601,0.06231960524587832,0.04111657152327197,0.0543149969418916,1.2898328875039242,0.13434423922441815,0.007393657877094608
2282,0.6911321847960854,0.3357286901945071,0.003782635191387461,0.042279315015554125,2.945729646576241,2.2357171505890543,2.11637102191032,0.11934612867873473,1.3822643744432022,0.8293586246659211,0.552905749777281,0.06448294674368063,0.042949253769863166,0.056255913215569144,1.2746594145320276,0.1409771913650171,0.007240963603601083,0.7098104791683136,0.340745757191893,-0.003206303955614033,0.043421941142774,3.0793473160112255,2.340746647048898,2.227574738268642,0.11317190878025568,1.4196209629043053,0.8517725777425835,0.5678483851617218,0.062319605355228486,0.04111657161590834,0.05431499703694218,1.289832886716181,0.134344239196367,0.007393657875794494
2283,0.6911321854517408,0.3357286905548863,0.003782641551959648,0.042279315302440446,2.9457296443190533,2.2357171515324277,2.116371022563751,0.11934612896867694,1.3822643695921708,0.8293586217553023,0.5529057478368685,0.0644829466014061,0.04294925364933481,0.05625591324228528,1.2746594155051048,0.1409771914642079,0.007240963610907494,0.7098104798211751,0.34074575755716846,-0.0032062979328597793,0.04342194145233244,3.0793473138037872,2.340746647888862,2.2275747388018106,0.1131719090870512,1.419620958336627,0.8517725750019766,0.5678483833346505,0.06231960521098079,0.0411165714937084,0.054314997067406404,1.2898328877328937,0.13434423929256464,0.0073936578831533765
2284,0.6911321850789113,0.3357286904456278,0.0037826394566844793,0.04227931509304736,2.945729643443589,2.2357171499286883,2.1163710209015005,0.11934612902718783,1.3822643709034816,0.8293586225420887,0.552905748361393,0.06448294677770104,0.04294925379868367,0.05625591334076018,1.2746594142804542,0.14097719141539025,0.007240963607751258,0.7098104794594366,0.34074575744330404,-0.0032062999615232943,0.04342194122642416,3.0793473130892015,2.3407466464283893,2.227574737303791,0.11317190912459817,1.41962095964235,0.8517725757854102,0.5678483838569397,0.062319605376930425,0.04111657163429321,0.05431499715495129,1.2898328865423971,0.13434423924734226,0.007393657880029072
2285,0.6911321851546668,0.335728690554452,0.0037826404382952095,0.04227931507029038,2.945729642011299,2.2357171491495684,2.1163710199166053,0.11934612923296328,1.3822643701578226,0.8293586220946934,0.5529057480631292,0.06448294681463783,0.042949253829974804,0.05625591339637702,1.274659414018072,0.14097719143453893,0.007240963609296656,0.7098104795506294,0.34074575755342595,-0.003206298956593877,0.04342194119928808,3.079347311766327,2.340746645737045,2.2275747364150025,0.11317190932204238,1.4196209589188733,0.8517725753513242,0.5678483835675491,0.062319605406086276,0.041116571658992705,0.054314997203975326,1.289832886326273,0.13434423926771577,0.007393657881693254
2286,0.6911321850210213,0.3357286905633021,0.003782640025331116,0.04227931497829354,2.945729640808229,2.2357171479937152,2.116371018622629,0.11934612937108598,1.3822643703093336,0.8293586221856001,0.5529057481237335,0.06448294691894227,0.04294925391833665,0.056255913481642175,1.2746594132905784,0.14097719142232143,0.007240963608666392,0.7098104794277802,0.340745757561184,-0.0032062993576608065,0.04342194109935406,3.079347310680437,2.3407466446689047,2.2275747352196817,0.11317190944922287,1.4196209591012587,0.8517725754607556,0.5678483836405032,0.06231960550195736,0.04111657174021022,0.05431499728171634,1.2898328856350165,0.13434423925771713,0.007393657881132065
2287,0.6911321849758473,0.33572869060966654,0.0037826402444630924,0.04227931490877229,2.945729639526574,2.2357171470302717,2.116371017501349,0.1193461295289231,1.382264370042042,0.8293586220252253,0.5529057480168168,0.06448294699931392,0.04294925398642378,0.05625591355647162,1.2746594127284618,0.1409771914221263,0.007240963608906029,0.7098104793937695,0.3407457576067917,-0.003206299119275731,0.04342194102251528,3.079347309504761,2.340746643788436,2.2275747341914247,0.11317190959701162,1.4196209588555602,0.8517725753133364,0.5678483835422238,0.062319605574924636,0.0411165718020247,0.05431499734990321,1.2898328851070393,0.13434423925910255,0.007393657881444599
2288,0.6911321848934524,0.3357286906398881,0.0037826401933138826,0.042279314830951625,2.9457296382767146,2.23571714598398,2.1163710163056977,0.11934612967828256,1.3822643699516945,0.8293586219710168,0.5529057479806777,0.06448294709178307,0.042949254064759336,0.0562559136384493,1.2746594120829018,0.1409771914167295,0.007240963608775929,0.7098104793217389,0.34074575763619686,-0.0032062991528264,0.04342194093713812,3.0793473083550915,2.3407466428194548,2.227574733082568,0.1131719097368868,1.4196209587875388,0.8517725752725235,0.5678483835150153,0.062319605659925476,0.04111657187403346,0.05431499742526032,1.2898328844934528,0.13434423925548225,0.007393657881383166
2289,0.6911321848226946,0.3357286906734217,0.003782640244914981,0.042279314754742066,2.945729637020486,2.235717144975421,2.1163710151483435,0.11934612982707762,1.3822643697869046,0.8293586218721428,0.5529057479147618,0.0644829471825277,0.042949254141633975,0.05625591372007156,1.274659411449352,0.14097719141247209,0.007240963608743325,0.7098104792604942,0.3407457576687466,-0.003206299084365302,0.04342194085325352,3.079347307192423,2.3407466418829355,2.2275747320063357,0.11317190987659967,1.419620958643478,0.8517725751860871,0.567848383457391,0.06231960574367129,0.04111657194497901,0.05431499750064152,1.289832883888923,0.1343442392528209,0.007393657881412191
2290,0.6911321847464607,0.3357286907041095,0.0037826402587350025,0.04227931467731764,2.9457296357696765,2.2357171439563643,2.1163710139824428,0.11934612997392169,1.3822643696453891,0.8293586217872335,0.5529057478581556,0.06448294727576362,0.042949254220619106,0.05625591380358774,1.2746594107986975,0.14097719140730383,0.007240963608651401,0.7098104791932509,0.3407457576984363,-0.003206299053074263,0.04342194076806856,3.079347306029037,2.3407466409313025,2.2275747309164435,0.11317191001485893,1.4196209585209885,0.8517725751125934,0.567848383408395,0.06231960583009123,0.041116572018189954,0.054314997578101876,1.2898328832654589,0.13434423924923058,0.007393657881378944
2291,0.6911321846705679,0.33572869073400696,0.0037826402839235412,0.042279314599583416,2.9457296345210526,2.2357171429444107,2.1163710128253,0.11934613011911087,1.3822643694929213,0.8293586216957528,0.5529057477971685,0.0644829473697901,0.04294925430027395,0.056255913887921206,1.274659410142684,0.14097719140192053,0.007240963608553079,0.7098104791256943,0.34074575772725896,-0.003206299010922599,0.04342194068247939,3.0793473048620896,2.340746639982088,2.227574729830188,0.11317191015189976,1.4196209583865018,0.8517725750319015,0.5678483833546003,0.062319605917560555,0.0411165720922899,0.05431499765660645,1.2898328826346341,0.1343442392453528,0.007393657881334719
2292,0.6911321845934958,0.335728690762713,0.0037826403050827753,0.04227931452140049,2.945729633276028,2.235717141934153,2.1163710116713466,0.1193461302628065,1.382264369341136,0.8293586216046817,0.5529057477364544,0.06448294746476663,0.042949254380733645,0.05625591397308948,1.2746594094802093,0.14097719139618486,0.007240963608435944,0.7098104790564298,0.3407457577548513,-0.0032062989726899527,0.04342194059636613,3.079347303693358,2.340746639030393,2.2275747287425243,0.11317191028786842,1.4196209582513888,0.8517725749508337,0.5678483833005551,0.06231960600617914,0.04111657216736345,0.054314997736128245,1.2898328819957379,0.1343442392410733,0.007393657881268282
2293,0.6911321845159474,0.33572869079050716,0.00378264032713814,0.042279314442900576,2.9457296320351216,2.235717140927976,2.1163710105229265,0.11934613040504977,1.3822643691869914,0.8293586215121949,0.5529057476747965,0.06448294756035657,0.042949254461713,0.056255914058823214,1.2746594088135978,0.14097719139019999,0.007240963608306715,0.7098104789861763,0.3407457577814911,-0.00320629893367938,0.04342194050986689,3.079347302523773,2.3407466380788353,2.227574727656057,0.11317191042277841,1.4196209581128596,0.8517725748677162,0.5678483832451434,0.06231960609560021,0.04111657224311681,0.05431499781638566,1.2898328813512396,0.13434423923649236,0.007393657881186404
2294,0.6911321844379695,0.33572869081746703,0.0037826403488715674,0.042279314364130974,2.9457296307990837,2.2357171399258737,2.116371009379947,0.11934613054592652,1.3822643690318945,0.8293586214191367,0.5529057476127578,0.06448294765639766,0.04294925454307455,0.056255914144966716,1.2746594081439704,0.1409771913839968,0.0072409636081664595,0.7098104789150297,0.34074575780726424,-0.003206298895016828,0.043421940423037445,3.079347301354457,2.3407466371277335,2.227574726571045,0.1131719105566885,1.4196209579723524,0.8517725747834118,0.5678483831889406,0.06231960618563932,0.041116572319393765,0.054314997897203704,1.2898328807024533,0.13434423923164537,0.007393657881090506
2295,0.6911321843598298,0.3357286908437316,0.0037826403709086895,0.04227931428516089,2.945729629568837,2.2357171389287607,2.1163710082432736,0.11934613068548719,1.3822643688759393,0.8293586213255636,0.5529057475503757,0.06448294775270316,0.042949254624660094,0.05625591423135517,1.2746594074726163,0.14097719137763168,0.007240963608018071,0.7098104788432977,0.3407457578323161,-0.0032062988560827427,0.043421940335954506,3.0793473001867113,2.3407466361782987,2.2275747254886755,0.11317191068962318,1.4196209578300594,0.8517725746980359,0.5678483831320235,0.062319606276093446,0.041116572396022295,0.054314997978402516,1.2898328800508252,0.1343442392265905,0.00739365788098377
2296,0.6911321842817278,0.33572869086941554,0.003782640393244545,0.042279314206045485,2.9457296283453314,2.2357171379373173,2.1163710071135355,0.1193461308237819,1.3822643687196596,0.8293586212317958,0.5529057474878638,0.06448294784912337,0.04294925470634282,0.056255914317852616,1.2746594068005699,0.1409771913711519,0.007240963607863825,0.709810478771218,0.3407457578567665,-0.0032062988168735512,0.04342194024867975,3.0793472990218462,2.340746635231495,2.2275747244098887,0.11317191082160663,1.4196209576865955,0.8517725746119575,0.5678483830746379,0.06231960636679762,0.04111657247286264,0.054314998059832344,1.289832879397531,0.13434423922137737,0.007393657880868733
2297,0.6911321842039281,0.3357286908946548,0.0037826404161384053,0.04227931412684664,2.945729627129722,2.235717136952501,2.116371005991648,0.11934613096085311,1.382264368563456,0.8293586211380737,0.5529057474253822,0.06448294794551557,0.042949254788001795,0.056255914404331864,1.2746594061288161,0.1409771913646154,0.007240963607706574,0.7098104786990947,0.3407457578807576,-0.003206298777115313,0.04342194016128177,3.0793472978613785,2.3407466342885725,2.2275747233359167,0.11317191095265589,1.419620957542436,0.8517725745254618,0.567848383016974,0.06231960645759541,0.04111657254978231,0.05431499814135355,1.2898328787436846,0.13434423921606548,0.007393657880748522
2298,0.6911321841266636,0.33572869091957314,0.0037826404396283445,0.04227931404761762,2.945729625923135,2.2357171359751633,2.1163710048784212,0.11934613109674196,1.3822643684078562,0.8293586210447138,0.5529057473631424,0.06448294804176383,0.04294925486953883,0.05625591449068793,1.2746594054581555,0.14097719135807502,0.007240963607548867,0.7098104786271969,0.3407457579044182,-0.0032062987367710988,0.0434219400738195,3.0793472967067714,2.3407466333506455,2.2275747222678577,0.11317191108278796,1.4196209573981895,0.851772574438914,0.5678483829592755,0.06231960654835904,0.04111657262667302,0.054314998222850366,1.2898328780901958,0.1343442392107093,0.00739365788062594
2299,0.6911321840502116,0.33572869094430957,0.003782640463898014,0.04227931396841604,2.945729624726842,2.2357171350063316,2.1163710037748453,0.11934613123148635,1.3822643682533273,0.8293586209519965,0.5529057473013308,0.06448294813775937,0.0429492549508618,0.05625591457682381,1.2746594047893394,0.14097719135159112,0.007240963607393654,0.7098104785558382,0.3407457579278934,-0.0032062986956476955,0.0434219399863563,3.079347295559624,2.340746632419006,2.2275747212069876,0.11317191121201833,1.4196209572543939,0.8517725743526365,0.5678483829017573,0.062319606638969245,0.041116572703433774,0.05431499830421625,1.2898328774379149,0.13434423920537023,0.00739365788050419
2300,0.6911321839748391,0.3357286909689995,0.0037826404890014403,0.04227931388929636,2.9457296235421353,2.2357171340470052,2.1163710026818814,0.11934613136512369,1.3822643681004232,0.8293586208602541,0.552905747240169,0.06448294823341225,0.04294925503189445,0.056255914662658384,1.274659404122989,0.14097719134522285,0.007240963607243794,0.7098104784853182,0.3407457579513236,-0.0032062986536944976,0.043421939898951795,3.079347294421538,2.340746631494895,2.227574720154532,0.11317191134036286,1.4196209571116765,0.851772574267006,0.5678483828446704,0.0623196067293268,0.04111657277998049,0.054314998385361704,1.289832876787548,0.13434423920010807,0.007393657880386354
2301,0.6911321839008402,0.33572869099378655,0.003782640515064134,0.04227931381031492,2.945729622370432,2.235717133098311,2.116371001600625,0.11934613149768603,1.3822643679496782,0.8293586207698072,0.5529057471798711,0.06448294832863669,0.04294925511256416,0.05625591474811503,1.2746594034596965,0.14097719133903355,0.007240963607102374,0.7098104784159648,0.34074575797485773,-0.0032062986107796038,0.043421939811667414,3.079347293294233,2.340746630579684,2.227574719111851,0.11317191146783245,1.4196209569706364,0.851772574182382,0.5678483827882544,0.062319606819337806,0.04111657285623363,0.05431499846620266,1.2898328761397646,0.1343442391949867,0.00739365788027576
2302,0.691132183828533,0.33572869101882324,0.003782640542195549,0.04227931373153128,2.945729621213298,2.235717132161492,2.1163710005322898,0.11934613162920234,1.3822643678016804,0.8293586206810084,0.552905747120672,0.06448294842335445,0.04294925519280465,0.05625591483312396,1.274659402800002,0.14097719133309128,0.007240963606972706,0.7098104783481277,0.34074575799865386,-0.003206298566796058,0.04342193972456778,3.079347292179561,2.3407466296748405,2.2275747180804033,0.11317191159443701,1.4196209568319293,0.8517725740991576,0.5678483827327717,0.06231960690891689,0.041116572932120864,0.05431499854666287,1.2898328754951724,0.13434423919007416,0.007393657880175944
2303,0.6911321837582567,0.3357286910442679,0.003782640570494211,0.042279313653006016,2.945729620072455,2.2357171312379105,2.1163709994782156,0.11934613175969476,1.3822643676570658,0.8293586205942397,0.5529057470628261,0.06448294851749166,0.04294925527255331,0.05625591491761901,1.274659402144416,0.14097719132746805,0.00724096360685828,0.7098104782821777,0.34074575802287577,-0.0032062985216457576,0.043421939637718315,3.079347291079532,2.3407466287819574,2.2275747170617786,0.113171911720179,1.4196209566962557,0.8517725740177534,0.5678483826785022,0.06231960699798386,0.04111657300757425,0.054314998626670455,1.2898328748543433,0.134344239185442,0.007393657880090615
2304,0.6911321836904014,0.33572869107029774,0.0037826406001183407,0.042279313574808366,2.945729618949892,2.2357171303291636,2.116370998439984,0.11934613188917986,1.3822643675165134,0.8293586205099082,0.5529057470066052,0.06448294861097151,0.0429492553517451,0.056255915001532375,1.2746594014934685,0.14097719132224545,0.007240963606763049,0.7098104782185384,0.34074575804770724,-0.003206298475164661,0.04342193955119365,3.0793472899964223,2.3407466279028655,2.227574716057809,0.11317191184505644,1.4196209565643554,0.8517725739386132,0.5678483826257422,0.06231960708645624,0.041116573082523936,0.054314998706152404,1.289832874217864,0.13434423918117117,0.007393657880023977
2305,0.6911321836253324,0.3357286910970774,0.003782640631060541,0.042279313497001245,2.945729617847614,2.2357171294367983,2.116370997419132,0.11934613201766618,1.3822643673808028,0.8293586204284819,0.552905746952321,0.06448294870372809,0.04294925543032414,0.05625591508480415,1.2746594008476149,0.14097719131750056,0.007240963606690709,0.7098104781576025,0.3407457580733173,-0.0032062984273753398,0.043421939465061156,3.0793472889325018,2.3407466270393154,2.2275747150702556,0.11317191196905987,1.4196209564370768,0.851772573862246,0.5678483825748307,0.06231960717426364,0.04111657315691028,0.05431499878504477,1.2898328735862359,0.13434423917733754,0.007393657879979908
2306,0.6911321835635007,0.33572869112480064,0.00378264066355484,0.04227931341966128,2.9457296167679985,2.235717128562751,2.1163709964176,0.11934613214515077,1.3822643672506645,0.8293586203503988,0.5529057469002657,0.06448294879567909,0.04294925550822076,0.05625591516736222,1.2746594002074239,0.14097719131332517,0.007240963606645724,0.7098104780998532,0.34074575809990626,-0.0032062983780377294,0.043421939379402794,3.0793472878904256,2.340746626193471,2.2275747141013027,0.11317191209216829,1.419620956315205,0.8517725737891229,0.567848382526082,0.06231960726131953,0.04111657323065997,0.05431499886327151,1.289832872960076,0.13434423917403124,0.007393657879963107
2307,0.6911321835053571,0.33572869115365883,0.003782640697649095,0.04227931334286485,2.945729615713604,2.235717127709024,2.1163709954374035,0.1193461322716207,1.3822643671270012,0.8293586202762009,0.5529057468508003,0.06448294888674562,0.04294925558536808,0.05625591524913576,1.274659399573439,0.14097719130981207,0.007240963606632522,0.7098104780457704,0.34074575812767127,-0.00320629832711284,0.04342193929430006,3.0793472868730176,2.3407466253675455,2.227574713153194,0.1131719122143517,1.4196209561997064,0.8517725737198237,0.5678483824798827,0.062319607347541425,0.04111657330370315,0.05431499894075857,1.2898328723399717,0.13434423917134297,0.007393657879978203
2308,0.691132183451398,0.33572869118385573,0.0037826407334947687,0.042279313266694936,2.9457296146872496,2.23571712687787,2.116370994480821,0.11934613239704904,1.3822643670107142,0.8293586202064287,0.5529057468042855,0.06448294897683869,0.042949255661690736,0.05625591533004578,1.2746593989462762,0.14097719130706143,0.007240963606655923,0.7098104779958798,0.34074575815682173,-0.0032062982744521656,0.04342193920984121,3.079347285883367,2.340746624564008,2.2275747122284426,0.11317191233556528,1.4196209560915407,0.8517725736549243,0.5678483824366164,0.062319607432837584,0.0411165733759621,0.054314999017424384,1.2898328717265761,0.13434423916937022,0.007393657880030215
2309,0.6911321834021521,0.335728691215603,0.003782640771220848,0.042279313191239745,2.9457296136920337,2.2357171260717497,2.1163709935503556,0.11934613252139409,1.3822643669027963,0.829358620141678,0.5529057467611183,0.06448294906586152,0.042949255737106756,0.056255915410006116,1.274659398326603,0.14097719130517913,0.007240963606720987,0.7098104779507389,0.340745758187575,-0.0032062982199356285,0.043421939126119816,3.07934728492484,2.3407466237855337,2.227574711329784,0.1131719124557497,1.4196209559917596,0.8517725735950556,0.567848382396704,0.06231960751710889,0.04111657344735282,0.05431499909318057,1.2898328711205953,0.1343442391682158,0.007393657880124414
2310,0.691132183358197,0.3357286912491253,0.0037826408109987233,0.042279313116594434,2.945729612731401,2.2357171252934145,2.116370992648818,0.11934613264459626,1.3822643668043042,0.8293586200825829,0.5529057467217213,0.0644829491537055,0.042949255811524076,0.056255915488920186,1.2746593977151697,0.14097719130427955,0.007240963606833191,0.7098104779109551,0.34074575822016173,-0.0032062981633952797,0.043421939043236754,3.079347284001151,2.340746623035092,2.227574710460264,0.11317191257482784,1.4196209559014779,0.8517725735408866,0.5678483823605912,0.062319607600244915,0.04111657351778179,0.05431499916792888,1.2898328705228166,0.13434423916799054,0.007393657880266467
2311,0.6911321833201601,0.33572869128466154,0.003782640853009854,0.04227931304286332,2.945729611809162,2.235717124545905,2.116370991779325,0.11934613276657952,1.382264366716394,0.8293586200298367,0.5529057466865573,0.0644829492402483,0.04294925588483911,0.056255915566679415,1.2746593971128206,0.14097719130448624,0.007240963606998406,0.7098104778771843,0.3407457582548265,-0.003206298104660707,0.04342193896130231,3.079347283116389,2.3407466223159474,2.2275747096232426,0.1131719126927048,1.4196209558219102,0.8517725734931462,0.567848382328764,0.06231960768212215,0.04111657358714437,0.05431499924155953,1.289832869934119,0.1343442391688134,0.007393657880462444
2312,0.6911321832886774,0.33572869132244554,0.00378264089735654,0.042279312970150563,2.945729610929358,2.2357171238324107,2.1163709909451653,0.11934613288724544,1.3822643666403203,0.8293586199841924,0.5529057466561279,0.06448294932536026,0.042949255956942003,0.05625591564316748,1.2746593965204518,0.14097719130592345,0.00724096360722252,0.709810477850089,0.340745758291808,-0.0032062980436421903,0.04342193888042629,3.079347282274859,2.340746621631502,2.227574708822238,0.113171912809264,1.4196209557543682,0.851772573452621,0.5678483823017472,0.06231960776261052,0.04111657365533038,0.054314999313955725,1.2898328693554295,0.13434423917080376,0.007393657880718403
2313,0.6911321832644992,0.3357286913627489,0.003782640944382361,0.04227931289858061,2.945729610096629,2.23571712315669,2.116370990150216,0.11934613300647408,1.3822643665773549,0.8293586199464131,0.5529057466309417,0.06448294940888119,0.042949256027697044,0.056255915718243156,1.2746593959391685,0.1409771913087354,0.007240963607512427,0.7098104778304497,0.3407457583313842,-0.0032062979799997726,0.043421938800740065,3.079347281481486,2.3407466209857457,2.227574708061379,0.11317191292436674,1.419620955700178,0.8517725734201068,0.5678483822800712,0.06231960784154954,0.04111657372220384,0.05431499938497589,1.2898328687878913,0.13434423917410018,0.007393657881041422
2314,0.6911321832484016,0.335728691405847,0.003782640994251789,0.04227931282828168,2.9457296093160097,2.235717122522734,2.1163709893986105,0.11934613312412351,1.3822643665289986,0.8293586199173993,0.5529057466115993,0.06448294949064193,0.042949256096960944,0.05625591579175521,1.2746593953701397,0.1409771913130718,0.0072409636078751925,0.7098104778190704,0.3407457583738358,-0.0032062979135836223,0.04342193872237874,3.079347280741598,2.340746620382909,2.2275747073450582,0.11317191303785035,1.4196209556608992,0.8517725733965396,0.5678483822643596,0.06231960791877046,0.041116573787621805,0.05431499945446901,1.2898328682327058,0.1343442391788456,0.007393657881438751
2315,0.691132183241277,0.3357286914520525,0.0037826410473382963,0.04227931275940254,2.9457296085931897,2.2357171219351337,2.1163709886951074,0.11934613324002621,1.3822643664968033,0.8293586198980821,0.5529057465987212,0.06448294957044275,0.042949256164564485,0.05625591586352699,1.2746593948147442,0.14097719131910272,0.007240963608318907,0.7098104778168778,0.34074575841948346,-0.0032062978440219325,0.04342193864549938,3.0793472800611985,2.340746619827841,2.227574706678314,0.1131719131495272,1.419620955638141,0.8517725733828847,0.5678483822552562,0.06231960799407429,0.041116573851415705,0.05431499952225897,1.2898328676912914,0.1343442391852034,0.007393657881918696
2316,0.6911321832440407,0.3357286915016809,0.0037826411038256458,0.042279312692095526,2.945729607934244,2.2357171213987046,2.1163709880447117,0.11934613335399272,1.3822643664825538,0.8293586198895324,0.5529057465930214,0.06448294964807579,0.04294925623033158,0.0562559159333725,1.2746593942744173,0.14097719132700332,0.007240963608851819,0.7098104778248152,0.34074575846864785,-0.0032062977711569754,0.04342193857026232,3.0793472794466714,2.3407466193256043,2.227574706066418,0.11317191325918628,1.4196209556337553,0.8517725733802534,0.567848382253502,0.06231960806725485,0.04111657391341088,0.05431499958816112,1.2898328671651162,0.1343442391933403,0.007393657882489671
2317,0.691132183257745,0.3357286915550917,0.0037826411641612434,0.04227931262653624,2.9457296073460064,2.2357171209189617,2.1163709874531578,0.11934613346580397,1.382264366488081,0.8293586198928486,0.5529057465952323,0.0644829497232961,0.04294925629405472,0.05625591600107488,1.2746593937508508,0.14097719133697234,0.007240963609483358,0.7098104778439693,0.34074575852169614,-0.003206297694547326,0.04342193849685262,3.0793472789051886,2.3407466188819956,2.2275747055154103,0.1131719133665855,1.4196209556496306,0.8517725733897785,0.5678483822598521,0.06231960813806921,0.0411165739734015,0.05431499965196024,1.289832866655911,0.13434423920344596,0.007393657883161323
2318,0.691132183283533,0.3357286916126738,0.003782641228707251,0.042279312562916796,2.9457296068360255,2.235717120501946,2.1163709869267313,0.1193461335752148,1.38226436651549,0.829358619909294,0.5529057466061958,0.06448294979583655,0.04294925635550763,0.056255916066396544,1.2746593932458894,0.1409771913492262,0.007240963610223774,0.7098104778755174,0.34074575857902495,-0.0032062976138485383,0.0434219384254728,3.079347278444649,2.340746618503342,2.2275747050318855,0.11317191347145644,1.419620955687939,0.8517725734127635,0.5678483822751754,0.062319608206252805,0.04111657403116348,0.05431499971342087,1.2898328661655598,0.13434423921572658,0.007393657883944104
2319,0.6911321833226761,0.33572869167485675,0.003782641297927068,0.042279312501448604,2.94572960641269,2.2357171201543973,2.1163709864724503,0.1193461336819469,1.382264366567066,0.8293586199402396,0.5529057466268263,0.06448294986540021,0.04294925641443871,0.056255916129073505,1.274659392761583,0.14097719136400477,0.007240963611084419,0.7098104779207701,0.34074575864107315,-0.003206297528608036,0.04342193835634582,3.0793472780738296,2.340746618196704,2.2275747046232084,0.11317191357349528,1.4196209557510346,0.851772573450621,0.5678483823004137,0.06231960827151177,0.04111657408644784,0.05431499977228163,1.2898328656961566,0.13434423923041067,0.0073936578848496195
2320,0.6911321833766431,0.3357286917421432,0.0037826413724502198,0.04227931244238056,2.9457296060855245,2.235717119884009,2.116370986098313,0.11934613378569602,1.3822643666453525,0.8293586199872116,0.5529057466581409,0.06448294993164673,0.04294925647055969,0.05625591618880507,1.274659392300282,0.1409771913815856,0.007240963612078482,0.7098104779812396,0.34074575870835405,-0.0032062974382149265,0.04342193828973448,3.0793472778026834,2.340746617970129,2.227574704297759,0.11317191367237017,1.4196209558415402,0.8517725735049244,0.5678483823366158,0.06231960833350929,0.04111657413896924,0.05431499982824474,1.2898328652501,0.13434423924776284,0.0073936578858913304
2321,0.691132183446925,0.33572869181503523,0.0037826414525471905,0.04227931238596213,2.9457296058646336,2.2357171196987844,2.1163709858126616,0.11934613388612283,1.3822643667532861,0.8293586200519718,0.5529057467013143,0.06448294999422942,0.042949256523576826,0.05625591624528037,1.2746593918643812,0.14097719140225104,0.007240963613219262,0.7098104780584593,0.3407457587813803,-0.0032062973424265007,0.043421938225902276,3.07934727764175,2.340746617831976,2.227574704064262,0.1131719137677139,1.419620955962479,0.8517725735774876,0.5678483823849915,0.062319608391902884,0.04111657418843759,0.054314999881002926,1.2898328648298307,0.13434423926805164,0.007393657887082799
2322,0.6911321835354287,0.33572869189418764,0.0037826415393665616,0.042279312332514106,2.9457296057620748,2.235717119608611,2.116370985625765,0.1193461339828461,1.38226436689385,0.82935862013631,0.5529057467575399,0.06448295005270928,0.04294925657311824,0.05625591629811428,1.2746593914569115,0.14097719142635814,0.007240963614523914,0.709810478154392,0.340745758860821,-0.0032062972400996592,0.043421938165188134,3.0793472776036146,2.340746617792575,2.2275747039334637,0.11317191385911154,1.4196209561169182,0.851772573670151,0.5678483824467672,0.062319608446258015,0.04111657423448471,0.05431499993017481,1.289832864438443,0.1343442392916175,0.0073936578884415335
2323,0.6911321836442222,0.3357286919803175,0.003782641633533826,0.04227931228238614,2.9457296057913687,2.235717119624304,2.1163709855488544,0.11934613407544964,1.3822643670708572,0.8293586202425144,0.5529057468283428,0.06448295010662443,0.04294925661879265,0.05625591634689607,1.2746593910810622,0.1409771914542998,0.007240963616011094,0.7098104782711693,0.34074575894741094,-0.003206297130631433,0.04342193810796235,3.079347277702391,2.340746617863233,2.2275747039171208,0.11317191394611187,1.419620956308784,0.8517725737852705,0.5678483825235136,0.06231960849611735,0.041116574276723224,0.0543149999753535,1.289832864079195,0.13434423931883513,0.007393657889986638
2324,0.6911321837757476,0.33572869207427936,0.003782641736158103,0.042279312235988464,2.945729605968056,2.2357171197584593,2.1163709855949895,0.1193461341634698,1.3822643672884445,0.8293586203730667,0.5529057469153777,0.06448295015544366,0.04294925666015002,0.056255916391156596,1.2746593907405024,0.1409771914865381,0.007240963617702931,0.7098104784113072,0.34074575904202514,-0.0032062970129326587,0.04342193805465945,3.079347277954311,2.3407466180571177,2.227574704028908,0.11317191402821002,1.4196209565423386,0.8517725739254032,0.5678483826169354,0.06231960854095451,0.04111657431470718,0.054315000016073936,1.2898328637558363,0.13434423935014567,0.007393657891740725
2325,0.691132183932827,0.3357286921770736,0.003782641848397092,0.04227931219379466,2.9457296063100302,2.2357171200255297,2.116370985779133,0.11934613424639669,1.3822643675514952,0.8293586205308972,0.552905747020598,0.06448295019857286,0.04294925669668708,0.0562559164303707,1.2746593904393337,0.1409771915236094,0.00724096361962512,0.7098104785777172,0.34074575914568944,-0.0032062968858667384,0.04342193800578177,3.079347278378068,2.3407466183893493,2.2275747042844993,0.11317191410484986,1.4196209568226144,0.8517725740935687,0.5678483827290457,0.062319608580180284,0.04111657434793743,0.05431500005181504,1.2898328634725647,0.13434423938606174,0.007393657893730125
2326,0.691132184118787,0.3357286922898941,0.0037826419717067045,0.042279312156360487,2.945729606838092,2.235717120442365,2.1163709861186994,0.11934613432366588,1.382264367865654,0.8293586207193925,0.5529057471462616,0.06448295023533712,0.04294925672783205,0.056255916463942957,1.2746593901822179,0.14097719156614752,0.007240963621808113,0.7098104787738337,0.340745759259629,-0.0032062967479969257,0.04342193796191932,3.0793472789954217,2.340746618877574,2.2275747047021612,0.11317191417541278,1.4196209571554343,0.8517725742932607,0.5678483828621737,0.06231960861312424,0.041116574375846024,0.05431500008198516,1.2898328632341551,0.13434423942718943,0.007393657895986052
2327,0.6911321843375623,0.3357286924141721,0.0037826421078101385,0.0422793121243401,2.945729607576588,2.2357171210286966,2.1163709866340437,0.11934613439465279,1.382264368237574,0.8293586209425444,0.5529057472950295,0.06448295026497072,0.04294925675293625,0.0562559164911985,1.2746593899744414,0.14097719161490413,0.007240963624288122,0.7098104790037227,0.3407457593853135,-0.0032062965976244404,0.04342193792376735,3.079347279831859,2.340746619542469,2.227574705303258,0.11317191423921101,1.4196209575476675,0.8517725745286006,0.5678483830190669,0.062319608639025,0.04111657439778793,0.05431500010591295,1.2898328630460316,0.1343442394742485,0.007393657898545663
2328,0.6911321845938598,0.33572869255164456,0.003782642258820426,0.0422793120985112,2.945729608554236,2.2357171218078316,2.116370987349161,0.11934613445867043,1.3822643686751248,0.829358621205075,0.5529057474700498,0.06448295028660139,0.042949256771260755,0.05625591651136994,1.274659389822029,0.14097719167078182,0.007240963627108723,0.7098104792722539,0.34074575952452857,-0.0032062964326514884,0.043421937892153185,3.079347280917479,2.3407466204084946,2.227574706113012,0.11317191429548293,1.4196209580074453,0.8517725748044672,0.567848383202978,0.06231960865701383,0.04111657441302724,0.05431500012283387,1.2898328629143831,0.13434423952810431,0.007393657901453746
2329,0.6911321848933384,0.33572869270442723,0.0037826424272925513,0.042279312079802726,2.9457296098051664,2.235717122807491,2.116370988292535,0.11934613451495618,1.3822643691877197,0.8293586215126318,0.5529057476750878,0.06448295029922946,0.04294925678195866,0.05625591652357891,1.2746593897318843,0.14097719173486928,0.007240963630322603,0.7098104795852868,0.34074575967945,-0.003206296250548496,0.043421937868065856,3.079347282288101,2.3407466215047723,2.2275747071613963,0.11317191434337613,1.4196209585445079,0.8517725751267048,0.5678483834178031,0.06231960866609346,0.041116574420719074,0.05431500013187135,1.2898328628463138,0.13434423958980143,0.007393657904764473
2330,0.6911321852428611,0.3357286928751214,0.003782642616373448,0.04227931206933207,2.9457296113702305,2.2357171240608933,2.1163709894982246,0.11934613456266863,1.3822643697866768,0.8293586218720062,0.5529057479146706,0.06448295030170687,0.04294925678405741,0.056255916526818474,1.274659389711934,0.14097719180849097,0.007240963633994011,0.7098104799499345,0.3407457598527541,-0.0032062960481832117,0.043421937852695894,3.079347283986647,2.340746622866243,2.227574708484303,0.11317191438193999,1.4196209591705733,0.8517725755023441,0.5678483836682292,0.06231960866511664,0.041116574419891555,0.05431500013201882,1.289832862849995,0.13434423966061182,0.007393657908543994
2331,0.6911321856508351,0.33572869306695474,0.0037826428300052894,0.0422793120684567,2.945729613298799,2.2357171256082418,2.1163709910073654,0.11934613460087636,1.3822643704857223,0.8293586222914334,0.5529057481942888,0.06448295029270343,0.04294925677643012,0.0562559165199246,1.2746593897713647,0.1409771918932746,0.007240963638202098,0.7098104803749192,0.3407457600477641,-0.003206295821628201,0.04342193784749069,3.079347286065058,2.340746624535247,2.2275747101251366,0.11317191441011012,1.419620959899869,0.8517725759399216,0.5678483839599474,0.06231960865275176,0.0411165744094166,0.05431500012211055,1.2898328629349138,0.1343442397421007,0.007393657912873848
2332,0.6911321861276079,0.33572869328395666,0.0037826430730416097,0.042279312078831524,2.9457296156508166,2.2357171274983805,2.1163709928698142,0.11934613462856608,1.3822643713016702,0.8293586227810023,0.552905748520668,0.06448295027068733,0.042949256757779095,0.056255916501559255,1.274659389920755,0.14097719199123165,0.00724096364304487,0.7098104808709836,0.34074576026862885,-0.0032062955660425024,0.04342193785421553,3.079347288586472,2.3407466265632784,2.2275747121365685,0.11317191442670982,1.4196209607498385,0.8517725764499032,0.5678483842999352,0.062319608627463004,0.041116574387993154,0.054315000100804575,1.2898328631120113,0.1343442398362031,0.007393657917855091
2333,0.6911321866860315,0.33572869353119433,0.003782643351620811,0.042279312102492264,2.9457296184997457,2.235717129791245,2.116370995146616,0.11934613464462891,1.3822643722552157,0.8293586233531295,0.5529057489020862,0.06448295023387245,0.04294925672659125,0.05625591647016641,1.274659390172439,0.1409771921048682,0.0072409636486446965,0.709810481451481,0.34074576052056765,-0.0032062952752923563,0.04342193787504284,3.0793472916283506,2.3407466290135974,2.22757471458317,0.11317191443042739,1.4196209617419673,0.8517725770451806,0.5678483846967867,0.062319608587456624,0.04111657435410161,0.05431500006653761,1.2898328633940643,0.13434423994533215,0.007393657923613991
2334,0.691132187342189,0.3357286938150936,0.0037826436735083763,0.04227931214196075,2.945729621936211,2.235717132560853,2.1163709979129735,0.11934613464787963,1.3822643733720628,0.8293586240232378,0.552905749348825,0.06448295018018012,0.042949256681105594,0.05625591642394033,1.2746593905407713,0.14097719223733202,0.007240963655155618,0.7098104821331316,0.34074576081020047,-0.003206294941607103,0.043421937912664646,3.07934729528635,2.3407466319643984,2.2275747175445724,0.11317191441982605,1.4196209629029621,0.8517725777417776,0.5678483851611845,0.06231960853064179,0.04111657430597074,0.05431500001749266,1.2898328637959682,0.13434424007252038,0.007393657930309572
2335,0.6911321881163704,0.3357286941438719,0.003782644048625605,0.042279312200385624,2.9457296260728305,2.235717135899291,2.1163710012622037,0.11934613463708765,1.3822643746843777,0.8293586248106267,0.552905749873751,0.06448295010718823,0.04294925661927028,0.056255916360784204,1.274659391042479,0.1409771923926093,0.007240963662773091,0.7098104829370399,0.3407457611459928,-0.0032062945550493244,0.04342193797044268,3.0793472996794513,2.340746635513053,2.227574721119693,0.11317191439335997,1.419620964266263,0.8517725785597582,0.5678483857065048,0.06231960845457849,0.04111657424153345,0.05431499995155654,1.2898328643351054,0.13434424022161,0.007393657938143728
2336,0.6911321890343555,0.33572869452810666,0.003782644489695078,0.04227931228172581,2.9457296310505945,2.2357171399219666,2.11637100531095,0.11934613461101673,1.3822643762327407,0.8293586257396445,0.5529057504930962,0.0644829500120669,0.042949256538687905,0.056255916278257545,1.2746593916971052,0.14097719257578362,0.007240963671746925,0.7098104838900307,0.3407457615388414,-0.003206294102864514,0.043421938052604095,3.079347304956741,2.3407466397816883,2.2275747254322926,0.11317191434939573,1.4196209658740797,0.8517725795244482,0.5678483863496315,0.06231960835641158,0.041116574158371,0.054314999866265916,1.2898328650318138,0.13434424039750315,0.007393657947374552
2337,0.6911321901292907,0.3357286949816127,0.0037826450134401807,0.04227931239101773,2.945729637047372,2.235717144774738,2.1163710102061453,0.11934613456859298,1.3822643780687107,0.8293586268412265,0.5529057512274842,0.06448294989154474,0.04294925643658715,0.05625591617355609,1.2746593925272407,0.14097719279341983,0.0072409636824005055,0.7098104850266004,0.3407457620029725,-0.0032062935682742252,0.043421938164525595,3.0793473113064254,2.340746644924745,2.227574730638388,0.11317191428635694,1.4196209677800613,0.8517725806680371,0.5678483871120242,0.06231960823283507,0.041116574053682735,0.05431499975878541,1.2898328659096472,0.1343442406065312,0.007393657958336252
2338,0.691132191444007,0.3357286955224779,0.0037826456415024426,0.042279312534701186,2.9457296442895062,2.2357171506433495,2.1163710161343574,0.119346134508992,1.3822643802585814,0.8293586281551489,0.5529057521034325,0.0644829497418123,0.042949256309740794,0.056255916043432184,1.2746593935591934,0.14097719305403542,0.007240963695154225,0.7098104863913287,0.3407457625570087,-0.0032062929295562093,0.04342193831308111,3.079347318968141,2.340746651138999,2.22757473693622,0.11317191420277872,1.4196209700532008,0.8517725820319207,0.56784838802128,0.0623196080799937,0.041116573924202635,0.05431499962582653,1.289832866996068,0.1343442408569098,0.007393657971463271
2339,0.691132193034511,0.33572869617469386,0.003782646402812208,0.042279312721109165,2.9457296530675032,2.23571715776665,2.116371023334695,0.11934613443195524,1.382264382888014,0.8293586297328084,0.5529057531552055,0.06448294955846959,0.04294925615442137,0.05625591588416748,1.274659394823349,0.14097719336881293,0.007240963710561302,0.7098104880425047,0.3407457632256372,-0.003206292157662577,0.04342193850716223,3.0793473282495887,2.3407466586775727,2.227574744579994,0.11317191409757893,1.4196209727826576,0.851772583669595,0.5678483891130627,0.062319607893428344,0.041116573766153144,0.054314999463618535,1.289832868322843,0.13434424115942453,0.007393657987327306
2340,0.6911321949746143,0.3357286969703018,0.0037826473358461773,0.04227931296111713,2.945729663757757,2.235717166454496,2.116371032116344,0.11934613433815247,1.3822643860690218,0.8293586316414131,0.5529057544276087,0.06448294933645657,0.042949255966342276,0.05625591569152976,1.274659396354652,0.14097719375254977,0.007240963729355255,0.7098104900569279,0.34074576404180734,-0.0032062912139668304,0.04342193875836878,3.0793473395495456,2.3407466678688977,2.2275747538985398,0.11317191397035807,1.4196209760850094,0.851772585651006,0.5678483904340034,0.06231960766800388,0.04111657357518403,0.05431499926786311,1.2898328699265544,0.13434424152834396,0.00739365800668614
2341,0.6911321973625398,0.33572869795248433,0.003782648492532195,0.042279313269069765,2.9457296768525643,2.2357171771128113,2.1163710428830274,0.11934613422978374,1.3822643899492284,0.829358633969537,0.5529057559796914,0.06448294907000984,0.042949255740621,0.05625591546076744,1.2746593981929033,0.1409771942250121,0.007240963752517876,0.7098104925367522,0.3407457650498889,-0.0032062900463632957,0.043421939081993946,3.0793473533896365,2.3407466791432348,2.2275747653213225,0.1131719138219123,1.4196209801138557,0.8517725880683138,0.5678483920455419,0.06231960739786471,0.0411165733463347,0.05431499903372841,1.2898328718489172,0.1343442419827196,0.007393658030553578
2342,0.691132200330155,0.3357286991799139,0.003782649943331391,0.04227931366408666,2.945729693002,2.2357171902784234,2.116371056166952,0.11934613411147135,1.3822643947250797,0.8293586368350477,0.5529057578900319,0.06448294875267414,0.04294925547178897,0.05625591518666544,1.2746594003826837,0.14097719481283477,0.007240963781374534,0.7098104956190335,0.3407457663101037,-0.0032062885842196326,0.04342193949841261,3.079347370458619,2.340746693069511,2.227574779414516,0.11317191365499486,1.4196209850735044,0.8517725910441031,0.5678483940294013,0.06231960707644581,0.04111657307404355,0.05431499875590509,1.2898328741366998,0.13434424254820673,0.007393658060297254
2343,0.6911322040561709,0.3357287007330155,0.003782651784751824,0.04227931417195334,2.945729713072857,2.235717206668319,2.116371072676671,0.11934613399164827,1.38226440066031,0.8293586403961859,0.5529057602641241,0.06448294837745581,0.042949255153921465,0.05625591486375327,1.2746594029722909,0.1409771955522419,0.007240963817730926,0.7098104994893477,0.34074576790489175,-0.0032062867309522874,0.04342194003509385,3.0793473916746614,2.340746710407331,2.2275747969318207,0.11317191347551044,1.419620991238067,0.8517725947428406,0.5678483964952264,0.06231960669663026,0.041116572752281505,0.05431499842881941,1.2898328768406033,0.13434424325966493,0.007393658097778646
2344,0.6911322087856454,0.3357287027233864,0.0037826541508252376,0.042279314827998626,2.9457297382329934,2.2357172272505825,2.1163710933655886,0.11934613388499389,1.3822644081123419,0.829358644867405,0.5529057632449369,0.06448294793744666,0.04294925478116619,0.05625591448698303,1.274659406009433,0.14097719649308874,0.0072409638640768175,0.7098105044018287,0.3407457699484304,-0.0032062843528109994,0.043421940729665265,3.079347418274342,2.340746732181758,2.2275748188871245,0.1131719132946337,1.4196209989786954,0.8517725993872176,0.5678483995914778,0.062319606251386425,0.04111657237509164,0.05431499804732576,1.289832880010721,0.1343442441650057,0.00739365814556072
2345,0.6911322148592804,0.33572870530811505,0.003782657229171364,0.042279315681814915,2.9457297700757206,2.2357172533493985,2.116371119532946,0.11934613381645215,1.382264417571291,0.8293586505427745,0.5529057670285166,0.06448294742783862,0.042949254349449975,0.05625591405375781,1.2746594095273154,0.14097719770496153,0.007240963923893933,0.7098105107090619,0.34074577260096867,-0.0032062812636445837,0.04342194163495422,3.0793474519437005,2.3407467597937464,2.2275748466615055,0.11317191313224076,1.4196210088036576,0.8517726052821949,0.5678484035214627,0.062319605735838335,0.041116571938343296,0.05431499760879189,1.2898328836817907,0.1343442453309544,0.007393658207219126
