Year,GDP ($Y_t$): Baseline,Labor ($L_t$): Baseline,Government Expenditures ($G_t$): Baseline,Lump sum transfers ($TR_t$): Baseline,Wealth ($B_t$): Baseline,Capital Stock ($K_t$): Baseline,Domestically-owned Capital Stock ($K^d_t$): Baseline,Foreign-owned Capital Stock ($K^f_t$): Baseline,Government Debt ($D_t$): Baseline,Domestically-owned Gov Debt ($D^d_t$): Baseline,Foreign-owned Gov Debt ($D^f_t$): Baseline,Real interest rate ($r_t$): Baseline,"Real interest rate on gov debt ($r_{gov,t}$): Baseline","Real interest rate on HH portfolio ($r_{p,t}$): Baseline",Wage rate: Baseline,Total tax revenue ($REV_t$): Baseline,Business tax revenue: Baseline,GDP ($Y_t$): Reform,Labor ($L_t$): Reform,Government Expenditures ($G_t$): Reform,Lump sum transfers ($TR_t$): Reform,Wealth ($B_t$): Reform,Capital Stock ($K_t$): Reform,Domestically-owned Capital Stock ($K^d_t$): Reform,Foreign-owned Capital Stock ($K^f_t$): Reform,Government Debt ($D_t$): Reform,Domestically-owned Gov Debt ($D^d_t$): Reform,Foreign-owned Gov Debt ($D^f_t$): Reform,Real interest rate ($r_t$): Reform,"Real interest rate on gov debt ($r_{gov,t}$): Reform","Real interest rate on HH portfolio ($r_{p,t}$): Reform",Wage rate: Reform,Total tax revenue ($REV_t$): Reform,Business tax revenue: Reform
2026,0.8923477662503299,0.4085695852824095,0.01002206230947094,0.054588445501241575,3.582469551348905,3.1781147508026577,3.0836891296001427,0.09442562120251496,0.8313007029146036,0.49878042174876214,0.3325202811658414,0.054071152074083445,0.034128865835037346,0.04993636488771933,1.3523512522464856,0.17456793505967425,0.009068120901217468,0.8990090617624816,0.4131459779413931,0.010096876099799694,0.05499594151204035,3.582469551348905,3.18262645704713,3.0836891296001427,0.09893732744698731,0.8313007029146036,0.49878042174876214,0.3325202811658414,0.054693585797712205,0.034656162720958,0.05054374195429227,1.347354666576168,0.16414873395934604,0.00915433267155702
2027,0.8911222378747445,0.40963076074056115,0.010008298256702868,0.05451348070805839,3.5282380115962413,3.1533382582534584,3.0549972757113086,0.09834098254214971,0.7887345598082213,0.47324073588493276,0.3154938239232885,0.05473856972428801,0.034694271010241584,0.05072807182964639,1.346995433091678,0.1743867911537396,0.009075341849441976,0.897812884274408,0.41392821040507305,0.01008344169028799,0.05492277240223366,3.5393695636908786,3.161779122264649,3.059668562329709,0.10211055993494048,0.7995016689352832,0.4797010013611699,0.3198006675741133,0.05523860234668371,0.035117875379090405,0.05117764265698406,1.3430191429629192,0.16397848438185683,0.009158165330617474
2028,0.8900082295058865,0.4103549823895691,0.00999578669819594,0.05444531910727182,3.4810611605989363,3.1339829784573614,3.032698092695924,0.10128488576143711,0.7472717798383536,0.44836306790301217,0.2989087119353414,0.0552489470431054,0.035126638924512,0.051374715051185085,1.3429372273978761,0.17418203599216142,0.009078853412579725,0.8968143948930735,0.41442037531557874,0.010072227539064046,0.05486168134206902,3.503420831772052,3.146468478481372,3.042117615619594,0.10435086286177762,0.7688386935874297,0.46130321615245784,0.3075354774349719,0.055629470454448895,0.03544900065107713,0.05166667128128041,1.339932330981618,0.16380355535637459,0.0091593487539658
2029,0.8893114971947728,0.4108311849737545,0.00998796161598125,0.05440269379540316,3.442464887853817,3.121652264231098,3.018475664051339,0.10317660017975927,0.7066487063374637,0.4239892238024782,0.28265948253498546,0.05557891898016652,0.03540617579446044,0.0518553109810302,1.3403305184837482,0.17398976180321057,0.009081266875583915,0.8960239817903902,0.41467258543306074,0.010063350316903677,0.054813325995108755,3.473737970516979,3.1360876342348494,3.0303070718158627,0.10578056241898648,0.7390514978351941,0.4434308987011164,0.2956205991340777,0.055883374213803974,0.0356640961006793,0.0520272189029629,1.3379371218491447,0.16362075855601851,0.009158609144046127
2030,0.888838374177947,0.41112249265402945,0.009982647915948585,0.054373749954654015,3.4093015216052582,3.1137024440987466,3.0093234304562473,0.10437901364249941,0.6666301519150183,0.399978091149011,0.2666520607660073,0.05579021978004085,0.03558517999930448,0.05222721645697346,1.3386682482816896,0.17380378770579566,0.00908249757066477,0.8953863731756463,0.4147609892502174,0.0100561892598498,0.05477432015545866,3.4484567847460443,3.1291460940118485,3.0224974112941907,0.10664868271765787,0.7099322890864228,0.42595937345185364,0.28397291563456917,0.056041295439190474,0.035797879614017244,0.052297817620761446,1.3367000838771694,0.16343868874217435,0.009156631771094081
2031,0.8887279787645749,0.41132619447479585,0.00998140805212717,0.054366996504730626,3.381563781670547,3.110180978441097,3.0051875546861924,0.10499342375490478,0.627293711640591,0.37637622698435463,0.25091748465623637,0.055895871781585206,0.03567468345853357,0.05250195660308048,1.3378391284546927,0.17365706157775268,0.00908439107111752,0.8950461936982923,0.4147804010855854,0.010052368664284494,0.05475350993989322,3.427697626294841,3.1257873342094973,3.0187441921217175,0.10704314208777968,0.6815890569552062,0.4089534341731237,0.27263562278208253,0.05611423852825831,0.03585967360469414,0.05248829304795733,1.3361297148817957,0.1632877215038424,0.009155244517187806
2032,0.8891553690047435,0.41154069483922495,0.009986208121987184,0.0543931421253667,3.359634769245817,3.1114714349575165,3.006386430322479,0.10508500463503748,0.588747231538897,0.3532483389233382,0.23549889261555876,0.05590279042608029,0.03568054461219308,0.05268518667411033,1.337784881230549,0.17358494081357012,0.009088957577946487,0.8951860234331861,0.4148275182112112,0.01005393910841942,0.05476206427449878,3.411976503542899,3.126492334919792,3.0194759138728484,0.10701642104694378,0.6541676494500848,0.39250058967005086,0.2616670597800339,0.05610694928798944,0.03585349849954062,0.05260248166259822,1.3361866838079464,0.16320205490167333,0.009156465949686901
2033,0.8901282075836787,0.41180760554848334,0.009997134186044155,0.05445265533125043,3.3428724204219655,3.117131145303386,3.0123826218416396,0.10474852346174601,0.5508163309672096,0.3304897985803258,0.22032653238688385,0.05582685873820313,0.03561621881967833,0.05279181124794993,1.338380568464725,0.17359510124982458,0.009096727953896698,0.89583835341766,0.4149419254885594,0.01006126550290148,0.054801970544214325,3.4009534285833456,3.1310744053925488,3.0244417808949384,0.10663262449761016,0.6275194128140116,0.37651164768840695,0.25100776512560463,0.05602958508777291,0.035787959149233425,0.05265011377148694,1.3367917124007698,0.16319011137235526,0.009160917736976592
2034,0.8915738201180871,0.41213602961184004,0.010013370029784844,0.05454109020176282,3.3302077816157962,3.1263871814936883,3.0223073488825287,0.10407983261115977,0.5131673878887788,0.3079004327332673,0.2052669551555115,0.05568619472277539,0.03549705481155917,0.05283956886167425,1.3394859255538105,0.17368100225881283,0.009107459213065957,0.8969055325712701,0.4151256000356681,0.010073251117005487,0.05486725486879504,3.393415469300111,3.1386192523268504,3.032623745996012,0.10599550633083826,0.6013195388401646,0.3607917233040988,0.24052781553606584,0.055901877622354025,0.0356797713273532,0.052650489443468396,1.3377920273781299,0.16323862894451246,0.009168153595889302
2035,0.8933554337385586,0.4124885069710254,0.010033379541088712,0.05465007965013979,3.3206288163974165,3.138453748001056,3.035328539267712,0.10312520873334403,0.4755004618828408,0.2853002771297045,0.1902001847531363,0.05549202015686418,0.03533255915516533,0.05283955920281622,1.3410157214145517,0.17381646128991746,0.009120049350893285,0.8982594007490754,0.41534416197453705,0.010088456569128474,0.05495007740415242,3.388393103993388,3.1483798886977463,3.043229483509628,0.10515040518811816,0.5752727008062662,0.3451636204837597,0.23010908032250652,0.05573445636933495,0.03553793983268543,0.05261425446481098,1.3391063971987596,0.1633304681337472,0.009177151204661074
2036,0.8954052712619015,0.4128509437716959,0.010056401506470615,0.054775477460741566,3.313598763410242,3.1528936753251657,3.050975887597354,0.10191778772781153,0.4377047930214802,0.2626228758128881,0.17508191720859206,0.055252033816388636,0.03512925389519563,0.05279899600543009,1.3429127968353594,0.17399158934524905,0.00913399832143617,0.8998301009494502,0.41557937556738994,0.010106097287100798,0.055046164518078956,3.3853835377467947,3.159946860706933,3.0558240203034406,0.10412284040349246,0.5492658624055904,0.3295595174433542,0.21970634496223618,0.0555334726277651,0.03536767575953622,0.05254727962700488,1.3406887425983904,0.1634525465139779,0.009187355526977477
2037,0.8976946789224944,0.41322887213020015,0.01008211411213181,0.05491553072132989,3.3087518866459376,3.1693879660821893,3.068888892421683,0.10049907366050614,0.39977165704042444,0.23986299422425467,0.15990866281616978,0.05497454886747494,0.034894181559141896,0.05272539331538567,1.345115104342974,0.17420373879435555,0.00914922405714197,0.9015842003521037,0.4158330301687216,0.01012579778300081,0.05515347087526484,3.3840195968547566,3.1729985575470483,3.070048050966692,0.10295050658035612,0.5232859098134407,0.3139715458880644,0.20931436392537628,0.05530634276252605,0.035175261907115264,0.05245635918047874,1.3424828588652604,0.16360118561172476,0.00919862204291623
2038,0.9002524695214581,0.4136461398396117,0.010110840958017365,0.055072002002958226,3.306071032520072,3.187920882584328,3.0890239444107155,0.0988969381736125,0.3617451468489277,0.21704708810935663,0.1446980587395711,0.05466451468831085,0.03463153502988717,0.052622952710917194,1.3475869957324926,0.17446070926855095,0.00916613343881851,0.9035465827291781,0.4161253654056518,0.0101478375293888,0.05527351876937303,3.3842934696057316,3.18752202750379,3.085865014101323,0.1016570134024672,0.49738075917401475,0.29842845550440883,0.19895230366960592,0.055056995032678066,0.034964026113698254,0.05234487657984094,1.3444597529617819,0.16378292448217016,0.009211301532537958
2039,0.9032747381726662,0.4141985497756451,0.010144784411325537,0.05525688724819665,3.3061434454058265,3.2091301094228295,3.11198463897604,0.09714547044678915,0.32359801071631084,0.19415880642978653,0.1294392042865243,0.054324986792043214,0.03434390279598222,0.0524947114243728,1.3503077686786447,0.17480013598755956,0.0091867777236426,0.9059111786807862,0.4165482987791537,0.010174394583555383,0.05541817081000996,3.3868361763819532,3.204177074705324,3.1039073384440865,0.10026973626123781,0.47154806322977816,0.2829288379378669,0.18861922529191127,0.05478692244026219,0.034735233181138025,0.052214540345612404,1.346609605407354,0.16403180898588463,0.009227394505350468
2040,0.9069357193760551,0.4149666088384946,0.010185901320138274,0.0554808450383029,3.3094357532598115,3.2336423366965485,3.1383791107264774,0.09526322597007136,0.2850944042222233,0.17105664253333402,0.1140377616888893,0.053957214745908165,0.03403234343264133,0.05234285943643558,1.353271205801565,0.17525607904396598,0.009212921570390225,0.9088418826347894,0.4171762910815366,0.010207309663021602,0.05559745367562995,3.392108518352469,3.2235631748990525,3.1247595433770026,0.09880363152204982,0.44558162495911036,0.26734897497546617,0.17823264998364416,0.05449639813551326,0.03448911450960257,0.0520667012801839,1.3489323658591892,0.16437703349310026,0.009248551278010128
2041,0.911334091655602,0.4159856446327799,0.21171356418463544,0.055749911480754887,3.3163200399529598,3.2619511234668934,3.168717060557098,0.09323406290979526,0.24600496565976993,0.14760297939586198,0.09840198626390793,0.05355853776242826,0.033694602844532434,0.05216552031891618,1.35650303469565,0.17584572177753366,0.009245430776095444,0.9124233021497883,0.41803749685666775,0.18096798880773435,0.05581654326195011,3.4004502015826876,3.2461245027034784,3.148884315604075,0.09724018709940348,0.41927647663102086,0.2515658859786125,0.16771059065240837,0.05418196883330414,0.03422274463662962,0.051898872965984555,1.3514581392578497,0.16483231340839544,0.009275493953759026
2042,0.9025830822956797,0.41552284896153063,0.19140907276626473,0.05521458028183688,3.3271494382653946,3.1861015140498887,3.0849466658104463,0.1011548482394426,0.4036712874249133,0.24220277245494803,0.16146851496996528,0.054992334848671054,0.03490924901474676,0.052733980281333095,1.3449736577057982,0.1750915915166307,0.009199571885475587,0.9048000243271898,0.4176359873548619,0.1626603388703554,0.05535019996576235,3.412145011533833,3.1803532105218237,3.0762449178951075,0.1041082926267162,0.5598334893978765,0.33590009363872586,0.22393339575915064,0.05543634855327037,0.03528539676325944,0.05242013491307119,1.3414551605583254,0.16426714718840604,0.009235252127179707
2043,0.894931578604081,0.41527505590270103,0.1731274826853469,0.054746510330894435,3.33660514503751,3.118686636225362,3.010312679952575,0.1083739562727869,0.5438207751415579,0.3262924650849348,0.21752831005662313,0.056340108488415655,0.03605102012415912,0.0533275166901172,1.3343676054083442,0.1745037156575784,0.00916053058174324,0.8982021520347941,0.41743612307169364,0.14624799589194837,0.05494658496791424,3.42278329589898,3.12224323300996,3.011897208704864,0.11034602430509605,0.6848101453235267,0.41088608719411596,0.27392405812941073,0.05660474706382955,0.036275209610385384,0.05294787841136735,1.3323107668284573,0.16383795275475696,0.009201565989947967
2044,0.8881958861747562,0.4151779929229533,0.15678069032477016,0.05433446423419708,3.3446966835471694,3.058587041238932,2.943641675538238,0.11494536570069369,0.6684250133482184,0.401055008008931,0.26737000533928734,0.057601995221528327,0.037120031842990335,0.05392863277648681,1.324634121289833,0.17404240076425118,0.009126888568529778,0.8924471811074092,0.41737720949705226,0.1316552722420453,0.05459453366569273,3.4322612031769006,3.0706891841450066,2.954679466458021,0.11600971768698554,0.795969561198133,0.4775817367188797,0.3183878244792533,0.05769013052452651,0.03719469597034462,0.05347104623172637,1.3239612344944125,0.16351093527457367,0.0091730198719791
2045,0.8821263889653037,0.4151409339077491,0.14204918885652568,0.05396317193271544,3.3510549214960954,3.004442715213618,2.883521907947087,0.1209208072665311,0.7792216892483478,0.46753301354900867,0.3116886756993391,0.05878191808773628,0.038119607587940016,0.05452664441466408,1.315699667574876,0.17365730578477045,0.009096563222718939,0.8872852941779589,0.41737043538079965,0.11854347089838897,0.054278763662589394,3.4401150385678356,3.0243490183765016,2.903197813787955,0.12115120458854688,0.8948620412998015,0.5369172247798808,0.35794481651992066,0.05869866650588061,0.038049080721875406,0.05398380321358455,1.3163248592543677,0.16324141522813576,0.009147511093443778
2046,0.8766051960448199,0.41511672799138855,0.12853873082608008,0.05362542154178487,3.35590647213031,2.9555935682250984,2.8292715932603656,0.12632197496473266,0.8777247981165738,0.5266348788699442,0.3510899192466295,0.05987791763807454,0.03904808740502731,0.05510845641935917,1.3075410059306782,0.17332246148061298,0.009068588072946323,0.8826006826493372,0.41737019615540716,0.10650171672072073,0.053992190458392354,3.4465112387244856,2.9826011011324676,2.8568115011212374,0.12578960001123027,0.9828328960054133,0.589699737603248,0.3931331584021654,0.05962987399611197,0.038837956374181554,0.05447659405196564,1.3093758039445698,0.16300709335884456,0.009124064425254336
2047,0.8716725622173701,0.4151214721640833,0.11627856776380076,0.05332367554802754,3.360067110689873,2.9120665979689018,2.780903096181545,0.1311635017873571,0.9652733575138804,0.5791640145083282,0.3861093430055522,0.060883848850546256,0.03990026551757296,0.05565993327478509,1.3001686571573166,0.17304527417692298,0.00904348436204255,0.8784383278200997,0.41739413353555127,0.0955849031899243,0.053737565448488345,3.452238384318875,2.9455312338555433,2.8155965385580313,0.12993469529751184,1.0610697429347393,0.6366418457608436,0.4244278971738958,0.060478527333118134,0.039556895989504216,0.054937841258237946,1.3031260445627135,0.16281669209889463,0.009103208686174613
2048,0.86725838896308,0.4151363899400734,0.10522001649178399,0.05305364572499447,3.3636983539622562,2.8733335484164666,2.7378500334386766,0.13548351497779018,1.0430805342059664,0.6258483205235797,0.4172322136823866,0.06180144691861636,0.040677611900733844,0.05617541724145388,1.2935380910138314,0.17281384509352615,0.009020808283762762,0.874730994217239,0.41742429018034605,0.08575296355279327,0.05351077589022671,3.4574269486621514,2.91265709886492,2.77903668813898,0.13362041072593997,1.1306504342052852,0.6783902605231711,0.4522601736821142,0.06124717009136735,0.040208054365768554,0.055363894835425684,1.297532635537828,0.16266043128380542,0.009084494713159356
2049,0.8633489991269712,0.41516002843012506,0.09531595412470287,0.052814495414743846,3.3672136447941354,2.839183057368889,2.699879149647344,0.13930390772154486,1.1122241585779857,0.6673344951467913,0.4448896634311944,0.06262899257323418,0.041378670069775775,0.05664754854628068,1.2876338225046058,0.17262182611930063,0.009000577628726785,0.871468771254465,0.417459977909469,0.07696616836749834,0.05331121524636608,3.4624733853144445,2.8838182512136643,2.746954431537522,0.13686381967614264,1.1925315896282043,0.7155189537769224,0.4770126358512818,0.06193462338692768,0.04079043280736639,0.05574891314864744,1.292583114031223,0.162533544434015,0.00906794242434827
2050,0.8599287461264236,0.41520074740790397,0.08645814193386966,0.05260526737217888,3.3708274143841557,2.8092940060804037,2.666624488856807,0.14266951722359641,1.1736715425455815,0.7042029255273488,0.46946861701823267,0.06336995505203548,0.04200637900138407,0.057074691265293506,1.2824069442929147,0.17246978114247608,0.008982889207424042,0.8686397258821448,0.41751015433055544,0.06912258091075364,0.053138153888743496,3.467579043291313,2.858740889124482,2.719035732341547,0.1397051567829354,1.247572184916277,0.7485433109497661,0.4990288739665109,0.06254467228951144,0.04130723784922105,0.05609235513929704,1.2882321769040197,0.16243756838437962,0.009053653506982732
2051,0.8569304553639598,0.4152535762213193,0.0785180753763318,0.052421852067361,3.3744024623721063,2.7830695900738442,2.6374283798623215,0.14564121021152274,1.2282901375163082,0.7369740825097848,0.49131605500652337,0.06403352247486276,0.04256852244312326,0.05746087729956483,1.2777730329784873,0.17235317200365782,0.008967405038255327,0.866179848965972,0.4175702008097015,0.062100296972744475,0.05298767569069575,3.4725921783706957,2.83686771602005,2.694666431410049,0.14220128461000128,1.2965429116010783,0.777925746960647,0.5186171646404313,0.06308657656251798,0.041766313931984655,0.05639896721690593,1.2843993512108418,0.16236908545090675,0.009041294932439874
2052,0.8542885771381757,0.41530923221722243,0.07137391211755367,0.052260239643693654,3.3778357674277357,2.7599936121797777,2.611727438525254,0.14826617365452388,1.2768472148374694,0.7661083289024816,0.5107388859349878,0.0646273808918888,0.04307161165903208,0.057809321807995515,1.2736630090063452,0.1722634587478159,0.008953731532726253,0.864026899747704,0.4176311356431042,0.055784344683568264,0.052855973189321455,3.4773995277512593,2.8177202975321496,2.6733247736107604,0.1443955239213893,1.340124590234165,0.804074754140499,0.536049836093666,0.06356790730982757,0.04217407494254581,0.05667241206595802,1.281019957619038,0.1623208200549891,0.00903048169786996
2053,0.8519461637293338,0.41535777067659885,0.06494512595322793,0.052116946492187066,3.3810764437209,2.73964465649168,2.5890643184520856,0.15058033803959409,1.3200202087813575,0.7920121252688145,0.528008083512543,0.06515765263969187,0.043520833207758805,0.0581223345909857,1.270022261306372,0.1721921302641722,0.00894150068698411,0.8621273512599901,0.41768331401875125,0.050101176333920125,0.05273977201246797,3.481943686487441,2.800913303939126,2.6545931797912674,0.14632012414785853,1.3789175111602892,0.8273505066961735,0.5515670044641157,0.06399454836723674,0.042535505392789094,0.05691525517440229,1.2780439822567722,0.16228543269660517,0.00902085752120369
2054,0.8499152838093632,0.41539419517871334,0.059202513632619316,0.05199271099899733,3.384619395554778,2.7221401283825015,2.569574943165325,0.15256518521717655,1.3584074206490884,0.815044452389453,0.5433629682596354,0.06561800077072791,0.04391081872223179,0.05839171782874376,1.2668836660618839,0.17213457806061047,0.008930763408117888,0.8604973094395202,0.41772207222493907,0.04502897592938973,0.05264005751362821,3.4867264888774607,2.78660782812325,2.638655750699706,0.1479520774235441,1.4134512302962583,0.8480707381777549,0.5653804921185034,0.06436000181106649,0.04284510054415229,0.05711956541902406,1.2755092009707396,0.16225914459738716,0.009012486085907037
2055,0.8481603274321546,0.4154123990376718,0.05405589348235488,0.0518853547342577,3.3884979376353086,2.7072119128695937,2.5529680964276773,0.15424381644191634,1.3925497353460523,0.8355298412076313,0.557019894138421,0.06601218124393109,0.044244750076077796,0.05861852605201302,1.2642123238654714,0.17209134125724213,0.008921294013458477,0.8591043402906513,0.4177414790431131,0.04048341557430539,0.052554845425584334,3.4917805423560444,2.7745682657771025,2.6252572008633224,0.14931106491378007,1.4442055691545366,0.8665233414927219,0.5776822276618147,0.06466769503621596,0.04310576392610131,0.057286437276261995,1.273385252217907,0.16224285550056605,0.009005153549431991
2056,0.8466120625870344,0.4154025491610199,0.049386386437600266,0.05179064234260808,3.39245280961626,2.694357957347891,2.5386967132375333,0.15566124411035742,1.422926827297878,0.8537560963787266,0.5691707309191513,0.06635002648372477,0.04453095684171986,0.058809393672538596,1.2619344992229498,0.17205726995220857,0.008912635219423346,0.8578819586400486,0.41773182851183605,0.03635116881093979,0.05248006864630132,3.4968413484895216,2.7643173091572804,2.6138778203111936,0.15043948884608654,1.4716058802972132,0.8829635281783279,0.5886423521188853,0.06492696067861914,0.04332540171350846,0.05742234470631925,1.271602783018225,0.16223211230193949,0.008998416119953313
2057,0.845252716216469,0.41535360759143597,0.045130453510054305,0.05170748692631377,3.396689382649966,2.6835265692028347,2.526715448398668,0.15681112080416693,1.449956557085497,0.8699739342512981,0.579982622834199,0.06662973928869477,0.04476791651375199,0.058960980218739176,1.26005675076238,0.17202489265034387,0.008904595227052588,0.8568153692417645,0.4176822008080541,0.032574551103033325,0.052414822173079634,3.502119063675866,2.7558337926020124,2.6045060532785653,0.15132773932344698,1.4960216839955014,0.8976130103973008,0.5984086735982006,0.06513565888269693,0.04350220112030456,0.057523895647412976,1.270172719200102,0.16222023716057404,0.008992093057055573
2058,0.8440602461822507,0.4152615531193257,0.04127350468088316,0.0516345398004468,3.401260464806578,2.6745601505748593,2.5168535980344333,0.15770655254042595,1.474011444620241,0.8844068667721445,0.5896045778480965,0.06685378127592827,0.044957714459619956,0.05907398401973441,1.258558009168366,0.17199329441189565,0.008897026281168018,0.8558851157756031,0.4175886274095805,0.02914412641900202,0.05235791576616584,3.5076683946062546,2.748985050740207,2.596998840939672,0.1519862098005353,1.5177825894443042,0.9106695536665825,0.6071130357777217,0.06529583742216408,0.0436378969250883,0.057591635350056194,1.269077987351444,0.16220660747500193,0.008986047727391297
2059,0.8430261146272789,0.4151362490306264,0.03781516091908427,0.05157127872179335,3.406146774084379,2.6672724074067586,2.5088933644475784,0.15837904295918043,1.4954223493946672,0.8972534096368003,0.5981689397578669,0.0670280515505969,0.045105348126712394,0.059152457629889715,1.2573954499590303,0.17196430886184122,0.008889991878077892,0.8550853015825639,0.41746107843104957,0.026064329307886255,0.05230898872361894,3.5134715547111024,2.743606816062113,2.5911627425181054,0.15244407354400769,1.5371813536549945,0.9223088121929968,0.6148725414619978,0.06541290941150535,0.04373707486655377,0.05762936993945728,1.2682794304607377,0.16219320179049973,0.008980358303082484
2060,0.8421381061025315,0.4149882788023404,0.034738718500492954,0.05151695650130575,3.411269678690745,2.661443129341983,2.502578476262351,0.15886465307963224,1.5144853373806564,0.9086912024283937,0.6057941349522626,0.06715973952620423,0.045216908051592605,0.05920172737270001,1.2565188261478055,0.17193904141422947,0.008883538209001073,0.8544063400843793,0.41731029050103974,0.02332312532870842,0.05226745461710071,3.5194513855824323,2.7394985878006306,2.5867632184188274,0.15273536938180313,1.554480278606008,0.9326881671636048,0.6217921114424031,0.06549352918256374,0.04380537218498133,0.05764211481836075,1.2677302834873552,0.16218133289509995,0.008975087716880277
2061,0.8413827985952829,0.41482166740396537,0.03200121669668762,0.05147075205527766,3.416606909153572,2.6569136731391403,2.4977282542357138,0.15918541890342663,1.531464424863097,0.9188786549178581,0.612585769945239,0.06725343630589349,0.04529628360319818,0.059224889077621294,1.2558960793788763,0.17191642702989102,0.008877635717339022,0.8538373431749022,0.4171404340957672,0.020881979628006885,0.052232647440556265,3.5255892352682823,2.7365212473152773,2.5836411240109123,0.15288012330436512,1.569913518762283,0.9419481112573699,0.6279654075049131,0.06554178384702403,0.043846251291197985,0.057632664866237394,1.2674018921163595,0.16217025716845104,0.008970222040977813
2062,0.8407455043578314,0.41463507355123713,0.029557000867731137,0.05143176692535696,3.422177342334522,2.6535728433111707,2.4942206170770156,0.15935222623415501,1.5465945420958438,0.9279567252575063,0.6186378168383375,0.06731165235896408,0.045345601534295725,0.05922326812463654,1.2555095598430124,0.17189487977470277,0.008872191903876598,0.8533659419632685,0.4169502805977358,0.018699290996518875,0.052203810560747674,3.5319087367902964,2.7345822299198095,2.5816949554776754,0.15288727444213396,1.583689635521035,0.950213781312621,0.633475854208414,0.06555972577999412,0.04386145086188864,0.057602068325683084,1.267279847291265,0.16215869164031674,0.008965682342888897
2063,0.8402074307434678,0.41442557222443477,0.027367132583207936,0.05139885147285402,3.427967873312145,2.651293371927008,2.4919173600574496,0.15937601186955863,1.5600841887578256,0.9360505132546953,0.6240336755031303,0.06733715842377934,0.04536720908549133,0.059198499827081086,1.2553403132263385,0.17187254339861205,0.00886707395535904,0.8529753988975366,0.4167370019187752,0.01673989481009222,0.052179920071958194,3.5384005232792193,2.733570292319365,2.5808042070622683,0.15276608525709678,1.5959938603615853,0.9575963162169511,0.6383975441446342,0.065549684560894,0.043852944408331665,0.05755168332982123,1.2673481457456655,0.16214506824131825,0.008961348302308828
2064,0.8397536444249754,0.414194072036134,0.025389321765570093,0.05137109217416457,3.433938960652489,2.6499412662274957,2.490668607034047,0.15927265919344893,1.5721172560307368,0.943270353618442,0.6288469024122948,0.06733365400365679,0.045364240303840474,0.05915316856466758,1.2553635632237305,0.17184869010758597,0.008862208008201575,0.8526527062157622,0.4165016208983292,0.014964869086890348,0.05216018023048548,3.5450280100437572,2.7333653018302484,2.580834277580797,0.15253102424945153,1.6069895541049342,0.9641937324629604,0.6427958216419738,0.06551492620187097,0.04382349874403553,0.05748381030823282,1.2675846405031455,0.16212887744531995,0.008957158874067186
2065,0.8393680091616432,0.4139451454477909,0.023575315717866606,0.05134750191599308,3.43998173195976,2.649335290572063,2.4902679763721647,0.15906731419989856,1.5828562593126583,0.949713755587595,0.6331425037250633,0.06730682013836199,0.04534150790186735,0.059091708478376075,1.2555416304862121,0.1718235201582937,0.008857549382575252,0.8523834912601085,0.4162488290292145,0.013328897491303518,0.052143711814751796,3.5516835071610395,2.7337969741806436,2.5815908231984834,0.15220615098215995,1.6168211399375936,0.970092683962556,0.6467284559750376,0.065460676809395,0.04377754118320659,0.057402569462390536,1.2679539834028233,0.16211047239322654,0.008953082798291745
2066,0.8390508524539618,0.41368647117451224,0.021889883688838513,0.05132810075742245,3.4460884284966777,2.64939879250566,2.490621887368445,0.1587769051372152,1.5924442352137211,0.9554665411282327,0.6369776940854884,0.06726007345357088,0.0453019062858531,0.05901668703064017,1.2558519961339671,0.17179803375057826,0.008853176416177697,0.8521697612905746,0.4159864093800763,0.011799330107393827,0.05213063763962465,3.5583622928878906,2.734800095436588,2.5829928583703774,0.15180723706621033,1.625615724195856,0.9753694345175135,0.6502462896783425,0.06538998154503631,0.043717651445021516,0.05731027585100331,1.2684357181411088,0.16209094539511526,0.008949210223490206
2067,0.8388056876914041,0.4134212663783395,0.02030064831712837,0.0513131036373904,3.4523289169307323,2.650128272554536,2.4917229276208475,0.15840534493368838,1.6010099821831414,0.9606059893098848,0.6404039928732566,0.06719409111358604,0.045246009117883276,0.058928282976218646,1.256290416351976,0.17177311386615415,0.008849140246844921,0.852016448222203,0.4157176189905595,0.01034596780759868,0.05212125942145926,3.5651384701433426,2.7363825787637177,2.5850456077227113,0.1513369710410063,1.6334881040343854,0.9800928624206311,0.6533952416137543,0.06530323398236329,0.0436441629466927,0.057206923223583735,1.269027494370663,0.16207122155937925,0.008945600571769356
2068,0.8386162898615658,0.4131454966620692,0.018816115679669954,0.05130151800645981,3.4586760313135696,2.651432328501001,2.4934739584117045,0.15795837008929628,1.6086701215031083,0.965202072901865,0.6434680486012433,0.06711069541263848,0.045175360160830534,0.05882762852335171,1.256845115247569,0.1717479011480099,0.00884530839745909,0.8519083708465178,0.41543840422163725,0.008979687109415893,0.05211464845735511,3.5719865219966787,2.7384611385187654,2.587660972031446,0.15080016648731948,1.6405425832753875,0.9843255499652324,0.6562170333101551,0.06520195556874131,0.043558364587628046,0.057093437909266964,1.269719315596035,0.1620505421348118,0.008942127733002679
2069,0.8384614592744588,0.4128560893204726,0.01745450529542729,0.0512920469803755,3.4650356475134383,2.6531682937115337,2.4957198271183723,0.1574484665931615,1.6155263673251106,0.9693158203950663,0.6462105469300443,0.06701327207421295,0.04509282764207771,0.058717281329243656,1.257493932911689,0.17172013563404775,0.00884153017372095,0.8518253207243562,0.41514570165647346,0.007721150922557485,0.0521095685153175,3.5788127905475062,2.7408994103882622,2.590690791077215,0.15020861931104762,1.6468699991171523,0.9881219994702912,0.658747999646861,0.06508920466055125,0.04346284726503387,0.05697214279656897,1.2704906702902288,0.16202686705545336,0.00893864841417924
2070,0.838322742128669,0.4125513460393205,0.0161733748676081,0.051283561710641884,3.4713126709214635,2.655201765218151,2.4983130574529686,0.15688870776518243,1.6216660224474915,0.9729996134684947,0.6486664089789967,0.06690521257074794,0.04500128465925371,0.05859987016952878,1.2582146148298123,0.17168709858889802,0.0088376842464507,0.8517498810951648,0.414837871264694,0.006529741313125462,0.05210495417881089,3.585523082193135,2.743569038913982,2.59399424418295,0.14957479473103175,1.6525480633503085,0.991528838010185,0.6610192253401235,0.06496805843497824,0.043360217820226046,0.056845437705266885,1.2713208320876317,0.16199775865007282,0.008935049555538973
2071,0.8381952064152095,0.4122288501281044,0.014961189928203382,0.051275760510153534,3.4775384307219586,2.657518120606233,2.5012400495448732,0.15627807106135974,1.6271639686284762,0.9762983811770855,0.6508655874513908,0.06678653338073196,0.044900745172167154,0.05847512048126979,1.2590073736912424,0.1716470112515727,0.008833717659339952,0.851678053290365,0.4145125358541113,0.005395654397567409,0.052100560874548646,3.5921518791920235,2.746462827617389,2.597565939251437,0.14889688836595202,1.6576432332343107,0.9945859399405863,0.6630572932937244,0.06483833570350539,0.043250322758724605,0.05671291366043414,1.2722113459664588,0.16196162695862043,0.008931283731714819
2072,0.8380896288842481,0.4118936559419887,0.013827043976676515,0.05126930259081093,3.483789422468554,2.6601553289093625,2.504537454639352,0.15561787427001034,1.6320866130486706,0.9792519678292021,0.6528346452194685,0.06665713649288972,0.04479112615022655,0.05834278248220599,1.2598732214712531,0.17160185675073628,0.008829740324433065,0.8516215211337468,0.41417477947676834,0.004329398915796173,0.052097103296323534,3.598779398221639,2.7496261173262795,2.601450685880268,0.14817543144601172,1.6622145205689527,0.9973287123413714,0.6648858082275813,0.06469978022859796,0.04313294500801404,0.056574213909005334,1.2731643056925868,0.16192038894181868,0.008927466080785467
2073,0.8380204172815386,0.4115555182243258,0.012739609373469588,0.051265069279799666,3.490113168511519,2.663132339325954,2.5082156419991275,0.1549166973268264,1.636495877520653,0.9818975265123916,0.6545983510082615,0.06651826502333978,0.04467348070355954,0.05820384940331365,1.2608042092488687,0.1715556579470777,0.008825929850525552,0.8515955076235115,0.4138343634544143,0.0033003830801762585,0.05209551262895176,3.605455913637323,2.753083836720167,2.6056654899940392,0.14741834672612794,1.666317372738807,0.999790423643284,0.666526949095523,0.06455346517933616,0.04300899370699955,0.05643020987973284,1.2741726718634117,0.16187785716334538,0.00892377953131747
2074,0.8379940218929944,0.41122410372355805,0.011692977870670945,0.05126345511064458,3.4964823247341785,2.6664024222243907,2.5122121007992417,0.15419032142514882,1.6404503732248954,0.9842702239349369,0.6561801492899585,0.06637291469825887,0.04455034667197801,0.05806085055046168,1.261780568335353,0.17151262697045652,0.008822418972226515,0.8516070532739374,0.41350091647643417,0.002303516888173561,0.05209621949557855,3.6121545041221967,2.7567926576908985,2.6101516619284197,0.14664099576247888,1.670004736989629,1.002002842193777,0.6680018947958518,0.06440218735650496,0.04288083817515802,0.0562832812265482,1.2752174482536651,0.1618379946757643,0.008920361563369592
2075,0.8380044964170016,0.4109093997279512,0.010746332677086141,0.05126409628122591,3.502746903668188,2.669811253338475,2.5163444194995854,0.15346683383888948,1.6440041402810048,0.9864024841686025,0.6576016561124023,0.06622700159334031,0.04442673587950678,0.05791887501405423,1.2627627073047138,0.17147569042575012,0.008819275602471742,0.8516507092323321,0.41318439214036495,0.0013994898148085091,0.052098890548876654,3.6187229195516855,2.760598875294762,2.6147275151844136,0.1458713601103483,1.6733256739454534,1.0039954043672719,0.6693302695781816,0.06425159056348276,0.042753259580079195,0.05613830254970059,1.2762597586348907,0.1618035791171481,0.00891728625574759
2076,0.8380435956049579,0.4106154112811942,0.009957116728898333,0.05126648847846538,3.50880725790835,2.6732474771391552,2.5204844825865673,0.1527629945525878,1.6472046255363049,0.9883227753217826,0.6588818502145223,0.06608421312941128,0.044305772137477786,0.05778102042534003,1.2637257602344931,0.171443912989026,0.00881649498234101,0.8517187702437536,0.41288878143375884,0.0006474338283651154,0.05210305449091622,3.6250613028559253,2.7643932977574135,2.6192673538175013,0.1451259439399123,1.6763232483973742,1.0057939490384242,0.67052929935895,0.06410513317349238,0.04262918769462323,0.05599819269498098,1.2772755679462866,0.16177380418828846,0.008914554105124976
2077,0.8381088053001068,0.4103437543466827,0.009331242490536573,0.051270477930851294,3.5146433252005687,2.676672462038864,2.5245875959383692,0.15208486610049476,1.650092882103666,0.9900557292621992,0.6600371528414668,0.06594585619372247,0.04418856257995428,0.05764830582904385,1.2646607662961298,0.17141619278055545,0.008814080168754544,0.8518092967755191,0.41261570023359223,5.4325402071807305e-05,0.05210859271219288,3.6311515735739164,2.7681411483798866,2.623730767010084,0.1444103813698024,1.6790346776063876,1.0074208065638324,0.6716138710425553,0.06396395859536494,0.042509591161543736,0.05586384592483312,1.27825674851228,0.16174770499808375,0.008912172264730343
2078,0.8381833821962067,0.41008817880433485,0.008830361757961772,0.05127504036845025,3.520200773041809,2.680011466725087,2.5285775600698166,0.15143390665527026,1.6527053549533208,0.9916232129719922,0.6610821419813286,0.06581282080340767,0.04407586118803537,0.057521305465073114,1.2655615248966994,0.1713900879977424,0.008811875578909471,0.8519059353253782,0.41235888249084457,-0.0004175843794700443,0.05211450478739923,3.636940472569786,2.771770438340938,2.6280446310492747,0.14372580729166332,1.6814930692008525,1.0088958415205114,0.6725972276803412,0.06382880301701703,0.04239509364498539,0.05573571973946134,1.279197953004056,0.1617230221159584,0.00890998779803494
2079,0.8382457628132107,0.4098400719704385,0.00840539750805823,0.051278856660278795,3.5254064378126952,2.683174249016813,2.5323635402743574,0.1508107087424557,1.6550714958972301,0.9930428975383379,0.6620285983588923,0.0656859815048366,0.04396840883670876,0.05740057389629404,1.2664219014885205,0.17136235748422565,0.008809675040820919,0.851987404914962,0.41210969977073186,-0.0008169337106288324,0.05211948886674821,3.6423551673315693,2.7751927877771125,2.632120197724064,0.1430725900530487,1.683724949345843,1.0102349696075055,0.6734899797383375,0.06370039979076178,0.042286316406901586,0.055614261499790665,1.2800938227507022,0.16169673612702606,0.008907796578586827
2080,0.8382863206652662,0.40959454982966803,0.008029114162013518,0.05128133792713744,3.5302460131353626,2.6861311334684714,2.535917913813273,0.15021321965519818,1.6572134988701497,0.9943280993220895,0.6628853995480601,0.06556524148496617,0.04386612351046954,0.05728589147519517,1.2672423339108976,0.1713309730624783,0.00880737628616893,0.8520443457796455,0.4118632506211242,-0.001170524536843201,0.05212297238721909,3.647382492035672,2.7783809219055495,2.6359325307991215,0.14244839110642823,1.6857499353942513,1.0114499612365506,0.6742999741577007,0.06357856369806696,0.042183102538770875,0.05549918660806964,1.280945398562129,0.1616669621854197,0.008905497650152295
2081,0.8383157068079676,0.40935787342391905,0.007682309575680127,0.05128313573370717,3.534748061634264,2.688904252393544,2.5392584137645513,0.14964583862899264,1.6591494131161884,0.9954896478697127,0.6636597652464756,0.06545106514031268,0.043769398624435726,0.057177679708198315,1.268019451199119,0.17129811736739556,0.00880510278317193,0.8520877969118821,0.4116258053395578,-0.0014974277711280043,0.05212563064461827,3.6520527215627143,2.78135974660799,2.6395024349562615,0.14185731165172824,1.6875838110107553,1.0125502866064529,0.6750335244043023,0.06346369145158592,0.042085788117092335,0.05539086557245097,1.2817496643467203,0.1616357753105664,0.008903217081524117
2082,0.8383538676335414,0.4091403005457057,0.007366365335916905,0.05128547026285063,3.5389764958756165,2.6915513176556103,2.542437927975919,0.14911338967969126,1.6608976131661628,0.9965385678996974,0.6643590452664654,0.06534367765446125,0.04367842494366183,0.057076201793377065,1.268751504647025,0.17126794717453753,0.008803070075415424,0.8521381100398149,0.4114076318122591,-0.001796171927043587,0.052128708617370643,3.65643200843535,2.784190058834266,2.642886214860116,0.14130384397415005,1.6892429892920562,1.0135457935752337,0.6756971957168226,0.06335596482751923,0.04199452713420415,0.0552895294027292,1.2825051068632396,0.1616070929872694,0.0089011729531309
2083,0.8384150289996964,0.40894822251362556,0.007112870042219138,0.05128921174247266,3.5429931472954124,2.6941231942932853,2.54550597206966,0.14861722222362558,1.6624786253762547,0.9974871752257526,0.6649914501505021,0.06524282539578133,0.043592987603233116,0.05698125034047572,1.2694400193379236,0.17124361511879335,0.008801422535227858,0.8522097916983487,0.4112150900822744,-0.0020347904058810456,0.05213309370326482,3.660584339350477,2.7869255420050347,2.646136551927989,0.14078899007704582,1.6907463123708137,1.0144477874224882,0.6762985249483257,0.06325509326536177,0.04190907344076754,0.055194943759057195,1.2832135385782504,0.161583866806441,0.008899510736479842
2084,0.8384930606415524,0.4087791555636721,0.006945170590465427,0.0512939851410555,3.5467848870161154,2.6965941054585616,2.5484366258329745,0.1481574796255873,1.6639137686385685,0.9983482611831409,0.6655655074554276,0.06514873791537536,0.04351328106816146,0.05689292544268228,1.2700832365197967,0.17122486065836845,0.008800101667698975,0.8522968197177258,0.41104562640235803,-0.0021893815971072705,0.05213841748326527,3.6644974197378537,2.789541889374307,2.649229236053813,0.14031265332049403,1.6921136394734018,1.015268183684041,0.6768454557893608,0.0631612311803516,0.04182955785018653,0.055107150314765985,1.2838736657467176,0.1615658337506391,0.008898171989186075
2085,0.8385716057582763,0.40862761466631936,0.006866846072365901,0.05129878985836779,3.5502796523290363,2.6988840883009564,2.551147049987223,0.14773703831373317,1.6652210039030224,0.9991326023418132,0.6660884015612092,0.06506254099338929,0.04344025904699878,0.05681207991127385,1.2706732626607,0.1712094431857674,0.008798962177613518,0.8523829368794182,0.41089370786253865,-0.00225581499080639,0.05214368544899342,3.668099089712325,2.7919597011523862,2.652082106030561,0.13987759512182563,1.693361639469607,1.016016983681764,0.677344655787843,0.06307539684739855,0.04175684299757963,0.055026916130730755,1.2844781153732487,0.16155089600741662,0.00889701222712477
2086,0.8386430294705831,0.4084925242237562,0.006858441600999118,0.0513031588730295,3.5534267118558716,2.700939461698379,2.5535787770572465,0.14736068464113247,1.6664132246643755,0.9998479347986251,0.6665652898657504,0.06498542532312787,0.04337493023970428,0.056739694108279115,1.2712017372173312,0.17119606994673697,0.008797952011692712,0.8524607532180599,0.41075827131801923,-0.0022532906124027724,0.05214844556138058,3.6713391413295207,2.7941263967807735,2.654637903590403,0.13948849319037024,1.69450206289853,1.0167012377391176,0.6778008251594122,0.06299868814918425,0.041691858958065174,0.05495514707097153,1.285018934607664,0.16153787952856125,0.008895981665798185
2087,0.8387029965960334,0.40837170963234565,0.006925910466008323,0.05130682701100574,3.556218957688754,2.7027462429962186,2.555718652833521,0.1470275901626973,1.6675005080920549,1.0005003048552328,0.6670002032368221,0.06491735060370413,0.043317260505241977,0.056675673368969774,1.2716687339677604,0.171183600520976,0.00879702571082842,0.8525261560852646,0.4106371571218536,-0.002175464451526596,0.052152446259373895,3.6742117788163573,2.7960297182971883,2.6568853744649843,0.13914434383220398,1.695544007252289,1.017326404351373,0.6782176029009158,0.06293101391338628,0.04163452849469425,0.05489170917271712,1.2854965549559167,0.1615257425069204,0.008895036209026319
2088,0.8387498015858101,0.4082647971239231,0.00702548270130475,0.05130968995152646,3.558649464212367,2.7042934013510282,2.5575548302511337,0.14673857109989438,1.668491056602056,1.0010946339612334,0.6673964226408227,0.06485851290546657,0.04326741594528702,0.05662015704689857,1.2720727273439631,0.17117158933873253,0.008796170720646191,0.8525777163749039,0.4105300323099385,-0.002066254785654781,0.05215560013304074,3.6767114740075457,2.7976603848800066,2.658814571361078,0.13884581351892863,1.6964948377441131,1.0178969026464677,0.6785979350976455,0.06287252023120549,0.04158497536913391,0.05483670255322942,1.2859097580740517,0.16151410425248044,0.008894165373837911
2089,0.8387821590473038,0.40817076962295995,0.0070934202226058465,0.05131166906620149,3.560723045914928,2.705580464927936,2.559087899159521,0.14649256576841493,1.6693919112590128,1.0016351467554074,0.6677567645036053,0.06480872483037436,0.043225237804939726,0.056572946834838475,1.2724148472754047,0.17115987673930647,0.008795370020986869,0.8526143596588439,0.4104359133403942,-0.0019898200053880682,0.05215784145928124,3.6788442940618302,2.799019462182224,2.660427755715021,0.13859170646720292,1.6973608972446825,1.0184165383468091,0.6789443588978734,0.062822990409944,0.04154301600941425,0.05478990694315026,1.286259912732433,0.16150283538378063,0.008893353526159383
2090,0.8387997600566467,0.4080874418941788,0.007105864641378301,0.051312745466014345,3.562468515801193,2.7066279279488072,2.5603430246356496,0.14628490331315777,1.6702091519425721,1.002125491165543,0.6680836607770291,0.06476705548554396,0.04318993747506792,0.05653318656708913,1.2727013649692562,0.17114829284319416,0.008794599657643905,0.8526358743572361,0.4103526181871909,-0.0019701343051352904,0.05215915730377555,3.680640265151972,2.8001288559788935,2.6617516574807825,0.13837719849811095,1.6981476794519832,1.0188886076711894,0.6792590717807937,0.06278149445955389,0.041507862571243406,0.054750469499225046,1.2865534641932035,0.161491772640245,0.008892576674583298
2091,0.838809084622367,0.40801344157373043,0.007098078174630658,0.051313315578967025,3.5639677232062756,2.7075051803917605,2.5613988099504894,0.14610637044127106,1.6709481887596442,1.0025689132557862,0.6683792755038579,0.06473144748386636,0.04315977203305267,0.0564990530734607,1.2729463392654505,0.1711369495114316,0.00879388084161648,0.852648810660727,0.41027875807541964,-0.00197156836171776,0.05215994838767231,3.682183362087632,2.8010601273672653,2.662867310260693,0.13819281710657208,1.6988600863782322,1.0193160518269389,0.6795440345512933,0.0627460146096923,0.041477805693483194,0.05471660248463533,1.2868045960040235,0.16148100931986728,0.008891854891495203
2092,0.8388149971433303,0.40794612362592486,0.007077608493245957,0.05131367698052358,3.5653045703163766,2.7082817974228672,2.562335458231485,0.14594633919138225,1.671615186808153,1.0029691120848916,0.6686460747232614,0.06469962588974534,0.04313281425932021,0.05646851608154688,1.2731653688144142,0.17112557605433684,0.008793212641122157,0.8526581016765106,0.4102116668309762,-0.0019864460377905166,0.052160516489342335,3.6835598786519324,2.8018852224653665,2.6638575747284,0.13802764773696657,1.6995038398725542,1.019702303923532,0.6798015359490222,0.06271431508070409,0.041450951327650976,0.054686310686161047,1.287029079041677,0.16147027946962345,0.008891185893843958
2093,0.8388247837543849,0.4078858803619564,0.007048769458652529,0.05131427536817051,3.5665463539136106,2.709015211319315,2.5632163533800085,0.14579885793930636,1.6722166675560037,1.003330000533602,0.6688866670224017,0.06467016093529784,0.04310785292105372,0.056440317104164466,1.273368265768508,0.17111520561392304,0.008792638752512445,0.85267112524074,0.4101517252982509,-0.0020104407681547365,0.052161312915848024,3.684838989309534,2.8026634601583704,2.6647879435771737,0.13787551658119682,1.7000850762206012,1.0200510457323602,0.680034030488241,0.06268499100260269,0.041426109333269276,0.0546583579115996,1.287236831703669,0.16146053997766,0.008890612806162039
2094,0.838839512824411,0.4078321089248272,0.007013590821676824,0.05131517606887297,3.5677153582895142,2.709720927271789,2.5640593837587464,0.14566154351304267,1.6727599575512804,1.0036559745307678,0.6691039830205124,0.06464254362321671,0.043084456819420636,0.056413983424661106,1.2735585168880834,0.17110646485130854,0.00879215875486183,0.8526889796640787,0.41009830750256104,-0.0020414846143629456,0.05216240482580825,3.6860437613430084,2.803411204832807,2.6656772851549952,0.13773391967781157,1.7006107936466894,1.0203664761880131,0.6802443174586763,0.06265753081985191,0.04140284634429292,0.05463227053238813,1.2874314590699218,0.16145236057345314,0.00889013478640422
2095,0.8388550002018144,0.4077834441958217,0.0069714055827720806,0.051316123110171225,3.5687940528803863,2.7103781458637206,2.564842934263766,0.14553521159995478,1.6732518643610343,1.0039511186166203,0.6693007457444141,0.06461707694690344,0.04306288263633099,0.05638974041246736,1.2737340188000343,0.17109922127007984,0.00879173581301251,0.852707473669787,0.4100500241611046,-0.002080157554441159,0.05216353581097625,3.6871565148360808,2.8041076551638975,2.6665040087071796,0.13760364645671788,1.7010875102148364,1.0206525061289013,0.680435004085935,0.06263221164427228,0.041381397116960913,0.054608253304600424,1.2876109802798987,0.1614456048454982,0.008889714904384881
2096,0.8388633120948492,0.40773682547285556,0.006920514156100427,0.05131663116171528,3.56975085782227,2.7109525711886744,2.565532251043094,0.14542032014558035,1.6736976779652937,1.0042186067791758,0.6694790711861178,0.06459412079324592,0.04304343525120902,0.05636784642286613,1.273892274051819,0.17109227547719616,0.00879129512455422,0.8527186301921897,0.4100037892034209,-0.0021280035132917874,0.05216421789381752,3.688145166400712,2.804718178531723,2.667233014044326,0.13748516448739687,1.7015202539273102,1.0209121523563855,0.6806081015709247,0.06260936464797615,0.041362042204875875,0.054586541786687044,1.2877730293678966,0.1614391412631626,0.008889278093940554
2097,0.838869669764775,0.4076974770539564,0.00686339172505987,0.051317019651507444,3.57056835999661,2.7114319678127634,2.56610801644397,0.14532395136879325,1.674100572587734,1.00446034355264,0.669640229035094,0.06457489125121207,0.043027144878038,0.05634941398080792,1.274024878520302,0.17108690757633827,0.008790919466491423,0.8527277935490485,0.4099648540808343,-0.0021825000132923503,0.05216477803022422,3.6889920319439233,2.805230454389682,2.6678448592001134,0.13738559518956867,1.7019119545730172,1.02114717274381,0.6807647818292074,0.06259017595745407,0.04134578643920465,0.05456822312965788,1.2879091722281082,0.16143419511360732,0.008888908887073887
2098,0.8388795847796234,0.4076692076241467,0.006803259211601048,0.05131762576224167,3.5712508609899634,2.711821855444971,2.5665721914208146,0.14524966402415634,1.6744644492819154,1.0046786695691488,0.6697857797127665,0.06455989944194146,0.04301444451486258,0.05633492288114848,1.2741282852778162,0.1710841975861364,0.008790678448381802,0.8527405802625164,0.40993704809984644,-0.0022403866090081395,0.052165559823354954,3.6897016245032774,2.805650318587858,2.668341833807963,0.1373084847798948,1.7022663178255253,1.0213597906953145,0.6809065271302107,0.06257514451016055,0.04133305249654076,0.05455376700624208,1.2880158460504343,0.16143179579105457,0.008888678015469569
2099,0.8388937698951022,0.40765134464669345,0.006741699986007599,0.051318493108980734,3.5718166006406453,2.7121354957478454,2.5669402478548564,0.14519524789298888,1.6747939213096483,1.0048763527857887,0.6699175685238596,0.06454868315204781,0.04300494259601085,0.056323948714302144,1.2742056646197717,0.17108401592245526,0.008790568977258904,0.8527577245144626,0.4099196949631376,-0.00230001484311905,0.05216660819902563,3.6902926964936125,2.8059915740198678,2.6687400152363274,0.13725155878354042,1.7025878020954759,1.0215526812572848,0.6810351208381911,0.06256381406161099,0.04132345386778806,0.05454275498603323,1.288096270299618,0.16143181974802975,0.008888582155757805
2100,0.8389095355239231,0.40763966479219327,0.006680451232460333,0.05131945716946229,3.57229812981735,2.7123957018468867,2.5672421599227278,0.14515354192415886,1.6750932831577041,1.0050559698946222,0.6700373132630819,0.064539920730556,0.04299751948027923,0.05631527664624199,1.2742661237152513,0.1710851958946939,0.008790532498505142,0.8527764841143549,0.40990854707035407,-0.0023595401377330613,0.052167755417091954,3.6907985516428976,2.8062777604003175,2.669070211569606,0.13720754883071154,1.7028805667888207,1.0217283400732917,0.681152226715529,0.06255488741395095,0.041315891627288936,0.054533994407122956,1.288159641505573,0.1614331562956999,0.008888561337818157
2101,0.8389292953516865,0.40763244657288084,0.0066221475299578225,0.05132066560183704,3.5727427738175472,2.712641572709801,2.5675232566495163,0.14511831606028477,1.6753658619467182,1.0052195171680307,0.6701463447786875,0.0645323007565988,0.042991064192935524,0.05630773493426734,1.2743187062559218,0.1710875735530092,0.008790564138791854,0.852799251293586,0.4099018676264148,-0.0024163032208487506,0.05216914782335971,3.691267437462121,2.8065488629285578,2.6693787533024356,0.137170109626122,1.70314780693281,1.0218886841596853,0.6812591227731248,0.06254708656302245,0.041309283109392206,0.05452634276039715,1.2882150272646313,0.1614356367266392,0.008888609542412208
2102,0.83895688912189,0.40762897715958923,0.00656887481173319,0.051322353292827014,3.5731981884405997,2.7129134181438754,2.5678291075471695,0.14508431059670568,1.6756151348223838,1.0053690808934301,0.6702460539289538,0.06452465519643086,0.04298458723014477,0.05630028865516493,1.2743714710797587,0.17109149846959795,0.008790677244979613,0.852829840823306,0.40989892814325213,-0.002468253192598302,0.05217101877700345,3.691747798400726,2.806845952273823,2.669712072501779,0.1371338797720442,1.7033928764982462,1.022035725898947,0.6813571505992992,0.06253927752892506,0.0413026676590956,0.054518794692107686,1.2882704773827482,0.16143957053485997,0.008888739043505386
2103,0.838995060050758,0.4076276982978824,0.006521865108569447,0.05132468804843762,3.5737130415590563,2.7132513984204842,2.5682060420603428,0.14504535636014151,1.6758449991645235,1.0055069994987138,0.6703379996658096,0.06451567480365861,0.04297697945928757,0.05629176833375135,1.2744334553951107,0.17109707618770476,0.008790870400730464,0.8528709264253073,0.4098981417433663,-0.002514210080625502,0.05217353183295713,3.692288952932572,2.8072098085901955,2.670117218724723,0.13709258986547246,1.7036195570130828,1.022171734207849,0.6814478228052339,0.062530189563829,0.04129496875797152,0.054510214176798036,1.2883350167746566,0.16144503047092626,0.008888946882474946
2104,0.8390445810739428,0.40762909851983353,0.006481096270573236,0.05132771714210081,3.5742906637068903,2.713656802253025,2.5686549569519572,0.14500184530106797,1.6760595112582224,1.005635706754933,0.6704238045032892,0.06450541142045604,0.042968284798641336,0.0562822127944361,1.2745043048347995,0.17110494735819942,0.008791152871951568,0.8529232215404667,0.4098999810006011,-0.002554264866330154,0.05217673062530685,3.692893764767357,2.8076413485259692,2.670594692809256,0.13704665571671293,1.7038317865968362,1.022299071958101,0.6815327146387352,0.06251988071608959,0.04128623558188535,0.05450064590405469,1.288408236700114,0.16145259829754569,0.008889241875027546
2105,0.8391010734215714,0.40763282356199104,0.006444247802845714,0.05133117271806719,3.5748966777148703,2.7140962861015807,2.569139191906557,0.14495709419502364,1.6762624763471887,1.005757485808313,0.6705049905388758,0.06449466868737688,0.04295918405508604,0.056272304677988084,1.274578474362608,0.17111484788112163,0.008791497268921821,0.8529822824635431,0.409904081379154,-0.002590728949016026,0.0521803433261742,3.6935266883911306,2.808106230757729,2.671106737043984,0.1369994937137448,1.704033252245246,1.0224199513471468,0.6816133008980991,0.06250913530137264,0.041277132566571305,0.054490756979360885,1.288484569026421,0.16146201908024763,0.008889596710406532
2106,0.8391631658605192,0.40763755460505974,0.006411482536684068,0.05133497092348553,3.5755369875751106,2.714572486939717,2.5696631215370407,0.14490936540267627,1.6764564433967841,1.00587386603807,0.6705825773587141,0.06448315145977992,0.042949427195816084,0.05626176320445497,1.2746580037077686,0.17112579512134946,0.00879188240789347,0.8530466876626388,0.4099091135636259,-0.002623375845907938,0.05218428300593905,3.6941934425028693,2.8086069796290034,2.671657612394812,0.1369493672341913,1.70422638351343,1.0225358301080572,0.6816905534053728,0.062497667800234205,0.04126741783324301,0.054480275671134976,1.288566043940746,0.16147237122032718,0.008889989629614358
2107,0.8392287759496346,0.40764142634360045,0.006384133731846063,0.05133898437476925,3.5762176465066875,2.7150879230209,2.570231587169162,0.1448563358517383,1.6766434322292099,1.0059860593375256,0.6706573728916844,0.06447047368741164,0.042938687177021415,0.05625022336381989,1.274745561968504,0.17113701159393857,0.00879227755065326,0.8531142969636781,0.4099132007811293,-0.002650816749560761,0.05218841874930067,3.6948999085311653,2.809146010942114,2.672252058914397,0.13689395202771673,1.7044130826946147,1.0226478496167681,0.6817652330778466,0.0624851033682442,0.04125677383114256,0.05446884741901998,1.2886553279157809,0.16148291910552415,0.008890389208308983
2108,0.8392967481059691,0.40764433295447705,0.0063641053916459675,0.0513431423807628,3.5769299921440343,2.7156339371588296,2.570835085626305,0.14479885153252478,1.676824844196216,1.0060949065177291,0.6707299376784868,0.06445684213267115,0.042927139158184954,0.05623785931825687,1.274839725087432,0.1711483013428342,0.008792675331671124,0.8531839428176577,0.4099162416636422,-0.0026710983259238402,0.052192679133169814,3.695637021355712,2.8097143727778713,2.6728802410649792,0.13683413171289227,1.704594633817889,1.0227567802907327,0.6818378535271563,0.06247164583565627,0.04124537323577569,0.0544566445531992,1.2887509763593807,0.1614934804505589,0.008890788202374444
2109,0.839370166298873,0.4076464490680858,0.00635501983846011,0.05134763360126143,3.5777014823070377,2.7162348572994413,2.5715004566683652,0.1447344006310758,1.677001709397788,1.0062010256386724,0.6708006837591157,0.06444165840710087,0.04291427621245122,0.0562241499003933,1.2749446316886974,0.17115957996920944,0.008793094227940793,0.8532587190729247,0.4099184128859683,-0.0026805603089951058,0.052197253421793724,3.696432698880737,2.8103368674847764,2.6735695234809587,0.13676734400381782,1.7047719589996315,1.0228631753997783,0.6819087835998533,0.06245671646568608,0.04123272576827,0.05444316298781222,1.2888571075935076,0.16150397805436195,0.008891204765833318
2110,0.8394525659643289,0.4076483035482392,0.006359264699264622,0.051352674289938824,3.578559509076003,2.7169150240061515,2.572254166045333,0.14466085796081848,1.6771755717177839,1.0063053430306699,0.6708702286871141,0.06442438584986734,0.042899643705735443,0.05620863044980997,1.2750639979014307,0.1711713612506121,0.008793558842001604,0.8533421575320911,0.4099202372873304,-0.0026768505566279396,0.05220235764662981,3.6973147326397324,2.8110382406077825,2.674346828491181,0.1366914121166015,1.7049465069142538,1.0229679041485515,0.6819786027657022,0.06243979717125001,0.041218392529357266,0.05442795406212217,1.288977412727227,0.1615148853977065,0.00889166306146759
2111,0.8395405427609175,0.4076504809118189,0.006374799027029296,0.05135805616096833,3.579465537555948,2.7176391999736866,2.573056420912626,0.14458277906106085,1.6773485277388716,1.0064091166433222,0.6709394110955492,0.06440603845057136,0.042884100642841746,0.05619218337819257,1.2751908242195835,0.17118410301222112,0.008794056856928738,0.8534308267066982,0.40992229544167635,-0.0026620407225751985,0.05220778186127788,3.6982435522126678,2.811782365646065,2.6751713795751204,0.13661098607094466,1.7051202877292466,1.0230721726375474,0.6820481150916994,0.062421874764586244,0.04120320950044472,0.05441187749604434,1.2891048826870863,0.16152662449914024,0.008892151260383042
2112,0.8396243065701338,0.4076522671429157,0.006396044020514718,0.051363180317104865,3.5803372165649026,2.718331913944535,2.5738241464546023,0.14450776748993308,1.677521783517168,1.0065130701103002,0.6710087134068677,0.06438844446567701,0.04286919583756925,0.05617638553752216,1.2753124736800219,0.1711970250164626,0.00879452792238909,0.8535149000250902,0.4099238755658312,-0.002641640667762568,0.05221292493873739,3.6991349778031837,2.8124921727199945,2.6759583232245876,0.13653384949540714,1.7052944242976613,1.023176654578596,0.6821177697190653,0.06240472156703128,0.041188678109694246,0.0543964633487511,1.2892269127862974,0.16153847136788688,0.008892610057576522
2113,0.8396953057451247,0.407652515094156,0.0064181903336499105,0.051367523650364205,3.5811082939555843,2.7189328792429994,2.574491614067898,0.14444126517510156,1.677694466479478,1.0066166798876863,0.6710777865917916,0.06437296229250875,0.042856080060918664,0.05616240624811725,1.2754195467208742,0.17120865833576188,0.008794913888705388,0.8535858263656821,0.40992384600390364,-0.0026203270148786595,0.052217263803345106,3.6999214644371814,2.813106271255881,2.676640687313434,0.13646558394244698,1.7054679618729134,1.0232807771237473,0.6821871847491662,0.0623896517281106,0.041175911643430374,0.05438284405983135,1.2893341466273918,0.1615490717953976,0.00889298237455934
2114,0.8397494488286275,0.40764993306840547,0.006438421005007203,0.0513708358975509,3.581755558611573,2.719421280073486,2.5750371100232403,0.14438417005024545,1.6778640809805552,1.0067184485883327,0.6711456323922225,0.06435990445070461,0.042845018064984336,0.05615050870652216,1.2755098716928377,0.17121769068406895,0.008795179196688799,0.8536395483236036,0.4099209362633451,-0.0026008100266878137,0.05222055027510249,3.7005795587736845,2.8136036882404323,2.67719656019843,0.13640712804200217,1.7056383309587588,1.0233829985752545,0.6822553323835043,0.06237696327144801,0.04116516257339878,0.05437127102534077,1.2894244532035724,0.1615572188017399,0.00889323326662883
2115,0.8397879363356778,0.4076443919322341,0.006456500587337807,0.051373190507225254,3.5822901783119683,2.7198086948900033,2.5754736407230334,0.14433505416696998,1.678027562648225,1.0068165375889346,0.6712110250592904,0.06434894741628425,0.042835735775305195,0.056140419336761574,1.2755856777105918,0.17122370377954244,0.00879532900692414,0.8536773391102486,0.4099150444718247,-0.0025832842099245273,0.05222286224971026,3.701120970065627,2.8139965485438037,2.6776395255490657,0.13635702299473815,1.7058024075276037,1.0234814445165614,0.6823209630110423,0.062366339502135146,0.04115616261041033,0.054361476612578355,1.289500077707452,0.161562539339635,0.008893368355989615
2116,0.8398129367548136,0.4076358063496554,0.0064730841673679915,0.0513747201227526,3.582732231432906,2.7201144697305493,2.575822795242584,0.14429167448796557,1.678182393650538,1.0069094361903224,0.6712729574602156,0.06433957548099131,0.04282779630784479,0.05613169635321819,1.2756505266342817,0.1712267280450015,0.008795374152463661,0.853701438265518,0.4099061061313947,-0.0025670878447065643,0.05222433671703584,3.701566549166626,2.814304935118549,2.677991968408491,0.13631296671005813,1.705957634596893,1.023574580758135,0.682383053838758,0.06235727569973104,0.041148484178794485,0.05435302837068654,1.2895646069051927,0.16156507205027854,0.00889339873132856
2117,0.8398285494595239,0.4076248123222312,0.006489883081379141,0.05137567549788369,3.5831109802968815,2.7203665571667375,2.5761149353150135,0.1442516218517242,1.6783267416364471,1.0069960449818678,0.6713306966545793,0.0643311757679797,0.04282068046185909,0.05612382039050634,1.2757086556386845,0.17122723163884188,0.008795343420983147,0.8537160225787884,0.4098947734480408,-0.0025505268033247513,0.05222522916672346,3.701946539193143,2.8145577105798774,2.678285243918959,0.13627246666091852,1.7061021587903076,1.023661295274184,0.6824408635161238,0.06234917327059873,0.041141620177877314,0.05434541881826095,1.2896222988385015,0.16156526200776647,0.008893353355602936
2118,0.8398387310911577,0.4076126407082862,0.006508456485082539,0.05137629864476688,3.5834471249929387,2.720585248529365,2.576371258574115,0.14421398995524984,1.6784597773647072,1.0070758664188237,0.6713839109458833,0.06432343610517322,0.042814123779691966,0.05611653787438148,1.2757622230175274,0.1712260654453117,0.00879527104437628,0.8537251164531047,0.4098822872902259,-0.0025320818669806455,0.05222578575624267,3.7022823912435223,2.8147758538929684,2.6785413027873024,0.1362345511056661,1.7062351474270345,1.02374108845622,0.6824940589708146,0.06234172640817699,0.04113531154257078,0.05433839938625025,1.2896753288999117,0.1615639083663002,0.008893266719119034
2119,0.839844156919088,0.4076008093835779,0.006528741680701819,0.05137663084188217,3.5837271022960326,2.7207598090307488,2.576578174788152,0.14418163424259683,1.6785815458464683,1.0071489275078807,0.6714326183385878,0.06431689444304811,0.04280858198795355,0.056110335230019126,1.2758075034563183,0.17122409126380578,0.008795176550217176,0.8537294488642511,0.4098701744612507,-0.002511841788026714,0.05222605104961943,3.702560529095707,2.8149486217275506,2.6787465355107365,0.13620208621681426,1.7063566559749521,1.0238139935849704,0.6825426623899816,0.06233545485260614,0.04112999857253582,0.05433244066286856,1.2897199938903872,0.1615618213141832,0.008893159087826407
2120,0.839842691665303,0.4075900296090403,0.006548400896142961,0.0513765414539559,3.5839214674532798,2.7208643447961847,2.5767061338658968,0.144158210930288,1.678692222645639,1.007215333587383,0.6714768890582561,0.06431234075885049,0.04280472431860545,0.05610590754641362,1.2758390258850025,0.17122155134015576,0.008795055868409077,0.8537269205044797,0.4098591520328377,-0.00249213769063783,0.05222589661219324,3.702751180741062,2.8150498205251338,2.6788710526508783,0.13617876787425526,1.7064668801503071,1.0238801280901835,0.6825867520601236,0.06233112048497087,0.04112632669797352,0.05432821365857153,1.2897508649130236,0.1615592339023138,0.008893027169511056
2121,0.8398316971708615,0.40758044133280136,0.006564199210070697,0.051375869097503385,3.5840032694551596,2.7208748831730576,2.5767283462266786,0.14414653694637886,1.678791538714136,1.007274923228481,0.6715166154856548,0.06431041706326263,0.04280309465322191,0.05610381550011459,1.2758523430790425,0.1712182568555741,0.008794896240300047,0.8537149280865821,0.40984936719860754,-0.002476178738139906,0.05222516319386457,3.702827155709119,2.815055255582504,2.6788878099674163,0.13616744561508806,1.7065655762361724,1.0239393457417028,0.6826262304944697,0.06232934032133249,0.04112481862617838,0.05432625769258236,1.2897635444660893,0.16155597928703197,0.008892858893638653
2122,0.8398109337519636,0.4075720334954742,0.0065745599187288575,0.05137459911946811,3.5839699204816338,2.7207894998988023,2.5766426859154974,0.14414681398330478,1.6788787242768946,1.0073272345661364,0.6715514897107583,0.06431117093310065,0.04280373329666762,0.0561041026126976,1.2758471241782052,0.1712140059107649,0.00879469626216656,0.853693268289986,0.4098408156535266,-0.0024655194601787833,0.05222383836617028,3.7027861064422245,2.814963209455037,2.6787949039043024,0.1361683055507344,1.7066520042298714,1.023991202537922,0.6826608016919492,0.06233015557972178,0.04112550927514802,0.054326610706528757,1.2897577375555294,0.16155187710081279,0.008892653151493821
2123,0.8397777183791767,0.4075642456331152,0.006577485450708825,0.05137256739128793,3.5838029901012636,2.7205914550397607,2.5764311669415054,0.14416028809825518,1.678953038599598,1.0073718231597584,0.6715812154398397,0.06431493800000801,0.04280692458045238,0.05610705589120647,1.2758210464057003,0.17120857798286412,0.008794435593724276,0.8536592827941833,0.40983294526227865,-0.0024621302439689907,0.05222175951212211,3.702609492591271,2.814756833097465,2.6785742181123426,0.13618261498512227,1.7067254574648816,1.0240352744789285,0.6826901829859532,0.062333886441083695,0.04112866988727949,0.0543295465884861,1.289731164397974,0.16154672649770843,0.008892390043884119
2124,0.8397334485273611,0.4075564616340959,0.006572463257491175,0.05136985941840255,3.5835230823665585,2.7202993346042366,2.576115115317275,0.14418421928696143,1.6790132784154734,1.0074079670492835,0.6716053113661898,0.06432113352680108,0.04281217314244477,0.056112162912618176,1.2757781605155096,0.1712016491467089,0.008794115318642926,0.8536144105821393,0.40982514854938074,-0.0024665055620635007,0.05221901467645718,3.7023186721813968,2.814455380382023,2.6782478112150594,0.13620756916696353,1.70678476827723,1.0240708609663374,0.6827139073108925,0.062339959807459815,0.04113381496065134,0.054334562697968464,1.289687909777758,0.16154023085384134,0.008892070575029975
2125,0.8396851055974024,0.4075487238374653,0.006561678840759214,0.051366902282243734,3.5831951585989343,2.7199720793824653,2.575759974431296,0.14421210495116968,1.6790586402793983,1.0074351841676386,0.6716234561117598,0.06432824488697796,0.04281819755586194,0.056118111602779505,1.2757289398292229,0.17119357868119636,0.008793773536331758,0.8535656788295103,0.409817470284328,-0.0024765104951430736,0.05221603374080011,3.7019801974843496,2.8141192045645007,2.677882693344789,0.1362365112197115,1.7068291735659349,1.0240975041395604,0.6827316694263745,0.06234690521486731,0.04113969878660485,0.05434038241584873,1.289638449139027,0.16153272467006188,0.008891732105175349
2126,0.8396400968983336,0.40754168879037195,0.006547945224721338,0.051364149095330665,3.5828809999589413,2.7196655761689605,2.5754271215363786,0.14423845463258175,1.6790897973709389,1.0074538784225628,0.671635918948376,0.06433494315275144,0.042823872014923756,0.05612375281076657,1.2756825829020015,0.17118542591687835,0.008793457080186638,0.8535205143619786,0.4098105595190402,-0.0024894397056497153,0.05221327101152161,3.7016571824920446,2.8138053600474264,2.677541547306899,0.13626381274052743,1.7068593919752435,1.0241156351851455,0.6827437567900979,0.06235343386186411,0.041145229552532206,0.05434589023632939,1.289591960936415,0.16152518608563055,0.008891420607588641
2127,0.8395998328567107,0.4075357949550248,0.006531677991609024,0.051361686114314756,3.5825894185590332,2.7193870609749156,2.575124116350927,0.14426294462398878,1.6791088370135114,1.0074653022081064,0.6716435348054051,0.06434111681541176,0.04282910205464033,0.05612898876591409,1.2756398605322703,0.17117806772560318,0.00879317815021969,0.853480313031426,0.40980484317332916,-0.002504956615318757,0.052210811853703465,3.70135856608858,2.813521161353594,2.6772320326985115,0.1362891286550829,1.7068775556501148,1.0241265333900684,0.6827510222600464,0.062359438044592125,0.04115031601673681,0.05435099143729675,1.289549211144705,0.16151842072775824,0.008891148008461556
2128,0.8395652493513958,0.4075313243034025,0.006512999830682938,0.051359570590386885,3.5823268431520865,2.7191414308990316,2.5748560912219856,0.14428533967704626,1.6791179198835025,1.007470751930101,0.6716471679534015,0.06434668770721547,0.042833821454936916,0.05613374851324615,1.275601312622738,0.17117178783769588,0.00879294474942226,0.8534459948990949,0.40980059177108513,-0.0025229663107939754,0.0522087125510326,3.701090860862442,2.813271549538277,2.676959343247609,0.13631220629066768,1.7068858626913885,1.0241315176148327,0.6827543450765559,0.06236484184643724,0.04115489386619595,0.054355616859803155,1.2895107392477356,0.16151268653305814,0.008890922053374686
2129,0.8395370226569814,0.4075284409633012,0.006492285250120106,0.05135784389612842,3.582098781278818,2.7189326533721947,2.574627274619559,0.14430537875263566,1.679119177765432,1.0074715066592588,0.6716476711061733,0.06435158133906016,0.04283796711211228,0.0561379629135587,1.2755674535516577,0.1711667453928458,0.008792762247562074,0.8534182157422108,0.40979795825411097,-0.002543109282651855,0.05220701322221449,3.7008596029122356,2.8130604902265968,2.6767277176709947,0.13633277255560192,1.706886475402069,1.0241318852412409,0.6827545901608281,0.062369573456023605,0.04115890226565371,0.05435969958933008,1.2894770554391706,0.16150812632001862,0.008890747835173964
2130,0.83951563143989,0.40752721360290356,0.0064701882102946445,0.05135653531694695,3.5819100815589193,2.718764050764767,2.574441282846749,0.14432276791801799,1.679114664520285,1.0074687987121704,0.6716458658081145,0.06435572343387964,0.04284147610209238,0.05614156205564301,1.275538796213119,0.17116303835675545,0.00879263394968984,0.8533974292461725,0.4097970002903938,-0.0025647401685591348,0.05220574162447432,3.7006696195450757,2.812891263144618,2.6765407369388936,0.13635052620572458,1.7068814710103042,1.024128882606182,0.6827525884041221,0.06237356184808287,0.04116228104580788,0.05436317248210293,1.2894486643074377,0.16150482566486205,0.008890628360397073
2131,0.8395013509573722,0.40752762744912013,0.006447547387683286,0.05135566169577668,3.5817647020336705,2.7186381208772117,2.5743009074199303,0.14433721345728118,1.6791063243562345,1.0074637946137401,0.6716425297424943,0.06435904665592904,0.042844291381167646,0.05614448135111518,1.2755158055164584,0.1711607156755742,0.008792561190303706,0.8533838818857957,0.40979769237127966,-0.002587024318795046,0.05220491284000349,3.7005247978558207,2.8127662829987163,2.676401112000716,0.13636517099800033,1.7068728097585082,1.0241236858551046,0.6827491239034037,0.06237674323485451,0.041164976168636076,0.05436597401753802,1.289426018969039,0.16150282418887482,0.008890564652338291
2132,0.8394942348842881,0.40752959435066877,0.006425261355055056,0.05135522632116148,3.5816653885794643,2.7185562734800466,2.5742078113122133,0.1443484621678331,1.6790959621120856,1.007457577267251,0.6716383848448347,0.06436149917165399,0.04284636903836286,0.05614666919137174,1.2754988392299784,0.17115977935543927,0.008792543340232838,0.8533775957074778,0.4097999360944175,-0.0026090636246510063,0.052204528222489076,3.700427762790037,2.812686835931355,2.676310379694147,0.13637645623720768,1.7068623051598166,1.0241173830958896,0.6827449220639271,0.06237906928250708,0.04116694668796551,0.05436805565822323,1.289409462652453,0.16150211767543923,0.008890555771001729
2133,0.8394941071299319,0.4075329588087447,0.006404175285707581,0.051355218426558394,3.5816135003399086,2.718518695553115,2.574162372613268,0.14435632293984715,1.679085212877735,1.0074511277266405,0.6716340851510945,0.06436304918867006,0.04284768214064938,0.05614809106039505,1.2754881166500267,0.17116018353954474,0.00879257782528279,0.8533783612496555,0.40980356645881444,-0.002630010487490869,0.05220457496393481,3.700379706245136,2.8126529482330733,2.676268749973938,0.13638419825913525,1.7068515937853308,1.024110956271198,0.6827406375141328,0.06238051140894679,0.041168168390376375,0.05436938575390878,1.28939919817479,0.16150265742690517,0.008890598843403257
2134,0.8395005832302177,0.40753750428041957,0.006385014995374354,0.051355614498840345,3.581609111790261,2.7185244650061198,2.5741638039806927,0.14436066102542708,1.6790755130159478,1.0074453078095682,0.6716302052063796,0.06436368311620336,0.04284821917455599,0.05614872810216655,1.2754837313778944,0.17116183548783348,0.008792660307448012,0.8533857601478774,0.40980835841347296,-0.002649134265153223,0.05220502747736645,3.7003804991075793,2.8126635090800347,2.6762752351135424,0.1363882739664922,1.7068421066567292,1.0241052639940371,0.6827368426626921,0.06238105888603201,0.04116863218748632,0.054369948054075065,1.2893953014982047,0.16150435137861227,0.008890689252580762
2135,0.8395131246325263,0.40754296914998683,0.00636837554803113,0.05135638159884692,3.5816513026903936,2.7185718391549423,2.574210455674156,0.14436138348078628,1.6790680783603966,1.0074408470162375,0.6716272313441592,0.06436340086839855,0.04284798006735005,0.056148573303419366,1.275485683835563,0.17116460333528016,0.008792785144854341,0.853399220748935,0.4098140430402278,-0.002665833185640648,0.05220585079869568,3.7004289950369116,2.8127165713555944,2.676327966224533,0.13638860513106146,1.706835048020632,1.0241010288123789,0.6827340192082532,0.06238071418675926,0.04116834017430291,0.05436973791954845,1.2893977548692632,0.16150707151271324,0.008890821103708764
2136,0.8395311013093196,0.4075490699125704,0.006354738529919288,0.05135748119130989,3.58173843965434,2.718658535723142,2.5743001023838237,0.14435843333931805,1.679063895450862,1.0074383372705165,0.6716255581803455,0.06436221259618036,0.04284697341842264,0.05614762896883473,1.275493903878045,0.1711683290420141,0.008792945972136385,0.8534180819947113,0.40982033088034553,-0.002679617640037789,0.052207004494356495,3.7005233252351584,2.812809644248974,2.6764244928141454,0.13638515143482857,1.7068313873683558,1.024098832421013,0.6827325549473428,0.06237948972993029,0.04116730287145709,0.05436875979827412,1.2894064699906285,0.16151066607599657,0.008890987810566115
2137,0.8395538334678547,0.40755552406918794,0.006344486525667423,0.0513588716960013,3.5818682719846118,2.718781839161703,2.5744300362840287,0.14435180287767455,1.6790637261676398,1.007438235700583,0.6716254904670567,0.06436013987640826,0.04284521750668501,0.056145908026901996,1.2755082425564408,0.17117284177366082,0.00879313616500116,0.8534416361505123,0.4098269348892938,-0.002690096178199486,0.05220844527475697,3.700661002875982,2.8129398068507516,2.6765618838577048,0.13637792299304693,1.7068318650304628,1.024099119018277,0.6827327460121856,0.06237740894830446,0.04116554013009213,0.054367028418352586,1.2894212804050893,0.16151497215661906,0.008891182566934757
2138,0.839580599260454,0.4075620688185093,0.006337900230407104,0.05136050895908752,3.5820377661803073,2.718938463376924,2.5745968940336397,0.14434156934328418,1.6790681202444473,1.0074408721466677,0.6716272480977796,0.06435722246365871,0.04284274601036439,0.05614344009520761,1.2755284253821426,0.1711779680344951,0.008793349077366005,0.8534691372475838,0.40983358913866336,-0.0026969786100926596,0.05221012751043773,3.7008387599336423,2.8131035724028925,2.6767365564791312,0.1363670159237615,1.7068370057575188,1.0241022034545109,0.682734802303008,0.062374512752158454,0.04116308660749071,0.05436457460000088,1.289441895459304,0.1615198252158907,0.00889139859222531
2139,0.8396106170028211,0.4075684751443658,0.0063351390052630505,0.05136234516524617,3.5822427601676177,2.7191242475122683,2.574796303324362,0.14432794418790626,1.6790774280720935,1.0074464568432553,0.6716309712288382,0.06435352855321314,0.04283961670132974,0.056140280539829356,1.2755539812695889,0.1711835370199299,0.008793578092851497,0.8534997838676821,0.4098400629226558,-0.002700095348958445,0.05221200217882718,3.7010521993596126,2.8132965816527555,2.6769439197808427,0.13635266187191308,1.7068471326312842,1.02410827957877,0.6827388530525141,0.062370869403881646,0.04116000013237256,0.054361453978269525,1.2894678299577587,0.16152506418104012,0.008891629193008498
2140,0.839643024706186,0.4075745553414431,0.006336215608437362,0.05136432758565329,3.5824776753474157,2.719333899908357,2.5750225901481474,0.14431130976020942,1.6790918086654485,1.0074550851992683,0.6716367234661803,0.06434916265996878,0.04283591811973845,0.05613651739510349,1.2755841879277063,0.1711893812979804,0.008793816593316883,0.853532699158185,0.40984616831822257,-0.002699422377104334,0.052214015641781825,3.7012955059020083,2.813513345142287,2.6771780802169935,0.1363352649252935,1.7068623761416921,1.0241174256850147,0.6827449504566773,0.062366582081738606,0.04115636811256203,0.05435775364981195,1.2894983502217996,0.16153053219155442,0.008891867739726974
2141,0.8396768792126487,0.40758016571812555,0.006340979199876751,0.05136639852528717,3.5827354741933863,2.7195609609445026,2.5752687345493026,0.1442922263952001,1.6791112327401412,1.0074667396440837,0.6716444930960574,0.0643442670068162,0.0428317707502051,0.056132272595679586,1.2756180621142499,0.17119533603196416,0.008794057982921877,0.8535669304180901,0.4098517629254535,-0.002695098014740313,0.05221610962045593,3.701561407093153,2.813747208545437,2.6774318000776574,0.13631540846777984,1.7068826783591597,1.0241296070154955,0.6827530713436644,0.06236179015589602,0.041152308615978794,0.05435359330487386,1.2895324648672006,0.1615360759638751,0.008892107694478032
2142,0.8397111927892076,0.40758520974574214,0.006349122728858694,0.0513684975617182,3.583007965597024,2.7197980795520516,2.575526674411831,0.1442714051402208,1.6791354853086569,1.0074812911851931,0.6716541941234637,0.06433901489051738,0.04282732140168216,0.05612769624119347,1.2756544053812116,0.17120124086397134,0.008794295919092688,0.8536014861491628,0.4098567530328695,-0.002687415617796174,0.052218223462049074,3.7018414884733994,2.8139906375071244,2.677696810509283,0.13629382699784162,1.706907796606862,1.0241446779641166,0.6827631186427453,0.06235666270205438,0.04114796487568845,0.05434911961225514,1.2895689708268512,0.16154154759172537,0.008892342840169102
2143,0.8397450147188811,0.40758964525170077,0.006360219950879251,0.05137056653643314,3.5832864865958554,2.720037628647383,2.575787981394477,0.14424964725290626,1.6791641753356328,1.0074985052013787,0.671665670134254,0.06433359600484442,0.04282273077390599,0.05612295389771826,1.2756919054984877,0.17120694725207605,0.008794524828540757,0.8536354180457805,0.4098611007454758,-0.0026767871540399266,0.05222029915552899,3.7021268918872807,2.814235847350818,2.677964503381676,0.13627134396914195,1.7069373141760082,1.0241623885056044,0.6827749256704039,0.06235138423757436,0.04114349320621248,0.05434449386485307,1.2896065547727056,0.16154681135405427,0.00889256778819791
2144,0.8397775443211981,0.4075934975783029,0.0063737810468531,0.051372556468659444,3.5835628121514467,2.7202725234006198,2.5760447557039403,0.1442277676966795,1.6791967607458453,1.0075180564475064,0.6716787042983391,0.06432819757593339,0.042818157476146576,0.0561182102859165,1.2757292669274225,0.17121233239482198,0.008794740655051828,0.8536679341928053,0.40986483693469655,-0.0026636887916666185,0.052222288256302374,3.702409244840173,2.8144756382038985,2.678226845019635,0.1362487931842634,1.7069706663675637,1.0241823998205377,0.682788266547026,0.06234613642191096,0.041139047500987735,0.05433987613951356,1.2896439233422767,0.16155175656174456,0.008892778712404905
2145,0.839808250132451,0.40759688045064396,0.0063893123240104654,0.05137443484586589,3.5838300341630798,2.7204970085607787,2.5762904780417806,0.14420653051899815,1.6792325935355006,1.0075395561212994,0.6716930374142012,0.06432298764797291,0.04281374386762066,0.05611361487324392,1.2757653265030102,0.1712173185295364,0.00879494172084372,0.8536985180720338,0.4098680817274575,-0.0026486028653062016,0.05222415916608422,3.7026815563209112,2.814704196555839,2.678477244379291,0.1362269521765481,1.7070071865693681,1.0242043119416202,0.6828028746277478,0.06234108187140666,0.04113476552101226,0.05433541132909333,1.2896799183990502,0.1615563153253674,0.008892974194348986
2146,0.8398369793906465,0.4076000256178719,0.00633636214456848,0.051376192321143745,3.5840832453414775,2.7207072683688533,2.576520654816414,0.14418661355243953,1.6792709842084408,1.0075625905250636,0.6717083936833772,0.06431810447720993,0.04280960707258692,0.05610929282689983,1.275799126915914,0.17122189482555908,0.008795129627123543,0.8537270375360652,0.409871073630492,-0.002703131703745143,0.05222590379901201,3.702938911339962,2.8149177138090216,2.6787112084238593,0.13620650538516205,1.7070461715268381,1.0242277029161024,0.6828184686107358,0.06233635392999387,0.041130760229060453,0.05433122040504109,1.2897135899549643,0.16156048270401685,0.008893156108590585
2147,0.8398216121897341,0.4076036030752976,0.006323005357689732,0.051375252247620184,3.583915115643189,2.7205377179042247,2.576328346643754,0.14420937126047065,1.6793112816657263,1.007586768999435,0.6717245126662914,0.06432309445386268,0.0428138343486003,0.05611355357493807,1.2757645871842005,0.17122109290699353,0.008795084139289987,0.8537116417845212,0.4098746321261123,-0.002716314800041697,0.05222496197023044,3.7027672275995536,2.8147446798481894,2.678515050470734,0.13622962937745578,1.7070869618813673,1.0242521771288198,0.6828347847525474,0.06234119164640818,0.0411348585172852,0.05433535358051138,1.289679136568851,0.16155975746222348,0.008893113590326464
2148,0.839808112471103,0.4076066715207475,0.006311426313283304,0.05137442641677509,3.583767078712004,2.7203895848331903,2.5761603931497445,0.14422919168344564,1.6793444759371003,1.0076066855622594,0.671737790374841,0.06432744464256267,0.042817519626032405,0.05611727324149064,1.2757344779514974,0.17122022634383813,0.008795043395729231,0.8536981234121229,0.4098776843213798,-0.0027277259158365735,0.052224134989437926,3.702616153725242,2.8145935610432593,2.678343797295162,0.13624976374809772,1.7071205940501348,1.0242723564300804,0.6828482376200544,0.06234540765750729,0.04113843012569776,0.05433896057344713,1.289649112828998,0.16155897612013162,0.008893075471091088
2149,0.8397963241258987,0.4076093591197262,0.006301542662030354,0.051373705273759895,3.5836366206025536,2.7202601476987023,2.576013630099988,0.1442465175987145,1.679371650837611,1.0076229905025658,0.6717486603350453,0.06433124718201556,0.042820740960507045,0.05612053025328058,1.275708160723545,0.17121946975316396,0.008795007897347901,0.8536863215823322,0.4098803563961638,-0.0027374648811315516,0.052223413012732076,3.702483090650817,2.8144615533320048,2.67819419505429,0.13626735827771488,1.707148159327546,1.024288895596527,0.6828592637310188,0.06234909175532999,0.04114155112193492,0.05434211786082463,1.289622878535742,0.16155829434001567,0.008893042267141098
2150,0.8397860698717018,0.40761174540119816,0.006293126463902857,0.051373077973451683,3.5835215840674253,2.720147033508571,2.575885333720008,0.1442616997885629,1.67939375057903,1.0076362503474172,0.6717575002316128,0.06433457688514752,0.04282356173005386,0.05612338778967332,1.2756851171455699,0.1712188192596725,0.008794977521311358,0.8536760576163858,0.40988272723658725,-0.0027457572246822395,0.05222278510958042,3.702365822302843,2.814346227020682,2.678063457676089,0.13628276934459313,1.7071706077112578,1.0243023646267542,0.6828682430845037,0.062352316640706236,0.04114428309475676,0.05434488688556719,1.2895999154208329,0.16155770875041806,0.008893013891313074
2151,0.8397771825480945,0.4076138869970079,0.006285977838752052,0.05137253428998607,3.583420131377356,2.7200482043974046,2.5757731776800763,0.14427502671732825,1.6794115894954673,1.0076469536972796,0.6717646357981878,0.06433749600566122,0.04282603467311279,0.05612589821770821,1.275664915946523,0.17121826790351233,0.00879495195936503,0.8536671633021073,0.4098848531823986,-0.002752800521276265,0.05222224098978692,3.702262459876856,2.814245495327115,2.6779492047988107,0.13629629052830425,1.7071887584634091,1.024313255078045,0.6828755033853642,0.06235514284818488,0.041146677326216075,0.054347318611585226,1.289579792011236,0.16155721310049642,0.008892990068204605
2152,0.8397695041645712,0.40761582502833255,0.006279920445031853,0.051372064558501115,3.5833306470082773,2.719961869220426,2.5756751267749545,0.14428674244547166,1.6794258670555398,1.007655520233323,0.6717703468222167,0.0643400577830505,0.04282820489170558,0.05612810622093833,1.2756471883597795,0.17121780687039442,0.008794930790105505,0.8536594798652247,0.4098867752575712,-0.002758768906769418,0.052221770940549285,3.7021713432492076,2.8141575245896444,2.6778493540827144,0.1363081705069302,1.7072033152774895,1.0243219891664932,0.6828813261109964,0.06235762215502399,0.04114877767959649,0.054349456533738925,1.2895621393100547,0.16155679940436493,0.008892970406738936
2153,0.8397628850614586,0.40761758929832875,0.006274798084099385,0.051371659623798124,3.583251682440889,2.7198864308133865,2.5755893737311495,0.14429705708223728,1.6794371811829,1.0076623087097394,0.6717748724731607,0.064342308519682,0.04283011161104254,0.056130050617364036,1.275631613717016,0.1712174260830621,0.008794913518409464,0.8536528570861374,0.40988852328862074,-0.0027638164607475674,0.052221365772421195,3.7020909848265626,2.8140806805317773,2.677762056992892,0.1363186235388852,1.707214879722785,1.0243289278336705,0.6828859518891147,0.06235979958528054,0.04115062229718387,0.05435133843257119,1.2895466364951416,0.1615564584953197,0.008892954439952975
2154,0.8397571840094985,0.4076192012757539,0.006270472252959902,0.05137131084642509,3.5831819248663312,2.7198204543859634,2.5755143008201906,0.14430615356577287,1.679446040076902,1.0076676240461406,0.6717784160307614,0.0643442889058609,0.04283178930205671,0.05613176551301123,1.2756179102552496,0.17121711463171768,0.008794899607253118,0.8536471533681594,0.4098901188478075,-0.0027680796496336174,0.05222101682347782,3.7020200375336483,2.814013495914152,2.6776856596330085,0.1363278362811436,1.707223963167734,1.0243343779006397,0.6828895852670943,0.06236171469355595,0.04115224468779591,0.0543529974923979,1.2895330017556375,0.16155618043175105,0.008892941657105352
2155,0.8397522690814893,0.40762067633708654,0.006266820515853019,0.05137101015599253,3.5831201822656102,2.7197626505480708,2.575448458542944,0.14431419200512696,1.6794528728711116,1.0076717237226664,0.6717811491484452,0.06434603484062408,0.04283326837674162,0.056133281011351545,1.2756058294195056,0.1712168612391024,0.008794888505923226,0.8536422365775812,0.40989157747029714,-0.002771678971922542,0.0522207160106996,3.701957279342286,2.8139546529943686,2.677618680827531,0.13633597216683746,1.7072309975245923,1.0243385985147546,0.6828923990098377,0.062363402364691706,0.04115367440424693,0.05435446299282164,1.2895209865809205,0.16155595493139868,0.008892931532004123
2156,0.8397480191675687,0.4076220256622618,0.006263735437207443,0.0513707501438658,3.583065378608202,2.719711867583371,2.575390554968024,0.14432131261534692,1.6794580394002978,1.007674823640178,0.6717832157601197,0.06434757795498472,0.042834575631419645,0.05613462366239406,1.2755951522287043,0.17121665477137793,0.008794879678064983,0.8536379855208233,0.40989291052676063,-0.002774720056583753,0.052220455920330894,3.7019016080521725,2.8139029753631872,2.6775598009995836,0.13634317436360358,1.7072363450876493,1.024341807052589,0.6828945380350604,0.06236489332641902,0.04115493747764092,0.054355760748925605,1.2895103720974679,0.16155577184459982,0.008892923550957823
2157,0.839744325048195,0.4076232576870083,0.006261123553120772,0.051370524128795884,3.583016550309568,2.7196670847824365,2.5753394467332993,0.1443276380491373,1.6794618392937821,1.0076771035762686,0.6717847357175134,0.06434894603206043,0.042835734602655204,0.05613581681861698,1.2755856863582247,0.17121648465722966,0.008794872622695451,0.8536342909831238,0.4098941266565981,-0.002777294717841383,0.05222022987141592,3.701852037384554,2.8138574209008946,2.677507852774725,0.13634956812616963,1.707240307683049,1.024344184609829,0.6828961230732201,0.06236621456118714,0.04115605676625328,0.05435691346038693,1.2895009661266308,0.16155562154064645,0.008892917233685863
2158,0.839741089858764,0.4076243792790306,0.006258904304968109,0.05137032618533838,3.5829728401637286,2.719627403606379,2.5752941279393036,0.1443332756670755,1.6794645203740428,1.007678712224425,0.6717858081496176,0.06435016343611341,0.042836765930717405,0.056136880997281924,1.2755772631632594,0.17121634127665236,0.008794866889037425,0.8536310561624997,0.4098952329244941,-0.002779482044414583,0.05222003194234032,3.701807690579355,2.813817072595939,2.6774618095125344,0.13635526308340448,1.7072431351113686,1.0243458810668207,0.6828972540445479,0.062367389724294425,0.041157052309751946,0.05435794106474913,1.289492600199977,0.16155549526364463,0.008892912148068165
2159,0.8397382293109521,0.4076253965370868,0.006257009084779774,0.051370151157387814,3.5829334934948074,2.719592040879114,2.575253721709773,0.1443383191693412,1.6794662863083913,1.0076797717850343,0.671786514523357,0.06435125142465692,0.042837687623982296,0.056137834138636086,1.275569735513154,0.17121621627873523,0.008794862086090597,0.8536281968614821,0.4098962356040319,-0.0027813493756500343,0.05221985698255591,3.701767796249425,2.8137811314363246,2.6774207765497864,0.13636035488653805,1.7072450328327315,1.0243470196996385,0.6828980131330931,0.06236843944881248,0.04115794158751508,0.0543588609898601,1.2894851273824401,0.16155538542088663,0.008892907919603826
2160,0.839735671893361,0.40762631531223514,0.006255380326565939,0.051369994670448754,3.5828978573391606,2.719560324822544,2.5752174752153154,0.14434284960722837,1.6794673035397427,1.0076803821238451,0.6717869214158976,0.06435222833960805,0.0428385152208685,0.056138691757670174,1.2755629764640495,0.17121610272997154,0.00879485788918103,0.8536256416607567,0.40989714068869276,-0.0027829532194938236,0.05221970062319988,3.70173168730778,2.813748912192238,2.677383985954728,0.13636492623751031,1.7072461689217546,1.0243477013530522,0.6828984675687023,0.062369381534034,0.041158739678275144,0.05435968830377575,1.2894784209260655,0.16155528571678401,0.008892904237836903
2161,0.8397333584979023,0.40762714147212187,0.006253970430513664,0.05136985310877859,3.5828653771922196,2.7195316889992385,2.5751847526535556,0.14434693634568277,1.6794677075644406,1.007680624538664,0.6717870830257767,0.06435310980842215,0.04283926196022896,0.056139467103315514,1.2755568778635415,0.17121599510425087,0.00879485404072047,0.853623331526329,0.40989795415152436,-0.002784340322362036,0.05221955925306187,3.701698797446746,2.813719837104414,2.6773507892297084,0.13636904787470594,1.7072466803617303,1.0243480082170375,0.6828986721446927,0.06237023114317771,0.04115945942760542,0.054360435871579266,1.28947237285893,0.1615551911420649,0.008892900857099569
2162,0.8397312414358264,0.40762788099556213,0.006252740593549452,0.0513697235551919,3.582835589801107,2.7195056629083645,2.575155024696561,0.14435063821180344,1.679467608507577,1.007680565104546,0.6717870434030312,0.06435390900257817,0.042839939000327724,0.05614017136749819,1.2755513485594259,0.17121588923628822,0.008794850345893843,0.8536212188150598,0.40989868203928387,-0.002785548826959125,0.0522194299577466,3.7016686536436145,2.8136934262154947,2.6773206464651214,0.13637277975037318,1.7072466786308231,1.0243480071784934,0.6828986714523297,0.06237100105570838,0.0411601116616738,0.054361114559761586,1.2894668921861323,0.16155509792920014,0.00889289759231196
2163,0.839729283338535,0.40762853997959986,0.00625165971375443,0.0513696037238186,3.582808115569427,2.71948186255362,2.575127858003037,0.1443540045505832,1.6794670959439846,1.0076802575663903,0.6717868383775942,0.06435463688185496,0.0428405556257794,0.05614081388302469,1.2755463127074425,0.171215782254072,0.008794846666807275,0.8536192661686405,0.40989933048139443,-0.002786609354904296,0.052219310452013654,3.701640868291302,2.813669287688959,2.6772931155728505,0.1363761721161085,1.7072462545307532,1.0243477527184515,0.6828985018123017,0.06237170190576313,0.04116070538922637,0.05436173342968332,1.2894619031903791,0.1615550034886796,0.008892894313277278
2164,0.8397274560446436,0.4076291245630153,0.006250703332663782,0.051369491892022875,3.582782651511594,2.719459981802427,2.5751029057012187,0.14435707610120826,1.6794662430172929,1.0076797458103752,0.6717864972069176,0.06435530240389875,0.042841119425085075,0.056141402292370746,1.2755417083196932,0.17121567242517904,0.008794842915686567,0.8536174453977355,0.4098999056178833,-0.0027875460440761474,0.05221919901151773,3.7016151319075874,2.8136471089491106,2.6772678425207443,0.1363792664283663,1.7072454823114063,1.0243472893868433,0.682898192924563,0.062372342386918425,0.04116124797505657,0.054362299902818365,1.2894573439726962,0.16155490626755173,0.008892890938051855
2165,0.8397257393032725,0.4076296408601088,0.006249852544579493,0.05136938682108021,3.5827589619564653,2.7194397820722584,2.5750798960017702,0.1443598860704882,1.6794651099244922,1.0076790659546948,0.6717860439697974,0.06435591277883465,0.04284163650632716,0.056141942757670205,1.2755374855018355,0.1712155589622414,0.008794839047189713,0.8536157361864214,0.4099004135375909,-0.002788377613270901,0.05221909439355574,3.7015912035976597,2.813626646152398,2.6772445497017725,0.13638209645062535,1.707244423159813,1.0243466538958872,0.6828977692639256,0.06237292949967736,0.04116174534966485,0.05436281996514182,1.2894531646894514,0.1615548055712688,0.008892887425480505
2166,0.8397241192346454,0.40763009488547175,0.006249092913595246,0.051369287662005894,3.5827368667128825,2.7194210800520064,2.5750586186372644,0.14436246141474215,1.6794637467926974,1.0076782480756181,0.6717854987170794,0.06435647377312777,0.042842111754586625,0.05614244021524023,1.27553360434989,0.17121544184443807,0.008794835049314043,0.8536141245584794,0.4099008602077105,-0.002789118418787831,0.052218995743243575,3.701568898979888,2.8136077116954246,2.6772230221312188,0.13638468956420566,1.707243128081116,1.024345876848669,0.6828972512324469,0.062373468845700414,0.041162202258517286,0.05436329841385214,1.2894493254569714,0.16155470140025172,0.008892883766386767
2167,0.839722586879159,0.40763049252473665,0.006248413504149342,0.051369193866795816,3.5827162291103867,2.7194037356779357,2.5750389115341727,0.14436482414376303,1.6794621959603568,1.0076773175762137,0.6717848783841431,0.06435699001484751,0.04284254909054847,0.05614289863369712,1.2755300328376147,0.17121532166526537,0.008794830935260754,0.8536126014339012,0.4099012514483468,-0.0027897793995010772,0.05221890250521176,3.701548078015741,2.813590162002283,2.677203093904921,0.13638706809736187,1.7072416401847004,1.0243449841108196,0.6828966560738807,0.062373964922818034,0.04116262251196656,0.05436373910705601,1.2894457942508668,0.16155459431092792,0.008892879975720292
2168,0.8397211367945882,0.4076308394928526,0.0062478059685599704,0.051369105102612375,3.5826969443486156,2.7193876406550417,2.575020648104524,0.14436699255051746,1.679460493740153,1.0076762962440915,0.6717841974960616,0.06435746528274511,0.04284295171539488,0.05614332125941093,1.2755267448160836,0.17121519944724536,0.008794826735428078,0.8536111612351728,0.40990159289507927,-0.002790368962491012,0.05221881433834666,3.701528633170796,2.8135738858773944,2.67718463529899,0.13638925057840473,1.7072399964530107,1.0243439978718059,0.6828959985812049,0.06237442140420077,0.041163009221751826,0.05436414520103298,1.289442544918337,0.16155448524707555,0.008892876084835938
2169,0.8397197659616739,0.407631141300692,0.006247263838460956,0.05136902118483569,3.582678930377578,2.7193727095111053,2.5750037273425455,0.14436898216856,1.6794586717250553,1.0076752030350327,0.6717834686900225,0.06435790273140721,0.04284332230154489,0.05614371080787388,1.2755237184556647,0.17121507649142628,0.008794822491155744,0.8536098008007605,0.4099018899697308,-0.0027908936702569567,0.052218731049324646,3.70151048014664,2.813558795426278,2.677167542713794,0.13639125271248384,1.7072382290547443,1.0243429374328459,0.6828952916218983,0.062374841355980204,0.04116336498535704,0.05436451933538081,1.289439555628754,0.16155437540324435,0.008892872135474007
2170,0.8397184729798497,0.4076314032161362,0.006246781971991362,0.051368942027864,3.582662121382734,2.7193588731783587,2.574988066735804,0.14437080644255484,1.6794567577448842,1.0076740546469303,0.6717827030979541,0.06435830505021936,0.04284366312732078,0.056144069598515076,1.275520935146024,0.17121495422747712,0.00879481824997743,0.8536085185867591,0.4099021478454737,-0.002791358774899312,0.0522186525437747,3.701493551251725,2.8135448195340476,2.677151731466072,0.13639308806797573,1.707236366309422,1.0243418197856526,0.6828945465237695,0.06237522739122599,0.04116369201645324,0.0543648637637382,1.2894368077773788,0.16155426608884965,0.008892868175192702
2171,0.8397172574843762,0.4076316302325288,0.00624635614400991,0.051368867609458295,3.5826464631116433,2.7193460743783375,2.5749735971718244,0.1443724772065131,1.6794547765663657,1.0076728659398189,0.6717819106265467,0.06435867457705607,0.04284397617326105,0.05614439965102534,1.275518378709413,0.1712148340951838,0.008794814062145247,0.8536073140880037,0.40990237141884056,-0.002791768614084568,0.05221857879086638,3.7014777906362486,2.813531899166659,2.67713713059875,0.13639476856790905,1.7072344333958316,1.0243406600374985,0.6828937733583332,0.06237558178040744,0.0411639922384764,0.05436518044747983,1.2894342851989022,0.16155415862088093,0.008892864254027246
2172,0.8397161196670531,0.40763182705034445,0.0062459827268536786,0.05136879794142304,3.582631908893799,2.719334263744383,2.574960258649837,0.14437400509454618,1.6794527504066041,1.007671650243962,0.671781100162642,0.06435901339521062,0.04284426320423479,0.05614470276784019,1.275516034729959,0.1712147174603706,0.008794809977851308,0.8536061873619617,0.40990256529419183,-0.0027921269203432172,0.052218509794184916,3.701463150235589,2.813519983422897,2.67712367851128,0.13639630491161717,1.7072324528738492,1.0243394717243088,0.6828929811495402,0.06237590654555289,0.041164267364394797,0.05436547113592442,1.289431973497071,0.16155405424784924,0.008892860421822649
2173,0.8397150598425674,0.40763199805645967,0.006245658437350449,0.051368733043078124,3.5826184160350323,2.7193233963583854,2.5749479964554203,0.14437539990296513,1.6794506992993545,1.0076704195796122,0.6717802797197423,0.06435932341922401,0.042844525842152065,0.05614498060738768,1.2755138899597873,0.17121460556015713,0.00879480604467043,0.8536051385983122,0.40990273376539144,-0.0027924370671933846,0.05221844556540099,3.7014495861024863,2.813509026013093,2.6771113190671727,0.13639770694592004,1.7072304450588567,1.0243382670353136,0.6828921780235432,0.06237620354348397,0.041164518967221314,0.054365737437433934,1.2894298594521219,0.16155395410024076,0.008892856725776296
2174,0.839714078096405,0.40763214730342456,0.0062453801493162625,0.051368672919720464,3.582605942908665,2.719313428981211,2.574936758105906,0.14437667087530479,1.6794486413379326,1.007669184802759,0.6717794565351736,0.06435960646280864,0.04284476562350563,0.056145234742143446,1.275511931849042,0.171214499467602,0.008794802305443081,0.8536041677700931,0.40990288079718745,-0.0027927022520132863,0.052218386102930295,3.7014370554536447,2.8134989824472263,2.677099998490065,0.13639898395716124,1.7072284282726335,1.0243370569635797,0.6828913713090539,0.0623764745316116,0.04116474853575271,0.05436598087569833,1.2894279305523684,0.16155385915857054,0.008892853208405643
2175,0.8397131739199803,0.40763227846496,0.006245144714857306,0.05136861754030369,3.582594446181717,2.719304317432387,2.5749264904876656,0.14437782694472162,1.6794465928234201,1.0076679556940515,0.6717786371293686,0.06435986429882794,0.042844984050182874,0.05614546670977014,1.2755101481308873,0.17121440004654498,0.008794798795840674,0.8536032742723345,0.40990300998303564,-0.002792925669541778,0.05221833136982759,3.7014255138570817,2.813489807377703,2.677089662457449,0.13640014492025432,1.7072264189993887,1.0243358513996328,0.6828905675997559,0.062376721225979474,0.04116495752374133,0.054366202939265765,1.289426174580988,0.1615537702124015,0.008892849905196738
2176,0.8397123460013355,0.40763239480520097,0.006244948879060436,0.05136856682463445,3.582583879277708,2.71929601514368,2.5749171382826637,0.14437887686101628,1.6794445683250745,1.0076667409950444,0.6717778273300302,0.06436009869133563,0.04284518261660801,0.056145678040404184,1.2755085265998076,0.17121430793727593,0.008794795542914301,0.853602456714829,0.4099031245160142,-0.002793110595784555,0.052218281281109696,3.701414913672437,2.813481453130155,2.6770802545000874,0.13640119863006778,1.7072244319539165,1.0243346591723497,0.6828897727815669,0.06237694533238353,0.04116514737625812,0.05436640510806458,1.2894245793944665,0.16155368784744523,0.008892846843203066
2177,0.8397115921192082,0.40763249915182986,0.006244789231767786,0.05136852063689226,3.582574191736295,2.719288472549528,2.574908643320595,0.14437982922893275,1.679442580692834,1.0076655484156998,0.671777032277134,0.06436031140667942,0.04284536281914864,0.05614587026593636,1.2755070550347543,0.17121422353657137,0.008794792564242168,0.8536017128171802,0.40990322716331024,-0.002793260435126649,0.0522182356973355,3.7014052033977665,2.813473869079658,2.677071715336872,0.13640215374278586,1.7072224801014906,1.024333488060894,0.6828889920405965,0.06237714855736502,0.04116531953900544,0.0543665888625991,1.289423132844309,0.16155361242751537,0.008892844040220012
2178,0.839710909236237,0.40763259389876416,0.006244662255619565,0.051368478791331246,3.582565330052495,2.7192816378503513,2.57490094542406,0.14438069242629123,1.6794406410473923,1.007664384628435,0.6717762564189573,0.06436050419424742,0.042845526139804954,0.056146044903337876,1.2755057213322964,0.1712141470110756,0.008794789868460929,0.8536010395008317,0.4099033202693786,-0.0027933786753000234,0.05221819443023562,3.701396328509919,2.813467002411853,2.677063983717053,0.13640301869480018,1.7072205746547775,1.0243323447928663,0.6828882298619112,0.062377332590072526,0.04116547544295134,0.054366755668217234,1.289421822906105,0.1615535441068705,0.00889284150530233
2179,0.8397102936014889,0.4076326810162947,0.0062445643644290505,0.051368441058551956,3.5825572385178153,2.719275457774326,2.574893983243875,0.14438147453045103,1.6794387587899007,1.0076632552739402,0.6717755035159606,0.0643606787685373,0.04284567403101957,0.05614620343917009,1.2755045136306302,0.17121407830358623,0.008794787455925324,0.8536004329901179,0.4099034057662669,-0.0027934688512551986,0.05221815724889413,3.7013882323062375,2.8134607988822142,2.677056997252558,0.13640380162965612,1.707218725089466,1.0243312350536793,0.6828874900357865,0.062377499085375036,0.04116561649002383,0.054366906960498736,1.2894206377996897,0.1615534828360676,0.008892839239406094
2180,0.8397097408884596,0.40763276207774707,0.006244491974316757,0.051368407173943115,3.5825498601910546,2.7192698784616,2.57488769521233,0.14438218324927016,1.6794369416312087,1.007662164978725,0.6717747766524838,0.06436083679091012,0.042845807900220315,0.056146347313966706,1.2755034204357636,0.17121401716922335,0.008794785319731968,0.8535998889482483,0.4099034851998262,-0.0027935344788822952,0.05221812388806685,3.701380856878972,2.8134552037003555,2.6770506933718465,0.1364045103285088,1.707216939178543,1.0243301635071256,0.6828867756714173,0.0623776496465829,0.04116574403847281,0.05436704413044116,1.289419566112099,0.16155342839493256,0.008892837236385018
2181,0.8397092463261377,0.4076328382893378,0.006244441563677303,0.051368376845699185,3.5825431377763666,2.719264846254867,2.574882020388899,0.14438282586596804,1.6794351956457798,1.0076611173874674,0.6717740782583123,0.06436097985431248,0.042845929096877386,0.05614647790916138,1.275502430727177,0.171213963207683,0.008794783446739157,0.8535994026064757,0.4099035597588628,-0.002793578999247877,0.0522180940560831,3.70137414399876,2.8134501623225536,2.677045010168557,0.13640515215399698,1.7072152230503386,1.0243291338302032,0.6828860892201355,0.06237778581091411,0.04116585939055787,0.05436716851200062,1.2894185969009846,0.16155338042189696,0.008892835483982585
2182,0.8397088048330075,0.4076329105244662,0.006244409732107478,0.051368349763017865,3.5825370144832895,2.719260308466846,2.574876899275432,0.1443834091914138,1.6794335253464294,1.0076601152078575,0.6717734101385721,0.06436110946935895,0.04284603890071316,0.05614659653519048,1.2755015340540703,0.17121391589812018,0.008794781818648859,0.8535989688960994,0.40990363030846916,-0.002793605723916577,0.052218067442921026,3.701368035980982,2.813445621222174,2.677039887221022,0.13640573400115188,1.7072135812666,1.02432814875996,0.68288543250664,0.06237790903620667,0.041165963781291476,0.05436728137070891,1.2894177197891632,0.16155333844569592,0.00889283396488403
2183,0.8397084113725153,0.4076329793852505,0.006244393352867236,0.05136832561784553,3.5825314366327214,2.719256215735528,2.574872276365689,0.1443839393698387,1.6794319337783878,1.0076591602670324,0.6717727735113554,0.06436122701411087,0.042846138479157095,0.056146704388317197,1.2755007208827558,0.171213874660588,0.008794780414569084,0.8535985827963083,0.40990369744953126,-0.0027936176918616773,0.052218043741486475,3.7013624782857026,2.8134415302360765,2.677035268134207,0.1364062621018698,1.7072120169191596,1.0243272101514957,0.6828848067676638,0.062378020653392964,0.04116605833817763,0.05436738386276735,1.2894169253028678,0.16155330194088563,0.008892832659183574
2184,0.8397080609573869,0.4076330452308404,0.006244389525133495,0.05136830410514144,3.5825263534188245,2.719252521753697,2.5748680998137936,0.14438442193990358,1.6794304226750523,1.007658253605031,0.6717721690700212,0.06436133374593081,0.04284622889738821,0.05614680256081858,1.275499982514628,0.17121383884000269,0.00879477921133327,0.8535982393426353,0.4099037615467167,-0.002793617712737305,0.05221802264813059,3.7013574193151206,2.8134378423253708,2.6770311002432177,0.136406742082153,1.7072105317865052,1.024326319071903,0.6828842127146021,0.06237812187707098,0.04116614409016724,0.054367477044127234,1.2894162047964777,0.16155327031433014,0.008892831544729984
2185,0.8397077488350807,0.4076331082489931,0.006244395676589243,0.05136828493422243,3.5825217178048265,2.7192491840695574,2.5748643222454124,0.1443848618241452,1.679428992599024,1.0076573955594141,0.67177159703961,0.06436143079313345,0.042846311111262234,0.056146892034192986,1.2754993111438981,0.17121380779167797,0.008794778185249826,0.8535979338083065,0.40990382279731347,-0.002793608274063858,0.05221800387374323,3.7013528113140186,2.813434514376677,2.6770273354281895,0.13640717894848736,1.7072091264763818,1.0243254758858291,0.6828836505905528,0.062378213797437645,0.041166221960824395,0.054367561863892494,1.2894155505099152,0.16155324298169776,0.008892830598819663
2186,0.8397074705790178,0.40763316849588127,0.0062444095601314475,0.05136826783434394,3.5825174869600036,2.7192461644306856,2.5748609010963213,0.14438526333436447,1.6794276431061375,1.0076565858636821,0.6717710572424553,0.06436151915295682,0.0428463859655928,0.05614697367739633,1.2754986998716102,0.17121378088392794,0.008794777313010864,0.8535976617939124,0.40990388126997074,-0.002793591544222901,0.05221798714923895,3.701348610807993,2.813431507545839,2.67702393045375,0.136407577092089,1.7072078005904048,1.0243246803542427,0.682883120236162,0.062378297378377134,0.04116629276670692,0.054367639162647224,1.2894149555822363,0.1615532193704759,0.008892829799084455
2187,0.8397072221495132,0.407633225938036,0.006244429258639113,0.05136825255842756,3.582513622383423,2.719243428847182,2.574857798636627,0.14438563021055503,1.6794263729113275,1.007655823746796,0.6717705491645314,0.0643615996971531,0.042846454198887794,0.056147048251723355,1.2754981426669514,0.17121375752123977,0.008794776572459688,0.8535974192867156,0.4099039369454187,-0.0027935693696390373,0.05221797222918492,3.701344778723866,2.8134287873167505,2.677020846989778,0.1364079403269726,1.707206552890147,1.024323931734088,0.6828826211560589,0.06237837346286816,0.041166357221947156,0.054367709677170285,1.289414414013125,0.1615531989410533,0.008892829124241216
2188,0.8397069999237645,0.40763328049169273,0.006244453172309282,0.0513682388848951,3.582510089766854,2.7192409474198858,2.574854981736796,0.14438596568308953,1.6794251800500974,1.007655108030058,0.6717700720200394,0.06436167318319892,0.042846516452846165,0.056147116420554886,1.2754976342896867,0.17121373715972701,0.008794775943164074,0.8535972026894015,0.40990398975463577,-0.0027935432884388517,0.05221795889355951,3.7013412802478407,2.813426323324199,2.6770180513727553,0.13640827195144398,1.7072053814584756,1.0243232288750852,0.6828821525833904,0.06237844278374926,0.0411664159473718,0.05436777404979434,1.2894139205862598,0.16155318120074394,0.008892828554653447
2189,0.8397068007086829,0.4076333320575471,0.006244479998252665,0.05136822661845345,3.58250685874981,2.7192386940724655,2.5748524215319057,0.14438627254055966,1.6794240620298408,1.0076544372179042,0.6717696248119367,0.06436174026719804,0.04284657328328848,0.05614717876054985,1.2754971702008933,0.17121371931775317,0.00879477540684895,0.8535970088319805,0.409904039612535,-0.002793514551270672,0.05221794694848024,3.701338084575893,2.8134240890809172,2.6770155142655887,0.1364085748153283,1.707204283850508,1.0243225703103045,0.6828817135402033,0.06237850597607917,0.041166469480973064,0.05436783283912845,1.289413470781324,0.16155316571341954,0.008892828072756199
2190,0.8397066217342126,0.40763338054850323,0.006244508701432477,0.05136821558968578,3.58250390257485,2.719236646193621,2.574850092993694,0.14438655319992683,1.6794230159685932,1.0076538095811556,0.6717692063874376,0.06436180151789796,0.04284662517203117,0.05614723577375632,1.2754967464659877,0.17121370358022844,0.008794774947650455,0.8535968349647403,0.40990408644487764,-0.002793484150032985,0.052217936225772504,3.7013351645657,2.813422061616193,2.6770132102265882,0.13640885138960496,1.7072032572318532,1.0243219543391118,0.6828813028927414,0.062378563590525966,0.041166518289251317,0.05436788653163037,1.289413060678699,0.16155315210341695,0.008892827663308603
2191,0.8397064606276317,0.40763342590952045,0.006244538480343176,0.05136820565347933,3.582501197657925,2.7192347842032456,2.5748479744267794,0.14438680977646642,1.6794220387185763,1.0076532232311455,0.6717688154874308,0.06436185743130932,0.042846672539271366,0.05614728790019402,1.2754963596535862,0.17121368959903793,0.008794774552184728,0.8535966787326359,0.40990413020753985,-0.002793452851426473,0.05221792658140294,3.701332496304125,2.8134202210391894,2.677011117203156,0.13640910383603375,1.7072022985016158,1.0243213791009693,0.6828809194006463,0.06237861610731637,0.041166562779032294,0.054367935553617755,1.2894126868601714,0.1615531400559253,0.008892827313466621
2192,0.8397063153637302,0.40763346812812984,0.006244568725654778,0.051368196685977516,3.582498723042997,2.719233091014688,2.574846046859651,0.14438704415503686,1.6794211269722445,1.0076526761833464,0.6717684507888981,0.06436190844640147,0.04284671575688348,0.05614733553130924,1.2754960067269225,0.171213677088745,0.008794774209388907,0.8535965381257558,0.4099041708967151,-0.0027934212371554454,0.05221791789244894,3.7013300585565063,2.813418549996337,2.6770092159177175,0.13640933407861927,1.7072014043979813,1.0243208426387889,0.6828805617591924,0.06237866395125628,0.0411666033101918,0.054367980284151955,1.2894123463020146,0.16155312931306257,0.008892827012632644
2193,0.8397061841878493,0.4076335072354012,0.006244598971536688,0.0513681885798718,3.582496459713417,2.719231551369782,2.574844293304758,0.1443872580650239,1.6794202773477658,1.007652166408659,0.6717681109391066,0.06436195496243848,0.042846755163105404,0.056147379024798855,1.2754956849239183,0.1712136658179245,0.008794773910115804,0.8535964114026309,0.4099042085498173,-0.0027933897511465897,0.05221791005240715,3.7013278320680123,2.8134170329974846,2.6770074891180116,0.13640954387947285,1.7072005715833345,1.0243203429500007,0.6828802286333338,0.0623787075084056,0.04116664020978178,0.0543680210693077,1.289412036256302,0.16155311966596403,0.008892826752062393
2194,0.8397060655749513,0.40763354330481866,0.006244628868642424,0.05136818124189767,3.5824943902569,2.7192301515029915,2.574842698386565,0.14438745311642645,1.679419486450559,1.007651691870335,0.6717677945802238,0.06436199734745708,0.042846791069720794,0.05614741871178032,1.2754953916985294,0.17121365560470297,0.008794773646901191,0.8535962970493396,0.4099042432444025,-0.002793358725818283,0.05221790296869158,3.7013257992216735,2.813415656073979,2.677005921198357,0.13640973487562233,1.7071997967055272,1.0243198780233165,0.6828799186822109,0.06237874713427971,0.041166673778978355,0.05436805822911639,1.2894117541925239,0.16155311095074132,0.008892826524638544
2195,0.8397059581912101,0.40763357644562404,0.006244658153766652,0.051368174590485066,3.58249249861844,2.71922887888698,2.5748412480661447,0.1443876308208351,1.6794187509204932,1.0076512505522957,0.6717675003681975,0.06436203594368924,0.04284682376665262,0.056147454901279904,1.2754951246832358,0.17121364630358205,0.008794773413686873,0.8535961937411349,0.4099042750917206,-0.0027933284110797235,0.05221789656028613,3.7013239437845433,2.8134144065184947,2.677004497917638,0.1364099086008568,1.7071990764448426,1.0243194458669056,0.682879630577937,0.062378783159143567,0.04116670429756661,0.054368092061956495,1.2894114977599083,0.16155310303647638,0.008892826324599812
2196,0.8397058608698463,0.4076336067972703,0.006244686632320848,0.051368168554280134,3.5824907699657675,2.719227722087262,2.5748399294857562,0.14438779260150558,1.679418067466686,1.0076508404800113,0.6717672269866747,0.06436207107035892,0.04284685352433257,0.05614748788248969,1.275494881669688,0.17121363779872908,0.008794773205632257,0.8535961003184442,0.4099043042314011,-0.0027932989911075568,0.05221789075627648,3.7013222507693673,2.8134132727366117,2.677003206240216,0.13641006649639575,1.7071984075485855,1.0243190445291515,0.6828793630194341,0.06237881589075578,0.04116673202626532,0.05436812284677524,1.2894112647678848,0.16155309581913002,0.008892826147357716
2197,0.8397057725846424,0.40763363452340134,0.006244714161032297,0.05136816307052519,3.582489190534146,2.7192266706022874,2.574838730797754,0.1443879398045335,1.6794174328939868,1.007650459736392,0.6717669731575949,0.06436210302677349,0.04284688059631992,0.056147517927299884,1.2754946605873243,0.17121362999706016,0.008794773018908427,0.8535960157608211,0.4099043308256923,-0.0027932706008267777,0.05221788549425676,3.7013207062776154,2.813412244085652,2.6770020341631655,0.13641020992248684,1.7071977868574162,1.02431867211445,0.6828791147429664,0.06237884561735006,0.04116675720925267,0.05436815084553559,1.289411053164863,0.16155308921524292,0.00889282598929784
2198,0.8397056924218294,0.407633659805421,0.006244740633514226,0.05136815808333918,3.582487747456404,2.719225714694117,2.5748376409834943,0.1443880737106227,1.6794168441215167,1.0076501064729098,0.671766737648607,0.06436213209558736,0.04284690522206632,0.05614754529299981,1.2754944594807895,0.17121362282359148,0.008794772850479174,0.8535959391594199,0.4099043550533071,-0.0027932433396909984,0.05221788071864594,3.701319297328923,2.8134113107051233,2.6770009705346194,0.1364103401705037,1.707197211323839,1.0243183267943035,0.6828788845295355,0.062378872610756225,0.04116678007681024,0.054368176305802665,1.2894108610160162,0.16155308315770955,0.008892825847569015
2199,0.8397056195572563,0.40763368283540835,0.006244765969757871,0.0513681535423212,3.5824864286470004,2.7192248452711207,2.574836649730762,0.14438819554035892,1.6794162981937308,1.0076497789162382,0.6717665192774926,0.06436215854460949,0.042846927628447065,0.0561475702237275,1.2754942764974313,0.17121361621748268,0.008794772697903658,0.8535958696947401,0.40990437710266164,-0.0027932172816629713,0.05221787637932655,3.701318011744989,2.8134104633995443,2.677000004930986,0.13641045846855832,1.707196678023339,1.0243180068140034,0.6828786712093355,0.06237889712813462,0.04116680084679231,0.05436819946213798,1.2894106864909367,0.1615530775922014,0.008892825719893718
2200,0.8397055532404867,0.4076337038078996,0.006244790109033192,0.0513681494015778,3.5824852227630304,2.719224053841875,2.5748357473915453,0.14438830645032974,1.679415792285809,1.007649475371485,0.671766316914324,0.06436218262657753,0.042846948029569745,0.05614759295015469,1.275494109888861,0.1712136101276526,0.008794772559164655,0.8535958066210385,0.409904397163993,-0.002793192481916229,0.05221787243069122,3.7013168381093844,2.8134096935914967,2.6769991276134126,0.13641056597808401,1.707196184159953,1.0243177104959718,0.6828784736639811,0.06237891941179999,0.04116681972447665,0.05436822053583404,1.2894105278648864,0.16155307247320108,0.008892825604401406
2201,0.8397054927881374,0.40763372291217775,0.0062448130073162605,0.05136814561931556,3.582484119243652,2.719223332542138,2.5748349250204567,0.14438840752168156,1.6794153237053258,1.007649194223195,0.6717661294821307,0.06436220457713265,0.042846966625058575,0.05614761368762512,1.2754939580249625,0.17121360450924708,0.008794772432551983,0.8535957492597452,0.40990441542198236,-0.0027931689792149716,0.05221786883123999,3.701315765804918,2.8134089933469584,2.6769983295640185,0.13641066378293965,1.7071957270681655,1.0243174362408993,0.682878290827266,0.06237893968735818,0.041166836900986034,0.054368239733198015,1.2894103835320616,0.16155306776082215,0.008892825499514586
2202,0.8397054375812378,0.40763374032607336,0.006244834636463671,0.05136814215767978,3.582483108366735,2.7192226741796355,2.574834174431283,0.14438849974835258,1.679414889892421,1.0076489339354522,0.6717659559569688,0.06436222461259443,0.04284698359816945,0.056147632634142505,1.2754938194092857,0.1712135993208856,0.008794772316583429,0.8535956969967459,0.4099044320498279,-0.002793146796674098,0.05221786554341437,3.7013147850677264,2.8134083554179283,2.6769976025397475,0.13641075287818097,1.707195304213298,1.0243171825279789,0.6828781216853189,0.062378958161662765,0.041166852551557186,0.05436825724370076,1.289410252020132,0.1615530634183224,0.008892825403870779
2203,0.8397053870640158,0.4076337562126717,0.006244854984325893,0.051368138982680465,3.58248218128046,2.7192220722594493,2.5748334882288044,0.14438858403064478,1.6794144884194264,1.0076486930516557,0.6717657953677708,0.06436224292873748,0.04284699911475351,0.05614764996926714,1.2754936926875056,0.17121359452361884,0.008794772209963796,0.8535956492812057,0.40990444720615316,-0.0027931259416437426,0.0522178625335255,3.7013138870175677,2.813407773266748,2.676996939102777,0.13641083416397154,1.7071949131913173,1.0243169479147907,0.6828779652765267,0.06237897502169773,0.04116686683459423,0.05436827323896766,1.289410131998197,0.16155305941117792,0.00889282531628309
2204,0.8397053407353708,0.40763377071886325,0.006244874051540221,0.05136813606367093,3.5824813299414515,2.719221520927226,2.5748328597472794,0.14438866117994661,1.6794141169902872,1.0076484701941721,0.6717656467961151,0.06436225970200768,0.042847013324287475,0.056147665855156875,1.275493576639012,0.17121359008013348,0.008794772111523689,0.8535956056170012,0.40990446103364436,-0.002793106408917667,0.05221785977123038,3.701313063593566,2.81340724100715,2.6769963325565094,0.13641090845064063,1.7071945517284268,1.0243167310370564,0.6828778206913705,0.06237899043579314,0.04116687989269857,0.05436828787382096,1.2894100222681293,0.16155305570632986,0.008892825235680551
2205,0.8397052981419111,0.40763378397576017,0.0062448918499121014,0.05136813337292209,3.582480547042176,2.7192210149054468,2.5748322829791768,0.1443887319262702,1.6794137734383325,1.0076482640629993,0.6717655093753332,0.06436227509123901,0.042847026361328144,0.05614768043807159,1.2754934701650291,0.17121358595563227,0.008794772020186315,0.8535955655557431,0.4099044736594892,-0.0027930881824359197,0.05221785722910516,3.701312307479936,2.813406753338963,2.6769957768725448,0.13641097646641806,1.7071942176789845,1.024316530607391,0.6828776870715936,0.06237900455529963,0.041166891854087416,0.05436830128774796,1.2894099217526587,0.16155305227298403,0.00889282516107619
2206,0.8397052588762167,0.4076337960998609,0.006244908401956614,0.05136813088551649,3.5824798259771904,2.7192205494660326,2.574831752543462,0.14438879692257062,1.6794134557228813,1.0076480734337285,0.6717653822891527,0.06436228923856134,0.04284703834628128,0.056147693849186976,1.2754933722823383,0.1712135821181393,0.008794771934970247,0.853595528695098,0.4099044851965517,-0.0027930712357537024,0.052217854882542804,3.7013116120720353,2.813406305520486,2.6769952666586945,0.13641103886179154,1.7071939090222346,1.0243163454133408,0.6828775636088936,0.06237901751546311,0.04116690283333482,0.054368313605685864,1.2894098294891436,0.1615530490828926,0.008892825091570866
2207,0.8397052225758221,0.40763380719415593,0.006244923739997542,0.051368128579286104,3.5824791608169364,2.719220120409687,2.5748312636614346,0.14438885674825272,1.6794131619258366,1.0076478971555018,0.6717652647703348,0.0643623022701238,0.042847049386014566,0.05614770620524762,1.275493282118271,0.17121357853806374,0.008794771854995524,0.853595494677821,0.4099044957444922,-0.002793055532907221,0.052217852709694035,3.7013109714499755,2.8134058933476096,2.6769947971345567,0.1364110962130527,1.7071936238590308,1.0243161743154188,0.6828774495436122,0.06237902943612526,0.04116691293196508,0.05436832493865442,1.2894097446245856,0.16155304610995966,0.008892825026360213
2208,0.8397051889244976,0.40763381734979365,0.006244937906734568,0.051368126434891,3.5824785462959903,2.7192197240587324,2.5748308121469403,0.14438891191179187,1.6794128902484171,1.00764773414905,0.671765156099367,0.06436231429656672,0.042847059574257385,0.056147717609007844,1.2754931989074456,0.17121357518866137,0.008794771779507968,0.8535954631929776,0.4099045053914259,-0.002793041027911655,0.05221785069154224,3.701310380366105,2.8134055131458857,2.67699436412089,0.1364111490249956,1.7071933604086917,1.0243160162452152,0.6828773441634765,0.06237904042219675,0.04116692223885361,0.05436833538419697,1.2894096664122623,0.16155304333066625,0.008892824964758928
2209,0.8397051576493619,0.40763382664770437,0.006244950953597429,0.05136812443564273,3.5824779777628204,2.7192193572149344,2.5748303943577353,0.14438896285719893,1.6794126390084751,1.0076475834050849,0.6717650556033903,0.06436232541439016,0.04284706899276003,0.056147728150449584,1.2754931219823002,0.1712135720458869,0.008794771707880584,0.8535954339730092,0.4099045142155229,-0.0027930276663878373,0.052217848811724,3.7013098341936406,2.8134051617272653,2.6769939639897897,0.13641119773747568,1.707193117006418,1.024315870203851,0.682877246802567,0.06237905056498716,0.04116693083135366,0.05436834502756451,1.289409594202259,0.1615530407239491,0.008892824906202551
2210,0.8397051285142736,0.4076338351603888,0.006244962938112192,0.05136812256710026,3.58247745109204,2.719219017083918,2.5748300071095405,0.1443890099743777,1.6794124066374998,1.0076474439824996,0.6717649626550001,0.06436233570821348,0.04284707771320813,0.05614773790877828,1.2754930507574596,0.17121356908868002,0.008794771639596573,0.8535954067870923,0.4099045222867641,-0.002793015388194438,0.052217847056122986,3.701309328837364,2.8134048363130337,2.676993593577137,0.13641124273589675,1.707192892100378,1.024315735260227,0.6828771568401509,0.06237905994439015,0.0411669387771474,0.05436835394364664,1.2894095274259174,0.1615530382714572,0.008892824850231481
2211,0.8397051013148935,0.4076338429537007,0.006244973922179681,0.0513681208167678,3.5824769626118984,2.719218701213829,2.574829647605936,0.14438905360789317,1.6794121916766047,1.0076473150059626,0.6717648766706421,0.06436234525266633,0.042847085798824444,0.05614774695410088,1.2754929847166554,0.1712135662994094,0.008794771574241345,0.8535953814361628,0.4099045296686776,-0.0027930041291664084,0.05221784541256576,3.701308860659974,2.8134045344713687,2.6769932501113187,0.1364112843600502,1.7071926842477583,1.0243156105486553,0.682877073699103,0.06237906863070685,0.041166946135790694,0.054368362198590606,1.2894094655828547,0.16155303595795178,0.008892824796483519
2212,0.8397050758745607,0.40763385008799496,0.006244983970125989,0.05136811917384285,3.582476509047471,2.719218407447825,2.5748293133843174,0.1443890940635074,1.6794119927719233,1.0076471956631536,0.6717647971087696,0.06436235411381318,0.04284709330557569,0.056147755348692506,1.2754929234028711,0.1712135636634122,0.008794771511492206,0.8535953577487614,0.409904536419462,-0.0027929938230172244,0.052217843870567465,3.7013084264242306,2.8134042540688364,2.676992931158101,0.13641132291073532,1.7071924921102153,1.0243154952661295,0.6828769968440859,0.0623790766860242,0.041166952959880695,0.05436836985102743,1.2894094082311554,0.1615530337708823,0.00889282474468412
2213,0.839705052040658,0.4076338566187998,0.006244993147156971,0.05136811762899368,3.5824760874744945,2.7192181338858705,2.574829002272709,0.14438913161316144,1.679411808669643,1.0076470852017856,0.6717647234678574,0.06436236235025562,0.04284710028310646,0.05614776314797808,1.2754928664107168,0.17121356116848105,0.00879477145110582,0.8535953355773541,0.409904542592643,-0.0027929844028425493,0.05221784242110701,3.701308023245772,2.8134039932312334,2.676992634576404,0.1364113586548293,1.707192314448946,1.0243153886693679,0.6828769257795781,0.06237908416528576,0.04116695929596306,0.05436837695302586,1.2894093549797474,0.16155303169991556,0.008892824694634155
2214,0.8397050296812982,0.40763386259727036,0.006245001518142057,0.051368116174156736,3.5824756952789816,2.7192178788516443,2.5748287123524953,0.14438916649914882,1.6794116382108104,1.007646982926486,0.6717646552843244,0.06436237001406511,0.04284710677552922,0.0561477704013645,1.275492813379976,0.1712135588044298,0.008794771392905023,0.8535953147949835,0.4099045482375183,-0.002792975802304691,0.05221784105642198,3.701307648551786,2.813403750309621,2.6769923584800726,0.1364113918295486,1.7071921501195222,1.0243152900717136,0.6828768600478086,0.06237909111719949,0.04116696518530086,0.05436838355090265,1.2894093054819438,0.16155302973653732,0.008892824646197077
2215,0.839705008682157,0.4076338680705579,0.006245009146570772,0.051368114802342865,3.58247533011923,2.719217640861595,2.5748284419236365,0.14438919893795843,1.6794114803259892,1.0076468881955933,0.6717645921303959,0.06436237715164557,0.04284711282215524,0.05614777715301135,1.2754927639896392,0.17121355656272072,0.00879477133676561,0.8535952952920635,0.40990455339951626,-0.002792967956651446,0.05221783976981276,3.701307300042164,2.8134035238485913,2.6769921012022238,0.13641142264636763,1.7071919980665666,1.0243151988399404,0.6828767992266263,0.062379097585076246,0.041166970664585065,0.05436838968597196,1.2894092594294708,0.1615530278737064,0.008892824599285965
2216,0.8397049889433916,0.4076338730821267,0.006245016093628569,0.05136811350744891,3.582474989889288,2.719217418595309,2.574828189471395,0.14438922912391378,1.6794113340298216,1.0076468004178927,0.6717645336119288,0.06436238380455324,0.04284711845818902,0.05614778344256387,1.2754927179522315,0.171213554436139,0.008794771282603015,0.8535952769732715,0.40990455812050114,-0.0027929608036122294,0.05221783855545241,3.7013069756522423,2.813403312555968,2.676991861261248,0.13641145129471985,1.707191857318323,1.024315114390994,0.6828767429273288,0.06237910360762434,0.04116697576660755,0.05436839539525626,1.2894092165468145,0.1615530261055533,0.008892824553850475
2217,0.8397049703770326,0.4076338776720465,0.006245022417540505,0.05136811228409811,3.5824746726871584,2.7192172108701587,2.5748279536378478,0.14438925723231072,1.6794111984155178,1.0076467190493106,0.6717644793662073,0.06436239001020166,0.04284712371532558,0.056147789305786205,1.2754926750089357,0.1712135524185393,0.008794771230361256,0.8535952597549259,0.40990456243905554,-0.0027929542840351845,0.05221783740822614,3.701306673520445,2.8134031152769388,2.6769916373317573,0.13641147794518138,1.7071917269811452,1.0243150361886875,0.6828766907924577,0.06237910921963115,0.04116698052083857,0.05436840071209874,1.2894091765863696,0.1615530244271456,0.008892824509866106
2218,0.8397049529045749,0.4076338818771918,0.006245028172983759,0.05136811112749269,3.582474376786121,2.7192170166186496,2.5748277331964973,0.1443892834221522,1.679411072649373,1.0076466435896236,0.6717644290597493,0.06436239580248097,0.042847128622275084,0.05614779477511885,1.2754926349253104,0.17121355050454867,0.008794771180002053,0.8535952435625624,0.4099045663906691,-0.0027929483424440904,0.052217836323583164,3.701306391959164,2.8134029309709945,2.6769914282187544,0.1364115027522399,1.7071916062340153,1.0243149637404096,0.6828766424936058,0.0623791144525607,0.04116698495393297,0.05436840566670162,1.289409139324186,0.16155302283421238,0.008892824467323502
2219,0.8397049364553816,0.40763388573144127,0.006245033410923619,0.05136811003331633,3.582474100613785,2.7192168348726895,2.5748275270345746,0.14438930783811485,1.6794109559653507,1.0076465735792102,0.6717643823861404,0.06436240121219869,0.042847133205136195,0.05614779988008055,1.275492597488237,0.17121354868939462,0.008794771131498284,0.8535952283293368,0.4099045700079302,-0.00279294292719081,0.05221783529743891,3.7013061294335414,2.8134027586959456,2.676991232839665,0.13641152585628066,1.7071914943231266,1.0243148965938762,0.6828765977292504,0.06237911933497757,0.04116698909008934,0.05436841028651305,1.289409104556948,0.1615530213229878,0.008892824426222112
2220,0.8397049209652735,0.4076338892658243,0.006245038178443629,0.05136810899764778,3.582473842733723,2.719216664750007,2.574827334137788,0.14438933061221867,1.679410847659892,1.007646508595935,0.6717643390639568,0.06436240626745547,0.04284713748771449,0.0561478046476126,1.275492562503323,0.17121354696866797,0.00879477108482788,0.8535952139946196,0.40990457332066765,-0.0027929379905947405,0.05221783432608907,3.7013058845429367,2.813402597594195,2.676991050208928,0.136411547385267,1.7071913905566811,1.024314834334009,0.6828765562226722,0.06237912389290787,0.041166992951355785,0.054368414596558085,1.2894090720994122,0.16155301988999426,0.008892824386564363
2221,0.8397049063754053,0.4076338925086846,0.0062450425187754385,0.051368108016892164,3.582473601829721,2.7192165054428123,2.5748271535775467,0.1443893518652659,1.6794107470869573,1.0076464482521743,0.671764298834783,0.06436241099396617,0.0428471414917944,0.05614780910237495,1.2754925297926807,0.1712135453382114,0.008794771039969507,0.8535952005028791,0.4099045763561085,-0.002792933488902874,0.05221783340614128,3.7013056560050726,2.8134024468812946,2.6769908794251105,0.1364115674561842,1.7071912942999368,1.0243147765799623,0.6828765177199745,0.06237912815014589,0.041166996557889725,0.05436841861972183,1.2894090417822177,0.1615530185319421,0.008892824348351444
2222,0.8397048926313702,0.4076338954858511,0.006245046471401811,0.051368107087726156,3.5824733766922647,2.7192163562083387,2.574826984500259,0.14438937170807956,1.6794106536533426,1.0076463921920056,0.671764261461337,0.06436241541533376,0.04284714523737128,0.056147813267000586,1.2754924991930305,0.171213543794038,0.008794770996899499,0.8535951878027987,0.4099045791390446,-0.0027929293821712525,0.05221783253446108,3.7013054426424925,2.8134023058364583,2.676990719660181,0.13641158617627697,1.7071912049705187,1.0243147229823113,0.6828764819882073,0.062379132128515216,0.0411669999281791,0.054368422376992374,1.289409013450031,0.16155301724565696,0.008892824311580515
2223,0.8397048796824972,0.4076338982208142,0.006245050072217498,0.05136810620705502,3.5824731662069444,2.7192162163609477,2.574826826118375,0.14438939024257294,1.6794105668142827,1.0076463400885696,0.671764226725713,0.06436241955328334,0.0428471487428496,0.05614781716231449,1.2754924705540853,0.1712135423322763,0.00879477095558989,0.8535951758465882,0.409904581692003,-0.00279292563409117,0.05221783170812981,3.701305243371001,2.8134021737946946,2.6769905701505854,0.1364116036441094,1.7071911220340263,1.024314673220416,0.6828764488136103,0.062379135848090225,0.04116700307922995,0.054368425887668353,1.2894089869599694,0.16155301602803265,0.008892824276242873
2224,0.8397048674811702,0.4076339007348805,0.006245053353680294,0.05136810537197095,3.5824729693435335,2.71921608526467,2.574826677701921,0.14438940756274876,1.679410486069354,1.0076462916416125,0.6717641944277415,0.06436242342788148,0.042847152025228846,0.05614782080753856,1.2754924437370296,0.17121354094911911,0.008794770916006396,0.8535951645893148,0.40990458403539615,-0.0027929222118310212,0.05221783092440366,3.7013050571887467,2.8134020501393415,2.676990430188782,0.13641161995055948,1.7071910449999412,1.0243146269999648,0.6828764179999763,0.062379139327404506,0.0411670060267431,0.05436842916955408,1.289408962180117,0.16155301487598692,0.008892824242322097
2225,0.839704855982579,0.4076339030473564,0.00624505634513324,0.05136810457973777,3.582472785148914,2.7192159623290806,2.5748265385737223,0.14438942375535815,1.6794104109586525,1.0076462465751916,0.6717641643834609,0.06436242705767467,0.04284715510022073,0.05614782422042586,1.2754924186135654,0.17121353964084146,0.008794770878108954,0.8535951539886718,0.4099045861877016,-0.002792919085706877,0.05221783018069949,3.701304883169284,2.8134019342980583,2.6769902991185974,0.13641163517946095,1.7071909734178101,1.0243145840506862,0.6828763893671239,0.06237914258357927,0.04116700878522284,0.05436843223908457,1.2894089389886099,0.16155301378648068,0.008892824209794727
2226,0.839704845144359,0.4076339051756912,0.0062450590729951905,0.051368103827768956,3.582472612739722,2.7192158470047074,2.57482640810414,0.14438943890056755,1.679410341059303,1.007646204635582,0.6717641364237211,0.06436243045983206,0.04284715798237015,0.056147827417397045,1.2754923950649195,0.1712135384037412,0.008794770841851296,0.8535951440046378,0.40990458816560055,-0.0027929162289815207,0.052217829474574005,3.701304720454334,2.813401825738331,2.676990176330076,0.13641164940825487,1.7071909068737636,1.0243145441242583,0.6828763627495054,0.062379145632457236,0.04116701136809037,0.054368435111453846,1.2894089172726861,0.16155301275646702,0.008892824178629992
2227,0.8397048349266159,0.40763390713565617,0.006245061561149248,0.05136810311362912,3.582472451298272,2.7192157387812754,2.5748262857089252,0.14438945307235032,1.6794102759822447,1.007646165589347,0.6717641103928977,0.06436243365022218,0.04284716068512019,0.05614783041361901,1.2754923729813192,0.17121353723419644,0.008794770807182937,0.8535951345995226,0.40990458998415424,-0.0027929136174702357,0.052217828803726524,3.7013045682499315,2.8134017239659,2.676990061257543,0.13641166270835695,1.7071908449873145,1.0243145069923887,0.6828763379949259,0.0623791484886705,0.04116701378774133,0.05436843780068555,1.2894088969281983,0.161553011782947,0.008892824148791946
2228,0.8397048252930082,0.4076339089416459,0.006245063831716975,0.05136810243510015,3.5824723000771086,2.7192156371936576,2.5748261708555025,0.14438946633815505,1.6794102153693433,1.0076461292216061,0.6717640861477372,0.06436243664331093,0.042847163220725695,0.05614783322292864,1.275492352262693,0.17121353612880727,0.008794770774058193,0.8535951257391363,0.4099045916571086,-0.0027929112287517696,0.05221782816607054,3.7013044258318297,2.8134016285314822,2.6769899533867374,0.13641167514474495,1.7071907874084877,1.0243144724450925,0.6828763149633952,0.06237915116552736,0.0411670160554499,0.05436844031954652,1.289408877860422,0.16155301086311205,0.008892824120248862
2229,0.8397048162097369,0.4076339106067185,0.006245065904731201,0.051368101790119566,3.5824721583874912,2.7192155418128383,2.5748260630528845,0.14438947875995387,1.6794101588910109,1.0076460953346067,0.6717640635564043,0.06436243945240189,0.04284716560045685,0.056147835858049513,1.2754923328170116,0.17121353508415998,0.00879477074243112,0.85359511739172,0.40990459319692507,-0.002792909042505412,0.052217827559668195,3.701304292533383,2.8134015390211635,2.6769898522441036,0.1364116867770599,1.707190733815466,1.0243144402892794,0.6828762935261865,0.06237915367525292,0.041167018181572604,0.05436844267976338,1.2894088599823434,0.1615530099941135,0.008892824092967983
2230,0.8397048076453559,0.40763391214278166,0.006245067798565901,0.05136810117676871,3.5824720255937597,2.7192154522422944,2.5748259618474454,0.14438949039484902,1.6794101062438573,1.0076460637463143,0.671764042497543,0.06436244208976202,0.042847167834705616,0.05614783833071043,1.2754923145594148,0.17121353409711546,0.00879477071225645,0.8535951095277637,0.40990459461496453,-0.0027929070400908237,0.05221782698271926,3.701304167739932,2.813401455052783,2.6769897573925743,0.13641169766020855,1.7071906839122633,1.0243144103473578,0.6828762735649054,0.06237915602910879,0.041167020175649764,0.05436844489213567,1.2894088432138064,0.16155300917334625,0.008892824066916513
2231,0.8397047995705144,0.4076339135607074,0.006245069529966826,0.05136810059325704,3.5824719011080903,2.7192153681145457,2.5748258668189647,0.14438950129558076,1.6794100571485426,1.0076460342891256,0.671764022859417,0.06436244456673024,0.04284716993307783,0.056147840651747896,1.2754922974114635,0.1712135331647144,0.008794770683489403,0.853595102119754,0.40990459592159684,-0.0027929052045109204,0.05221782643354557,3.7013040508836017,2.813401376272512,2.6769896684276477,0.13641170784486448,1.70719063742659,1.024314382455954,0.6828762549706361,0.062379158237495486,0.0411670220464922,0.05436844696663258,1.2894088274807836,0.16155300839835518,0.00889282404206149
2232,0.8397047919577446,0.40763391487043416,0.00624507111416292,0.05136810003790924,3.582471784385969,2.719215289088256,2.5748257775772943,0.14438951151096177,1.6794100113477912,1.0076460068086748,0.6717640045391164,0.06436244689381018,0.042847171904471654,0.05614784283119395,1.275492281300497,0.17121353228416095,0.008794770656085605,0.8535950951419675,0.40990459712630095,-0.002792903520303515,0.052217825910578435,3.7013039414388,2.813401302351969,2.6769895849740712,0.13641171737789795,1.7071905941078815,1.0243143564647288,0.6828762376431528,0.06237916031003992,0.041167023802255405,0.05436844891247594,1.289408812714753,0.16155300766682054,0.008892824018369765
2233,0.8397047847812789,0.4076339160810553,0.006245072564971657,0.05136809950915386,3.5824716749221954,2.719215214845713,2.5748256937594585,0.14438952108625464,1.6794099686045612,1.0076459811627367,0.6717639874418244,0.06436244908075034,0.0428471737571456,0.05614784487835246,1.275492266159077,0.1712135314528074,0.008794770630001015,0.8535950885702915,0.409904598237748,-0.0027929019734296012,0.052217825412347624,3.70130383891826,2.813401232985713,2.676989506682968,0.1364117263027453,1.707190553725487,1.0243143322352921,0.6828762214901949,0.06237916225567099,0.041167025450503505,0.054368450738212386,1.289408798852162,0.16155300697654537,0.008892823995807963
2234,0.8397047780168884,0.4076339172008959,0.006245073894911149,0.05136809900551358,3.582471572247336,2.71921514509062,2.5748256150271196,0.14438953006350044,1.6794099287003608,1.0076459572202165,0.6717639714801443,0.06436245113661451,0.04284717549877806,0.05614784680186648,1.2754922519245042,0.1712135306681419,0.008794770605191876,0.8535950823820649,0.4099045992638754,-0.0027929005511662455,0.05221782493747169,3.7013037428695332,2.8134011678890674,2.6769894332293354,0.13641173465973186,1.7071905160669967,1.0243143096401979,0.6828762064267987,0.06237916408268551,0.04116702699826519,0.05436845245177642,1.2894087858339578,0.161553006325444,0.008892823974342441
2235,0.8397047716417417,0.4076339182375809,0.006245075115294485,0.05136809852559645,3.582471475924572,2.7192150795461596,2.574825541064351,0.14438953848180894,1.6794098914337026,1.0076459348602214,0.6717639565734811,0.0643624530698433,0.04284717713651953,0.0561478486097771,1.275492238538388,0.1712135299277758,0.008794770581614653,0.8535950765559434,0.40990460021195246,-0.002792899242002711,0.05221782448464964,3.701303652871871,2.8134011067962024,2.6769893643098452,0.13641174248635707,1.7071904809367102,1.024314288562026,0.6828761923746842,0.062379165798805994,0.04116702845208261,0.054368454060546,1.2894087736051723,0.16155300571153203,0.008892823953939281
2236,0.8397047656342802,0.4076339191980941,0.006245076236334267,0.051368098068088286,3.5824713855468824,2.7192150179532875,2.574825471575674,0.1443895463776132,1.6794098566186806,1.0076459139712084,0.6717639426474722,0.0643624548883087,0.0428471786770388,0.056147850309576086,1.2754922259462727,0.17121352922943453,0.008794770559225977,0.8535950710717762,0.40990460108863624,-0.002792898035543709,0.052217824052653426,3.7013035685334454,2.813401049458452,2.6769892996409093,0.13641174981754264,1.7071904481542275,1.0243142688925362,0.6828761792616912,0.06237916741123166,0.041167029818054604,0.05436845557139173,1.2894087621145651,0.16155300513291776,0.008892823934564253
2237,0.8397047599741077,0.40763392008883187,0.006245077267227894,0.05136809763174595,3.5824713007345217,2.7192149600692166,2.5748254062843206,0.14438955378489587,1.6794098240836686,1.0076458944502011,0.6717639296334673,0.06436245659936213,0.04284718012656363,0.05614785190825215,1.2754922140973035,0.17121352857094746,0.00879477053798262,0.8535950659105,0.409904601900022,-0.002792896922418242,0.05221782364032143,3.7013034894888746,2.813400995642831,2.6769892389569785,0.13641175668585265,1.70719041755316,1.0243142505318958,0.6828761670212642,0.06237916892668312,0.04116703110187456,0.054368456990720015,1.2894087513143004,0.16155300458779345,0.008892823916182799
2238,0.8397047546418938,0.40763392091564965,0.006245078216246293,0.05136809721539143,3.5824712211327827,2.7192149056660964,2.5748253449307086,0.14438956073538797,1.6794097936701233,1.0076458762020741,0.6717639174680492,0.06436245820987677,0.042847181490916694,0.05614785341233203,1.275492202943933,0.17121352795023947,0.008794770517841438,0.8535950610540465,0.40990460265168827,-0.002792895894189025,0.05221782324655283,3.7013034153970126,2.813400945130734,2.6769891820090463,0.1364117631216875,1.7071903889799438,1.0243142333879662,0.6828761555919777,0.06237917035144201,0.041167032308863996,0.05436845832451169,1.2894087411596682,0.16155300407442894,0.008892823898760014
2239,0.8397047496192924,0.4076339216839048,0.006245079090817507,0.05136809681790673,3.5824711464099903,2.7192148545298416,2.5748252872710964,0.1443895672587451,1.6794097652314897,1.007645859138894,0.6717639060925957,0.06436245972628526,0.0428471827755474,0.056147854827916975,1.2754921924416631,0.1712135273653243,0.008794770498759406,0.8535950564852612,0.40990460334873663,-0.0027928949432744488,0.05221782287030262,3.7013033459389866,2.813400897716786,2.6769891285633314,0.13641176915345474,1.7071903622927587,1.0243142173756552,0.6828761449171036,0.062379171691385654,0.04116703344400188,0.054368459578355705,1.2894087316088354,0.1615530035911648,0.008892823882260679
2240,0.8397047448888669,0.40763392239849433,0.006245079897600023,0.05136809643822948,3.5824710762557093,2.7192148064590946,2.57482523307639,0.14438957338270478,1.6794097386321991,1.0076458431793196,0.6717638954528795,0.06436246115461278,0.042847183985560006,0.05614785616071515,1.2754921825488124,0.17121352681429752,0.008794770480693595,0.8535950521878348,0.4099046039958287,-0.0027928940628674584,0.052217822510577376,3.7013032808164383,2.813400853207839,2.6769890784001174,0.13641177480772165,1.707190337360535,1.024314202416321,0.6828761349442142,0.06237917295201807,0.041167034511951,0.05436846075747953,1.289408722622626,0.16155300313640733,0.008892823866649274
2241,0.8397047404340292,0.40763392306389074,0.006245080642557202,0.051368096075349035,3.5824710103791473,2.719214761264321,2.5748251821310957,0.14438957913322534,1.6794097137467525,1.0076458282480516,0.6717638854987008,0.06436246250050666,0.04284718512573867,0.05614785741607049,1.2754921732263147,0.1712135262953315,0.008794770463601206,0.8535950481462447,0.4099046045972189,-0.0027928932468651163,0.05221782216643166,3.7013032197499736,2.813400811422093,2.6769890313127447,0.13641178010934865,1.7071903140620484,1.0243141884372289,0.6828761256248194,0.06237917413849706,0.041167035517080786,0.05436846186677572,1.2894087141643293,0.16155300270862394,0.008892823851890028
2242,0.8397047362389872,0.4076339236841741,0.00624508133102393,0.05136809572830335,3.5824709485077237,2.719214718767005,2.574825134232394,0.14438958453461137,1.6794096904588833,1.0076458142753302,0.6717638761835532,0.06436246376926277,0.042847186200569806,0.05614785859898861,1.2754921644375357,0.17121352580667093,0.008794770447439653,0.8535950443457023,0.40990460515678495,-0.002792892489800025,0.05221782183696488,3.701303162477757,2.8134007721883108,2.676988987106701,0.13641178508160967,1.7071902922850928,1.0243141753710556,0.6828761169140372,0.06237917525565846,0.04116703646348794,0.05436846291082581,1.2894087061995243,0.16155300230633954,0.008892823837946982
2243,0.8397047322886975,0.40763392426306144,0.006245081967771043,0.05136809539617605,3.582470890385798,2.7192146787989455,2.5748250891893223,0.1443895896096233,1.6794096686607924,1.0076458011964755,0.6717638674643168,0.06436246496584863,0.04284718721426166,0.05614785971415956,1.2754921561481098,0.17121352534662904,0.00879477043216658,0.8535950407721128,0.40990460567805653,-0.002792891786776039,0.052217821521318715,3.701303108754275,2.81340073534514,2.6769889455988407,0.13641178974629922,1.707190271925724,1.0243141631554344,0.6828761087702896,0.06237917630803768,0.041167037355014646,0.05436846389392158,1.2894086986959301,0.16155300192813363,0.008892823824784069
2244,0.83970472856883,0.4076339248039357,0.00624508255706295,0.051368095078094256,3.58247083577351,2.7192146412016194,2.5748250468220384,0.14438959437958082,1.6794096482524525,1.0076457889514718,0.6717638593009808,0.06436246609492494,0.042847188170762586,0.05614786076597909,1.2754921483257973,0.17121352491358507,0.008794770417739996,0.8535950374120389,0.4099046061642421,-0.002792891133411843,0.05221782121867499,3.7013030583492204,2.813400700740505,2.6769889066166757,0.1364117941238292,1.7071902528875742,1.0243141517325447,0.6828761011550296,0.06237917729988918,0.04116703819526507,0.05436846482008442,1.2894086916232652,0.16155300157263808,0.008892823812365221
2245,0.8397047250657323,0.40763392530987147,0.0062450831027121775,0.051368094773226416,3.5824707844457473,2.719214605825616,2.574825006961163,0.14438959886445282,1.6794096291409732,1.0076457774845842,0.6717638516563891,0.0643624671608645,0.04284718907377695,0.0561478617585671,1.2754921409403472,0.17121352450598185,0.008794770404118349,0.8535950342526707,0.409904606618254,-0.002792890525781841,0.05221782092825373,3.7013030110464817,2.8134006682310635,2.676988869997747,0.1364117982333166,1.7071902350812245,1.0243141410487349,0.6828760940324897,0.062379178235203794,0.0411670389876201,0.05436846569308244,1.2894086849531234,0.16155300123853575,0.008892823800654485
2246,0.8397047217664035,0.40763392578366037,0.006245083608130295,0.05136809448078063,3.582470736191202,2.719214572530131,2.5748249694471887,0.14438960308294221,1.6794096112400219,1.0076457667440133,0.6717638444960085,0.06436246816776972,0.042847189926780216,0.056147862695785304,1.2754921339633811,0.17121352412232452,0.008794770391260639,0.8535950312817999,0.4099046070427319,-0.0027928899603699014,0.05221782064931161,3.701302966643242,2.8134006376817235,2.6769888355890603,0.1364118020926632,1.707190218423636,1.0243141310541817,0.6828760873694543,0.062379179117724774,0.0411670397352508,0.05436846651644642,1.289408678658862,0.1615530009245592,0.008892823789616136
2247,0.8397047186584685,0.40763392622783434,0.006245084076371948,0.05136809420000318,3.582470690811518,2.7192145411825006,2.5748249341299374,0.14438960705256304,1.6794095944693004,1.0076457566815806,0.6717638377877199,0.06436246911948862,0.04284719073303216,0.05614786358125261,1.2754921273682793,0.17121352376117924,0.008794770379126526,0.853595028487798,0.4099046074400654,-0.0027928894340199933,0.05221782038114066,3.701302924949151,2.813400608965201,2.6769888032465716,0.1364118057186294,1.7071902028376325,1.0243141217025795,0.6828760811350528,0.06237917995096227,0.04116704044113083,0.054368467293484185,1.2894086727154972,0.16155300062949043,0.008892823779214794
2248,0.8397047157301571,0.40763392664468723,0.006245084510179848,0.051368093930177175,3.5824706481205144,2.7192145116577855,2.5748249008680757,0.14438961078971,1.679409578754064,1.0076457472524387,0.6717638315016252,0.0643624700196293,0.04284719149558948,0.056147864418359776,1.2754921211300814,0.17121352342117233,0.008794770367676457,0.8535950258595982,0.4099046078124152,-0.002792888943896593,0.05221782012306709,3.701302885785588,2.8134005819616306,2.6769887728347306,0.1364118091269002,1.7071901882514289,1.0243141129508575,0.6828760753005715,0.06237918073820647,0.041167041108047475,0.054368468027293664,1.2894086670996097,0.16155300035216022,0.008892823769415576
2249,0.8397047129702868,0.40763392703629686,0.006245084912020443,0.05136809367062148,3.5824706079434754,2.719214483838387,2.5748248695286615,0.1443896143097257,1.679409564024689,1.0076457384148139,0.6717638256098752,0.06436247087157364,0.04284719221731707,0.05614786521028257,1.2754921152253935,0.1712135231009898,0.008794770356871782,0.8535950233866806,0.4099046081617337,-0.0027928884874443977,0.05221781987445035,3.7013028489849735,2.813400556558199,2.6769887442260503,0.13641181233214913,1.7071901745982054,1.0243141047589233,0.6828760698392822,0.06237918148254007,0.041167041738612284,0.054368468720775255,1.2894086617892582,0.16155300009144807,0.008892823760184224
2250,0.8397047103682446,0.40763392740454335,0.006245085284120405,0.0513680934206896,3.5824705701164987,2.7192144576136923,2.574824839986732,0.14438961762696007,1.6794095502162774,1.0076457301297668,0.6717638200865106,0.0643624716784896,0.04284719290089872,0.05614786595999418,1.2754921096323,0.17121352279937702,0.008794770346674877,0.8535950210590557,0.40990460848978305,-0.0027928880623524707,0.052217819634682194,3.7013028143901474,2.81340053264881,2.676988717300715,0.13641181534809516,1.7071901618157208,1.0243140970894324,0.6828760647262883,0.06237918218684958,0.04116704233527052,0.054368469376642976,1.2894086567638983,0.1615529998462824,0.00889282375148723
2251,0.8397047079139712,0.40763392775112833,0.006245085628496634,0.051368093179768724,3.5824705344858843,2.7192144328797334,2.5748248121249047,0.14438962075482883,1.6794095372682984,1.0076457223609796,0.671763814907319,0.06436247244334325,0.04284719354884714,0.05614786667027681,1.275492104330283,0.17121352251513824,0.008794770337049212,0.8535950188672526,0.4099046087981534,-0.0027928876665255647,0.052217819403185844,3.701302781853794,2.8134005101337745,2.6769886919462182,0.1364118181875564,1.7071901498459596,1.0243140899075758,0.6828760599383839,0.062379182853835785,0.04116704290031019,0.05436846999743485,1.2894086520043058,0.16155299961564054,0.008892823743291952
2252,0.839704705597948,0.40763392807759186,0.006245085946983496,0.051368092947278815,3.582470500907581,2.719214409538889,2.574824785833023,0.14438962370586605,1.6794095251242627,1.0076457150745581,0.6717638100497045,0.0643624731689096,0.042847194163513194,0.05614786734373235,1.2754920993001453,0.17121352224713626,0.008794770327959514,0.8535950168023058,0.4099046090882794,-0.0027928872980548317,0.05221781917941519,3.7013027512378964,2.8134004889195103,2.6769886680570076,0.13641182086250261,1.7071901386348145,1.0243140831808888,0.6828760554539257,0.06237918348602402,0.041167043435870646,0.05436847058552295,1.2894086474925062,0.16155299939854847,0.008892823735566732
2253,0.8397047034111795,0.40763392838532825,0.006245086241258024,0.05136809272267163,3.5824704692466547,2.719214387499574,2.5748247610077986,0.14438962649177509,1.6794095137314262,1.0076457082388564,0.6717638054925699,0.06436247385778304,0.04284719474709471,0.056147867982792546,1.27549209452394,0.17121352199429185,0.008794770319371793,0.8535950148557425,0.40990460936145545,-0.002792886955192711,0.05221781896285405,3.7013027224132475,2.813400468918272,2.676988645534171,0.13641182338410096,1.707190128131794,1.0243140768790764,0.6828760512527176,0.062379184085773406,0.04116704394395042,0.05436847114312249,1.2894086432117082,0.16155299919408123,0.008892823728280985
2254,0.8397047013451824,0.40763392867560105,0.006245086512863901,0.05136809250542987,3.582470439376801,2.7192143666759647,2.574824737552489,0.14438962912347594,1.6794095030405192,1.0076457018243121,0.671763801216207,0.06436247451238727,0.04284719530164496,0.05614786858972858,1.2754920899849003,0.17121352175558371,0.008794770311253473,0.853595013019573,0.4099046096188506,-0.0027928866363303925,0.05221781875301533,3.701302695258975,2.8134004500478804,2.676988624285117,0.1364118257627633,1.7071901182897629,1.0243140709738578,0.682876047315905,0.06237918465528604,0.041167044426415014,0.054368471672300696,1.2894086391462385,0.16155299900136263,0.00889282372140533
2255,0.8397046993919676,0.4076339289495565,0.006245086763225632,0.05136809229506617,3.582470411179877,2.719214346987725,2.5748247153765744,0.14438963161115057,1.6794094930055035,1.0076456958033027,0.6717637972022007,0.06436247513498461,0.042847195829080455,0.05614786916666019,1.2754920856673766,0.17121352153004732,0.008794770303573392,0.8535950112862751,0.409904609861522,-0.002792886339980323,0.05221781854944024,3.7013026696620988,2.8134004322314667,2.6769886042232782,0.13641182800818846,1.707190109064701,1.0243140654388208,0.6828760436258803,0.06237918519661523,0.04116704488500392,0.054368472174984916,1.2894086352814813,0.1615529988195648,0.00889282371491162
2256,0.8397046975440291,0.40763392920823704,0.006245086993668339,0.05136809209112222,3.5824703845454637,2.7192143283597416,2.574824694395455,0.14438963396428658,1.6794094835833466,1.0076456901500088,0.6717637934333379,0.06436247572768511,0.04284719633118873,0.056147869715564264,1.2754920815567716,0.17121352131677436,0.008794770296301945,0.8535950096487842,0.4099046100904265,-0.0027928860647587067,0.05221781835169748,3.7013026455171105,2.813400415397222,2.676988585267819,0.13641183012940336,1.7071901004154857,1.0243140602492917,0.6828760401661941,0.06237918571167406,0.04116704532133779,0.05436847265297083,1.2894086316038216,0.16155299864790834,0.008892823708773045
2257,0.8397046957943253,0.4076339294525919,0.006245087205431432,0.05136809189316763,3.582470359370439,2.719214310721866,2.5748246745301477,0.1443896361917183,1.6794094747338177,1.0076456848402913,0.6717637898935264,0.06436247629245526,0.04284719680963571,0.05614787023828331,1.2754920776394822,0.17121352111491173,0.008794770289411034,0.8535950081004761,0.409904610306433,-0.0027928858093712455,0.05221781815938217,3.7013026227255645,2.8134003994781516,2.676988567343348,0.13641183213480376,1.707190092303694,1.0243140553822165,0.6828760369214774,0.062379186202243184,0.04116704573692513,0.054368473107929915,1.2894086281005834,0.16155299848566068,0.008892823702964157
2258,0.8397046941362649,0.4076339296834887,0.006245087399678079,0.05136809170079887,3.5824703355585776,2.7192142940086628,2.5748246557069963,0.14438963830166657,1.6794094664193011,1.0076456798515814,0.6717637865677196,0.06436247683112634,0.04284719726597279,0.05614787073653333,1.2754920739028401,0.17121352092366016,0.008794770282874145,0.8535950066351556,0.4099046105103319,-0.0027928855726009755,0.052217817972114965,3.7013026011956964,2.8134003844118354,2.6769885503796442,0.13641183403219093,1.7071900846934196,1.0243140508160522,0.6828760338773675,0.06237918666997855,0.04116704613316876,0.054368473541416766,1.2894086247599814,0.16155299833213643,0.008892823697460922
2259,0.8397046925636875,0.40763392990172176,0.006245087577508773,0.05136809151363807,3.582470313020152,2.7192142781591535,2.5748246378573767,0.14438964030177687,1.679409458604624,1.0076456751627751,0.6717637834418487,0.06436247734540271,0.0428471977016438,0.05614787121191164,1.275492070335055,0.17121352074227308,0.008794770276666333,0.8535950052470404,0.4099046107028453,-0.0027928853532978304,0.05221781778954092,3.701302580842045,2.8134003701401893,2.6769885343113797,0.13641183582880964,1.7071900775511084,1.0243140465306655,0.682876031020443,0.06237918711641895,0.04116704651137229,0.05436847395487642,1.2894086215710625,0.16155299818669544,0.008892823692240731
2260,0.8397046910708478,0.40763393010802157,0.006245087739965724,0.05136809133133169,3.582470291671565,2.7192142631165805,2.5748246209174246,0.14438964219915587,1.679409451256899,1.0076456707541404,0.6717637805027589,0.06436247783686949,0.04284719811799159,0.05614787166590419,1.2754920669251608,0.17121352057005473,0.008794770270764217,0.8535950039307426,0.4099046108846345,-0.0027928851503734725,0.05221781761132824,3.7013025615850883,2.813400356609227,2.6769885190778444,0.13641183753138283,1.7071900708454055,1.0243140425072437,0.6828760283381619,0.06237918754299325,0.04116704687274619,0.054368474349651016,1.2894086185236566,0.16155299804874199,0.008892823687282395
2261,0.8397046896523949,0.4076339303030619,0.006245087888040721,0.05136809115354919,3.5824702714349788,2.719214248828157,2.5748246048277506,0.1443896440004067,1.679409444345379,1.0076456666072282,0.6717637777381509,0.06436247830700054,0.04284719851626473,0.05614787209989294,1.2754920636629627,0.17121352040635818,0.008794770265145956,0.8535950026812537,0.40990461105630766,-0.002792884962789309,0.05221781743716698,3.701302543350894,2.813400343768831,2.6769885046226856,0.1364118391461453,1.7071900645470135,1.0243140387282086,0.682876025818805,0.062379187951027586,0.041167047218413896,0.05436847472698662,1.2894086156083249,0.16155299791772307,0.008892823682566157
2262,0.8397046883033525,0.4076339304874657,0.006245088022679826,0.051368090979981434,3.582470252237962,2.7192142352448316,2.5748245895331694,0.14438964571166218,1.67940943784132,1.0076456627047927,0.6717637751365273,0.06436247875716569,0.0428471988976237,0.05614787251516272,1.2754920605389846,0.17121352025058334,0.008794770259791192,0.8535950014939242,0.4099046112184261,-0.0027928847895569986,0.05221781726676754,3.7013025260707777,2.813400331572517,2.67698849089364,0.13641184067887688,1.7071900586285624,1.0243140351771378,0.6828760234514246,0.06237918834175212,0.04116704754941754,0.0543684750880395,1.289408612816311,0.1615529977931266,0.008892823678073633
2263,0.8397046870190995,0.40763393066181147,0.006245088144786498,0.051368090810338995,3.582470234013148,2.719214222321049,2.574824574982432,0.14438964733861734,1.6794094317178587,1.007645659030716,0.6717637726871428,0.06436247918863808,0.04284719926314705,0.05614787291290792,1.2754920575444186,0.17121352010217428,0.008794770254681037,0.8535950003644441,0.409904611371509,-0.0027928846297304924,0.05221781709985904,3.7013025096809686,2.8134003199772066,2.676988477842274,0.13641184213493257,1.7071900530644908,1.0243140318386947,0.682876021225796,0.06237918871630797,0.04116704786672383,0.05436847543388261,1.2894086101394937,0.16155299767447925,0.008892823673787766
2264,0.8397046857953453,0.407633930826636,0.006245088255225309,0.051368090644350356,3.582470216697901,2.7192142100145236,2.574824561127965,0.14438964888655878,1.6794094259498928,1.0076456555699362,0.6717637703799565,0.06436247960260133,0.04284719961383743,0.05614787329423912,1.2754920546710773,0.17121351996061693,0.008794770249797936,0.8535949992888231,0.4099046115160384,-0.0027928844824065407,0.05221781693618748,3.701302494122289,2.8134003089430037,2.6769884654237304,0.13641184351927338,1.7071900478309308,1.0243140286985586,0.6828760191323721,0.06237918907575371,0.04116704817122953,0.05436847576551153,1.2894086075703373,0.16155299756134428,0.008892823669692785
2265,0.8397046846281097,0.40763393098243905,0.006245088354821571,0.05136809048175972,3.582470200233992,2.7192141982860027,2.5748245479256076,0.1443896503603954,1.6794094205139727,1.0076456523083843,0.6717637682055885,0.06436248000015629,0.042847199950627496,0.05614787366018943,1.2754920519113448,0.17121351982543567,0.008794770245125627,0.8535949982633674,0.40990461165246134,-0.002792884346719815,0.05221781677551362,3.7013024793398333,2.8134002984329656,2.6769884535964716,0.1364118448364939,1.7071900429056024,1.0243140257433616,0.6828760171622407,0.06237918942107197,0.041167048463767085,0.05436847608385053,1.2894086051018483,0.16155299745331914,0.00889282366577409
2266,0.839704683513696,0.4076339311296841,0.006245088444362723,0.0513680903223247,3.582470184567276,2.719214187099041,2.574824535334357,0.14438965176468413,1.679409415388197,1.0076456492329189,0.6717637661552782,0.06436248038232814,0.04284720027438571,0.05614787401172071,1.2754920492581299,0.17121351969619028,0.008794770240648998,0.8535949972846579,0.4099046117811924,-0.0027928842218443023,0.052217816617610574,3.701302465282664,2.8134002884128835,2.6769884423220343,0.13641184609084908,1.7071900382677156,1.0243140229606298,0.682876015307086,0.06237918975317579,0.041167048745109985,0.05436847638975841,1.2894086027275284,0.16155299735003248,0.008892823662018193
2267,0.8397046824486687,0.4076339312688001,0.006245088524599443,0.05136809016581351,3.582470169647393,2.7192141764197797,2.5748245233161224,0.14438965310365728,1.6794094105521167,1.0076456463312706,0.671763764220846,0.06436248075007298,0.042847200585922035,0.05614787434972976,1.275492046704818,0.17121351957247263,0.008794770236353989,0.8535949963495231,0.4099046119026144,-0.002792884106992924,0.052217816462260966,3.7013024519034965,2.813400278851052,2.6769884315647707,0.1364118472862812,1.7071900338978756,1.0243140203387258,0.68287601355915,0.06237919007291513,0.041167049015978285,0.05436847668403429,1.2894086004413268,0.1615529972511405,0.008892823658412543
2268,0.8397046814298231,0.4076339314001808,0.006245088596241587,0.05136809001200161,3.582470155427444,2.719214166216707,2.5748245118354602,0.14438965438124707,1.6794094059866387,1.0076456435919838,0.6717637623946549,0.06436248110428483,0.04284720088599381,0.056147874675054436,1.275492044245225,0.17121351945390217,0.008794770232227415,0.8535949954550155,0.40990461201707745,-0.0027928840014174727,0.052217816309253595,3.70130243915841,2.813400269718056,2.676988421291614,0.13641184842644197,1.707190029777993,1.024314017866796,0.682876011911197,0.06237919038108346,0.04116704927704415,0.05436847696742357,1.2894085982375971,0.16155299715632437,0.008892823654945436
2269,0.8397046804541572,0.40763393152418165,0.00624508865995866,0.05136808986066776,3.582470141863696,2.7192141564604397,2.574824500859332,0.14438965560110809,1.6794094016739396,1.0076456410043644,0.6717637606695752,0.06436248144580244,0.04284720117531164,0.05614787498847981,1.2754920418735485,0.1712135193401218,0.008794770228256789,0.8535949945983791,0.4099046121248967,-0.002792883904410577,0.05221781615837903,3.7013024270065342,2.813400260986533,2.676988411471816,0.13641184951471705,1.707190025891197,1.0243140155347183,0.6828760103564785,0.062379190678424165,0.04116704952893736,0.054368477240623526,1.289408596111047,0.16155299706528495,0.008892823651605774
2270,0.8397046795188366,0.40763393164111617,0.006245088716376475,0.05136808971158888,3.5824701289152605,2.7192141471234734,2.574824490356834,0.14438965676663956,1.6794093975973772,1.007645638558427,0.6717637590389502,0.06436248177541687,0.042847201454545646,0.05614787529074467,1.2754920395843152,0.17121351923079225,0.008794770224430086,0.8535949937770185,0.40990461222634816,-0.0027928838153071095,0.05221781600942463,3.701302415409737,2.8134002526309327,2.676988402076685,0.13641185055424762,1.7071900222217529,1.024314013333052,0.6828760088887009,0.06237919096563803,0.04116704977225158,0.05436847750428991,1.2894085940566895,0.1615529969777389,0.0088928236483829
2271,0.8397046786211563,0.4076339317512483,0.0062450887660734505,0.05136808956453371,3.5824701165437673,2.719214138179929,2.574824480298923,0.1443896578810061,1.6794093937414067,1.0076456362448447,0.671763757496562,0.06436248209387924,0.04284720172433214,0.056147875582548225,1.2754920373723309,0.171213519125586,0.00879477022073546,0.8535949929884583,0.40990461232166053,-0.0027928837334908058,0.05221781586216759,3.7013024043323064,2.8134002446272666,2.6769883930793172,0.1364118515479495,1.7071900187549813,1.024314011252989,0.6828760075019924,0.062379191243390586,0.04116705000755062,0.054368477759043174,1.289408592069786,0.16155299689341207,0.008892823645266274
2272,0.839704677758493,0.40763393185478125,0.0062450888095731474,0.05136808941925443,3.5824701047130136,2.719214129605271,2.5748244706581147,0.14438965894715647,1.6794093900914973,1.007645634054899,0.6717637560365982,0.06436248240190916,0.04284720198528076,0.0561478758645573,1.275492035232616,0.171213519024179,0.00879477021716088,0.8535949922302962,0.4099046124110035,-0.0027928836583935718,0.052217815716366106,3.701302393740592,2.8134002369528193,2.6769883844542868,0.1364118524985327,1.707190015477175,1.0243140092863052,0.6828760061908699,0.062379191512320555,0.04116705023537556,0.05436847800547558,1.2894085901457921,0.16155299681203278,0.0088928236422451
2273,0.8397046769282455,0.4076339319518398,0.006245088847337481,0.05136808927547527,3.5824700933885727,2.7192141213759844,2.574824461408144,0.14438965996784006,1.679409386634046,1.0076456319804283,0.6717637546536177,0.06436248270020459,0.04284720223798277,0.05614787613741432,1.2754920331603432,0.17121351892624065,0.008794770213693601,0.8535949915001428,0.4099046124944714,-0.002792883589508091,0.052217815571747414,3.7013023836026098,2.8134002295858194,2.6769883761772997,0.13641185340851955,1.7071900123755168,1.0243140074253103,0.6828760049502065,0.06237919177304945,0.04116705045625296,0.054368478244159094,1.2894085882802835,0.1615529967333212,0.008892823639307842
2274,0.8397046761277543,0.4076339320424437,0.006245088879756902,0.051368089132876625,3.582470082537331,2.719214113469178,2.574824452523556,0.1443896609456222,1.6794093833562906,1.007645630013775,0.6717637533425155,0.06436248298945214,0.04284720248301985,0.056147876401745615,1.2754920311507618,0.17121351883141925,0.008794770210319481,0.8535949907955411,0.40990461257205435,-0.0027928835263938134,0.052217815427990796,3.70130237388758,2.813400222505041,2.6769883682247837,0.1364118542802574,1.7071900094379937,1.0243140056627964,0.6828760037751973,0.062379192026191944,0.0411670506707035,0.05436847847565354,1.289408586468885,0.16155299665697687,0.00889282363644149
2275,0.839704675354199,0.4076339321264709,0.006245088907132781,0.051368088991073674,3.582470072126924,2.719214105862093,2.574824443979195,0.14438966188289779,1.6794093802462127,1.0076456281477284,0.6717637520984843,0.064362483270342,0.04284720272097665,0.05614787665817317,1.275492029199098,0.1712135187393231,0.00879477020702201,0.8535949901138592,0.409904612643601,-0.0027928834686903534,0.05221781528470484,3.7013023645653416,2.813400215689295,2.6769883605733598,0.1364118551159352,1.7071900066533026,1.0243140039919818,0.6828760026613208,0.06237919227237059,0.041167050879254596,0.05436847870051828,1.2894085847071646,0.16155299658265979,0.008892823633630592
2276,0.8397046746044449,0.4076339322035978,0.006245088929655113,0.0513680888495847,3.582470062125003,2.719214098531443,2.5748244357495436,0.14438966278189966,1.6794093772924312,1.0076456263754596,0.6717637509169717,0.06436248354358383,0.042847202952454415,0.056147876907326595,1.2754920273004422,0.17121351864949264,0.008794770203780887,0.8535949894521369,0.40990461270875855,-0.0027928834161408053,0.05221781514139362,3.7013023556056006,2.8134002091167463,2.676988353199154,0.1364118559175923,1.7071900040107442,1.0243140024064468,0.6828760016042974,0.062379192512232215,0.041167051082454206,0.05436847891932439,1.2894085829905195,0.16155299650996477,0.008892823630855806
2277,0.8397046738748302,0.40763393227321354,0.006245088947369026,0.05136808870778607,3.5824700524982447,2.719214091452504,2.5748244278077976,0.14438966364470598,1.6794093744840768,1.0076456246904468,0.67176374979363,0.06436248380992994,0.042847203178090446,0.05614787714986041,1.2754920254495903,0.1712135185613605,0.00879477020056996,0.8535949888068644,0.40990461276688434,-0.0027928833686169663,0.05221781499740871,3.701302346976905,2.8134002027639737,2.6769883460768464,0.13641185668712727,1.7071900015000971,1.0243140009000586,0.6828760006000386,0.06237919274647102,0.04116705128089042,0.05436847913267186,1.2894085813140086,0.16155299643838245,0.008892823628091778
2278,0.8397046731608475,0.40763393233428785,0.006245088960124323,0.051368088564845316,3.5824700432109706,2.719214084597827,2.574824420124589,0.14438966447323795,1.6794093718106353,1.007645623086382,0.6717637487242534,0.06436248407020354,0.04284720339858211,0.05614787738647403,1.2754920236408473,0.1712135184741916,0.008794770197354118,0.8535949881736594,0.4099046128169122,-0.002792883326164175,0.0522178148518779,3.7013023386452026,2.8134001966046265,2.6769883391783265,0.1364118574263,1.70718999911146,1.0243139994668762,0.6828759996445838,0.0623791929758574,0.04116705147521589,0.054368479341210044,1.2894085796721482,0.16155299636724313,0.008892823625304027
2279,0.8397046724566696,0.40763393238516665,0.006245088967510734,0.051368088419620296,3.582470034223157,2.719214077935357,2.5748244126661115,0.14438966526924527,1.6794093692617411,1.0076456215570455,0.6717637477046956,0.06436248432533503,0.042847203614717666,0.056147877617936416,1.2754920218677777,0.17121351838699367,0.008794770194084615,0.8535949875467751,0.40990461285714375,-0.0027928832890588423,0.052217814703597557,3.7013023305717674,2.813400190607461,2.6769883324707395,0.1364118581367216,1.7071899968350461,1.0243139981010279,0.6828759987340182,0.06237919320127494,0.041167051666179136,0.0543684795456624,1.2894085780586488,0.16155299629563039,0.008892823622444094
2280,0.8397046717544032,0.40763393242324364,0.006245088968761109,0.051368088270501364,3.5824700254874946,2.719214071425613,2.5748244053913534,0.14438966603425984,1.6794093668269006,1.0076456200961412,0.6717637467307593,0.06436248457640445,0.042847203827411987,0.05614787784511091,1.2754920201229092,0.1712135182983736,0.008794770190691593,0.8535949869183405,0.40990461288491564,-0.0027928832578836688,0.052217814550864786,3.7013023227101254,2.8134001847334034,2.6769883259135874,0.13641185881981618,1.7071899946608966,1.0243139967965382,0.6828759978643584,0.062379193423763635,0.0411670518546612,0.054368479746852105,1.2894085764661085,0.16155299622224556,0.008892823619441995
2281,0.8397046710428765,0.4076339324444061,0.00624508896263571,0.05136808811515085,3.5824700169448493,2.719214065017273,2.574824398247794,0.14438966676947912,1.6794093644950912,1.0076456186970555,0.6717637457980355,0.06436248482468036,0.04284720403773978,0.05614787806896858,1.2754920183974665,0.1712135182063039,0.008794770187071744,0.85359498627712,0.4099046128960422,-0.0027928832336131526,0.05221781439120079,3.701302315001304,2.813400178930941,2.6769883194542183,0.13641185947672235,1.7071899925784753,1.0243139955470855,0.6828759970313898,0.06237919364456006,0.04116705204170966,0.054368479945715684,1.289408574885726,0.16155299614518523,0.008892823616193682
2282,0.8397046703055177,0.4076339324420293,0.006245069145510068,0.05136808795003994,3.5824700085169283,2.719214058639905,2.574824391164433,0.14438966747547202,1.6794093622541575,1.0076456173524955,0.6717637449016621,0.06436248507161835,0.042847204246934154,0.056147878290547126,1.2754920166813806,0.1712135181077064,0.00879477018306634,0.8535949856063626,0.40990461288380975,-0.002792900933627815,0.052217814220860796,3.7013023073661637,2.8134001731285636,2.6769883130205323,0.13641186010803136,1.7071899905760517,1.0243139943456314,0.6828759962304204,0.062379193865096834,0.041167052228538156,0.05436848014326214,1.2894085733073037,0.16155299606154988,0.008892823612538958
2283,0.8397046718231471,0.40763393306766355,0.006245095052467557,0.05136808826967807,3.5824700000935774,2.7192140633629664,2.5748243957269557,0.14438966763601083,1.6794093406110353,1.007645604366622,0.6717637362444133,0.06436248477399593,0.042847203994802296,0.056147878218888114,1.275492018732103,0.17121351825450265,0.008794770197799956,0.8535949870213813,0.4099046134841263,-0.00279287767507317,0.052217814548022864,3.7013022996922,2.8134001772700237,2.6769883169645645,0.13641186030545932,1.707189971212725,1.0243139827276353,0.6828759884850897,0.06237919357809982,0.04116705198540764,0.054368480075522446,1.289408575341003,0.16155299619961014,0.008892823626428905
2284,0.8397046707355582,0.4076339329465259,0.00624508943276722,0.05136808801735342,3.5824699937976217,2.719214055938141,2.5748243876098442,0.14438966832829647,1.679409343646294,1.0076456061877772,0.6717637374585168,0.06436248512823407,0.04284720429489636,0.05614787848009667,1.275492016273977,0.17121351813249797,0.008794770190662264,0.8535949860322131,0.409904613357798,-0.002792882812964359,0.05221781429014515,3.7013022941636544,2.8134001706415703,2.6769883097379967,0.13641186090357343,1.7071899740427623,1.0243139844256577,0.6828759896171046,0.06237919389865218,0.041167052256964674,0.05436848030741965,1.2894085730509577,0.16155299609493373,0.008892823619874406
2285,0.8397046703709524,0.4076339330678881,0.006245090885338894,0.051368087938315155,3.582469987069565,2.7192140511771323,2.574824382186894,0.14438966899023828,1.6794093414711164,1.0076456048826705,0.6717637365884459,0.06436248528267079,0.04284720442572795,0.056147878635786005,1.2754920151980935,0.17121351809465693,0.008794770189962792,0.8535949857300883,0.40990461347169527,-0.0027928814026252843,0.05221781420960048,3.701302288148577,2.8134001664085893,2.676988304909921,0.13641186149866832,1.7071899720644261,1.024313983238656,0.6828759888257702,0.062379194029518886,0.04116705236782886,0.05436848044185494,1.289408572111118,0.16155299606765758,0.00889282361951269
2286,0.8397046697968121,0.4076339331052253,0.006245090342664628,0.051368087807208244,3.5824699807131433,2.719214045886937,2.574824376268,0.1443896696189372,1.6794093407419048,1.0076456044451434,0.6717637362967613,0.06436248550181473,0.04284720461137651,0.05614787882722977,1.2754920136746852,0.1712135180310987,0.008794770187253706,0.8535949852209572,0.4099046135020495,-0.002792881900441996,0.0522178140757041,3.701302282480349,2.8134001616634037,2.6769882996042424,0.1364118620591614,1.7071899714601766,1.0243139828761063,0.6828759885840703,0.062379194223661866,0.04116705253229776,0.05436848061105777,1.28940857072101,0.16155299601599138,0.008892823617165008
2287,0.8397046693097617,0.40763393316605195,0.006245090437686535,0.05136808769142878,3.5824699744734816,2.7192140409512797,2.574824370717306,0.14438967023397342,1.6794093395936243,1.0076456037561752,0.6717637358374491,0.0643624856985731,0.04284720477806104,0.05614787900525898,1.275492012306235,0.1712135179773842,0.00879477018526035,0.8535949847945665,0.40990461355569174,-0.0027928817783329438,0.052217813957039484,3.7013022768971466,2.8134001572412677,2.6769882946319976,0.1364118626092699,1.7071899704419145,1.024313982265149,0.6828759881767654,0.06237919439713176,0.041167052679253385,0.05436848076825327,1.2894085694781587,0.1615529959731307,0.008892823615502423
2288,0.8397046688128206,0.4076339332167853,0.006245090326162259,0.05136808757173394,3.5824699684217087,2.7192140360807153,2.5748243652499943,0.14438967083072093,1.6794093386195235,1.0076456031717147,0.6717637354478088,0.06436248589992842,0.0428472049486399,0.05614787918550816,1.2754920109060857,0.17121351792228967,0.00879477018310807,0.8535949843560084,0.40990461359948344,-0.002792881858610867,0.05221781383424689,3.701302271473195,2.813400152863386,2.676988289719715,0.1364118631436709,1.707189969589133,1.02431398175348,0.6828759878356528,0.06237919457576604,0.04116705283058404,0.054368480928235076,1.289408568198662,0.1615529959286592,0.00889282361366997
2289,0.8397046683360808,0.4076339332674973,0.006245090281077725,0.05136808745349256,3.582469962531493,2.7192140313662123,2.5748243599561076,0.14438967141010478,1.6794093376256412,1.0076456025753853,0.6717637350502558,0.06436248609733425,0.042847205115872936,0.05614787936274542,1.2754920095333588,0.17121351786915665,0.008794770181064625,0.8535949839347838,0.40990461364329295,-0.002792881874797898,0.05221781371268511,3.701302266183202,2.813400148619225,2.6769882849559914,0.13641186366323352,1.7071899687120167,1.0243139812272104,0.6828759874848063,0.06237919475136413,0.04116705297934256,0.05436848108600291,1.2894085669408883,0.1615529958856799,0.008892823611928752
2290,0.8397046678701444,0.40763393331558717,0.006245090218114771,0.05136808733538391,3.582469956803612,2.7192140267734084,2.574824354800314,0.14438967197309419,1.6794093366721616,1.0076456020032978,0.6717637346688639,0.0643624862929172,0.042847205281561704,0.05614787953821672,1.2754920081733434,0.17121351781703015,0.008794770179052084,0.853594983521925,0.40990461368461806,-0.0027928819087215673,0.05221781359107362,3.701302261029232,2.813400144476316,2.676988280307491,0.13641186416882456,1.7071899678695677,1.024313980721741,0.6828759871478266,0.06237919492587207,0.04116705312717757,0.05436848124266952,1.2894085656909862,0.16155299584333843,0.008892823610204752
2291,0.8397046674172395,0.4076339333619177,0.006245090162308724,0.05136808721779957,3.5824699512316034,2.7192140223074874,2.5748243497874292,0.1443896725200584,1.6794093357402888,1.0076456014441741,0.6717637342961147,0.06436248648590763,0.042847205445054215,0.056147879711401075,1.275492006831363,0.17121351776615173,0.008794770177091503,0.8535949831196786,0.40990461372429354,-0.0027928819362483676,0.05221781346980694,3.701302256006106,2.8134001404405042,2.6769882757797956,0.1364118646607088,1.70718996704385,1.0243139802263106,0.6828759868175395,0.06237919509852104,0.041167053273437726,0.0543684813977048,1.2894085644544275,0.16155299580186927,0.008892823608518749
2292,0.8397046669763869,0.4076339334064675,0.006245090106952823,0.0513680871007015,3.5824699458108755,2.7192140179618898,2.574824344910187,0.1443896730517026,1.679409334834479,1.0076456009006884,0.6717637339337906,0.06436248667635941,0.042847205606396106,0.05614787988230434,1.2754920055070458,0.17121351771645055,0.00879477017517736,0.853594982727224,0.4099046137623094,-0.0027928819637261446,0.0522178133488629,3.7013022511104485,2.813400136506317,2.6769882713668336,0.13641186513948345,1.7071899662393575,1.024313979743615,0.6828759864957425,0.06237919526931256,0.04116705341812437,0.05436848155107034,1.289408563231202,0.16155299576122423,0.008892823606866322
2293,0.8397046665474966,0.4076339334494421,0.006245090054034834,0.051368086984150546,3.58246994053668,2.719214013733602,2.574824340165015,0.1443896735685871,1.6794093339527738,1.0076456003716652,0.6717637335811086,0.0643624868641613,0.04284720576549312,0.05614788005083653,1.2754920042011602,0.17121351766794174,0.008794770173311336,0.8535949823445775,0.40990461379886917,-0.002792881989241408,0.05221781322831297,3.7013022463386993,2.813400132671637,2.6769882670660303,0.13641186560560678,1.7071899654544478,1.024313979272669,0.6828759861817787,0.06237919543810173,0.04116705356111469,0.054368481702645,1.289408562022341,0.1615529957214315,0.008892823605249749
2294,0.8397046661302461,0.4076339334909839,0.006245090003123871,0.05136808686817371,3.5824699354043683,2.719214009618678,2.5748243355473717,0.14438967407130604,1.679409333094993,1.0076455998569966,0.6717637332379963,0.06436248704928063,0.04284720592231761,0.05614788021696498,1.2754920029139334,0.17121351762061632,0.008794770171493166,0.8535949819715282,0.40990461383411514,-0.002792882013177858,0.05221781310819448,3.701302241687329,2.8134001289334094,2.6769882628738353,0.1364118660595741,1.707189964689155,1.0243139788134934,0.6828759858756617,0.062379195604820706,0.041167053702351256,0.05436848185236465,1.289408560828327,0.16155299568249623,0.008892823603669452
2295,0.8397046657244287,0.4076339335312627,0.006245089954511063,0.051368086752807296,3.58246993040962,2.719214005613744,2.574824331053324,0.14438967456042018,1.679409332260492,1.007645599356296,0.6717637329041959,0.06436248723168411,0.04284720607684135,0.05614788038066075,1.2754920016455946,0.17121351757447945,0.00879477016972351,0.8535949816079749,0.40990461386821586,-0.0027928820352228767,0.05221781298855348,3.701302237153099,2.8134001252891148,2.676988258787265,0.13641186650184986,1.7071899639430559,1.024313978365834,0.682875985577222,0.06237919576940433,0.04116705384177884,0.05436848200017164,1.2894085596496239,0.16155299564443665,0.008892823602126714
2296,0.839704665329831,0.40763393357044164,0.006245089908206047,0.05136808663808147,3.582469925548301,2.7192140017154647,2.5748243266789856,0.14438967503647923,1.6794093314488572,1.0076455988693152,0.671763732579542,0.06436248741136112,0.04284720622905536,0.05614788054191375,1.2754920003962171,0.17121351752953587,0.008794770168002923,0.8535949812538044,0.40990461390133315,-0.002792882055349437,0.052217812869428955,3.7013022327329086,2.8134001217362297,2.676988254803338,0.13641186693289173,1.7071899632159497,1.0243139779295705,0.6828759852863794,0.06237919593181211,0.04116705397936316,0.05436848214602896,1.28940855848652,0.16155299560726935,0.008892823600622683
2297,0.8397046649463108,0.4076339336087016,0.006245089864373818,0.051368086524032006,3.582469920816678,2.719213997920889,2.57482432242088,0.14438967550000892,1.679409330659662,1.007645598395798,0.671763732263864,0.06436248758830483,0.04284720637895383,0.056147880700718356,1.2754919991658498,0.17121351748580146,0.00879477016633253,0.8535949809089706,0.4099046139336469,-0.002792882073371722,0.052217812750865206,3.7013022284240145,2.813400118272586,2.6769882509194485,0.13641186735313768,1.7071899625076088,1.0243139775045658,0.682875985003043,0.06237919609200929,0.04116705411507475,0.0543684822899059,1.2894085573392626,0.16155299557102096,0.008892823599159046
2298,0.8397046645737334,0.40763393364622136,0.006245089823030389,0.05136808641069181,3.582469916211228,2.719213994227175,2.5748243182756543,0.14438967595152094,1.6794093298926214,1.0076455979355736,0.6717637319570477,0.06436248776252301,0.04284720652654336,0.0561478808570813,1.2754919979544366,0.17121351744329294,0.00879477016471347,0.8535949805734296,0.4099046139653338,-0.002792882089259978,0.05221781263290288,3.7013022242238356,2.813400114896085,2.6769882471330706,0.13641186776301448,1.7071899618179407,1.024313977090765,0.6828759847271758,0.06237919624997787,0.04116705424889838,0.05436848243178599,1.2894085562079791,0.16155299553571834,0.008892823597737479
2299,0.8397046642120273,0.40763393368319395,0.006245089784302799,0.05136808629809894,3.58246991172882,2.7192139906318413,2.574824314240339,0.1443896763915024,1.6794093291474668,1.0076455974884808,0.671763731658986,0.06436248793402433,0.042847206671831305,0.056147881011010856,1.2754919967619194,0.17121351740203727,0.008794770163147378,0.8535949802471976,0.4099046139965854,-0.002792882102872568,0.05221781251558752,3.701302220130143,2.8134001116049556,2.676988243442027,0.1364118681629287,1.707189961146859,1.024313976688116,0.6828759844587431,0.062379196405702386,0.04116705438082095,0.054368482571655816,1.289408555092781,0.16155299550139743,0.008892823596360119
2300,0.8397046638611495,0.407633933719817,0.0062450897482369955,0.051368086186292926,3.5824699073666255,2.719213987132615,2.5748243103121924,0.14438967682042256,1.6794093284240543,1.0076455970544334,0.671763731369621,0.06436248810282438,0.042847206814830854,0.05614788116252116,1.2754919955881894,0.17121351736206614,0.008794770161636087,0.8535949799303139,0.4099046140275975,-0.002792882114154023,0.05221781239896555,3.7013022161409674,2.813400108397602,2.67698823984433,0.13641186855327217,1.707189960494395,1.0243139762966376,0.6828759841977575,0.06237919655917608,0.04116705451083673,0.054368482709509364,1.2894085539937148,0.16155299546809757,0.008892823595029293
2301,0.8397046635211097,0.4076339337562967,0.006245089714930249,0.05136808607531751,3.582469903122229,2.71921398372757,2.574824306488849,0.1443896772387209,1.6794093277222988,1.0076455966333802,0.6717637310889187,0.06436248826893534,0.04284720695555232,0.05614788131162352,1.2754919944331624,0.17121351732341888,0.008794770160181806,0.8535949796228667,0.4099046140585743,-0.002792882122996637,0.05221781228308734,3.7013022122547152,2.8134001052727484,2.6769882363383384,0.13641186893441026,1.7071899598606275,1.0243139759163769,0.6828759839442505,0.062379196710390314,0.041167054638938376,0.05436848284533929,1.2894085529108432,0.16155299543586507,0.008892823593747648
2302,0.8397046631919756,0.4076339337928528,0.006245089684490529,0.05136808596522275,3.5824698989936623,2.7192139804151423,2.57482430276833,0.14438967764681215,1.6794093270422192,1.0076455962253323,0.6717637308168869,0.06436248843236662,0.04284720709400369,0.05614788145832704,1.2754919932967732,0.17121351728614437,0.008794770158787196,0.8535949793249984,0.4099046140897333,-0.0027928821292841494,0.05221781216800927,3.7013022084702034,2.8134001022294495,2.676988232922763,0.13641186930668633,1.7071899592457334,1.0243139755474404,0.6828759836982928,0.06237919685933524,0.04116705476511759,0.05436848297913732,1.2894085518442355,0.16155299540475446,0.008892823592518275
2303,0.8397046628738659,0.4076339338297133,0.0062450896570172415,0.05136808585606315,3.5824698949794094,2.719213977194119,2.574824299149038,0.1443896780450809,1.6794093263839507,1.0076455958303714,0.6717637305535794,0.06436248859312341,0.042847207230189366,0.056147881602636805,1.2754919921789862,0.17121351725029985,0.008794770157455284,0.8535949790368992,0.40990461412130036,-0.0027928821329120945,0.052217812053791876,3.7013022047866726,2.8134000992670902,2.6769882295966743,0.1364118696704161,1.7071899586499968,1.0243139751899983,0.6828759834599983,0.062379197005998005,0.041167054889363466,0.05436848311089234,1.2894085507939836,0.16155299537482773,0.008892823591344603
2304,0.8397046625669796,0.4076339338671252,0.006245089632675449,0.05136808574790336,3.582469891078536,2.7192139740637744,2.574824295629896,0.1443896784338782,1.6794093257477316,1.0076455954486399,0.6717637302990919,0.06436248875119913,0.042847207364103766,0.056147881744547934,1.2754919910798468,0.17121351721595618,0.008794770156189725,0.8535949787588367,0.40990461415352053,-0.0027928821337069587,0.05221781194050586,3.701302201203919,2.813400096385524,2.6769882263596396,0.13641187002588429,1.7071899580737981,1.0243139748442793,0.6828759832295189,0.06237919715035547,0.041167055011656385,0.054368483240584506,1.2894085497602514,0.16155299534615883,0.008892823590230674
2305,0.839704662271537,0.4076339339053336,0.006245089611511115,0.05136808564080879,3.582469887290462,2.7192139710236134,2.574824292210086,0.1443896788135275,1.679409325133959,1.0076455950803762,0.6717637300535828,0.064362488906586,0.042847207495740294,0.0561478818840535,1.2754919899994084,0.17121351718318675,0.00879477015499427,0.8535949784910947,0.4099046141866359,-0.0027928821316261856,0.052217811828222035,3.7013021977220526,2.8134000935847987,2.676988223211448,0.13641187037335076,1.7071899575176734,1.0243139745106045,0.682875983007069,0.06237919729238475,0.04116705513197698,0.05436848336819333,1.2894085487432028,0.16155299531882364,0.008892823589180586
2306,0.8397046619878638,0.4076339339446078,0.006245089593765643,0.051368085534858415,3.5824698836153033,2.7192139680737677,2.574824288889458,0.14438967918430934,1.6794093245430737,1.0076455947258451,0.6717637298172286,0.06436248905925478,0.042847207625074185,0.056147882021128616,1.2754919889378735,0.17121351715208202,0.008794770153873494,0.8535949782340598,0.40990461422091334,-0.0027928821264261577,0.05221781171702497,3.7013021943418556,2.8134000908655756,2.6769882201525412,0.13641187071303437,1.7071899569821896,1.0243139741893141,0.6828759827928754,0.062379197432042635,0.041167055250288645,0.05436848349368134,1.2894085477431443,0.16155299529291353,0.008892823588199239
2307,0.8397046617163302,0.40763393398522296,0.006245089579558681,0.05136808543013677,3.5824698800536914,2.719213965214725,2.574824285668254,0.1443896795464709,1.6794093239757275,1.0076455943854374,0.6717637295902902,0.06436248920916746,0.042847207752073214,0.056147882155739764,1.275491987895505,0.17121351712274033,0.008794770152832272,0.8535949779881622,0.4099046142566256,-0.002792882117982051,0.05221781160700456,3.7013021910646122,2.813400088228862,2.67698821718374,0.136411871045122,1.7071899564681197,1.0243139738808722,0.6828759825872475,0.0623791975692784,0.0411670553665484,0.054368483617003506,1.2894085467604373,0.1615529952685269,0.008892823587291817
2308,0.8397046614573845,0.40763393402746834,0.0062450895690991035,0.05136808532673798,3.58246987660687,2.7192139624474905,2.574824282547273,0.14438967990021717,1.6794093234326601,1.0076455940595967,0.6717637293730633,0.06436248935626851,0.042847207876690385,0.0561478822878381,1.2754919868726877,0.1712135170952719,0.008794770151876049,0.8535949777539037,0.40990461429405856,-0.002792882106096059,0.05221781149826013,3.7013021878921832,2.8134000856761494,2.6769882143063883,0.136411871369761,1.7071899559763242,1.024313973585795,0.6828759823905294,0.06237919770402516,0.04116705548069959,0.05436848373810071,1.2894085457955584,0.16155299524577238,0.008892823586464047
2309,0.8397046612115454,0.4076339340716459,0.006245089562594126,0.05136808522476568,3.582469873276713,2.7192139597735636,2.574824279527851,0.14438968024571255,1.6794093229147686,1.007645593748862,0.6717637291659067,0.0643624895004851,0.042847207998863976,0.05614788241735923,1.2754919858699238,0.17121351706979857,0.008794770151010777,0.8535949775318555,0.40990461433351105,-0.002792882090562235,0.05221781139090044,3.7013021848270387,2.8134000832094133,2.676988211522354,0.13641187168705926,1.7071899555078074,1.0243139733046847,0.6828759822031226,0.06237919783620001,0.04116705559267197,0.05436848385689943,1.289408544849097,0.16155299522476907,0.008892823585722128
2310,0.8397046609794152,0.4076339341180731,0.006245089560297949,0.05136808512433431,3.582469870065782,2.719213957195003,2.574824276611927,0.14438968058307586,1.6794093224230906,1.007645593453855,0.6717637289692355,0.0643624896417243,0.04284720811851524,0.05614788254422086,1.2754919848878576,0.1712135170464555,0.008794770150243034,0.8535949773226683,0.4099046143752973,-0.0027928820711342756,0.052217811285045004,3.7013021818723164,2.8134000808311708,2.6769882088340893,0.1364118719970813,1.707189955063711,1.024313973038227,0.6828759820254842,0.06237919796570117,0.041167055702379315,0.054368483973309345,1.2894085439217773,0.16155299520564792,0.00889282358507287
2311,0.8397046607616866,0.40763393416708626,0.006245089562502179,0.05136808502557151,3.5824698669773887,2.71921395471447,2.57482427380209,0.14438968091237997,1.6794093219588302,1.0076455931752988,0.6717637287835314,0.06436248977986986,0.04284720823554574,0.05614788266832008,1.2754919839272925,0.1712135170253932,0.00879477014958007,0.8535949771270823,0.4099046144197502,-0.0027928820475268262,0.0522178111808266,3.7013021790318867,2.8134000785445306,2.676988206244684,0.1364118722998464,1.7071899546453368,1.0243139727872024,0.6828759818581345,0.06237919809240494,0.04116705580971687,0.054368484087220725,1.28940854301448,0.16155299518855418,0.008892823584523738
2312,0.8397046605591109,0.40763393421902755,0.00624508956944813,0.05136808492861241,3.5824698640154624,2.7192139523350902,2.5748242711014377,0.1443896812336523,1.6794093215233732,1.0076455929140247,0.6717637286093486,0.06436248991478749,0.042847208349841674,0.05614788278953717,1.2754919829891573,0.17121351700677084,0.008794770149029518,0.8535949769458894,0.4099046144672072,-0.0027928820195169263,0.05221781107838512,3.7013021763102096,2.813400076353041,2.676988203757711,0.13641187259532997,1.7071899542541644,1.0243139725524988,0.6828759817016655,0.06237919821617089,0.041167055914565626,0.05436848419850818,1.2894085421282044,0.16155299517363977,0.008892823584082514
2313,0.8397046603725827,0.40763393427427425,0.006245089581589952,0.051368084833613464,3.5824698611849213,2.7192139500608508,2.5748242685139875,0.14438968154686307,1.6794093211182217,1.0076455926709336,0.6717637284472882,0.06436249004630655,0.04284720846125851,0.05614788290772121,1.2754919820746324,0.1712135169907715,0.008794770148600159,0.8535949767800267,0.40990461451804205,-0.002792881986656545,0.052217810977882424,3.7013021737127305,2.8134000742611143,2.676988201377663,0.136411872883451,1.7071899538917787,1.0243139723350674,0.6828759815567113,0.06237919833682342,0.04116705601677682,0.05436848430701621,1.2894085412642007,0.16155299516107924,0.008892823583758154
2314,0.8397046602030797,0.4076339343332199,0.00624508959927416,0.051368084740743156,3.5824698584914962,2.719213947896331,2.5748242660443963,0.14438968185193476,1.6794093207451655,1.0076455924471,0.6717637282980656,0.0643624901742344,0.04284720856963302,0.0561478830227006,1.2754919811850507,0.1712135169775925,0.008794770148301378,0.8535949766305096,0.40990461457264404,-0.002792881948617369,0.05221781087949226,3.7013021712456853,2.813400072273735,2.676988199109653,0.1364118731640823,1.7071899535600537,1.0243139721360324,0.6828759814240213,0.06237919845416632,0.041167056116184264,0.054368484412569855,1.2894085404238649,0.1615529951510596,0.00889282358356017
2315,0.8397046600517335,0.40763393439629725,0.006245089623035327,0.051368084650193296,3.5824698559419983,2.719213945847032,2.5748242636983023,0.14438968214872988,1.6794093204061589,1.007645592243696,0.671763728162463,0.06436249029834015,0.042847208674769655,0.0561478831342706,1.275491980322009,0.17121351696745774,0.00879477014814381,0.8535949764985074,0.4099046146314418,-0.0027928819048808062,0.05221781078341231,3.701302168916392,2.8134000703968165,2.67698819695978,0.13641187343703617,1.7071899532610193,1.024313971956612,0.6828759813044075,0.06237919856796635,0.041167056212590356,0.05436848451496207,1.2894085396088573,0.16155299514379268,0.008892823583499316
2316,0.8397046599197708,0.40763393446396057,0.006245089653301311,0.05136808456217018,3.582469853544115,2.7192139439190983,2.5748242614820347,0.14438968243706354,1.6794093201034666,1.0076455920620804,0.6717637280413861,0.06436249041836906,0.04284720877645254,0.056147883242204134,1.2754919794872697,0.17121351696060785,0.008794770148138826,0.8535949763852798,0.409904614694885,-0.002792881855043096,0.05221781068985468,3.701302166733023,2.813400068636893,2.6769881949348138,0.13641187370207922,1.7071899529970147,1.024313971798209,0.6828759811988057,0.06237919867796797,0.04116705630577862,0.05436848461396486,1.2894085388209962,0.16155299513950463,0.008892823583587046
2317,0.8397046598086004,0.40763393453671215,0.006245089690727464,0.051368084476907695,3.582469851306787,2.7192139421197457,2.5748242594030617,0.1443896827166841,1.6794093198395414,1.0076455919037253,0.6717637279358161,0.06436249053402124,0.042847208874427695,0.05614788334623502,1.2754919786829069,0.17121351695731415,0.008794770148299286,0.8535949762922689,0.4099046147634717,-0.002792881798469593,0.05221781059905973,3.7013021647049986,2.8134000670015746,2.676988193042663,0.1364118739589116,1.7071899527705594,1.0243139716623357,0.6828759811082236,0.06237919878387192,0.041167056395495505,0.05436848470931231,1.2894085380624118,0.16155299513845078,0.008892823583836293
2318,0.8397046597197996,0.4076339346151016,0.006245089735974416,0.051368084394666225,3.5824698492402374,2.7192139404571964,2.5748242574699165,0.14438968298728,1.6794093196172009,1.0076455917703209,0.6717637278468799,0.06436249064495847,0.042847208968408546,0.05614788344606253,1.2754919779112606,0.1712135169578785,0.008794770148639447,0.8535949762210823,0.40990461483774715,-0.002792881734530586,0.052217810511294926,3.7013021628430214,2.813400065499472,2.6769881912922986,0.13641187420717366,1.7071899525845378,1.0243139715507228,0.6828759810338149,0.06237919888534197,0.041167056481456216,0.05436848480070529,1.289408537335497,0.161552995140914,0.008892823584261364
2319,0.8397046596551355,0.4076339346997326,0.006245089789785718,0.05136808431573379,3.5824698473560725,2.7192139389407877,2.5748242556923127,0.14438968324847515,1.6794093194395991,1.0076455916637599,0.6717637277758393,0.06436249075080179,0.04284720905807409,0.056147883541349496,1.2754919771749518,0.17121351696263654,0.008794770149175164,0.8535949761735181,0.40990461491831043,-0.0027928816625089822,0.052217810426855985,3.701302161159184,2.8134000641403243,2.6769881896938847,0.1364118744464395,1.7071899524421645,1.0243139714652991,0.6828759809768655,0.062379198982002504,0.04116705656334252,0.05436848488780933,1.2894085366429255,0.16155299514720842,0.00889282358487815
2320,0.8397046596166661,0.40763393479129995,0.006245089853170474,0.05136808424044577,3.5824698456677737,2.7192139375814293,2.574824254081611,0.14438968349981837,1.6794093193102706,1.0076455915861628,0.6717637277241079,0.0643624908511098,0.04284720914305036,0.056147883631704754,1.2754919764770338,0.1712135169719777,0.008794770149924806,0.8535949761516655,0.4099046150058531,-0.0027928815814296654,0.052217810346087454,3.7013021596674665,2.8134000629354534,2.6769881882592443,0.1364118746762089,1.7071899523470362,1.0243139714082221,0.6828759809388142,0.062379199073417047,0.04116705664078466,0.054368484970237344,1.2894085359878038,0.1615529951576985,0.008892823585705064
2321,0.8397046596065606,0.407633934890528,0.0062450899267797455,0.05136808416915398,3.5824698441900034,2.7192139363908083,2.5748242526500036,0.14438968374080466,1.6794093192333321,1.0076455915399998,0.6717637276933325,0.06436249094541792,0.04284720922294382,0.056147883716713275,1.275491975820721,0.17121351698631046,0.008794770150907658,0.8535949761577171,0.4099046151010936,-0.002792881490693705,0.05221781026935021,3.701302158383003,2.8134000618969313,2.676988187001004,0.13641187489592715,1.7071899523033307,1.0243139713819986,0.682875980921332,0.06237919915912765,0.04116705671339471,0.05436848504757989,1.2894085353733904,0.16155299517276525,0.00889282358676135
2322,0.8397046596275163,0.40763393499830775,0.006245090012242591,0.05136808410229106,3.582469842940411,2.7192139353833453,2.574824251412538,0.14438968397080748,1.679409319213121,1.007645591527873,0.6717637276852481,0.06436249103314912,0.042847209297265605,0.05614788379586551,1.2754919752100042,0.1712135170061369,0.008794770152147595,0.8535949761944048,0.40990461520492133,-0.002792881388697474,0.05221781019708891,3.7013021573239793,2.8134000610396344,2.6769881859347184,0.1364118751049159,1.7071899523154341,1.0243139713892608,0.6828759809261734,0.062379199238565566,0.04116705678069081,0.054368485119334495,1.2894085348037347,0.16155299519287772,0.008892823588070921
2323,0.8397046596825383,0.40763393511563867,0.0062450901107666545,0.05136808404033894,3.5824698419390706,2.71921393457518,2.574824250386051,0.14438968418912865,1.6794093192550323,1.0076455915530198,0.6717637277020125,0.06436249111367578,0.04284720936548404,0.056147883868603456,1.275491974649225,0.17121351703202053,0.008794770153671293,0.8535949762647643,0.4099046153183319,-0.0027928812742920375,0.05221781012979892,3.701302156511035,2.813400060380169,2.676988185077749,0.13641187530242038,1.7071899523888097,1.024313971433286,0.6828759809555236,0.06237919931111251,0.0411670568421492,0.05436848518495106,1.2894085342832362,0.1615529952185621,0.00889282358966044
2324,0.8397046597751474,0.40763393524369207,0.006245090224077515,0.05136808398385724,3.5824698412092193,2.7192139339851327,2.574824249590173,0.1443896843949599,1.6794093193650768,1.0076455916190465,0.6717637277460302,0.06436249118627674,0.0428472094269882,0.05614788393428802,1.2754919741433728,0.17121351706461868,0.008794770155510001,0.8535949763723535,0.4099046154424952,-0.002792881145801958,0.052217810068055925,3.7013021559680275,2.8134000599378823,2.67698818445031,0.1364118754875725,1.7071899525295287,1.0243139715177176,0.6828759810118111,0.06237919937605848,0.0411670568971684,0.054368485243800016,1.2894085338169483,0.1615529952504322,0.00889282359156117
2325,0.839704659909435,0.40763393538383663,0.006245090354098634,0.051368083933492764,3.582469840777801,2.719213933635002,2.574824249047624,0.14438968458737841,1.6794093195502946,1.0076455917301772,0.6717637278201174,0.0643624912501343,0.04284720948108535,0.05614788399219446,1.2754919736981032,0.17121351710469632,0.008794770157700117,0.8535949765213038,0.40990461557877916,-0.002792881001369235,0.0522178100125258,3.7013021557225847,2.813400059735146,2.6769881840757606,0.13641187565938515,1.7071899527447068,1.0243139716468244,0.6828759810978824,0.062379199432598564,0.041167056945066526,0.05436848529516754,1.2894085334106007,0.16155299528920247,0.00889282359380953
2326,0.8397046600902126,0.4076339355376938,0.006245090503165893,0.05136808389000073,3.5824698406762607,2.719213933550267,2.574824248784938,0.14438968476532937,1.6794093198188702,1.0076455918913225,0.6717637279275477,0.064362491304313,0.042847209526983024,0.056147884041494525,1.2754919733198866,0.17121351715315336,0.008794770160284567,0.8535949767164759,0.40990461572880615,-0.002792880838723699,0.05221780996398666,3.7013021558069448,2.8134000597981097,2.67698818398138,0.13641187581672956,1.7071899530426076,1.0243139718255647,0.6828759812170427,0.062379199479811596,0.04116705698506322,0.05436848533823758,1.2894085330707488,0.16155299533571368,0.008892823596448503
2327,0.8397046603231682,0.407633935707197,0.006245090674062016,0.05136808385426736,3.5824698409415054,2.7192139337608556,2.57482424883325,0.1443896849276056,1.679409320180425,1.0076455921082554,0.6717637280721697,0.06436249134774145,0.042847209563773594,0.056147884081240274,1.2754919730161356,0.17121351721105485,0.008794770163314267,0.8535949769636159,0.4099046158945127,-0.0027928806551646285,0.05221780992335243,3.7013021562589183,2.8134000601574645,2.676988184199147,0.1364118759583172,1.7071899534329515,1.0243139720597711,0.6828759813731804,0.0623791995166422,0.04116705701626439,0.05436848537207585,1.2894085328049045,0.16155299539096202,0.008892823599529101
2328,0.8397046606150829,0.4076339358946765,0.006245090870155928,0.0513680838273405,3.582469841617115,2.7192139343021413,2.5748242492293123,0.14438968507282882,1.6794093206463365,1.0076455923878023,0.6717637282585343,0.06436249137918752,0.04284720959041323,0.05614788411034263,1.2754919727953735,0.17121351727967313,0.00879477016685019,0.8535949772695776,0.409904616078235,-0.002792880447410051,0.052217809891704686,3.7013021571231692,2.8134000608495042,2.67698818476683,0.13641187608267422,1.7071899539272315,1.024313972356339,0.6828759815708925,0.06237919954187576,0.04116705703764109,0.054368485395608235,1.2894085326217128,0.16155299545613785,0.008892823603112453
2329,0.8397046609740875,0.4076339361029554,0.006245091095521252,0.051368083810466036,3.5824698427548847,2.7192139352162013,2.574824250016785,0.14438968519941642,1.6794093212301655,1.0076455927380996,0.6717637284920658,0.06436249139722694,0.042847209605695394,0.05614788412754381,1.2754919726674516,0.1712135173605372,0.008794770170965742,0.8535949776425839,0.4099046162828064,-0.0027928802114893514,0.05221780987033072,3.7013021584527905,2.8134000619174047,2.6769881857292974,0.13641187618810735,1.7071899545391553,1.0243139727234933,0.682875981815662,0.06237919955410725,0.04116705704800304,0.054368485407593294,1.2894085325311742,0.16155299553267308,0.008892823607272234
2330,0.839704661410009,0.40763393633548733,0.006245091355144644,0.051368083805135356,3.582469844416752,2.7192139365534023,2.574824251247847,0.1443896853055554,1.679409321948175,1.0076455931689055,0.6717637287792695,0.06436249140020892,0.042847209608221595,0.05614788413138756,1.2754919726437906,0.17121351745549918,0.008794770175750085,0.8535949780925789,0.4099046165116952,-0.002792879942528567,0.05221780986077279,3.701302160311312,2.8134000634128804,2.676988187140211,0.1364118762726695,1.7071899552851677,1.0243139731711008,0.682875982114067,0.06237919955170637,0.041167057045969124,0.05436848540659216,1.2894085325448918,0.16155299562230366,0.00889282361209797
2331,0.8397046619348252,0.4076339365965311,0.006245091655202997,0.0513680838131486,3.582469846677409,2.719213938374552,2.574824252985398,0.14438968538915425,1.679409322820018,1.0076455936920112,0.6717637291280066,0.06436249138620523,0.04284720959635831,0.056147884120175046,1.2754919727377283,0.17121351756682276,0.008794770181312396,0.8535949786316939,0.4099046167691828,-0.002792879634479911,0.052217809864894243,3.701302162775392,2.8134000653984064,2.6769881890642973,0.13641187633410895,1.7071899561851578,1.0243139737110947,0.682875982474063,0.0623791995327669,0.041167057029924486,0.054368485390924565,1.2894085326764342,0.1615529957271535,0.008892823617699448
2332,0.8397046625632282,0.40763393689137956,0.006245092003327471,0.051368083836690184,3.5824698496274165,2.719213940753438,2.574824255305626,0.14438968544781225,1.6794093238696501,1.0076455943217906,0.6717637295478595,0.06436249135296332,0.04284720956819733,0.056147884091924054,1.2754919729648475,0.1712135176972933,0.008794770187787331,0.853594979274819,0.40990461706059345,-0.002792879279867974,0.05221780988495806,3.701302165938054,2.8134000679498494,2.6769881915800213,0.13641187636982816,1.707189957263388,1.0243139743580327,0.6828759829053551,0.06237919949505953,0.04116705699798057,0.054368485358627816,1.2894085329416676,0.16155299584983798,0.008892823624212147
2333,0.8397046633133746,0.4076339372266523,0.006245092409058281,0.05136808387843039,3.582469853377443,2.7192139437803204,2.5748242583015686,0.14438968547875172,1.6794093251264566,1.0076455950758745,0.6717637300505821,0.06436249129782928,0.04284720952149033,0.056147884044302404,1.2754919733435062,0.17121351785036273,0.008794770195342114,0.8535949800403712,0.409904617392591,-0.002792878869320961,0.05221780992373295,3.701302169913074,2.813400071160097,2.676988194783291,0.13641187637680605,1.707189958549638,1.024313975129783,0.6828759834198551,0.06237919943595462,0.04116705694790963,0.05436848530739,1.289408533359309,0.16155299599360157,0.008892823631804487
2334,0.8397046642078764,0.40763393761070027,0.0062450928844208775,0.05136808394165702,3.582469858063632,2.719213947566352,2.574824262087582,0.14438968547876993,1.6794093266267491,1.00764559597605,0.6717637306506992,0.06436249121766777,0.042847209453581225,0.05614788397455921,1.2754919738953947,0.17121351803034415,0.008794770204186113,0.8535949809513061,0.4099046177735879,-0.0027928783910140947,0.05221780998463054,3.7013021748405492,2.8134000751436403,2.6769881987921043,0.13641187635153626,1.707189960080742,1.0243139760484452,0.6828759840322969,0.06237919935234183,0.041167056877076766,0.05436848523448089,1.289408533951497,0.16155299616250174,0.008892823640687525
2335,0.8397046652751072,0.40763393805414283,0.006245093444664576,0.05136808403044797,3.5824698638546266,2.7192139522493597,2.5748242668051744,0.14438968544418526,1.6794093284157527,1.0076455970494522,0.6717637313663006,0.0643624911087612,0.04284720936132064,0.05614788387943839,1.2754919746462292,0.17121351824266812,0.008794770214583532,0.8535949820364519,0.40990461821428825,-0.0027928778299287083,0.05221781007188546,3.7013021808941935,2.813400080042581,2.676988203752626,0.1364118762899552,1.7071899619026123,1.0243139771415675,0.6828759847610449,0.0623791992405287,0.041167056782353884,0.05436848513666494,1.2894085347445128,0.16155299636165216,0.008892823651127837
2336,0.8397046665509418,0.4076339385705869,0.006245094109281937,0.05136808414989842,3.5824698709608502,2.719213958001496,2.574824272630721,0.14438968537077487,1.6794093305502142,1.0076455983301291,0.6717637322200852,0.0643624909666822,0.04284720924095793,0.05614788375506983,1.2754919756266367,0.17121351849422564,0.008794770226870285,0.8535949833322843,0.4099046187284137,-0.0027928771668457725,0.05221781019079204,3.701302188290963,2.8134000860345747,2.6769882098472206,0.1364118761873542,1.7071899640729038,1.0243139784437423,0.6828759856291616,0.062379199096112364,0.04116705666001108,0.054368485010091644,1.2894085357696943,0.16155299659754627,0.008892823663464604
2337,0.8397046680812255,0.4076339391776967,0.0062450949036294764,0.05136808430644038,3.5824698796468257,2.719213965039501,2.574824279785695,0.14438968525380588,1.6794093331018836,1.0076455998611307,0.671763733240753,0.06436249078616416,0.042847209088031454,0.056147883596862236,1.2754919768730506,0.17121351879385924,0.008794770241478546,0.8535949848854458,0.4099046193337823,-0.0027928763767340256,0.05221781034803692,3.701302197303847,2.8134000933434833,2.676988217305106,0.13641187603837743,1.7071899666645687,1.024313979998741,0.6828759866658276,0.06237919891384833,0.04116705650560547,0.05436848485018683,1.2894085370643702,0.1615529968785224,0.008892823678134489
2338,0.8397046699248847,0.4076339398984888,0.006245095860456684,0.05136808450824139,3.582469890247879,2.7192139736383463,2.574824288550408,0.14438968508793842,1.6794093361624507,1.0076456016974709,0.6717637344649798,0.06436249056089112,0.04284720889719061,0.05614788339932264,1.2754919784291618,0.17121351915297894,0.008794770258967046,0.8535949867559232,0.40990462005361744,-0.0027928754272344564,0.05221781055211508,3.701302208279207,2.813400102253553,2.676988226416672,0.13641187583688125,1.7071899697708917,1.0243139818625349,0.6828759879083568,0.06237919868743982,0.04116705631380272,0.0543684846514716,1.289408538673359,0.16155299721534674,0.008892823695702382
2339,0.8397046721584841,0.4076339407633042,0.0062450970231053005,0.05136808476578299,3.5824699031927065,2.7192139841501306,2.5748242992828443,0.1443896848672862,1.6794093398497694,1.007645603909862,0.6717637359399073,0.06436249028327246,0.04284720866200499,0.05614788315587213,1.2754919803474813,0.1712135195864681,0.008794770280066328,0.8535949890216904,0.40990462091853536,-0.0027928742754925184,0.05221781081393181,3.701302221660188,2.8134001131290134,2.6769882375530805,0.1364118755759329,1.7071899735118463,1.0243139841071076,0.6828759894047387,0.06237919840931139,0.04116705607818526,0.05436848440737685,1.2894085406505797,0.1615529976220691,0.00889282371690718
2340,0.839704674882291,0.4076339418124176,0.006245098448908942,0.0513680850926279,3.582469919034368,2.7192139970296227,2.5748243124441865,0.1443896845854363,1.6794093443169684,1.0076456065901813,0.671763737726787,0.06436248994414125,0.04284720837470882,0.05614788285859379,1.2754919826914226,0.1712135201138927,0.008794770305738737,0.8535949917848953,0.40990462196917576,-0.0027928728647864803,0.05221781114760265,3.7013022380188763,2.813400126440594,2.676988251192848,0.13641187524774598,1.7071899780433808,1.0243139868260283,0.6828759912173524,0.06237919807030637,0.041167055790995985,0.05436848410999074,1.289408543061208,0.1615529981171668,0.008892823742722572
2341,0.8397046782287821,0.4076339430997267,0.006245100214587906,0.05136808550649143,3.5824699384927903,2.719214012869605,2.574824328634041,0.14438968423556423,1.6794093497645817,1.0076456098587494,0.6717637399058323,0.06436248953237798,0.04284720802588214,0.056147882497925544,1.2754919855379079,0.17121352076119928,0.008794770337262916,0.853594995180523,0.40990462325991844,-0.002792871119204489,0.05221781157157078,3.701302258100362,2.8134001428021684,2.676988267958488,0.13641187484368028,1.7071899835697906,1.024313990141874,0.6828759934279164,0.06237919765931153,0.041167055442820275,0.05436848374975192,1.289408545984343,0.16155299872514728,0.008892823774442527
2342,0.8397046823744772,0.4076339446979317,0.00624510242351721,0.05136808603073241,3.582469962513454,2.7192140324496066,2.574824348638915,0.14438968381069137,1.6794093564575643,1.0076456138745389,0.6717637425830253,0.06436248903445645,0.042847207604066184,0.05614788206229415,1.2754919889805074,0.17121352156308303,0.008794770376351853,0.8535949993884464,0.4099046248640942,-0.002792868936459837,0.05221781211016459,3.701302282883602,2.8134001630213072,2.6769882886669745,0.13641187435433258,1.7071899903610457,1.0243139942166273,0.6828759961444184,0.062379197162805544,0.04116705502220351,0.054368483315086494,1.2894085495162269,0.1615529994787848,0.008892823813800639
2343,0.8397046875567378,0.40763394670597886,0.006245105216377098,0.05136808669647941,3.582469992349169,2.7192140568040633,2.574824373499796,0.14438968330426719,1.6794093647489545,1.0076456188493732,0.6717637458995813,0.06436248843393698,0.042847207095334044,0.05614788153772364,1.2754919931329476,0.17121352256636518,0.00879477042532138,0.8535950046505069,0.40990462688146057,-0.0027928661774374378,0.052217812795823396,3.701302313666188,2.8134001881699287,2.6769883144000524,0.13641187376987612,1.7071899987768928,1.0243139992661354,0.6828759995107573,0.06237919656435845,0.04116705451522698,0.05436848279202243,1.2894085537738036,0.1615530004223028,0.008892823863140267
2344,0.8397046940986238,0.4076339492603766,0.0062451087878054035,0.051368087545827806,3.5824700296761196,2.7192140873197688,2.5748244046080337,0.14438968271173522,1.6794093751134755,1.0076456250680859,0.6717637500453898,0.06436248771112268,0.0428472064829994,0.056147880907632806,1.2754919981314865,0.17121352383502642,0.008794770487342661,0.8535950112957094,0.40990462944951367,-0.002792862649944404,0.052217813672450625,3.7013023521845922,2.8134002196852212,2.6769883466039843,0.13641187308123712,1.7071900093010135,1.024314005580608,0.6828760037204056,0.06237919584430128,0.04116705390522805,0.054368482164000725,1.289408558897071,0.16155300161610392,0.008892823925668545
2345,0.8397047024470412,0.4076339525530718,0.0062451134119317145,0.051368088637079416,3.582470076764169,2.71921412587993,2.57482444384582,0.14438968203411015,1.6794093881972474,1.007645632918349,0.6717637552788985,0.06436248684362678,0.042847205748097236,0.05614788015354593,1.2754920041309912,0.17121352545800855,0.008794770566835029,0.8535950197786714,0.4099046327612169,-0.0027928580842376677,0.05221781480092699,3.7013024007904143,2.8134002595185357,2.6769883872355633,0.13641187228297216,1.7071900225914183,1.0243140135548507,0.6828760090365675,0.062379194980336165,0.04116705317331702,0.05436848141262923,1.2894085650447407,0.16155300314405552,0.008892824005849039
