Year,GDP ($Y_t$): Baseline,Labor ($L_t$): Baseline,Government Expenditures ($G_t$): Baseline,Lump sum transfers ($TR_t$): Baseline,Wealth ($B_t$): Baseline,Capital Stock ($K_t$): Baseline,Domestically-owned Capital Stock ($K^d_t$): Baseline,Foreign-owned Capital Stock ($K^f_t$): Baseline,Government Debt ($D_t$): Baseline,Domestically-owned Gov Debt ($D^d_t$): Baseline,Foreign-owned Gov Debt ($D^f_t$): Baseline,Real interest rate ($r_t$): Baseline,"Real interest rate on gov debt ($r_{gov,t}$): Baseline","Real interest rate on HH portfolio ($r_{p,t}$): Baseline",Wage rate: Baseline,Total tax revenue ($REV_t$): Baseline,Business tax revenue: Baseline,GDP ($Y_t$): Reform,Labor ($L_t$): Reform,Government Expenditures ($G_t$): Reform,Lump sum transfers ($TR_t$): Reform,Wealth ($B_t$): Reform,Capital Stock ($K_t$): Reform,Domestically-owned Capital Stock ($K^d_t$): Reform,Foreign-owned Capital Stock ($K^f_t$): Reform,Government Debt ($D_t$): Reform,Domestically-owned Gov Debt ($D^d_t$): Reform,Foreign-owned Gov Debt ($D^f_t$): Reform,Real interest rate ($r_t$): Reform,"Real interest rate on gov debt ($r_{gov,t}$): Reform","Real interest rate on HH portfolio ($r_{p,t}$): Reform",Wage rate: Reform,Total tax revenue ($REV_t$): Reform,Business tax revenue: Reform
2026,0.7352624833436513,0.33704970056347555,0.008257819093166457,0.04497891537261399,2.9457294681510593,2.613562665683767,2.5347523296311554,0.0788103360526116,0.684961897533173,0.4109771385199038,0.27398475901326924,0.05427193963027021,0.034298963709059424,0.050124399619902775,1.3507341204801986,0.14390986414523188,0.0074767115755773935,0.7365410325263702,0.3379279204253261,0.008272178628831318,0.0450571251655127,2.9457294681510593,2.6144284720797617,2.5347523296311554,0.07967614244860623,0.684961897533173,0.4109771385199038,0.27398475901326924,0.05441731019609184,0.034422114887654606,0.050266243188826734,1.3495664776171106,0.1344314491885307,0.007493258963002347
2027,0.7345938344406081,0.3382260270066724,0.008250309418998035,0.044938016334934966,2.900717195159058,2.5925976759601217,2.5101693418280373,0.08242833413208453,0.6509130888850344,0.39054785333102066,0.26036523555401375,0.05501262875522033,0.03492644106800541,0.05098168856794219,1.3448122778773457,0.14384969169159306,0.007487829415548942,0.7337909887594132,0.3398908240853351,0.008241292565091811,0.04488889781221468,2.870400629574504,2.5646070480435688,2.4772450158120876,0.08736203223148098,0.6552593562706942,0.39315561376241653,0.26210374250827767,0.0560332808325847,0.035791090012257776,0.05191387745006851,1.3367627743584667,0.13424777615399366,0.0075038948669009075
2028,0.7338943043115224,0.3390312151108543,0.008242452914161912,0.0448952116912507,2.861649205780294,2.5761404823150635,2.49100156341361,0.08513891890145359,0.6177460706111404,0.37064764236668424,0.24709842824445616,0.05557761193746516,0.03540506852870663,0.051675923961361475,1.3403408113751587,0.14374025987563185,0.007494182361833606,0.7312988468036077,0.3414031411927871,0.008213303026808904,0.04473643014639766,2.806112674162266,2.523515948185609,2.4299316373019773,0.09358431088363142,0.6269683947671486,0.37618103686028914,0.25078735790685946,0.057381506056684385,0.036933243682921425,0.053312143964851025,1.3263214147166993,0.1340314297050045,0.0075096217998812265
2029,0.733459345681345,0.3395742386119697,0.008237567842827002,0.04486860061192305,2.8296803735472684,2.565448577075719,2.4785268376252145,0.08692173945050462,0.5852558932034234,0.35115353592205406,0.23410235728136936,0.05595134616821521,0.035721678777405154,0.052193592310799675,1.3374043195132646,0.14362237711385542,0.0074985750010523045,0.7290958705601925,0.3425447558169713,0.008188561142520267,0.04460166088190633,2.7513899347566237,2.4900499646629384,2.39149667991577,0.09855328474716828,0.5998220914014231,0.3598932548408538,0.23992883656056924,0.05848686434382094,0.037869651786318674,0.05448452805743616,1.317919008741689,0.13378921412003336,0.007511930096718723
2030,0.7331417214339646,0.33992076404750676,0.008234000567692084,0.04484916926968545,2.802141730061068,2.558286075618616,2.470188916710289,0.08809715890832726,0.5532546889179648,0.33195281335077886,0.22130187556718592,0.05619968931205396,0.0359320635323032,0.05259594469634522,1.335462363794984,0.14349459223252145,0.007501160812270426,0.7271503928176849,0.3434128704581314,0.008166711254063628,0.04448264664918887,2.7040782571253352,2.462484956549866,2.3599179553338887,0.10256700121597713,0.573600502985744,0.3441603017914464,0.22944020119429762,0.05940035280397289,0.03864351670089046,0.05547879719741079,1.3110796776342966,0.13353761322054739,0.007512051144193054
2031,0.7330524782159519,0.34015230309488276,0.008232998266654924,0.04484370965633981,2.7789704714021894,2.55463844702666,2.465882366843382,0.08875608018327774,0.5218135075980127,0.31308810455880765,0.20872540303920506,0.056337119636391084,0.03604848810780909,0.05289584366946867,1.3343908851053192,0.14338397971324213,0.00750346348655271,0.7255558825122902,0.3441011464382445,0.008148803122012254,0.04438510362561373,2.6636025774622443,2.440372970647524,2.3345951406270107,0.10577783002051332,0.5483457280587225,0.32900743683523354,0.21933829122348897,0.06014294583412957,0.03927260695972987,0.056313811405316945,1.3055880439664271,0.13330912106343082,0.007511687439786462
2032,0.7333258460945381,0.34035122937213497,0.008236068493326875,0.04486043288709232,2.7603638984481416,2.5547111817266654,2.465745278184212,0.08896590354245318,0.4910310337732156,0.2946186202639294,0.19641241350928623,0.05637341159204862,0.036079232963808584,0.05310159556176704,1.3341083111034462,0.14331865349620904,0.007507109815381094,0.7244363393609045,0.34470090117029245,0.008136229401714308,0.04431661694933292,2.629808350299482,2.4236249854491323,2.3153292933884657,0.10829569206066646,0.5241317615183604,0.31447905691101624,0.20965270460734414,0.06072777325021613,0.03976804553189726,0.05700097277347142,1.3013054025281794,0.1331285915201332,0.007512610573119017
2033,0.7339824247636466,0.3405584747443259,0.008243442605283837,0.04490059894490764,2.7458454160414236,2.558188739908114,2.469382213942023,0.08880652596609057,0.4607720034990005,0.27646320209940034,0.18430880139960018,0.05632436640913583,0.03603768416714545,0.0532280790116946,1.3344902225022577,0.14330862160948982,0.007512684001449075,0.7237897898072686,0.3452590296996633,0.008128967927928221,0.04427706561031523,2.6018334654040127,2.4115967880533553,2.301353252402215,0.11024353565114056,0.5008003550029961,0.3004802130017977,0.20032014200119844,0.061176780967114285,0.04014842397523487,0.057560842680637554,1.298042284515808,0.13300342250651984,0.0075154146706645185
2034,0.734948265248189,0.34078093193361303,0.008254290072922792,0.04495968385687605,2.734403278841016,2.5643138332677586,2.4759441923411205,0.08836964092663831,0.4307651441664924,0.25845908649989546,0.17230605766659693,0.05621101225544105,0.0359416558030315,0.053295775239987006,1.3353740021947438,0.14334376049528363,0.007519910655610798,0.7235347978701716,0.345791609112014,0.008126104083608044,0.04426146767288448,2.5784249124052634,2.4033356123088,2.291590777678712,0.11174483463008807,0.47805689121091877,0.2868341347265513,0.19122275648436748,0.06151665796973143,0.040436351955793565,0.058019174551202195,1.2955865051077975,0.13292647403983116,0.007519910978257757
2035,0.7360994863418079,0.34098531356628475,0.00826721957190132,0.04503010934162911,2.725129556269836,2.5723660938053836,2.484667267673707,0.08769882613167657,0.400770480993548,0.24046228859612884,0.16030819239741917,0.056045897588574395,0.03580177834081587,0.05331703673858845,1.3366640930260936,0.14340348253091867,0.007527799970386143,0.7235379461987055,0.34626964589027454,0.008126139442854664,0.04426166138773008,2.5584879035498336,2.3979705903666617,2.28510599794082,0.11286459242584179,0.45563650934835614,0.2733819056090137,0.18225460373934244,0.06176447670159155,0.040646292453266654,0.05839251641400811,1.2938035654700712,0.13287719966863132,0.007525125110985551
2036,0.7373634454165232,0.34115363400778476,0.00828141524435383,0.045107431497882516,2.717508134014986,2.5819085702175433,2.4950856400594352,0.086822930158108,0.37070415659258416,0.22242249395555053,0.14828166263703363,0.05583729164128964,0.035625057089681694,0.05329961122129155,1.3382986828973928,0.14347557105586745,0.007535785543582529,0.7237163264408333,0.34667904146031103,0.008128142852252879,0.044272574854653565,2.5413264419448565,2.3949177044878045,2.2812654482489965,0.11365225623880792,0.4334349894930996,0.2600609936958598,0.1733739957972398,0.06193306450024794,0.040789112191113565,0.05869281803408937,1.2925943320608742,0.13284355396575684,0.0075304928610709955
2037,0.7386899283406299,0.3412830332409104,0.008296313129484095,0.04518857850134689,2.711081051020555,2.592524217128252,2.5067390586265645,0.08578515850168743,0.3405699873233174,0.20434199239399048,0.1362279949293269,0.05559575170029349,0.03542043569164721,0.05325312915522634,1.3401979087152212,0.14355297480517334,0.007543586702024659,0.7240163100420353,0.3470216890685955,0.008131512003223805,0.04429092736965637,2.526372804752312,2.3936774192424686,2.279512015363727,0.11416540387874159,0.41143464898097504,0.24686078938858508,0.16457385959238996,0.06203657925651672,0.04087680507560116,0.05893299834795382,1.291853318983115,0.13281942813587105,0.007535766648315884
2038,0.740075912160124,0.34138368790541906,0.008311879276141533,0.04527336547859844,2.7057067806635757,2.60406821591088,2.519455466240011,0.08461274967086943,0.31041885737260805,0.18625131442356485,0.12416754294904318,0.055327356421582055,0.035193063701204175,0.053182866976651866,1.3423166206714865,0.14363816546084412,0.007551301939227175,0.7244245049610695,0.34731051059714163,0.008136096488183251,0.044315899543824436,2.5133365843123734,2.3939823265249123,2.279534424463364,0.11444790206154826,0.38967026641501595,0.23380215984900962,0.15586810656600633,0.06208504171901223,0.040917860218643465,0.05912193987848453,1.2915067829208553,0.13280564650711463,0.007541022162088914
2039,0.7416484691704335,0.34152491605933394,0.008329540848163773,0.04536956592250099,2.7016640448809772,2.6168630129258577,2.5335172052326507,0.08334580769320692,0.28024473274721107,0.16814683964832666,0.1120978930988844,0.05503775554849017,0.034947727317997,0.053094388357828204,1.3446126222264985,0.14375532270492028,0.007560348002417507,0.7250631237828127,0.34762011316349734,0.008143268890990294,0.04435496770859047,2.502379035831574,2.3960542963396096,2.28149747270783,0.11455682363177946,0.3681359385395734,0.22088156312374407,0.1472543754158293,0.062086820354828876,0.04091936699613912,0.05926772278460346,1.291494070256162,0.13282535341319057,0.007547707027164377
2040,0.7434960843592935,0.34175328297647756,0.008350291630814901,0.045482592664534104,2.699070430897856,2.631155576227774,2.5491476766842607,0.08200789954351322,0.2498712570226585,0.14992275421359513,0.09994850280906337,0.05473028145958856,0.03468724957807973,0.052991945043556296,1.3470616459345548,0.14392281103627177,0.0075716897962829575,0.726010809039923,0.34799956836479945,0.008153912455142907,0.044412942698570684,2.4934918550557894,2.400025654562914,2.2854944355378333,0.11453121902508048,0.34666236586326044,0.2079974195179563,0.13866494634530413,0.06204794066037857,0.04088642992825392,0.05937711756630283,1.2917720591162358,0.13289390238582918,0.007556762843224615
2041,0.7456062442055406,0.3420574289202129,0.008373991083272655,0.04561168027890282,2.6978758141234502,2.6469792010420186,2.56639631881081,0.08058288223120853,0.21913249218773354,0.13147949531264014,0.08765299687509338,0.054402708435837666,0.03440974495585512,0.05287411457658608,1.3496836845110973,0.1441369351665228,0.007585125105666326,0.7272491559928752,0.3484398006360776,0.0081678204748552,0.04448869864266459,2.4865267866822145,2.405839892193879,2.291472466600807,0.11436742559307207,0.32509053346901257,0.19505432008140758,0.130036213387605,0.061968494129067214,0.04081912652394375,0.059450863410728055,1.2923405876086504,0.133007778156035,0.007567993866098402
2042,0.7479047571917018,0.3423980865394214,0.008399805951912078,0.04575229015562628,2.6978716665579885,2.664145225704089,2.5850965212237362,0.07904870448035278,0.18795857555708714,0.11277514533425231,0.07518343022283483,0.054053033414379795,0.03411351654968197,0.052738981552748324,1.352497476210647,0.1443827339287229,0.007599827144739002,0.7287005800062616,0.3489028696171139,0.008184121587997159,0.04457748924314492,2.4812073158450936,2.4132520311756385,2.2992009281454013,0.11405110303023702,0.30334397949948666,0.18200638769969202,0.12133759179979463,0.06184840649285855,0.0407173938667843,0.059488844287372146,1.293201196430327,0.13315279990922418,0.007580581463775754
2043,0.7504282797849859,0.3427925046395378,0.008428147929811038,0.04590666469714799,2.6991728819886114,2.6827885066378,2.6053792299528937,0.07740927668490656,0.15632275339286264,0.09379365203571761,0.06252910135714503,0.053682059745317534,0.03379924492038356,0.052587301124178074,1.3554995561072238,0.14466787735562098,0.007616164271613458,0.7303963436944494,0.34940821972784447,0.008203166908653444,0.04468122707088086,2.4775639743712143,2.4223198018657337,2.3087226654834785,0.1135971363822554,0.2814021814795595,0.16884130888773574,0.11256087259182375,0.061690388897626756,0.040583528713397966,0.05949359315862015,1.2943359264364092,0.13333568057305822,0.007594895006506007
2044,0.7530942516759866,0.34321890898618596,0.00845808977246189,0.046069753342902725,2.7012123384972644,2.7024205963639396,2.626725577198974,0.07569501916496564,0.12414460216381734,0.07448676129829043,0.0496578408655269,0.05329811270665906,0.03347398285607449,0.052427423557149785,1.3586251180157736,0.14497877774310153,0.007633484889937739,0.7322527918442722,0.3499353298196259,0.008224016895324007,0.04479479451909105,2.475009246370783,2.432551147046903,2.319513427358329,0.11303771968857407,0.2591596983540897,0.15549581901245385,0.10366387934163583,0.06150491773670759,0.04042640617670345,0.05947546286500275,1.295671142313052,0.13354339455465408,0.0076102714921384585
2045,0.7557566149869117,0.34362340024373256,0.008487991086727134,0.04623262114342863,2.7032740866423963,2.722361723466273,2.648439303031799,0.07392242043447415,0.09139130601766192,0.05483478361059718,0.03655652240706474,0.0529076432706182,0.03314319532022056,0.05226569101726772,1.3618232609669585,0.14528860433698143,0.0076504585683854105,0.7341256097980916,0.35043067493855357,0.008245050733181127,0.044909363272201436,2.4728346071849754,2.4432965956769155,2.330910210822094,0.11238638485482161,0.23654066060480228,0.14192439636288143,0.09461626424192085,0.06130024004569374,0.04025301276148194,0.059442468083871616,1.2971488328364464,0.13375083508774163,0.007625374981979736
2046,0.7583612610483331,0.3439792638646029,0.0085172441718011,0.04639195808453388,2.7052365022349907,2.742449059161612,2.6703687498507964,0.07208030931081587,0.05811292064032363,0.03486775238419421,0.02324516825612942,0.05250970961982301,0.03280608444897142,0.05210085357496255,1.3651029587789334,0.1455863045591901,0.00766650664798719,0.7359602624455452,0.3508681345390134,0.00826565593201104,0.04502159720773587,2.470887695524733,2.454379628801038,2.342745496299308,0.11163413250173014,0.21357033204237474,0.1281421992254249,0.08542813281694983,0.06107649654785749,0.0400634676819412,0.05939439700741728,1.2987692440173162,0.13394766446900966,0.00763963421553465
2047,0.7609720068040271,0.34430623520954035,0.008546565763256074,0.046551668088232426,2.7075311894894547,2.7630389439617673,2.6928882333298865,0.0701507106318807,0.02440492693261368,0.014642956159568243,0.009761970773045438,0.052099975440137905,0.032458976718780265,0.05192801741489081,1.3685016749840184,0.14588505095715562,0.00768215324617611,0.7378159073499923,0.3512686042289769,0.00828649689733868,0.04513511522062246,2.469525924651966,2.466085331183892,2.355313155469947,0.11077217571394489,0.19035461530336548,0.11421276918201935,0.07614184612134613,0.06083014396639074,0.03985476923885459,0.05932709719271134,1.3005595582517677,0.13414598907867814,0.007653578649153997
2048,0.76356652699447,0.3445956916184262,0.008575705123486741,0.04671038545194435,2.7101144379472175,2.7840388664580824,2.7159044083266806,0.06813445813140195,-0.009649950632438759,-0.00578997037946322,-0.003859980252975539,0.05167932632558017,0.03210262236368772,0.051747425547628026,1.3720141423027568,0.14618164576784437,0.0076971840218784705,0.7396683268195694,0.3516239450343686,0.008307301637429407,0.045248435843999325,2.468673827228757,2.4782996575851937,2.368495386879552,0.10980427070564161,0.16696406724867455,0.10017844034920478,0.06678562689946976,0.06056314328783688,0.03962857868876781,0.059241796678994,1.302507263747955,0.1343426698345289,0.007666988970502806
2049,0.7661721710174716,0.34485572981359797,0.008604969416784134,0.046869783322836464,2.7131828527969133,2.8056126190191697,2.739590397165467,0.06602222185370285,-0.044012573947589576,-0.02640754436855371,-0.017605029579035866,0.0512459168279375,0.03173545800584565,0.0515568710352347,1.3756580287295201,0.14647806956224746,0.0077118129119074594,0.7415428119069647,0.3519431170882625,0.00832835419905904,0.04536310628907318,2.468476539465528,2.4911484244491136,2.3824221715957044,0.10872625285340907,0.14342394644970627,0.08605436786982382,0.05736957857988245,0.06027416903440759,0.03938377314857926,0.059136918382441575,1.304623914666223,0.1345393025336131,0.007680087738064341
2050,0.7688205229875335,0.3451039821059555,0.008634713368038586,0.047031793802242816,2.716805366095184,2.8278397742066166,2.7640152992684137,0.06382447493820291,-0.07868322195538324,-0.04720993317322991,-0.03147328878215333,0.05080159499499358,0.031359049225338075,0.051358069073739396,1.3794201585943204,0.14678177025438904,0.0077263926037531095,0.7434688852580904,0.35224484416962093,0.008349986154522666,0.04548093254307648,2.46896272427565,2.5046831361723014,2.397130226590225,0.10755290958207658,0.11972082947570849,0.07183249768542516,0.04788833179028333,0.05996586595659263,0.03912259312783131,0.05901503832974644,1.3068921302685446,0.13474260354813802,0.007693226668422728
2051,0.7714985765245396,0.3453437257821132,0.0086647909010712,0.047195621109259234,2.720805078716961,2.8505589585180715,2.788996220785342,0.06156273773272956,-0.11365190344730193,-0.06819114206838112,-0.04546076137892081,0.0503508722937752,0.030977217927090583,0.05115539063878344,1.3832642145968865,0.1470942694312788,0.007740901823151597,0.7454320255930798,0.35253293028593985,0.008372034413624801,0.04560102625165883,2.4699419170212686,2.518737319850202,2.412430415037391,0.10630690481281094,0.0958525033064626,0.057511501983877625,0.03834100132258497,0.059643863088562704,0.03884980728232823,0.05888154857655245,1.3092722250983448,0.1349537829777773,0.007706368807430657
2052,0.7741892061106647,0.34557256171632,0.00869500967718487,0.0473602177279396,2.7250633786625875,2.8736420508765,2.814393432980189,0.05924861789631101,-0.14888342386266934,-0.08933005431760158,-0.05955336954506777,0.04989635430579134,0.030592171438507714,0.05095117051613556,1.3871692564669797,0.1474130042006129,0.007755231243927425,0.7474138976097605,0.35280520440597046,0.0083942930504386,0.045722265822650536,2.471282587534381,2.5331782687470796,2.4281776631687713,0.10500060557830829,0.0718415406093495,0.04310492436560976,0.028736616243739736,0.05931160443145137,0.03856833320956498,0.05873955449812817,1.311740094421602,0.13517021730645382,0.007719392801928036
2053,0.7768773889680997,0.34578621920952046,0.008725200973801965,0.04752466474058496,2.7295271937365606,2.897005043957017,2.840118272529261,0.05688677142775648,-0.1843184646545003,-0.11059107879270015,-0.07372738586180015,0.049439254276950284,0.030204937565065013,0.050746185356922324,1.3911258139107763,0.14773471104117564,0.007769257605590035,0.749398448518298,0.3530574882349329,0.0084165817742007,0.045843669316002186,2.4729169483749205,2.5479159071101756,2.444276463742857,0.1036394433673185,0.047734141053439025,0.02864048463206348,0.019093656421375546,0.058970920295290885,0.03827972146302804,0.05859042037600774,1.314283268115302,0.1353886805430563,0.007732167237640428
2054,0.7795933642354353,0.34598293055421586,0.00875570441023079,0.04769081206332723,2.7345924768267253,2.920973994972395,2.866534961581525,0.05443903339086984,-0.21990414125799973,-0.1319424847547998,-0.08796165650319993,0.04897262601664415,0.02980963181731805,0.05053277996975897,1.3951955579163542,0.14805898749084112,0.00778307772418654,0.7514148909762619,0.35328826833496024,0.008439228675690795,0.045967023859838474,2.4751856108151586,2.5632335146891694,2.4610432298656466,0.10219028482352294,0.023570634915853574,0.014142380949512206,0.009428253966341367,0.058614361411074276,0.037977661368663845,0.05842633667684531,1.3169588574532671,0.13560878046438218,0.007744816208646646
2055,0.7823370566191977,0.3461624174260948,0.008786519140841515,0.047858654988841336,2.7402951849738697,2.945561244164853,2.8936575163952836,0.05190372776956939,-0.25560388570235665,-0.15336233142141395,-0.1022415542809427,0.048496572135199076,0.029406341121960188,0.05031058191635604,1.3993798836932043,0.14838905092462232,0.007796678681630311,0.7534620782840697,0.3534974230023604,0.008462220876191527,0.046092259232868055,2.478100042434892,2.5791290801113034,2.4784758599934467,0.1006532201178566,-0.0006263625975908877,-0.00037581755855447163,-0.00025054503903641605,0.058242371565896164,0.03766252888224749,0.05824738708379793,1.3197655372218775,0.13583355644963943,0.0077573260644384304
2056,0.7850838714085397,0.3463217541559561,0.008817368939555125,0.04802668900136112,2.746460077545671,2.9705728480427633,2.9212736489969937,0.04929919904576957,-0.29135595241887124,-0.1748135714513227,-0.11654238096754853,0.04801491959095236,0.02899830750000861,0.050082943233837524,1.4036471230119747,0.148723601854664,0.007809913054177308,0.755514636889109,0.3536820072449206,0.008485273402360763,0.04621782323783645,2.4814838575358817,2.595415979410551,2.4963702201254776,0.09904575928507323,-0.024810604315993277,-0.014886362589595905,-0.009924241726397371,0.057859578786834356,0.037338244652955654,0.05805766209645567,1.3226701821899414,0.13606170117372793,0.007769531737462378
2057,0.7878366992015998,0.3464540065949822,0.00884828627101797,0.04819509094211643,2.7533031786199382,2.9961424090265565,2.949539402227113,0.04660300679944351,-0.32706037267862464,-0.19623622360717477,-0.13082414907144987,0.047524061613732585,0.028582475463613886,0.04984513387000116,1.408031252704117,0.14905906075178896,0.007822691360579087,0.7575749772139474,0.3538350041797401,0.008508413325936761,0.046343863247812284,2.4855189784066014,2.612205835634246,2.5148580222039265,0.09734781343031981,-0.04889840632887501,-0.029339043797324948,-0.01955936253155006,0.057462145104427174,0.03700155733165898,0.05785247782897397,1.325703751151905,0.13628990926670698,0.0077813584042092845
2058,0.7906016620300356,0.3465615285295086,0.008879339892484852,0.048364235576763843,2.760931567265557,3.0223083374212365,2.978494875851172,0.043813461570064396,-0.3626055143093586,-0.21756330858561515,-0.14504220572374346,0.04702402660951552,0.028158869076996836,0.04959600929421105,1.4125345123071376,0.1493974631980908,0.007835059806790477,0.7596481775677693,0.3539587113071232,0.008531697682004943,0.046470690235014975,2.4902884577789193,2.629524674856603,2.5339656673939337,0.09555900746266943,-0.07279534935835719,-0.043677209615014256,-0.029118139743342934,0.05705023804360669,0.03665260883768419,0.057631023237267875,1.3288671486017067,0.13652012869746652,0.007792850018103415
2059,0.7934081206502945,0.3466632790948709,0.00891085955805131,0.048535918839986744,2.769407365332729,3.049106609556383,3.008159275622406,0.04094733393397718,-0.3979198504827948,-0.23875191028967688,-0.15916794019311795,0.04651775301569554,0.027729977647578796,0.04933767420069093,1.4171326911622568,0.14974526606541025,0.00784738287648775,0.7617616683665446,0.35407233295961243,0.008555434544780792,0.04659998212790648,2.4958331368376396,2.6473973645620936,2.5536997496970675,0.09369761486502616,-0.09644435476571298,-0.05786661285942773,-0.03857774190628525,0.056627201027371385,0.036294231563410606,0.05739595820372451,1.3321367376927653,0.13675816459165507,0.007804355527328324
2060,0.7962897015993928,0.34678039669350247,0.008943222931294233,0.04871219792324806,2.7787651377489517,3.0765823476191314,3.0385595821762394,0.038022765442891876,-0.4329907407121462,-0.2597944444272877,-0.1731962962848585,0.04600833571646316,0.027298423017226615,0.04907285495967814,1.4217993079140965,0.1501094082241863,0.007860074231023726,0.7639469335596785,0.35419732198033493,0.00857997751418871,0.04673366494676355,2.502168199473802,2.6658566761431888,2.5740731822034197,0.0917834939397692,-0.1198416378826965,-0.07190498272961784,-0.04793665515307865,0.05619656488678046,0.03592941666460554,0.05715057212465399,1.335486845186294,0.1370101774819288,0.007816271369388946
2061,0.7992812290562755,0.34692895681538055,0.008976821126647322,0.04889520325056716,2.789112018803275,3.104863480090475,3.0698203290848074,0.03504315100566766,-0.46784718380255336,-0.280708310281532,-0.18713887352102135,0.0454964153891186,0.026864747937935342,0.04880200772332637,1.4265297256508336,0.1504956976569962,0.007873483996837436,0.7662366535146122,0.3543498619729515,0.008605693627264235,0.04687373795246773,2.5093746759204527,2.6850092735749813,2.5951867528279924,0.08982252074698908,-0.14302012817923263,-0.08581207690753953,-0.057208051271693094,0.055759075140928024,0.03555879571035307,0.05689563394677376,1.3389130187851164,0.13728128896152797,0.007828939022086968
2062,0.8024202230849029,0.34712242560109086,0.009012075536344736,0.049087230210597216,2.800626426558418,3.134143461763345,3.1021417152298945,0.03200174653345025,-0.5025254811191271,-0.30151528867147626,-0.20101019244765084,0.04498104728259028,0.02642815206056079,0.04852390169603983,1.4313339783054464,0.15091034722837537,0.007887935790293048,0.7686661828123534,0.3545434281370236,0.008632979955448775,0.047022363961783026,2.5175981752694705,2.7050198868133606,2.6172087340437145,0.08781115276964596,-0.16601759795707316,-0.09961055877424385,-0.06640703918282931,0.05531365857026615,0.0351814595189941,0.056630072405217724,1.3424250844850603,0.13757707977146594,0.007842680349508425
2063,0.8057515637218816,0.3473777468900895,0.00904949021333571,0.04929102449070051,2.8135129619555515,3.1646416022662076,3.135748857596907,0.028892744669300953,-0.5370598260689253,-0.32223589564135524,-0.21482393042757011,0.044461543414931214,0.025988052558812487,0.04823745454991039,1.436220023338839,0.1513613539306503,0.007903828365509605,0.7712783647255727,0.35479515436987363,0.008662317676557174,0.04718216393497676,2.527010054124646,2.7260781137953707,2.640331021655039,0.08574709214033183,-0.1888682792173219,-0.11332096753039309,-0.07554731168692883,0.054859455591968295,0.034796679891958365,0.056352948478750636,1.3460314506183575,0.13790487699107984,0.007857895054588816
2064,0.8093426454187905,0.3477240049234401,0.009089822072601804,0.04951070918952072,2.828023203977859,3.1966305441809295,3.170912833342352,0.025717710838577646,-0.571482715607488,-0.34288962936449285,-0.22859308624299515,0.0439384282666256,0.02554489374815012,0.04794267545563191,1.4411845387688067,0.1518613462287239,0.007921815153514498,0.7741385726778574,0.355134869532567,0.00869444100716884,0.047357137172089746,2.537826209827229,2.748424872961668,2.6647886281116357,0.08363624485003228,-0.21160403047401133,-0.12696241828440674,-0.08464161218960459,0.05439685553250602,0.03440478664851538,0.056064489808993936,1.3497307571886545,0.13827634581617673,0.007875239670813135
2065,0.8132900221383881,0.3482070876838382,0.00913415552301094,0.04975219135352388,2.8444529086359687,3.230433486646384,3.207942486659377,0.0224909999870073,-0.6058159633723473,-0.3634895780234084,-0.24232638534893888,0.04341425979214371,0.025100842608567382,0.04764143644151421,1.4462045064077038,0.15242934588645632,0.007942897278831983,0.7773419093793834,0.3556102085831166,0.008730418056963913,0.047553101639224785,2.5503080610932174,2.7723539431694144,2.690855794757902,0.08149814841151234,-0.23424622277447485,-0.14054773366468487,-0.09369848910978999,0.05392839291750405,0.03400792692083116,0.05576692190437553,1.3535042762070244,0.13870928497216514,0.0078957239504857
2066,0.8177433902275425,0.34889525636306523,0.27577498742590245,0.05002462921645691,2.863319741539736,3.26658779024345,3.2473601111565173,0.019227679086932625,-0.6400672826946353,-0.38404036961678123,-0.2560269130778541,0.04289165031579025,0.02465811217965161,0.04733511822771797,1.4512555160011091,0.15309336438775334,0.00796859190896727,0.781038352676374,0.3562930174470523,0.2190208519012527,0.04777923235005152,2.564927336683636,2.798364663996845,2.719008642905838,0.07935602109100681,-0.2568021770370031,-0.1540813062222018,-0.10272087081480127,0.05345640546933418,0.033608081118513995,0.05546193819225626,1.3573343340044564,0.1392303356775156,0.007920905535786723
2067,0.8054683241186907,0.3473541819559319,0.24885341393310279,0.04927372553899573,2.8854103019396424,3.1620700835712627,3.1329174277674405,0.029152655803821995,-0.41251187637966324,-0.247507125827798,-0.16500475055186525,0.04450464521904253,0.026024566401528074,0.04727722747424663,1.4358129770278274,0.15149258822749767,0.00790245649873369,0.7701560892997371,0.35488950147732257,0.19715237829560506,0.04711352560775769,2.5824149798545055,2.714500405655377,2.627363553133322,0.08713685252205487,-0.07491428879802801,-0.04494857327881677,-0.029965715519211247,0.05515074121675652,0.035043443518403335,0.05572143799296798,1.343715720860295,0.13807580651441062,0.007853797494654357
2068,0.7942610724625261,0.3460469096567362,0.22439237061479855,0.0485881413934515,2.9021518411758787,3.0665824542934397,3.028252055526654,0.03833039876678562,-0.2101670239179588,-0.12610021435077534,-0.08406680956718347,0.04607526852503625,0.027355125377954686,0.04745267904562618,1.4211838544378885,0.1501392538720477,0.007842133980281645,0.7602501553861006,0.35369614208772754,0.17723665530557225,0.04650754400004517,2.5958369337463365,2.6381814434303643,2.5438719189813033,0.09430952444906106,0.0866083579417222,0.05196501476503336,0.03464334317668884,0.05678587605983815,0.036428653667028785,0.05613884043119717,1.3309078802675667,0.13709265471463358,0.007792689780521032
2069,0.7840240883478853,0.34491268885149284,0.20217946654202626,0.047961910576662006,2.9148260407225317,2.979741829951746,2.9330049049427265,0.04673692500901955,-0.030298107033657724,-0.01817886422019469,-0.012119242813463035,0.047585568744072805,0.02863458144222513,0.04778027129390014,1.407479925102729,0.14898258810995735,0.007786667442363775,0.7512303932649572,0.3526562590868007,0.15912551324872903,0.04595577242822848,2.6061965803152147,2.569049775431267,2.4681980483803527,0.10085172705091426,0.22999755322477006,0.13799853193486206,0.09199902128990799,0.058344205273636776,0.03774879766064904,0.05665190413558103,1.3189956272501664,0.1362474136207487,0.0077367017741979665
2070,0.7746735516239601,0.34390987468825784,0.18198008759025786,0.04738990594264919,2.9243637763461408,2.9010264531102896,2.84664186354257,0.05438458956771976,0.12953652133928514,0.07772191280357102,0.05181460853571412,0.04902365110011313,0.029852857893598393,0.0482042514552737,1.3947490112287215,0.14798436724367492,0.007735420268191108,0.7430181574402133,0.3517311757518543,0.1426376811359124,0.045453399922241684,2.614211889613742,2.506638531738393,2.3998655636805712,0.10677296805782172,0.35724387655528456,0.21434632593317077,0.1428975506221138,0.059814723510831946,0.03899455228114419,0.05721761205672357,1.308007880790418,0.13551401598033197,0.007685214302886106
2071,0.7661396138477135,0.3430061598432391,0.16360945600204574,0.046867854863272454,2.9315538184394594,2.8299367785586442,2.76864327072137,0.061293507837273956,0.27151757953014866,0.16291054771808913,0.10860703181205952,0.050379588846620936,0.03100154525434665,0.048683155526110584,1.3830184569120163,0.1471151408655701,0.007687924376615498,0.7355479561514449,0.3508909343672033,0.12763237942119798,0.04499642018242306,2.6204967095790326,2.4505117133004597,2.338422837346353,0.11208887595410662,0.47012312038779874,0.28207387223267927,0.18804924815511948,0.06118842133886081,0.04015828515649786,0.05780330082995781,1.2979579857189485,0.1348720286577693,0.007637757262935934
2072,0.7583723624840257,0.3421845036342027,0.1469232927401986,0.046392704156178924,2.93703860663638,2.7659819166756057,2.698482360028374,0.0674995566472316,0.3975937443466765,0.23855624660800584,0.15903749773867065,0.05164707621399102,0.03207530156989717,0.04918734327598793,1.3722844058993169,0.14635484254068457,0.007643974372915382,0.7287731525888084,0.3501205746730063,0.11400118995602894,0.044581980299425714,2.6255499073973714,2.4002475897628504,2.2834176676497866,0.11682992211306359,0.5702203995793077,0.34213223974758467,0.22808815983172306,0.062460172386991406,0.04123565346397978,0.058385863142785724,1.2888325960806861,0.13430797283727589,0.00759410313094815
2073,0.7513309339059127,0.34143821215423903,0.13175797317228508,0.04596195414185752,2.9413020125064717,2.7086490862091703,2.6355967070611834,0.0730523791479869,0.5095088424088139,0.3057053054452883,0.2038035369635256,0.05282357525121753,0.033071976806260464,0.04969645887479174,1.3625144027087615,0.14568968387991332,0.007603508984032384,0.7226554529901138,0.3494152497286106,0.10161147943531222,0.044207737721869825,2.6297405167223906,2.355408183938701,2.2343687226389073,0.12103946129979377,0.6589529901391387,0.3953717940834832,0.26358119605565544,0.06362893302472081,0.04222577308839286,0.05895012034083127,1.2805932088586975,0.13381295817736968,0.007554153467926292
2074,0.7449725816511609,0.34076445290999263,0.11798737631487846,0.04557298993056652,2.944674025230397,2.6573893984997383,2.5793795382609277,0.07800986023881065,0.608824144949115,0.365294486969469,0.243529657979646,0.05390975759268974,0.03399213994083686,0.05019711894972609,1.3536548460635185,0.14510930497101773,0.007566476143641217,0.7171549355466619,0.3487738515665593,0.09036298203309613,0.04387125027943523,2.633312464287835,2.3155272771676128,2.1907591952538863,0.12476808191372624,0.7375887817232476,0.44255326903394854,0.29503551268929906,0.0646970733919079,0.04313065190193193,0.059486950810758624,1.273182980491562,0.13338050749986144,0.007517814923463821
2075,0.7392494644524094,0.34016397203293924,0.10555644966171315,0.045222884965441024,2.9473148309269646,2.6115935954381895,2.529153082856303,0.08244051258188656,0.6969362467844357,0.4181617480706614,0.27877449871377424,0.05491024867391334,0.03483970942734373,0.050682439153417996,1.3456267803664277,0.14460515271580549,0.007532812711461907,0.7122268957410798,0.3481987538949883,0.08022104376205515,0.043569783249718025,2.636368008257806,2.280087359136057,2.152011473861653,0.12807588527440408,0.8072608906602551,0.484356534396153,0.3229043562641021,0.06567117846285402,0.04395586838839556,0.05999320478554625,1.266522445087118,0.13300518408847786,0.007484978566043712
2076,0.7341096133460666,0.3396328727851797,0.09441252085615404,0.04490846021036664,2.9493572065224214,2.5707037563757575,2.484301697524537,0.08640205885122028,0.775092514996474,0.46505550899788445,0.3100370059985896,0.05582942347724276,0.03561839154724347,0.051147318084692875,1.3383604258467432,0.14416714211493542,0.0075023499468551,0.7078224914468669,0.34768728918215347,0.07115139390386697,0.043300348834552735,2.638990763935153,2.24861518734206,2.117602655489686,0.13101253185237446,0.8689801807424455,0.5213881084454672,0.34759207229697825,0.06655738038382272,0.04470661741674095,0.06046683869293562,1.26054182437468,0.1326795801691675,0.007455436543429792
2077,0.7295048675863176,0.3391659150255918,0.08446069572441034,0.04462676957893428,2.9509399477992004,2.5342390236902403,2.4442968360995763,0.089942187590664,0.8444051861660401,0.5066431116996242,0.337762074466416,0.05667108538191052,0.03633140834643293,0.05158771986295428,1.3317964763154806,0.14378619972401496,0.0074748966010374784,0.7038962478773935,0.34723509598701935,0.06307710226440863,0.04306016521778712,2.6412730537446802,2.220703547321638,2.087085057170136,0.13361849015150215,0.9236466609575742,0.5541879965745444,0.3694586643830297,0.06736101468523675,0.04538741900005519,0.06090632467806312,1.2551820880061455,0.13239682800048969,0.0074289631380884315
2078,0.7253746829766691,0.33875026529748775,0.07557290618177788,0.044374109403295225,2.9521373823152817,2.5017182945078065,2.408617997675262,0.09310029683254431,0.9058656410666998,0.5435193846400199,0.36234625642667984,0.05743896674249297,0.03698192170202536,0.05200071700710519,1.3258811333427065,0.1434524628224533,0.007450093308111682,0.7003905202080086,0.346829876006664,0.055887608753966284,0.04284570606142289,2.643253787245377,2.1959428401179695,2.0600170405829994,0.13592579953497025,0.9720612444372956,0.5832367466623773,0.38882449777491823,0.06808722950645954,0.04600263440244008,0.0613108653060414,1.2503898410111987,0.1321491495693118,0.007405169478716485
2079,0.7216565480644133,0.3383713045768704,0.06761884830187956,0.044146655667604326,2.9529819436837434,2.4726810744105387,2.376769535550525,0.09591153886001372,0.9603540135553637,0.5762124081332183,0.38414160542214537,0.05813715669438537,0.037573395739241136,0.05238468065285834,1.32056214549179,0.143156264851309,0.007427534092778763,0.697245941533051,0.3464574209306195,0.04946891675575166,0.042653339679972965,2.6449395335832575,2.173941952342767,2.0359795991621565,0.13796235318061043,1.0149332240351678,0.6089599344211007,0.4059732896140671,0.06874138180228659,0.046556801786714355,0.061680634885111274,1.2461140299087548,0.13192875817360858,0.007383625464005006
2080,0.7183016656141773,0.33801925239552,0.06049341196225813,0.043941423312374266,2.953529577063759,2.446747078000913,2.348339623976133,0.0984074540247798,1.0086499218127098,0.605189953087626,0.40345996872508383,0.05876962308451008,0.03810919183335049,0.05273873645155333,1.3157919379338474,0.1428902517466173,0.007406922111649174,0.6944168036986524,0.34610838467806515,0.0437306198266125,0.04248026995550429,2.6463629170924206,2.1543827272199034,2.014629463129464,0.13975326409043945,1.052889089938261,0.6317334539629567,0.42115563597530437,0.06932843793032754,0.04705412841993716,0.06201619414840053,1.2423093128883265,0.13172981170649528,0.007364016361073433
2081,0.7152848097524558,0.3376970018183131,0.054106013102902986,0.04375686921797921,2.953851638012288,2.423609753117773,2.3229844803597235,0.10062527275804956,1.0514452627542745,0.6308671576525648,0.42057810510170973,0.05934171187182739,0.03859383883201225,0.05306404968588093,1.3115158790369383,0.14265223347369438,0.007388209903547666,0.6918806560694898,0.34578635883077835,0.03859517726693851,0.04232512351392834,2.6475741677192497,2.1370143747662964,1.9956840427087503,0.14133033205754625,1.0864835416841654,0.6518901250104994,0.4345934166736661,0.06985463712451473,0.04749989989075539,0.062319954859242147,1.238924819661805,0.13155106961890758,0.007346278689138246
2082,0.7125920938028983,0.33741188130382843,0.04839020669241055,0.04359214391196481,2.954036612214581,2.403022424243484,2.300421993156978,0.10260043108650588,1.089357698429338,0.6536146190576029,0.4357430793717352,0.059858737130771555,0.03903183857179849,0.053362332531662136,1.3076826315421488,0.14244247902414336,0.0073714464490825075,0.6896265776399071,0.3454995706873892,0.03400777162795774,0.04218723228112147,2.648643176709579,2.1216407488039186,1.9789163854717908,0.14272436333212765,1.1162113187296465,0.669726791237788,0.44648452749185846,0.07032599889566052,0.047899215648613436,0.06259463571638685,1.2359135156884888,0.1313935222640215,0.007330453042053801
2083,0.7102064781799662,0.3371676207228984,0.04331069063014932,0.04344620503177632,2.9541631616569566,2.384760880320666,2.280398953248766,0.10436192707190012,1.122940347346984,0.6737642084081904,0.4491761389387935,0.0603252718221948,0.03942706505234206,0.053635017056633295,1.3042488652566333,0.142260676503255,0.007356616211444622,0.6876406819225973,0.34525252809550877,0.029943427370148323,0.042065746762270526,2.649634373734024,2.108085016259013,1.9641250723032257,0.1439599439557871,1.1425155023846634,0.6855093014307982,0.4570062009538652,0.07074761387386723,0.04825638823844324,0.0628424415531699,1.233236246315661,0.13125758193615666,0.007316521081919911
2084,0.7080946213395913,0.3369593306991767,0.038829538413474765,0.043317012953646566,2.9542421862681008,2.3685631356989925,2.2626296213191335,0.10593351437985904,1.1526876082482789,0.6916125649489674,0.4610750432993115,0.0607457468930744,0.03978327196572955,0.05388365007078459,1.3011743121950783,0.1421035976765737,0.0073435184389435675,0.6858927258673704,0.3450407144951674,0.026373980360185234,0.041958816864959586,2.650552329602297,2.096133000365031,1.9510770764838665,0.1450559238811648,1.1657920885307167,0.6994752531184303,0.46631683541228647,0.07112439884296878,0.048575582930708114,0.063065594304532,1.230856494609783,0.13114085731768965,0.0073042780982495135
2085,0.7062163781033323,0.33677931797024185,0.03489657955066856,0.04320211186179509,2.9542295054270915,2.354145166398571,2.24680684241227,0.10733832398630067,1.179037771691369,0.7074226630148214,0.47161510867654755,0.061125133687155636,0.04010467080304218,0.05411052344866282,1.298416477010841,0.1419666022388987,0.007331881126940344,0.6843454471544412,0.3448566029234666,0.02325852332482306,0.041864163114562675,2.6513523024808716,2.085547825152061,1.9395174475702,0.14603037758186108,1.1863914248511191,0.7118348549106717,0.4745565699404475,0.07146183825333205,0.04886144589654185,0.0632670347250977,1.2287354538419417,0.13103950818430243,0.007293445833042981
2086,0.7045415276605637,0.33662437449151145,0.031446631101981634,0.04309965306730144,2.9540902221063328,2.3412637288630767,2.2326638600205935,0.10859986884248314,1.2023772701428985,0.7214263620857392,0.48095090805715934,0.061468548071436035,0.04039559548873517,0.05431838145283695,1.2959333258335763,0.1418463877640948,0.007321527884751173,0.6829712068589703,0.3446972350785995,0.02054071564800873,0.04178009475816999,2.6519983972435557,2.0761280238761852,1.9292255741654183,0.14690244971076674,1.2046213717968954,0.7227728230781374,0.48184854871875804,0.07176549711015623,0.049118691549383614,0.06345007514913743,1.2268349312281643,0.130950818390965,0.0072838427278053555
2087,0.7030439266824912,0.3364902941998592,0.028440389454384984,0.043008037310506265,2.953820153925121,2.3297263700073887,2.219991444728688,0.10973492527870082,1.2230478486607215,0.7338287091964331,0.48921913946428847,0.06177974695051781,0.04065922869756124,0.05450898052563318,1.2936938575962724,0.14173992844947605,0.007312288798301286,0.6817463247604673,0.3445585580541301,0.01818907676155363,0.04170516320437878,2.652484060954492,2.06771706810042,1.920031975361092,0.14768509273932803,1.2207534759889997,0.7324520855934,0.4883013903955997,0.07203936000945596,0.04935069545355525,0.06361682522511196,1.2251274989826806,0.13087230568160574,0.007275297726760029
2088,0.7017021817121658,0.336375075821563,0.025800321591020067,0.042925955889268105,2.9534105940400845,2.3193600160677557,2.208599484561396,0.1107605315063597,1.2413518491311475,0.7448111094786887,0.4965407396524589,0.06206261138464005,0.04089885828315118,0.0546844087489415,1.2916670853448382,0.14164514772217587,0.007304039848501647,0.6806514141517198,0.3444386398607371,0.01613401665515292,0.041638182505252724,2.652798351258402,2.060173790830014,1.9117819152530862,0.14839187557692798,1.2350273933421931,0.7410164360053161,0.49401095733687705,0.07228751711049552,0.04956092260165125,0.0637696882083966,1.2235857105874213,0.13080226945907683,0.00726768333772969
2089,0.700496802572125,0.3362760264300306,0.023435679111181384,0.04285221652381854,2.9528624778808994,2.310018226404887,2.1983282175446197,0.11169000886026757,1.257557100560466,0.7545342603362798,0.5030228402241862,0.06232029050920605,0.04111715204647474,0.054846264918627194,1.289828010780096,0.1415602994601508,0.007296657219761721,0.6796690704539013,0.3443348426473759,0.014292648368810335,0.041578087959866575,2.6529412039514315,2.0533811547057668,1.9043482418484403,0.14903291285732634,1.2476549368383183,0.7485929621029912,0.4990619747353271,0.07251318577295111,0.049752098591070625,0.06391043904277602,1.2221880569977928,0.1307393344607387,0.007260875757098129
2090,0.6994107885353731,0.33618946353300766,0.02129339720944738,0.04278577922704025,2.952197567520001,2.3015888964851383,2.1890571169086943,0.11253177957644392,1.2719007510188447,0.763140450611307,0.5087603004075377,0.06255485626426474,0.04131586523872434,0.05499533170691055,1.288159863864157,0.14148377500296758,0.0072900178441033855,0.6787846382395765,0.3442435611691399,0.01261871542243529,0.04152398304764282,2.6529346567695153,2.0472543779898826,1.8976407024223552,0.14961367556752744,1.2588232572452664,0.7552939543471602,0.5035293028981063,0.07271830722503297,0.04992586794001869,0.06403985139879448,1.2209212912005096,0.13068230149544638,0.007254757464881884
2091,0.6984349806461393,0.33611314734163855,0.019374081104666395,0.04272608373071329,2.9514785148650913,2.2940127870119755,2.1807228146906703,0.1132899723213051,1.2845928336240349,0.7707557001744211,0.5138371334496138,0.0627671949379274,0.041495748681944736,0.055131499257059624,1.2866546640752983,0.14141457480396172,0.007284054305958994,0.6779911362211906,0.34416264515364564,0.011118130051470582,0.04147544071368808,2.6528388113485417,2.0417560597889235,1.8916200958473481,0.15013596394157547,1.2686978591686555,0.7612187155011936,0.5074791436674619,0.07290347388025877,0.050082732513659835,0.06415765722235278,1.2197807164457015,0.130630510181258,0.007249269600956039
2092,0.6975600462764561,0.3360438865397767,0.017657563602889143,0.04267255912570721,2.9507662274225845,2.28724048160565,2.173273899588069,0.11396658201758143,1.2958205463908594,0.7774923278345157,0.5183282185563437,0.06295776932518335,0.041657194434514905,0.05525437823130472,1.2853076702158064,0.14135147130245754,0.007278687360371374,0.6772809039312031,0.3440888626049471,0.009775913245066888,0.04143199234023754,2.652710262919913,2.0368542682395625,1.8862544826222956,0.15059978561726678,1.2774263004960282,0.7664557802976172,0.510970520198411,0.07306888592081039,0.05022286189702318,0.06426332170220315,1.2187641875187087,0.13058301711495401,0.0072443388001156035
2093,0.6967808918073777,0.3359817221395971,0.01612399262763723,0.04262489379803072,2.9501072488047138,2.2812239396382656,2.166656948200475,0.11456699143779053,1.3057505010070645,0.7834503006042387,0.5223002004028258,0.0631277262780253,0.041801174056074704,0.05536431560631376,1.2841095209126383,0.14129460110006556,0.007273894065801166,0.6766502824516166,0.34402231924190396,0.00857678677433632,0.04139341407943596,2.6525919904696775,2.0325169028509356,1.8815080797300776,0.15100882312085775,1.2851398512326662,0.7710839107395999,0.5140559404930662,0.07321552451113401,0.05034708728696938,0.06435712183932697,1.2178648875375988,0.13054011629464424,0.007239946260928066
2094,0.6960883720170974,0.3359257217997214,0.01475416488225851,0.042582528274691,2.9495126031306835,2.2758917404847905,2.1607936255699833,0.11509811491480737,1.3145316292678337,0.7887189775607003,0.5258126517071334,0.0632787819511669,0.04192914139303686,0.05546221668037281,1.2830470788535815,0.14124378742420524,0.007269618934969115,0.6760915156578974,0.34396211964268686,0.007505636241443882,0.0413592314349263,2.6524949943219616,2.0286895790901154,1.8773214407621277,0.1513681383279879,1.2919559225997228,0.7751735535598339,0.516782369039889,0.07334502363689605,0.050456792920118024,0.06443995214813082,1.2170721472342567,0.1305017968278734,0.007236038959845982
2095,0.6954699096621895,0.3358741904027672,0.01352893366950339,0.04254469314574715,2.948961494299619,2.2711521033287054,2.1555838098529376,0.11556829347576765,1.3222961407444696,0.7933776844466818,0.5289184562977878,0.06341317726347898,0.04204299484758836,0.05554950150309916,1.2821037547026743,0.141198263392844,0.0072657794472973936,0.6755933918021836,0.34390657681872056,0.006546978915814072,0.04132875852927084,2.652401823173094,2.025298703448446,1.8736146430902958,0.1516840603581503,1.29797863347133,0.7787871800827981,0.5191914533885318,0.07345960651148761,0.050553862199397656,0.06451326684309919,1.2163718469216422,0.1304674712796687,0.007232535409500423
2096,0.6949102213920358,0.33582372370230246,0.01243013614967263,0.042510453476391624,2.9484213650855993,2.266909475029241,2.150925059924123,0.1159844151051177,1.3291605086024605,0.7974963051614764,0.5316642034409841,0.06353297142235978,0.04214447888441251,0.0556274681895862,1.281264449975561,0.14115635097292983,0.007262259928704023,0.6751419371860359,0.343852214399166,0.00568600915286558,0.04130114054381308,2.652284711832905,2.0222664691176977,1.8703050427421246,0.15196142637557308,1.3032994484846336,0.7819796690907804,0.5213197793938532,0.0735613033400195,0.05064001502010318,0.06457837981228012,1.2157511883154626,0.1304356793383644,0.007229320634881404
2097,0.6944080447673151,0.33577957333791975,0.011445487933476939,0.0424797320569238,2.9478698521714386,2.263093950653065,2.1467339509590655,0.11635999969399986,1.3352265020206215,0.8011359012123731,0.5340906008082484,0.06364127895630257,0.04223623198711529,0.05569852048697554,1.2805068638355364,0.14111905441271866,0.007259110597681227,0.6747369608339863,0.34380446756615246,0.004913164941275042,0.041276365814106875,2.652125107177452,2.0195385939889943,1.8673263725334257,0.15221222145556876,1.3079978910733772,0.7847987346440265,0.5231991564293507,0.07365326480045883,0.050717920489992685,0.06463777100746998,1.2151906604188902,0.13040739059514558,0.007226444362222254
2098,0.6939627621365093,0.33574562717173734,0.01056470784152757,0.04245249111870443,2.9473031394353884,2.259656605121096,2.1429518629721747,0.11670474214892133,1.3405854607720222,0.8043512764632135,0.5362341843088088,0.06374032164551378,0.04232013634449781,0.05576430404068616,1.2798151118984085,0.14108718788910232,0.00725637021615682,0.6743788512998651,0.34376734351676363,0.004220715424266427,0.041254458125200746,2.6519217937278032,2.017079306923985,1.864634497248101,0.15244480967588434,1.3121454941328365,0.7872872964797021,0.5248581976531345,0.07373765776384485,0.05078941428137602,0.0646930785696678,1.214676861137562,0.13038341080045582,0.007223946353756973
2099,0.6935693582642161,0.3357213054045605,0.009777223788668118,0.042428423871123666,2.946729645517316,2.2565601191820193,2.1395379652440427,0.11702215393797638,1.345319467122122,0.8071916802732734,0.5381277868488487,0.06383105782699491,0.04239700381507186,0.05582533324161754,1.2791822364039054,0.14106034773677412,0.00725400657386088,0.6740635574991949,0.3437402165082841,0.003600586423490336,0.04123516966803041,2.651684957723388,2.0148623516892754,1.8622009287356724,0.15266142295360302,1.3158067149795256,0.7894840289877155,0.5263226859918101,0.0738152833544122,0.05085517506942473,0.06474471296960242,1.214204766185853,0.13036343691038946,0.00722179684323126
2100,0.6932196774469641,0.33570248827441873,0.009073574633845956,0.04240703140615321,2.946169475615887,2.2537791756491017,2.1364686403782347,0.1173105352708669,1.3495013920627532,0.8097008352376521,0.5398005568251011,0.06391335206527608,0.042466719664209805,0.05588115302936683,1.2786089527617572,0.1410371024241447,0.007251933196935128,0.6737837967600414,0.3437187913216927,0.003045709228444375,0.04121805494240127,2.6514352046618583,2.0128711499871077,1.860011951673011,0.15285919831409672,1.319038754981412,0.7914232529888474,0.5276155019925646,0.07388577498559373,0.05091489229905808,0.06479204518199583,1.213776474976401,0.13034621930374235,0.0072199128022592506
2101,0.6929111404205479,0.33568779498466667,0.008446455110167617,0.04238815594236735,2.9456541213177614,2.2513062211849277,2.1337370083102387,0.11756921287468923,1.353195188345871,0.8119171130075229,0.5412780753383482,0.06398709699820106,0.042529192939688924,0.05593140881574162,1.2780957986711436,0.14101708026733362,0.007250122300872974,0.6735376771403708,0.343701593244332,0.0025508478218211894,0.041202998214528,2.6512029060586837,2.0111045689772586,1.8580679227575159,0.15303664621974292,1.321891638835279,0.7931349833011677,0.5287566555341113,0.0739488115704382,0.050968293960352684,0.06483456229412929,1.2133938147671186,0.13033147429531158,0.0072182696017789715
2102,0.6926431629566484,0.33567692020226697,0.007889271740640705,0.042371761734574194,2.945215696843341,2.2491390550937282,2.1313409582861045,0.11779809680762368,1.3564578975953936,0.8138747385572365,0.5425831590381571,0.06405224943440277,0.042584387051792995,0.05597584514048387,1.2776428851690578,0.14100043055918715,0.0072485680643507786,0.6733252285098635,0.34368827790626777,0.0021112414531854265,0.041190001307682335,2.651018783403988,2.009565810825611,1.8563727771760925,0.15319303364951842,1.3244100103798253,0.7946460062278955,0.5297640041519298,0.0740041617379093,0.05101518404653334,0.06487187097821658,1.2130580756304918,0.1303194035136575,0.0072168645613258295
2103,0.6924145942597038,0.33566876621707625,0.007395656742958064,0.04235777837599526,2.9448879807647614,2.2472793367636337,2.1292835365084506,0.11799580025518304,1.359340740427184,0.8156044442563107,0.5437362961708733,0.06410848636531039,0.04263202836269182,0.05601397372109414,1.277252287396653,0.1409870979970003,0.007247253242799955,0.6731458589853662,0.34367769267789877,0.0017222069268320386,0.04117902800760442,2.650914920047922,2.008260914078359,1.8549344870216324,0.1533264270567266,1.3266340550438158,0.7959804330262897,0.5306536220175261,0.07405131067681003,0.0510551264335105,0.0649033387050513,1.2127722752569772,0.13031002061333075,0.007215683813689041
2104,0.6922235867931061,0.3356642052989005,0.0069592517657672825,0.0423460928355445,2.9446690298069473,2.2457014082541313,2.1275352786651034,0.1181661295890278,1.3618895852364064,0.8171337511418442,0.5447558340945622,0.06415675372854819,0.04267291822672187,0.05604646086472669,1.2769172928052397,0.14097757931060745,0.007246177450596219,0.6729983309672521,0.3436707629525852,0.0013787656151313318,0.04117000259671824,2.6508911201414493,2.0071711485894776,1.8537312273395448,0.15343992124993278,1.3285998213365071,0.7971598928019045,0.5314399285346026,0.07409114848470048,0.051088875170516704,0.06492960198036639,1.2125309301755003,0.1303038475124012,0.007214728587654045
2105,0.6920640382120696,0.33566305799287494,0.006572493783702185,0.042336331816845894,2.9445276484788394,2.2443549241988645,2.1260404420360066,0.11831448216285796,1.3641453440713869,0.8184872064428326,0.5456581376285543,0.06419855814616565,0.04270833298397329,0.05607446331941409,1.2766273399922783,0.1409715551111384,0.007245306254022704,0.672877225605938,0.3436673309994972,0.0010745924309771143,0.04116259359125455,2.650921187432722,2.006255396316228,1.8527174841949376,0.15353791212129064,1.330339505396307,0.7982037032377843,0.5321358021585226,0.07412518274897631,0.0511177074154385,0.06495183118545461,1.2123248439453347,0.1303006309426805,0.007213964847425836
2106,0.6919321074231859,0.33566406422535744,0.006230328620073389,0.04232826037060135,2.944465201132309,2.243220646049522,2.124779030748311,0.1184416153012108,1.3661436173066626,0.8196861703839979,0.5464574469226646,0.06423421770153549,0.04273854209987757,0.0560981068373499,1.2763801441532607,0.14096804891318454,0.007244605977307297,0.6727792671255411,0.34366609629228173,0.0008058425999395852,0.04115660062496122,2.651008360930266,2.0055002281351064,1.8518797609435476,0.153620467191559,1.331880999977864,0.7991285999867186,0.5327523999911454,0.07415362174857247,0.05114179961249736,0.06497006995239304,1.2121527090056896,0.130299489051619,0.007213361003037078
2107,0.691823559673514,0.3356654721493009,0.005929205093544353,0.042321619446616866,2.9444832580493014,2.242281373030885,2.123733851812921,0.11854752121796397,1.3679156770606336,0.8207494062363805,0.5471662708242531,0.0642638885816251,0.04276367788876537,0.05611738506370468,1.276174558222578,0.14096624027758672,0.007244035628651631,0.6727006941582027,0.34366523262341947,0.0005700347009480258,0.0411517936076079,2.651155735460266,2.0048934269002805,1.8512064834171542,0.1536869434831264,1.333248753405186,0.7999492520431118,0.5332995013620742,0.0741765142259006,0.05116119305399626,0.06498422964554737,1.2120141925468484,0.13029969146334366,0.007212877694653528
2108,0.6917355899392827,0.3356672712700848,0.005666673734354186,0.04231623745038762,2.9445716478224178,2.241513199633788,2.1228783550488535,0.11863484458493444,1.3694888212892733,0.8216932927735643,0.547795528515709,0.06428830459402528,0.04278436199828012,0.05613283517389507,1.2760054478341551,0.14096589097896334,0.0072435801161775774,0.6726391292260406,0.3436647272880089,0.0003655748474866091,0.041148027100576634,2.6513554477481773,2.004416427481601,1.8506770376103923,0.15373938987120914,1.3344640168963082,0.8006784101377852,0.533785606758523,0.07419455588781931,0.0511764771104113,0.06499482475256863,1.2119050563983036,0.13030103855790767,0.007212500495305365
2109,0.6916690552599941,0.33566971649509086,0.005442099844033314,0.04231216681024397,2.9447494019016554,2.240920541603509,2.1222171676127335,0.11870337399077564,1.3708870571482026,0.8225322342889219,0.5483548228592807,0.0643073718712304,0.042800514908239176,0.05614429053398843,1.2758734248107104,0.14096687680864384,0.007243246835053005,0.6725957397111996,0.34366484437672384,0.00019263390939749242,0.04114537251845782,2.651625703205539,2.0040758037829036,1.8502984385744072,0.1537773652084965,1.3355454410518857,0.8013272646311316,0.5342181764207541,0.07420754942162783,0.05118748462760429,0.06500161117600453,1.2118264729552188,0.13030343252622245,0.00721223893902886
2110,0.6916255104132308,0.3356734466146047,0.005254260783200654,0.04230950261673332,2.94503578409339,2.240509606088999,2.121756486602161,0.11875311948683748,1.372132162485381,0.823279297491229,0.5488528649941521,0.06432102250836721,0.0428120790927938,0.05615162126883878,1.2757789289690142,0.14096959509443546,0.007243050939488399,0.6725723508250995,0.3436662673093227,5.07023288479902e-05,0.04114394149711317,2.6519845855734405,2.003879314661733,1.8500785586400785,0.15380075602165447,1.3365100448889367,0.8019060269333621,0.5346040179555746,0.07421534689059943,0.051194090280464524,0.06500440123080593,1.2117793211537453,0.1303072778816048,0.007212110360898991
2111,0.6916010790199545,0.3356790965691012,0.005098719470999678,0.04230800770977739,2.9453976840930456,2.2402404678317653,2.1214512551013516,0.11878921273041398,1.3732440483194894,0.823946428991694,0.5492976193277954,0.06433063520951585,0.0428202225258832,0.05615596256768432,1.2757123965573172,0.14097439457515926,0.0072429782139120285,0.6725654839271691,0.3436697107229673,-6.410191770387513e-05,0.04114352120902959,2.6524029251866477,2.003792943590178,1.8499788188476098,0.15381412474256806,1.337373510565063,0.8024241063390379,0.5349494042260251,0.0742193999835837,0.05119752387223152,0.06500439927471441,1.2117548137370207,0.13031293792741416,0.007212100257187842
2112,0.6915864240451626,0.33568589156021766,0.0049683814950234675,0.042307110907345125,2.9457673013045635,2.240042084342476,2.1212233857296443,0.11881869861283167,1.3742398592915315,0.8245439155749192,0.5496959437166122,0.06433827163764676,0.04282669175243718,0.05615903230552861,1.2756595490192408,0.14098052288504337,0.007242970198795766,0.6725662980730561,0.34367442535198756,-0.00015836772399462073,0.041143570820360784,2.6528206229474383,2.00375461686993,1.8499310691710438,0.15382354769888648,1.3381492562939907,0.8028895537763945,0.5352597025175962,0.0742219056270457,0.05119964653677326,0.06500344100126204,1.2117396637708588,0.1303197287285885,0.007212148267721732
2113,0.6915730190642425,0.3356924939820174,0.004856968772843105,0.04230629063988687,2.9460897742221634,2.239856437671041,2.1210098793193164,0.11884655835172434,1.375133158171411,0.8250798949028469,0.5500532632685641,0.06434546949488582,0.042832789442140314,0.05616209716339463,1.2756097418499577,0.14098661029592424,0.007242966900539148,0.6725667277828333,0.34367905812167454,-0.0002378648221812371,0.04114359695959105,2.6531894854111773,2.003714060021675,1.8498809312436557,0.15383312877801952,1.3388475902792027,0.8033085541675217,0.5355390361116811,0.07422447804546788,0.05120182576995394,0.06500286023585815,1.2117241105769796,0.13032637206002398,0.007212193201530293
2114,0.6915558760131463,0.33569735550963753,0.004760001763499257,0.04230524179129934,2.946344625096862,2.2396579007514665,2.1207839573965908,0.11887394335487562,1.3759344461671181,0.8255606677002711,0.550373778466847,0.06435270814093491,0.042838921686225225,0.056165511465361195,1.2755596575803327,0.140991384517929,0.007242925208132485,0.672562115236673,0.3436820111737927,-0.00030655012177929764,0.041143314713932136,2.65349220384664,2.0036499811994273,1.8498064977619306,0.15384348343749646,1.339476176807849,0.8036857060847094,0.5357904707231396,0.07422757345207476,0.05120444805438761,0.0650029944848553,1.2117053960197035,0.13033168026190814,0.00721219225856878
2115,0.6915345699470941,0.33570003343878296,0.004675356534920017,0.04230393837253835,2.9465387314901292,2.2394476620661528,2.120547425438308,0.11890023662784509,1.3766521767530355,0.8259913060518216,0.550660870701214,0.06435985787011764,0.04284497860407867,0.05616912418915398,1.2755101935934345,0.14099434681653616,0.007242838198860803,0.6725522317259971,0.34368282835612185,-0.00036609043275590003,0.04114271010066904,2.6537356751157843,2.0035649160753373,1.8497110858111452,0.1538538302641919,1.3400409821743986,0.8040245893046392,0.5360163928697594,0.07423099409553208,0.05120734586434619,0.06500364012961607,1.2116847159912407,0.1303351929380906,0.007212139885405395
2116,0.6915095707660797,0.3357001427213833,0.004601835291014822,0.042302409117781256,2.9466861082616616,2.2392338928888216,2.1203097844213707,0.11892410846745097,1.377293873067151,0.8263763238402908,0.5509175492268601,0.06436658203471131,0.04285067500341576,0.05617260876432649,1.2754636783843365,0.1409953693197141,0.007242704384748918,0.6725376470641956,0.3436811025423407,-0.0004172954692392983,0.041141817968369285,2.6539327807141926,2.0034671817051732,1.8496043825328976,0.15386279917227552,1.3405473303021584,0.8043283981812951,0.5362189321208634,0.07423433285108001,0.051210174302678574,0.06500441569653811,1.211664531921599,0.13033680002556003,0.0072120358118731385
2117,0.691483197562518,0.3356980409421187,0.004539327297208136,0.042300795874747346,2.946808081052703,2.2390324318326225,2.120088241104512,0.11894419072811076,1.3778663999136518,0.8267198399481913,0.5511465599654605,0.06437245868424257,0.04285565342743078,0.0561755781990662,1.2754230296065114,0.14099473089631268,0.0072425400271199855,0.6725207019419007,0.3436771991293219,-0.0004599664446523072,0.04114078148832772,2.6541025598053793,2.0033716246015842,1.84950248379451,0.15386914080707445,1.341000126684782,0.8046000760108692,0.5364000506739127,0.07423710529282854,0.051212522986313305,0.06500488698990507,1.2116477721071863,0.13033676841316008,0.0072118975492109555
2118,0.6914579276571912,0.3356947092811779,0.004487806578214272,0.04229925016146978,2.9469191373804904,2.238853698217651,2.1198932977196163,0.11896040049803486,1.37837639943479,0.8270258396608743,0.5513505597739157,0.06437736604521457,0.04285981071528393,0.056177916843919415,1.2753890880008663,0.14099306899520705,0.007242368762071568,0.6725038806786952,0.3436721436379147,-0.0004939018047383573,0.04113975260898123,2.6542576105129756,2.0032879572366484,1.8494150578701651,0.1538728993664833,1.341404254404684,0.8048425526428105,0.5365617017618736,0.07423916908182333,0.05121427133231199,0.06500492693781589,1.2116352965951669,0.1303357025301098,0.007211749509998324
2119,0.6914337462979678,0.3356914072371812,0.0044461029958837925,0.04229777104665114,2.9470064631275736,2.238683905402277,2.119708256113924,0.11897564928835298,1.3788303450227493,0.8272982070136499,0.5515321380090994,0.06438199980882922,0.04286373622418768,0.05618022469344009,1.2753570409009705,0.14099105064296832,0.007242203677986192,0.6724872530182651,0.34366727167328215,-0.0005201287279698805,0.04113873556986352,2.6543859451053518,2.003204065893975,1.849327182045379,0.15387688384859588,1.341764605099955,0.8050587630599729,0.5367058420399821,0.07424128237528879,0.05121606161619455,0.06500519350334275,1.2116225221821506,0.13033423559260646,0.007211604318812004
2120,0.6914082661471775,0.3356886125924378,0.004411273050879169,0.042296212474809615,2.9470447197246505,2.238497575227707,2.1195042838566094,0.11899329137109747,1.379234059780068,0.8275404358680412,0.5516936239120269,0.06438725918905869,0.04286819172637463,0.05618326925375165,1.2753206696042656,0.14098880559103594,0.007242036877294373,0.6724685710541627,0.3436631060139359,-0.0005414343577357719,0.041137592846378024,2.654464598982981,2.0030974129546997,1.849213241866814,0.15388417108788568,1.342085595193612,0.8052513571161671,0.5368342380774448,0.07424442015727634,0.05121871979907879,0.06500652133374937,1.2116035556105402,0.13033249350672457,0.0072114531392724794
2121,0.6913786016740474,0.3356862364553532,0.004379711064723672,0.0422943979273577,2.947010679975737,2.238271143387061,2.1192552957568385,0.11901584763022258,1.3795923070314968,0.8277553842188985,0.5518369228125983,0.06439386522572813,0.04287378805323136,0.05618765842029678,1.2752749893557636,0.14098608498106702,0.007241851844706346,0.6724451053696785,0.3436595719360429,-0.0005612362650765298,0.04113615747120131,2.654472837414095,2.002947359884914,1.849050387483045,0.15389697240186886,1.3423707498850834,0.80542244993105,0.5369482999540334,0.0742493526251641,0.05122289835634265,0.06500956172205546,1.2115737424994317,0.13033024495318027,0.00721127875831794
2122,0.6913438139482093,0.3356840618187984,0.004349244635436192,0.042292269972450634,2.946900561240831,2.2379989882260567,2.118955283242937,0.11904370498311999,1.3799087966631565,0.8279452779978943,0.5519635186652622,0.06440194956649141,0.042880636730524016,0.05619348958110863,1.275219092595047,0.14098262703265635,0.007241641234124414,0.6724160215579509,0.34365644652462274,-0.000581499539187319,0.04113437840771553,2.6544075826718303,2.002749498496403,1.8488339650895236,0.15391553340687952,1.3426226959705112,0.8055736175823067,0.5370490783882045,0.07425619887873569,0.05122869818378044,0.06501440329081273,1.211532365168423,0.130327246182356,0.007211074081195619
2123,0.6913009141096322,0.33568133596531086,0.004317433476556165,0.042289645770520586,2.9466979269444407,2.237663873148627,2.1185859190725504,0.1190779540760766,1.380186679786483,0.8281120078718902,0.5520746719145928,0.06441189663368146,0.04288906342296411,0.05620107385136324,1.2751503253991925,0.140978128326087,0.007241381026213391,0.6723784591130094,0.34365294350568515,-0.000604488842356081,0.041132080669680396,2.654254444238503,2.002488915656107,1.848548265827473,0.1539406498286341,1.3428436306850504,0.8057061784110303,0.5371374522740201,0.07426535367100259,0.051236453697773875,0.06502136613665263,1.2114770413109104,0.13032322108054448,0.0072108145939667745
2124,0.6912502677840499,0.33567730190261935,0.004283116325954621,0.042286547700829555,2.946417534261957,2.237277124677017,2.1181606174841003,0.11911650719291669,1.380428194629761,0.828256916777857,0.552171277851904,0.06442319370710785,0.04289863377786555,0.05620994567374238,1.2750722369972105,0.140972212410069,0.0072410652740247765,0.6723328161297424,0.3436482523486347,-0.0006311424501536309,0.04112928862377666,2.6540271586246615,2.0021764162279734,1.8482061829611731,0.15397023326680037,1.3430349594391473,0.8058209756634885,0.5372139837756588,0.07427622630442043,0.051245664486851236,0.06502991966454183,1.2114113448861143,0.13031781666579553,0.007210495293932659
2125,0.6911970496820374,0.33567196024945595,0.0042474515936515855,0.04228329232051027,2.9461095036795224,2.236882724592214,2.117728246445365,0.11915447814684876,1.3806354287235947,0.8283812572341572,0.5522541714894375,0.06443446068563184,0.04290817863776613,0.056218897486013664,1.2749943691253731,0.14096512505011416,0.007240721933920672,0.6722841700911101,0.34364233718556936,-0.0006600745995834489,0.0411263128809134,2.65377107586504,2.0018520538586224,1.8478522598323313,0.15399979402629135,1.3431980267211807,0.8059188160327087,0.5372792106884721,0.07428728231830528,0.051255030627326725,0.0650387286117316,1.2113445500021216,0.13031126753019992,0.007210146601974438
2126,0.6911471098853533,0.3356660306532218,0.004212255349260202,0.04228023748130266,2.945821366311044,2.2365225869634457,2.117334588838458,0.11918799812498754,1.380811295787643,0.8284867774725863,0.5523245183150568,0.06444453148424431,0.042916710149709505,0.056226915719453714,1.2749247788100733,0.1409577502306747,0.007240390137030938,0.6722382428909442,0.34363591644756436,-0.0006893145447120427,0.04112350345271314,2.6535288938612362,2.0015537631461733,1.8475278590208655,0.15402590412530792,1.3433350580672845,0.8060010348403709,0.5373340232269136,0.07429723427702702,0.05126346146364481,0.06504668027864116,1.2112844335351696,0.13030441554627298,0.007209809742317965
2127,0.6911015359329162,0.3356600569681028,0.004177494564938752,0.042277449688794155,2.9455585121353285,2.236200051061967,2.1169827592237582,0.11921729183820845,1.3809595881859498,0.8285757529115703,0.5523838352743795,0.06445341419132639,0.04292423516579573,0.05623400173293215,1.2748634066148905,0.1409508308445035,0.007240081449759314,0.6721960970651617,0.34362954063546153,-0.0007188326242022203,0.0411209253164201,2.6533053280090537,2.0012846310913734,1.8472358075058064,0.15404882358556712,1.3434492008387453,0.8060695205032473,0.537379680335498,0.07430608601665367,0.05127096024554388,0.065053773924715,1.2112309697083095,0.13029797011364452,0.007209496184617868
2128,0.6910610631440666,0.3356544488632653,0.00414295760473242,0.04227497392336813,2.945324672312356,2.235916918267204,2.1166743103799925,0.1192426078872117,1.3810839365539378,0.8286503619323631,0.5524335746215747,0.06446113716815384,0.04293077771237789,0.05624017307295938,1.2748100535056155,0.14094463098383958,0.007239804132441061,0.6721584629805084,0.34362361806943087,-0.0007487708917703825,0.0411186231499113,2.653103799541209,2.0010464949808493,1.8469776994404672,0.15406879554038203,1.343543500167903,0.8061261001007419,0.5374174000671611,0.07431385747829168,0.051277543866201335,0.06506002089064283,1.2111840357858918,0.13029217735714177,0.007209214087271849
2129,0.6910262504981032,0.33564951991496184,0.004108691893333426,0.042272844380383756,2.945123046948351,2.23567453391537,2.1164103936319365,0.1192641402834334,1.381187755527357,0.8287126533164146,0.5524751022109424,0.06446772307445282,0.04293635698572153,0.05624544166469442,1.2747645603208968,0.140939318045076,0.007239564487641702,0.6721259083865605,0.34361845435036087,-0.0007790136978412243,0.04111663168564175,2.6529274162576435,2.0008408943019003,1.8467549106093148,0.15408598369258564,1.3436208427472145,0.8061725056483288,0.5374483370988857,0.07432055719607343,0.05128321955533699,0.0650654216322833,1.2111435782424653,0.13028719308078396,0.007208969684939371
2130,0.6909975289113699,0.3356455078315658,0.004075019274410695,0.04227108742235687,2.944956486931019,2.2354739782710706,2.1161919488864736,0.11928202938459723,1.381274230074242,0.8287645380445455,0.5525096920296965,0.0644731871092179,0.04294098586170754,0.05624981263811878,1.2747268198750212,0.1409350132907897,0.007239367332408632,0.6720988836626017,0.34361427530031247,-0.0008091752806854494,0.04111497847724829,2.652779088937507,2.0006692071363847,1.8465687248476237,0.15410048228876083,1.343683940149805,0.8062103640898831,0.537473576059922,0.07432618219849466,0.051287984795630716,0.0650699660724435,1.2111096133160029,0.1302831309343157,0.007208767772205034
2131,0.6909751908580148,0.33564258212472403,0.004042451693933045,0.04226972094361663,2.944827293541069,2.2353158951691485,2.1160195058316136,0.11929638933753502,1.381346312849092,0.8288077877094555,0.5525385251396364,0.0644775440104597,0.042944676825692696,0.0562532905384142,1.2746967285737267,0.14093180066231353,0.007239216022337231,0.6720777094641616,0.34361123638981705,-0.0008386850006232849,0.04111368314341401,2.652661310901595,2.000532464280502,1.8464201171811876,0.1541123470993141,1.3437353228673452,0.8062411937204071,0.5374941291469381,0.07433072720871721,0.05129183511679078,0.06507364174508419,1.211082171431806,0.1302800704678281,0.007208611714802868
2132,0.6909593677108714,0.3356408479330035,0.004011582096252277,0.04226875298400057,2.944736951658808,2.235200258077039,2.115892919817336,0.1193073382597028,1.3814067197357858,0.8288440318414718,0.552562687894314,0.06448081621922051,0.042947448888683765,0.05625588649698328,1.2746741300155104,0.14092972684868746,0.007239112369011822,0.6720625529761713,0.34360942788225624,-0.000866896151823067,0.04111275591502178,2.6525758873285743,2.0004311149328298,1.8463094878445083,0.1541216270883216,1.3437773324734432,0.806266399484066,0.5375109329893772,0.07433419474653229,0.05129477265346704,0.06507644265924549,1.2110612362126232,0.1302780570575504,0.007208503352630402
2133,0.690950012658056,0.3356403445137691,0.003982984631882451,0.04226818068371527,2.944685983168052,2.2351262412848145,2.1158112303854226,0.11931501089939207,1.3814579213043816,0.8288747527826293,0.5525831685217523,0.06448303762011305,0.042949330756147805,0.056257621491660234,1.2746587891523333,0.1409287983529525,0.0072390565319161125,0.6720534099240343,0.3436088740730428,-0.0008931847603415449,0.04111219653462954,2.652523780816523,2.0003648933228946,1.846236514923723,0.1541283783991715,1.3438121098213331,0.8062872658927999,0.5375248439285333,0.07433660006323259,0.05129681032584496,0.06507837360919896,1.2110467146977675,0.13027709900557663,0.007208442883745241
2134,0.6909469072232244,0.3356410437443207,0.003957154324336708,0.04226799068209261,2.9446740214526352,2.2350922914713705,2.115772742429302,0.11931954904206875,1.3815021317055551,0.8289012790233334,0.5526008526822217,0.06448425097654788,0.04295035865525626,0.056258524135703925,1.2746504099840996,0.1409289800383366,0.0072390470380937835,0.6720501097978581,0.3436095322170261,-0.0009170088640885407,0.04111199457595702,2.6525051606898287,2.000332869708673,1.8462002121954246,0.1541326575132483,1.3438415808240067,0.806304948494404,0.5375366323296027,0.07433796896089567,0.05129796999224395,0.06507944832721588,1.2110384505127427,0.1302771660544655,0.0072084288862322675
2135,0.6909496979314713,0.33564285917416536,0.003934493157689865,0.04226816136035254,2.9447000333204736,2.235096341053516,2.1157752533326866,0.11932108772082942,1.3815412999796446,0.8289247799877871,0.5526165199918575,0.06448450310929094,0.042950572250383276,0.05625862665641794,1.2746486688205592,0.14093019999518977,0.007239081074975793,0.6720523506728792,0.3436113021689303,-0.0009379221405403232,0.04111213157377221,2.6525195863600426,2.0003336312521736,1.8461991195393361,0.15413451171283762,1.3438674447011776,0.8063204668207066,0.537546977880471,0.07433833302553744,0.05129827841086682,0.06507968555945456,1.2110362526354832,0.13027819383051484,0.007208458617242843
2136,0.6909579433884222,0.3356456636419386,0.003915321165097366,0.04226866572127652,2.9447625316839945,2.2351360172301566,2.1158162659432094,0.11931975128694733,1.3815771095679745,0.828946265740785,0.5526308438271895,0.06448384199891036,0.04295001218843339,0.056257962645982415,1.2746532342482677,0.1409323594636056,0.007239154928924944,0.6720597443089379,0.34361404480988705,-0.000955563318854484,0.04111258378248222,2.6525661827766975,2.000365460042619,1.846231480557316,0.15413397948530325,1.343891170365636,0.8063347022193816,0.5375564681462544,0.07433772691653034,0.05129776494352109,0.06507910703109329,1.2110399117380184,0.1302800930378177,0.007208528454527525
2137,0.6909711462508104,0.3356493078651602,0.0038998859724448734,0.04226947334461022,2.9448596385454593,2.2352087121490354,2.115893046172142,0.11931566597689365,1.3816109872888618,0.8289665923733173,0.5526443949155445,0.06448231845722145,0.042948721514812035,0.056256568764025336,1.2746637555437468,0.14093534348850023,0.007239264352243455,0.67207184657558,0.34361760148418924,-0.0009696475298886231,0.04111332403701222,2.652643682321847,2.0004263868490395,1.8462952810073308,0.15413110584170886,1.34391400219086,0.806348401314516,0.537565600876344,0.0743361906231761,0.051296463467282255,0.06507773969114206,1.211049186536543,0.13028275935706862,0.0072086342582544285
2138,0.6909887581013365,0.33565363584662977,0.003888358415488652,0.04227055068500651,2.944988937314218,2.2353114573657282,2.116002466628135,0.11930899073759296,1.3816441178101377,0.8289864706860829,0.5526576471240549,0.06447999328490707,0.042946751737028374,0.05625449114076097,1.274679813196887,0.14093902900670022,0.007239404750455745,0.6720881616674902,0.3436218101446445,-0.000979971635552454,0.04111432201041844,2.6527502805923246,2.000514071152477,1.8463880978201908,0.1541259733322863,1.3439369712868898,0.8063621827721338,0.537574788514756,0.0743337776207943,0.05129441928395261,0.06507562299095962,1.2110637545187675,0.13028608094758654,0.00720877154395508
2139,0.6910101637533824,0.3356584964474292,0.0038808148328019765,0.04227186011177177,2.9451471809579743,2.2354406650290706,2.1161407063683395,0.11929995866073101,1.3816774576493915,0.8290064745896351,0.5526709830597565,0.06447694781317981,0.04294417175510101,0.05625179466545471,1.2747008460488751,0.1409432890641209,0.007239571218401577,0.6721081265167194,0.3436265174227649,-0.0009864326886172003,0.0411155432602252,2.652883367296976,2.000625564917732,1.8465068234019568,0.1541187415157752,1.3439609064916989,0.8063765438950192,0.5375843625966796,0.0743305665549327,0.051291699018380515,0.06507281915390184,1.2110831413528307,0.13028994227777585,0.007208935498308214
2140,0.6910346626536285,0.33566374918122094,0.0038772144035721656,0.04227335877126358,2.9453300458029568,2.2355919069046837,2.116302999021879,0.11928890788280473,1.381711744635129,0.8290270467810775,0.5526846978540515,0.0644732920385164,0.04294107475292637,0.05624857011173493,1.2747260950238972,0.14094799307511097,0.007239758500402903,0.6721310925930467,0.3436315844795908,-0.0009890506868707807,0.04111694811515733,2.6530393040744396,2.0007571147391645,1.8466474393869157,0.15410967535224876,1.343986441145873,0.8063918646875238,0.5375945764583493,0.07432667006900871,0.05128839809682733,0.06506942088811635,1.2111066675112339,0.13029422422654086,0.007209120922426479
2141,0.6910614660656961,0.33566926620537374,0.0038773831918808774,0.042274998414755946,2.9455320813265717,2.235759868561739,2.1164835797051667,0.11927628885657221,1.3817475027023418,0.8290485016214052,0.5526990010809366,0.06446916644715628,0.042937579743909056,0.05624493573700093,1.274754590413737,0.1409530059305446,0.0072399609961346055,0.6721563232368317,0.3436368886639464,-0.0009879839257033937,0.04111849151214475,2.6532133832199887,2.0009041250027346,1.8468049738900514,0.15409915111268313,1.3440140155498954,0.8064084093299373,0.5376056062199581,0.07432223654406928,0.051284642220811194,0.06506555291084574,1.2111334376579994,0.13029880311784986,0.007209322231104348
2142,0.6910897262159506,0.3356749360541934,0.003881018585097644,0.04227672718155446,2.9457469381264736,2.235938556199098,2.116675910739325,0.11926264545977272,1.381785045645247,0.8290710273871483,0.5527140182580986,0.06446473626085614,0.042933826696232746,0.056241032323728145,1.2747851914987103,0.1409581896753118,0.007240172957503042,0.6721830224777724,0.3436423268769625,-0.0009835235115683363,0.04112012475943656,2.6534000395583703,2.001061350982334,1.846973712373007,0.15408763860932703,1.3440438786422724,0.8064263271853634,0.5376175514569089,0.07431744343751082,0.05128058172398042,0.06506136622724107,1.211162380749333,0.13030355224308132,0.00720953365848472
2143,0.6911186048962836,0.33568067298633003,0.0038877187682486367,0.04227849379575765,2.945967897994011,2.2361217779551263,2.1168732061996636,0.1192485717554626,1.3818244863239124,0.8290946917943476,0.5527297945295648,0.06446017823803772,0.04292996535140701,0.05623701181378362,1.2748166776152523,0.1409634103322083,0.007240388957369177,0.6722104030151829,0.3436478249614432,-0.0009760625237345277,0.041121799695291957,2.6535933359034196,2.001223341082094,1.8471476787392598,0.15407566234283443,1.3440760952735997,0.8064456571641598,0.5376304381094399,0.0743124824584811,0.05127637901340387,0.0650570254126417,1.2111923394485111,0.13030834838218688,0.007209749755976196
2144,0.6911473717846967,0.33568643420292593,0.0038970285183258027,0.042280253580827515,2.9461885890498767,2.2363037926210247,2.11706913384741,0.11923465877361493,1.3818657586707777,0.8291194552024668,0.5527463034683109,0.06445566387840616,0.04292614099600131,0.05623302288783223,1.2748478641253567,0.14096855104582026,0.0072406046009261945,0.6722377846146729,0.3436533559790063,-0.0009660486094320783,0.04112347470721513,2.653787617361696,2.00138503285139,1.84732127755213,0.15406375529925986,1.3441105663492767,0.806466339809566,0.5376442265397108,0.07430754086783839,0.05127219272776658,0.06505269262796674,1.2112221829980152,0.1303130845813087,0.007209966155461191
2145,0.6911755134436984,0.3356922469611624,0.003908489983716207,0.04228197512724599,2.9464036824566264,2.236479942098611,2.1172584881602425,0.11922145393836817,1.3819086571606394,0.8291451942963839,0.5527634628642555,0.06445134523080309,0.04292248243871875,0.056229198892777076,1.2748777004734622,0.14097353082543404,0.007240817397911183,0.6722647057673485,0.3436589702700667,-0.0009539313558290588,0.04112512156238951,2.653978154768804,2.0015423412964184,1.8474899147864339,0.1540524265099846,1.3441470666372837,0.8064882399823701,0.5376588266549136,0.07430278571356187,0.05126816438234297,0.06504851429395267,1.2112509024323501,0.13031768871839022,0.007210180520233871
2146,0.6912028408346348,0.3356982466009014,0.0038640771897023307,0.042283646869365255,2.9466094427100216,2.2366471531974272,2.1174377062300325,0.1192094469673948,1.381952894133315,0.8291717364799893,0.5527811576533257,0.0644473471081049,0.0429190954152201,0.056225651438049924,1.2749053240358625,0.14097832673354155,0.007241027740584681,0.6722910394973795,0.3436648397104973,-0.0009967135494014095,0.04112673249185834,2.6541616705341644,2.0016926453378217,1.8476504898579496,0.154042155479872,1.344185301127025,0.8065111806762149,0.5376741204508102,0.07429835512668405,0.05126441099531591,0.06504461403236417,1.2112776632038986,0.13032214625083827,0.007210393650512376
2147,0.6911922623170003,0.3357017530296878,0.003852444178864399,0.04228299975998355,2.9464906902417165,2.236519282315113,2.11729178650957,0.1192274958055428,1.3819981728869104,0.8291989037321466,0.5527992691547639,0.0644520980157959,0.04292312016313407,0.05622966799078702,1.274872499505508,0.14097804926504892,0.007241007180340301,0.6722800987871644,0.3436681267602092,-0.00100820521574152,0.04112606320158871,2.6540522458224727,2.001575977680349,1.847517258474194,0.15405871920615508,1.3442249789137983,0.8065349873482789,0.5376899915655194,0.07430353652679104,0.0512688004363719,0.06504899117252755,1.2112463676433345,0.1303216955922579,0.007210357367214083
2148,0.6911830413583304,0.3357047390328667,0.0038423217542306876,0.04228243569698441,2.946387608471932,2.236408589524572,2.1171655236349602,0.11924306588961218,1.3820368080616194,0.829222084836972,0.5528147232246474,0.06445620065025019,0.042926595724129074,0.05623313753182881,1.2748441557472274,0.14097768591908988,0.007240988518199805,0.6722705956648796,0.343670902939192,-0.0010181449914033538,0.04112548185513305,2.653957556320494,2.0014753922591355,1.847402455852583,0.15407293640655242,1.3442585007798515,0.8065551004679108,0.5377034003119407,0.0743079912086502,0.051272574235545876,0.06505275600913235,1.2112194631435425,0.13032118745245033,0.007210325126315962
2149,0.6911750871790692,0.33570733822090243,0.0038336375066914466,0.042281949122627435,2.9462981451084613,2.236312854115098,2.117056303792187,0.1192565503229111,1.3820697355271236,0.8292418413162745,0.5528278942108491,0.0644597526192214,0.04292960478695184,0.05623614349950619,1.2748196176904014,0.14097738016440262,0.007240972660554065,0.6722624192851432,0.3436733033711739,-0.001026626440476519,0.04112498166699745,2.653875609119511,2.0013887409909015,1.8473035472186057,0.15408519377229585,1.3442867698348424,0.8065720619009054,0.537714707933937,0.0743118310082149,0.05127582713505337,0.0650560038669779,1.2111962735453636,0.13032075429767775,0.007210297491407991
2150,0.6911682778235989,0.3357096329780607,0.003826205014878875,0.042281532576471804,2.9462205598424287,2.2362301460000085,2.116961892196293,0.11926825380371549,1.3820977794102254,0.8292586676461356,0.5528391117640897,0.06446283171442463,0.04293221325312338,0.05623875173989205,1.274798347387025,0.14097713471941237,0.007240959809821231,0.6722554328099224,0.34367541121468903,-0.0010338467261094553,0.041124554266326316,2.653804722375089,2.0013141652587674,1.8472183763500571,0.15409578890871029,1.3443105767083867,0.8065863460250319,0.5377242306833548,0.07431514521306293,0.051278634775175226,0.0650588101662704,1.2111762590933661,0.1303203952661795,0.007210274393691742
2151,0.6911624926697477,0.33571168143704594,0.003819859120931246,0.042281178679696496,2.946153379806698,2.2361588095554725,2.116880385586344,0.11927842396912883,1.3821216570339225,0.8292729942203539,0.5528486628135686,0.06446550205580373,0.04293447544207635,0.05624101623828986,1.274779901495597,0.14097694806526898,0.007240949921992924,0.6722495041213122,0.34367728467354725,-0.0010399785148970178,0.041124191571061196,2.653743481742553,2.0012500800661503,1.8471451183828336,0.1541049616833166,1.3443306055995325,0.8065983633597194,0.5377322422398132,0.07431800715788113,0.05128105928164561,0.06506123654521315,1.2111589765329802,0.13032010620830284,0.0072102555647963985
2152,0.6911576140701008,0.3357135254063751,0.003814453010429243,0.04228088023549416,2.946095317405508,2.236097391571084,2.116810123486819,0.11928726808426493,1.3821419898644802,0.8292851939186886,0.5528567959457916,0.06446781800708247,0.04293643740822771,0.056242982603184596,1.2747639041861896,0.14097681602747114,0.007240942798396401,0.6722445066879572,0.34367896514859875,-0.0010451738553050594,0.04112388584092927,2.653690660022676,2.0011951034974,1.8470821925043714,0.15411291099302837,1.3443474458638416,0.8066084675183048,0.5377389783455367,0.07432047871833435,0.05128315307264836,0.06506333483617335,1.2111440519248091,0.13031988097892278,0.0072102406165507685
2153,0.6911535280429356,0.3357151949022351,0.003809855867011193,0.04228063027132943,2.9460452233424927,2.2360445979453445,2.116749635127261,0.1192949628180835,1.3821593136920518,0.8292955882152316,0.5528637254768202,0.06446982647961766,0.04293813889269595,0.05624469010044433,1.2747500311939657,0.14097673259576113,0.007240938136829115,0.6722403197689852,0.3436804819796857,-0.0010495671279809257,0.04112362968990885,2.6536451701159542,2.0011480133266746,1.847028208546925,0.15411980477974946,1.3443616026150491,0.8066169615690294,0.5377446410460197,0.0743226130140624,0.05128496114867047,0.06506514943978126,1.2111311642893317,0.1303197121038827,0.007210229085580508
2154,0.6911501253573085,0.33571671141062165,0.0038059511644206526,0.042280422105310966,2.94600205954195,2.235999267508427,2.116697606783089,0.11930166072533799,1.382174087931434,0.8293044527588609,0.552869635172573,0.06447156843375183,0.04293961459517718,0.056246172973845605,1.274737999425472,0.140976690529472,0.007240935571542756,0.6722368291480649,0.34368185589133937,-0.0010532771747182104,0.041123416131127244,2.6536060370556465,2.001107720070241,1.8469819332712418,0.15412578679899913,1.3443735063073412,0.8066241037844046,0.5377494025229366,0.0743244561979473,0.05128652260828581,0.0650667188908829,1.2111200347790554,0.13031959128449047,0.007210220469262587
2155,0.6911473029332078,0.3357180903068496,0.0038026355120501024,0.042280249431838224,2.945964885699126,2.2359603576653937,2.1166528631732744,0.11930749449211918,1.382186704209752,0.8293120225258518,0.5528746816839002,0.06447307983333067,0.04294089498256793,0.0562474612800483,1.274727560348412,0.14097668191468568,0.007240934706116937,0.6722339282081587,0.34368310152644377,-0.0010564087697016722,0.041123238642600785,2.6535723831259177,2.0010732513543865,1.8469422702221858,0.1541309811322007,1.3443835215062199,0.8066301129037319,0.537753408602488,0.07432604861210479,0.051287871627457605,0.06506807686460643,1.211110419681169,0.13031950986874608,0.007210214255404381
2156,0.6911449656502738,0.33571934288570565,0.00379981791408477,0.04228010643224325,2.9459328544654895,2.2359269377395594,2.1166143578402377,0.1193125798993219,1.3821974943754185,0.8293184966252517,0.5528789977501668,0.0644743922774532,0.0429420068241544,0.05624858143918446,1.2747184956151965,0.14097669872820226,0.0072409351444651365,0.6722315194437728,0.3436842295455408,-0.0010590536033559042,0.041123091259739085,2.653543421440998,2.0010437438275814,1.8469082484426602,0.15413549538492113,1.3443919549972296,0.8066351729983378,0.5377567819988919,0.07432742556030827,0.051289038113899794,0.06506925284590945,1.2111021057407625,0.13031945933657704,0.007210209950598659
2157,0.6911430275797594,0.3357204778488059,0.0037974189920121706,0.04227998785014944,2.9459052080622534,2.235898183303309,2.116581165221494,0.11931701808181523,1.3822067380679313,0.8293240428407594,0.5528826952271718,0.0644755334881281,0.042942973604732315,0.0562495566535533,1.274710613684928,0.14097673326831422,0.007240936513047792,0.6722295154214869,0.34368524813473844,-0.0010612912532668231,0.04112296863409884,2.6535184513058176,2.0010184363674806,1.846879013274061,0.1541394230934198,1.3443990633862613,0.8066394380317568,0.5377596253545045,0.0743286179002374,0.051290048208802626,0.06507027263561065,1.2110949065751986,0.13031943165998328,0.007210207099829821
2158,0.6911414126512729,0.33572150248370974,0.003795370160726036,0.04227988903225334,2.94588127330661,2.235873369052175,2.1165524714403556,0.11932089761181913,1.38221466977709,0.8293288018662548,0.5528858679108353,0.0644765277796448,0.042943815922236256,0.05625040730760684,1.274703746574106,0.14097677853911672,0.0072409384768053735,0.672227839229477,0.34368616418214115,-0.0010631901599108956,0.041122866060876784,2.6534968526547615,2.0009966624381197,1.846853816575602,0.15414284586251764,1.3444050601319322,0.8066430360791593,0.5377620240527728,0.07432965259502766,0.051290924754079766,0.06507115881814435,1.2110886593366632,0.1303194196257018,0.0072102052999520345
2159,0.6911400549512058,0.33572242341077785,0.0037936128425863913,0.042279805946576265,2.9458604584981556,2.235851863236135,2.1165275673003734,0.11932429593576158,1.3822214853296357,0.8293328911977822,0.5528885941318535,0.06447739638885769,0.042944551767541,0.05625115124257089,1.2746977475698045,0.1409768285334527,0.0072409407485832,0.6722264245772163,0.34368698399953923,-0.0010648085310791325,0.041122779485004535,2.6534780823710005,2.000977844022515,1.84683200919222,0.15414583483029545,1.344410121964634,0.8066460731787805,0.5377640487858536,0.07433055310402739,0.05129168762339946,0.06507193108523449,1.211083222347389,0.13031941706489392,0.007210204206893097
2160,0.6911388989258042,0.33572324705098844,0.00379209770317699,0.04227973519488436,2.945842252719331,2.2358331243064806,2.1165058440471824,0.11932728025929809,1.3822273477869134,0.8293364086721488,0.5528909391147646,0.06447815767767641,0.0429451966960019,0.05625180391790373,1.2746924898268288,0.1409768783668812,0.007240943095124273,0.6722252158120388,0.34368771375543944,-0.001066195191007438,0.04112270550216025,2.653461672867104,2.000961487641703,1.8468130360569357,0.15414845158476728,1.3444143946836136,0.8066486368101682,0.5377657578734454,0.07433133963006142,0.05129235393165476,0.06507260643318771,1.2110784736026092,0.13031941894892546,0.007210203539716835
2161,0.6911378990346135,0.3357239798268413,0.003790783731757792,0.04227967399148695,2.945826223125566,2.235816695786808,2.1164867874495354,0.1193299083372724,1.3822323927933828,0.8293394356760304,0.5528929571173524,0.06447882733570873,0.042945763999124587,0.056252378570854425,1.2746878649648576,0.14097692426452632,0.007240945337301704,0.6722241674104004,0.34368835963986677,-0.0010673905668006078,0.041122641327646425,2.6534472288756925,2.000947178809625,1.8467964298490962,0.1541507489605286,1.3444179983776603,0.8066507990265963,0.537767199351064,0.07433202936702626,0.05129293824471473,0.0650731993585143,1.2110743092725296,0.13031942135081398,0.007210203079051706
2162,0.6911370188942896,0.3357246282072781,0.0037896372492041905,0.04227962011085823,2.9458120091127618,2.235802198506095,2.116469969120181,0.1193322293859141,1.3822367333209673,0.829342039992581,0.5528946933283863,0.06447941863334024,0.04294626491896217,0.05625288641971593,1.2746837813180756,0.1409769635137737,0.007240947345965316,0.6722232430052921,0.34368892788410627,-0.001068427732805223,0.04112258473689201,2.6534344215243366,2.000934574237693,1.8467818023111517,0.15415277192654142,1.3444210320219743,0.8066526192131848,0.5377684128087895,0.07433263680133836,0.05129345283479719,0.06507372210041275,1.2110706418799535,0.13031942138239117,0.007210202661382474
2163,0.6911362303350252,0.3357251986889442,0.003788630978864088,0.042279571829914875,2.945799316110278,2.2357893227806276,2.11645503784964,0.11933428493098751,1.3822404637677284,0.8293442782606377,0.5528961855070906,0.06447994266322307,0.042946708852693354,0.05625333685840682,1.2746801622654989,0.1409769943998767,0.007240949036649548,0.6722224143586084,0.34368942472825026,-0.0010693333798328514,0.04112253400258854,2.653422982147902,2.0009233941048667,1.8467688356954008,0.1541545584094658,1.3444235774208353,0.8066541464525013,0.537769430968334,0.07433317399942424,0.051293907924017224,0.06507418487301313,1.2110673985628007,0.13031941711957737,0.007210202172530365
2164,0.6911355124340682,0.3357256977007245,0.003787743151366138,0.04227952786889353,2.9457879098072395,2.235777821233514,2.1164417117324623,0.1193361095010518,1.382243663457961,0.8293461980747773,0.5528974653831836,0.06448040854575525,0.04294710352669494,0.05625373762078536,1.274676944810476,0.14097701607148855,0.007240950363355375,0.6722216603439612,0.34368985632233456,-0.0010701287311175867,0.04112248783246696,2.653412696604371,2.0009134150392702,1.8467572750740866,0.15415613996518363,1.3444257025504736,0.8066554215302844,0.5377702810201892,0.07433365085339397,0.05129431189251014,0.06507459606279914,1.211064519589559,0.13031940746756357,0.007210201540589394
2165,0.6911348504498632,0.33572613154212116,0.0037869566028512977,0.0422794873261494,2.9457776086718277,2.235767500404627,2.1164297689124396,0.11933773149218752,1.3822463995989787,0.829347839759388,0.5528985598395907,0.064480823679744,0.042947455208892094,0.056254094986748195,1.2746740778485217,0.1409770283828502,0.007240951312147071,0.672220965866997,0.34369022867085264,-0.0010708304550898773,0.04112244530325131,2.6534033982225464,2.0009044622016505,1.8467469196040152,0.15415754259763542,1.3444274643642184,0.8066564786185313,0.5377709857456872,0.07433407537072417,0.051294671523837515,0.06507496246705648,1.211061956609384,0.13031939200741283,0.00721020072887879
2166,0.6911342345783841,0.3357265063168886,0.003786257888261854,0.042279449602076136,2.9457682745501756,2.2357582109022993,2.1164190367127427,0.11933917418955664,1.3822487297290533,0.8293492378374329,0.5528994918916205,0.06448119403797856,0.04294776895915391,0.05625441402916455,1.274671520125287,0.14097703174958723,0.007240951893737279,0.6722203206376617,0.3436905475763767,-0.0010714515581174353,0.041122405785554,2.653394959177272,2.0008964002207925,1.846737612516554,0.1541587877042384,1.344428911101196,0.8066573466607178,0.5377715644404782,0.07433445400763486,0.051294992287408525,0.06507528957219062,1.211059670638674,0.1303193708582359,0.007210199727989226
2167,0.6911336588307548,0.3357268279279841,0.0037856365050051785,0.04227941433044559,2.945759803309811,2.23574983792206,2.116409381106715,0.11934045681534503,1.382250703671825,0.8293504222030957,0.5529002814687293,0.06448152446414475,0.04294804888082564,0.05625469886471807,1.2746692381855023,0.14097702703564377,0.007240952137367212,0.6722197180783712,0.34369081864400175,-0.0010720021618705125,0.04112236887708503,2.6533872820533833,2.0008891246160267,1.8467292315822177,0.15415989303380928,1.344430084118609,0.8066580504711655,0.5377720336474435,0.07433479199743563,0.05129527861663949,0.06507558183062845,1.211057630078232,0.1303193445703,0.007210198549207195
2168,0.6911331199330101,0.33572710205282646,0.00378508415716787,0.04227938131110223,2.9457521156991406,2.235742292167155,2.1164006966566635,0.11934159551049153,1.3822523650707934,0.8293514190424769,0.5529009460283165,0.06448181895301847,0.04294829835809551,0.05625495289145836,1.2746672044375624,0.14097701540960658,0.007240952084600535,0.6722191542559571,0.3436910472596007,-0.0010724902367343428,0.041122334337316324,2.6533802916798033,2.000882553653908,1.8467216800863497,0.15416087356755825,1.3444310193224225,0.8066586115934535,0.537772407728969,0.07433509365650978,0.05129553416816951,0.06507584291958338,1.2110558088655856,0.13031931398854132,0.007210197217844093
2169,0.6911326164829699,0.335727334129632,0.003784594190203397,0.042279350458386517,2.945745150264632,2.2357355028336006,2.1163928987344414,0.11934260409915907,1.3822537525503162,0.8293522515301907,0.5529015010201256,0.06448208086809482,0.04294852024036007,0.05625517897350683,1.2746653956503122,0.14097699823372267,0.007240951784622755,0.6722186270685745,0.34369123857501455,-0.001072922159305774,0.04112230203774296,2.6533739288837017,2.0008766221323917,1.8467148799388786,0.1541617421935133,1.3444317482413717,0.806659048944823,0.5377726992965487,0.07433536261827635,0.051295762020062106,0.06507607593902383,1.2110541850622458,0.13031928014844568,0.007210195768173656
2170,0.6911321483285112,0.3357275293320721,0.003784161146190089,0.04227932176310241,2.9457388583403783,2.23572941260262,2.11638591798525,0.11934349461737002,1.3822549005918785,0.8293529403551281,0.5529019602367504,0.0644823130936779,0.042948716971067516,0.0562553795696603,1.2746637919025212,0.1409769769495895,0.007240951290615579,0.6722181356478203,0.34369139747828115,-0.0010733031461285583,0.041122271925310136,2.6533681461256577,2.0008712769889803,1.846708766827088,0.1541625101618924,1.3444322988309496,0.8066593792985697,0.5377729195323799,0.07433560199420734,0.05129596480821155,0.06507628354733645,1.2110527398814253,0.13031924416810348,0.0072101942395370044
2171,0.6911317161199265,0.335727692548045,0.003783780433555567,0.0422792952651342,2.945733200499789,2.235723974067519,2.1163796963807524,0.11934427768676686,1.3822558401983929,0.8293535041190366,0.5529023360793562,0.06448251814274429,0.04294889067909468,0.056255556824390936,1.2746623758378433,0.14097695298866883,0.007240950657115349,0.672217679930434,0.34369152856675506,-0.0010736375718195731,0.04112224399621336,2.6533629044541986,2.000866474207138,1.8467032868077473,0.15416318739939044,1.344432696077419,0.8066596176464513,0.5377730784309678,0.07433581448593167,0.05129614482131219,0.06507646805549668,1.2110514570111066,0.13031920716426743,0.007210192673501821
2172,0.6911313209432457,0.3357278283686941,0.0037834480685354777,0.042279271031016086,2.945728143543492,2.235719146737464,2.116374183901968,0.11934496283549612,1.382256599402539,0.8293539596415243,0.5529026397610148,0.06448269824882043,0.04294904325658122,0.056255712645678385,1.2746611320302095,0.14097692770940265,0.007240949937916066,0.6722172603086942,0.343691636130823,-0.0010739292175533446,0.04112221827451261,2.653358170933179,2.0008621762375847,1.8466983934597208,0.15416378277786397,1.344432962455764,0.8066597774734583,0.5377731849823058,0.07433600248004461,0.05129630408117643,0.0650766315070328,1.2110503220415625,0.13031917019338124,0.007210191111595066
2173,0.6911309639839562,0.33572794107142384,0.0037831604683413733,0.04227924913336087,2.945723657778536,2.2357148943645693,2.116369335587975,0.11934555877659417,1.3822572036509344,0.8293543221905615,0.5529028814603729,0.06448285544644433,0.04294917642709305,0.05625584877328379,1.2746600464280862,0.14097690235607777,0.007240949184074094,0.6722168773126259,0.3436917241343656,-0.0010741814691609189,0.04112219479269173,2.653353916313888,2.000858349699125,1.8466940453507323,0.1541643043483926,1.3444331182719265,0.8066598709631557,0.5377732473087707,0.07433616813152699,0.05129644441340377,0.06507677574854931,1.2110493219616614,0.1303191342139806,0.007210189593198777
2174,0.6911306462597181,0.33572803460302897,0.003782914298661205,0.04227922963450948,2.945719714883968,2.235711182855895,2.1163651092343883,0.11934607362150698,1.3822576760826317,0.8293546056495799,0.5529030704330519,0.06448299163326504,0.04294929179823015,0.056255966831452286,1.274659105925564,0.14097687803300765,0.0072409484422870166,0.6722165313633064,0.34369179619896073,-0.0010743974608708948,0.04112217357656725,2.653350113222539,2.000854963599807,1.8466902040781834,0.15416475952162367,1.3444331819072592,0.8066599091443555,0.5377732727629038,0.07433631342813429,0.05129656750192815,0.06507690248423142,1.2110484447700784,0.13031910006452668,0.00721018815391084
2175,0.6911303683133234,0.33572811253155455,0.003782706317272483,0.04227921256774847,2.945716285762898,2.235707978186366,2.11636146312711,0.11934651505925596,1.3822580377263118,0.8293548226357879,0.552903215090524,0.06448310862556961,0.04294939090866638,0.05625606837572745,1.274658297978843,0.14097685566445214,0.007240947752731153,0.6722162224907914,0.3436918555609012,-0.0010745802227399293,0.0411221546280329,2.6533467343119823,2.0008519875389323,1.8466868323184658,0.1541651552204665,1.3444331699891947,0.8066599019935167,0.537773267995678,0.074336440249478,0.05129667493906896,0.06507701332561885,1.2110476791185718,0.13031906842874835,0.0072101868234432705
2176,0.6911301300426014,0.3357281780164046,0.0037825332995210514,0.04227919792690492,2.9457133393989263,2.235705245277408,2.1163583548291185,0.1193468904482896,1.3822583076163453,0.8293549845698079,0.5529033230465373,0.06448320818727077,0.04294947525270654,0.05625615491727057,1.2746576104060106,0.1409768359838882,0.007240947147829986,0.6722159501881456,0.3436919050493053,-0.0010747327463748318,0.04112213791613012,2.653343751306418,2.0008493907732303,1.846683892813358,0.15416549795987247,1.3444330974884335,0.80665985849306,0.5377732389953735,0.07433655039780374,0.0512967682516048,0.06507710981750903,1.2110470141261307,0.130319039829576,0.007210185624537891
2177,0.6911299306018774,0.33572823377982974,0.003782391986759337,0.04227918566031882,2.9457108423424856,2.2357029474685133,2.1163557406245466,0.11934720684396685,1.3822585028632306,0.8293551017179391,0.5529034011452915,0.0644832920405431,0.04294954628929676,0.05625622793141578,1.2746570313135546,0.14097681951454794,0.007240946651423838,0.6722157133290517,0.3436919470644148,-0.001074858030141193,0.041122123372008074,2.6533411345727664,2.000847141778234,1.846681347906435,0.1541657938717989,1.344432977777219,0.8066597866663313,0.5377731911108877,0.07433664560990651,0.051296848910867596,0.06507719344768705,1.2110464393070142,0.13031901461338047,0.00721018457226897
2178,0.6911297684789431,0.335728282111789,0.003782279119225747,0.04227917567555174,2.9457087593996167,2.235701047118339,2.116353576181246,0.11934747093709337,1.382258638697283,0.8293551832183707,0.5529034554789124,0.06448336184793588,0.04294960542687146,0.05625628884203448,1.2746565492198587,0.1409768065816681,0.007240946279236919,0.6722155102487748,0.3436919835880329,-0.0010749590432119274,0.04112211089387653,2.6533388537241027,2.000845208782233,1.8466791601249184,0.15416604865731445,1.3444328226653075,0.8066596935991843,0.5377731290661232,0.07433672753905808,0.05129691831743227,0.06507726563129382,1.211045944679833,0.1303189929634061,0.007210183674629302
2179,0.691129641565754,0.3357283248794248,0.0037821914535974346,0.042279167843711676,2.945707054207608,2.2356995061025824,2.116351817093601,0.11934768900898148,1.3822587285233432,0.8293552371140068,0.5529034914093364,0.06448341919869693,0.04294965401176743,0.05625633900958932,1.2746561531496194,0.14097679731530538,0.007240946039358513,0.6722153388120888,0.34369201619751727,-0.0010750387084117324,0.041122100351160956,2.653336878076147,2.0008435601646872,1.8466772926070278,0.15416626755765925,1.3444326424485318,0.806659585469119,0.5377730569794128,0.07433679774290014,0.05129697779086036,0.06507732770036595,1.21104552084062,0.13031897490297079,0.0072101829330696015
2180,0.691129547267607,0.3357283635560983,0.0037821258129271396,0.04227916200613184,2.9457056899222995,2.2356982864269503,2.116350419531803,0.11934786689514763,1.3822587839841596,0.8293552703904966,0.552903513593663,0.0644834655955738,0.042949693317042466,0.05625637971986755,1.2746558327249717,0.14097679168159322,0.007240945933136457,0.6722151965153917,0.3436920460999605,-0.001075099856178742,0.04112209159074896,2.653335177171476,2.000842164930776,1.846675709591818,0.15416645533895826,1.3444324459660963,0.8066594675796578,0.5377729783864386,0.0743368576729177,0.0512970285607824,0.06507738089503401,1.2110451590263602,0.13031896032508525,0.007210182343429367
2181,0.6911294826050147,0.3357283992526998,0.003782079125408906,0.042279157980602826,2.9457046298158858,2.2356973507534583,2.116349340792326,0.11934800996113233,1.3822588150392647,0.8293552890235597,0.552903526015705,0.06448350244481704,0.04294972453400656,0.05625641217547528,1.2746555782345044,0.14097678950857923,0.007240945956054786,0.6722150805792854,0.34369207416862896,-0.00107514519115421,0.04112208444265357,2.653333721203542,2.0008409930900664,1.8466743768000031,0.1541666162900631,1.344432240672565,0.806659344403539,0.537772896269026,0.07433690866807621,0.05129707176150766,0.06507742635830238,1.2110448511533904,0.1303189490162375,0.0072101818968305035
2182,0.6911294443135212,0.3357284327528042,0.003782048461030356,0.04227915556747887,2.94570383781233,2.235696662867624,2.1163485397785244,0.11934812308909942,1.3822588300563414,0.8293552980338057,0.5529035320225357,0.06448353104884684,0.04294974876600952,0.05625643748965922,1.2746553806838867,0.14097679051412387,0.007240946098640432,0.6722149880354777,0.34369210098200387,-0.0010751772625866712,0.041122078725329345,2.653332481367935,2.0008400159661486,1.8466732617352357,0.15416675423091292,1.3444320327211656,0.8066592196326994,0.5377728130884663,0.07433695195167281,0.0512971084293565,0.06507746513360821,1.2110445898363946,0.13031894068136543,0.0072101815805603025
2183,0.6911294291158295,0.3357284645763022,0.0037820311396568607,0.04227915456632535,2.945703280281856,2.2356961893010587,2.1163479787338084,0.11934821056725015,1.3822588359134111,0.8293553015480475,0.5529035343653637,0.06448355256855748,0.042949766996506974,0.056256456654126666,1.2746552320561713,0.1409767943561779,0.007240946348598785,0.6722149159704809,0.34369212688865713,-0.0010751983667592543,0.041122074260580496,2.6533314312807956,2.0008392074873025,1.846672335047109,0.15416687244019336,1.3444318270561446,0.8066590962336867,0.5377727308224579,0.07433698859647522,0.05129713947312786,0.06507749813529431,1.211044368598855,0.13031893498829397,0.007210181380140461
2184,0.6911294337363313,0.3357284950078623,0.0037820246954567427,0.04227915477680792,2.9457029258923004,2.235695899146689,2.116347623005158,0.11934827614153112,1.3822588381452363,0.8293553028871427,0.5529035352580937,0.06448356803508196,0.04294978009902678,0.056256470549164835,1.2746551252305391,0.1409768006239417,0.0072409466911893235,0.6722148615234881,0.3436921520358558,-0.001075210589276572,0.04112207087343113,2.65333054670729,2.000838543899115,1.8466715701805143,0.15416697371860077,1.3444316275446264,0.8066589765267758,0.5377726510178507,0.07433701954204847,0.05129716568877747,0.0650775261635331,1.2110441817684405,0.13031893155730587,0.007210181279575201
2185,0.6911294550501583,0.33572852416760357,0.003782026946727607,0.042279156007810695,2.945702746169028,2.2356957645596367,2.11634744152224,0.11934832303739698,1.382258841077979,0.8293553046467883,0.5529035364311907,0.06448357834883804,0.04294978883636098,0.05625647994338663,1.2746550539888797,0.14097680890292258,0.007240947110769204,0.6722148220076457,0.3436921764379602,-0.0010752157492490144,0.04112206839954376,2.653329805891438,2.0008380040649065,1.8466709436345212,0.1541670604303855,1.3444314370948613,0.8066588622569167,0.5377725748379446,0.0743370455984847,0.05129718776257771,0.06507754990817201,1.2110440244544805,0.1303189300176899,0.007210181262710437
2186,0.6911294901550719,0.33572855205136976,0.0037820359904989706,0.04227915808183427,2.945702715735401,2.235695760931801,2.1163474069472725,0.11934835398452832,1.382258847980213,0.8293553087881286,0.5529035391920843,0.06448358428246959,0.04294979386305751,0.056256485496341935,1.2746550129954741,0.14097681878116786,0.007240947591602282,0.6722147949619978,0.3436922000144457,-0.001075215411134152,0.041122066688397324,2.653329189644083,2.0008375695118206,1.8466704349719403,0.15416713453988012,1.3444312577869044,0.8066587546721425,0.5377725031147619,0.07433706745309226,0.051297206276784246,0.06507756995460114,1.2110438925075795,0.13031893001073663,0.007210181313895475
2187,0.6911295364217561,0.3357285785722745,0.0037820502017045093,0.042279160838072635,2.9457028123322933,2.2356958668692246,2.116347495604369,0.11934837126485567,1.382258861213206,0.8293553167279245,0.5529035444852816,0.06448358649025447,0.042949795733390125,0.05625648776677222,1.274654997732019,0.14097682986856228,0.007240948118564712,0.6722147781849542,0.34369222262777327,-0.0010752108920643322,0.0411220656053347,2.6533286812705565,2.0008372243339365,1.8466700266701888,0.15416719766374787,1.3444310910006132,0.8066586546003679,0.5377724364002453,0.07433708568251057,0.05129722171989914,0.06507758679432873,1.2110437824464735,0.13031893120419838,0.007210181418531462
2188,0.691129591520392,0.33572860359902157,0.003782068219743452,0.04227916413403866,2.9457030166530966,2.2356960640029095,2.1163476872273534,0.1193483767755561,1.382258882376237,0.8293553294257431,0.5529035529504939,0.06448358552207503,0.04294979491319357,0.056256487224800464,1.2746550044011498,0.14097684181015482,0.007240948677688541,0.6722147697480093,0.34369224411688615,-0.0010752032793422614,0.0411220650324018,2.6533282663739444,2.0008369549824123,1.8466697038514188,0.15416725113099333,1.3444309375375425,0.8066585625225254,0.5377723750150171,0.07433710076816653,0.051297234499764865,0.06507760083840511,1.2110436913647145,0.13031893330150465,0.007210181563460132
2189,0.6911296534364431,0.3357286269895653,0.00378208893097573,0.04227916784652995,2.9457033121325322,2.2356963367584393,2.1163479646669163,0.11934837209152277,1.3822589124426916,0.8293553474656159,0.5529035649770757,0.06448358183770778,0.04294979179196907,0.05625648426436207,1.2746550298277546,0.14097685429603313,0.007240949256598399,0.6722147680019079,0.34369226432548183,-0.0010751934500260046,0.04112206486872503,2.653327932647798,2.0008367500460738,1.8466694540077637,0.15416729603831,1.3444307977333905,0.8066584786400343,0.5377723190933562,0.07433711311093441,0.051297244955983465,0.0650776124301117,1.2110436168421645,0.13031893604809494,0.007210181737259141
2190,0.691129720468871,0.33572864861717816,0.0037821114437855477,0.042279171871519784,2.94570368466303,2.235696672058567,2.116348313531602,0.119348358526965,1.3822589518857111,0.8293553711314277,0.5529035807542835,0.06448357582163079,0.042949786695428614,0.05625647921600932,1.274655071356718,0.14097686706538323,0.007240949844773912,0.6722147715676335,0.3436922831224663,-0.0010751820963989661,0.04112206502996002,2.6533276696217865,2.000836599987353,1.8466692666855269,0.15416733330182644,1.344430671560433,0.8066584029362597,0.5377722686241734,0.07433712304576319,0.051297253372308074,0.06507762185753707,1.2110435568566893,0.1303189392327542,0.007210181930374078
2191,0.6911297912124346,0.3357286683886652,0.003782135060251865,0.04227917612307432,2.9457041222561995,2.235697058975631,2.11634872178165,0.11934833719398115,1.3822590007909141,0.8293554004745495,0.5529036003163647,0.0644835677977652,0.04294977989798307,0.05625647235958682,1.2746551267511168,0.14097687990769384,0.007240950433644089,0.6722147793146996,0.34369230041513127,-0.0010751697532737428,0.04112206544696391,2.6533274683743726,2.0008364968478762,1.846669133143623,0.15416736370425335,1.3444305587179164,0.8066583352307497,0.5377722234871667,0.07433713085584503,0.05129725998864597,0.06507762936568781,1.2110435096986183,0.13031894268702396,0.007210182135107118
2192,0.6911298645214092,0.3357286862535439,0.0037821592430210896,0.04227918053113337,2.945704614638658,2.235697488323972,2.116349179266071,0.11934830905790117,1.3822590589543096,0.8293554353725867,0.5529036235817228,0.06448355804421091,0.042949771635225745,0.05625646393682006,1.2746551940904616,0.14097689265991448,0.007240951016486957,0.6722147903264948,0.34369231615460344,-0.0010751568278084059,0.04112206606367545,2.653327321214771,2.000836433926013,1.8466690459893327,0.1541673879366802,1.3444304587090647,0.8066582752254386,0.5377721834836261,0.07433713678613701,0.05129726501251336,0.06507763516797006,1.2110434738891134,0.1303189462817105,0.007210182345456697
2193,0.691129939448794,0.33572870220356926,0.0037821835754442007,0.042279185037791434,2.945705152732985,2.235697952148662,2.116349677155088,0.11934827499357432,1.3822591259631605,0.8293554755778972,0.5529036503852632,0.06448354680922122,0.042949762117465304,0.056256454164897024,1.274655271660375,0.1409769051992274,0.007240951588095887,0.6722148038475588,0.34369233033306607,-0.001075143633934135,0.041122066833889886,2.6533272212947616,2.0008364053910848,1.8466689987526874,0.15416740663839756,1.3444303709034573,0.8066582225420742,0.5377721483613831,0.07433714105747231,0.05129726863098988,0.06507763945810902,1.2110434480949757,0.13031894992003326,0.007210182556772589
2194,0.6911300152206503,0.3357287162719224,0.003782207742233,0.04227918959572803,2.945705728462553,2.235698443516314,2.1163502077085905,0.11934823580772379,1.3822592012566026,0.8293555207539625,0.5529036805026402,0.06448353431760961,0.04294975153515324,0.05625644324180228,1.2746553579083502,0.14097691744058863,0.007240952144632384,0.6722148192627289,0.3436923429810563,-0.0010751304076341908,0.04112206771998339,2.653327162486314,2.000836406145946,1.8466689857367404,0.1541674204092056,1.3444302945826232,0.8066581767495737,0.5377721178330495,0.07433714387120585,0.05129727101465399,0.06507764241394108,1.2110434311006004,0.13031895353511203,0.007210182765604866
2195,0.6911300912051911,0.3357287285257049,0.0037822315038676182,0.04227919416631677,2.9457063345879413,2.235698956333768,2.116350764082897,0.11934819225087084,1.3822592841750725,0.8293555705050443,0.5529037136700282,0.0644835207748789,0.042949740062381975,0.056256431349610884,1.274655451415235,0.14097692932538403,0.007240952683380606,0.6722148360714377,0.3436923541590573,-0.0010751173274078027,0.04112206869134094,2.6533271392781406,2.0008364317056793,1.8466690018919971,0.15416742981368212,1.3444302289769063,0.8066581373861436,0.5377720915907628,0.07433714541197607,0.05129727231992283,0.06507764419951854,1.2110434217913026,0.13031895708025526,0.007210182969471394
2196,0.6911301668936254,0.33572873906022105,0.0037822546826074555,0.04227919871845362,2.94570696462418,2.235699485247289,2.1163513402250174,0.11934814502227163,1.3822593739986033,0.8293556243991627,0.5529037495994407,0.06448350636919264,0.042949727858554956,0.05625641865597467,1.2746555508816177,0.14097694081674864,0.00724095320258411,0.6722148538713338,0.34369236395110914,-0.0010751045250462637,0.041122069723354526,2.6533271467244632,2.0008364781300503,1.8466690427483616,0.15416743538168876,1.3444301732935033,0.8066581039761017,0.5377720693174016,0.07433714584886368,0.051297272690033674,0.06507764496589456,1.2110434191463222,0.13031896052510183,0.0072101831667002615
2197,0.6911302418791841,0.33572874799282304,0.003782277148296015,0.04227920322727405,2.945707612741951,2.2357000255310373,2.1163519307554695,0.11934809477556785,1.3822594699774682,0.8293556819864816,0.5529037879909866,0.06448349127359307,0.04294971507026546,0.056256405315844304,1.2746556551125097,0.14097695189417203,0.007240953701268206,0.6722148723404039,0.34369237245857576,-0.001075092096759822,0.041122070796329596,2.6533271803753053,2.0008365419427685,1.8466691043322538,0.1541674376105148,1.3444301267384198,0.8066580760430516,0.5377720506953682,0.07433714533708838,0.05129727225648145,0.0650776448524018,1.211043422228579,0.1303189638513077,0.007210183356264564
2198,0.6911303158347211,0.33572875545665126,0.0037822988062429716,0.04227920767278297,2.945708273652383,2.235700572964586,2.1163525308390474,0.1193480421255385,1.3822595713555583,0.8293557428133357,0.5529038285422226,0.06448347564854073,0.04294970183344823,0.05625639147349622,1.274655762999808,0.14097696254972553,0.007240954179053527,0.672214891218112,0.34369237979432266,-0.001075080112827649,0.04112207189433162,2.65332723619003,2.0008366200391894,1.8466691830704351,0.1541674369687542,1.3444300885326588,0.806658053119595,0.5377720354130637,0.07433714402023785,0.05129727114090696,0.06507764398842251,1.2110434301712176,0.1303189670495806,0.007210183537614944
2199,0.6911303884938188,0.33572876159412046,0.0037823195879551907,0.04227921203869911,2.945708942524145,2.235701123742939,2.116353136091976,0.11934798765096291,1.3822596773869469,0.8293558064321689,0.552903870954778,0.06448345964337923,0.0429496882746202,0.056256377263646296,1.2746558735121807,0.1409769727848527,0.007240954635985864,0.6722149102896126,0.3436923860770055,-0.0010750686248918659,0.041122073004220286,2.6533273104730273,2.000836709616973,1.8466692757192185,0.15416743389775422,1.3444300579230153,0.8066580347538089,0.5377720231692064,0.07433714203164579,0.05129726945626431,0.06507764249444534,1.211043442169287,0.13031897011720664,0.007210183710531816
2200,0.6911304596367724,0.3357287665496817,0.0037823394444110245,0.04227921631159765,2.9457096149528534,2.2357016744358544,2.116353742544643,0.11934793189121157,1.3822597873470162,0.8293558724082104,0.5529039149388058,0.06448344339609877,0.04294967451068025,0.05625636281109378,1.2746559856966988,0.14097698260685657,0.00724095507238484,0.672214929374682,0.3436923914251833,-0.0010750576708633969,0.04112207411497269,2.653327399849891,2.000836808145297,1.8466693793367095,0.15416742880858747,1.3444300341886362,0.8066580205131814,0.5377720136754548,0.07433713949425858,0.05129726730670793,0.06507764048182807,1.211043457480546,0.13031897305546433,0.007210183875004549
2201,0.6911305290835237,0.33572877046323735,0.0037823583427256877,0.042279220480478226,2.945710286985139,2.2357022219991167,2.1163543466613364,0.11934787533778052,1.3822599005396692,0.8293559403238022,0.552903960215867,0.06448342703160242,0.04294966064744047,0.05625634822908797,1.2746560986908084,0.14097699202601421,0.0072409554887369835,0.6722149483224279,0.3436923959521893,-0.0010750472770505587,0.04112207521735979,2.6533275012832553,2.000836913372063,1.84666949129643,0.15416742207563305,1.3444300166447092,0.8066580099868252,0.5377720066578839,0.07433713651921993,0.05129726478639363,0.06507763805147405,1.2110434754340065,0.13031897586751962,0.007210184031152627
2202,0.6911305966896588,0.3357287734649261,0.003782376264181146,0.04227922453652008,2.9457109551523635,2.2357027637970015,2.1163549453709187,0.11934781842608273,1.3822600163024068,0.8293560097814447,0.552904006520962,0.0644834106599082,0.042949646778102965,0.056256333617667686,1.2746562117347504,0.14097700105328648,0.007240955885619661,0.6722149670083708,0.3436923997622832,-0.001075037459293847,0.04112207630376786,2.6533276120934817,2.000837023337498,1.8466696093066477,0.15416741403085032,1.3444300046447237,0.806658002786834,0.5377720018578898,0.07433713320449623,0.051297261978313975,0.06507763529257013,1.2110434954382348,0.13031897855682584,0.0072101841791728195
2203,0.6911306623441552,0.33572877567248555,0.0037823932032665375,0.04227922847294449,2.945711616486251,2.2357032976117033,2.116355536080192,0.1193477615315115,1.3822601340100977,0.8293560804060592,0.5529040536040385,0.06448339437529996,0.04294963298254066,0.056256319062869285,1.2746563241774187,0.14097700969943971,0.007240956263661363,0.6722149853323373,0.343692402948828,-0.0010750282236626357,0.04112207736806989,2.6533277299624096,2.0008371363749475,1.8466697314132545,0.15416740496169323,1.3444299975819256,0.8066579985491551,0.5377719990327705,0.0743371296344408,0.05129725895392913,0.06507763228217403,1.2110435169839802,0.13031898112654555,0.007210184319309808
2204,0.6911307259631895,0.3357287771902788,0.0037824091649307293,0.042279232284636085,2.9457122684749706,2.235703821601267,2.1163561166282188,0.11934770497304835,1.3822602530779187,0.8293561518467518,0.5529041012311668,0.06448337825744627,0.042949619328245064,0.056256304637673865,1.2746564354686383,0.14097701797450882,0.007240956623498063,0.6722150032141428,0.3436924055939275,-0.0010750195683043307,0.04112207840536147,2.653327852900607,2.0008372510805685,1.8466698559664871,0.15416739511408148,1.3444299948902003,0.8066579969341199,0.5377719979560804,0.07433712588087062,0.05129725577407915,0.06507762908613746,1.2110435396376744,0.13031898357935393,0.007210184451826701
2205,0.6911307874855114,0.3357287781099813,0.003782424163015795,0.042279235967859964,2.9457129090113163,2.235704334252864,2.116356685233657,0.1193476490192072,1.3822603729627647,0.8293562237776595,0.5529041491851052,0.0644833623730132,0.042949605871692546,0.05625629040341425,1.274656545148027,0.1409770258884463,0.007240956965755371,0.6722150205902395,0.34369240776926624,-0.0010750114847250733,0.041122079411755864,2.6533279792084574,2.000837366279168,1.8466699815820524,0.15416738469711572,1.344429996044009,0.8066579976264051,0.5377719984176038,0.07433712200455697,0.051297252490246616,0.0650776257604107,1.2110435630324345,0.13031898591790556,0.007210184576992372
2206,0.6911308468706489,0.33572877851178207,0.003782438219228565,0.042279239520151994,2.945713536360197,2.2357048343545323,2.116357240462042,0.11934759389249008,1.3822604931635905,0.829356295898155,0.5529041972654355,0.0644833467768042,0.04294959265931004,0.05625627641078299,1.274656652837122,0.14097703345136872,0.00724095729105137,0.6722150374117227,0.3436924095371903,-0.0010750039588783428,0.041122080384262086,2.6533281074458683,2.000837480998403,1.846670107111275,0.15416737388712828,1.3444300005576562,0.8066580003345935,0.5377720002230627,0.07433711805645099,0.051297249145594956,0.06507762235212465,1.2110435868606626,0.13031898814498674,0.007210184695079251
2207,0.691130904096553,0.3357287784652971,0.0037824513615363764,0.042279242940174856,2.9457141491243966,2.2357053209652875,2.1163577811915792,0.11934753977370845,1.3822606132213613,0.8293563679328174,0.5529042452885439,0.06448333151289112,0.04294957972843319,0.05625626270082941,1.2746567582315707,0.14097704067324549,0.007240957599993408,0.6722150536417064,0.3436924109514905,-0.0010749969726825404,0.04112208132062439,2.6533282363997435,2.0008375944408474,1.8466702316092025,0.15416736283164487,1.3444300079842353,0.806658004790541,0.5377720031936943,0.07433711407892413,0.051297245776019275,0.06507761890068199,1.2110436108665577,0.1303189902632981,0.00721018480635455
2208,0.6911309591612511,0.3357287780311964,0.003782463624709166,0.04227924622781907,2.945714746238499,2.235705793411541,2.1163583066073772,0.11934748680416388,1.3822607327185357,0.8293564396311219,0.5529042930874137,0.06448331661506768,0.042949567107690434,0.05625624930538033,1.2746568610979985,0.14097704756452642,0.007240957893204027,0.6722150692563411,0.343692412058769,-0.0010749905036387467,0.041122082219384605,2.653328365076068,2.0008377059790114,1.8466703543275766,0.15416735165143478,1.344430017914153,0.8066580107484916,0.5377720071656614,0.07433711010626225,0.051297242410565005,0.06507761543821333,1.2110436348431306,0.13031899227592672,0.007210184911098911
2209,0.691131012081163,0.33572877726245026,0.003782475048800124,0.042279249384100194,2.9457153269365737,2.235706251259314,2.116358816169214,0.11934743509010015,1.3822608512789323,0.82935651076736,0.5529043405115723,0.06448330210798384,0.04294955481796407,0.0562562362480456,1.2746569612661771,0.14097705413581596,0.007240958171324853,0.672215084243518,0.3436924128994305,-0.001074984526034918,0.04112208307980277,2.6533284926764695,2.000837815135831,1.8466704746920664,0.15416734044376468,1.3444300299740057,0.8066580179844032,0.5377720119896026,0.07433710616563091,0.051297239072245523,0.06507761199043363,1.2110436586263802,0.13031899418600673,0.007210185009607593
2210,0.6911310628867927,0.33572877620564384,0.003782485677248315,0.04227925241089522,2.9457158906939642,2.2357066942633934,2.1163593095536006,0.11934738470979284,1.3822609685672715,0.8293565811403635,0.5529043874269081,0.06448328800901959,0.042949542873977654,0.05625622354586847,1.2746570586160815,0.14097706039812877,0.00724095843500703,0.6722150985999439,0.3436924135087056,-0.0010749790122919212,0.04112208390167838,2.6533286185601734,2.000837921552124,1.8466705922649886,0.1541673292871356,1.3444300438253085,0.8066580262951849,0.5377720175301236,0.07433710227854542,0.051297235779287575,0.06507760857793732,1.2110436820864159,0.13031899599689029,0.007210185102182086
2211,0.6911311116201426,0.3357287749023882,0.0037824955558827603,0.042279255310784386,2.9457164371836133,2.235707122330102,2.1163597866108708,0.11934733571923145,1.382261084287903,0.8293566505727424,0.5529044337151606,0.06448327432975112,0.042949531285537974,0.0562562112106261,1.2746571530677673,0.14097706636335092,0.007240958684911961,0.6722151123295059,0.3436924139177319,-0.001074973933625628,0.04112208468525014,2.6533287422162055,2.0008380249635707,1.846670706718546,0.1541673182450247,1.3444300591627665,0.8066580354976597,0.5377720236651068,0.07433709846198987,0.051297232546079305,0.06507760521719175,1.2110437051207028,0.1303189977124551,0.007210185189130035
2212,0.6911311583324621,0.3357287733901763,0.003782504731613845,0.04227925808691347,2.945716966242573,2.2357075354889004,2.116360247332688,0.11934728815621264,1.382261198183141,0.8293567189098852,0.5529044792732558,0.0644832610770228,0.04294952005844324,0.056256199249780536,1.2746572445739668,0.14097707204395457,0.007240958921708065,0.6722151254418781,0.3436924141542218,-0.0010749692608743866,0.04112208543111091,2.653328863242404,2.000838125183499,1.8466708178149693,0.1541673073685295,1.3444300757123913,0.8066580454274346,0.5377720302849567,0.07433709472922333,0.051297229383853206,0.06507760192125417,1.211043727649194,0.13031899933692484,0.007210185270762931
2213,0.6911312030821659,0.33572877170287285,0.0037825132514113097,0.042279260742866434,2.9457174778447555,2.2357079338693953,2.116360691825964,0.11934724204343133,1.3822613100313188,0.8293567860187918,0.552904524012527,0.06448324825377295,0.04294950919518269,0.05625618766721111,1.2746573331143876,0.14097707745272764,0.007240959146064646,0.6722151379512734,0.34369241424288344,-0.001074964965108463,0.0411220861401312,2.6533289813285195,2.0008382220891576,1.8466709253908031,0.1541672966983545,1.3444300932295277,0.8066580559377164,0.5377720372918112,0.07433709109039717,0.05129722630120901,0.0650775987003211,1.2110437496106041,0.13031900087471776,0.007210185347392348
2214,0.6911312459329771,0.33572876987105027,0.003782521161526671,0.04227926328255176,2.9457179720777016,2.2357083176819335,2.1163611202909287,0.11934719739100466,1.3822614196446203,0.8293568517867728,0.5529045678578476,0.06448323585971394,0.04294949869551265,0.05625617646381867,1.2746574186910138,0.14097708260256409,0.007240959358645344,0.6722151498753668,0.3436924142057341,-0.0010749610180618152,0.04112208681339337,2.6533290962419893,2.0008383156103133,1.846671029343892,0.1541672862664214,1.3444301114968293,0.8066580668980974,0.537772044598732,0.07433708755306051,0.051297223304542006,0.06507759556217954,1.2110437709593587,0.1303190023303407,0.007210185419326312
2215,0.6911312869522214,0.33572876792226036,0.0037825285068516096,0.042279265710098074,2.9457184491215163,2.2357086872001704,2.1163615330014633,0.11934715419870706,1.382261526866754,0.8293569161200529,0.552904610746701,0.0644832238919376,0.042949488556969465,0.05625616563806447,1.274657501323927,0.14097708750628307,0.007240959560101748,0.6722151612343321,0.3436924140623674,-0.0010749573924810005,0.041122087452132694,2.653329207815271,2.000838405719216,1.8466711296219396,0.15416727609727637,1.3444301303222197,0.8066580781933316,0.5377720521288881,0.07433708412260241,0.05129722039841754,0.0650775925126027,1.2110437916629224,0.13031900370830102,0.007210185486865859
2216,0.6911313262092164,0.3357287658812671,0.0037825353303678963,0.04227926802975568,2.9457189092291567,2.2357090427448676,2.1163619302868426,0.11934711245802497,1.382261631570523,0.8293569789423143,0.5529046526282086,0.06448321234547316,0.0429494787753421,0.05625615518646773,1.2746575810474532,0.14097709217647522,0.007240959751067132,0.6722151720499602,0.3436924138301863,-0.0010749540624030648,0.04112208805768333,2.653329315934241,2.0008384924214813,1.8466712262121225,0.15416726620935883,1.3444301495368642,0.8066580897221183,0.537772059814746,0.0743370808026522,0.051297217585910194,0.06507758955570869,1.2110438116993847,0.1303190050130364,0.007210185550301854
2217,0.6911313637740106,0.3357287637702708,0.0037825416727996566,0.0422792702458193,2.945719352710078,2.235709384670751,2.116362312516889,0.11934707215386249,1.382261733655314,0.829357040193189,0.552904693462125,0.06448320121374751,0.042949469345062136,0.056256145104018204,1.2746576579069844,0.14097709662540323,0.00724095993215196,0.6722151823449776,0.3436924135246218,-0.0010749510033242482,0.04112208863143667,2.653329420528544,2.0008385757487037,1.8466713191326423,0.15416725661606145,1.3444301689931697,0.8066581013959017,0.537772067597268,0.07433707759540983,0.05129721486888372,0.06507758669425852,1.2110438310554643,0.1303190062488725,0.00721018560991284
2218,0.6911313997161732,0.33572876160905984,0.0037825475722740864,0.04227927236255407,2.9457197799153065,2.2357097133545887,2.1163626800885553,0.11934703326603323,1.3822618330445846,0.8293570998267513,0.5529047332178333,0.06448319048899173,0.042949460259548114,0.05625613538454132,1.274657731956169,0.14097710086486212,0.0072409601039389315,0.6722151921424004,0.34369241315929844,-0.0010749481923591972,0.041122089174801854,2.65332952156291,2.0008386557518474,1.8466714084252014,0.15416724732664597,1.344430188562848,0.8066581131377087,0.5377720754251393,0.07433707450193515,0.05129721224823591,0.06507758392991714,1.2110438497247622,0.13031900741995794,0.007210185665962621
2219,0.6911314341041382,0.3357287594151876,0.003782553064278986,0.04227927438415541,2.94572019122744,2.2357100291877074,2.1163630334174233,0.11934699577028414,1.3822619296833605,0.829357157810017,0.5529047718733435,0.06448318016251325,0.04294945151143608,0.05625612602094636,1.2746578032550357,0.14097710490614068,0.00724096026698128,0.6722152014651803,0.34369241274620327,-0.0010749456082416939,0.04112208968918396,2.6533296190309716,2.000838732496861,1.8466714941499456,0.1541672383469154,1.3444302081350434,0.806658124881026,0.5377720832540175,0.07433707152235298,0.05129720972407256,0.06507758126344158,1.2110438677065252,0.13031900853025136,0.0072101857186996875
2220,0.6911314670046005,0.3357287572040989,0.0037825581815812276,0.04227927631471202,2.9457205870518433,2.2357103325694894,2.1163633729303313,0.11934695963915792,1.3822620235358523,0.8293572141215121,0.5529048094143402,0.06448317022492712,0.04294944309277556,0.05625611700543847,1.2746578718683934,0.14097710875992062,0.007240960421800828,0.6722152103358718,0.3436924122958194,-0.001074943231346638,0.04112209017596382,2.6533297129497897,2.000838806060832,1.8466715763810446,0.15416722967978774,1.3444302276145752,0.8066581365687451,0.5377720910458301,0.07433706865602961,0.051297207295856795,0.0650775786948432,1.2110438850045786,0.13031900958347406,0.007210185768356383
2221,0.6911314984820953,0.3357287549892759,0.0037825629542818234,0.04227927815818021,2.9457209678094065,2.2357106239022184,2.1163636990594936,0.1193469248427248,1.3822621145831868,0.8293572687499129,0.5529048458332739,0.06448316066634838,0.04294943499519245,0.05625610832969617,1.274657937864505,0.14097711243626215,0.007240960568887245,0.6722152187763926,0.3436924118172603,-0.0010749410436477619,0.0411220906364832,2.6533298033552137,2.000838876528832,1.8466716552030387,0.15416722132579352,1.344430246920292,0.8066581481521752,0.5377720987681168,0.0743370659017229,0.05129720496253631,0.06507757622352653,1.2110439016264216,0.13031901058310544,0.007210185815148708
2222,0.691131528598718,0.33572875278238684,0.0037825674099094403,0.04227927991836672,2.9457213339306825,2.2357109035870972,2.1163640122379093,0.1193468913491881,1.3822622028212872,0.8293573216927731,0.5529048811285141,0.06448315147654822,0.04294942721002141,0.05625609998501736,1.2746580013140083,0.14097711594460066,0.007240960708698063,0.6722152268078567,0.3436924113183983,-0.0010749390286564423,0.041122091072034676,2.6533298902980254,2.0008389439913974,1.8466717307079006,0.15416721328349664,1.3444302659835417,0.8066581595901249,0.5377721063934168,0.07433706325770724,0.05129720272264929,0.06507757384840603,1.2110439175824712,0.13031901153238168,0.007210185859276463
2223,0.6911315574139562,0.3357287505934358,0.003782571573548499,0.04227928159891844,2.9457216858511486,2.2357111720211944,2.1163643128958065,0.11934685912538777,1.382262288258902,0.829357372955342,0.55290491530356,0.06448314264508163,0.04294941972841389,0.05625609196243963,1.2746580622890324,0.140977119293756,0.0072409608416593545,0.6722152344504658,0.3436924108059883,-0.0010749371713401346,0.041122091483854914,2.653329973840709,2.0008390085425076,1.8466718029926534,0.15416720554985416,1.344430284746759,0.8066581708480554,0.5377721138987037,0.07433706072187814,0.05129720057441288,0.06507757156800428,1.2110439328854334,0.13031901243429997,0.007210185900923725
2224,0.6911315849845128,0.3357287484308931,0.0037825754679522636,0.04227928320331158,2.945722024006739,2.2357114295945237,2.116364601457257,0.11934682813726716,1.3822623709158028,0.8293574225494825,0.5529049483663203,0.06448313416140614,0.04294941254143879,0.05625608425285218,1.2746581208623824,0.14097712249194175,0.00724096096816612,0.6722152417234067,0.3436924102857757,-0.0010749354580524492,0.04112209187311845,2.6533300540545417,2.0008390702777725,1.846671872157236,0.15416719812053642,1.3444303031621765,0.8066581818973059,0.5377721212648706,0.07433705829184548,0.05129719851580229,0.06507756938053996,1.2110439475497363,0.13031901329162165,0.0072101859402592065
2225,0.6911316113644129,0.33572874630185306,0.003782579113778592,0.042279284734858244,2.9457223488317967,2.2357116766892555,2.1163648783391213,0.1193467983501342,1.3822624508211248,0.8293574704926756,0.5529049803284491,0.06448312601493991,0.04294940564013168,0.056256076847054776,1.2746581771071326,0.14097712554681965,0.0072409610885845275,0.6722152486448754,0.3436924097626108,-0.0010749338764040745,0.041122092240939184,2.653330131017754,2.0008391292935226,1.8466719383033696,0.154167190990153,1.3444303211906405,0.8066581927143843,0.5377721284762562,0.07433705596499351,0.05129719654460158,0.06507756728398645,1.2110439615911721,0.13031901410689553,0.007210185977437447
2226,0.6911316366050014,0.3357287442121532,0.003782582529714494,0.042279286196706255,2.9457226607565965,2.2357119136783967,2.1163651439494586,0.1193467697289381,1.382262528011895,0.8293575168071378,0.5529050112047572,0.06448311819512773,0.0429493990155507,0.05625606973582235,1.2746582310961752,0.14097712846549715,0.00724096120325313,0.6722152552320639,0.343692409240542,-0.0010749324151830345,0.04112209258836945,2.6533302048137,2.000839185685833,1.8466720015333693,0.15416718415246358,1.3444303388005514,0.8066582032803308,0.5377721355202206,0.07433705373853902,0.05129719465845295,0.06507756527612808,1.2110439750265436,0.13031901488245767,0.007210186012599592
2227,0.6911316607551613,0.3357287421665208,0.003782585732733726,0.04227928759185255,2.9457229602066914,2.2357121409260667,2.1163653986876674,0.11934674223839946,1.3822626025317055,0.8293575615190242,0.5529050410126813,0.06448311069146341,0.04294939265879548,0.05625606290993157,1.2746582829020623,0.1409771312545996,0.007240961312485581,0.672215261501237,0.3436924087229169,-0.0010749310642201443,0.041122092916404826,2.6533302755297847,2.0008392395501673,1.8466720619496393,0.15416717760052803,1.344430355966909,0.8066582135801454,0.5377721423867636,0.07433705160956708,0.051297192854886986,0.06507756335459669,1.211043987873448,0.13031901562046114,0.0072101860458747575
2228,0.691131683862075,0.3357287401687976,0.0037825887385297685,0.04227928892318969,2.94572324760645,2.2357123587915186,2.116365642948709,0.11934671584280952,1.382262674429567,0.829357604657741,0.552905069771826,0.06448310349341017,0.04294938656093973,0.05625605636009913,1.2746583325975598,0.14097713392038114,0.0072409614165771016,0.672215267467935,0.34369240821249347,-0.0010749298142260708,0.04112209322599651,2.6533303432574122,2.0008392909819026,1.8466721196551328,0.15416717132676996,1.3444303726704656,0.8066582236022793,0.5377721490681863,0.07433704957503605,0.05129719113132697,0.06507756151688115,1.2110440001502478,0.13031901632290743,0.0072101860773823075
2229,0.691131705970862,0.33572873822198007,0.0037825915613817207,0.04227929019348378,2.945723523374592,2.2357125676256397,2.1163658771191765,0.11934669050646313,1.3822627437590251,0.8293576462554159,0.5529050975036093,0.0644830965905189,0.042949380713131466,0.056256050077088615,1.2746583802548257,0.14097713646863208,0.00724096151580293,0.6722152731468625,0.3436924077114957,-0.0010749286567896463,0.0411220935180445,2.6533304080899534,2.0008393400749416,1.8466721747517496,0.154167165323192,1.3444303888970062,0.8066582333382037,0.5377721555588024,0.07433704763184254,0.05129718948514385,0.06507755976038761,1.211044011875679,0.13031901699162818,0.007210186107231656
2230,0.691131727124685,0.33572873632836286,0.003782594214419163,0.04227929140538092,2.9457237879227764,2.235712767770288,2.1163661015763986,0.11934666619388962,1.3822628105772952,0.8293576863463779,0.5529051242309173,0.06448308997247912,0.042949375106636135,0.056256044051760073,1.274658425945062,0.14097713890485855,0.0072409616104204015,0.6722152785519421,0.34369240722169914,-0.0010749275842565215,0.041122093793400864,2.653330470121808,2.000839386921315,1.8466722273398015,0.15416715958151347,1.3444304046366777,0.8066582427820067,0.537772161854671,0.07433704577685597,0.05129718791368555,0.06507755808247345,1.2110440230686406,0.1303190176283423,0.0072101861355233915
2231,0.6911317473647993,0.33572873448963225,0.003782596709672438,0.0422792925614103,2.9457240416543957,2.2357129595577128,2.116366316687693,0.1193466428700196,1.3822628749445027,0.8293577249667023,0.5529051499778004,0.0644830836291568,0.042949369732868656,0.056256038275106945,1.274658469738252,0.14097714123426217,0.007240961700670191,0.6722152836963471,0.3436924067444936,-0.0010749265896765267,0.04112209405287176,2.653330529447614,2.0008394316108506,1.846672277517575,0.15416715409327575,1.3444304198833983,0.8066582519300391,0.5377721679533591,0.0743370440069446,0.051297186414299006,0.06507755648047339,1.2110440337480397,0.1303190182346516,0.007210186162350033
2232,0.6911317667306198,0.3357287327069488,0.0037825990581643737,0.04227929366398816,2.9457242849637066,2.235713143310212,2.1163665228098987,0.11934662050031353,1.3822629369230124,0.8293577621538081,0.5529051747692043,0.0644830775506222,0.042949364583417,0.05625603273828422,1.2746585117029685,0.1409771434617589,0.00724096178677753,0.6722152885925426,0.3436924062809388,-0.0010749256667373502,0.04112209429722,2.6533305861616343,2.0008394742309643,1.8466723253810375,0.15416714884992697,1.3444304346343279,0.8066582607805969,0.537772173853731,0.07433704231899643,0.05129718498434788,0.06507755495172052,1.2110440439326637,0.13031901881205185,0.007210186187796807
2233,0.6911317852597891,0.33572873098101963,0.0037826012699931216,0.04227929471542212,2.9457245182351817,2.235713319339942,2.11636672028908,0.11934659905086185,1.382262996576835,0.8293577979461015,0.5529051986307334,0.06448307172717113,0.04294935965006024,0.05625602743263005,1.2746585519062261,0.14097714559199756,0.00724096186895334,0.6722152932523267,0.34369240583181343,-0.0010749248097031636,0.04112209452716748,2.6533306403572694,2.000839514866518,1.846672371023627,0.15416714384289096,1.3444304488894037,0.8066582693336424,0.5377721795557613,0.07433704070993506,0.051297183621225956,0.06507755349356284,1.211044053641085,0.1303190193619418,0.007210186211942328
2234,0.691131802988251,0.33572872931216186,0.0037826033544176157,0.042279295717915624,2.9457247418430526,2.235713487948849,2.1163669094603863,0.11934657848846247,1.3822630539711092,0.8293578323826661,0.552905221588443,0.06448306614934014,0.042949354924781386,0.056256022349681876,1.2746585904133778,0.14097714762937694,0.007240961947395283,0.672215297686873,0.34369240539765866,-0.0010749240133572507,0.04112209474339787,2.6533306921266733,2.00083955359974,1.846672414536116,0.154167139063624,1.3444304626509285,0.8066582775905573,0.5377721850603712,0.07433703917673264,0.0512971823223682,0.06507755210337689,1.2110440628915837,0.13031901988563313,0.007210186234859248
2235,0.691131819950324,0.33572872770035833,0.0037826053199278287,0.04227929667357243,2.945724956151003,2.235713649428692,2.1163670906480134,0.11934655878067875,1.3822631091716484,0.8293578655029896,0.5529052436686588,0.06448306080791749,0.04294935039977669,0.05625601748118843,1.2746586272880371,0.14097714957806215,0.00724096202228874,0.6722153019067693,0.3436924049788156,-0.0010749232729527006,0.04112209494655888,2.6533307415604375,2.000839590510173,1.846672456006511,0.15416713450366168,1.3444304759232104,0.8066582855539265,0.5377721903692839,0.07433703771641983,0.05129718108525917,0.06507755077857842,1.2110440717020845,0.13031902038435814,0.007210186256614869
2236,0.6911318361787727,0.33572872614530536,0.0037826071743197534,0.04227929758440099,2.94572516151198,2.235713804061133,2.1163672641652505,0.11934653989588245,1.3822631622445483,0.8293578973467296,0.5529052648978187,0.06448305569395052,0.04294934606746184,0.05625601281911834,1.2746586625920298,0.14097715144199996,0.007240962093807712,0.6722153059220554,0.3436924045754575,-0.001074922584163772,0.041122095137264725,2.653330788747355,2.000839625674664,1.846672495520009,0.1541671301546552,1.3444304887122431,0.8066582932273462,0.537772195484897,0.07433703632609377,0.051297179907439615,0.06507754951663103,1.2110440800901139,0.13031902085927732,0.007210186277271611
2237,0.6911318517048793,0.3357287246464562,0.0037826089247539815,0.042279298452318856,2.9457253582680916,2.2357139521178686,2.1163674303145825,0.11934652180328603,1.3822632132558477,0.8293579279535093,0.5529052853023384,0.06448305079875016,0.04294934192047589,0.05625600835566591,1.2746586963853601,0.14097715322493268,0.007240962162115632,0.6722153097422596,0.343692404187619,-0.0010749219430453497,0.04112209531609824,2.653330833774235,2.0008396591673785,1.8466725331589768,0.15416712600840188,1.3444305010254298,0.8066583006152581,0.5377722004101717,0.07433703500292357,0.05129717878651139,0.0650775483150528,1.2110440880727613,0.13031902131148612,0.007210186296887546
2238,0.691131866558513,0.3357287232030582,0.0037826105778180283,0.042279299279156926,2.945725546750604,2.235714093860822,2.1163675893878597,0.11934650447296241,1.3822632622712387,0.8293579573627439,0.5529053049084949,0.06448304611389283,0.042949337951682764,0.05625600408325446,1.2746587287262003,0.14097715493041094,0.007240962227366153,0.6722153133764326,0.3436924038152194,-0.0010749213459936777,0.04112209548361294,2.653330876725765,2.000839691059829,1.846672569002961,0.15416712205686772,1.3444305128713392,0.8066583077228037,0.5377722051485355,0.0743370337441548,0.051297177720141064,0.06507754717142125,1.211044095666656,0.1303190217420207,0.0072101863155167945
2239,0.691131880768196,0.3357287218141846,0.0037826121395760845,0.04227930006666346,2.9457257272799975,2.2357142295423618,2.1163677416665063,0.11934648787585567,1.3822633093558176,0.8293579856134912,0.5529053237423265,0.06448304163122026,0.04294933415417117,0.05625599999453758,1.2746587596708892,0.14097715656180607,0.007240962289703827,0.672215316833176,0.34369240345808505,-0.0010749207897126911,0.0411220956403349,2.653330917684399,2.0008397214209106,1.8466726031287037,0.15416711829220708,1.3444305242594918,0.8066583145556953,0.5377722097037966,0.07433703254711252,0.051297176706062556,0.06507754608337743,1.2110441028879466,0.13031902215186286,0.007210186333209908
2240,0.6911318943611706,0.33572872047876423,0.003782613615621884,0.04227930081650825,2.945725900166081,2.2357143594055415,2.1163678874217555,0.11934647198378623,1.382263354573875,0.8293580127443256,0.5529053418295493,0.064483037342838,0.042949330521253284,0.05625599608239893,1.2746587892739445,0.1409771581223209,0.007240962349264778,0.6722153201206735,0.34369240311596533,-0.001074920271183194,0.041122095786764526,2.653330956730304,2.000839750316971,1.846672635610197,0.15416711470677383,1.3444305352001777,0.8066583211201068,0.5377722140800709,0.07433703140920277,0.05129717574207836,0.06507754504862802,1.2110441097522933,0.13031902254194477,0.0072101863500142055
2241,0.6911319073634608,0.33572871919560615,0.00378261501111906,0.04227930153028632,2.945726065708151,2.2357144836843665,2.1163680269149174,0.11934645676944916,1.3822633979887216,0.8293580387932337,0.5529053591954879,0.06448303324111213,0.04294932704646198,0.05625599233995052,1.2746588175880842,0.14097715961500024,0.0072409624061772915,0.6722153232467154,0.3436924027885489,-0.0010749197876364358,0.04112209592337815,2.6533309939413026,2.000839777811858,1.8466726665187256,0.1541671112931325,1.3444305457042947,0.8066583274225769,0.5377722182817177,0.07433703032791375,0.05129717482606062,0.06507754406494756,1.2110441162748597,0.13031902291315295,0.007210186365974053
2242,0.6911319197999349,0.33572871796342213,0.0037826163308444377,0.042279302209521835,2.9457262241951927,2.235714602604074,2.116368160397667,0.11934644220640689,1.3822634396625417,0.8293580637975257,0.552905375865016,0.0644830293186653,0.04294932372354757,0.05625598876053012,1.274658844664255,0.14097716104274083,0.007240962460562385,0.6722153262187257,0.34369240247547755,-0.0010749193365283682,0.04112209605062962,2.653331029392866,2.000839803967006,1.846672695922941,0.15416710804406486,1.3444305557832084,0.8066583334699252,0.5377722223132831,0.07433702930081602,0.051297173955951215,0.06507754313017913,1.211044122470313,0.1303190232663316,0.0072101863811311895
2243,0.6911319316943629,0.3357287167808465,0.003782617579224032,0.042279302855671566,2.945726375906096,2.235714716381411,2.1163682881123305,0.11934642826908033,1.3822634796562747,0.8293580877937656,0.5529053918625091,0.06448302556837186,0.04294932054647349,0.05625598533769771,1.2746588705516653,0.14097716240830013,0.007240962512534338,0.6722153290437823,0.3436924021763554,-0.001074918915518322,0.0411220961689516,2.6533310631580993,2.0008398288414924,1.8466727238889193,0.15416710495257285,1.344430565448633,0.80665833926918,0.5377722261794531,0.07433702832556205,0.05129717312976144,0.06507754224223476,1.2110441283528255,0.1303190236022859,0.0072101863955249
2244,0.691131943069475,0.3357287156464534,0.0037826187603661465,0.0422793034701285,2.9457265211099153,2.235714825224937,2.1163684102922025,0.11934641493273448,1.38226351802952,0.8293581108177127,0.5529054072118073,0.06448302198335223,0.04294931750941168,0.05625598206523124,1.274658895297824,0.14097716371430533,0.007240962562201166,0.6722153317286409,0.34369240189076,-0.0010749185224488492,0.041122096278757014,2.6533310953077645,2.00083985249213,1.8466727504802485,0.15416710201188139,1.3444305747125262,0.8066583448275159,0.5377722298850104,0.07433702739988547,0.05129717234557132,0.06507754139909533,1.2110441339360793,0.1303190239217847,0.007210186409192275
2245,0.6911319539470133,0.3357287145587731,0.0037826198780930645,0.04227930405422502,2.945726660066117,2.235714929335303,2.116368527161838,0.1193464021734648,1.3822635548404631,0.8293581329042786,0.5529054219361845,0.06448301855696717,0.04294931460673771,0.056255978937122156,1.2746589189485802,0.1409771649632608,0.0072409626096651,0.6722153342797516,0.34369240161824965,-0.0010749181553285844,0.04112209638043999,2.6533311259102876,2.0008398749735257,1.8466727757580865,0.15416709921543914,1.3444305835870018,0.8066583501522012,0.5377722334348006,0.07433702652160004,0.05129717160152876,0.06507754059881024,1.2110441392332734,0.13031902422556305,0.007210186422168384
2246,0.6911319643477855,0.33572871351630534,0.0037826209359663465,0.04227930460923611,2.9457267930248547,2.235715028905542,2.116368638937362,0.11934638996817969,1.3822635901458193,0.8293581540874924,0.552905436058327,0.0644830152828117,0.04294931183302554,0.056255975947570515,1.2746589415481653,0.1409771661575565,0.007240962655022984,0.6722153367032777,0.34369240135837054,-0.001074917812315307,0.04112209647437717,2.6533311550317955,2.000839896338162,1.8466727997812444,0.15416709655691754,1.3444305920842516,0.8066583552505511,0.5377722368337006,0.07433702568859833,0.051297170895848475,0.0650775398394966,1.2110441442571296,0.13031902451432423,0.007210186434486437
2247,0.6911319742917117,0.3357287125175319,0.0037826219373130673,0.04227930513638239,2.9457269202272407,2.235715124121347,2.1163687458267635,0.11934637829458357,1.3822636240007944,0.8293581744004773,0.5529054496003171,0.06448301215470867,0.04294930918304224,0.056255973090979794,1.2746589631392378,0.14097716729947476,0.007240962698366684,0.6722153390051125,0.34369240111066196,-0.0010749174917051296,0.04112209656092858,2.653331182736147,2.0008399166364668,1.8466728226062579,0.15416709403020898,1.344430600216482,0.8066583601298893,0.5377722400865927,0.07433702489885026,0.05129717022681068,0.06507753911933836,1.2110441490199046,0.13031902478874224,0.007210186446177955
2248,0.6911319837978731,0.33572871156092793,0.003782622885247222,0.04227930563683287,2.9457270419056267,2.2357152151613495,2.1163688480301914,0.1193463671311582,1.3822636564590574,0.8293581938754351,0.5529054625836223,0.06448300916670271,0.042949306651742625,0.056255970361951735,1.2746589837629245,0.14097716839119687,0.007240962739783467,0.6722153411908929,0.34369240087466213,-0.0010749171919168382,0.041122096640438505,2.6533312090849703,2.0008399359168814,1.8466728442874563,0.1541670916294251,1.3444306079958563,0.806658364797514,0.5377722431983424,0.07433702415040154,0.05129716959275975,0.06507753843658526,1.211044153533397,0.13031902504946297,0.007210186457272886
2249,0.6911319928845545,0.33572871064497134,0.003782623782689565,0.0422793061117077,2.9457271582838844,2.2357153021973906,2.116368945740248,0.11934635645714287,1.3822636875727263,0.8293582125436365,0.5529054750290898,0.06448300631305337,0.0429493042342637,0.05625596775528077,1.2746590034588678,0.1409771694348095,0.007240962779356309,0.6722153432660131,0.3436924006499112,-0.0010749169114824403,0.04112209671323641,2.653331234137706,2.0008399542259294,1.8466728648770365,0.15416708934889295,1.3444306154344492,0.8066583692606697,0.5377722461737795,0.0743370234413719,0.05129716899210283,0.06507753778955158,1.2110441578089568,0.13031902529710607,0.007210186467799733
2250,0.6911320015692849,0.3357287097681513,0.0037826246323855797,0.04227930656208064,2.94572726957767,2.2357153853947667,2.1163690391422505,0.11934634625251622,1.3822637173923649,0.8293582304354196,0.5529054869569453,0.0644830035882291,0.04294930192591937,0.0562559652659488,1.2746590222652672,0.14097717043231042,0.0072409628171642235,0.6722153452356372,0.3436924004359549,-0.0010749166490383738,0.0411220967796376,2.6533312579516566,2.0008399716082836,1.846672884425132,0.1541670871831513,1.3444306225442069,0.8066583735265244,0.5377722490176825,0.07433702276995327,0.05129716842330821,0.06507753717661477,1.2110441618575005,0.1303190255322665,0.007210186477785648
2251,0.6911320098688788,0.3357287089289761,0.0037826254369212192,0.04227930698898151,2.945727375994712,2.235715464912496,2.11636912841452,0.11934633649797566,1.3822637459669853,0.8293582475801918,0.5529054983867935,0.06448300098690077,0.042949299722195064,0.05625596288911976,1.2746590402189248,0.14097717138561416,0.007240962853282561,0.6722153471047111,0.34369240023234765,-0.001074916403314953,0.04112209683994394,2.6533312805820253,2.0008399881068244,1.8466729029798767,0.15416708512694755,1.3444306293369137,0.8066583776021485,0.5377722517347652,0.07433702213440811,0.05129716788490392,0.06507753659621413,1.2110441656895174,0.13031902575551535,0.007210186487256547
2252,0.6911320177994695,0.3357287081259787,0.0037826261987366078,0.04227930739339822,2.945727477735063,2.2357155409035427,2.1163692137286247,0.119346327174918,1.3822637733440626,0.8293582640064382,0.5529055093376244,0.06448299850393553,0.04294929761874246,0.056255960620134146,1.2746590573552874,0.14097717229655646,0.007240962887783242,0.672215348877972,0.3436924000386544,-0.0010749161731296447,0.041122096894444515,2.6533313020819724,2.000840003762706,1.8466729205874732,0.15416708317523248,1.3444306358241647,0.8066583814944991,0.5377722543296656,0.07433702153306737,0.05129716737547603,0.06507753604684927,1.2110441693150846,0.13031902596740141,0.007210186496237169
2253,0.6911320253765459,0.3357287073577232,0.0037826269201385737,0.042279307776279015,2.9457275749913694,2.235715613515059,2.1163692952496387,0.11934631826542025,1.3822637995695501,0.8293582797417307,0.5529055198278194,0.0644829961343906,0.04294929561137427,0.0562559584545039,1.2746590737084882,0.14097717316689937,0.007240962920735035,0.6722153505599576,0.3436923998544516,-0.0010749159573786582,0.0411220969434161,2.653331322502664,2.000840018615413,1.8466729372922581,0.15416708132315485,1.3444306420173424,0.8066583852104057,0.5377722568069367,0.07433702096432855,0.05129716689366698,0.0650775355270785,1.2110441727438752,0.13031902616845178,0.007210186504751155
2254,0.6911320326149821,0.3357287066228086,0.003782627603311467,0.04227930813853425,2.945727667949118,2.235715682888595,2.116369373136375,0.11934630975221992,1.3822638246879042,0.8293582948127431,0.5529055298751611,0.06448299387350749,0.04294929369605929,0.05625595638790709,1.2746590893113892,0.14097717399833545,0.007240962952203741,0.6722153521550158,0.34369239967932896,-0.0010749157550344196,0.04112209698712377,2.6533313418933204,2.000840032702818,1.8466729531367605,0.1541670795660573,1.3444306479275998,0.80665838875656,0.5377722591710398,0.074337020426654,0.05129716643817411,0.06507753503551741,1.2110441759851733,0.13031902635917308,0.007210186512821115
2255,0.6911320395290694,0.3357287059198735,0.0037826282503285458,0.04227930848103827,2.945727756786893,2.235715749160322,2.1163694475416266,0.11934630161869555,1.38226384874211,0.8293583092452665,0.5529055394968434,0.06448299171670586,0.042949291868917334,0.05625595441618278,1.2746591041956208,0.1409771747924913,0.007240962982252426,0.6722153536673131,0.3436923995128913,-0.0010749155651360517,0.0411220970258213,2.6533313603012663,2.000840046061233,1.8466729681617604,0.15416707789947226,1.344430653565843,0.806658392139506,0.537772261426337,0.07433701991856893,0.05129716600774809,0.06507753457083738,1.211044179047882,0.13031902654005229,0.007210186520468697
2256,0.6911320461325412,0.3357287052475982,0.0037826288631563273,0.042279308804630926,2.9457278416765997,2.2357158124612195,2.1163695186123714,0.11934629384884815,1.382263871773713,0.8293583230642283,0.5529055487094847,0.06448298965957824,0.04294929012621454,0.056255952535326136,1.2746591183916205,0.14097717555093153,0.007240963010941574,0.6722153551008409,0.34369239935475754,-0.0010749153867857311,0.04112209705975166,2.6533313777719876,2.000840058725469,1.8466729824063548,0.1541670763191142,1.3444306589427213,0.8066583953656329,0.5377722635770884,0.07433701943865945,0.051297165601191096,0.06507753413176369,1.211044181940537,0.13031902671155707,0.007210186527714614
2257,0.6911320524386019,0.33572870460470844,0.00378262944366773,0.04227930911011915,2.9457279227837048,2.2357158729172775,2.116369586489994,0.11934628642728327,1.3822638938228502,0.8293583362937106,0.5529055575291396,0.0644829876978844,0.04294928846435879,0.0562559507414836,1.2746591319286713,0.14097717627516196,0.007240963038329285,0.6722153564594231,0.3436923992045625,-0.0010749152191455238,0.04112209708914724,2.653331394349173,2.00084007072888,1.8466729959080026,0.15416707482087735,1.3444306640686174,0.8066583984411705,0.537772265627447,0.0743370189855709,0.05129716521735556,0.06507753371707439,1.2110441846713162,0.13031902687413696,0.0072101865345787115
2258,0.6911320584599483,0.3357287039899768,0.0037826299936439267,0.04227930939827827,2.945728000267454,2.235715930649674,2.116369651310482,0.11934627933919191,1.3822639149282854,0.8293583489569717,0.5529055659713137,0.06448298582754594,0.04294928687989509,0.05625594903094808,1.2746591448349358,0.14097717696663245,0.007240963064471397,0.6722153577467237,0.34369239906195653,-0.0010749150614311129,0.04112209711423043,2.6533314100747716,2.000840082103416,1.846673008702587,0.15416707340082866,1.3444306689536405,0.8066584013721844,0.5377722675814561,0.07433701855800606,0.051297164855142546,0.0650775333255985,1.2110441872480515,0.13031902702822395,0.007210186541080008
2259,0.691132064208794,0.33572870340222466,0.0037826305147840994,0.04227930966985329,2.945728074281077,2.235715985774944,2.116369713204609,0.11934627257033488,1.3822639351274462,0.8293583610764682,0.552905574050978,0.0644829840446417,0.04294928536950159,0.05625594740015474,1.2746591571374948,0.14097717762674028,0.007240963089421656,0.672215358966251,0.3436923989266057,-0.0010749149129097857,0.04112209713521359,2.6533314249890365,2.000840092879667,1.8466730208244637,0.1541670720552033,1.3444306736076213,0.8066584041645728,0.5377722694430485,0.0743370181547234,0.051297164513500235,0.0650775329562147,1.2110441896782385,0.13031902717423272,0.007210186547236722
2260,0.6911320696968893,0.3357287028403226,0.0037826310087074183,0.04227930992555993,2.945728144972011,2.2357160384051573,2.1163697722981345,0.11934626610702265,1.3822639544564603,0.8293583726738767,0.5529055817825836,0.06448298234540223,0.04294928392998498,0.056255945845676114,1.2746591688623787,0.14097717825683187,0.007240963113231806,0.6722153601213646,0.3436923987981917,-0.0010749147728957228,0.04112209715229952,2.6533314391305756,2.00084010308691,1.84667303230651,0.15416707078039982,1.3444306780401092,0.8066584068240655,0.5377722712160437,0.07433701777453532,0.05129716419142257,0.06507753260784978,1.2110441919690462,0.13031902731256156,0.00721018655306631
2261,0.6911320749355406,0.33572870230319196,0.003782631476959973,0.04227931016608553,2.945728212482079,2.2357160886480645,2.116369828711963,0.11934625993610136,1.3822639729501922,0.8293583837701157,0.5529055891800765,0.06448298072620545,0.04294928255827682,0.05625594436421822,1.2746591800346005,0.14097717885820563,0.007240963135951723,0.672215361215281,0.3436923986764118,-0.001074914640747729,0.04112209716568148,2.6533314525364022,2.0008401127531537,1.8466730431801794,0.15416706957297432,1.344430682260371,0.8066584093562227,0.5377722729041484,0.07433701741630651,0.051297163887947805,0.0650775322794771,1.2110441941273289,0.13031902744359297,0.007210186558585506
2262,0.6911320799356303,0.3357287017898044,0.0037826319210179787,0.04227931039209,2.9457282769477007,2.235716136607265,2.1163698825623314,0.1193462540449336,1.3822639906422811,0.8293583943853691,0.552905596256912,0.0644829791835719,0.04294928125142946,0.05625594295261621,1.2746591906781892,0.14097717943211435,0.007240963157629519,0.6722153622510779,0.3436923985609786,-0.0010749145158660614,0.041122097175543326,2.653331465241982,2.000840121905184,1.846673053475548,0.15416706842963587,1.34443068627739,0.806658411766434,0.537772274510956,0.07433701707895243,0.05129716360215712,0.06507753197011543,1.2110441961596337,0.13031902756769376,0.007210186563810344
2263,0.6911320847076333,0.3357287012991828,0.0037826323422933475,0.042279310604206394,2.945728338500066,2.2357161823823426,2.1163699339609585,0.11934624842138418,1.3822640075651789,0.8293584045391077,0.5529056030260712,0.06448297771416044,0.04294928000661245,0.05625594160783049,1.274659200816219,0.1409771799797668,0.007240963178311634,0.6722153632317004,0.34369239845161936,-0.0010749143976897108,0.04112209718205957,2.6533314772812813,2.0008401305686023,1.8466730632213613,0.15416706734724106,1.3444306900998666,0.80665841405992,0.5377722760399466,0.07433701676143764,0.05129716333317337,0.06507753167882724,1.2110441980722122,0.13031902768521592,0.007210186568756183
2264,0.6911320892616338,0.33572870083040024,0.003782632742136152,0.04227931080304133,2.9457283972653316,2.2357162260690204,2.1163699830152187,0.1193462430538017,1.3822640237501873,0.8293584142501128,0.5529056095000745,0.06448297631476362,0.04294927882110858,0.056255940326942554,1.274659210470838,0.14097718050232966,0.007240963198042917,0.6722153641599655,0.34369239834807574,-0.001074914285691994,0.041122097185395196,2.6533314886868227,2.0008401387678787,1.8466730724450908,0.15416706632278807,1.3444306937362198,0.806658416241732,0.5377722774944879,0.0743370164627743,0.05129716308015969,0.06507753140471756,1.2110441998710277,0.13031902779649698,0.007210186573437743
2265,0.6911320936073431,0.33572870038258085,0.0037826331218392684,0.042279310989175374,2.9457284533647887,2.2357162677592957,2.116370029828291,0.11934623793100492,1.3822640392274956,0.8293584235364977,0.5529056156909979,0.06448297498230413,0.04294927769231091,0.05625593910715161,1.2746592196632993,0.14097718100093,0.007240963216866737,0.6722153650385674,0.34369239825010367,-0.0010749141793798683,0.04112209718570542,2.653331499489727,2.000840146526385,1.8466730811729724,0.15416706535341262,1.344430697194591,0.8066584183167547,0.5377722788778363,0.07433701618202092,0.051297162842318486,0.06507753114693268,1.2110442015617648,0.1303190279018604,0.007210186577869123
2266,0.6911320977541158,0.33572869995489885,0.003782633482642711,0.042279311163163,2.945728506915056,2.2357163075415913,2.116370074499327,0.11934623304226455,1.3822640540262146,0.829358432415729,0.5529056216104855,0.0644829737138305,0.04294927661771908,0.056255937945770725,1.2746592284139848,0.14097718147665667,0.007240963234825069,0.6722153658700807,0.34369239815747193,-0.0010749140782913072,0.04112209718313526,2.653331509719764,2.000840153866438,1.8466730894300563,0.15416706443638187,1.3444307004828457,0.8066584202897075,0.5377722801931383,0.07433701591828096,0.05129716261889027,0.06507753090465902,1.2110442031498345,0.13031902800161616,0.007210186582063819
2267,0.6911321017109636,0.3357286995465787,0.003782633825738728,0.04227931132553217,2.9457285580282404,2.2357163455008804,2.1163701171235907,0.11934622837728955,1.382264068174416,0.8293584409046499,0.5529056272697661,0.0644829725065135,0.042949275594936304,0.0562559368402234,1.2746592367424316,0.14097718193056225,0.007240963251958525,0.6722153666569668,0.3436923980699623,-0.0010749139819902706,0.041122097177818756,2.6533315194054024,2.000840160809345,1.8466730972402559,0.15416706356908919,1.3444307036085772,0.8066584221651464,0.5377722814434308,0.07433701567070196,0.05129716240915286,0.06507753067712202,1.2110442046403849,0.13031902809606105,0.007210186586034761
2268,0.6911321054865754,0.33572869915689524,0.0037826341522739157,0.04227931147678366,2.9457286068121205,2.235716381718831,2.1163701577926197,0.11934622392621129,1.3822640816991671,0.8293584490195005,0.5529056326796666,0.06448297135764317,0.04294927462166681,0.05625593578804071,1.274659244667356,0.14097718236366505,0.007240963268306536,0.6722153674015758,0.34369239798736784,-0.001074913890064394,0.041122097169877775,2.653331528573854,2.000840167375436,1.8466731046263867,0.15416706274904912,1.3444307065791126,0.8066584239474676,0.537772282631645,0.07433701543847457,0.051297162212420616,0.06507753046358535,1.2110442060383009,0.130319028185479,0.007210186589794305
2269,0.6911321090893312,0.3357286987851739,0.003782634463360725,0.042279311617389424,2.945728653370319,2.235716416273948,2.1163701965943797,0.11934621967956818,1.3822640946265652,0.8293584567759393,0.5529056378506259,0.06448297026462531,0.04294927369571294,0.05625593478685803,1.2746592522066713,0.14097718277695145,0.007240963283907364,0.6722153681061508,0.34369239790949235,-0.0010749138021258278,0.041122097159420196,2.653331537251117,2.0008401735840993,1.8466731116102069,0.15416706197389238,1.3444307094015169,0.8066584256409102,0.5377722837606067,0.07433701522083216,0.05129716202804411,0.06507753026335032,1.2110442073482113,0.13031902827014125,0.0072101865933542585
2270,0.6911321125273202,0.33572869843079095,0.00378263476007782,0.04227931174779043,2.9457286978024793,2.2357164492417048,2.116370233613414,0.1193462156282909,1.382264106981775,0.8293584641890652,0.5529056427927097,0.06448296922497938,0.04294927281497331,0.05625593383441267,1.2746592593775092,0.14097718317137736,0.007240963298798241,0.672215368772828,0.34369239783614747,-0.001074913717801787,0.04112209714653736,2.653331545462014,2.0008401794538155,1.8466731182124565,0.1541670612413592,1.3444307120825956,0.8066584272495574,0.5377722848330382,0.07433701501705095,0.051297161855410146,0.06507753007575558,1.2110442085744855,0.13031902835030632,0.007210186596725844
2271,0.691132115808356,0.33572869809317335,0.003782635043481662,0.04227931186839283,2.9457287402044297,2.23571648069468,2.1163702689309924,0.1193462117636876,1.3822641187890616,0.8293584712734372,0.5529056475156244,0.0644829682363365,0.042949271977441056,0.0562559329285417,1.2746592661962282,0.1409771835478706,0.007240963313015436,0.6722153694036379,0.34369239776715077,-0.0010749136367349046,0.04112209713130019,2.653331553230222,2.0008401850021764,1.8466731244528813,0.1541670605492953,1.3444307146289014,0.8066584287773408,0.5377722858515606,0.0743370148264506,0.051297161693942384,0.06507752990017733,1.2110442097212313,0.1303190284262195,0.007210186599919708
2272,0.6911321189399946,0.3357286977718004,0.003782635314615923,0.04227931197956268,2.945728780668356,2.2357165107026904,2.11637030262526,0.11934620807743049,1.382264130071827,0.8293584780430964,0.5529056520287307,0.06448296729643821,0.04294927118120295,0.0562559320671803,1.2746592726784245,0.14097718390733308,0.0072409633265943674,0.6722153700004987,0.34369239770232,-0.0010749135585805536,0.04112209711375339,2.653331560578289,2.00084019024589,1.8466731303502453,0.15416705989564453,1.3444307170467389,0.8066584302280434,0.5377722868186955,0.07433701464839564,0.051297161543102515,0.06507752973602998,1.211044210792284,0.13031902849811164,0.0072101866029458134
2273,0.6911321219295485,0.3357286974662023,0.003782635574523782,0.042279312081617726,2.9457288192829605,2.235716539332915,2.1163703347713745,0.1193462045615405,1.3822641408526433,0.8293584845115861,0.5529056563410572,0.06448296640313668,0.04294927042443947,0.056255931248360966,1.2746592788389313,0.1409771842506424,0.007240963339569676,0.6722153705652072,0.3436923976414663,-0.0010749134829994844,0.04112209709390735,2.653331567527623,2.000840195200767,1.8466731359223238,0.1541670592784431,1.3444307193421647,0.8066584316052989,0.5377722877368658,0.0743370144822985,0.05129716140239276,0.0650775295827678,1.211044211791192,0.13031902856619698,0.007210186605813329
2274,0.6911321247841038,0.33572869717596304,0.003782635824266016,0.04227931217481505,2.945728856133605,2.2357165666500096,2.1163703654416315,0.11934620120837801,1.3822641511532887,0.8293584906919733,0.5529056604613154,0.06448296555439537,0.04294926970542533,0.05625593047021281,1.2746592846918121,0.14097718457865432,0.00724096335197533,0.6722153710994183,0.3436923975843825,-0.001074913409652642,0.04112209707172525,2.653331574098457,2.0008401998816754,1.846673141185863,0.15416705869581226,1.3444307215209896,0.8066584329125939,0.5377722886083958,0.07433701432762288,0.05129716127135878,0.06507752943988666,1.2110442127211922,0.13031902863066933,0.007210186608530393
2275,0.6911321275105232,0.3357286969007143,0.0037826360649399066,0.042279312259333186,2.945728891302431,2.235716592716189,2.1163703947055623,0.11934619801062674,1.3822641609947806,0.8293584965968684,0.5529056643979121,0.0644829647482931,0.04294926902253301,0.05625592973096344,1.2746592902503346,0.14097718489220193,0.007240963363844593,0.6722153716046084,0.3436923975308228,-0.0010749133381996179,0.04112209704710501,2.6533315803097453,2.000840204302428,1.8466731461564803,0.1541670581459479,1.3444307235887747,0.8066584341532649,0.5377722894355098,0.0743370141838913,0.05129716114959606,0.06507752930692863,1.2110442135851676,0.1303190286916948,0.007210186611103714
2276,0.691132130115449,0.335728696640133,0.0037826362977099737,0.042279312335244706,2.9457289248684244,2.2357166175912666,2.1163704226299798,0.11934619496128696,1.3822641703974072,0.8293585022384444,0.5529056681589628,0.06448296398302947,0.042949268374237265,0.056255929028940985,1.2746592955269322,0.140977185192096,0.007240963375210021,0.6722153720820145,0.34369239748047287,-0.0010749132682858695,0.04112209701985098,2.6533315861789744,2.000840208475592,1.8466731508484826,0.1541670576271094,1.3444307255508192,0.8066584353304916,0.5377722902203276,0.07433701405069386,0.05129716103675738,0.06507752918348673,1.211044214385593,0.13031902874940085,0.007210186613537919
2277,0.6911321326052912,0.335728696393932,0.0037826365238488036,0.042279312402475844,2.9457289569074168,2.2357166413326306,2.116370449278963,0.11934619205366769,1.3822641793807564,0.8293585076284539,0.5529056717523025,0.06448296325693553,0.04294926775912428,0.056255928362579546,1.2746593005331301,0.14097718547912141,0.007240963386103258,0.6722153725325346,0.34369239743290103,-0.0010749131995368352,0.04112209698963197,2.653331591721827,2.0008402124121467,1.846673155274543,0.15416705713760392,1.3444307274121403,0.8066584364472843,0.537772290964856,0.07433701392770332,0.051297160932565526,0.06507752906921371,1.2110442151244438,0.13031902880385768,0.0072101866158345105
2278,0.691132134986199,0.3357286961618491,0.0037826367447998874,0.04227931246074521,2.9457289874919526,2.2357166639951,2.116370474713709,0.11934618928139061,1.3822641879637392,0.8293585127782436,0.5529056751854956,0.06448296256848923,0.042949267175904596,0.05625592773042695,1.2746593052794397,0.14097718575403234,0.007240963396554827,0.6722153729565646,0.34369239738748086,-0.0010749131315420588,0.04112209695591641,2.653331596951625,2.0008402161209284,1.846673159445165,0.15416705667576358,1.3444307291774331,0.8066584375064599,0.5377722916709732,0.07433701381469479,0.05129716083682996,0.06507752896383215,1.2110442158030774,0.13031902885504842,0.00721018661799018
2279,0.6911321372640125,0.3357286959436323,0.0037826369622768266,0.04227931250947026,2.94572901669098,2.2357166856306248,2.116370498992217,0.11934618663840744,1.382264196164605,0.8293585176987631,0.5529056784658418,0.06448296191633673,0.04294926662343135,0.056255927131154404,1.274659309775211,0.14097718601754308,0.0072409634065936715,0.672215373353739,0.3436923973432691,-0.0010749130638307083,0.041122096917871706,2.653331601878405,2.000840219607716,1.8466731633678033,0.15416705623991295,1.3444307308510028,0.8066584385106018,0.537772292340401,0.0743370137115727,0.05129716074946971,0.06507752886714745,1.2110442164220716,0.13031902890282235,0.0072101866199940955
2280,0.6911321394441965,0.3357286957390322,0.003782637178436965,0.042279312547620865,2.9457290445692674,2.2357167062877505,2.1163705221686993,0.11934618411905114,1.382264204000947,0.8293585224005684,0.5529056816003786,0.06448296129931873,0.042949266100722416,0.05625592656356517,1.2746593140284488,0.14097718627031905,0.0072409634162467415,0.6722153737225142,0.34369239729881135,-0.0010749129958140813,0.04112209687420374,2.653331606507426,2.000840222873756,1.8466731670454357,0.15416705582832033,1.3444307324366505,0.8066584394619903,0.5377722929746601,0.07433701361840274,0.05129716067054048,0.06507752877905783,1.211044216981029,0.13031902894681885,0.007210186621823639
2281,0.6911321415318163,0.3357286955478513,0.003782637396233371,0.0422793125734825,2.945729071186404,2.2357167260107724,2.116370544292589,0.11934618171818352,1.3822642114896913,0.829358526893815,0.5529056845958763,0.06448296071649706,0.042949265606983006,0.056255926026594294,1.2746593180456327,0.1409771865129795,0.007240963425539362,0.6722153740594977,0.3436923972518338,-0.0010749129266578727,0.04112209682289078,2.6533316108367333,2.0008402259133664,1.84667317047424,0.15416705543912634,1.3444307339374884,0.8066584403624931,0.5377722935749952,0.07433701353543992,0.05129716060025821,0.0650775286995487,1.2110442174784106,0.1303190289863466,0.007210186623437502
2282,0.6911321435317349,0.33572869537018923,0.003782700215919657,0.04227931258425181,2.9457290965952665,2.2357167448386055,2.1163705654070153,0.11934617943159008,1.3822642186470853,0.8293585311882513,0.552905687458834,0.06448296016715778,0.04294926514160833,0.056255925519269306,1.2746593218316928,0.1409771867461589,0.007240963434498872,0.672215374358371,0.34369239719875405,-0.0010749005076946955,0.0411220967607169,2.6533316148531227,2.0008402287099862,1.8466731736397393,0.15416705507024697,1.344430735355639,0.8066584412133835,0.5377722941422556,0.0743370134631168,0.05129716053898945,0.06507752862862767,1.211044217911605,0.1303190290201897,0.007210186624764697
2283,0.6911321409123389,0.33572869469063027,0.0037826232703003573,0.04227931267650162,2.9457291208398995,2.235716729043974,2.1163705486018176,0.11934618044215634,1.3822642870634694,0.8293585722380818,0.5529057148253875,0.06448296032278164,0.04294926527344564,0.05625592552448727,1.274659320747533,0.14097718666869463,0.007240963413243108,0.672215373932886,0.3436923972102688,-0.0010749155419866943,0.041122096935882174,2.6533316185252493,2.0008402248112565,1.846673169295204,0.15416705551605248,1.344430748716742,0.8066584492300453,0.5377722994866967,0.07433701344290058,0.0512971605218632,0.06507752866059797,1.211044218029234,0.13031902904311005,0.0072101866222908624
2284,0.6911321434039002,0.3357286945421768,0.0037826346016192475,0.04227931263755749,2.9457291436214894,2.2357167522299974,2.1163705745266825,0.11934617770331468,1.3822642818246775,0.8293585690948068,0.5529057127298708,0.06448295972789754,0.0429492647694875,0.05625592497525286,1.2746593248485183,0.14097718690650862,0.007240963425165817,0.6722153742852192,0.34369239711000266,-0.0010749137118955185,0.04112209680782966,2.653331622565563,2.000840228808214,1.8466731738460997,0.15416705496211403,1.344430747865772,0.8066584487194634,0.5377722991463086,0.07433701339206827,0.05129716047880044,0.06507752857439299,1.2110442183328873,0.1303190290686422,0.007210186623511555
2285,0.6911321452808232,0.33572869446089926,0.003782633854510567,0.04227931272283804,2.945729165090678,2.235716768781252,2.1163705930059975,0.11934617577525453,1.3822642868078003,0.8293585720846804,0.5529057147231199,0.06448295918915761,0.042949264313092095,0.05625592450708658,1.2746593285616652,0.14097718712766705,0.007240963434466228,0.672215374725219,0.34369239716253996,-0.0010749133721619508,0.04112209682644936,2.6533316259863735,2.000840231558218,1.8466731768441105,0.15416705471410763,1.3444307485704379,0.8066584491422629,0.537772299428175,0.0743370132675885,0.051297160373346966,0.0650775284829619,1.2110442190810864,0.13031902912649215,0.007210186626657776
2286,0.6911321470087202,0.33572869430681673,0.003782634050597089,0.04227931274203531,2.945729185745442,2.2357167851915585,2.1163706114084544,0.11934617378310425,1.3822642905616462,0.829358574336988,0.5529057162246582,0.0644829587177995,0.04294926391377944,0.05625592407646552,1.2746593318096027,0.1409771873183408,0.0072409634422009855,0.6722153749930683,0.343692397123828,-0.0010749136045874255,0.04112209677984065,2.653331629385224,2.0008402341038187,1.8466731797149611,0.15416705438885778,1.344430749450438,0.806658449670263,0.5377722997801749,0.07433701321222791,0.05129716032644806,0.06507752842476289,1.2110442194120599,0.13031902915765764,0.007210186627928024
2287,0.6911321487181139,0.33572869419183005,0.0037826345057550698,0.042279312777347505,2.9457292053589894,2.2357168008642607,2.116370628948525,0.11934617191573578,1.3822642940174403,0.8293585764104644,0.5529057176069759,0.0644829582514895,0.04294926351874333,0.05625592366025503,1.2746593350227797,0.14097718750971142,0.007240963450243731,0.6722153753262794,0.3436923971271862,-0.001074913330339454,0.041122096755537574,2.653331632493999,2.00084023661575,1.8466731825023168,0.15416705411343293,1.3444307499861365,0.8066584499916821,0.5377722999944544,0.07433701313625352,0.05129716026208608,0.06507752835992985,1.211044219867528,0.13031902919777305,0.007210186629978283
2288,0.6911321503129408,0.33572869406655337,0.0037826347320303808,0.0422793127996585,2.945729224070473,2.235716815734945,2.116370645608736,0.11934617012620877,1.3822642974362278,0.8293585784617369,0.5529057189744909,0.06448295782105234,0.04294926315409699,0.056255923272714434,1.2746593379883255,0.14097718768700845,0.007240963457559611,0.6722153756000984,0.34369239711329824,-0.0010749133337386307,0.04112209672086442,2.653331635435072,2.0008402388891557,1.8466731850435363,0.15416705384561935,1.3444307506525588,0.8066584503915355,0.5377723002610233,0.07433701308110627,0.051297160215367885,0.06507752830930846,1.211044220197306,0.13031902923051555,0.007210186631511211
2289,0.6911321518419353,0.33572869395010296,0.0037826350408237744,0.042279312818901925,2.9457292418791554,2.235716829925541,2.116370661503626,0.1193461684219154,1.382264300625882,0.8293585803755295,0.5529057202503525,0.06448295741242334,0.04294926280792552,0.056255922905925765,1.2746593408033682,0.14097718785678004,0.007240963464611646,0.6722153758714362,0.3436923971060172,-0.0010749132206920864,0.04112209668745215,2.653331638175219,2.0008402410523853,1.8466731874551008,0.15416705359728475,1.3444307512001967,0.8066584507201183,0.5377723004800784,0.0743370130286936,0.051297160170966326,0.06507752826269685,1.2110442205106202,0.13031902926277314,0.007210186633089376
2290,0.6911321532919982,0.33572869383645887,0.003782635301103704,0.04227931283249137,2.945729258833066,2.2357168434207093,2.1163706766227435,0.11934616679796589,1.3822643036838707,0.8293585822103227,0.552905721473548,0.06448295702883093,0.04294926248296388,0.056255922561278926,1.2746593434456122,0.14097718801745462,0.007240963471266178,0.6722153761194227,0.343692397096967,-0.0010749131588581318,0.04112209665170182,2.6533316407386587,2.000840243057514,1.8466731896929347,0.15416705336457906,1.3444307517428726,0.8066584510457239,0.5377723006971488,0.07433701298488568,0.0512971601338543,0.0650775282232899,1.2110442207720329,0.1303190292922342,0.007210186634509869
2291,0.6911321546721848,0.3357286937276383,0.0037826355611962,0.0422793128415307,2.9457292749648007,2.2357168562659204,2.116370691014403,0.11934616525151753,1.3822643065839961,0.829358583950398,0.5529057226335982,0.06448295666768045,0.04294926217701398,0.05625592223689064,1.274659345932976,0.14097718817012658,0.007240963477593229,0.6722153763529578,0.3436923970890483,-0.001074913083436116,0.04112209661488464,2.6533316431301626,2.0008402449342353,1.8466731917868549,0.15416705314738033,1.3444307522388455,0.8066584513433076,0.5377723008955378,0.0743370129469018,0.05129716010167611,0.06507752818925847,1.21104422099833,0.13031902931987321,0.007210186635853091
2292,0.6911321559841587,0.33572869362316027,0.0037826358063757226,0.04227931284607518,2.945729290310779,2.235716868483698,2.116370704704157,0.11934616377954084,1.3822643093443696,0.8293585856066221,0.5529057237377475,0.06448295632823411,0.04294926188945085,0.05625592193197322,1.2746593482705544,0.14097718831503836,0.0072409634835967655,0.6722153765704391,0.34369239708147276,-0.0010749130165766604,0.04112209657678813,2.6533316453604354,2.0008402466817943,1.8466731937368857,0.15416705294490876,1.3444307527059156,0.8066584516235498,0.5377723010823658,0.07433701291491865,0.05129716007458149,0.06507752816056067,1.211044221188446,0.13031902934556697,0.007210186637102144
2293,0.6911321572316466,0.33572869352318113,0.003782636041993019,0.04227931284644108,2.9457293049054947,2.2357168801034444,2.116370717724504,0.1193461623789402,1.3822643119683171,0.8293585871809906,0.5529057247873265,0.06448295600927775,0.042949261619245865,0.05625592164546914,1.2746593504667318,0.14097718845264604,0.007240963489298579,0.6722153767736299,0.3436923970745431,-0.0010749129506069516,0.041122096537612715,2.6533316474382227,2.0008402483100913,1.8466731955536955,0.15416705275639606,1.3444307531408781,0.8066584518845272,0.5377723012563509,0.07433701288824893,0.05129716005198813,0.06507752813663784,1.2110442213465291,0.1303190293695219,0.007210186638270472
2294,0.6911321584176049,0.3357286934276428,0.0037826362673286443,0.04227931284285305,2.9457293187825813,2.2357168911513474,2.116370730104605,0.11934616104674217,1.3822643144632931,0.8293585886779762,0.5529057257853169,0.0644829557097959,0.042949261365538775,0.05625592137645668,1.2746593525285208,0.14097718858331826,0.007240963494714039,0.6722153769631827,0.34369239706822624,-0.0010749128875131783,0.04112209649742777,2.653331649372275,2.0008402498250653,1.8466731972439192,0.15416705258114613,1.3444307535472595,0.806658452128356,0.5377723014189035,0.07433701286651782,0.05129716003357855,0.0650775281171374,1.2110442214748427,0.13031902939183465,0.007210186639361733
2295,0.6911321595450813,0.33572869333653294,0.0037826364834486342,0.04227931283554974,2.945729331974676,2.235716901653576,2.11637074187355,0.11934615978002568,1.3822643168352096,0.829358590101126,0.5529057267340836,0.06448295542877541,0.04294926112747129,0.05625592112402895,1.2746593544629183,0.1409771887074299,0.007240963499859505,0.6722153771400484,0.3436923970625838,-0.0010749128262936558,0.041122096456333454,2.6533316511709937,2.0008402512336323,1.846673198815174,0.15416705241845796,1.3444307539263654,0.8066584523558195,0.5377723015705459,0.0743370128493043,0.05129716001899606,0.06507752810168725,1.2110442215759283,0.13031902941262954,0.007210186640382248
2296,0.6911321606169384,0.33572869324980703,0.0037826366907853584,0.04227931282474847,2.945729344513291,2.2357169116351545,2.116370753059193,0.1193461585759613,1.3822643190901627,0.8293585914540978,0.5529057276360648,0.06448295516526781,0.042949260904239915,0.056255920887332736,1.2746593562764748,0.1409771888253323,0.007240963504749986,0.6722153773050276,0.3436923970576403,-0.0010749127669422154,0.04112209641440988,2.6533316528423923,2.0008402525420026,1.846673200274334,0.15416705226766836,1.3444307542800968,0.8066584525680583,0.5377723017120385,0.07433701283624966,0.05129716000793678,0.06507752808996409,1.2110442216519512,0.1303190294320141,0.007210186641337093
2297,0.691132161635985,0.3357286931674358,0.003782636890010148,0.04227931281066609,2.9457293564289677,2.2357169211204506,2.116370763688641,0.11934615743180953,1.382264321233877,0.8293585927403264,0.5529057284935506,0.06448295491836017,0.042949260695071254,0.05625592066554927,1.2746593579754932,0.14097718893737088,0.007240963509400368,0.6722153774589484,0.3436923970534421,-0.001074912709098541,0.041122096371741426,2.6533316543942354,2.000840253756345,1.8466732016282021,0.1541670521281427,1.344430754610055,0.8066584527660331,0.5377723018440218,0.0743370128270125,0.05129716000011146,0.0650775280816634,1.2110442217049728,0.13031902945009965,0.00721018664223172
2298,0.6911321626048873,0.33572869308937425,0.003782637081557634,0.042279312793503915,2.9457293677510603,2.235716930132806,2.116370773787878,0.11934615634492768,1.3822643232719702,0.8293585939631823,0.5529057293087879,0.06448295468719505,0.04294926049923892,0.05625592045790773,1.274659359565896,0.14097718904387227,0.007240963513824595,0.6722153776025663,0.3436923970500218,-0.0010749126526527764,0.0411220963284013,2.653331655833866,2.000840254882406,1.8466732028831276,0.15416705199927816,1.344430754917897,0.8066584529507385,0.5377723019671586,0.07433701282129226,0.05129715999526557,0.06507752807651511,1.2110442217368076,0.13031902946698812,0.0072101866430709875
2299,0.6911321635262461,0.33572869301559266,0.003782637265989895,0.04227931277346094,2.945729378507913,2.23571693869482,2.116370783382048,0.11934615531277198,1.3822643252097746,0.829358595125865,0.5529057300839096,0.0644829544709512,0.042949260316047205,0.056255920263671336,1.2746593610533536,0.14097718914515692,0.007240963518036415,0.6722153777366388,0.343692397047427,-0.0010749125973541981,0.04112209628446435,2.653331657168356,2.000840255925781,1.846673204045276,0.1541670518805052,1.3444307552051327,0.8066584531230798,0.5377723020820528,0.07433701281880695,0.05129715999316013,0.06507752807426738,1.211044221749158,0.13031902948278287,0.00721018664385994
2300,0.6911321644025428,0.33572869294605434,0.0037826374437116353,0.042279312750726286,2.9457293887267637,2.235716946828163,2.1163707924952684,0.11934615433289456,1.3822643270524921,0.8293585962314954,0.5529057308209967,0.06448295426885423,0.042949260144840046,0.05625592008214435,1.2746593624432152,0.14097718924153008,0.007240963522048869,0.6722153778618731,0.34369239704569954,-0.0010749125430936576,0.04112209623999949,2.6533316584044218,2.000840256891739,1.8466732051204549,0.15416705177128429,1.3444307554732775,0.8066584532839668,0.5377723021893107,0.07433701281930478,0.051297159993581865,0.06507752807469441,1.2110442217435438,0.1303190294975809,0.007210186644603234
2301,0.6911321652361885,0.3357286928807349,0.003782637615200077,0.042279312725485005,2.9457293984338717,2.2357169545537636,2.11637080115082,0.11934615340294324,1.3822643288050855,0.8293585972830515,0.552905731522034,0.06448295408016239,0.04294925998498911,0.05625591991266112,1.2746593637406023,0.14097718933329004,0.007240963525874739,0.6722153779789684,0.3436923970448908,-0.0010749124896884052,0.0411220961950752,2.6533316595485235,2.0008402577853803,1.8466732061142752,0.15416705167110492,1.3444307557237465,0.8066584534342482,0.5377723022894982,0.07433701282254895,0.05129715999633018,0.06507752807758457,1.2110442217213946,0.13031902951147886,0.007210186645305576
2302,0.6911321660295143,0.33572869281961876,0.003782637780878187,0.042279312697919014,2.9457294076545524,2.2357169618917867,2.1163708093711264,0.1193461525206603,1.3822643304723767,0.8293585982834262,0.5529057321889506,0.06448295390416908,0.04294925983589576,0.056255919754587574,1.2746593649503941,0.14097718942072712,0.0072409635295264604,0.672215378088607,0.3436923970450592,-0.001074912436991031,0.04112209614975999,2.6533316606068866,2.0008402586116105,1.8466732070321243,0.15416705157948607,1.3444307559579367,0.8066584535747624,0.5377723023831743,0.07433701282832078,0.051297160001219796,0.06507752808274238,1.2110442216840311,0.13031902952457253,0.007210186645971641
2303,0.6911321667847854,0.33572869276270045,0.003782637941169932,0.04227931266820595,2.9457294164132737,2.23571696886173,2.1163708171778564,0.11934615168387355,1.3822643320590289,0.8293585992354174,0.5529057328236114,0.06448295374019805,0.042949259696987124,0.056255919607316705,1.2746593660772612,0.14097718950412527,0.00724096353301623,0.6722153781914573,0.3436923970462687,-0.001074912384863659,0.04112209610412092,2.6533316615855367,2.000840259375178,1.846673207879208,0.15416705149597007,1.3444307561772137,0.8066584537063286,0.5377723024708851,0.07433701283641525,0.05129716000807706,0.06507752808998443,1.21104422163269,0.13031902953695684,0.00721018664660606
2304,0.6911321675042226,0.3357286927099952,0.0037826380965207893,0.042279312636526234,2.9457294247337362,2.235716975482493,2.1163708245919937,0.11934615089049956,1.3822643335695708,0.8293586001417426,0.5529057334278282,0.06448295358759679,0.04294925956771045,0.05625591947026372,1.2746593671257096,0.14097718958376634,0.007240963536356214,0.6722153782881992,0.34369239704860005,-0.0010749123331237828,0.041122096058230154,2.6533316624903853,2.000840260080762,1.8466732086606363,0.15416705142012566,1.3444307563829145,0.8066584538297491,0.5377723025531654,0.0743370128466345,0.051297160016734344,0.06507752809913464,1.2110442215685666,0.13031902954873037,0.007210186647213693
2305,0.6911321681899374,0.33572869266151023,0.003782638247209022,0.04227931260304884,2.9457294326386894,2.235716981772159,2.1163708316336223,0.11934615013853703,1.3822643350084451,0.8293586010050672,0.552905734003378,0.06448295344574878,0.04294925944754342,0.056255919342874265,1.274659368099997,0.14097718965991854,0.007240963539557906,0.6722153783794594,0.34369239705212257,-0.0010749122817414747,0.04112209601215185,2.6533316633270525,2.000840260732754,1.846673209381213,0.15416705135154068,1.3444307565763984,0.8066584539458395,0.537772302630559,0.07433701285880057,0.05129716002704085,0.06507752811003281,1.2110442214927353,0.13031902955998434,0.007210186647798964
2306,0.6911321688440442,0.3357286926172866,0.0037826383937364927,0.04227931256795139,2.9457294401503127,2.2357169877484497,2.116370838322388,0.11934614942606192,1.3822643363798748,0.829358601827925,0.5529057345519498,0.06448295331404579,0.042949259335970755,0.05625591922460393,1.2746593690043238,0.14097718973285508,0.007240963542633165,0.6722153784659117,0.3436923970569329,-0.0010749122304718542,0.041122095965960184,2.653331664101157,2.000840261335629,1.8466732100458052,0.1541670512898238,1.3444307567589187,0.8066584540553515,0.5377723027035671,0.07433701287272804,0.051297160038839565,0.06507752812251466,1.2110442214063148,0.13031902957081853,0.007210186648366849
2307,0.6911321694685785,0.3357286925773673,0.003782638536410046,0.04227931253140649,2.9457294472900655,2.235716993428437,2.1163708446772125,0.1193461487512244,1.3822643376880883,0.8293586026128531,0.5529057350752352,0.06448295319190633,0.04294925923249991,0.056255919114930664,1.2746593698427047,0.14097718980284094,0.007240963545593445,0.6722153785481967,0.34369239706312427,-0.0010749121792527697,0.04112209591972618,2.6533316648181686,2.000840261893675,1.8466732106590742,0.15416705123460078,1.3444307569318235,0.8066584541590944,0.537772302772729,0.07433701288824454,0.05129716005198441,0.0650775281364257,1.211044221310346,0.13031902958132932,0.0072101866489220744
2308,0.6911321700655457,0.3357286925418128,0.0037826386756249705,0.042279312493588725,2.945729454078792,2.2357169988287415,2.1163708507164976,0.11934614811224398,1.382264338937157,0.8293586033622944,0.5529057355748626,0.06448295307876217,0.042949259136649445,0.05625591901334504,1.2746593706190645,0.14097718987014018,0.007240963548450224,0.6722153786269686,0.34369239707080124,-0.0010749121279208101,0.04112209587352448,2.65333166548349,2.000840262411165,1.8466732112256539,0.15416705118551124,1.3444307570963931,0.8066584542578362,0.5377723028385569,0.07433701290517596,0.05129716006632794,0.0650775281516108,1.2110442212058805,0.13031902959161595,0.007210186649469564
2309,0.6911321706369121,0.33572869251069604,0.0037826388117431914,0.04227931245467349,2.945729460536788,2.235717003965536,2.1163708564581327,0.1193461475074035,1.3822643401310915,0.829358604078655,0.5529057360524364,0.06448295297405891,0.04294925904794972,0.05625591891935,1.2746593713372325,0.14097718993501454,0.00724096355121489,0.6722153787028796,0.3436923970800746,-0.0010749120763504996,0.04112209582743151,2.6533316661024733,2.0008402628923183,1.8466732117501106,0.15416705114220786,1.3444307572539373,0.8066584543523627,0.5377723029015746,0.07433701292334952,0.0512971600817237,0.06507752816791579,1.2110442210939611,0.13031902960177866,0.007210186650014275
2310,0.691132171184628,0.33572869248410925,0.0037826389451675393,0.04227931241483926,2.9457294666839187,2.2357170088546674,2.116370861919624,0.11934614693504338,1.3822643412738242,0.8293586047642947,0.5529057365095296,0.0644829528772507,0.04294925896593829,0.05625591883245639,1.2746593720009767,0.14097718999772685,0.0072409635538989575,0.6722153787765969,0.3436923970910655,-0.001074912024375499,0.0411220957815272,2.653331666680479,2.000840263341375,1.846673212237023,0.15416705110435222,1.344430757405759,0.8066584544434557,0.5377723029623033,0.0743370129425889,0.05129716009802243,0.06507752818518367,1.2110442209756516,0.13031902961192085,0.0072101866505613595
2311,0.6911321717106217,0.3357286924621616,0.003782639076277003,0.04227931237426924,2.9457294725396213,2.235717013511629,2.1163708671180674,0.11934614639356163,1.382264342369256,0.8293586054215537,0.5529057369477023,0.06448295278779916,0.04294925889015912,0.05625591875218193,1.2746593726140159,0.1409771900585407,0.007240963556513987,0.6722153788488003,0.3436923971039058,-0.0010749119718352351,0.04112209573589623,2.653331667222892,2.0008402637625915,1.8466732126909757,0.1541670510716157,1.3444307575531935,0.8066584545319164,0.5377723030212771,0.0743370129627139,0.051297160115071384,0.06507752820325391,1.2110442208520404,0.13031902962214958,0.007210186651116146
2312,0.6911321722167699,0.33572869244496384,0.0037826392053816535,0.042279312333142846,2.945729478122828,2.2357170179514876,2.1163708720700822,0.11934614588140549,1.382264343421243,0.8293586060527459,0.552905737368497,0.06448295270517784,0.04294925882016617,0.05625591867805406,1.2746593731799853,0.14097719011771473,0.007240963559071285,0.6722153789201489,0.3436923971187207,-0.0010749119186377887,0.04112209569062032,2.6533316677350194,2.0008402641601317,1.8466732131164587,0.1541670510436729,1.3444307576976007,0.8066584546185607,0.53777230307904,0.0743370129835452,0.051297160132718705,0.06507752822196591,1.2110442207242107,0.1303190296325688,0.007210186651683765
2313,0.6911321727050016,0.33572869243266823,0.0037826393330087638,0.042279312291656004,2.9457294834523524,2.2357170221892977,2.1163708767922285,0.11934614539706906,1.3822643444335398,0.8293586066601241,0.5529057377734158,0.0644829526288486,0.04294925875550358,0.056255918609592115,1.2746593737026015,0.14097719017551982,0.007240963561582873,0.6722153789913683,0.3436923971356658,-0.0010749118644920105,0.041122095645795095,2.653331668222368,2.0008402645383945,1.8466732135181891,0.15416705102020545,1.3444307578402979,0.8066584547041791,0.5377723031361188,0.07433701300488306,0.051297160150795135,0.06507752824114306,1.2110442205933674,0.13031902964329406,0.007210186652270039
2314,0.6911321731772165,0.335728692425435,0.003782639459511572,0.042279312250005065,2.9457294885467666,2.235717026239849,2.1163708813007647,0.11934614493908442,1.3822643454100032,0.8293586072460021,0.5529057381640011,0.06448295255828125,0.04294925869572221,0.05625591854632071,1.2746593741855254,0.14097719023222663,0.007240963564060688,0.6722153790631715,0.3436923971548939,-0.0010749118092760399,0.04112209560151528,2.653331668690497,2.0008402649017496,1.8466732139008544,0.15416705100089528,1.3444307579827368,0.8066584547896424,0.5377723031930944,0.07433701302652836,0.05129716016913202,0.06507752826060727,1.2110442204607126,0.13031902965444062,0.00721018665288068
2315,0.6911321736353756,0.3357286924234666,0.003782639585434601,0.04227931220840359,2.945729493424636,2.235717030117999,2.116370885611976,0.11934614450602271,1.3822643463544328,0.8293586078126598,0.552905738541773,0.06448295249293237,0.0429492586403617,0.05625591848775455,1.2746593746325101,0.1409771902881195,0.00724096356651745,0.672215379136338,0.34369239717658595,-0.0010749117526858351,0.04112209555788908,2.6533316691451945,2.0008402652548156,1.8466732142693885,0.1541670509854273,1.344430758126343,0.8066584548758061,0.5377723032505369,0.07433701304826132,0.05129716018754318,0.06507752828016394,1.2110442203275733,0.13031902966613526,0.007210186653522065
2316,0.6911321740814074,0.3357286924269708,0.0037826397111187238,0.042279312167065375,2.945729498104297,2.2357170338383368,2.1163708897418463,0.11934614409649034,1.382264347270751,0.8293586083624507,0.5529057389083003,0.06448295243226655,0.042949258588968434,0.056255918433413474,1.2746593750472526,0.14097719034348188,0.007240963568965758,0.672215379211627,0.34369239720091627,-0.0010749116946023665,0.04112209551502288,2.6533316695922817,2.000840265602161,1.8466732146286757,0.15416705097348493,1.344430758272676,0.8066584549636059,0.5377723033090701,0.07433701306986389,0.051297160205843864,0.06507752829961798,1.2110442201952663,0.13031902967850267,0.007210186654200387
2317,0.6911321745173283,0.3357286924362037,0.0037826398371671593,0.04227931212622447,2.9457295026042574,2.2357170374156885,2.116370893706568,0.11934614370912056,1.382264348162815,0.8293586088976891,0.5529057392651259,0.06448295237572686,0.04294925854107064,0.05625591838280047,1.274659375433599,0.14097719039861537,0.007240963571419182,0.6722153792898756,0.34369239722808986,-0.0010749116346799176,0.04112209547303769,2.653331670037866,2.000840265948664,1.8466732149839133,0.1541670509647507,1.344430758423254,0.8066584550539527,0.5377723033693013,0.07433701309109211,0.05129716022382744,0.06507752831875335,1.2110442200652636,0.13031902969168083,0.007210186654922587
2318,0.6911321749451931,0.33572869245145326,0.00378263996408177,0.04227931208612831,2.9457295069431493,2.2357170408649307,2.116370897522355,0.11934614334257587,1.3822643490346567,0.8293586094207941,0.5529057396138626,0.06448295232274937,0.042949258496190565,0.05625591833541141,1.2746593757954436,0.14097719045383317,0.0072409635738918425,0.6722153793719462,0.34369239725832357,-0.0010749115726797556,0.04112209543206187,2.65333167048829,2.000840266299343,1.8466732153404388,0.1541670509589045,1.3444307585797513,0.8066584551478511,0.5377723034319002,0.074337013111692,0.051297160241278686,0.06507752833734404,1.211044219939099,0.13031902970581352,0.007210186655695876
2319,0.6911321753671512,0.33572869247305315,0.003782640092491442,0.04227931204704155,2.945729511140007,2.2357170442013032,2.1163709012057748,0.11934614299552847,1.3822643498903862,0.8293586099342318,0.5529057399561543,0.06448295227275194,0.04294925845383507,0.05625591829072629,1.2746593761368068,0.14097719050946844,0.007240963576398843,0.6722153794587648,0.34369239729185724,-0.0010749115082654206,0.041122095392233715,2.653331670950229,2.000840266659512,1.8466732157038932,0.15416705095561878,1.3444307587438922,0.8066584552463356,0.5377723034975566,0.07433701313139099,0.05129716025796677,0.06507752835514778,1.211044219818418,0.1303190297210558,0.007210186656528048
2320,0.6911321757854865,0.3357286925014094,0.0037826402231151274,0.042279312009262604,2.9457295152143663,2.2357170474404677,2.1163709047737846,0.11934614266668293,1.3822643507343022,0.8293586104405815,0.5529057402937207,0.06448295222512573,0.04294925841348836,0.05625591824820314,1.2746593764618925,0.14097719056588287,0.007240963578956769,0.6722153795513548,0.3436923973289739,-0.0010749114410182128,0.04112209535371396,2.6533316714308266,2.000840267034878,1.8466732160803085,0.15416705095456926,1.3444307589175295,0.806658455350518,0.5377723035670114,0.07433701314988925,0.051297160273637635,0.0650775283718997,1.2110442197050302,0.13031902973758125,0.007210186657427898
2321,0.6911321762024663,0.33572869253693244,0.003782640356354325,0.04227931197308805,2.9457295191858446,2.2357170505980166,2.1163709082432605,0.1193461423547563,1.382264351570973,0.829358610942584,0.5529057406283889,0.06448295217926817,0.04294925837463998,0.05625591820730137,1.2746593767748617,0.14097719062344186,0.007240963581582164,0.6722153796507022,0.34369239736993784,-0.0010749113708019079,0.041122095316656185,2.6533316719373037,2.0008402674310948,1.8466732164756776,0.15416705095541727,1.3444307591027094,0.8066584554616261,0.5377723036410833,0.0743370131668915,0.051297160288041155,0.0650775283873349,1.2110442196007183,0.13031902975555854,0.007210186658403797
2322,0.6911321766207288,0.3357286925801858,0.003782640493465328,0.042279311938883186,2.9457295230755323,2.2357170536910393,2.1163709116325724,0.11934614205846708,1.3822643524049325,0.8293586114429597,0.5529057409619728,0.06448295213449667,0.04294925833671165,0.056255918167417054,1.274659377080429,0.14097719068257805,0.0072409635842951734,0.6722153797580543,0.34369239741511765,-0.0010749112968075486,0.04112209528126158,2.6533316724778735,2.0008402678548536,1.8466732168970303,0.15416705095782318,1.3444307593014044,0.8066584555808431,0.5377723037205613,0.07433701318203263,0.051297160300868005,0.06507752840113354,1.2110442195076874,0.13031902977520013,0.007210186659466692
2323,0.6911321770430298,0.3357286926317955,0.0037826406351724254,0.04227931190703956,2.945729526905513,2.2357170567371787,2.1163709149606382,0.11934614177654068,1.3822643532414576,0.8293586119448748,0.5529057412965828,0.06448295209011763,0.04294925829911578,0.05625591812793133,1.2746593773833839,0.14097719074375517,0.007240963587117236,0.6722153798746944,0.3436923974648999,-0.00107491121870118,0.04112209524774185,2.653331673061342,2.0008402683131132,1.8466732173516762,0.15416705096143715,1.3444307595161087,0.8066584557096657,0.537772303806443,0.07433701319494221,0.05129716031180441,0.06507752841296596,1.2110442194281723,0.13031902979672988,0.007210186660627865
2324,0.6911321774724553,0.3357286926925258,0.0037826407826732633,0.04227931187800671,2.9457295306994262,2.2357170597554874,2.11637091824779,0.11934614150769743,1.3822643540860595,0.829358612451636,0.5529057416344235,0.0644829520453796,0.0429492582612158,0.05625591808817723,1.2746593776889146,0.14097719080750015,0.007240963590073012,0.6722153800021136,0.34369239751975267,-0.0010749111357590754,0.041122095216344974,2.653331673697445,2.0008402688137124,1.8466732178478114,0.1541670509659011,1.3444307597493887,0.8066584558496337,0.537772303899755,0.07433701320520175,0.05129716032049581,0.06507752842246309,1.2110442193647004,0.13031902982040788,0.007210186661900639
2325,0.6911321779124274,0.335728692763285,0.0037826409372012718,0.04227931185229497,2.9457295344828074,2.2357170627665104,2.116370921515861,0.11934614125064935,1.3822643549449105,0.8293586129669466,0.5529057419779639,0.0644829519994794,0.042949258222331296,0.056255918047441844,1.2746593780025686,0.1409771908744093,0.007240963593190484,0.6722153801419856,0.3436923975802197,-0.0010749110472908704,0.04112209518735352,2.653331674397007,2.000840269365318,1.84667321839447,0.1541670509708476,1.344430760004227,0.8066584560025366,0.5377723040016903,0.074337013212355,0.0512971603265557,0.06507752842922179,1.2110442193200253,0.13031902984652946,0.007210186663300113
2326,0.691132178366828,0.3357286928451732,0.003782641100280995,0.0422793118304942,2.9457295382836586,2.235717065792837,2.1163709247887454,0.11934614100409165,1.3822643558248549,0.8293586134949131,0.5529057423299417,0.06448295195154354,0.04294925818172226,0.05625591800495128,1.2746593783303775,0.14097719094516975,0.007240963596502123,0.6722153802962484,0.3436923976469533,-0.0010749109524089695,0.041122095161097535,2.653331675172229,2.000840269977746,1.846673219001846,0.15416705097590033,1.344430760283971,0.8066584561703829,0.537772304113588,0.07433701321589317,0.05129716032955309,0.06507752843279382,1.2110442192972193,0.13031902987543895,0.007210186664843987
2327,0.6911321788401006,0.33572869293952395,0.0037826412736846476,0.04227931181329001,2.9457295421330794,2.2357170688595804,2.1163709280928855,0.11934614076669475,1.3822643567336563,0.829358614040194,0.5529057426934624,0.06448295190061822,0.04294925813858069,0.056255917959861686,1.2746593786789284,0.14097719102058084,0.007240963600045879,0.6722153804671563,0.34369239772073723,-0.0010749108500880886,0.04112209513796377,2.653331676037022,2.0008402706621973,1.8466732196815236,0.15416705098067354,1.3444307605924968,0.8066584563554984,0.5377723042369984,0.07433701321524971,0.05129716032900797,0.0650775284326805,1.2110442192997024,0.13031902990753977,0.007210186666553076
2328,0.6911321793374127,0.3357286930479721,0.0037826414595679286,0.04227931180148879,2.9457295460660986,2.2357170719950785,2.1163709314579777,0.11934614053710076,1.382264357680201,0.8293586146081208,0.5529057430720802,0.06448295184565299,0.04294925809201672,0.056255917911245575,1.2746593790554748,0.14097719110158563,0.007240963603866744,0.6722153806573752,0.3436923978025283,-0.0010749107390700396,0.041122095118411486,2.653331677007444,2.0008402714316316,1.8466732204468563,0.1541670509847753,1.3444307609343125,0.8066584565605878,0.5377723043737247,0.07433701320978822,0.05129716032438125,0.0650775284283228,1.2110442193313158,0.13031902994331276,0.007210186668452264
2329,0.6911321798648297,0.3357286931725237,0.003782641660497854,0.04227931179604513,2.9457295501226883,2.2357170752317037,2.1163709349177933,0.11934614031391032,1.382264358674825,0.8293586152048952,0.5529057434699299,0.06448295178547997,0.04294925804104094,0.05625591785807334,1.2746593794680818,0.14097719118930552,0.0072409636080184615,0.6722153808700838,0.3436923978934995,-0.0010749106178486248,0.0411220951029897,2.6533316781022522,2.0008402723012075,1.8466732213134016,0.15416705098780603,1.3444307613147506,0.8066584567888506,0.5377723045259,0.07433701319878896,0.05129716031506319,0.06507752841908965,1.2110442193964057,0.13031902998333525,0.007210186670571526
2330,0.6911321804295678,0.3357286933156607,0.003782641879630337,0.04227931179809901,2.945729554349093,2.235717078606971,2.1163709385112974,0.11934614009567368,1.382264359729659,0.8293586158377956,0.5529057438918635,0.06448295171879226,0.04294925798454623,0.05625591779919524,1.2746593799257746,0.14097719128508968,0.00724096361256595,0.6722153811091198,0.34369239799510487,-0.0010749104845694246,0.041122095092360686,2.653331679343605,2.000840273288869,1.8466732222995041,0.15416705098936503,1.3444307617401676,0.8066584570441009,0.5377723046960667,0.07433701318143374,0.05129716030036066,0.06507752840426508,1.2110442194999105,0.1303190300283083,0.007210186672947387
2331,0.6911321810403214,0.33572869348047824,0.0037826421208754513,0.042279311809026915,2.9457295587995778,2.2357170821649777,2.116370942284096,0.11934613988088172,1.3822643608591358,0.8293586165154817,0.5529057443436541,0.06448295164411025,0.042949257921279085,0.056255917733312746,1.274659380438771,0.14097719139058007,0.007240963617588527,0.6722153813791796,0.3436923981091669,-0.001074910336910255,0.04112209508733351,2.653331680758043,2.0008402744161544,1.846673223427099,0.15416705098905534,1.3444307622182394,0.8066584573309439,0.5377723048872955,0.07433701315678187,0.051297160279476756,0.06507752838302819,1.2110442196475093,0.130319030079095,0.007210186675624937
2332,0.6911321817076536,0.3357286936708557,0.003782642389033322,0.042279311830498816,2.9457295635384577,2.2357170859580426,2.116370946290072,0.11934613966797065,1.3822643620806427,0.8293586172483859,0.5529057448322569,0.06448295155976201,0.04294925784982318,0.05625591765896176,1.2746593810186169,0.14097719150779067,0.007240963623183792,0.6722153816860484,0.3436923982379839,-0.0010749101720228874,0.04112209508890068,2.6533316823776065,2.000840275709093,1.8466732247225908,0.15416705098650235,1.3444307627583592,0.8066584576550158,0.5377723051033434,0.07433701312375701,0.05129716025149962,0.06507752835444178,1.2110442198457,0.13031903013676488,0.007210186678660215
2333,0.6911321824445478,0.33572869389168714,0.00378264269014697,0.04227931186456087,2.9457295686429936,2.2357170900491163,2.1163709505938093,0.11934613945530691,1.382264363415307,0.8293586180491843,0.5529057453661226,0.06448295146383079,0.042949257768554724,0.056255917574468545,1.274659381678548,0.1409771916392159,0.007240963629473029,0.6722153820369443,0.3436923983844818,-0.0010749099862784398,0.04112209509829409,2.6533316842414743,2.000840277199583,1.846673226218216,0.15416705098136702,1.3444307633720967,0.8066584580232583,0.5377723053488384,0.07433701308110874,0.051297160215369994,0.06507752831742061,1.2110442201020322,0.13031903020265892,0.007210186682123664
2334,0.6911321832671188,0.3357286941491949,0.003782643031839998,0.04227931191374,2.9457295742069634,2.235717094514711,2.116370955273506,0.11934613924120514,1.3822643648890955,0.8293586189334575,0.552905745955638,0.06448295135411689,0.0429492576756102,0.05625591747791812,1.2746593824337569,0.1409771917879749,0.007240963636608314,0.6722153824409565,0.34369239855241884,-0.0010749097750766892,0.04112209511705523,2.6533316863980163,2.000840278927066,1.8466732279536826,0.15416705097338365,1.3444307640738888,0.8066584584443336,0.5377723056295552,0.07433701302738485,0.051297160169857615,0.06507752827070859,1.2110442204252716,0.13031903027847408,0.007210186686104663
2335,0.691132184195565,0.33572869445135145,0.0037826434238256296,0.042279311981183385,2.9457295803454158,2.235717099448827,2.1163709604248733,0.11934613902395408,1.3822643665342373,0.8293586199205426,0.5529057466136947,0.06448295122808653,0.042949257568843165,0.056255917367112815,1.27465938330174,0.140977191958003,0.007240963644782064,0.6722153829096499,0.3436923987466679,-0.001074909532500605,0.0411220951471314,2.6533316889075556,2.000840280940822,1.8466732299784074,0.15416705096241456,1.344430764881913,0.8066584589291481,0.5377723059527648,0.07433701296089304,0.05129716011352885,0.06507752821284796,1.2110442208256358,0.13031903036638,0.007210186690717774
2336,0.6911321852554246,0.3357286948084366,0.003782643878542366,0.04227931207084046,2.945729587200917,2.235717104968094,2.1163709661662384,0.11934613880185536,1.38226436839113,0.8293586210346782,0.5529057473564518,0.06448295108280841,0.0429492574457703,0.05625591723952016,1.2746593843027398,0.14097719215430599,0.007240963654239667,0.6722153834578717,0.34369239897359494,-0.001074909250902388,0.04112209519100354,2.6533316918460716,2.000840283303017,1.8466732323544914,0.1541670509485256,1.3444307658192998,0.8066584594915802,0.5377723063277196,0.07433701287965278,0.05129716004470587,0.06507752814214063,1.2110442213150803,0.13031903046917478,0.0072101866961110615
2337,0.6911321864794099,0.335728695233892,0.003782644412314351,0.04227931218772793,2.9457295949518967,2.2357171112187695,2.116370972645387,0.11934613857338217,1.3822643705108493,0.8293586223065097,0.5529057482043396,0.06448295091491954,0.042949257303542654,0.056255917092252555,1.2746593854599821,0.14097719238333495,0.007240963665298278,0.6722153841049411,0.34369239924164097,-0.0010749089201522871,0.041122095251873256,2.653331695310223,2.0008402860929304,1.8466732351607762,0.15416705093215435,1.3444307669157436,0.8066584601494465,0.5377723067662971,0.07433701278136391,0.051297159961440124,0.06507752805662809,1.2110442219074922,0.13031903059051603,0.007210186702478638
2338,0.6911321879096711,0.335728695745335,0.003782645046244093,0.04227931233825294,2.9457296038240215,2.2357171183859914,2.1163709800487296,0.11934613833726178,1.3822643729588198,0.829358623775292,0.5529057491835278,0.06448295072052963,0.04294925713886456,0.05625591692198826,1.274659386800332,0.14097719265344716,0.007240963678369683,0.6722153848761672,0.34369239956204145,-0.0010749085269759623,0.04112209533390008,2.653331699424314,2.0008402894126496,1.8466732384983846,0.1541670509142652,1.3444307682098822,0.8066584609259296,0.5377723072839525,0.07433701266333351,0.05129715986145025,0.06507752795403268,1.211044222619128,0.13031903073521653,0.007210186710076425
2339,0.6911321896012094,0.3357286963661495,0.00378264580851681,0.04227931253069868,2.9457296141055673,2.2357171267067395,2.1163709886139617,0.11934613809277797,1.3822643758193423,0.8293586254916056,0.5529057503277367,0.06448295049516861,0.0429492569479492,0.05625591672494406,1.274659388354659,0.1409771929756029,0.0072409636939953295,0.6722153858051444,0.3436923999499518,-0.0010749080534301209,0.04112209544255818,2.6533317043498954,2.000840293395176,1.8466732424984944,0.15416705089668156,1.3444307697523343,0.806658461851401,0.5377723079009333,0.07433701252242492,0.051297159742079046,0.06507752783172834,1.211044223468925,0.13031903090968966,0.00721018671924631
2340,0.6911321916263933,0.3357286971275776,0.0037826467365818656,0.04227931277586783,2.945729626168729,2.2357171364873896,2.1163709986472776,0.11934613784011189,1.3822643792024187,0.8293586275214515,0.5529057516809672,0.06448295023371697,0.04294925672645955,0.056255916496831586,1.2746593901583185,0.14097719336429246,0.007240963712892593,0.6722153869368599,0.34369240042596083,-0.0010749074753422377,0.0411220955851202,2.653331710299291,2.0008402982156173,1.846673247333117,0.15416705088250005,1.344430771610289,0.8066584629661738,0.5377723086441152,0.07433701235498837,0.05129715960023461,0.06507752768669549,1.211044224478917,0.13031903112255688,0.007210186730448813
2341,0.6911321940813996,0.3357286980717299,0.0037826478809276573,0.042279313088000675,2.9457296404990148,2.2357171481282547,2.1163710105473426,0.11934613758091227,1.3822643832527866,0.8293586299516722,0.5529057533011144,0.06448294993036177,0.042949256469471134,0.056255916232851026,1.2746593922514542,0.14097719383885626,0.007240963736021005,0.6722153883321754,0.34369240101828885,-0.0010749067596668507,0.041122095771355144,2.6533317175545865,2.0008403041070864,1.8466732532303543,0.15416705087673188,1.3444307738737198,0.8066584643242323,0.5377723095494875,0.07433701215679554,0.05129715943233486,0.06507752751549159,1.2110442256746312,0.13031903138552162,0.007210186744310307
2342,0.6911321970951941,0.3357286992558034,0.003782649309957767,0.04227931348606745,2.9457296577362597,2.2357171621577057,2.11637102483858,0.11934613731912538,1.3822643881627994,0.8293586328976799,0.5529057552651195,0.06448294957860468,0.04294925617147889,0.05625591592774334,1.2746593946789426,0.14097719442533285,0.00724096376467486,0.6722153900741394,0.34369240176588683,-0.0010749058610515158,0.041122096014519424,2.6533317264945384,2.000840311383133,1.8466732604959275,0.1541670508872054,1.3444307766643508,0.806658465998611,0.5377723106657398,0.07433701192298464,0.05129715923426114,0.06507752731424139,1.211044227085419,0.1303190317146025,0.007210186761689545
2343,0.6911322008423213,0.33572870075813016,0.0037826511171410865,0.04227931399563781,2.945729678732244,2.2357171792802846,2.1163710422180104,0.11934613706227395,1.3822643941903883,0.8293586365142331,0.5529057576761551,0.06448294917140765,0.04294925582652051,0.056255915575990134,1.2746593974893896,0.14097719515909476,0.007240963800615471,0.6722153922769993,0.34369240272286683,-0.0010749047168503098,0.0411220963327916,2.653331737632828,2.000840320469725,1.84667326954386,0.1541670509258654,1.3444307801482789,0.8066584680889679,0.537772312059311,0.07433701164804886,0.05129715900134833,0.0650775270786865,1.2110442287445258,0.13031903213189466,0.007210186783772699
2344,0.6911322055616891,0.3357287026871995,0.0037826534317828286,0.0422793146517203,2.9457297046330213,2.2357172004458894,2.1163710636222355,0.11934613682365383,1.3822644016846426,0.8293586410107857,0.5529057606738569,0.0644829487017938,0.04294925542868552,0.05625591517246942,1.274659400730977,0.14097719608873838,0.007240963846266922,0.672215395099246,0.3436924039649422,-0.0010749032399857486,0.041122096751411666,2.653331751673001,2.000840331951311,1.846673280940601,0.15416705101071018,1.3444307845539987,0.8066584707323997,0.537772313821599,0.07433701132601647,0.0512971587285375,0.06507752680444105,1.211044230688006,0.13031903266812156,0.007210186812211207
2345,0.6911322115844246,0.33572870519514053,0.003782656433468208,0.04227931550340602,2.9457297369998887,2.2357172269516443,2.1163710903258615,0.119346136625783,1.3822644111233784,0.8293586466740273,0.5529057644493511,0.0644829481647961,0.04294925497376606,0.05625591471441993,1.2746594044380077,0.1409771972818734,0.007240963905007397,0.6722153987623992,0.34369240559865705,-0.0010749013099744659,0.04112209730604648,2.653331769588618,2.000840346637963,1.8466732954695222,0.15416705116844068,1.3444307901984922,0.8066584741190957,0.5377723160793965,0.07433701095129297,0.05129715841108917,0.06507752648790957,1.2110442329496358,0.13031903336631076,0.007210186849319818
