Year,GDP ($Y_t$): Baseline,Labor ($L_t$): Baseline,Government Expenditures ($G_t$): Baseline,Lump sum transfers ($TR_t$): Baseline,Wealth ($B_t$): Baseline,Capital Stock ($K_t$): Baseline,Domestically-owned Capital Stock ($K^d_t$): Baseline,Foreign-owned Capital Stock ($K^f_t$): Baseline,Government Debt ($D_t$): Baseline,Domestically-owned Gov Debt ($D^d_t$): Baseline,Foreign-owned Gov Debt ($D^f_t$): Baseline,Real interest rate ($r_t$): Baseline,"Real interest rate on gov debt ($r_{gov,t}$): Baseline","Real interest rate on HH portfolio ($r_{p,t}$): Baseline",Wage rate: Baseline,Total tax revenue ($REV_t$): Baseline,Business tax revenue: Baseline,GDP ($Y_t$): Reform,Labor ($L_t$): Reform,Government Expenditures ($G_t$): Reform,Lump sum transfers ($TR_t$): Reform,Wealth ($B_t$): Reform,Capital Stock ($K_t$): Reform,Domestically-owned Capital Stock ($K^d_t$): Reform,Foreign-owned Capital Stock ($K^f_t$): Reform,Government Debt ($D_t$): Reform,Domestically-owned Gov Debt ($D^d_t$): Reform,Foreign-owned Gov Debt ($D^f_t$): Reform,Real interest rate ($r_t$): Reform,"Real interest rate on gov debt ($r_{gov,t}$): Reform","Real interest rate on HH portfolio ($r_{p,t}$): Reform",Wage rate: Reform,Total tax revenue ($REV_t$): Reform,Business tax revenue: Reform
2026,0.7057890591766828,0.3424213028342163,0.007926799613265657,0.04317590732213759,2.5613718408335457,2.287763308628116,2.166868959875975,0.12089434875214088,0.6575048015959509,0.3945028809575705,0.2630019206383804,0.06425309011280828,0.042754529928486766,0.059453716430398415,1.2762494035896932,0.14068119496219206,0.00739005712427815,0.7126607296915352,0.34736658157897016,0.0080039761498971,0.04359627149362869,2.5613718408335457,2.2926386868257373,2.166868959875975,0.1257697269497621,0.6575048015959509,0.3945028809575705,0.2630019206383804,0.06511283559721674,0.04348286629491942,0.06029210434631882,1.2703289357890193,0.13258764919858113,0.007478778407421444
2027,0.7053813013476844,0.3437791934924451,0.007922220037315611,0.04315096739673918,2.5183809720249615,2.2696417593599914,2.145246463867447,0.1243952954925443,0.6218908469291913,0.3731345081575147,0.24875633877167658,0.06509165283625472,0.04346492124556484,0.060440312179675715,1.2704739395413402,0.1405905618196332,0.007401980997645927,0.7122316588734608,0.34837055230751585,0.00799915720526973,0.04357002673641939,2.5280704292784457,2.278299463350413,2.149836734015835,0.12846272933457797,0.6303894921043516,0.3782336952626109,0.25215579684174066,0.06576211025214462,0.044032901568803254,0.061052804490135934,1.2659053503732625,0.13249601669241032,0.007486766744803133
2028,0.7050535208323381,0.34473944076632274,0.007918538695945268,0.04313090515339868,2.4820702141932194,2.2566155969658763,2.1297210896888665,0.12689450727701,0.5872485408405882,0.35234912450435285,0.23489941633623534,0.06569711069934756,0.043977836972405246,0.061212138037516045,1.2663463985729406,0.14047359502230947,0.007410080724834926,0.7119563098955636,0.3490387765249858,0.007996064728639311,0.043553176121120175,2.5012118769116047,2.2689067153978026,2.1386683707363288,0.1302383446614741,0.6042391769587935,0.36254350617527603,0.24169567078351745,0.0661927848388439,0.044397749037362225,0.061609147810666745,1.2629933529775843,0.13239701539748683,0.00749207703102754
2029,0.7049948830436212,0.34540905500663255,0.007917880128070235,0.04312731491167336,2.4525493547185087,2.2490155792454773,2.1205431262505514,0.12847245299492613,0.553343714113262,0.33200622846795713,0.2213374856453049,0.06607525026439871,0.04429817921532296,0.061775213612660064,1.2637863317728257,0.14035761787361173,0.007416609192316178,0.711769067679376,0.34943380752757547,0.00799396178937217,0.04354171961376061,2.479161562394877,2.2631739127309927,2.131865870754666,0.1313080419763266,0.5788261527336844,0.3472956916402106,0.2315304610934738,0.06645428709974562,0.04461928158388108,0.06200716672357857,1.261233768736835,0.13228201760972444,0.007495057307669371
2030,0.7051001417832364,0.34587005665162235,0.007919062301306878,0.04313375267354157,2.4275868329877492,2.245023502478184,2.115602501534705,0.12942100094347908,0.5199738857550742,0.3119843314530444,0.20798955430202978,0.06629715590993393,0.044486167351918085,0.06219545696914322,1.2622903078481937,0.14024530051745737,0.007421888144058216,0.7116898484839511,0.34965145725106384,0.007993072069307097,0.043536872656051606,2.460734217467119,2.2602230279204956,2.128348695090506,0.13187433282998945,0.5539758706276884,0.332385522376613,0.22159034825107538,0.06659219583536027,0.04473611144715858,0.062289803591766,1.2603084035975867,0.13216679999119896,0.007496824670082203
2031,0.7054805872967423,0.34621299831490804,0.007923335129441739,0.043157025480824916,2.4070517452555595,2.244585966554471,2.1147406902305814,0.12984527632388948,0.48718509170829666,0.2923110550249779,0.19487403668331876,0.06638187704590964,0.044557939155848006,0.062489772345362335,1.2617203685914555,0.14016392054316953,0.007427482048805049,0.7118370366633993,0.3497780639135412,0.007994725156994923,0.04354587651740022,2.445952226164441,2.2601199304913617,2.128095456722487,0.13202447376887494,0.5297612824032569,0.31785676944195407,0.21190451296130283,0.06662138269027129,0.044760837192439035,0.06247034063431324,1.2601127894314148,0.13207670011094777,0.007498925067434881
2032,0.7062757146714292,0.3465296253775763,0.007932265298143303,0.0432056665538722,2.3910972285085856,2.2478916243247187,2.11806680819629,0.12982481612842856,0.45505070052049257,0.2730304203122954,0.18202028020819713,0.06634203806219002,0.044524189422734034,0.06266890457682021,1.2619882929235615,0.1401428888445021,0.007435105505925755,0.7123540296918515,0.34990152358279414,0.008000531566267937,0.04357750342643875,2.435081298055621,2.2631339513275748,2.1313091303282876,0.13182482099928733,0.5062869462122227,0.3037721677273335,0.20251477848488916,0.0665512360061068,0.0447014121858665,0.06255678240694386,1.2605830593402723,0.13203886892612032,0.007503048386571551
2033,0.7074993618295675,0.3468667841006463,0.007946008222737824,0.04328052221511329,2.379166767748113,2.254565165190637,2.1251125279911878,0.12945263719944924,0.4234237329282093,0.2540542397569255,0.1693694931712838,0.06619981868964743,0.04440370778844518,0.06275356477937473,1.2629459602342545,0.14019002778374662,0.0074453084046013475,0.7132628069937051,0.3500655742697435,0.00801073815061664,0.04363309669245544,2.427696314192144,2.268993414911057,2.1376399433514917,0.13135347155956537,0.4834272847344206,0.2900563708406523,0.19337091389376831,0.0663998180510596,0.04457313794053259,0.0625662273537072,1.2615997516161594,0.13206103028328228,0.00750975530693249
2034,0.7091047351603179,0.3472441939763546,0.00796403835869967,0.043378729808948184,2.3704220902955813,2.2640170921453198,2.135201252095297,0.12881584005002275,0.3920347303338072,0.23522083820028425,0.15681389213352295,0.06597911034683268,0.044216733950998774,0.0627669574842197,1.264435936476687,0.14030194276708646,0.007458022799985258,0.7145095687132795,0.35028473200069943,0.008024740677558734,0.043709366802805,2.4229645524302517,2.277104723196113,2.1464124414689714,0.13069228172714134,0.4609201849354671,0.2765521109612802,0.1843680739741869,0.06618967801917795,0.044395117084316024,0.06252075841557908,1.2630143058138392,0.1321374786442059,0.0075188865861615245
2035,0.7109857078525925,0.3476345621903698,0.007985163783379785,0.043493796962372225,2.3640968425687374,2.2756602845965896,2.147710521001468,0.1279497635951213,0.3606438692787821,0.2163863215672692,0.14425754771151292,0.06569417087132652,0.043975346486909705,0.06272304341198534,1.2663663723190104,0.1404576088122669,0.007472371819206148,0.7159907433944419,0.3505298938665019,0.008041375923936049,0.04379997699097152,2.4201638553018623,2.2869181767660156,2.157047727045737,0.12987044972027892,0.43852688042687593,0.2631161282561255,0.17541075217075044,0.06593306333547735,0.044177725065760245,0.062432593160233876,1.2647473641347968,0.13225027528258704,0.00752956402148794
2036,0.713096367801569,0.34803185046169616,0.008008868852549884,0.043622915168221414,2.3598043604888654,2.289187782875517,2.1623058827787527,0.1268819000967641,0.3291641295168548,0.1974984777101128,0.131665651806742,0.06535477100569523,0.043687822714602,0.06263091472386104,1.2686759005196655,0.14065050204244156,0.007488027163717145,0.7176564139572726,0.35079023561498623,0.008060083265175762,0.04390187360423891,2.4189260458858226,2.2981394524535514,2.169230631288748,0.12890882116480318,0.41615902432845714,0.24969541459707423,0.1664636097313829,0.06563784869876127,0.0439276329632452,0.062309202680169616,1.2667488527535964,0.13239118060747918,0.007541392686230394
2037,0.7154255387852397,0.3484499086296793,0.008035028044751202,0.04376540056951754,2.3572743056992116,2.3043721665010533,2.178719476809789,0.1256526896912644,0.29759138148237096,0.17855482888942248,0.11903655259294847,0.06497217210192487,0.043363702727435165,0.06250076032327369,1.271292692672786,0.14088049596308544,0.00750505610297786,0.719492569535908,0.35107548802343863,0.00808070534360186,0.04401419929160577,2.418999425494537,2.310556168009875,2.182714514771896,0.12784165323797891,0.39380818453773464,0.23628491072264074,0.1575232738150939,0.0653134194723026,0.04365279161979104,0.062159196898607716,1.2689580295223353,0.13255943751995522,0.007554386817345938
2038,0.7180109299892993,0.3489197322662606,0.008064064876266253,0.04392356006977448,2.3564940739099614,2.3212131127745708,2.1969169918121025,0.12429612096246839,0.26596180349643117,0.15957708209785862,0.10638472139857255,0.0645540225224457,0.04300946586214619,0.06233923032271446,1.2741689035346648,0.14115750742185215,0.00752397160602363,0.7215347800095161,0.3514118651789366,0.008103641648694612,0.04413912988601851,2.420408526238011,2.324195802095567,2.19750119427795,0.12669460781761663,0.37151221993343536,0.22290733196006118,0.14860488797337418,0.06496501668887349,0.0433576409944727,0.06198715842239444,1.271341752855722,0.13276324391031274,0.007569003502096144
2039,0.7210464878366146,0.34954412149402914,0.008098157582092855,0.04410925814286729,2.3579433180952276,2.340258378334135,2.2173944384246806,0.12286393990945442,0.23424813278424475,0.1405488796705468,0.09369925311369796,0.06410593004466517,0.042629862766798705,0.062151866050899535,1.277270115895028,0.14151973101523085,0.00754688240007159,0.7239690250760334,0.35189603717916806,0.008130980940230773,0.04428804287669444,2.42364334639006,2.339599332540622,2.2140858633015963,0.12551346923902573,0.3492624718141065,0.20955748308846386,0.13970498872564266,0.06459652264931658,0.04304546999190252,0.06179719556700427,1.2738757742506024,0.13303609148717377,0.007587249693678929
2040,0.7247099548266078,0.3504126102024016,0.00813930240906618,0.044333367685207035,2.362018242857199,2.362060970236392,2.240668192993337,0.12139277724305507,0.2022500831064367,0.12135004986386196,0.08090003324257473,0.06363112945131011,0.04222763379878937,0.061943004961938164,1.2805778918115376,0.14200143349394467,0.007575671858395191,0.7269622137314178,0.35261077913450495,0.008164597792698859,0.04447114848630898,2.4290945467877267,2.357295392065853,2.232965219198861,0.12433017286699173,0.32688221264811007,0.196129327588866,0.13075288505924407,0.06420976411417682,0.04271782615860653,0.06159244135438897,1.2765497090768356,0.1334082122699335,0.007610884977847945
2041,0.7291271485264693,0.3515786177732923,0.17506353094905017,0.044603585476981775,2.369103087290469,2.387125762232122,2.2672407104529313,0.11988505177919095,0.16977062806256296,0.10186237683753772,0.06790825122502524,0.06312762967357435,0.04180109221727932,0.06171160345796199,1.2841102900193804,0.14262619272266175,0.007611563828154784,0.7306221462678736,0.3535991911854512,0.15125979277863866,0.0446950410050231,2.437116299094732,2.3777410878195715,2.2545999466584763,0.12314114116109515,0.3041939207270929,0.1825163524362557,0.1216775682908372,0.06380122328742974,0.042371729381492196,0.06137061050729541,1.2793903052355233,0.13389804373624717,0.007640934298386144
2042,0.7210992621925241,0.35087056165601815,0.15838707466448396,0.04411249019005753,2.3796450085550123,2.3263373253620885,2.200473611578052,0.1258637137840367,0.29861899496160044,0.17917139697696022,0.11944759798464022,0.06479130211041648,0.043210478087351616,0.06233623095936994,1.2725346985083055,0.14190264733071414,0.007561018361604943,0.7235460220547649,0.35296567632573056,0.1361077161246789,0.044262168876078645,2.448089772122997,2.3245119332161686,2.196150397378222,0.12836153583794618,0.4198989579079584,0.25193937474477496,0.16795958316318343,0.06526722887057965,0.04361366109147499,0.06195419338961633,1.2692733826275713,0.13334520370710504,0.007596041683243701
2043,0.7140588063944463,0.3504045385488595,0.14334836305422194,0.04368180012178505,2.388473872568792,2.2720705724238726,2.1406877038264254,0.13138286859744716,0.41297694790394507,0.247786168742367,0.16519077916157807,0.06637208606900773,0.0445496446958364,0.06301565621709608,1.2617862006822804,0.14133264272963553,0.007517610802332312,0.717391594634249,0.35255605833203507,0.12250103562608007,0.0438856807854223,2.4576512809244146,2.2772450363590315,2.1440803210075456,0.13316471535148597,0.5226182665281155,0.31357095991686923,0.20904730661124626,0.06664729121551291,0.04478278568937949,0.06256608955745052,1.259939209205596,0.13291800714874719,0.007557932553512944
2044,0.7078472331300355,0.3501121703075362,0.12987475539692483,0.043301816181182465,2.3957926106909917,2.223551605156608,2.087098002055528,0.13645360310108035,0.5144910143924396,0.3086946086354637,0.2057964057569759,0.06786450792962265,0.04581395504681526,0.06372110360008941,1.251854486332685,0.1408803360669242,0.007479931644275467,0.7120029770488007,0.35230739572975683,0.11037740717571874,0.043556040416215344,2.465896688218977,2.2351638492910917,2.0975958329376847,0.13756801635340704,0.6138347588021537,0.36830085528129214,0.24553390352086152,0.06793994395098234,0.04587786093372208,0.06318652389492506,1.251357903541306,0.1325862140907742,0.007525236134175222
2045,0.7022542413205253,0.34990566242719934,0.11771290457907402,0.042959673364480144,2.401479991477829,2.179801672532042,2.038713175730307,0.14108849680173494,0.6046113595792029,0.3627668157475217,0.2418445438316812,0.06926855309829592,0.04700339677695989,0.06443386421037128,1.2426960597328591,0.14050180936183398,0.007446065253660903,0.7071703189008232,0.3521348739784189,0.09946782550953323,0.04326041030385766,2.472618645447017,2.1972942830602236,2.055707518447998,0.1415867646122258,0.6948518783316985,0.416911126999019,0.2779407513326795,0.06914833335781306,0.04690155220720678,0.06380343454769044,1.243473345055246,0.13231100735915266,0.007496038424693552
2046,0.6971736461832393,0.34973491320268796,0.10654948012834718,0.042648875886709424,2.4058045418863268,2.140330987536707,1.9950438987550942,0.1452870887816131,0.6846010718853877,0.4107606431312325,0.27384042875415515,0.07057857205111497,0.04811318387251018,0.06513425306863899,1.2343078642250371,0.14017321522521395,0.0074150401497387435,0.7027894913027106,0.35199060702572527,0.08944482871957282,0.0429924205692091,2.478030653949826,2.1631704699338203,2.01795020138261,0.1452202685512103,0.7668007542786933,0.4600804525672159,0.3067203017114774,0.07026899364579009,0.04785092345364276,0.0644019730827268,1.2362766907703913,0.13207191969687107,0.007469372838482691
2047,0.6926264695325154,0.3496048488432656,0.09640707023340411,0.04237070965581618,2.4094305211788583,2.105139847068848,1.9560851048187602,0.14905474225008747,0.7555756939334968,0.45334541636009795,0.3022302775733988,0.07178493701498094,0.04913516013212188,0.0658026499614658,1.2267135488378296,0.13989827114742656,0.007387141838935352,0.6988857256285432,0.35188151208827567,0.08035015371178707,0.04275361450702346,2.482770548445771,2.132834797748666,1.9843634021789516,0.14847139556971461,0.830678577111366,0.4984071462668195,0.33227143084454647,0.07129376232119644,0.048719059788191826,0.06496602718620834,1.2297907430355233,0.13187409364930713,0.007445541539661276
2048,0.6885484366238585,0.34949398792584646,0.08724844720583269,0.042121242724612144,2.412529327779154,2.0738169078519615,1.9214032767111642,0.1524136311407972,0.8185434184466502,0.49112605106799,0.32741736737866023,0.07288770508586803,0.05006937392484738,0.06643007472354412,1.2198777598229258,0.13966561054592097,0.007361892997282973,0.6953971038524368,0.3517871841743013,0.07215215854904003,0.042540204318127314,2.486981701557186,2.1059088257376977,1.954548982841623,0.15135984289607463,0.8873878645259383,0.5324327187155629,0.3549551458103754,0.07222395907106866,0.04950707918830015,0.06548934856358146,1.2239801227514873,0.13170810824044346,0.007424067529203635
2049,0.6849253183985055,0.3494008922916713,0.0790387649129492,0.04189960465169111,2.415425874741734,2.046170133813418,1.8907866163856801,0.15538351742773818,0.874398763926757,0.524639258356054,0.34975950557070296,0.07388484729527339,0.05091410640298845,0.06700756215298159,1.2137821264143105,0.13946977914332057,0.007339285283802255,0.6923126057038097,0.35170716348086234,0.06482064319820646,0.042351515866261846,2.490973184976644,2.0822383286669477,1.9283360856703449,0.15390224299660302,0.937728498843832,0.5626370993062991,0.3750913995375329,0.07305844521871313,0.05021401702006084,0.0659650317730834,1.2188282970811892,0.13156993035229336,0.007404949643852606
2050,0.6817442325930412,0.349334748611272,0.07169309017617131,0.04170500730651276,2.4182934776313547,2.02193136652666,1.8639271069030854,0.15800425962357467,0.9239439512137824,0.5543663707282692,0.36957758048551315,0.07478067296104796,0.05167300822009573,0.06753318921886928,1.2083735579304293,0.13931151152057067,0.007319402041573055,0.6896225355939575,0.3516513848841654,0.05827452749828434,0.042186955957254586,2.494906470146474,2.0615908726642003,1.9054555680863476,0.15613530457785274,0.9824181701002107,0.5894509020601264,0.39296726804008436,0.07380209262599977,0.05084400049813968,0.06639263790552877,1.2142849648698768,0.13146117908437588,0.007388280114748408
2051,0.6789479968287035,0.3492903205182134,0.06510783835698641,0.04153395249401834,2.421057964744738,2.0006402010635425,1.8403189231781312,0.16032127788541112,0.9678984026110121,0.580739041566607,0.38715936104440507,0.07558510241458485,0.05235448341928633,0.06801071062793237,1.203570373641484,0.13918658728117092,0.007301909658114315,0.6872723613411786,0.35161503046135695,0.052414535485099265,0.04204318855053599,2.498695160424064,2.0435362006951374,1.8854346442986751,0.15810155639646237,1.0221008602089814,0.6132605161253888,0.4088403440835926,0.0744650487682161,0.05140562609139101,0.06677690622297877,1.2102719096282684,0.13137865230431187,0.007373732299377187
2052,0.6764795818804453,0.3492578235650288,0.05918403037048194,0.04138295158017146,2.423666752379324,1.9818962024030524,1.8195278553499334,0.16236834705311903,1.0068981617156514,0.6041388970293906,0.4027592646862608,0.07630635743529143,0.052965497109476484,0.06844303160015441,1.1993061960626905,0.13908734602632733,0.007286418798054759,0.6852078391576913,0.35158865215960516,0.047146410547155376,0.04191689538449175,2.5022782897744666,2.027703043087318,1.8678711419006753,0.1598319011866429,1.057345246456319,0.6344071478737914,0.4229380985825277,0.07505551098425235,0.051905838203862326,0.06712137445806894,1.2067268611138933,0.13131581590801855,0.0073609266180126864
2053,0.6742881085616979,0.34922645622547843,0.05385568378899447,0.04124889210890785,2.4260999539256916,1.965367865715995,1.8011973967735866,0.16417046894240844,1.0415042619201753,0.624902557152105,0.41660170476807035,0.07695099700385956,0.05351160575388846,0.06883218822560228,1.1955283819116804,0.13900604544711098,0.007272557294239561,0.6833809976295376,0.35156177494019647,0.04240917210025237,0.04180514191167228,2.505630744445429,2.0137879516556216,1.8524393706600937,0.1613485809955281,1.0886522896422253,0.6531913737853352,0.4354609158568901,0.07557984435206515,0.05235002903340174,0.06742845815245925,1.2036016007576287,0.13126597714465163,0.007349503390976257
2054,0.672378012416029,0.3491908537263068,0.04909896447963802,0.0411320454987361,2.428715789811938,1.9511051331678289,1.7853889153476399,0.16571621782018892,1.0722114574404973,0.6433268744642981,0.4288845829761991,0.07751247323933194,0.05398726229247861,0.06916931981912881,1.1922632811018745,0.13893856408321212,0.007260337308845594,0.6817998082025192,0.35152940702212054,0.03818447810790651,0.04170841585376561,2.5091162961351485,2.00187511366917,1.8392383400128023,0.16263677365636806,1.1164632602039104,0.6698779561223462,0.44658530408156416,0.07603136505592442,0.05273253636235184,0.06768965248213729,1.2009273056550616,0.13122576702596192,0.007339489842319718
2055,0.6707172641452138,0.3491452345587422,0.044840035514918865,0.0410304522404566,2.4315432633743943,1.938887478385335,1.7718637148666023,0.1670237635187327,1.0994659141796534,0.659679548507792,0.4397863656718615,0.07799536424125149,0.05439634507813943,0.06945576829834926,1.1894738267421014,0.13888507158938643,0.007249535967601026,0.680434989713855,0.3514859499996496,0.034402783685004545,0.04162492586341404,2.512763622811511,1.9917695016770716,1.828057485317097,0.16371201635997454,1.1411768958240232,0.6847061374944139,0.45647075832960926,0.07641428969389136,0.05305693229637211,0.06790636493363199,1.1986714852866436,0.13119571247982195,0.007330675880371215
2056,0.6692467131963025,0.3490796495173095,0.04098109872215405,0.04094049406702294,2.434406361945044,1.928333303927229,1.7602086965906054,0.1681246073366236,1.123662775590731,0.6741976653544384,0.44946511023629254,0.07841059373747924,0.05474810818478287,0.06969870604647777,1.18708888238222,0.13884083075339318,0.007239716938012984,0.679229738829278,0.3514215718336773,0.03097042807212526,0.041551197033850164,2.516392940045333,1.9831089924797154,1.8185052175346978,0.1646037749450176,1.1631462041843919,0.6978877225106351,0.4652584816737567,0.07673896936905122,0.05333198580831136,0.06808559015548461,1.196767481748855,0.13117170358000796,0.007322638311954338
2057,0.6679468878565115,0.3489824515949094,0.03746969257638014,0.040860979723312825,2.437457728219401,1.9193828543820581,1.7503702238168501,0.1690126305652079,1.1451458406709183,0.6870875044025508,0.45805833626836745,0.07875621929207104,0.05504090607106762,0.06989433945138411,1.1851132701884781,0.13879912211621845,0.007230673099603273,0.6781671486253085,0.35132473107285556,0.027839452522456565,0.04148619520519077,2.520160997341848,1.9758578553433521,1.810554478422763,0.16530337692058927,1.1826775315318083,0.709606518919085,0.47307101261272333,0.07700306282969169,0.05355571349866828,0.06822347203250873,1.1952246155879251,0.1311477196603558,0.007315181727582438
2058,0.6667984075039537,0.3488502099152267,0.03429366264046528,0.04079072361090977,2.440740481609211,1.9119065714711898,1.742208101104134,0.16969847036705588,1.1642206341751287,0.6985323805050772,0.46568825367005157,0.0790353495879757,0.055277372268526456,0.07004367975640977,1.1835240359722392,0.13875920532470082,0.007222265853229501,0.677230052203336,0.3511920244783936,0.025001685129137627,0.04142887019493656,2.524112713095044,1.9699061033596894,1.8040867882328304,0.165819315126859,1.2000432081036891,0.7200259248622135,0.48001728324147563,0.07720918259583832,0.05373032857283583,0.06832082780094015,1.1940240617836408,0.13112327430055778,0.007308178758926779
2059,0.6657968215687481,0.3486943231269611,0.03145294035145364,0.040729453460653126,2.444243099540269,1.9057589304851472,1.7355481481852253,0.17021078229992195,1.1811582522584065,0.7086949513550438,0.47246330090336275,0.07925549254032256,0.05546386713347872,0.07015201942807434,1.182274587732143,0.13872336578493175,0.00721457496448044,0.6764163148621384,0.3510349507815808,0.0224607863363614,0.041379091427332655,2.528237992172696,1.9651254886383633,1.7989470535323036,0.16617843510605979,1.2154848977339874,0.7292909386403924,0.486193959093595,0.07736424278631081,0.05386168835053188,0.06838263506382003,1.1931229912223924,0.13110074526945717,0.007301724002778861
2060,0.6649332118227377,0.3485255236266784,0.028933361455721528,0.04067662377837704,2.4479112811892207,1.900770369309348,1.7301902063814314,0.17058016292791656,1.1962017913463157,0.7177210748077892,0.4784807165385264,0.07942535002461874,0.05560776248991527,0.07022583757497952,1.1813129048591096,0.13869288548165007,0.007207642630590736,0.6757193395298556,0.3508643993008096,0.020206275830796358,0.041336455362460056,2.5324839809954796,1.9613619602824208,1.7949521784356697,0.16640978184675115,1.2292196709330163,0.7375318025598098,0.49168786837320655,0.07747629311166249,0.053956612171946756,0.06841498307573293,1.192472965684097,0.13108158505843062,0.007295876261329765
2061,0.6641946468932906,0.3483467555209191,0.02669870575285503,0.04063144351522027,2.4517299052740587,1.8968129995879734,1.7259889525283199,0.1708240470596536,1.2095682545762316,0.7257409527457388,0.4838273018304928,0.07955037969562512,0.05571368180897945,0.07026880605371856,1.1806063349532752,0.13866665662140365,0.007201416320598268,0.6751284178651856,0.35068345911676074,0.01820547398261773,0.04130030695606082,2.536838703234645,1.9585030012288662,1.7919737601872336,0.16652924104163255,1.241441571745686,0.7448649430474116,0.49657662869827435,0.07755017539067231,0.05401920180063764,0.06842116606606541,1.1920448687193845,0.13106498181448725,0.0072905984094273095
2062,0.6635652447105916,0.3481549587203454,0.02471026617653519,0.040592941120329545,2.4557122719520104,1.8937917076904338,1.7228420568536507,0.17094965083678312,1.2214503584972662,0.7328702150983597,0.4885801433989066,0.07963347876882568,0.05578407947680841,0.0702824073956127,1.180137337423251,0.13864276619493388,0.007195771797128454,0.6746296694158935,0.3504891718180102,0.01642294567964358,0.04126979711437319,2.5413194140364617,1.9564680756095179,1.7899255551499689,0.1665425204595491,1.2523230981441544,0.7513938588864927,0.5009292392576618,0.07758822675817567,0.05405143714847928,0.06840231877937455,1.191824544546947,0.13104931934820338,0.007285779370264346
2063,0.6630253561672736,0.3479452305357529,0.022934681050682214,0.04055991457790552,2.459848339215095,1.8916006774395657,1.7206373162613005,0.17096336117826536,1.232018371589658,0.7392110229537947,0.4928073486358633,0.07967770852608147,0.05582154886893907,0.0702683598142907,1.1798879112757048,0.13861894738486746,0.007190543925957824,0.6742051992783491,0.35027671842244107,0.014828394483054397,0.04124383113406173,2.5459191573353874,1.9551638371730131,1.7887091240076365,0.1664547131653767,1.262016722212918,0.7572100333277508,0.5048066888851671,0.077592971785309,0.054055456914658434,0.06835981493697149,1.191797077347669,0.13103261969646324,0.007281265838329199
2064,0.6625597363120546,0.3477168936204738,0.021336097967790763,0.04053143130253907,2.464107132030087,1.8901307351551613,1.7192541686315992,0.1708765665235622,1.241421605664147,0.744852963398488,0.4965686422656589,0.07968734846808356,0.055829715379211886,0.07022961882198903,1.1798335667075093,0.13859407348162048,0.007185630683847737,0.6738414211274895,0.3500455358674198,0.013388699372044982,0.0412215778808632,2.5506093317237712,1.9544918207651398,1.7882156778153935,0.1662761429497463,1.270656089847296,0.7623936539083778,0.5082624359389183,0.07756816380085205,0.05403444074465748,0.06829625909704903,1.1919406988741512,0.13101397862812825,0.0072769680175279045
2065,0.662154306111332,0.3474737156657457,0.01987426851060188,0.04050663002885302,2.468408898549959,1.8892428995252735,1.7185340631338732,0.17070883639140028,1.2497913923601434,0.7498748354160859,0.49991655694405746,0.07966903786502487,0.055814203488378136,0.07017135211806806,1.1799367966939858,0.13856816493972074,0.007180974629838145,0.6735257871084658,0.34979951885882415,0.012065973047656713,0.041202269786329876,2.5553111433613998,1.9543214670026592,1.788295884308561,0.1660255826940982,1.2783587650880643,0.7670152590528387,0.5113435060352256,0.07751989283579235,0.05399354782933152,0.06821643472170033,1.1922202857234248,0.1309935630926819,0.007272841165440496
2066,0.6618099329708328,0.34722328119753537,0.018520264583623117,0.04048556384465272,2.47274755628152,1.888876866985083,1.7184016876736827,0.17047517931140035,1.2572431143463956,0.7543458686078373,0.5028972457385583,0.07962703036005563,0.05577861668497288,0.0700967997939722,1.1801737129665901,0.13854227213725712,0.007176645682964478,0.6732606334941029,0.34954636380236503,0.010833346602959357,0.041186049774205924,2.5600209215092193,1.9546012788834526,1.7888840939086486,0.16571718497480412,1.285228046000951,0.7711368276005708,0.5140912184003803,0.07745196127549309,0.053935999372617616,0.06812326931504362,1.1926140392487263,0.130972496160744,0.007268966681770165
2067,0.6615290203036597,0.34696847271547365,0.017247597514909,0.04046837980239826,2.4771746425313874,1.8890256932097786,1.718846168827834,0.17017952438194459,1.2638807895059225,0.7583284737035534,0.5055523158023691,0.07956228692242326,0.055723769057424155,0.07000632952089385,1.1805391014557198,0.13851717582084316,0.007172683211378216,0.6730495753834254,0.3492889845493144,0.009666067390718354,0.041173138992485495,2.5647935884829844,1.9553331039788446,1.7899791676231782,0.1653539363556663,1.2913573680996766,0.7748144208598061,0.5165429472398705,0.077364983975691,0.053862316251683785,0.06801689870728697,1.1931186870104016,0.130951593151716,0.007265391933080138
2068,0.6612963050202434,0.34670426387415554,0.016062451824212128,0.04045414415335878,2.481675265739076,1.8896202082361642,1.719796156969439,0.16982405126672517,1.269798514616062,0.761879108769637,0.5079194058464249,0.07947660389924048,0.055651182387413525,0.069900956257399,1.1810231224400973,0.1384917926618123,0.007168946385674769,0.6728781874996684,0.3490223113238482,0.008572260741565287,0.04116265497480073,2.5696156431373627,1.9564539930521383,1.7915167153175262,0.16493727773461214,1.296831546366394,0.7780989278198365,0.5187326185465575,0.07726039859628327,0.053773716385093956,0.06789808885878931,1.1937262411043148,0.1309298688710902,0.0072619814839019504
2069,0.6610924888223368,0.34642658802647786,0.014978586986502937,0.04044167636453641,2.4861830359179895,1.890552569290348,1.721136281422887,0.169416287867461,1.2750779241585044,0.7650467544951025,0.5100311696634019,0.0793736378199876,0.05556395431656129,0.06978338469133794,1.1816054648853997,0.13846382596914059,0.007165276794331548,0.6727279732002296,0.3487422735005879,0.0075677058686357546,0.04115346623387838,2.574421052254841,1.9578608409682505,1.793386634717028,0.1644742062512225,1.3017240292296883,0.781034417537813,0.5206896116918753,0.0771414730709431,0.05367296821418388,0.06776926322835301,1.194418087593921,0.13090522835789117,0.0072585832546446715
2070,0.6609000132323473,0.34613256014938454,0.013960310790926946,0.040429902350941044,2.4906258255142957,1.8917174271881705,1.7227526478100228,0.1689647793781476,1.2797886295071215,0.7678731777042728,0.5119154518028487,0.07925720535660627,0.05546531815172895,0.06965653538928122,1.182264878022773,0.1384305008134291,0.007161537275192,0.6725822386311233,0.3484460480429021,0.006618199776028226,0.04114455156517133,2.5791382617467393,1.9594527676149167,1.79547992917868,0.16397283843623656,1.3060972209467656,0.7836583325680594,0.5224388883787062,0.07701165101633137,0.053562989010741135,0.06763306875772145,1.1951745276999421,0.1308751614937773,0.007255067530008227
2071,0.6607116397167268,0.3458183733569199,0.01299724417927521,0.040418379309444835,2.4950213982940688,1.8930950814306093,1.7246275367723416,0.16846754465826774,1.2839897692028788,0.7703938615217272,0.5135959076811516,0.07912730388872559,0.05535527167306024,0.06952005570426553,1.183001714267141,0.1383897610135659,0.007157648409412525,0.6724345127287618,0.34812986852796113,0.005714790975776346,0.04113551512842292,2.5837873065961676,1.9612155657589838,1.7977849386491793,0.1634306271098045,1.3100039465783138,0.7860023679469883,0.5240015786313255,0.07687069615557589,0.05344357861199469,0.06748899205229356,1.1959972618712666,0.13083780352001753,0.0072513600299752715
2072,0.66053559249529,0.3454888583916857,0.012096523243700058,0.04040761035194926,2.499417591255724,1.8947053882079525,1.7267777191201623,0.1679276690877901,1.2877331202259363,0.7726398721355617,0.5150932480903746,0.07898425889712105,0.05523409061272199,0.06937405748061734,1.183814500791341,0.13834327771271107,0.007153702866244548,0.6722937864859004,0.34779859940409036,0.004865763408267221,0.04112690691513477,2.588418662944193,1.9631744855130862,1.8003243902644521,0.16285009524863403,1.313490454466235,0.788094272679741,0.5253961817864939,0.07671873965956605,0.05331484813981803,0.0673370097864131,1.1968858789515293,0.13079477499786804,0.007247558648907004
2073,0.6603853625754966,0.3451545388485816,0.011233016203048014,0.04039842070627436,2.503841582086189,1.8965571304562825,1.7292014260647486,0.16735570439153383,1.2910669267024009,0.7746401560214404,0.5164267706809604,0.07883017659941687,0.05510355926027333,0.06922030812447619,1.184691644132588,0.13829488546055027,0.007149875590652426,0.6721742510130535,0.34746277327548186,0.00404652572767121,0.04111959499830708,2.593061413575919,1.9653426373903278,1.8031013137858438,0.16224132360448407,1.3166001663167914,0.789960099790075,0.5266400665267165,0.07655767371594203,0.05317840056752765,0.06717873137173136,1.1978296618005468,0.13074971359951917,0.007243843678343251
2074,0.6602695175665436,0.3448263081878875,0.010402531393428359,0.0403913344327225,2.50827370505605,1.8986184448283845,1.731851321127694,0.16676712370069047,1.2940373065472601,0.776422383928356,0.5176149226189041,0.07866894832417885,0.0549669741681936,0.0690621386691626,1.1856112968538568,0.1382488065102387,0.007146313772734211,0.672084967992378,0.3471332381352046,0.003253493723946267,0.04111413365597069,2.5976961456127143,1.9676906088695725,1.8060711456800804,0.161619463189492,1.3193749998877229,0.7916249999326339,0.527749999955089,0.07639114578028937,0.05303732584976248,0.06701730069480644,1.198807507268717,0.13070659285816988,0.007240366662973208
2075,0.6601880224938068,0.3445157167084293,0.009653707275239592,0.040386349381606436,2.5126125515020123,1.9007861119564287,1.7346000638585066,0.16618604809792203,1.296687479405843,0.7780124876435057,0.5186749917623372,0.07850756958060207,0.05483026160633926,0.06890559303643144,1.186533687553661,0.13820836579264606,0.007143116430156235,0.6720263225484188,0.34682150593855365,0.0025365151370371347,0.041110546430618414,2.6022197549446617,1.9701156047960195,1.8091070588462057,0.1610085459498138,1.3218544934974263,0.7931126960984559,0.5287417973989704,0.07622582823982299,0.05289727652247382,0.06685850475604244,1.1997803214935354,0.13066855858314455,0.007237231922828838
2076,0.6601365448492802,0.34422764690141583,0.009033139739370082,0.04038320056149343,2.516790936449593,1.902983477871161,1.7373571348711807,0.16562634299998025,1.2990563359640201,0.779433801578412,0.5196225343856081,0.07835036293995466,0.05469708345593932,0.06875431094506444,1.1874340460226795,0.13817321338870003,0.007140298549046011,0.6719944441332051,0.34653244767949715,0.001943580970661718,0.04110859659822311,2.606564949167541,1.9725426069331016,1.8121203639731205,0.16042224295998112,1.3240743086573674,0.7944445851944206,0.5296297234629468,0.07606577302539792,0.05276168519292685,0.066705770652078,1.2007241470669214,0.13063533985222892,0.007234459147718643
2077,0.6601137497812115,0.3439642704368952,0.0085453453284969,0.04038180634848533,2.5207935961906176,1.905180513246674,1.7400867893881333,0.16509372385854051,1.301178011337474,0.7807068068024843,0.5204712045349897,0.07819906945129401,0.05456891465273612,0.06860967516573785,1.1883022346560081,0.1381426231813431,0.007137870927305541,0.6719884994525703,0.3462682428260103,0.001480077904202036,0.04110823321671037,2.610717983572656,1.974944480229222,1.8150785236016929,0.15986595662752903,1.3260657666182716,0.7956394599709632,0.5304263066473084,0.07591252299010509,0.05263185889446405,0.06656032841762458,1.2016296727319329,0.13060631517109628,0.0072320631644491404
2078,0.6601037900797962,0.3437187431124925,0.00815830066087122,0.040381197293656405,2.524580765900628,1.9073182367778074,1.7427309898046468,0.16458724697316057,1.303082960159969,0.7818497760959813,0.5212331840639877,0.07805454760743658,0.054446482471894,0.06847217328387024,1.1891331230424833,0.1381141451744568,0.007135674973530934,0.6719929542338231,0.346022033332354,0.0011144751858195093,0.0411085059797541,2.6146399324818597,1.9772642983333608,1.8179257985736843,0.15933849975967657,1.3278568898469587,0.7967141339081754,0.5311427559387834,0.07576675557576174,0.05250837152426847,0.06642252810418645,1.2024926510269522,0.13057921040767603,0.0072298876552383
2079,0.6600859988394187,0.343481359748438,0.007831180883055865,0.04038010911473955,2.5281000593011336,1.9093268433616166,1.7452228060051747,0.16410403735644188,1.3047954221599314,0.7828772532959588,0.5219181688639726,0.07791742776080335,0.05433032091865087,0.06834207704629652,1.1899228676440918,0.1380844357070801,0.007133497005406637,0.6719873476482395,0.34578409915817016,0.0008063081234083794,0.04110816321122407,2.618278658427645,1.9794336136578488,1.8205967834022285,0.1588368302556203,1.3294697917090275,0.7976818750254165,0.5317879166836109,0.07562894133937526,0.052391621716339584,0.06629252088631968,1.2033100429707806,0.13055090172633527,0.007227720430884399
2080,0.6600507216860874,0.34324664360288176,0.0075414080814259765,0.040377951225495645,2.5313409820571713,1.9111819402852506,1.7475411342300782,0.16364080605517245,1.3063330797118222,0.7837998478270932,0.522533231884729,0.07778742243509712,0.05422018645646533,0.06821896387085762,1.1906729092991302,0.1380514434279069,0.007131229283447736,0.6719622233168889,0.3455489465401306,0.0005333442802367971,0.04110662643685567,2.6216244854114494,1.981429764367741,1.8230723161707858,0.15835744819695524,1.3309202820677726,0.7985521692406636,0.5323681128271089,0.07549869451810985,0.05228128267035423,0.06616981227669091,1.2040838941918024,0.13051947584420995,0.007225454775259407
2081,0.6600084735367479,0.34302147064002936,0.00727393742615063,0.04037536686352525,2.5343234586816217,1.9129006874225019,1.7496975090349072,0.16320317838759463,1.3077099160778578,0.7846259496467145,0.5230839664311433,0.07766536159431625,0.054116782192214705,0.0681036001600093,1.1913782478208885,0.13801738960416912,0.007128998217997751,0.6719284385364475,0.34532347042705086,0.0002805979423932681,0.04110455983859306,2.6246985628443014,1.9832719201183904,1.8253661437296773,0.15790577638871303,1.3322206985243732,0.7993324191146239,0.5328882794097493,0.07537676593220163,0.052177990446277286,0.06605510792305183,1.2048095087685895,0.13048704508451225,0.007223219816144302
2082,0.6599786101275468,0.34281687315438125,0.007030885212076329,0.040373540081882056,2.5370961241843415,1.9145298011609515,1.7517317526778888,0.16279804848306273,1.3089406191774215,0.7853643715064528,0.5235762476709688,0.07755182146412333,0.05402059627746589,0.0679965992371607,1.1920353346134496,0.13798639214443598,0.007127021921188286,0.6719057190896641,0.34511872384314807,5.020703273296567e-05,0.0411031701064148,2.627551241438857,1.9850091246808566,1.8275206516113216,0.15748847306953484,1.3333843163792252,0.8000305898275352,0.53335372655169,0.07526368216829209,0.05208219114380688,0.06594898311563266,1.2054835138272193,0.13045749533826198,0.007221236453104008
2083,0.6599751021200677,0.3426397907040285,0.006838704978593152,0.04037332550061763,2.539709254030972,1.916112142140148,1.753683886459859,0.16242825568028893,1.3100422792851887,0.786025367571113,0.5240169117140757,0.07744661259307183,0.05393146821776941,0.06789783428538568,1.1926450564020603,0.13796157727391947,0.007125449011387614,0.671908273878931,0.34494161173377763,-0.00013109280149941477,0.04110332643438469,2.630234545507384,1.986686425100955,1.8295783283718425,0.15710809672911263,1.3344270285592355,0.8006562171355414,0.5337708114236941,0.07515921241162593,0.051993689227423215,0.06585127980775696,1.2061070580650064,0.1304337555172337,0.00721965443592275
2084,0.6599930455183253,0.34248774425488543,0.006716360399421972,0.040374423105935774,2.542159413758071,1.9176323606446262,1.7555395706896615,0.16209278995496465,1.3110330717806833,0.7866198430684097,0.5244132287122736,0.07734977922532915,0.053849435494725026,0.06780722091868668,1.1932069635781493,0.13794273500682433,0.007124227614152278,0.6719312501229291,0.3447895677117231,-0.00024388504139610107,0.04110473194168299,2.63274579681966,1.9882896223357158,1.831526208532201,0.15676341380351488,1.3353659804790978,0.8012195882874588,0.5341463921916391,0.07506331539437011,0.051912449736938565,0.06576184667868806,1.20668018069856,0.13041560492005158,0.007218421477288602
2085,0.6600179297898933,0.34235481533065143,0.0066662300354897105,0.04037594523822833,2.544398630544765,1.9190331427129204,1.757241606320997,0.16179153639192334,1.3119283737062803,0.787157024223768,0.5247713494825124,0.07726228736859667,0.0537753164651045,0.06772542845150172,1.193715261847294,0.13792771115440378,0.007123215703102653,0.6719601780366725,0.3446566133737282,-0.0002853287385849862,0.04110650146143322,2.635036993891233,1.9897618125782766,1.8333076144177685,0.15645419816050804,1.336215632455774,0.8017293794734643,0.5344862529823096,0.07497683574561703,0.051839188202815425,0.06568125652959175,1.2071976347000808,0.1304010173299375,0.007217395709436425
2086,0.6600426291664854,0.3422393244454835,0.006672082245069856,0.0403774560138431,2.5463913184926334,1.9202748991847218,1.758747845116455,0.16152705406826678,1.312739122293631,0.7876434733761785,0.5250956489174526,0.07718533976088604,0.05371013003258232,0.06765342096934024,1.1941627718145233,0.13791519611078493,0.007122354563105463,0.671988128000977,0.344541087232156,-0.0002714469155372448,0.04110821110919076,2.6370729059619222,1.991064185164375,1.8348812430714032,0.1561829420929719,1.3369861048175316,0.8021916628905189,0.5347944419270126,0.0749008732394523,0.05177483630248158,0.06561039140218666,1.2076526400220726,0.13038879546884982,0.007216520333495364
2087,0.6600621719293099,0.3421383244857103,0.0067383406716543665,0.04037865131425891,2.548132908439183,1.9213460664453816,1.7600486669006439,0.16129739954473768,1.3134737358975652,0.788084241538539,0.5253894943590263,0.07711870587504385,0.0536536809052816,0.06759091235302477,1.1945506556242536,0.13790392826866557,0.007121587749601757,0.6720103031226318,0.3444400626248261,-0.0001974796566968362,0.04110956746099522,2.638849908364066,1.9921864225180674,1.8362388364024818,0.15594758611558557,1.3376851199359738,0.8026110719615843,0.5350740479743895,0.07483514513153464,0.05171915450808847,0.06554892574917788,1.208046706277257,0.13037777851364185,0.007215740080610395
2088,0.6600739529232028,0.3420507987371638,0.006829166649661475,0.04037937178329048,2.5496162058927005,1.9222356127344287,1.7611329278764982,0.16110268485793033,1.3141387966936706,0.7884832780162022,0.5256555186774684,0.07706257672045685,0.053606130897466256,0.06753802147328558,1.1948776469828708,0.1378932883060899,0.007120890478914078,0.6720243376351598,0.34435257739706016,-9.93986508132233e-05,0.04111042580487172,2.6403617706353626,1.9931187336603378,1.8373705694952207,0.15574816416511694,1.338318668566903,0.8029912011401419,0.5353274674267612,0.07477978865861543,0.05167225908022559,0.06549693694421196,1.2083788525085815,0.13036742091627915,0.007215032225613593
2089,0.6600755616437521,0.34197487433110463,0.006892670520193725,0.04037946996367822,2.550844658637589,1.9229418770811408,1.7620008340722229,0.16094104300891787,1.314739707608944,0.7888438245653663,0.5258958830435777,0.07701657036510369,0.05356715645410085,0.06749436246631496,1.1951458413524432,0.13788284988142016,0.0071202315811475835,0.672027996210771,0.3442768021912702,-2.946529357636396e-05,0.04111064939969017,2.641612837402341,1.9938605692505464,1.8382778358599943,0.15558273339055223,1.3388916692372448,0.8033350015423469,0.5355566676948978,0.07473439585938335,0.05163380441305436,0.06545402078355893,1.208651394387616,0.1303573422441212,0.00721436690864291
2090,0.660065714751747,0.3419076019910354,0.0069095912175738405,0.040378867355479194,2.5518428864729135,1.923481744227581,1.7626743769668334,0.16080736726074749,1.3152808491768002,0.78916850950608,0.5261123396707202,0.07697931129337757,0.05353559230237248,0.06745867633885425,1.1953631592617384,0.13787223214131872,0.007119577334054036,0.6720200546204477,0.3442097908473101,-7.053791656788655e-06,0.0411101633614109,2.64262864682663,1.994429860128725,1.838983785893225,0.1554460742355,1.3394081015556747,0.8036448609334049,0.5357632406222698,0.0746976047630656,0.05160263670831487,0.06541893279589145,1.208872409452981,0.1303471793652788,0.007213710202721335
2091,0.660049484655588,0.34184742540721424,0.006908913061469096,0.040377874274729414,2.5526735555839517,1.9239080890902867,1.76321401125827,0.16069407783201678,1.3157659072094696,0.7894595443256817,0.526306362883788,0.07694828813590925,0.053509310927017203,0.06742874727908807,1.1955441846626258,0.1378615017055562,0.0071189457311153035,0.6720056213798028,0.34414996727023517,-2.8775092047461648e-06,0.04110928021480764,2.643473457420538,1.9948810832657182,1.8395506760260198,0.15533040723969846,1.3398713023241968,0.8039227813945182,0.5359485209296786,0.07466696063232448,0.051576676426765,0.06538950694706412,1.209056578903275,0.13033698172799016,0.007213079047989195
2092,0.6600300695553323,0.3417916338127376,0.006896912983506559,0.040376686368777545,2.5533968846081794,1.924270096867391,1.7636773565563955,0.16059274031099557,1.3161992134196403,0.789719528051784,0.5264796853678563,0.07692088200920544,0.05348609373180835,0.06740224477044808,1.1957041639775023,0.1378503436764323,0.007118332842393198,0.6719879312166056,0.3440945969973955,-1.0558319068203204e-05,0.04110819784162524,2.6442092160188735,1.9952651215958375,1.8400380381982306,0.1552270833976068,1.3402852963677379,0.8041711778206428,0.536114118547095,0.07463989516655295,0.05155374782364544,0.06536345749263216,1.2092193020747817,0.13032644185663184,0.007212468374655775
2093,0.6600133820607738,0.34174076216870636,0.006877331260222497,0.040375665314849526,2.5540598079961163,1.9246080853459193,1.764108624402871,0.16049946094304823,1.3165853059887427,0.7899511835932455,0.5266341223954972,0.07689557815852519,0.05346465748701795,0.06737784682949048,1.1958519214823422,0.1378396819710686,0.007117780187762586,0.6719729651441243,0.3440442050997843,-2.6356194923631004e-05,0.04110728210353661,2.6448841644342873,1.9956236049841731,1.8404915526497163,0.15513205233445673,1.340654352974285,0.8043926117845711,0.5362617411897138,0.0746149246984598,0.051532594005068995,0.06533948982532715,1.2093694807035922,0.1303164176367703,0.007211919367831621
2094,0.6600001101139549,0.341694267690986,0.0068518858097693786,0.04037485317174275,2.5546774242016523,1.924932263904352,1.7645197531204386,0.16041251078391341,1.3169294518020231,0.7901576710812137,0.5267717807208094,0.07687183799861444,0.05344454592828169,0.06735505545262241,1.195990591686558,0.13783003985415415,0.007117287279010754,0.6719614170131474,0.3439982225593804,-4.8529540799903403e-05,0.041106575420869276,2.64551389054476,1.9959672807224487,1.8409237841213508,0.15504349660109795,1.3409835107056816,0.8045901064234091,0.5363934042822724,0.07459150913656282,0.05151275743066494,0.06531710586145438,1.2095103522461574,0.13030738381024093,0.0072114311011387796
2095,0.6599865078164631,0.34165074205930435,0.00681995727620726,0.04037402077741917,2.555236633508339,1.925226820379975,1.7648947163215718,0.16033210405840315,1.317236528644612,0.790341917186767,0.5268946114578449,0.07684997966003226,0.053426028561005076,0.06733410149332719,1.196118307206937,0.13782124087655218,0.007116818431835781,0.671949509900907,0.34395521227635617,-7.763083261735221e-05,0.04110584673383294,2.646085076525775,1.9962802223049574,1.8413186107031292,0.15496161160182817,1.3412774430377428,0.8047664658226458,0.536510977215097,0.0745699385311836,0.05149448381756831,0.06529651409004215,1.2096401623922102,0.13029916176994377,0.007210967578712885
2096,0.6599652848467807,0.3416069342227876,0.006779922749524492,0.04037272216219691,2.5557142009840867,1.9254656721894572,1.7652080945780209,0.1602575776114363,1.3175101773434432,0.7905061064060658,0.5270040709373774,0.07683031587664177,0.053409370318763985,0.06731518601248762,1.1962332308247303,0.13781210548322922,0.007116299675009784,0.6719298852931778,0.34391189213694107,-0.00011515406108952853,0.04110464590122194,2.646573987985971,1.9965359696561504,1.8416502275574809,0.15488574209866962,1.3415396007141498,0.80492376042849,0.5366158402856598,0.07455049546680095,0.051478012558199594,0.06527789188018157,1.2097572005260862,0.13029063451196646,0.00721045426610792
2097,0.6599420511085285,0.3415684165246084,0.006734032340882712,0.04037130052416295,2.5560960912956556,1.9256406990249086,1.7654447613485829,0.1601959376763257,1.317752216578455,0.7906513299470729,0.5271008866313821,0.07681444461829709,0.05339592492725789,0.06729977608981862,1.1963260104452165,0.13780395724771463,0.00711581510257572,0.6719082722111371,0.3438738738904721,-0.00015882468839528707,0.041103323408100675,2.646966234717799,1.9967262216757002,1.8419032640969766,0.15482295757872372,1.3417716177013705,0.8050629706208224,0.5367086470805481,0.07453474479297773,0.0514646693202887,0.06526267812504097,1.209852034007002,0.13028306862221511,0.007209977051040831
2098,0.6599224226917054,0.34153932108036605,0.006685152085619997,0.04037009943628718,2.5563851195250225,1.9257570184210215,1.7656058764396336,0.16015114198138788,1.3179654051423149,0.7907792430853888,0.527186162056926,0.07680309978244335,0.053386314110250604,0.0672885631847733,1.1963923412573103,0.13779792206503017,0.0071154361327259875,0.6718903902979804,0.34384532085950864,-0.00020575629765617193,0.041102229162252084,2.647264702076911,1.996856266816513,1.8420790358528345,0.15477723096367854,1.3419761103734609,0.8051856662240767,0.5367904441493841,0.07452340849966368,0.051455065740123526,0.06525155430775242,1.2099203009609456,0.13027753782841797,0.007209608594765991
2099,0.6599071176465116,0.3415191568858044,0.006634660846731373,0.040369162834889824,2.556595069800426,1.9258246047182475,1.7657030603005714,0.16012154441767593,1.3181533491664248,0.7908920094998547,0.5272613396665701,0.07679576471005715,0.053380100178260066,0.06728107645841627,1.1964352329912933,0.1377939386286401,0.007115162913120629,0.6718769738362189,0.3438257415411489,-0.0002545217981776565,0.04110140809305457,2.647483517366095,1.9969364458162364,1.8421895709286682,0.15474687488756828,1.3421565773957111,0.8052939464374268,0.5368626309582843,0.07451597993251738,0.051448772603722964,0.06524405910928607,1.2099650411485676,0.13027398304028276,0.007209348912452096
2100,0.6598931972457833,0.34150377205615856,0.006583891425237541,0.04036831095491164,2.556749780213653,1.9258589888712252,1.7657581175462025,0.16010087132502276,1.318319437779085,0.7909916626674508,0.5273277751116342,0.07679086333759154,0.053375947963590874,0.06727586869420521,1.1964638959518337,0.13779092494557452,0.007114940521356923,0.6718650224940489,0.3438109571399422,-0.00030369869904454255,0.041100676666926336,2.647647045052753,1.9969827873126962,1.8422572563987227,0.15472553091397342,1.3423163144233838,0.8053897886540303,0.5369265257693535,0.0745109146902567,0.051444481566189026,0.06523877385015471,1.2099955501825714,0.1302713725355823,0.007209141764461885
2101,0.6598826051015511,0.34149181452325755,0.006535110698359367,0.040367662697609316,2.556882527854496,1.925887457569996,1.7658028477842964,0.16008460978569952,1.3184661334503331,0.7910796800701997,0.5273864533801335,0.07678698315649955,0.05337266085473262,0.0672716845422526,1.1964865883186366,0.13778880052275624,0.007114769079287939,0.6718564575874078,0.3437996020263311,-0.00035100613246519946,0.041100152421273156,2.647789185948061,1.997023178056676,1.8423145734601478,0.15470860459652822,1.3424576874798553,0.8054746124879132,0.5369830749919421,0.07450684046050607,0.051441030068337154,0.06523447814732403,1.210020091601556,0.13026961834782105,0.007208986391133548
2102,0.6598787781468399,0.341483051444092,0.00649023968035916,0.040367428308997325,2.557026768579223,1.925938484862844,1.7658691439038572,0.16006934095898673,1.31859604112561,0.7911576246753658,0.5274384164502441,0.07678291922582675,0.05336921808178022,0.06726746621899646,1.196510356511181,0.13778798396534178,0.007114667866034391,0.6718546939598615,0.3437914295188773,-0.0003945626879303457,0.04110004425090459,2.6479439210773505,1.9970866003868482,1.8423939949277397,0.1546926054591085,1.3425832102493513,0.8055499261496107,0.5370332840997406,0.07450259221912951,0.05143743115593338,0.06523014861481291,1.210045682579966,0.1302690985170646,0.007208901281339579
2103,0.6598841632082949,0.3414764414654423,0.0064505098583413495,0.040367757464764516,2.557216911317565,1.9260403749603807,1.765989595732115,0.16005077922826572,1.3187121926424166,0.7912273155854499,0.5274848770569667,0.07677728930841218,0.05336444867773286,0.06726198733639785,1.1965432855328175,0.137788675951074,0.0071146428638842385,0.6718621127572995,0.34378536758121425,-0.00043319165624027683,0.04110049781370115,2.648146096263109,1.9972017682064702,1.842528599453276,0.1546731687531942,1.3426958280163885,0.805617496809833,0.5370783312065556,0.07449683189183566,0.05143255127470486,0.06522459692195474,1.210080384475993,0.13026997842499535,0.0072088911295325984
2104,0.6599001775316921,0.3414729928985395,0.006416159094376511,0.04036873685447049,2.557455582735746,1.926194748190854,1.7661648991238459,0.16002984906700798,1.3188178060198337,0.7912906836119,0.5275271224079336,0.07677025847034946,0.05335849247890374,0.06725539362266234,1.1965844117860827,0.13779159736632143,0.0071147117785227846,0.6718800807844529,0.3437824090262835,-0.00046672680442881587,0.04110159671370138,2.6483979407707356,1.9973699780620953,1.8427187401110103,0.1546512379510849,1.3427986677662094,0.8056792006597254,0.537119467106484,0.07448973130220495,0.0514265359855932,0.06521797496691475,1.2101231640965815,0.1302729184149684,0.007208973267743024
2105,0.6599237619166312,0.341472608826985,0.006385402674561662,0.04037017934343251,2.557719735323044,1.926379049228292,1.7663700987685307,0.16000895045976127,1.3189160609241888,0.7913496365545132,0.5275664243696756,0.07676271738402926,0.053352104021495095,0.06724844060907288,1.196628526812923,0.13779660907149704,0.007114854761071074,0.6719054790763447,0.34378244616370585,-0.0004969551645892453,0.04110315016037755,2.648675507158103,1.9975679037578722,1.8429386168702158,0.1546292868876565,1.3428948171464792,0.8057368902878872,0.537157926858592,0.07448216033471003,0.05142012221424386,0.06521102162396208,1.2101687820202829,0.13027777996476209,0.007209127777631549
2106,0.6599537634051915,0.3414740463823144,0.006358412468859258,0.040372014426642885,2.558014930888089,1.9265958434755088,1.7666094065590314,0.15998643691647735,1.3190092072150958,0.7914055243290574,0.5276036828860384,0.07675427927941085,0.053344955651926665,0.06724076338869842,1.196677894417086,0.1378028794662658,0.007115053664227517,0.6719371054028841,0.34378422433407113,-0.0005236563900167177,0.04110508463470364,2.648984208219825,1.997798016135362,1.8431923494715652,0.15460566666379677,1.3429864312471003,0.8057918587482599,0.5371945724988404,0.07447374571899873,0.05141299374338446,0.06520338447159596,1.21021948853617,0.13028378000319882,0.007209335933187087
2107,0.6599883247275401,0.34147553337130115,0.006336282268526158,0.040374128494207615,2.55834643745545,1.9268471560986768,1.7668870139506754,0.15996014214800144,1.3190990391746245,0.7914594235047746,0.5276396156698498,0.0767444587333104,0.05333663614226607,0.06723190488119407,1.1967353568043828,0.1378097375539935,0.0071152812862771125,0.6719730458202957,0.3437859582633741,-0.0005456930803277513,0.04110728305982417,2.6493291646066233,1.9980622462078637,1.843484039084843,0.15457820712302067,1.3430752092029674,0.8058451255217802,0.5372300836811872,0.07446401704281666,0.05140475206164359,0.0651946202848831,1.210278120538482,0.13029028119151126,0.00720956985296411
2108,0.6600267253166014,0.34147708928598486,0.006320590975993759,0.04037647746700432,2.5587086512980886,1.927127291524041,1.7671965711764865,0.1599307203475545,1.31918680020267,0.791512080121602,0.5276747200810681,0.07673349122504293,0.05332734497963107,0.0672220638515517,1.1967995389071464,0.13781706025249346,0.007115533321048549,0.6720125711927247,0.34378767451766,-0.0005614481199361226,0.04110970083247036,2.6497044388315265,1.9983546573540125,1.8438070603634888,0.15454759699052356,1.3431622974467299,0.8058973784680377,0.5372649189786922,0.07445320820311349,0.051395595315632675,0.06518492731853048,1.2103432711292024,0.1302971691393588,0.00720982534664433
2109,0.6600716013246338,0.3414790124112362,0.0063143506470954985,0.0403792226106546,2.5591212570885107,1.9274537335544244,1.7675571779410766,0.1598965556133478,1.3192734652457234,0.791564079147434,0.5277093860982894,0.07672073925743281,0.05331654210608017,0.06721068936291581,1.196874175070715,0.13782482236344687,0.007115828754510859,0.6720583289487285,0.34378967523325504,-0.0005678798894817108,0.0411124999081382,2.650130038845632,1.998693076175888,1.844180889681271,0.15451218649461704,1.343248581940602,0.8059491491643609,0.537299432776241,0.07444070523837965,0.0513850033857313,0.06517377503780197,1.2104186445954732,0.13030442198469214,0.007210121223074482
2110,0.6601260923479985,0.3414820267070411,0.0063196290447026515,0.0403825559679023,2.5596036881047395,1.9278439273385628,1.767987424713093,0.15985650262546988,1.3193604389860778,0.7916162633916466,0.5277441755944312,0.07670566486267225,0.053303771780320745,0.0671973217918496,1.1969624199670337,0.13783353730464545,0.007116193454235557,0.6721134561817179,0.3437926773554229,-0.0005629548534048165,0.041115872176465715,2.650625683434104,1.9990952398916013,1.8446244497123319,0.15447079017926957,1.3433353895362874,0.8060012337217722,0.5373341558145152,0.07442599071405824,0.051372537925461495,0.06516072135927548,1.2105073661249666,0.13031251456534046,0.00721048303427285
2111,0.6601879049488419,0.3414868803014054,0.006334810114234826,0.04038633721580348,2.560129106111817,1.9282734342663548,1.7684593379775753,0.15981409628877957,1.3194496135570697,0.7916697681342417,0.527779845422828,0.07668942761458139,0.05329001633933289,0.06718296885776943,1.1970574912756282,0.13784366743901905,0.007116619797215917,0.6721756341834636,0.34379742299690635,-0.0005483200007177433,0.04111967576870669,2.6511637527584337,1.999536038613602,1.8451090276670326,0.15442701094656944,1.3434245418190025,0.8060547250914013,0.5373698167276012,0.07441019176205914,0.05135915378852661,0.06514674688161128,1.2106026452479064,0.130321873956787,0.007210903460725356
2112,0.6602492777916291,0.34149284789227363,0.006355229484679037,0.040390091565093315,2.5606403138124083,1.9286893898346331,1.7689149738977297,0.15977441593690345,1.3195422331911313,0.7917253399146787,0.5278168932764525,0.07667399714531886,0.05327694436382521,0.06716931775452936,1.197147857159825,0.1378545391341375,0.007117053223859054,0.6722370647432576,0.34380318711539415,-0.0005285835831597349,0.04112343363997227,2.6516856856182045,1.9999614175976086,1.8455753569339275,0.1543860606636811,1.3435172144737952,0.806110328684277,0.5374068857895182,0.07439521420213069,0.05134646549673079,0.0651334856659399,1.2106929889656997,0.1303318723931268,0.007211328588793163
2113,0.6603030993317583,0.3414985865751819,0.00637677853414978,0.04039338399994133,2.561091599946482,1.9290495635138731,1.7693088806882757,0.15974068282559745,1.319637865430344,0.7917827192582064,0.5278551461721376,0.07666077053738694,0.0532657393970809,0.06715755720794135,1.1972253307648324,0.13786482662087832,0.007117437758419795,0.6722906340181167,0.3438086434107286,-0.0005077403304966852,0.04112671063396129,2.652144807973472,2.0003283334783304,1.845977064388432,0.1543512690898985,1.3436129059750672,0.8061677435850402,0.537445162390027,0.07438240690956534,0.05133561575445235,0.06512208668750552,1.2107702558027107,0.13034128364280367,0.007211703194977109
2114,0.6603455441416942,0.3415025031154458,0.006396994773614703,0.04039598052768599,2.561467254350303,1.9293392236634543,1.7696264350981061,0.1597127885653482,1.3197346987536613,0.7918408192521968,0.5278938795014645,0.07664997697928815,0.0532565955969341,0.06714786702177473,1.1972885627603707,0.1378732957831664,0.007117735593877347,0.6723325449039729,0.34381222248043375,-0.00048815775543862433,0.0411292744906916,2.6525252264257126,2.000621947014299,1.8462993811170025,0.15432256589729684,1.3437097421811837,0.80622584530871,0.5374838968724737,0.07437198594879495,0.051326787601423465,0.06511271956096086,1.2108331353660002,0.13034896882174743,0.00721198996103182
2115,0.6603770899941971,0.34150413965288356,0.00641558817130803,0.040397910383823496,2.561775070943633,1.9295662269681477,1.7698768683196526,0.159689358648495,1.319830337706634,0.7918982026239805,0.5279321350826536,0.07664119339435631,0.053249154552520925,0.06713988376769148,1.1973400261783658,0.13787948712451623,0.007117945652517135,0.6723633413685559,0.3438134981413093,-0.00047008512327148533,0.041131158495028075,2.652835126457634,2.0008505259008422,1.8465519602913183,0.15429856560952399,1.3438052769438602,0.806283166166316,0.5375221107775442,0.07436353906198703,0.051319631791992754,0.06510503047648164,1.2108841097497958,0.13035451409016055,0.00721218831299325
2116,0.6603989338111377,0.341503093252857,0.006432995864863941,0.04039924678042269,2.562028561496282,1.9297434493729497,1.770074928335396,0.15966852103755363,1.31992272193481,0.7919536331608861,0.5279690887739239,0.07663380747845674,0.05324289754827185,0.06713307971228948,1.1973833050817615,0.13788331837591875,0.007118071795423222,0.6723842822876241,0.3438120907331878,-0.00045307257429803155,0.04113243964895526,2.6530885796049617,2.001027490305918,1.8467501290910504,0.15427736121486763,1.3438974175231857,0.8063384505139113,0.5375589670092744,0.07435646823058166,0.05131364171266482,0.06509850400974564,1.2109267843866798,0.13035785210992293,0.007212302429634838
2117,0.6604139610923885,0.34149973659299726,0.006450542853867418,0.04040016621851075,2.562247139775241,1.9298896027427597,1.7702409978731066,0.15964860486965302,1.3200102365035566,0.7920061419021341,0.5280040946014225,0.076627148927957,0.05323725673414179,0.06712688782535534,1.1974223253953253,0.13788510745801627,0.007118135214725088,0.6723983204726562,0.34380839048997536,-0.00043580308485810515,0.04113329857120884,2.6533057101366766,2.001172217902651,1.8469149907996414,0.15425722710300965,1.343984532228392,0.8063907193370351,0.537593812891357,0.07435011962889083,0.05130826347274231,0.0650925868912978,1.2109651035080966,0.13035928797380786,0.007212353776417802
2118,0.6604251413936706,0.3414951070275034,0.006469449802936594,0.04040085033226459,2.56244386926407,1.930017940128428,1.7703886662210624,0.15962927390736567,1.320092005071679,0.7920552030430076,0.5280368020286713,0.07662091941950194,0.05323197938446671,0.06712107080923582,1.1974588344681574,0.13788553199117268,0.007118163507044058,0.6724084833148248,0.34380344452358935,-0.00041708474316444477,0.041133920433998314,2.653500119245365,2.0012984561736378,1.8470606733853145,0.15423778278832315,1.3440657431000842,0.8064394458600503,0.5376262972400339,0.07434420077209333,0.051303249292695426,0.06508704627734578,1.2110008316277863,0.13035946013439262,0.007212370259656251
2119,0.6604329858944447,0.3414905513184432,0.006489583666893131,0.040401330367459465,2.5626077629890416,1.9301200061692523,1.7705070632830942,0.15961294288615818,1.3201678328432451,0.7921006997059473,0.5280671331372978,0.07661576641197675,0.05322761399628477,0.06711621205347498,1.197489036734978,0.13788529633819321,0.007118171772006777,0.6724153267675894,0.3437986077511866,-0.0003970688687451526,0.04113433922215798,2.6536607884288808,2.0013977239626337,1.8471762691570563,0.15422145480557742,1.344140865453041,0.8064845192718243,0.5376563461812166,0.07433933625185177,0.05129912829751554,0.06508244570303284,1.2110301975036173,0.13035903239704996,0.007212367612545702
2120,0.6604356549568194,0.34148660492915367,0.006508925091818385,0.040401493776414506,2.5627170317709176,1.9301767579620268,1.7705744437282316,0.15960231423379512,1.3202376467378096,0.792142588042686,0.5280950586951236,0.0766125791617707,0.05322491390622778,0.0671130902778162,1.1975077185060572,0.1378845584081842,0.007118153355107341,0.6724170381067673,0.3437944199638113,-0.0003777659353717405,0.041134444034532924,2.653765669566993,2.001450739836679,1.8472397630102404,0.15421097682643864,1.3442098442612547,0.8065259065567526,0.5376839377045021,0.07433638165546658,0.05129662530094911,0.06507953510281914,1.2110480345584085,0.13035815801463774,0.007212339776392251
2121,0.6604307821014904,0.34148320250713193,0.006524720793146185,0.040401195795051636,2.562751970375621,1.9301706305653128,1.7705713625423853,0.15959926802292734,1.3203010130553927,0.7921806078332359,0.5281204052221569,0.07661205045693745,0.053224466012096155,0.06711230578665417,1.1975108175184992,0.13788308914798358,0.007118093014799814,0.6724112765604502,0.343790822335924,-0.000361904118902176,0.041134091679753404,2.653794865703599,2.00143976105808,1.8472315052297095,0.15420825582837044,1.3442722674564829,0.8065633604738895,0.5377089069825933,0.07433600083007169,0.05129630268339615,0.0650788901686635,1.2110503336532692,0.13035663045833468,0.007212272030521075
2122,0.660417847244972,0.341480128954536,0.006535595003119954,0.04040040461595068,2.5627100568914654,1.9300996085590711,1.7704958159893742,0.1596037925696969,1.3203570681701517,0.7922142409020912,0.5281428272680605,0.07661421251743356,0.05322629760913773,0.06711388657698768,1.1974981445995112,0.13788064423281748,0.007117985623184211,0.6723975502822365,0.3437876064993804,-0.0003508367019980363,0.04113325207783013,2.6537460209963677,2.00136291501437,1.8471496433826131,0.1542132716317566,1.3443272960229247,0.8065963776137546,0.5377309184091701,0.07433821896521017,0.05129818178426532,0.06508053279472059,1.211036942484998,0.13035422807373828,0.0072121594932645135
2123,0.6603942791515068,0.34147660246976863,0.006539795477488716,0.040398962949217715,2.562577680910776,1.9299511477165865,1.7703347224294972,0.1596164252870892,1.320404930802131,0.7922429584812788,0.5281619723208523,0.07661939334433619,0.05323068656460165,0.06711810731939295,1.1974677786385788,0.1378769451598778,0.00711780831557624,0.6723733049223105,0.34378399952432215,-0.00034628854013667165,0.0411317689718435,2.6536054203116275,2.0012075569616883,1.84698097442538,0.15422658253630814,1.3443740764770795,0.8066244458862475,0.537749630590832,0.07434334743329718,0.051302526383777136,0.06508472369168841,1.2110059827770203,0.1303506946529114,0.007211979626392017
2124,0.6603607078493741,0.3414718138230808,0.006536841830408549,0.040396909350610244,2.5623685884306058,1.9297375276392814,1.770102612299274,0.15963491534000732,1.3204432935522195,0.7922659761313318,0.5281773174208877,0.07662691449512679,0.05323705813355731,0.06712437306578281,1.1974236991333258,0.13787162714026271,0.007117557820924485,0.6723392042675824,0.3437792026349386,-0.00034872017837770525,0.041129682982728,2.653387345361319,2.000986443618272,1.846740547473019,0.15424589614525322,1.3444113298138336,0.8066467978883,0.5377645319255336,0.07435072270050362,0.051308774366948945,0.06509088054341658,1.2109614631691232,0.13034569457620196,0.007211729157909441
2125,0.6603223962917518,0.3414657319994641,0.006528579971024635,0.04039456577784049,2.5621273816741623,1.929499427104339,1.7698447182140384,0.15965470889030065,1.3204711057668728,0.7922826634601238,0.528188442306749,0.07663512963582175,0.05324401761846534,0.06713126303491715,1.1973755572045324,0.13786495594609097,0.007117266479024757,0.6723005510541114,0.34377318877491586,-0.0003563256933688391,0.04112731850180392,2.6531375546309377,2.0007412808546885,1.8464747320193577,0.15426654883533095,1.344438037685967,0.8066628226115801,0.537775215074387,0.07435874728232153,0.051315572419243935,0.06509762352868553,1.2109130289624306,0.13033947671238033,0.007211439978447379
2126,0.6602852432647429,0.34145908852078916,0.006517437325959295,0.040392293065011596,2.561896148706111,1.9292753887705907,1.7696030640369893,0.15967232473360138,1.320488474448536,0.7922930846691216,0.5281953897794143,0.07664265130792687,0.0532503896290544,0.06713758816539761,1.1973314835600792,0.1378578527346906,0.00711697733285368,0.6722632605558937,0.34376668151427203,-0.00036676879037914056,0.041125037371724765,2.6528990978165554,2.000511448961155,1.8462264913396402,0.15428495762151445,1.3444543441281924,0.8066726064769153,0.5377817376512771,0.07436607832364742,0.051321782936307764,0.0651038006973863,1.2108687852246436,0.1303328941374399,0.007211154547743272
2127,0.6602505009844941,0.34145244997470464,0.0065038286546165655,0.0403901677943074,2.561679922998169,1.9290698122695364,1.76938191760419,0.1596878946653463,1.320496675656631,0.7922980053939788,0.5281986702626522,0.07664943083314986,0.053256132927340466,0.06714331025804068,1.1972917622158372,0.13785109780053767,0.007116703165534623,0.6722285690418143,0.34376023408824835,-0.00037970317442050094,0.041122915199118926,2.6526770703970626,2.0003013704335784,1.846000133301132,0.1543012371324465,1.3444615618265516,0.8066769370959307,0.5377846247306209,0.07437266953307103,0.051327366702211816,0.06510937548018877,1.2108290100875787,0.13032666556496603,0.007210885410077854
2128,0.6602190670716928,0.3414462388443543,0.00648791380922939,0.04038824487646231,2.561482417637122,1.9288857004864886,1.7691841526644019,0.15970154782208662,1.3204971082878667,0.7922982649727202,0.5281988433151465,0.07665544298464509,0.05326122614231384,0.06714840850490723,1.1972565398210677,0.13784496943306415,0.00711645328577224,0.6721973580942204,0.3437542562198203,-0.00039499467728313503,0.041121005913678114,2.6524752240189797,2.0001140542029936,1.8457985523476244,0.15431550185536944,1.3444611194522593,0.8066766716713553,0.5377844477809041,0.07437849667105678,0.05133230318234949,0.06511432761852967,1.2107938486527219,0.13032104522345633,0.007210641650286458
2129,0.6601916598021764,0.3414407732456477,0.006470063874385992,0.0403865682529051,2.5613070204092288,1.928725639241648,1.7690122938851776,0.15971334535647042,1.3204912108734186,0.7922947265240513,0.5281964843493673,0.0766606555707089,0.05326564200266122,0.06715285417566404,1.197226003909214,0.1378396470074286,0.007116234966079819,0.6721703266310032,0.34374905392310573,-0.00041228765199806394,0.04111935227264074,2.6522969485935723,1.9999520633331047,1.8456242611180462,0.15432780221505848,1.3444544791258775,0.8066726874755261,0.5377817916503513,0.0743835294784154,0.051336566742543756,0.06511862983016575,1.2107634824318654,0.1303161957938513,0.007210430299645337
2130,0.6601688659074225,0.341436290243269,0.00645088295756769,0.040385173819015435,2.5611569138774573,1.9285919498555657,1.76886866082955,0.15972328902601562,1.3204804217465118,0.7922882530479072,0.5281921686986046,0.07666502860970861,0.05326934663780391,0.06715661045798471,1.1972003877341937,0.13783526373566657,0.007116053945571114,0.6721480387702867,0.34374485262030663,-0.00043098837935375,0.04111798878803487,2.652145395606755,1.9998176703234116,1.8454795376830608,0.15433813264035068,1.3444430965394905,0.8066658579236939,0.5377772386157965,0.07438773089753908,0.05134012598931377,0.06512224767046504,1.2107381340503873,0.13031223666892047,0.007210256836897428
2131,0.6601511299145474,0.3414329553920649,0.006431128299932531,0.04038408877165853,2.561034860961209,1.928486519773517,1.7687551693092016,0.15973135046431544,1.3204661527533452,0.7922796916520072,0.528186461101338,0.0766685233564818,0.05327230722464332,0.06715964053794575,1.1971799174093256,0.1378319154108059,0.0071159144482985,0.6721309136826933,0.34374180668741666,-0.00045034637683803724,0.04111694110555826,2.652023263487615,1.9997126875629023,1.845366226703856,0.1543464608590464,1.3444283946395987,0.806657036783759,0.5377713578558397,0.07439106568913874,0.05134295106957362,0.06512514725652643,1.2107180152740233,0.13030925209332808,0.007210125213719311
2132,0.6601387316842283,0.3414308678687455,0.006411605970329977,0.04038333023494121,2.5609429401034114,1.928410583202823,1.7686730820268592,0.15973750117596378,1.3204497634609202,0.7922698580765523,0.528179905384368,0.07667111234408973,0.05327450049446712,0.06716191648426734,1.197164753118511,0.13782966037269562,0.007115819089323879,0.6721192038947875,0.3437400047668153,-0.0004695594593713548,0.04111622467716711,2.6519325322662914,1.9996382476457122,1.845285489518985,0.1543527581267272,1.3444117379121778,0.8066470427473066,0.5377646951648712,0.07439351002648598,0.051345021798427815,0.06512730376737698,1.2107032691565591,0.1303072912810128,0.007210037771509464
2133,0.6601317693935402,0.3414300596413369,0.006393075916280286,0.040382904219136054,2.5608823930868145,1.9283645982896065,1.7686228730158102,0.1597417252737963,1.3204325334516738,0.7922595200710043,0.5281730133806695,0.07667278416899641,0.05327591678673027,0.0671634234936278,1.197154961122528,0.13782851638251978,0.007115768761759036,0.6721129791529021,0.343739469175856,-0.0004878691424842277,0.04111584377389546,2.6518743139709335,1.9995946829860243,1.8452376710309828,0.15435701195504148,1.344394404899918,0.8066366429399506,0.5377577619599673,0.07439505598057222,0.05134633145878924,0.06512870543186332,1.2106939430142933,0.1303063656748416,0.0072099951380555785
2134,0.6601301653998667,0.3414304943206033,0.006376195900463878,0.0403828059793018,2.560853671055622,1.9283483027085815,1.7686042906644934,0.15974401204408806,1.3204156339852142,0.7922493803911286,0.5281662535940856,0.07667354099630455,0.053276557935607025,0.06716415783402593,1.1971505283940806,0.13782845899890442,0.007115762662902801,0.6721121332502258,0.34374015498112154,-0.0005046169920129365,0.04111579190339762,2.6518489059179564,1.9995815879659695,1.8452223697736527,0.1543592181923168,1.3443775602405066,0.8066265361443038,0.5377510240962028,0.07439570894830738,0.05134688462266884,0.06512935140181877,1.2106900039612505,0.13030644759386656,0.007209996260444788
2135,0.6601337013685115,0.34143207673161075,0.0063615106604564195,0.04038302216396522,2.560856611187159,1.928360895242918,1.768616548987159,0.15974434625575906,1.3204001036666662,0.7922400621999998,0.5281600414666664,0.07667339341538246,0.05327643291191745,0.06716412265572339,1.1971513927551873,0.1378294262958444,0.007115798596777625,0.672116420233847,0.343741959763642,-0.0005192557889633284,0.04111605402466383,2.65185597741576,1.9995980094482289,1.84523863889586,0.1543593705523689,1.3443622308665009,0.8066173385199004,0.5377448923466005,0.07439548254371997,0.05134669282323804,0.06512924758357849,1.210691369732383,0.1303074747916901,0.007210038713664887
2136,0.6601420635647989,0.3414346713215307,0.006349464997314154,0.04038353358550298,2.560890605798604,1.9284012141593188,1.7686585056543827,0.159742708504936,1.320386833573702,0.7922321001442212,0.5281547334294807,0.07667235743308595,0.05327555527592495,0.067163325757848,1.1971574604831559,0.13783132867906864,0.007115873417941827,0.6721255007307733,0.3437447421465694,-0.0005313368287199471,0.04111660938165077,2.6518947483583504,1.9996426334325847,1.8452851732623783,0.15435746017020638,1.3443492918266202,0.806609575095972,0.5377397167306482,0.07439439557892202,0.051345771997242745,0.06512840438112578,1.2106979268888238,0.13030935974795826,0.007210119150490286
2137,0.6601548735560184,0.3414381216465016,0.006340414639637915,0.040384317097963356,2.5609546412142548,1.928467793736689,1.7687287034566799,0.15973909028000902,1.3203765629292916,0.792225937757575,0.5281506251717166,0.07667045662738682,0.053273945001789974,0.06716178179346363,1.197168593685344,0.13783405947858476,0.00711598339439583,0.6721389734507144,0.34374834130674103,-0.0005404993865813223,0.04111743343009551,2.651964034118372,1.9997138465830655,1.8453603564443046,0.1543534901387608,1.3443394627901128,0.8066036776740676,0.5377357851160453,0.07439247404286793,0.05134414416131574,0.06512683873947507,1.2107095188672,0.13031199964604048,0.007210233670457592
2138,0.6601716928935929,0.34144226661239474,0.006334622775112736,0.04038534588323975,2.5610471554526724,1.9285587509830078,1.7688252266441324,0.1597335243388753,1.3203698813475664,0.7922219288085399,0.5281479525390265,0.07666773041129912,0.05327163547838399,0.06715951968054824,1.1971845618757722,0.1378375029927531,0.007116124380429896,0.6721563804065028,0.34375259318633705,-0.0005464743186554474,0.04111849815661586,2.6520621045513524,1.9998096236108465,1.8454621178306057,0.1543475057802408,1.3443333112012446,0.8065999867207466,0.5377333244804979,0.07438975899868222,0.05134184410222524,0.06512458123326323,1.2107258983149785,0.130315283951835,0.007210377999388967
2139,0.6601920079878374,0.34144695260845764,0.00633224300921266,0.040386588525706646,2.561165773859773,1.9286715580700848,1.768945434784856,0.15972612328522864,1.3203672317915283,0.7922203390749171,0.5281468927166112,0.07666424596637281,0.05326868361878984,0.06715659311762914,1.197204972036832,0.13784153856573564,0.007116291830345849,0.6721771921913384,0.3437573426189336,-0.000549100985905826,0.04111977117796937,2.6521864176681147,1.999927297437194,1.8455876639706625,0.1543396334665315,1.3443312561624206,0.8065987536974522,0.5377325024649684,0.07438631804628448,0.051338929087477406,0.06512168617428332,1.2107466578962163,0.13031909830323507,0.007210547510775441
2140,0.6602152123252979,0.34145203939123203,0.0063332977370082685,0.04038800792446176,2.561307090620585,1.928802851690967,1.769085744494619,0.15971710719634785,1.320368910209943,0.792221346125966,0.528147564083977,0.07666010725150485,0.05326517749214738,0.06715308847948484,1.197229215778274,0.1378460406673284,0.007116480740461278,0.6722007905433138,0.3437624492390403,-0.000548348602678661,0.04112121467453489,2.652333399807297,2.0000633668775953,1.8457332584166295,0.15433010846096581,1.344333568984446,0.8066001413906675,0.5377334275937785,0.0743822539598891,0.0513354861826041,0.06511823918592685,1.2107711781084762,0.1303233246757011,0.007210737174114021
2141,0.6602406040758182,0.3414574017469617,0.006337663838274471,0.04038956114710447,2.5614666269466384,1.9289483991645004,1.769241589954233,0.15970680921026742,1.3203750616540084,0.7922250369924053,0.5281500246616031,0.07665545671488885,0.05326123777393743,0.06714912634364925,1.1972564592060515,0.13785087782570665,0.007116685649249188,0.6722264662971236,0.34376778919070383,-0.0005443303353403484,0.041122785265174704,2.6524984059237835,2.000213464201407,1.8458941838069851,0.1543192803944222,1.3443403701946641,0.8066042221167983,0.5377361480778658,0.07437770627417602,0.05133163359489295,0.06511435861765784,1.2107986176109375,0.13032784046361232,0.0072109415583301965
2142,0.6602674149854993,0.3414629328556501,0.006345079312775219,0.04039120119738994,2.5616390366256434,1.929103288892283,1.7694076308433806,0.15969565804890234,1.320385676303771,0.7922314057822628,0.5281542705215081,0.07665046833841593,0.05325701185352194,0.06714485554457678,1.197285683552539,0.1378559142430779,0.0071169008465574194,0.672253448658663,0.343773258527142,-0.0005372967434110199,0.04112443579823394,2.6526759320766473,2.000372551397845,1.846064956215874,0.15430759518197146,1.3443516264346225,0.8066109758607733,0.5377406505738491,0.07437284450595438,0.05132751493109629,0.06511018974282487,1.2108279540089573,0.1303325200358944,0.00721115504058644
2143,0.6602948782959255,0.34146855374246055,0.006355175550358014,0.0403928811701868,2.5618185792173325,1.9292623643634481,1.7695782242150357,0.15968414014841237,1.320400591670494,0.7922403550022967,0.5281602366681972,0.07664533225138509,0.05325266079959544,0.06714044000583563,1.19731577521702,0.1378610168101858,0.0071171208786360955,0.6722809734714787,0.34377878260657757,-0.0005276040524498787,0.04112611952773892,2.6528601005979304,2.0005353644369883,1.8462398084841949,0.15429555595279326,1.344367153522893,0.8066202921137356,0.5377468614091573,0.07436785324257422,0.051323286565027326,0.06510589198332296,1.2108580737356358,0.13033724127138976,0.0072113723061442495
2144,0.6603223271372219,0.3414742317588274,0.006367526601554346,0.04039456027049604,2.5619997591519503,1.929420809157568,1.7697480542543724,0.15967275490319555,1.3204195081626293,0.7922517048975779,0.5281678032650514,0.07664023532948448,0.053248342924544736,0.06713604218947508,1.1973456393810125,0.13786606889452097,0.007117341321911082,0.6723083817513431,0.3437843343354274,-0.0005156660157011328,0.04112779614107194,2.653045313520899,2.000697010479225,1.8464133338019595,0.15428367667726595,1.3443866328648995,0.8066319797189395,0.5377546531459599,0.07436291337259918,0.05131910173705959,0.0651016228801149,1.2108878852660045,0.13034189832812512,0.007211589112295574
2145,0.6603493063882577,0.34148001103382264,0.006381703998591254,0.04039621065618837,2.5621779554108377,1.9295747254866031,1.769912741746551,0.15966198374005205,1.3204420227738107,0.7922652136642867,0.528176809109524,0.07663534480565411,0.05324419990033447,0.06713180927151033,1.1973742960439937,0.13787099039463244,0.007117559746071504,0.6723352313333317,0.34378996414202156,-0.0005019007294271433,0.041129438588669784,2.653226894719321,2.0008535567337447,1.8465811071621143,0.15427244957163033,1.344409645928678,0.8066457875572067,0.5377638583714713,0.07435818626492788,0.05131509715141479,0.06509752473125965,1.210916414604585,0.130346420173135,0.00721180323860884
2146,0.6603756889910051,0.34148605732503173,0.006341727017275291,0.040397824553193434,2.5623499379778303,1.9297216147648166,1.7700693289133813,0.1596522858514353,1.320467681774081,0.7922806090644489,0.5281870727096322,0.07663079913302237,0.05324034901801216,0.06712786574951334,1.197400933619916,0.13787576232436935,0.007117776832146959,0.6723614125798945,0.3437958440982133,-0.0005432915718356982,0.04113104016212259,2.653401614547124,2.001002517319078,1.846740177985638,0.1542623393334398,1.3444357276024768,0.8066614365614859,0.5377742910409908,0.07435380500573105,0.0513113855525036,0.06509371749226202,1.2109428582311004,0.13035079328011182,0.007212015590700108
2147,0.6603647356239615,0.34148940495303404,0.006331373606788711,0.04039715446681062,2.5622357305110897,1.9296068087594578,1.7699380996741652,0.1596687090852926,1.3204960513948738,0.7922976308369245,0.5281984205579493,0.0766361913037402,0.053244917014121526,0.06713246617326292,1.1973693357033823,0.1378751989398096,0.007117738582215184,0.6723504299081867,0.3437991748722105,-0.0005535055753240967,0.041130368277012365,2.6532848047050632,2.000885168887287,1.8466061422901385,0.15427902659714843,1.344464437358208,0.8066786624149247,0.5377857749432833,0.07435902585323939,0.05131580841156235,0.06509817454076475,1.2109113472889836,0.13035028178625088,0.0072119793930099695
2148,0.6603551660878132,0.3414922414318579,0.006322423838170575,0.04039656903703458,2.5621360880975486,1.9295073223009571,1.7698244520694413,0.1596828702315159,1.3205193933801787,0.7923116360281074,0.5282077573520713,0.07664084965763136,0.05324886335476321,0.06713644457996001,1.1973420396862313,0.13787457188980107,0.007117704379014068,0.6723408405399917,0.3438019978148466,-0.0005623204269500984,0.04112978162785663,2.6531829538927996,2.0007835193844032,1.8464901061303851,0.15429341325401827,1.3444880796040244,0.8066928477624146,0.5377952318416098,0.07436353479592897,0.05131962817798688,0.0651020277035889,1.210884134849085,0.13034971511552143,0.007211947005145054
2149,0.6603468822867891,0.34149470348436545,0.006314816665998077,0.04039606225861325,2.562049094593144,1.929421144703916,1.7697260022373098,0.15969514246660627,1.3205384872597237,0.7923230923558343,0.5282153949038894,0.07664488627673223,0.053252282990622804,0.06713989689856428,1.1973183880957954,0.13787402932793918,0.007117674827027526,0.6723325414958621,0.34380444714029623,-0.0005698121380107793,0.04112927391078243,2.653094078928094,2.0006954921411806,1.8463896150771222,0.15430587706405835,1.3445074397516201,0.8067044638509719,0.5378029759006482,0.074367440809386,0.051322937170822695,0.06510537029463441,1.2108605625126765,0.1303492251273052,0.007211919028797286
2150,0.6603397557197337,0.34149687443684923,0.006308369073455541,0.04039562627056342,2.5619731202924996,1.9293465231248834,1.7696407112978343,0.15970581182704913,1.3205540149911088,0.7923324089946653,0.5282216059964435,0.07664839072332799,0.05325525179470053,0.06714289910285909,1.1972978556338527,0.13787357027538616,0.007117649868842716,0.6723254028248626,0.3438066053424537,-0.0005761617738357025,0.04112883717612889,2.653016504044648,2.000619289707506,1.8463025815992697,0.154316708108236,1.3445232040756305,0.8067139224453782,0.5378092816302523,0.07437083075661445,0.05132580897636462,0.06510827605029397,1.2108401055502425,0.13034881103041585,0.0072118954298403355
2151,0.6603336612189663,0.3414988123343462,0.0063029206648292715,0.04039525341587495,2.5619067937777715,1.929281962959112,1.7695668549962047,0.15971510796290725,1.3205665646359446,0.7923399387815667,0.5282266258543779,0.07665143641814605,0.053257831965620034,0.0671455131799191,1.1972800117355973,0.1378731901840568,0.00711762924344902,0.672319298307475,0.34380853008157103,-0.0005815278255330569,0.04112846370254916,2.652948817853871,2.0005533791841126,1.8462272393140475,0.15432613987006483,1.3445359642330397,0.8067215785398236,0.537814385693216,0.07437377591141854,0.05132830397446289,0.0651108051937912,1.2108223334648764,0.1303484687230189,0.007211875969875884
2152,0.6603284780470166,0.34150055825266257,0.006298330025687762,0.040394936308589306,2.5618489232202966,1.9292261597761797,1.7695029389706105,0.15972322080556933,1.3205766404161434,0.792345984249686,0.5282306561664574,0.07665408527011527,0.053260075949744946,0.06714779123142976,1.1972644933974481,0.1378728823333393,0.0071176125667555615,0.6723141064436026,0.3438102623009265,-0.0005860498620791285,0.04112814605743747,2.6528897936894484,2.0004964230222826,1.8461620572067101,0.15433436581557247,1.3445462274712308,0.8067277364827382,0.5378184909884925,0.0743763363959491,0.05133047309780591,0.06511300836754771,1.2108068831676375,0.13034819208532245,0.007211860286367822
2153,0.6603240902714954,0.34150214111658095,0.006294471973545608,0.04039466785672148,2.5617984505894476,1.9291779578522563,1.769447647399088,0.15973031045316832,1.3205846719839325,0.7923508031903594,0.528233868793573,0.07665639044015649,0.05326202878253358,0.06714977790573418,1.1972509889526834,0.1378726385486856,0.007117599376658365,0.6723097107703051,0.3438118309498633,-0.0005898512779954138,0.04112787711635635,2.652838343077564,2.000447236735515,1.8461056874698674,0.15434154926564783,1.3445544260128284,0.8067326556076968,0.5378217704051316,0.0743785638390137,0.05133236008391695,0.06511492897319845,1.2107934429047655,0.1303479736486433,0.0072118479377236335
2154,0.660320387637977,0.34150358118811125,0.00629123561269708,0.040394441315650426,2.561754424654567,1.929136324765076,1.7693998109506641,0.15973651381441178,1.3205910228398383,0.792354613703903,0.5282364091359353,0.0766583981558795,0.05326372962586577,0.0671515119901341,1.197239227417061,0.13787244974380636,0.007117589169395186,0.6723060006968025,0.34381325641685706,-0.0005930412429190207,0.04112765011410996,2.6527934881750466,2.000404762883046,1.8460569328356828,0.15434783004736313,1.3445609255656068,0.8067365553393638,0.537824370226243,0.07438050312800851,0.051334002959309205,0.06511660470936027,1.2107817416636562,0.13034780510281607,0.0072118384397236515
2155,0.6603172667693944,0.34150489262823097,0.006288523040927162,0.04039425036148447,2.5617159868594204,1.929100337021064,1.7693583880093504,0.15974194901171346,1.32059599808345,0.7923575988500701,0.52823839923338,0.07666014887140121,0.05326521275058682,0.06715302742395493,1.1972289716773585,0.13787230643038362,0.007117581429705377,0.6723028726706468,0.3438145530561994,-0.0005957160135652215,0.041127458716077626,2.6527543472117827,2.000368056232995,1.8460147273227387,0.15435332891025655,1.344566033148407,0.806739619889044,0.5378264132593631,0.07438219353360825,0.051335434992270876,0.06511806855432402,1.210771542369908,0.1303476777709021,0.007211831295676461
2156,0.6603146327963123,0.34150608562283247,0.006286248536730758,0.04039408919078685,2.5616823654861696,1.9290691730024059,1.7693224545087791,0.15974671849362687,1.320599851628984,0.7923599109773904,0.5282399406515936,0.07666167803346532,0.05326650818552849,0.06715435396595612,1.197220013990665,0.13787219924587168,0.007117575659791867,0.6723002317689482,0.34381573128180315,-0.0005979597774270345,0.041127297115551104,2.652720128331051,2.0003362763535364,1.8459781257104337,0.15435815064310254,1.3445700043676958,0.8067420026206173,0.5378280017470785,0.07438366945537729,0.0513366853245121,0.0651193494156861,1.2107626373760003,0.13034758309745673,0.007211826025193102
2157,0.6603124004226871,0.34150716791197816,0.006284337735893972,0.04039395258576846,2.561652871522402,1.9290421070721788,1.7692911957071928,0.15975091136498598,1.3206027930253483,0.792361675815209,0.5282411172101393,0.07666301666554087,0.053267642212330144,0.06715551769602199,1.1972121725531362,0.13787211934810542,0.007117571399492285,0.6722979927291969,0.3438167990716314,-0.0005998454999992242,0.041127160096790225,2.652690125169177,2.0003086814094866,1.8459462949983476,0.1543623864111391,1.344573050284716,0.8067438301708294,0.5378292201138866,0.07438496099099053,0.051337779453382464,0.06512047261937359,1.2107548450173757,0.13034751301169434,0.007211822184180598
2158,0.6603104944682693,0.34150814598628737,0.006282726784859943,0.040393835947463846,2.561626893554268,1.9290185027279974,1.7692638972698576,0.1597546054581398,1.3206049938073507,0.7923629962844104,0.5282419975229403,0.07666419191498382,0.05326863782896837,0.06715654148136527,1.1972052882874995,0.13787205877094635,0.00711756824025216,0.6722960804581366,0.34381776314004814,-0.000601435792630195,0.041127043066148554,2.6526637114769236,2.0002846210285785,1.8459185051956735,0.15436611583290494,1.3445753438020838,0.80674520628125,0.5378301375208338,0.07438609446769902,0.051338739682103965,0.06512146036257505,1.210748006398674,0.13034746025232136,0.007211819378636324
2159,0.6603088500499028,0.3415090258220947,0.006281361548496775,0.040393735306818654,2.561603894482952,1.9289978072263372,1.7692399384907902,0.1597578687355469,1.3206065933202695,0.7923639559921617,0.5282426373281078,0.0766652274361633,0.053269515074323995,0.06715744529538825,1.1971992225932562,0.13787201068038238,0.0071175658327713165,0.67229443018346,0.343818629656409,-0.0006027837218624543,0.04112694206135001,2.6526403375897973,2.0002635306743204,1.8458941222816958,0.15436940839262442,1.3445770255135028,0.8067462153081014,0.5378308102054014,0.07438709281578026,0.05133958543614062,0.06512233202470175,1.2107419831351183,0.13034741859920504,0.007211817272134345
2160,0.6603074126671218,0.3415098133208498,0.006280196851095099,0.040393647329923815,2.561583410443673,1.9289795481925054,1.769218788044739,0.15976076014776636,1.3206077039982234,0.792364622398934,0.5282430815992893,0.07666614362638283,0.05327029122804339,0.06715824640658843,1.1971938559604958,0.1378719694832074,0.007117563891435214,0.6722929875153111,0.34381940467531596,-0.0006039335748862368,0.041126853755249465,2.652619529133003,2.000244928045287,1.8458726037336963,0.15437232431159076,1.3445782089988445,0.8067469253993066,0.5378312835995379,0.07438797580078262,0.0513403334599452,0.06512310435368106,1.2107366559471555,0.1303473829707842,0.007211815590132235
2161,0.6603061377476871,0.3415105144734491,0.006279195555744424,0.04039356929021347,2.561565047926152,1.9289633286165357,1.7691999982470565,0.15976333036947918,1.3206084161318254,0.7923650496790953,0.5282433664527302,0.07666695786447672,0.05327098101266625,0.0671589595674046,1.1971890865690495,0.13787193078844337,0.007117562192959966,0.6722917079763163,0.3438200942988309,-0.0006049217726742384,0.041126775427082096,2.652600883916156,2.0002284078602304,1.8458534925549426,0.15437491530528769,1.3445789856020225,0.8067473913612133,0.5378315942408092,0.07438876025809173,0.05134099801567303,0.06512379165206186,1.2107319232420797,0.13034734938681447,0.0072118141186085
2162,0.6603049897157206,0.3415111353754656,0.00627832757172609,0.0403934990114577,2.5615484781723756,1.9289488195581936,1.7691831969314675,0.1597656226267261,1.3206088020681803,0.7923652812409082,0.5282435208272721,0.07666768480805358,0.0532715968454365,0.06715959725376797,1.1971848285449125,0.13787189134192507,0.0071175605707552245,0.6722905560618555,0.3438207046936974,-0.0006057778505494799,0.04112670490497522,2.6525840660920257,2.000213634346635,1.845836408909776,0.15437722543685886,1.3445794286370834,0.8067476571822497,0.5378317714548336,0.07438946038319602,0.05134159112908131,0.06512440601136962,1.2107276993604013,0.13034731490648305,0.007211812698527182
2163,0.6603039409965171,0.34151168218855865,0.00627756892808054,0.04039343480688308,2.5615334312808318,1.928935752862185,1.769168079398128,0.15976767346405707,1.3206089198045063,0.7923653518827038,0.5282435679218025,0.07666833667821203,0.05327214907950019,0.0671601698955073,1.1971810102906726,0.13787184894741294,0.007117558908416367,0.6722895042401537,0.3438212420563766,-0.0006065253716210778,0.0411266405047801,2.652568800035242,2.0002003337544143,1.8458210418437946,0.15437929191061991,1.3445795969857461,0.8067477581914474,0.5378318387942987,0.07439008800953623,0.05134212282491035,0.06512495753736913,1.2107239128977407,0.13034727755439587,0.00721181121946011
2164,0.6603029710245553,0.34151216103373533,0.006276900888101268,0.040393375418490016,2.561519690774366,1.928923914524979,1.7691544011603504,0.15976951336462866,1.3206088160233591,0.7923652896140154,0.5282435264093437,0.07666892350254637,0.053272646209768564,0.06716068607191525,1.1971775730607328,0.13787180232094629,0.007117557132632081,0.6722885319587991,0.3438217125118694,-0.0006071827938031113,0.041126580969297985,2.652554864710781,2.0001882875473895,1.8458071418296598,0.15438114571772987,1.3445795381352024,0.8067477228811212,0.5378318152540812,0.07439065284584892,0.05134260132795,0.06512545454148155,1.2107205052715648,0.13034723618624833,0.007211809612643215
2165,0.6603020651824019,0.34151257792873363,0.00627630905699092,0.0403933199521429,2.561507086780389,1.9289131371272783,1.7691419696048283,0.15977116752244994,1.3206085286259344,0.7923651171755605,0.5282434114503739,0.07666945340599537,0.053273095119311706,0.06716115275158718,1.1971744692566606,0.13787175092391526,0.0071175552060530655,0.6722876245843298,0.34382212205559953,-0.0006077643402229993,0.041126525403411746,2.652542086661273,2.0001773246654926,1.8457945122332078,0.15438281243228474,1.344579290713442,0.806747574428065,0.537831716285377,0.07439116275866914,0.05134303330236269,0.06512590377407287,1.2107174290158365,0.13034719033553907,0.007211807844018617
2166,0.6603012135855928,0.34151293872505095,0.006275782504253237,0.040393267803236446,2.561495487623775,1.928903291088959,1.7691306343438824,0.15977265674507654,1.3206080887998213,0.7923648532798926,0.5282432355199287,0.07666993294919426,0.05327350136599441,0.06716157557534896,1.1971716604445883,0.137871694813058,0.007117553119201782,0.672286772190935,0.3438224764949073,-0.0006082808550104679,0.041126473199986045,2.6525303314105115,2.000167312612603,1.8457829994751336,0.1543843131374697,1.3445788865589638,0.8067473319353781,0.5378315546235858,0.07439162409968292,0.0513434241290012,0.06512631069849473,1.210714645805376,0.1303471400758455,0.007211805906357401
2167,0.6603004099999635,0.34151324910728664,0.006275312999555381,0.040393218590464526,2.561484791575363,1.928894276368378,1.7691202779931887,0.15977399837518944,1.3206075226369576,0.7923645135821744,0.5282430090547832,0.07667036746315076,0.053273869465998394,0.06716195913895391,1.197169115394374,0.1378716345236704,0.007117550883754576,0.6722859684823281,0.34382278145151723,-0.000608740548411632,0.041126423973913896,2.6525194950464748,2.0001581490086413,1.8457724836417224,0.15438566536691872,1.3445783523412547,0.8067470114047525,0.5378313409365022,0.07439204202894423,0.051343778179223185,0.06512667976437529,1.2107121245053944,0.13034708591390898,0.0072118038127453685
2168,0.6602996507791202,0.3415135145656911,0.006274894286237301,0.04039317209082159,2.5614749188483796,1.9288860145626947,1.7691108074244273,0.15977520713826748,1.3206068523732544,0.7923641114239525,0.5282427409493019,0.07667076136167245,0.05327420315849604,0.0671623072576992,1.1971668082492497,0.1378715709199424,0.007117548525711023,0.6722852097355305,0.34382304233807914,-0.0006091497018182249,0.04112637749750425,2.6525094960693694,2.000149753558564,1.8457628695872128,0.15438688397135114,1.3445777108035948,0.8067466264821566,0.5378310843214382,0.07439242081643722,0.05134409907036051,0.06512701466329326,1.2107098393518387,0.13034702865307815,0.007211801589964817
2169,0.6602989340558393,0.3415137403757066,0.006274521532598935,0.04039312819013777,2.561465805478676,1.928878442892207,1.7691021471036241,0.15977629578858288,1.3206060972917533,0.7923636583750517,0.5282424389167015,0.07667111837939075,0.053274505607293285,0.06716262316820847,1.1971647171313935,0.13787150508025092,0.007117546080199483,0.6722844939978473,0.34382326434175503,-0.0006095132001927572,0.041126333651358066,2.6525002691548236,2.000142061933127,1.845754080152619,0.15438798178050783,1.3445769816703415,0.8067461890022045,0.5378307926681369,0.07439276407218387,0.05134438986065579,0.06512731852406319,1.210707768562926,0.13034696928902487,0.007211799273475713
2170,0.6602982591481775,0.3415139315624015,0.006274190905989845,0.040393086846749165,2.561457399054745,1.9288715099707017,1.7690942344304978,0.15977727554020393,1.320605274373746,0.7923631646242473,0.5282421097494987,0.07667144173428977,0.053274779538516545,0.06716290966571022,1.1971628231897675,0.13787143817806566,0.007117543587480088,0.6722838204976228,0.34382345239297735,-0.0006098349434984218,0.041126292388322716,2.6524917607943834,2.000135021460317,1.8457460514126578,0.15438897004765906,1.3445761823028768,0.8067457093817257,0.537830472921151,0.07439307490388739,0.05134465318281056,0.06512759404605868,1.2107058933879231,0.13034690890163184,0.00721179690355793
2171,0.660297626135088,0.34151409286824175,0.00627389926390539,0.04039304806553712,2.561449655744603,1.928865172845567,1.7690870164849994,0.1597781563605675,1.3206043987660068,0.7923626392596038,0.528241759506403,0.07667173423976882,0.05327502733554675,0.06716316919848464,1.197161109943607,0.1378713713890997,0.007117541090028261,0.6722831892233042,0.3438236111372594,-0.0006101181450677076,0.0411262537077421,2.652483926251708,2.0001285881029838,1.8457387293484402,0.15438985875454356,1.3445753281721138,0.8067451969032678,0.5378301312688459,0.07439335602611946,0.05134489133648365,0.06512784359137459,1.2107041974483042,0.13034684857087322,0.00721179452250184
2172,0.6602970355103457,0.34151422873233983,0.0062736439155114745,0.04039301187675777,2.5614425377816104,1.9288593945333337,1.7690804473117563,0.15977894722157748,1.3206034841164238,0.7923620904698541,0.5282413936465697,0.07667199839933622,0.05327525111923967,0.06716340394803214,1.1971595627276719,0.13787130582595827,0.007117538630205304,0.6722826005801662,0.343823744917718,-0.000610365562575238,0.041126217634457465,2.6524767269898546,2.000122723941991,1.8457320670701172,0.15439065687187384,1.3445744331995633,0.8067446599197374,0.5378297732798258,0.07439360985258046,0.05134510636644969,0.06512806926304313,1.210702666181059,0.13034678931768265,0.007211792172367466
2173,0.6602964878675358,0.34151434326710944,0.006273422433985404,0.04039297831677159,2.5614360111827663,1.9288541418173868,1.7690744854986562,0.15977965631873056,1.3206025428068506,0.7923615256841101,0.5282410171227405,0.07667223649013885,0.05327545281868819,0.06716361589997659,1.1971581682029233,0.13787124249642446,0.0071175362480985875,0.6722820550779968,0.34382385775448604,-0.0006105796806317523,0.041126184199701904,2.652470128341841,2.0001173949307396,1.8457260223444574,0.15439137258628222,1.3445735099956402,0.8067441059973836,0.5378294039982566,0.0743938385773046,0.05134530013139235,0.06512827297404897,1.2107012863487248,0.13034673206620326,0.0072117898929029665
2174,0.6602959836554569,0.34151444023923194,0.006273232523308726,0.040392947413080235,2.5614300439667526,1.928849383546291,1.7690690923069492,0.1597802912393418,1.3206015860996727,0.7923609516598034,0.5282406344398693,0.07667245062727751,0.05327563422570726,0.0671638068987812,1.1971569139797564,0.13787118227870204,0.007117533979836483,0.6722815530889366,0.3438239533278849,-0.0006107628408289559,0.04112615342628642,2.652464097694835,2.0001125691622628,1.8457205556878302,0.15439201347443254,1.3445725700116757,0.8067435420070048,0.5378290280046709,0.07439404423712004,0.05134547435681767,0.06512845650052593,1.2107000456625214,0.13034667762145138,0.007211787719922798
2175,0.6602955228971299,0.3415145230233837,0.00627307187876238,0.04039291916713734,2.5614246043314433,1.9288450889031195,1.7690642297989654,0.15978085910415413,1.3206006242207968,0.7923603745324779,0.528240249688319,0.07667264282308768,0.05327579704505388,0.06716397869792906,1.1971557882707373,0.1378711258831444,0.00711753185543647,0.672281094569366,0.34382403493450425,-0.0006109173769802204,0.04112612531158663,2.6524586026385406,2.000108215111749,1.845715628461564,0.15439258665018493,1.3445716236282956,0.8067429741769768,0.5378286494513188,0.07439422876902899,0.05134563068366381,0.06512862153037988,1.2106989324361455,0.13034662663452568,0.007211785683220789
2176,0.6602951050455602,0.34151459457801325,0.0062729381313440385,0.040392893545524736,2.561419659709209,1.9288412265213604,1.769059859882323,0.15978136663903722,1.3205996663781434,0.7923597998268858,0.5282398665512577,0.07667281501728584,0.05327594291996556,0.06716413298553173,1.197154779713994,0.13787107384528538,0.007117529897696401,0.6722806789171021,0.3438241054643713,-0.000611045670075451,0.0411260998188069,2.652453610004762,2.0001043007367256,1.845711201897159,0.1543930988395666,1.3445706801793396,0.8067424081076031,0.5378282720717364,0.07439439403950632,0.051345770693121406,0.06512876968819649,1.2106979354089822,0.1303465795963568,0.007211783805496048
2177,0.6602947289033064,0.34151465742166837,0.006272828811167211,0.04039287047503223,2.5614151763414235,1.9288377640852252,1.7690559438917592,0.15978182019346598,1.320598720749441,0.7923592324496643,0.5282394882997766,0.07667296908769464,0.05327607344124628,0.06716427139327141,1.1971538773103645,0.13787102650829927,0.007117528121486277,0.6722803048919569,0.34382416737850513,-0.0006111501837755412,0.04112607687212065,2.6524490854339606,2.000100793068631,1.8457072366670655,0.1543935564015656,1.344569747944826,0.806741848766895,0.537827899177931,0.0743945418551084,0.05134589591562093,0.06512890254409677,1.210697043682071,0.130346536821846,0.007211782101666647
2178,0.6602943927068545,0.341514713642543,0.006272741394759841,0.040392849847818976,2.561411119873403,1.9288346688891227,1.769052443200308,0.15978222568881464,1.3205977944551583,0.7923586766730948,0.5282391177820636,0.07667310682983379,0.053276190129976794,0.06716439547901348,1.1971530705428977,0.1378709840374195,0.007117526534356066,0.6722799706992204,0.3438242227187079,-0.0006112334197894073,0.04112605636177721,2.652444993972878,2.000097658772326,1.8457036934956377,0.1543939652766882,1.3445688341287345,0.8067413004772401,0.5378275336514944,0.0743946739432628,0.05134600781455867,0.06512902159734933,1.2106962468339644,0.13034649846318067,0.007211780579465261
2179,0.6602940941977453,0.34151476491185945,0.0062726733313744065,0.04039283152576439,2.5614074558048565,1.928831908260304,1.7690493196742487,0.1597825885860553,1.3205968935510133,0.7923581361306078,0.5282387574204055,0.07667322994290762,0.05327629442564391,0.06716450671493357,1.1971523494589,0.13787094642319875,0.007117525137095272,0.672279674060062,0.3438242731210713,-0.0006112978928941443,0.041126038148408345,2.652441300526859,2.000094864568281,1.8457005336134364,0.15439433095484417,1.344567944855705,0.8067407669134226,0.5378271779422825,0.07439479193913119,0.05134610777516748,0.06512912826522421,1.2106955349999502,0.1303464645129945,0.007211779239989302
2180,0.6602938307282555,0.3415148125183045,0.006272622099794088,0.04039281534693279,2.5614041500059583,1.928829450053231,1.7690465361846819,0.15978291386854926,1.3205960230354612,0.7923576138212766,0.5282384092141846,0.0766733400176963,0.05327638767588258,0.06716460647757654,1.1971517047408273,0.13787091351382713,0.00711752392469317,0.6722794123158145,0.3438243198497136,-0.0006113460779513039,0.04112602206940752,2.652437970380173,2.000092377728127,1.8456977192708854,0.15439465845724143,1.344567085182147,0.8067402511092877,0.5378268340728593,0.07439489737416621,0.05134619709482276,0.06512922387358058,1.2106948989410578,0.13034643483393032,0.007211778078641047
2181,0.6602935993572364,0.3415148574050691,0.0062725852509067925,0.04039280113143601,2.5614011691323317,1.9288272630445293,1.7690440570057921,0.1597832060387372,1.3205951868775663,0.7923571121265396,0.5282380747510267,0.0766734385290537,0.05327647113012038,0.06716469604185729,1.1971511277502074,0.1378708850411569,0.007117522887261009,0.6722791825225617,0.3438243638328679,-0.000611380370275999,0.041126007944715964,2.652434969616717,2.000090166472205,1.8456952141404601,0.15439495233174494,1.3445662591270955,0.8067397554762569,0.5378265036508386,0.07439499166893654,0.0513462769769642,0.06512930965110733,1.2106943300873234,0.13034640918241674,0.0072117770860303364
2182,0.6602933969402582,0.3415149002098295,0.006272560445747873,0.040392788686948004,2.561398480968137,1.9288253172572845,1.7690418481313828,0.15978346912590163,1.3205943880612572,0.7923566328367542,0.528237755224503,0.07667352683192732,0.053276545936205774,0.0671647765780884,1.1971506105509282,0.1378708606481028,0.007117522010944984,0.6722789815399637,0.3438244057016647,-0.0006114030504567117,0.04112599558225663,2.652432265468981,2.0000882002966587,1.8456929836376426,0.15439521665901626,1.344565469718898,0.8067392818313385,0.5378261878875595,0.07439507612924354,0.05134634852780596,0.0651293867263926,1.2106938205611941,0.13034638723365352,0.007211776248866872
2183,0.6602932203792973,0.3415149413315,0.006272545564400503,0.04039277782397924,2.561396055834622,1.9288235852633047,1.7690398786487123,0.1597837066145924,1.3205936286431832,0.7923561771859098,0.5282374514572734,0.07667360612401466,0.05327661310877235,0.06716484912052018,1.1971501461279432,0.13787083993751148,0.007117521280065458,0.6722788062754753,0.34382444585462724,-0.0006114161822797573,0.04112598479287402,2.6524298277253266,2.0000864512712826,1.8456909962923265,0.15439545497895615,1.344564719055001,0.8067388314330002,0.5378258876220008,0.07439515191086007,0.05134641272646502,0.06512945609817865,1.2106933633902317,0.13034636862590127,0.0072117755520293755
2184,0.6602930666203171,0.34151498095925015,0.006272538665199702,0.040392768355728775,2.561393866302801,1.9288220418980528,1.7690381203899663,0.15978392150808662,1.3205929098547244,0.7923557459128345,0.5282371639418899,0.07667367746387682,0.05327667354458379,0.0671649145830592,1.1971497282811692,0.13787082246016918,0.0071175206773588665,0.6722786536853937,0.34382448448640984,-0.0006114216497563191,0.04112597539039842,2.6524276284671444,2.0000848937758673,1.8456892234243871,0.15439567035148,1.344564008404596,0.8067384050427572,0.5378256033618388,0.07439522003598904,0.0513464704389041,0.06512951864965615,1.210692952407809,0.13034635295044894,0.007211774978833988
2185,0.6602929327787173,0.34151501914335775,0.00627253805075826,0.04039276010575851,2.5613918875168933,1.9288206645722796,1.769036548200904,0.15978411637137557,1.3205922321933155,0.7923553393159891,0.5282368928773263,0.07667374177450695,0.053276728025556955,0.06716497376313717,1.1971493516045715,0.1378708077775431,0.00711752018538281,0.6722785208972242,0.3438245216558781,-0.0006114210978084983,0.04112596719913149,2.652425642396512,2.000083504812209,1.8456876394157835,0.15439586539642547,1.344563338301215,0.8067380029807285,0.5378253353204865,0.07439528139647084,0.051346522420648896,0.06512957515195758,1.2106925822337509,0.1303463398078095,0.007211774512397077
2186,0.6602928161933883,0.3415150558342992,0.006272542259251723,0.04039275291130012,2.5613900972776906,1.9288194333276572,1.7690351399598545,0.15978429336780275,1.3205915955297272,0.7923549573178362,0.5282366382118909,0.07667379984999245,0.053276777224405755,0.06716502734766372,1.1971490114471375,0.13787079546475273,0.0071175197871973135,0.672278405262974,0.34382455732419914,-0.0006114159404663616,0.04112596005710667,2.652423846921436,2.000082264060162,1.8456862217311134,0.15439604232904877,1.3445627086505383,0.8067376251903224,0.5378250834602158,0.0743953367601057,0.05134656932214402,0.06512962626980243,1.210692248236188,0.1303463288109662,0.00721177413630574
2187,0.6602927144623998,0.34151509092182114,0.006272550061206382,0.04039274662543829,2.561388475969673,1.928818330751727,1.7690338764404137,0.1597844543113135,1.3205909992154323,0.7923545995292594,0.528236399686173,0.07667385236784978,0.05327682171509058,0.06716507592388744,1.1971487038406257,0.13787078512648182,0.007117519466931988,0.6722783043938345,0.3438245913928091,-0.0006114073651382682,0.04112595381821081,2.652422222080893,2.0000811537894583,1.845684950778046,0.15439620301141233,1.3445621188380792,0.806737271302847,0.5378248475352322,0.07439538678246102,0.05134661169875568,0.06512967257189112,1.2106919464603192,0.1303463195999097,0.007211773835174311
2188,0.6602926254585715,0.3415151242695539,0.0062725604450975594,0.04039274111806326,2.561387006364873,1.9288173417794703,1.7690327410530515,0.15978460072641876,1.320590442186369,0.7923542653118214,0.5282361768745476,0.07667389990491989,0.05327686198628426,0.06716511999327995,1.1971484254064595,0.13787077640714332,0.0071175192101889835,0.6722782161749851,0.343824623737037,-0.0006113963474239856,0.041125948353089886,2.6524207503454376,2.000080158657319,1.8456838096456152,0.15439634901170396,1.344561567833038,0.8067369406998224,0.5378246271332157,0.07439543202207735,0.051346650023653434,0.06512971454418814,1.2106916735366775,0.13034631185091555,0.007211773595040695
2189,0.6602925473371386,0.34151515574428626,0.006272572600222355,0.04039273627633974,2.561385673415318,1.9288164534832524,1.7690317195796503,0.15978473390360207,1.3205899230594464,0.7923539538356679,0.5282359692237786,0.07667394295251592,0.05327689845420441,0.06716515998471558,1.1971481732670077,0.13787076899789286,0.007117519004349669,0.6722781387727067,0.34382465423452857,-0.0006113836683522486,0.04112594354958404,2.6524194164069432,2.0000792654951756,1.845682783836105,0.1543964816590705,1.3445610542847315,0.8067366325708384,0.5378244217138931,0.07439547295493557,0.05134668470006609,0.06512975260251219,1.2106914265938522,0.1303463052829366,0.007211773403668666
2190,0.6602924785278206,0.3415151852371974,0.0062725858928905295,0.04039273200422174,2.5613844639985652,1.9288156548170083,1.7690307998660073,0.15978485495100103,1.32058944022093,0.7923536641325579,0.528235776088372,0.07667398193158491,0.05327693147545778,0.06716519626756493,1.1971479449567766,0.13787076263816792,0.007117518838713402,0.6722780706262231,0.3438246827858716,-0.0006113699377666704,0.041125939312228604,2.6524182069213422,2.0000784630498334,1.8456818609548633,0.15439660209497005,1.3445605766107993,0.806736345966479,0.5378242306443203,0.07439550998893105,0.051346716073543706,0.06512978710504053,1.210691203171169,0.13034629965899996,0.007211773250686435
2191,0.6602924177138259,0.3415152126775864,0.006272599840329157,0.04039272822116838,2.5613833666303996,1.9288149363291092,1.7690299714877589,0.1597849648413503,1.3205889919044014,0.7923533951426407,0.5282355967617607,0.07667401720742334,0.05327696135950654,0.06716522916432305,1.1971477383362228,0.13787075711510155,0.007117518704488847,0.6722780104267064,0.3438247093279444,-0.000611355619825539,0.041125935560969835,2.6524171102181224,2.0000777416931923,1.8456810303731443,0.15439671132004773,1.3445601330749641,0.806736079844978,0.5378240532299862,0.07439554347793245,0.051346744443867304,0.06512981836437931,1.210691001133879,0.13034629478566473,0.007211773127581027
2192,0.6602923637975741,0.34151523803863004,0.006272614081581147,0.04039272486004697,2.561382371147184,1.92881428984653,1.7690292253931483,0.15978506445338164,1.3205885762567264,0.7923531457540357,0.5282354305026907,0.07667404910373424,0.05327698838057686,0.06716525896258718,1.1971475515094183,0.13787075225974532,0.007117518594632399,0.672277957083151,0.3438247338395221,-0.0006113410612672149,0.0411259322290773,2.6524161159785047,2.000077093102611,1.8456802828668195,0.1543968102357916,1.3445597218528091,0.8067358331116851,0.5378238887411241,0.07439557373524103,0.05134677007645112,0.06512984665903952,1.2106908185919638,0.13034629050956398,0.00721177302754244
2193,0.6602923158481895,0.3415152613346848,0.006272628343362778,0.040392721863921066,2.561381468320341,1.9288137080968661,1.7690285534860002,0.159785154610866,1.3205881913905686,0.792352914834341,0.5282352765562276,0.07667407791726542,0.05327701279005965,0.06716528592745527,1.197147382738315,0.13787074793962656,0.0071175185034987095,0.6722779096700425,0.3438247563386383,-0.0006113265244968372,0.041125929259942615,2.6524152148432223,2.000076509877024,1.8456796101927277,0.15439689968429637,1.3445593410841583,0.8067356046504945,0.5378237364336638,0.0743956010476728,0.05134679321427234,0.06512987224537442,1.2106906538151827,0.13034628671057968,0.007211772945122219
2194,0.6602922730809246,0.3415152826185853,0.006272642425584306,0.040392719184791696,2.561380649733545,1.9288131845752925,1.7690279484808553,0.15978523609443726,1.3205878354211498,0.7923527012526896,0.5282351341684601,0.07667410392256199,0.05327703482053675,0.06716531030543663,1.1971472304149102,0.13787074405599672,0.007117518426689168,0.67227786740681,0.3438247768800026,-0.0006113122016783365,0.041125926605822566,2.652414398286127,2.0000759854008345,1.8456790049402767,0.1543969804605576,1.3445589889097511,0.8067353933458502,0.5378235955639009,0.0743956256801847,0.05134681408179015,0.06512989536139341,1.2106905052051633,0.13034628329934286,0.0072117728760853084
2195,0.6602922348316748,0.34151530197306174,0.006272656180998953,0.040392716782038554,2.5613799076798673,1.9288127134278894,1.7690274037827356,0.15978530964515392,1.3205875064952197,0.7923525038971316,0.5282350025980881,0.07667412737471815,0.053277054688112134,0.06716533232656799,1.1971470930451256,0.13787074053321285,0.007117518360817899,0.6722778296324375,0.3438247955467125,-0.0006112982341186374,0.04112592422628592,2.652413658507325,2.000075513723963,1.8456784604072425,0.15439705331672063,1.3445586635001379,0.8067351981000822,0.5378234654000557,0.07439564787861574,0.051346832887267935,0.06512991622888332,1.2106903712788677,0.13034628020752884,0.007211772817180507
2196,0.6602922005407652,0.3415153195042032,0.006272669504980843,0.04039271462142818,2.5613792351100257,1.9288122893872952,1.7690269134228063,0.15978537596448905,1.3205872028120327,0.7923523216872195,0.5282348811248132,0.07667414851048364,0.05327707259334909,0.06716535220517283,1.1971469692423287,0.13787073731450156,0.007117518303353373,0.6722777957893613,0.34382481244397606,-0.000611284722091987,0.04112592208722861,2.6524129883787926,2.0000750894954122,1.845677970532826,0.15439711896258632,1.3445583630766118,0.8067350178459667,0.5378233452306451,0.07439566787082962,0.0513468498237412,0.06512993505421066,1.210690250661696,0.1303462773839979,0.007211772765985601
2197,0.660292169735028,0.3415153353350792,0.006272682324748723,0.04039271267401785,2.56137862556108,1.9288119076938013,1.769026471977691,0.15978543571611029,1.3205869226389824,0.7923521535833893,0.5282347690555931,0.07667416754999334,0.05327708872273571,0.06716537014118641,1.1971468577172004,0.13787073435724162,0.007117518252450786,0.6722777654058067,0.3438248276929918,-0.0006112717351412361,0.0411259201597933,2.6524123813714553,2.0000747078831687,1.845677529815362,0.1543971780678066,1.344558085926823,0.8067348515560934,0.5378232343707295,0.07439568586841425,0.05134686507045738,0.06512995202963046,1.2106901420772354,0.13034627479048247,0.007211772720744418
2198,0.6602921420088124,0.34151534959979557,0.006272694590078204,0.040392710914993954,2.561378073068019,1.9288115640042554,1.7690260744747652,0.15978548952949023,1.3205866643220898,0.7923519985932538,0.528234665728836,0.07667418469908809,0.053277103250650756,0.06716538632202057,1.197146757264144,0.13787073162972985,0.0071175182067817165,0.672277738077081,0.3438248414252347,-0.0006112593209998199,0.04112591841922525,2.652411831465407,2.000074364482087,1.8456771332162263,0.1543972312658605,1.3445578304153019,0.8067346982491808,0.5378231321661211,0.07439570206893117,0.05134687879478144,0.06512996733509893,1.2106900443336879,0.13034627239862445,0.007211772680201313
2199,0.6602921170080414,0.3415153624376498,0.006272706266351034,0.040392709322697,2.5613775720973107,1.928811254323453,1.769025716322325,0.1597855380011279,1.320586426291643,0.7923518557749857,0.5282345705166572,0.076674200150751,0.05327711634058055,0.06716540092368639,1.1971466667528703,0.13787072910846607,0.007117518165383495,0.6722777134498815,0.34382485377684596,-0.0006112475122667799,0.041125916843912494,2.652411333082251,2.0000740552443714,1.8456767760887387,0.15439727915563292,1.3445575949891877,0.8067345569935123,0.5378230379956754,0.0743957166573243,0.051346891153389244,0.06512998113937962,1.2106899563153746,0.13034627018750142,0.007211772643454837
2200,0.660292094419053,0.3415153739871012,0.0062727173299785555,0.04039270787793901,2.5613771175210442,1.9288109749738958,1.7690253932825923,0.15978558169130333,1.3205862070640868,0.792351724238452,0.5282344828256348,0.07667421408495305,0.053277128144988084,0.06716541411055248,1.1971465851293028,0.1378707267753029,0.0071175181275366615,0.6722776912112807,0.34382486488283664,-0.0006112363307599067,0.04112591541471223,2.6524108810579574,2.000073776448346,1.8456764541498105,0.15439732229853542,1.3445573781802453,0.8067344269081469,0.5378229512720984,0.07439572980582462,0.051346902292186844,0.06512999359985898,1.2106898769833079,0.1303462681410326,0.00721177260983809
2201,0.6602920739632665,0.3415153843805007,0.006272727766636128,0.04039270656367744,2.5613767046307045,1.9288107226032838,1.7690251014858114,0.1597856211174723,1.3205860052414886,0.7923516031448931,0.5282344020965956,0.0766742266671489,0.053277138804038913,0.0671654260339588,1.197146511424385,0.13787072461511016,0.007117518092685217,0.6722776710834497,0.3438248748720371,-0.0006112257891715683,0.04112591411462803,2.6524104706554312,2.0000735247049923,1.8456761634927454,0.154397361212247,1.3445571786044768,0.8067343071626858,0.537822871441791,0.07439574167257719,0.051346912345147405,0.06513000486127771,1.2106898053834751,0.13034626624586212,0.007211772578840691
2202,0.6602920553942471,0.3415153937401412,0.006272737570488976,0.04039270536483566,2.561376329155846,1.9288104941982622,1.76902483744985,0.15978565674841225,1.3205858195099929,0.7923514917059957,0.5282343278039972,0.0766742380468222,0.05327714844436858,0.06716543683089891,1.1971464447626052,0.13787072261399586,0.007117518060383478,0.6722776528207193,0.34382488386332166,-0.0006112158917935678,0.04112591292863031,2.652410097581979,2.0000732969707093,1.845675900605548,0.15439739636516125,1.3445569949607188,0.806734196976431,0.5378227979842878,0.07439575240031424,0.05134692143318702,0.06513001505452629,1.2106897406548414,0.13034626448974307,0.007211772550056516
2203,0.6602920384955178,0.341515402176393,0.006272746743838015,0.040392704268169335,2.561375987265331,1.9288102870847665,1.769024598082625,0.15978568900214174,1.3205856486378431,0.7923513891827059,0.5282342594551372,0.0766742483570457,0.053277157178710156,0.06716544662361715,1.1971463843645664,0.1378707207586445,0.007117518030265993,0.6722776362074268,0.34382489196385846,-0.0006112066348636716,0.041125911843524696,2.6524097579898087,2.0000730905470343,1.8456756623725346,0.1543974281744999,1.344556826028791,0.8067340956172743,0.5378227304115167,0.0743957621159762,0.051346929663843736,0.0651300242962964,1.2106896820316375,0.13034626286094206,0.007211772523154697
2204,0.6602920230761402,0.3415154097873669,0.006272755295561115,0.040392703261996274,2.561375675532126,1.9288100988972046,1.7690243806482289,0.15978571824897567,1.3205854914731625,0.7923512948838974,0.5282341965892651,0.07667425771564854,0.05327716510688297,0.0671654555206225,1.1971463295401545,0.13787071903608977,0.007117518002017169,0.6722776210534919,0.34382489926880955,-0.0006111980081351873,0.04112591084768162,2.6524094484398546,2.0000729030489253,1.8456754460394165,0.15439745700950872,1.3445566706673973,0.806734002400438,0.5378226682669592,0.07439577093185726,0.051346937132247916,0.06513003269007667,1.2106896288364477,0.13034626134802055,0.007211772497850061
2205,0.6602920089672495,0.34151541665982404,0.006272763240111466,0.04039270233598449,2.561375390891777,1.9288099275435344,1.769024182727133,0.15978574481640156,1.3205853469410742,0.7923512081646443,0.5282341387764299,0.0766742662268323,0.05327717231716178,0.0671654636181145,1.19714627967907,0.1378707174342068,0.007117517975357826,0.6722776071909423,0.3438249058622336,-0.0006111899959180961,0.04112590993082383,2.652409165859476,2.0000727323690737,1.8456752491726625,0.15439748319641142,1.3445565278113563,0.8067339166868135,0.5378226111245428,0.07439577894716914,0.051346943922447146,0.06513004032753317,1.2106895804707767,0.13034625994028243,0.00721177247389027
2206,0.6602919960199303,0.3415154228703258,0.006272770596639561,0.040392701481022426,2.561375130609332,1.9288097711784065,1.7690240021850823,0.15978576899332417,1.3205852140404166,0.7923511284242498,0.5282340856161668,0.07667427398251708,0.05327717888741704,0.06716547100118125,1.1971462342429453,0.13787071594185182,0.007117517950042208,0.6722775944717883,0.3438249118182236,-0.0006111825779604452,0.041125909083896545,2.6524089075088892,2.0000725766505405,1.845675069627844,0.15439750702269653,1.3445563964684093,0.8067338378810452,0.537822558587364,0.07439578624933994,0.05134695010850644,0.06513004728966558,1.2106895364072139,0.13034625862790203,0.007211772451053325
2207,0.6602919841024621,0.34151542848607586,0.006272777387623642,0.040392700689050515,2.5613748922443222,1.9288096281743,1.7690238371401057,0.15978579103419432,1.320585091840361,0.7923510551042166,0.5282340367361444,0.07667428106369838,0.0532771848862643,0.0671654777450017,1.197146192757397,0.137870714548596,0.007117517925848357,0.6722775827652484,0.3438249172017395,-0.0006111757308017926,0.04112590829889774,2.652408670945451,2.000072434257208,1.8456749055158956,0.15439752874131235,1.3445562757159264,0.8067337654295554,0.537822510286371,0.07439579291532816,0.05134695575562147,0.06513005364797234,1.210689496181507,0.13034625740167957,0.007211772429138317
2208,0.6602919731011666,0.34151543356634684,0.006272783639427612,0.040392699953112975,2.5613746736397003,1.9288094971149161,1.76902368595361,0.15978581116130627,1.3205849794768174,0.7923509876860904,0.528233991790727,0.07667428754103886,0.053277190373565736,0.06716548391539703,1.1971461548085611,0.13787071324519795,0.007117517902596,0.6722775719585976,0.343824922070021,-0.0006111694272474544,0.041125907568930115,2.6524084540125084,2.000072303767042,1.8456747551940786,0.1543975485729633,1.3445561646973836,0.8067336988184297,0.5378224658789539,0.07439579901219437,0.0513469609206028,0.0651300594649829,1.2106894593891133,0.13034625625348448,0.007211772407983461
2209,0.660291962918916,0.3415154381635237,0.006272789381163726,0.04039269926726674,2.5613744728955163,1.9288093767741694,1.769023547205895,0.15978582956827442,1.320584876149369,0.7923509256896213,0.5282339504597477,0.07667429347595399,0.053277195401349654,0.0671654895698002,1.1971461200367335,0.1378707120232019,0.007117517880146515,0.672277561955679,0.3438249264736153,-0.0006111636374614496,0.041125906888110075,2.6524082548127526,2.0000721839507425,1.8456746172411342,0.1543975667096081,1.3445560626193644,0.8067336375716183,0.5378224250477461,0.07439580459814556,0.051346965652760715,0.06513006479519129,1.2106894256788985,0.13034625517588833,0.007211772387466437
2210,0.6602919534720364,0.3415154423241873,0.006272794643441625,0.040392698626391915,2.5613742883284325,1.9288092660824703,1.7690234196575032,0.15978584642496704,1.3205847811182156,0.7923508686709293,0.5282339124472863,0.07667429892221975,0.05327720001517257,0.06716549475867827,1.1971460881269524,0.13787071087509226,0.007117517858393346,0.6722775526737832,0.34382493045743795,-0.0006111583302244109,0.04112590625137688,2.652408071667027,2.000072073737334,1.845674490417889,0.15439758331944473,1.3445559687485635,0.8067335812491379,0.5378223874994257,0.07439580972408584,0.051346969995218775,0.06513006968642829,1.2106893947437845,0.1303462541623054,0.007211772367495137
2211,0.6602919446884747,0.3415154460902494,0.006272799457784653,0.04039269802607974,2.5613741184412557,1.9288091641022445,1.769023302220775,0.1597858618814694,1.3205846937008012,0.7923508162204806,0.5282338774803206,0.0766743039272196,0.05327720425517554,0.06716549952664466,1.197146058801699,0.1378707097945932,0.007117517837260669,0.6722775440418046,0.3438249340618819,-0.0006111534735228491,0.04112590565437983,2.6524079030834535,2.0000719721892675,1.8456743736383756,0.1543975985508919,1.3445558824084636,0.8067335294450778,0.5378223529633858,0.07439581443481441,0.05134697398592881,0.06513007418093071,1.21068936631352,0.1303462532072701,0.0072117723480065845
2212,0.6602919365062071,0.3415154494996638,0.0062728038558357915,0.04039269746253515,2.5613739618993026,1.9288090700091978,1.7690231939382532,0.15978587607094458,1.320584613268416,0.7923507679610494,0.5282338453073666,0.07667430853286245,0.053277208156861836,0.0671655039132798,1.1971460318155163,0.13787070877643873,0.007117517816699815,0.6722775359986424,0.3438249373235113,-0.0006111490353202659,0.04112590509338051,2.652407747733495,2.0000718784833738,1.8456742659479082,0.15439761253546558,1.3445558029759783,0.8067334817855867,0.5378223211903916,0.07439581876990806,0.05134697765841842,0.06513007831613067,1.2106893401493575,0.13034625230622593,0.0072117723289635794
2213,0.6602919288717906,0.3415154525868762,0.006272807868780345,0.040392696932488314,2.5613738175109413,1.9288089830770718,1.7690230939652518,0.15978588911181998,1.320584539242816,0.7923507235456895,0.5282338156971265,0.07667431277630077,0.053277211751705314,0.06716550795377446,1.1971460069508058,0.13787070781617264,0.007117517796684274,0.6722775284917489,0.34382494027550425,-0.0006111449841145478,0.0411259045651639,2.6524076044321996,2.000071791895324,1.8456741665053342,0.15439762538999005,1.3445557298781092,0.8067334379268652,0.537822291951244,0.07439582276441306,0.051346981042377185,0.06513008212527562,1.2106893160398808,0.13034625145534318,0.007211772310349927
2214,0.6602919217390883,0.3415154553831657,0.0062728115269338955,0.04039269643311644,2.561373684210869,1.9288089026647297,1.7690230015551334,0.15978590110959628,1.3205844710928927,0.7923506826557356,0.5282337884371571,0.07667431669052951,0.05327721506765776,0.06716551167946785,1.19714598401432,0.13787070690999806,0.0071175177772048156,0.6722775214758436,0.34382494294798316,-0.0006111412893349336,0.04112590406695978,2.652407472121237,2.000071711786471,1.8456740745680484,0.15439763721842256,1.3445556625886481,0.8067333975531886,0.5378222650354595,0.074395826449422,0.05134698416414528,0.06513008563794687,1.2106892937975242,0.13034625065138158,0.007211772292165641
2215,0.6602919150681102,0.3415154579169341,0.0062728148594218755,0.040392695961973035,2.5613735610450137,1.9288088282046085,1.769022916046161,0.15978591215844762,1.320584408331421,0.7923506449988527,0.5282337633325684,0.07667432030491837,0.053277218129599804,0.06716551511832694,1.1971459628340426,0.1378707060546495,0.007117517758264858,0.6722775149117548,0.3438249453682993,-0.0006111379216554649,0.04112590359637179,2.6524073498535943,2.0000716375920935,1.8456739894786232,0.15439764811347054,1.3445556006249522,0.8067333603749711,0.537822240249981,0.07439582985258601,0.05134698704714746,0.06513008888052116,1.2106892732554828,0.13034624989157384,0.007211772274422507
2216,0.660291908823938,0.3415154602139633,0.006272817893910716,0.040392695516921956,2.561373447156566,1.928808759192108,1.7690228368494256,0.1597859223426823,1.3205843505119008,0.7923506103071405,0.5282337402047603,0.07667432364569862,0.053277220959753374,0.0671655182953855,1.1971459432563414,0.13787070524728504,0.007117517739876075,0.6722775087653348,0.34382494756127924,-0.0006111348532495536,0.041125903151311094,2.652407236779432,2.000071568810608,1.8456739106525473,0.15439765815806072,1.3445555435448078,0.8067333261268844,0.5378222174179234,0.07439583299858207,0.05134698971228892,0.06513009187659213,1.2106892542648924,0.13034624917352577,0.007211772257139789
2217,0.6602919029758535,0.3415154622976532,0.006272820656455007,0.040392695096084216,2.5613733417740288,1.928808695176719,1.7690227634387297,0.15978593173798927,1.3205842972254984,0.7923505783352991,0.5282337188901993,0.07667432673637553,0.05327722357803101,0.06716552123311792,1.1971459251435475,0.1378707044854099,0.0071175177220551035,0.6722775030065907,0.3438249495494561,-0.0006111320579387861,0.0411259027299432,2.652407132134023,2.000071504994578,1.8456738375679869,0.1543976674265911,1.3445554909433939,0.8067332945660362,0.5378221963773577,0.07439583590950803,0.05134699217828993,0.06513009464732877,1.2106892366924482,0.13034624849514656,0.007211772240341013
2218,0.6602918974965128,0.3415154641892072,0.006272823171346829,0.040392694697787335,2.561373244200326,1.9288086357539882,1.769022695341454,0.15978594041253408,1.3205842480981194,0.7923505488588718,0.5282336992392476,0.07667432959809489,0.05327722600234651,0.06716552395177211,1.1971459083718115,0.1378707037667777,0.007117517704820065,0.6722774976088542,0.34382495135324664,-0.0006111295113336093,0.041125902330637065,2.6524070352267466,2.000071445742555,1.845673769756523,0.15439767598603185,1.344555442450373,0.8067332654702235,0.5378221769801494,0.07439583860523372,0.05134699446198329,0.06513009721179427,1.2106892204182849,0.13034624785455828,0.007211772224050589
2219,0.6602918923614112,0.34151546590781817,0.006272825461124856,0.04039269432053268,2.5613731538044573,1.9288085805597,1.769022632131891,0.15978594842780913,1.3205842027876102,0.7923505216725663,0.528233681115044,0.0766743322499205,0.053277228248849756,0.0671655264696245,1.1971458928294798,0.13787070308934724,0.007117517688188887,0.6722774925482484,0.34382495299113114,-0.0006111271908193425,0.041125901951932595,2.65240694543271,2.0000713906932193,1.8456737067964464,0.1543976838967728,1.3445553977271063,0.8067332386362636,0.5378221590908427,0.07439584110366516,0.051346996578538154,0.06513009958718927,1.210689205334385,0.13034624725005642,0.007211772208292193
2220,0.6602918875483821,0.34151546747081796,0.006272827546555913,0.04039269396296472,2.5613730700139703,1.9288085292646675,1.7690225734252913,0.15978595583937616,1.3205841609811313,0.7923504965886788,0.5282336643924525,0.07667433470907839,0.05327723033213387,0.06716552880320521,1.1971458784156614,0.13787070245120508,0.007117517672177535,0.6722774878031887,0.3438249544797959,-0.0006111250755678338,0.04112590159250997,2.6524068621851846,2.0000713395201224,1.8456736483067577,0.15439769121336444,1.3445553564640451,0.8067332138784269,0.5378221425856182,0.07439584342097694,0.051346998541656856,0.06513010178906607,1.2106891913431759,0.13034624668004016,0.007211772193087046
2221,0.660291883037192,0.3415154688938255,0.006272829446683878,0.04039269362384629,2.5613729923083532,1.9288084815702617,1.7690225188727364,0.1597859626975253,1.3205841223926946,0.7923504734356168,0.5282336489570778,0.07667433699117086,0.05327723226541642,0.06716553096749617,1.1971458650389744,0.137870701850535,0.0071175176567987814,0.6722774833539799,0.3438249558342762,-0.0006111231464838232,0.04112590125116509,2.652406784968988,2.0000712919271946,1.8456735939420212,0.1543976979851731,1.3445553183782784,0.8067331910269668,0.5378221273513115,0.07439584557181597,0.051347000363747584,0.0651301038315176,1.2106891783562996,0.1303462461429842,0.007211772178452791
2222,0.660291878809221,0.3415154701908912,0.00627283117890029,0.04039269330203897,2.5613729202132975,1.9288084372046321,1.7690224681567792,0.15978596904785292,1.3205840867608636,0.7923504520565182,0.5282336347043454,0.07667433911036232,0.05327723406069682,0.06716553297610413,1.1971458526164604,0.13787070128559273,0.007117517642061525,0.6722774791824981,0.3438249570680954,-0.00061112138613309,0.04112590092679003,2.652406713314738,2.000071247644946,1.8456735433879903,0.1543977042569556,1.3445552832112466,0.8067331699267478,0.5378221132844988,0.07439584756947737,0.051347002056073364,0.06513010572734138,1.2106891662935535,0.1303462456374173,0.0072117721644027934
2223,0.6602918748472036,0.34151547137463223,0.006272832759026133,0.04039269299648732,2.5613728532956848,1.9288083959194806,1.769022420987712,0.15978597493176872,1.3205840538466214,0.792350432307973,0.5282336215386484,0.07667434107954024,0.053277235728892716,0.06716553484141131,1.1971458410726386,0.13787070075468763,0.007117517627970391,0.6722774752719368,0.3438249581933955,-0.0006111197786561329,0.04112590061835751,2.6524066467938483,2.000071206427237,1.8456734963578754,0.15439771006936126,1.3445552507266219,0.8067331504359729,0.5378221002906489,0.07439584942605713,0.05134700362888135,0.06513010748818249,1.210689155081969,0.13034624516190596,0.00721177215094583
2224,0.6602918711349902,0.34151547245635516,0.0062728342013911725,0.040392692706204145,2.5613727911589885,1.9288083574871067,1.7690223771001485,0.15978598038695804,1.3205840234314001,0.7923504140588401,0.52823360937256,0.07667434291046221,0.053277237279964584,0.06716553657471319,1.1971458303386453,0.13787070025616588,0.007117517614525312,0.6722774716065669,0.34382495922105366,-0.0006111183096858194,0.041125900324906206,2.652406585013932,2.0000711680483128,1.845673452588924,0.15439771545938885,1.3445552207083469,0.806733132425008,0.5378220882833389,0.07439585115259136,0.05134700509152079,0.06513010912466423,1.2106891446549706,0.1303462447150398,0.007211772138085675
2225,0.660291867657438,0.3415154734461824,0.006272835518968782,0.04039269243026394,2.5613727334398155,1.9288083216984038,1.7690223362506607,0.15978598544774303,1.320583995315258,0.7923503971891549,0.5282335981261032,0.0766743446138658,0.05327723872300885,0.06716553818632334,1.1971458203515926,0.13787069978841549,0.0071175176017219816,0.6722774681716328,0.34382496016080555,-0.0006111169662178575,0.041125900045534444,2.652406527615374,2.0000711323008207,1.8456734118400786,0.15439772046074207,1.344555192958826,0.8067331157752955,0.5378220771835305,0.0743958527591593,0.05134700645253039,0.06513011064648679,1.2106891349517555,0.13034624429543712,0.0072117721258216
2226,0.6602918644002739,0.3415154743531576,0.006272836723460282,0.0403926921677944,2.5613726798045557,1.928808288360846,1.769022298215424,0.15978599014542205,1.3205839693152197,0.7923503815891318,0.5282335877260879,0.07667434619957392,0.05327724006634699,0.06716553968567351,1.1971458110539483,0.13787069934984758,0.007117517589551942,0.6722774649532183,0.3438249610213461,-0.000611115736517738,0.04112589977939182,2.6524064742680094,2.0000710989938093,1.8456733738896474,0.15439772510416214,1.34455516729727,0.8067331003783619,0.5378220669189081,0.07439585425498257,0.05134700771972227,0.06513011206252148,1.2106891259166943,0.13034624390172853,0.007211772114148475
2227,0.6602918613500537,0.3415154751853575,0.006272837825433537,0.040392691917973955,2.5613726299468516,1.9288082572971412,1.7690222627885999,0.15978599450854136,1.320583945263753,0.7923503671582517,0.5282335781055012,0.07667434767657455,0.053277241317593184,0.06716554108139089,1.1971458023930706,0.13787069893891193,0.007117517578003317,0.6722774619382095,0.34382496181043803,-0.0006111146099829698,0.04112589952567712,2.65240642466863,2.0000710679514113,1.845673338533718,0.1543977294176934,1.3445551435581866,0.8067330861349119,0.5378220574232747,0.07439585564849924,0.05134700890024474,0.06513011338088301,1.2106891174988843,0.1303462435325722,0.007211772103057553
2228,0.6602918584942454,0.3415154759500148,0.00627283883449168,0.040392691680036834,2.5613725835861003,1.9288082283447507,1.7690222297816671,0.15978599856308368,1.3205839230073886,0.7923503538044332,0.5282335692029554,0.07667434905306822,0.05327724248369456,0.06716554238134728,1.1971457943209303,0.13787069855411344,0.007117517567062411,0.6722774591143944,0.3438249625350329,-0.0006111135769740136,0.04112589928364431,2.652406378539631,2.0000710390124805,1.845673305585625,0.15439773342685556,1.34455512159001,0.806733072954006,0.537822048636004,0.0743958569474049,0.05134701000061717,0.06513011460897264,1.2106891096519021,0.13034624318667146,0.007211772092538137
2229,0.6602918558210313,0.34151547665358506,0.006272839759285269,0.04039269145326099,2.561372540464265,1.9288082013537449,1.7690221990209656,0.15978600233277926,1.3205839024054988,0.7923503414432994,0.5282335609621994,0.07667435033656972,0.053277243571017305,0.06716554359275329,1.1971457867935142,0.13787069819398062,0.007117517556713085,0.6722774564702525,0.34382496320133377,-0.0006111126288031385,0.04112589905258958,2.652406335625717,2.000071012028347,1.8456732748733844,0.1543977371549624,1.3445551012538877,0.8067330607523326,0.537822040501555,0.07439585815875221,0.051347011026814236,0.06513011575357035,1.210689102333203,0.1303462428627432,0.007211772082576917
2230,0.6602918533192649,0.3415154773018432,0.006272840607636138,0.040392691236965456,2.5613725003437473,1.9288081761855995,1.769022170346254,0.1597860058393455,1.3205838833291552,0.7923503299974932,0.528233553331662,0.07667435153397885,0.0532772445854066,0.06716554472222608,1.1971457797704104,0.1378706978571107,0.007117517546937333,0.6722774539949116,0.34382496381488814,-0.000611111757613414,0.04112589883184889,2.6524062956917844,2.000070986861612,1.8456732462382548,0.15439774062335732,1.3445550824225494,0.8067330494535296,0.5378220329690198,0.07439585928901782,0.05134701198432268,0.06513011682089895,1.210689095503716,0.13034624255956337,0.007211772073158528
2231,0.6602918509784186,0.34151547789995723,0.006272841386600732,0.040392691030507064,2.5613724630054735,1.9288081527121066,1.7690221436094176,0.15978600910268898,1.320583865660093,0.7923503193960559,0.5282335462640371,0.07667435265164105,0.053277245532238005,0.0671655457758475,1.197145773214455,0.1378706975421547,0.007117517537715619,0.6722774516780978,0.34382496438065985,-0.0006111109563133391,0.0411258986207947,2.6524062585210237,2.000070963385069,1.8456732195334575,0.15439774385161165,1.344555064979277,0.8067330389875662,0.5378220259917108,0.07439586034415939,0.051347012878189505,0.0651301178166789,1.2106890891275022,0.13034624227595218,0.007211772064265925
2232,0.6602918487885419,0.34151547845255475,0.006272842102539915,0.04039269083327793,2.561372428247229,1.9288081308144491,1.7690221186733686,0.15978601214108054,1.3205838492897675,0.7923503095738607,0.5282335397159068,0.07667435369539977,0.053277246416461824,0.06716554675921454,1.1971457670914227,0.13787069724781756,0.0071175175290272,0.6722774495100938,0.34382496490309183,-0.0006111102185101802,0.041125898418833566,2.6524062239132715,2.0000709414807862,1.8456731946230902,0.15439774685769592,1.344555048816969,0.8067330292901814,0.5378220195267877,0.07439586132966472,0.051347013713063765,0.06513011874617577,1.2106890831714558,0.1303462420107739,0.007211772055880679
2233,0.660291846740226,0.3415154789637814,0.006272842761186177,0.04039269064470341,2.5613723958821843,1.9288081103823942,1.7690220954110847,0.15978601497130954,1.3205838341184992,0.7923503004710997,0.5282335336473996,0.07667435467064271,0.053277247242642274,0.06716554767748395,1.1971457613697591,0.1378706969728579,0.007117517520850426,0.6722774474817048,0.3438249653861634,-0.0006111095384407489,0.04112589822540398,2.6524061916835424,2.0000709210392995,1.845673171381168,0.15439774965813158,1.344555033837291,0.8067330203023745,0.5378220135349164,0.07439586225059525,0.051347014493233256,0.0651301196142422,1.2106890776050443,0.13034624176293763,0.007211772047983303
2234,0.6602918448245766,0.341515479437355,0.006272843367704846,0.04039269046424019,2.5613723657375753,1.9288080913135803,1.7690220737047584,0.15978601760882186,1.3205838200546947,0.7923502920328169,0.5282335280218777,0.07667435558234263,0.05327724801499201,0.0671655485354117,1.1971457560203391,0.1378706967160883,0.007117517513163048,0.6722774455842303,0.34382496583344135,-0.0006111089109109222,0.04112589803997463,2.6524061616607253,2.0000709019589094,1.8456731496907837,0.15439775226812577,1.3445550199499028,0.8067330119699416,0.5378220079799612,0.07439586311162434,0.051347015222657034,0.06513012042535521,1.2106890724000756,0.1303462415313974,0.007211772040553556
2235,0.6602918430331859,0.3415154798766119,0.0062728439267535005,0.04039269029137475,2.561372337653524,1.9288080735128812,1.7690220534450394,0.15978602006784184,1.3205838070141405,0.7923502842084844,0.528233522805656,0.07667435643509365,0.053277248737403006,0.06716554933738841,1.1971457510162549,0.13787069647637534,0.007117517505942459,0.6722774438094391,0.3438249662481249,-0.0006111083312385079,0.04112589786204293,2.652406133686425,2.000070884145059,1.84567312944337,0.15439775470168923,1.3445550070717587,0.8067330042430552,0.5378220028287035,0.07439586391707095,0.051347015904993916,0.06513012118364887,1.210689067530495,0.13034624131515243,0.0072117720335706775
2236,0.6602918413581095,0.3415154802845496,0.006272844442528375,0.04039269012562188,2.561372311481977,1.9288080568918402,1.7690220345303587,0.1597860223614815,1.3205837949193635,0.7923502769516183,0.5282335179677452,0.07667435723314384,0.05327724941347399,0.06716555008747066,1.1971457463326267,0.13787069625263906,0.007117517499165931,0.6722774421495473,0.34382496663308665,-0.0006111077952014807,0.0411258976911336,2.652406107613911,2.000070867509773,1.845673110538029,0.15439775697174368,1.3445549951264706,0.8067329970758822,0.5378219980505884,0.07439586467093035,0.05134701654362851,0.06513012189294423,1.2106890629722025,0.13034624111324783,0.007211772027013655
2237,0.6602918397918445,0.3415154806638632,0.006272844918817341,0.04039268996652342,2.5613722870857516,1.9288080413681592,1.7690220168663218,0.15978602450183732,1.3205837836990493,0.7923502702194297,0.5282335134796196,0.07667435798042406,0.05327725004653501,0.06716555078940938,1.1971457419464313,0.137870696043853,0.007117517492810791,0.6722774405971954,0.34382496699090737,-0.0006111072989906652,0.04112589752679732,2.6524060833071776,2.0000708519711536,1.845673092880938,0.1543977590902158,1.344554984043733,0.8067329904262397,0.5378219936174933,0.07439586537690075,0.05134701714169379,0.06513012255677539,1.2106890587028873,0.13034624092477312,0.007211772020861385
2238,0.6602918383273101,0.34151548101697937,0.006272845359039304,0.040392689813646895,2.561372264337676,1.9288080268652457,1.7690220003651682,0.15978602650007756,1.3205837732875132,0.792350263972508,0.5282335093150052,0.07667435868057403,0.053277250639669475,0.0671655514466749,1.197145737836352,0.13787069584904296,0.007117517486854611,0.6722774391454316,0.34382496732390894,-0.0006111068391685334,0.04112589736860969,2.6524060606400948,2.000070837452938,1.8456730763848155,0.1543977610681227,1.3445549737587987,0.8067329842552792,0.5378219895035196,0.07439586603840799,0.05134701770209195,0.06513012317841335,1.2106890547018834,0.13034624074886322,0.00721177201509287
2239,0.6602918369578279,0.34151548134608495,0.006272845766281274,0.040392689666584505,2.5613722431198105,1.9288080133117964,1.769021984945276,0.1597860283665205,1.3205837636242241,0.7923502581745345,0.5282335054496896,0.07667435933696558,0.05327725119573385,0.06716555206247989,1.1971457339826395,0.13787069566728583,0.0071175174812753384,0.6722774377876923,0.34382496763418124,-0.0006111064126285148,0.04112589721617002,2.6524060394956437,2.0000708238840876,1.8456730609684406,0.15439776291564689,1.3445549642120052,0.806732978527203,0.5378219856848021,0.07439586665862694,0.05134701822751257,0.06513012376088714,1.2106890509500392,0.13034624058469665,0.007211772009687364
2240,0.6602918356771036,0.3415154816531526,0.0062728461433365496,0.04039268952495188,2.5613722233227394,1.9288080006414223,1.7690219705307189,0.15978603011070353,1.3205837546533674,0.7923502527920205,0.5282335018613469,0.07667435995272372,0.05327725171737549,0.06716555263979962,1.1971457303669917,0.1378706954977086,0.00711751747605139,0.6722774365177862,0.34382496792360834,-0.0006111060165620436,0.04112589706910036,2.65240601976522,2.0000708111984196,1.8456730465562141,0.1543977646422056,1.3445549553483431,0.8067329732090059,0.5378219821393372,0.07439586724050115,0.05134701872044932,0.06513012430700296,1.210689047429597,0.13034624043149523,0.007211772004624492
2241,0.6602918344792107,0.3415154819399638,0.00627284649273302,0.040392689388387165,2.561372204844931,1.9288079887923069,1.7690219570508603,0.15978603174144657,1.3205837463234515,0.792350247794071,0.5282334985293805,0.07667436053074554,0.05327725220704869,0.06716555318139059,1.19714572697244,0.1378706953394873,0.007117517471161793,0.6722774353298783,0.3438249681938897,-0.0006111056484269309,0.04112589692704453,2.6524060013480115,2.0000707993342823,1.8456730330777718,0.1543977662565108,1.344554947117066,0.8067329682702397,0.5378219788468263,0.07439586778676052,0.05134701918321484,0.06513012481936148,1.2106890441240887,0.13034624028852287,0.007211771999884361
2242,0.6602918333585753,0.3415154822081302,0.006272846816762635,0.04039268925655,2.561372187592161,1.9288079777069014,1.769021944439992,0.15978603326690935,1.3205837385869483,0.7923502431521691,0.5282334954347793,0.07667436107371743,0.0532772526670292,0.06716555368980712,1.197145723783251,0.13787069519184475,0.007117517466586247,0.6722774342184735,0.34382496844655974,-0.0006111053059180624,0.04112589678966715,2.652405984150417,2.000070788234241,1.845673020467616,0.154397767766625,1.344554939471335,0.8067329636828011,0.5378219757885339,0.0743958682999372,0.05134701961795426,0.06513012530037329,1.2106890410182394,0.13034624015508448,0.007211771995447638
2243,0.6602918323099587,0.34151548245911006,0.006272847117506891,0.04039268912912054,2.561372171476976,1.9288079673316365,1.7690219326369951,0.15978603469464134,1.3205837313999682,0.792350238839981,0.5282334925599872,0.07667436158413038,0.05327725309942731,0.06716555416741643,1.1971457207848348,0.13787069505404967,0.007117517462305174,0.6722774331784047,0.34382496868300644,-0.0006111049869428481,0.04112589665665284,2.652405968085531,2.000070777844805,1.8456730086647932,0.15439776918001183,1.3445549323678962,0.806732959420738,0.5378219729471583,0.07439586878238025,0.051347020026657544,0.06513012575227325,1.210689038097878,0.1303462400305247,0.007211771991295633
2244,0.6602918313284448,0.34151548269422605,0.006272847396857045,0.040392689005798635,2.561372156418208,1.9288079576166608,1.7690219215850302,0.1597860360316305,1.3205837247219632,0.7923502348331779,0.5282334898887853,0.07667436206429468,0.05327725350620015,0.06716555461641284,1.1971457179636609,0.13787069492541473,0.0071175174582997925,0.6722774322048171,0.3438249689044859,-0.0006111046895989,0.04112589652770532,2.6524059530726642,2.0000707681161725,1.8456729976125916,0.1543977705035809,1.3445549257667875,0.8067329554600727,0.5378219703067147,0.07439586923626874,0.05134702041117076,0.06513012617713343,1.2106890353498598,0.13034623991422695,0.00721177198741036
2245,0.660291830409424,0.34151548291467865,0.006272847656537663,0.04039268888630283,2.5613721423405256,1.9288079485155971,1.7690219112312522,0.15978603728434485,1.3205837185154559,0.7923502311092735,0.5282334874061824,0.0766743625163527,0.053277253889162685,0.06716555503883023,1.1971457153071805,0.13787069480529512,0.0071175174545521505,0.6722774312931556,0.3438249691121375,-0.0006111044121526535,0.04112589640254656,2.652405939036901,2.0000707590019884,1.8456729872582573,0.15439777174373082,1.3445549196310722,0.8067329517786436,0.5378219678524286,0.0743958696636241,0.051347020773206326,0.06513012657687493,1.2106890327619906,0.13034623980561175,0.00721177198377458
2246,0.6602918295485805,0.3415154831215599,0.006272847898121804,0.04039268877036967,2.5613721291740217,1.928807939985317,1.7690219015265445,0.1597860384587726,1.3205837127457951,0.7923502276474771,0.528233485098318,0.07667436294229121,0.05327725424999795,0.06716555543655388,1.1971457128037588,0.13787069469308694,0.007117517451045145,0.6722774304391512,0.34382496930699535,-0.0006111041530228872,0.04112589628091605,2.6524059259086967,2.000070750459125,1.8456729775527387,0.15439777290638626,1.344554913926596,0.8067329483559579,0.5378219655706381,0.07439587006632126,0.05134702111435263,0.06513012695327887,1.2106890303229592,0.13034623970413564,0.007211771980371831
2247,0.6602918287418775,0.3415154833158643,0.006272848123048735,0.040392688657752654,2.561372116853831,1.9288079319857296,1.7690218924252719,0.15978603956045784,1.3205837073809317,0.7923502244285591,0.5282334829523726,0.07667436334395222,0.053277254590266485,0.06716555581133114,1.1971457104426062,0.13787069458822523,0.007117517447762552,0.6722774296388081,0.34382496949000013,-0.0006111039107627794,0.04112589616256995,2.6524059136234994,2.0000707424474733,1.845672968450439,0.15439777399703428,1.3445549086217667,0.8067329451730604,0.5378219634487064,0.0743958704460993,0.051347021436082906,0.06513012730799661,1.2106890280222755,0.1303462396092899,0.007211771977186459
2248,0.6602918279855441,0.34151548349849964,0.006272848332636,0.04039268854822158,2.56137210531977,1.9288079244795764,1.7690218838850416,0.15978604059453472,1.3205837023912141,0.7923502214347286,0.5282334809564856,0.07667436372304384,0.05327725491141525,0.06716555616478179,1.1971457082137191,0.13787069449018297,0.007117517444689014,0.6722774288883908,0.3438249696620093,-0.0006111036840478964,0.0411258960472803,2.6524059021214037,2.000070734929749,1.8456729599089925,0.1543977750207568,1.3445549036873516,0.8067329422124112,0.5378219614749404,0.07439587080457072,0.051347021739763216,0.06513012764255884,1.2106890258502112,0.1303462395205989,0.0072117719742036245
2249,0.6602918272760623,0.3415154836702961,0.006272848528094087,0.04039268844156166,2.561372094516017,1.9288079174322537,1.7690218758664962,0.1597860415657574,1.3205836977492016,0.7923502186495209,0.5282334790996807,0.07667436408114942,0.05327725521478563,0.06716555649840694,1.197145706107824,0.13787069439846839,0.007117517441810073,0.6722774281844128,0.34382496982380595,-0.0006111034716611563,0.04112589593483432,2.652405891346829,2.000070727871313,1.8456729518890524,0.15439777598226048,1.3445548990962943,0.8067329394577768,0.5378219596385175,0.07439587114323079,0.05134702202666026,0.06513012795838456,1.2106890237977468,0.13034623943761903,0.007211771971409318
2250,0.6602918266101537,0.3415154838320142,0.006272848710534906,0.04039268833757269,2.5613720843908054,1.9288079108116372,1.769021868333109,0.15978604247852835,1.320583693429494,0.7923502160576964,0.5282334773717977,0.07667436441973657,0.05327725550162091,0.06716555681359763,1.1971457041163247,0.13787069431262414,0.007117517439112125,0.672277427523623,0.3438249699761063,-0.0006111032724845852,0.04112589582503354,2.652405881248218,2.000070721239994,1.8456729443540894,0.1543977768859044,1.3445548948235473,0.8067329368941285,0.5378219579294188,0.07439587146346555,0.05134702229794824,0.06513012825678882,1.2106890218565205,0.130346239359937,0.007211771968790361
2251,0.6602918259847674,0.3415154839843522,0.0062728488809845676,0.04039268823606833,2.5613720748961337,1.9288079045879136,1.7690218612509885,0.15978604333692514,1.3205836894085754,0.7923502136451452,0.5282334757634302,0.07667436474016545,0.05327725577307335,0.06716555711164285,1.1971457022312553,0.13787069423222537,0.0071175174365824346,0.6722774269029937,0.3438249701195675,-0.0006111030854871538,0.04112589571769318,2.6524058717777566,2.000070715005932,1.8456729372702059,0.15439777773572613,1.3445548908459173,0.8067329345075506,0.5378219563383667,0.07439587176655967,0.051347022554715474,0.06513012853899026,1.2106890200187834,0.13034623928716857,0.007211771966334375
2252,0.6602918253970669,0.34151548412795285,0.006272849040388322,0.0403926881368753,2.5613720659875083,1.9288078987334298,1.7690218545887055,0.1597860441447243,1.3205836856646715,0.7923502113988029,0.5282334742658686,0.0766743650436965,0.05327725603021073,0.0671655573937369,1.1971457004452333,0.1378706941568776,0.007117517434209101,0.67227742631971,0.3438249702547934,-0.0006111029097173662,0.041125895612641294,2.652405862891117,2.0000707091414274,1.8456729306059623,0.15439777853546505,1.3445548871419246,0.8067329322851549,0.5378219548567698,0.07439587205370357,0.051347022797970446,0.06513012880611803,1.2106890182773529,0.130346239218957,0.007211771964029801
2253,0.6602918248444188,0.34151548426340883,0.006272849189621843,0.04039268803983262,2.5613720576236934,1.9288078932225465,1.7690218483171227,0.15978604490542392,1.3205836821776178,0.7923502093065706,0.5282334728710472,0.0766743653314975,0.05327725627402234,0.06716555766098625,1.1971456987514193,0.1378706940862158,0.00711751743198104,0.6722774257711563,0.3438249703823405,-0.0006111027442944131,0.04112589550971808,2.6524058545472116,2.000070703620792,1.845672924332207,0.15439777928858478,1.344554883691674,0.8067329302150046,0.5378219534766695,0.07439587232600035,0.051347023028647604,0.06513012905921824,1.210689016625576,0.1303462391549718,0.007211771961865841
2254,0.6602918243243803,0.34151548439126755,0.006272849329495046,0.04039268794479086,2.561372049766483,1.928807888031503,1.7690218424092392,0.15978604562226373,1.3205836789287397,0.7923502073572438,0.5282334715714959,0.07667436560465032,0.0532772565054247,0.06716555791441584,1.197145697143477,0.13787069401990196,0.007117517429887947,0.6722774252549074,0.3438249705027226,-0.0006111025884041957,0.04112589540877524,2.6524058467079685,2.000070698420219,1.8456729184219256,0.15439777999829346,1.344554880476738,0.8067329282860429,0.5378219521906951,0.0743958725844717,0.051347023247612505,0.06513012929925983,1.2106890150572882,0.130346239094907,0.0072117719598324805
2255,0.6602918238346879,0.3415154845120363,0.006272849460758317,0.0403926878516114,2.5613720423804853,1.9288078831382856,1.7690218368400403,0.15978604629824533,1.3205836759007419,0.7923502055404451,0.5282334703602968,0.07667436586415702,0.053277256725266696,0.06716555815497495,1.197145695615537,0.13787069395762394,0.0071175174279202785,0.6722774247687151,0.34382497061641526,-0.0006111024412900831,0.041125895309675066,2.6524058393381202,2.0000706935176553,1.8456729128500928,0.15439778066756238,1.3445548774800458,0.8067329264880275,0.5378219509920182,0.07439587283006405,0.0513470234556669,0.06513012952714033,1.2106890135667812,0.13034623903848017,0.007211771957920411
2256,0.6602918233732473,0.34151548462618575,0.006272849584109577,0.04039268776016572,2.561372035432921,1.9288078785225076,1.769021831586358,0.15978604693614953,1.320583673077605,0.7923502038465631,0.528233469231042,0.07667436611094591,0.053277256934334785,0.06716555838354307,1.1971456941621628,0.13787069389909398,0.007117517426069213,0.6722774243104985,0.34382497072386004,-0.0006111023022491793,0.04112589521228989,2.6524058324049986,2.000070688892673,1.8456729075935283,0.1543977812991449,1.3445548746857838,0.8067329248114703,0.5378219498743135,0.074395873063654,0.05134702365355344,0.06513012974369102,1.2106890121487661,0.13034623898543035,0.007211771956121046
2257,0.6602918229381209,0.34151548473415383,0.0062728497001963285,0.04039268767033463,2.5613720288934347,1.928807874165292,1.7690218266267386,0.15978604753855344,1.3205836704444938,0.7923502022666963,0.5282334681777975,0.07667436634587703,0.05327725713335747,0.06716555860093484,1.1971456927783173,0.13787069384404654,0.007117517424326612,0.6722774238783338,0.34382497082546715,-0.0006111021706294642,0.04112589511650132,2.6524058258783576,2.000070684526366,1.8456729026307745,0.15439778189559117,1.344554872079305,0.8067329232475831,0.537821948831722,0.07439587328605346,0.05134702384195991,0.06513012994968186,1.2106890107983455,0.13034623893551756,0.0072117719544264585
2258,0.6602918225275181,0.34151548483634825,0.006272849809620298,0.04039268758200755,2.5613720227339205,1.9288078700491647,1.7690218219413194,0.1597860481078453,1.3205836679876684,0.7923502007926011,0.5282334671950673,0.07667436656974697,0.053277257323009676,0.06716555880790491,1.1971456914593341,0.13787069379223757,0.007117517422684978,0.6722774234704427,0.34382497092161934,-0.0006111020458230629,0.04112589502219945,2.652405819730188,2.0000706804012287,1.8456728979419632,0.1543977824592654,1.3445548696470415,0.8067329217882249,0.5378219478588167,0.07439587349801458,0.05134702402152352,0.0651301301458261,1.2106890095109817,0.1303462388885207,0.007211771952829343
2259,0.6602918221397861,0.3415154849331503,0.00627284991294208,0.0403926874950818,2.561372016928352,1.928807866157949,1.769021817511709,0.15978604864624013,1.320583665694405,0.7923501994166431,0.5282334662777619,0.07667436678329424,0.05327725750391698,0.06716555900515277,1.1971456902008883,0.1378706937434424,0.007117517421137439,0.6722774230851837,0.3438249710126737,-0.0006111019272644971,0.0411258949292822,2.6524058139345605,2.000070676501063,1.8456728935087048,0.15439778299235854,1.344554867376426,0.8067329204258556,0.5378219469505704,0.07439587370023434,0.051347024192834684,0.06513013033278459,1.2106890082824706,0.1303462388442367,0.0072117719513230105
2260,0.6602918217733981,0.3415154850249158,0.006272850010683943,0.040392687409461794,2.5613720114526313,1.9288078624766698,1.7690218133208782,0.15978604915579162,1.3205836635529218,0.7923501981317532,0.5282334654211686,0.0766743669872034,0.05327725767665933,0.06716555919332669,1.1971456889989713,0.13787069369745486,0.0071175174196776774,0.6722774227210422,0.34382497109896465,-0.0006111018144266747,0.0411258948376545,2.652405808467469,2.0000706728108795,1.8456728893139769,0.1543977834969026,1.34455486525582,0.806732919153492,0.5378219461023279,0.07439587389335872,0.051347024356440674,0.06513013051116978,1.2106890071089147,0.13034623880247903,0.007211771949901323
2261,0.6602918214269443,0.3415154851119781,0.006272850103330785,0.04039268732505824,2.561372006284439,1.9288078589914592,1.7690218093530534,0.15978604963840579,1.3205836615523092,0.7923501969313856,0.5282334646209236,0.07667436718210949,0.053277257841774714,0.06716555937302798,1.1971456878498625,0.13787069365408516,0.0071175174182998985,0.67227742237662,0.34382497118080546,-0.0006111017068179403,0.04112589474722744,2.652405803306683,2.0000706693167976,1.8456728853420148,0.15439778397478282,1.3445548632744466,0.8067329179646681,0.5378219453097786,0.07439587407798694,0.05134702451284911,0.06513013068154966,1.2106890059867,0.1303462387630764,0.0072117719485586505
2262,0.6602918210991248,0.3415154851946498,0.006272850191334653,0.04039268724178735,2.5613720014031056,1.928807855689477,1.769021805593625,0.15978605009585178,1.3205836596824672,0.7923501958094804,0.5282334638729868,0.07667436736860204,0.05327725799976252,0.06716555954481464,1.1971456867501096,0.13787069361315926,0.007117517416998814,0.6722774220506281,0.34382497125849,-0.0006111016039806461,0.041125894657917536,2.6524057984316203,2.000070666005973,1.8456728815782246,0.15439778442774832,1.344554861422326,0.8067329168533957,0.5378219445689303,0.07439587425467513,0.051347024662531125,0.0651301308444512,1.210689004912471,0.13034623872587178,0.007211771947289866
2263,0.6602918207887378,0.3415154852732237,0.006272850275117023,0.04039268715956988,2.561371996789479,1.9288078525588237,1.7690218020290513,0.15978605052977238,1.3205836579340455,0.7923501947604275,0.5282334631736181,0.07667436754722887,0.05327725815108685,0.06716555970920485,1.1971456856965041,0.1378706935745172,0.007117517415769555,0.6722774217418757,0.3438249713322936,-0.0006111015054882235,0.04112589456964562,2.6524057938232115,2.000070662866503,1.84567287800908,0.15439778485742317,1.3445548596902188,0.8067329158141314,0.5378219438760874,0.07439587442394005,0.05134702480592447,0.0651301310003637,1.2106890038831106,0.13034623869072076,0.007211771946090246
2264,0.6602918204946728,0.34151548534797393,0.0062728503550693315,0.04039268707833013,2.561371992425808,1.9288078495884686,1.769021798646775,0.1597860509416937,1.3205836562983886,0.7923501937790332,0.5282334625193554,0.0766743677184998,0.053277258296179617,0.0671655598666805,1.19714568468606,0.13787069353801146,0.007117517414607666,0.6722774214492647,0.34382497140247514,-0.0006111014109415613,0.041125894482335966,2.6524057894637942,2.0000706598873665,1.8456728746220508,0.15439778526531567,1.3445548580695723,0.8067329148417435,0.5378219432278288,0.07439587458626257,0.05134702494343656,0.06513013114974223,1.2106890028957187,0.13034623865749104,0.0072117719449555
2265,0.6602918202159027,0.34151548541915705,0.006272850431557411,0.04039268699799471,2.561371988295634,1.9288078467681773,1.7690217954351435,0.15978605133303378,1.320583654767484,0.7923501928604905,0.5282334619069936,0.07667436788288998,0.053277258435443314,0.06716556001769017,1.1971456837159944,0.13787069350350653,0.007117517413509053,0.6722774211717772,0.3438249714692762,-0.0006111013199690818,0.04112589439591478,2.6524057853369865,2.0000706570583326,1.8456728714055055,0.15439778565282702,1.344554856552468,0.8067329139314809,0.5378219426209871,0.07439587474209089,0.05134702507544706,0.06513013129301026,1.21068900194759,0.13034623862606037,0.007211771943881651
2266,0.6602918199514727,0.34151548548701194,0.006272850504920789,0.040392686918491176,2.5613719843836806,1.9288078440884417,1.769021792383331,0.15978605170511082,1.3205836533339164,0.7923501920003498,0.5282334613335665,0.07667436804084352,0.053277258569254214,0.06716556016265243,1.197145682783706,0.13787069347087672,0.0071175174124699005,0.6722774209084711,0.3438249715329228,-0.0006111012322237916,0.0411258943103089,2.6524057814275963,2.00007065436991,1.8456728683486503,0.1543977860212595,1.3445548551315767,0.8067329130789461,0.5378219420526306,0.07439587489184413,0.051347025202311034,0.06513013143056315,1.2106890010361968,0.13034623859631592,0.007211771942865047
2267,0.6602918197004942,0.34151548555176003,0.006272850575475698,0.040392686839746124,2.561371980675756,1.9288078415404146,1.7690217894812643,0.15978605205915036,1.3205836519908194,0.7923501911944917,0.5282334607963277,0.07667436819277693,0.05327725869796512,0.06716556030195887,1.1971456818867559,0.13787069344000494,0.007117517411486667,0.6722774206584684,0.34382497159362396,-0.0006111011473808534,0.041125894225443764,2.65240577772151,2.0000706518132656,1.845672865441442,0.15439778637182347,1.3445548538001133,0.8067329122800682,0.5378219415200451,0.07439587503591559,0.05134702532436168,0.06513013156277088,1.2106890001591673,0.13034623856815286,0.007211771941902273
2268,0.6602918194621342,0.3415154856136043,0.006272850643517694,0.04039268676168298,2.5613719771586574,1.9288078391158467,1.7690217867195555,0.15978605239629137,1.3205836507318365,0.7923501904391019,0.5282334602927345,0.07667436833908264,0.05327725882190852,0.06716556043597718,1.197145681022845,0.13787069341078143,0.007117517410555975,0.672277420420947,0.34382497165157144,-0.000611101065136968,0.041125894141240904,2.6524057742056,2.0000706493801665,1.8456728626745225,0.15439778670564386,1.3445548525517956,0.8067329115310776,0.537821941020718,0.0743958751746763,0.0513470254419133,0.06513013168998114,1.2106889993142622,0.13034623854147262,0.007211771940990084
2269,0.6602918192356034,0.34151548567272705,0.006272850709322375,0.040392686684218713,2.5613719738200658,1.92880783680701,1.7690217840894178,0.1597860527175922,1.3205836495510797,0.7923501897306479,0.5282334598204318,0.07667436848013298,0.0532772589413998,0.06716556056505442,1.1971456801897928,0.1378706933831016,0.00711751740967455,0.6722774201951268,0.34382497170693677,-0.0006111009852076896,0.04112589405761456,2.6524057708676207,2.0000706470629024,1.8456728600391372,0.15439778702376514,1.3445548513808052,0.8067329108284834,0.5378219405523218,0.07439587530847874,0.051347025555264506,0.06513013181252247,1.2106889984993559,0.1303462385161811,0.007211771940125324
2270,0.660291819020144,0.3415154857292873,0.006272850773146127,0.04039268660725987,2.5613719706484512,1.9288078346066306,1.7690217815825955,0.1597860530240352,1.3205836484430926,0.7923501890658556,0.528233459377237,0.0766743686162846,0.05327725905674112,0.06716556068952077,1.1971456793855109,0.13787069335686336,0.007117517408839099,0.672277419980259,0.34382497175986887,-0.0006111009073246562,0.04112589397446723,2.6524057676961057,2.0000706448542127,1.8456728575270556,0.1543977873271572,1.34455485028175,0.8067329101690502,0.5378219401126997,0.07439587543766144,0.05134702566470207,0.06513013193070803,1.2106889977124058,0.13034623849218652,0.007211771939304798
2271,0.66029181881501,0.3415154857834144,0.006272850835226947,0.040392686530696546,2.561371967632953,1.9288078325077957,1.7690217791912655,0.15978605331653023,1.3205836474028125,0.7923501884416877,0.5282334589611248,0.07667436874788325,0.05327725916822537,0.06716556080969327,1.197145678607974,0.1378706933319641,0.00711751740804614,0.6722774197756048,0.34382497181048705,-0.0006111008312385743,0.04112589389168332,2.6524057646802484,2.00007064274719,1.8456728551304717,0.1543977876167183,1.3445548492496269,0.8067329095497765,0.5378219396998504,0.07439587556255388,0.051347025770505136,0.06513013204483935,1.2106889969514252,0.13034623846939605,0.007211771938525123
2272,0.660291818619444,0.3415154858351996,0.006272850895787822,0.04039268645439428,2.561371964763249,1.928807830503846,1.769021776907929,0.15978605359591708,1.3205836464255332,0.7923501878553201,0.5282334585702131,0.07667436887527,0.053277259276141506,0.06716556092588041,1.1971456778551843,0.13787069330829635,0.007117517407291785,0.6722774195804095,0.3438249718588717,-0.0006111007567118978,0.04112589380912021,2.6524057618097685,2.000070640735174,1.8456728528418973,0.15439778789327646,1.3445548482797847,0.8067329089678712,0.5378219393119135,0.07439587568348241,0.05134702587295016,0.06513013215521084,1.2106889962144436,0.13034623844771126,0.007211771937782447
2273,0.6602918184326415,0.34151548588468134,0.006272850955032085,0.04039268637818237,2.561371962029393,1.9288078285882366,1.7690217747252714,0.15978605386296518,1.3205836455068687,0.7923501873041214,0.5282334582027473,0.07667436899878881,0.05327725938078089,0.06716556103838787,1.1971456771251279,0.13787069328574056,0.007117517406571384,0.6722774193938665,0.34382497190504935,-0.0006111006835233315,0.041125893726595725,2.6524057590747265,2.0000706388115854,1.8456728506539934,0.1543977881575918,1.3445548473678879,0.8067329084207331,0.5378219389471548,0.07439587580077851,0.05134702597231797,0.06513013226211586,1.2106889954994635,0.13034623842702175,0.007211771937072124
2274,0.6602918182536978,0.3415154859318232,0.00627285101314809,0.04039268630183633,2.5613719594215847,1.9288078267543303,1.7690217726359583,0.159786054118372,1.3205836446427102,0.7923501867856264,0.5282334578570838,0.0766743691187948,0.05327725948244437,0.06716556114752392,1.1971456764157242,0.1378706932641551,0.007117517405879006,0.6722774192150597,0.34382497194896816,-0.000611100611463973,0.041125893643869066,2.6524057564652965,2.0000706369697245,1.8456728485593725,0.15439778841035193,1.3445548465098724,0.8067329079059239,0.5378219386039486,0.07439587591478677,0.05134702606890044,0.06513013236585191,1.210688994804405,0.13034623840719475,0.007211771936388124
2275,0.6602918180815289,0.3415154859764769,0.006272851070300747,0.040392686225053195,2.561371956929868,1.9288078249951148,1.7690217706323605,0.15978605436275434,1.3205836438291785,0.7923501862975074,0.5282334575316711,0.07667436923566817,0.05327725958145407,0.06716556125360912,1.1971456757247467,0.13787069324336124,0.007117517405206612,0.6722774190428806,0.3438249719904606,-0.000611100540339457,0.04112589356061419,2.652405753971427,2.000070635202454,1.845672846550288,0.15439778865216627,1.3445548457018974,0.8067329074211388,0.5378219382807586,0.07439587602587945,0.051347026163012996,0.06513013246673077,1.210688994127023,0.13034623838806053,0.007211771935722197
2276,0.6602918179147497,0.3415154860183273,0.006272851126632291,0.04039268614741334,2.561371954543669,1.928807823302765,1.7690217687061285,0.15978605459663642,1.3205836430625664,0.7923501858375402,0.5282334572250261,0.07667436934982928,0.05327725967816605,0.06716556135698552,1.197145675049734,0.13787069322311915,0.00711751740454283,0.6722774188758972,0.3438249720291836,-0.0006111004699729528,0.041125893476378614,2.652405751582352,2.000070633501734,1.8456728446181814,0.15439778888355263,1.3445548449402835,0.8067329069641704,0.5378219379761131,0.07439587613447181,0.051347026255007394,0.06513013256508768,1.210688993464812,0.13034623836938827,0.007211771935062535
2277,0.660291817751483,0.34151548605680315,0.006272851182247824,0.04039268606832401,2.5613719522511174,1.928807821667986,1.769021766847561,0.15978605482042513,1.3205836423392598,0.7923501854035563,0.5282334569357036,0.07667436946176218,0.053277259772990374,0.06716556145803115,1.1971456743878508,0.13787069320309092,0.007117517403870958,0.672277418712153,0.3438249720645258,-0.0006111004002102224,0.0411258933905225,2.6524057492858524,2.0000706318579056,1.8456728427529914,0.15439778910491425,1.3445548442214348,0.8067329065328611,0.5378219376885737,0.07439587624104643,0.05134702634529246,0.06513013266129641,1.2106889928148612,0.13034623835085,0.007211771934391691
2278,0.6602918175890646,0.34151548609093696,0.0062728512372054596,0.04039268598693234,2.561371950038008,1.928807820078999,1.7690217650446294,0.15978605503436963,1.3205836416556305,0.7923501849933786,0.5282334566622519,0.07667436957204404,0.053277259866416043,0.06716556155717633,1.197145673735716,0.1378706931827829,0.007117517403165912,0.6722774185488515,0.34382497209545915,-0.0006111003309243745,0.0411258933021251,2.652405747067136,2.0000706302586018,1.8456728409421026,0.15439778931649928,1.344554843541722,0.8067329061250335,0.5378219374166886,0.07439587634618328,0.0513470264343595,0.06513013275578564,1.2106889921736723,0.1303462383319634,0.007211771933683342
2279,0.6602918174235749,0.3415154861191415,0.006272851291499883,0.04039268590199037,2.561371947886193,1.9288078185199564,1.7690217632814644,0.15978605523849201,1.3205836410078804,0.7923501846047285,0.5282334564031519,0.076674369681384,0.05327725995904377,0.06716556165492243,1.1971456730891776,0.13787069316145414,0.007117517402389342,0.6722774183818614,0.34382497212030616,-0.0006111002620250161,0.04112589320983978,2.652405744907096,2.0000706286870384,1.8456728391687034,0.15439778951833502,1.3445548428973202,0.8067329057383924,0.5378219371589278,0.07439587645059931,0.05134702652281589,0.06513013284905805,1.2106889915369203,0.1303462383120014,0.007211771932897128
2280,0.660291817249085,0.34151548613884514,0.0062728513450529405,0.04039268581163898,2.561371945771073,1.928807816968453,1.7690217615359882,0.15978605543246477,1.3205836403918072,0.7923501842350846,0.5282334561567226,0.07667436979066616,0.05327726005162253,0.06716556175185494,1.1971456724430571,0.13787069313796815,0.007117517401481711,0.6722774182049182,0.3438249721363563,-0.0006111001934456656,0.04112589311166229,2.652405742779594,2.0000706271193245,1.8456728374092175,0.1543977897101069,1.3445548422839604,0.8067329053703766,0.5378219369135838,0.07439587655519232,0.051347026611422236,0.06513013294170322,1.2106889908991887,0.13034623828984662,0.007211771931970355
2281,0.6602918170564146,0.3415154861458827,0.006272851397745714,0.04039268571304812,2.5613719436575417,1.9288078153914694,1.7690217597760753,0.1597860556153941,1.3205836398024435,0.7923501838814664,0.5282334559209771,0.07667436990098263,0.05327726014507751,0.06716556184862973,1.1971456717909583,0.13787069311054823,0.00711751740034922,0.6722774180083133,0.3438249721392325,-0.0006111001250863196,0.04112589300454597,2.6524057406470845,2.0000706255201037,1.8456728356291552,0.15439778989094866,1.344554841696548,0.8067329050179292,0.5378219366786189,0.07439587666107458,0.05134702670112076,0.0651301330343831,1.210688990253769,0.13034623826375116,0.007211771930804234
2282,0.660291816830995,0.3415154861334294,0.006272846300880902,0.04039268560178028,2.561371941493289,1.9288078137386042,1.7690217579531997,0.15978605578540442,1.3205836392334818,0.7923501835400893,0.5282334556933924,0.07667437001359745,0.053277260240479546,0.06716556194586362,1.1971456711254773,0.13787069307635436,0.0071175173988411305,0.6722774177766505,0.34382497212178564,-0.0006111052087609051,0.04112589288372272,2.652405738453396,2.0000706238353,1.8456728337762622,0.1543977900590377,1.344554841128556,0.806732904677134,0.537821936451422,0.07439587676953391,0.051347026793002445,0.06513013312771787,1.2106889895928916,0.13034623823092353,0.007211771929240213
2283,0.6602918175075048,0.34151548650802394,0.0062728535471176655,0.04039268589537923,2.561371939197137,1.9288078150499723,1.7690217589999424,0.15978605605002985,1.32058363366199,0.7923501801971943,0.5282334534647958,0.07667436982801723,0.05327726008326461,0.06716556194617307,1.1971456722047853,0.13787069316894687,0.007117517406352016,0.6722774184604818,0.34382497250270866,-0.0006110979767650626,0.041125893195651894,2.6524057361111977,2.000070625113498,1.8456728347792166,0.15439779033428103,1.344554835553301,0.8067329013319811,0.53782193422132,0.07439587658059421,0.05134702663294152,0.0651301331309158,1.2106889907241956,0.13034623832074527,0.007211771936860277
2284,0.6602918170912323,0.3415154863855582,0.006272851281191351,0.04039268568296644,2.561371938231678,1.928807813329694,1.7690217572226719,0.1597860561070222,1.3205836350150097,0.7923501810090061,0.5282334540060036,0.07667437001926788,0.05327726024528327,0.06716556204629366,1.197145671079102,0.13787069311491332,0.007117517402686634,0.6722774180433738,0.34382497237535886,-0.0006111002289639761,0.0411258929702606,2.6524057351957087,2.00007062342547,1.84567283304313,0.15439779038233992,1.3445548369209637,0.8067329021525786,0.537821934768385,0.07439587676485412,0.05134702678903795,0.0651301332232317,1.2106889896064403,0.13034623826956096,0.007211771933169613
2285,0.660291817180489,0.3415154865225364,0.006272852397635385,0.04039268568333024,2.561371936693986,1.9288078125303878,1.769021756184507,0.15978605634588072,1.3205836341824648,0.7923501805094791,0.5282334536729857,0.07667437002878857,0.05327726025334875,0.06716556208457769,1.1971456710176511,0.1378706931359796,0.007117517404452597,0.672277418137348,0.34382497251185734,-0.0006110990930747323,0.04112589296714292,2.6524057336677007,2.000070622635308,1.8456728320156515,0.1543977906196569,1.3445548360867479,0.8067329016520491,0.5378219344346987,0.0743958767700242,0.051347026793417794,0.0651301332578449,1.2106889895689021,0.1303462382903043,0.007211771934983987
2286,0.6602918170098807,0.34151548652576497,0.006272851862292143,0.040392685595683,2.5613719354478133,1.928807811315618,1.7690217548312261,0.15978605648439176,1.320583634360978,0.7923501806165871,0.5282334537443909,0.07667437013536493,0.05327726034363528,0.06716556216749914,1.1971456703878562,0.1378706931185429,0.007117517403423208,0.6722774179691539,0.3438249725137038,-0.000611099616551182,0.04112589287353191,2.6524057324405232,2.000070621431177,1.8456728306757055,0.15439779075547186,1.3445548362746957,0.8067329017648178,0.5378219345098779,0.07439587687056035,0.05134702687858733,0.06513013333554407,1.2106889889561772,0.13034623827440364,0.007211771933980777
2287,0.6602918169668889,0.3415154865865868,0.006272852165389899,0.04039268554056101,2.56137193411374,1.928807810359171,1.7690217537018829,0.1597860566572882,1.3205836340197614,0.7923501804118571,0.5282334536079043,0.07667437020083384,0.0532772603990975,0.06716556223055506,1.1971456699989025,0.13787069311839276,0.007117517403694976,0.6722774179275778,0.34382497257252914,-0.0006110993032331508,0.04112589281264942,2.6524057311194067,2.0000706204818157,1.8456728295564218,0.15439779092539407,1.3445548359383077,0.8067329015629849,0.5378219343753228,0.07439587693178737,0.05134702693045603,0.06513013339471503,1.210688988580674,0.13034623827461644,0.007211771934264939
2288,0.6602918168677119,0.3415154866210982,0.006272852067085631,0.04039268547275437,2.561371932844812,1.9288078092975904,1.7690217524845449,0.15978605681304558,1.320583633933778,0.792350180360267,0.5282334535735109,0.07667437028659002,0.053277260471746156,0.06716556230540917,1.1971456694912082,0.13787069311065087,0.007117517403385443,0.6722774178304801,0.34382497260556233,-0.0006110993861608988,0.04112589273910616,2.652405729861236,2.00007061942693,1.845672828348142,0.1543977910787883,1.3445548358551558,0.8067329015130937,0.537821934342062,0.07439587701262546,0.0513470269989383,0.06513013346529595,1.2106889880869558,0.13034623826775435,0.0072117719339772355
2289,0.6602918167921523,0.34151548666307735,0.006272852140792727,0.04039268540841391,2.561371931582217,1.9288078083097522,1.7690217513409625,0.1597860569687896,1.3205836337354238,0.7923501802412545,0.5282334534941693,0.07667437036660664,0.05327726053953251,0.06716556237739432,1.1971456690172095,0.13787069310548994,0.007117517403288468,0.6722774177558647,0.3438249726456277,-0.0006110993018388494,0.04112589266884972,2.6524057286070564,2.0000706184425336,1.84567282721048,0.15439779123205355,1.3445548356609602,0.8067329013965763,0.537821934264384,0.0743958770883926,0.05134702706312469,0.06513013353349326,1.2106889876239169,0.13034623826316627,0.0072117719338899875
2290,0.6602918167087884,0.3415154867004079,0.006272852145423599,0.04039268534232608,2.561371930346135,1.9288078073156858,1.7690217501955523,0.1597860571201335,1.3205836335843044,0.7923501801505829,0.5282334534337215,0.07667437045007107,0.053277260610239685,0.06716556245172925,1.1971456685230963,0.1378706930991864,0.007117517403101951,0.6722774176735552,0.34382497268117046,-0.0006110992837974963,0.04112589259684201,2.6524057273770687,2.0000706174511698,1.845672826070031,0.15439779138113885,1.3445548355117294,0.8067329013070378,0.5378219342046916,0.07439587716757819,0.05134702713020704,0.06513013360406623,1.2106889871403441,0.1303462382574959,0.007211771933714852
2291,0.6602918166291877,0.34151548673733906,0.006272852174483243,0.04039268527623284,2.561371929129852,1.9288078063474732,1.7690217490793059,0.15978605726816733,1.3205836334175765,0.7923501800505461,0.5282334533670303,0.07667437053328946,0.05327726068073843,0.06716556252608738,1.1971456680305035,0.13787069309306554,0.007117517402935231,0.672277417594535,0.34382497271619683,-0.0006110992427931436,0.04112589252475418,2.6524057261649987,2.0000706164837325,1.8456728249567325,0.15439779152699995,1.3445548353471102,0.8067329012082662,0.5378219341388439,0.07439587724674623,0.05134702719727452,0.06513013367484816,1.210688986656966,0.1303462382519284,0.007211771933554956
2292,0.6602918165496208,0.34151548677270965,0.006272852195189298,0.0403926852097263,2.5613719279354497,1.9288078053933504,1.7690217479804242,0.15978605741292615,1.3205836332583754,0.7923501799550254,0.5282334533033499,0.07667437061702206,0.0532772607516728,0.0671655626008472,1.1971456675349774,0.13787069308675548,0.007117517402754905,0.6722774175153743,0.343824972749651,-0.0006110992095701498,0.04112589245221745,2.65240572497308,2.000070615529329,1.845672823859638,0.1543977916696907,1.34455483518907,0.8067329011134421,0.5378219340756278,0.07439587732652708,0.051347027264861136,0.06513013374612756,1.2106889861699788,0.1303462382461462,0.00721177193337987
2293,0.6602918164714274,0.3415154868070117,0.006272852218730751,0.040392685143013765,2.5613719267625967,1.928807804457532,1.7690217469030514,0.1597860575544806,1.3205836330992418,0.7923501798595453,0.5282334532396965,0.07667437070068009,0.05327726082254397,0.06716556267556886,1.197145667039967,0.1378706930804172,0.007117517402573646,0.6722774174373428,0.3438249727819975,-0.000611099173752197,0.04112589237943536,2.6524057238012646,2.0000706145920777,1.8456728227828154,0.15439779180926222,1.3445548350307484,0.8067329010184492,0.5378219340122992,0.07439587740634987,0.051347027332483294,0.0651301338174714,1.2106889856828267,0.1303462382402958,0.007211771933201536
2294,0.6602918163943324,0.34151548684023314,0.006272852241843707,0.040392685076112225,2.5613719256115077,1.9288078035387526,1.7690217458457944,0.15978605769295814,1.3205836329428549,0.7923501797657132,0.5282334531771417,0.07667437078413757,0.05327726089324527,0.06716556275011333,1.1971456665462097,0.13787069307404443,0.007117517402389625,0.6722774173602243,0.3438249728132388,-0.0006110991383003542,0.04112589230643349,2.652405722649964,2.000070613670981,1.8456728217251528,0.15439779194582826,1.3445548348746856,0.8067329009248114,0.5378219339498742,0.07439587748606136,0.05134702740001115,0.06513013388871869,1.210688985196434,0.1303462382343782,0.0072117719330186646
2295,0.6602918163185674,0.34151548687251015,0.0062728522658018135,0.04039268500908806,2.561371924482348,1.9288078026375925,1.769021744809149,0.1597860578284435,1.3205836327886646,0.792350179673199,0.5282334531154657,0.07667437086717444,0.05327726096359025,0.06716556282429098,1.1971456660549948,0.13787069306768296,0.007117517402205497,0.672277417284266,0.3438249728435128,-0.000611099102025052,0.0411258922332825,2.652405721519556,2.0000706127667476,1.8456728206872868,0.15439779207946092,1.3445548347204486,0.8067329008322692,0.5378219338881793,0.07439587756543123,0.05134702746724961,0.06513013395966971,1.2106889847121898,0.13034623822843944,0.007211771932834006
2296,0.6602918162441919,0.341515486903925,0.006272852290385579,0.040392684941982296,2.5613719233752357,1.9288078017539885,1.7690217437929547,0.15978605796103373,1.3205836326371345,0.7923501795822809,0.5282334530548536,0.07667437094964467,0.05327726103345519,0.06716556289796788,1.1971456655671768,0.13787069306135885,0.007117517402022355,0.6722774172095535,0.34382497287290675,-0.0006110990651121903,0.04112589216002778,2.652405720410338,2.000070611879465,1.8456728196692187,0.1543977922102462,1.344554834568532,0.8067329007411194,0.5378219338274127,0.07439587764430135,0.05134702753406472,0.06513013403017978,1.2106889842310478,0.1303462382225077,0.007211771932648882
2297,0.6602918161713518,0.34151548693459,0.006272852315907712,0.04039268487484428,2.5613719222903875,1.928807800888182,1.769021742797357,0.15978605809082502,1.3205836324883837,0.7923501794930304,0.5282334529953533,0.07667437103140994,0.05327726110272291,0.06716556297102164,1.1971456650835663,0.13787069305511032,0.007117517401842098,0.6722774171362546,0.34382497290153685,-0.000611099027249852,0.04112589208672285,2.652405719322709,2.0000706110095137,1.8456728186712446,0.15439779233826903,1.344554834419107,0.8067329006514643,0.5378219337676426,0.07439587772252389,0.05134702760033122,0.06513013410011785,1.2106889837538999,0.13034623821662225,0.007211771932465366
2298,0.6602918161001357,0.3415154869645965,0.006272852342342317,0.0403926848077107,2.5613719212279022,1.9288078000401951,1.76902174182228,0.1597860582179151,1.3205836323427036,0.7923501794056224,0.5282334529370812,0.07667437111237319,0.05327726117131121,0.06716556304336385,1.1971456646047316,0.13787069304896682,0.0071175174016660766,0.6722774170644776,0.3438249729294982,-0.0006110989884636694,0.04112589201340772,2.65240571825692,2.0000706101570325,1.8456728176934145,0.15439779246361818,1.344554834272509,0.8067329005635056,0.5378219337090036,0.07439587779999399,0.05134702766596028,0.0651301341693884,1.2106889832813792,0.1303462382108139,0.007211771932284983
2299,0.6602918160306743,0.3415154869940535,0.006272852369857772,0.04039268474062233,2.561371920187931,1.9288077992101749,1.769021740867768,0.15978605834240694,1.3205836322002713,0.792350179320163,0.5282334528801083,0.0766743711924488,0.053277261239147555,0.06716556311491864,1.197145664131174,0.13787069304296448,0.007117517401496075,0.6722774169943728,0.34382497295690373,-0.0006110989485813983,0.04112589194012646,2.6524057172132696,2.000070609322284,1.8456728167358962,0.15439779258638817,1.3445548341289553,0.8067329004773732,0.537821933651582,0.0743958778766193,0.05134702773087367,0.06513013423790945,1.2106889828140417,0.13034623820511948,0.007211771932109676
2300,0.6602918159630714,0.34151548702306017,0.00627285239844888,0.04039268467361393,2.5613719191705613,1.9288077983981573,1.769021739933752,0.15978605846440522,1.3205836320613487,0.7923501792368094,0.5282334528245393,0.07667437127157938,0.05327726130618329,0.06716556318563388,1.1971456636632298,0.1378706930371355,0.007117517401333615,0.6722774169260609,0.34382497298385617,-0.0006110989076093185,0.04112589186691665,2.652405716191973,2.0000706085054025,1.8456728157987259,0.15439779270667664,1.3445548339887454,0.8067329003932473,0.5378219335954981,0.07439587795233696,0.051347027795018166,0.06513013430562394,1.2106889823522677,0.13034623819957186,0.007211771931941111
2301,0.6602918158974509,0.3415154870517235,0.0062728524282018375,0.04039268460672115,2.561371918175917,1.9288077976042466,1.7690217390202312,0.1597860585840155,1.3205836319261428,0.7923501791556858,0.528233452770457,0.0766743713497158,0.053277261372376844,0.06716556325546588,1.1971456632011863,0.1378706930315149,0.007117517401180406,0.6722774168596825,0.343824973010466,-0.0006110988654608185,0.041125891793816684,2.652405715193273,2.000070607706583,1.845672814882,0.1543977928245829,1.3445548338521216,0.806732900311273,0.5378219335408486,0.07439587802709324,0.051347027858348195,0.06513013437248394,1.2106889818963804,0.13034623819420657,0.007211771931781149
2302,0.660291815833948,0.3415154870801563,0.006272852459167748,0.04039268453998096,2.5613719172041765,1.928807796828581,1.769021738127235,0.159786058701346,1.320583631794902,0.7923501790769414,0.5282334527179606,0.07667437142682193,0.05327726143769755,0.06716556332438249,1.197145662745256,0.1378706930261403,0.007117517401038292,0.6722774167953885,0.3438249730368494,-0.0006110988220858621,0.04112589172086615,2.652405714217463,2.000070606926053,1.8456728139858438,0.15439779294020903,1.344554833719365,0.806732900231619,0.5378219334877459,0.0743958781008479,0.05134702792082971,0.06513013443845371,1.2106889814466228,0.1303462381890613,0.0072117719316317636
2303,0.6602918157727076,0.3415154871084736,0.006272852491388349,0.04039268447342948,2.5613719162555886,1.9288077960713523,1.769021737254851,0.1597860588165015,1.3205836316678958,0.7923501790007377,0.5282334526671582,0.07667437150286983,0.053277261502121795,0.06716556339235871,1.1971456622956014,0.13787069302105093,0.007117517400909182,0.6722774167333395,0.34382497306312515,-0.0006110987774443147,0.04112589164810365,2.6524057132648973,2.0000706061640856,1.845672813110431,0.15439779305365464,1.3445548335907773,0.8067329001544664,0.5378219334363109,0.07439587817356984,0.05134702798243635,0.0651301345035053,1.210688981003183,0.1303462381841754,0.00721177193149501
2304,0.660291815713917,0.3415154871368087,0.006272852524967051,0.04039268440711044,2.5613719153305676,1.9288077953329075,1.7690217364033183,0.1597860589295893,1.3205836315454151,0.7923501789272493,0.5282334526181658,0.07667437157783137,0.05327726156562573,0.06716556345937047,1.1971456618523881,0.13787069301629454,0.00711751740079542,0.672277416673739,0.3438249730894305,-0.0006110987314307051,0.041125891575575724,2.652405712336101,2.0000706054211155,1.8456728122560937,0.15439779316502195,1.344554833466679,0.8067329000800074,0.5378219333866716,0.07439587824522795,0.05134702804314176,0.06513013456761198,1.2106889805662477,0.13034623817959606,0.007211771931373376
2305,0.66029181565772,0.34151548716527463,0.006272852559812914,0.04039268434105806,2.5613719144294573,1.9288077946134656,1.7690217355727564,0.15978605904070908,1.320583631427834,0.7923501788567008,0.5282334525711333,0.07667437165169615,0.053277261628200526,0.06716556352540712,1.1971456614156761,0.13787069301191068,0.007117517400698903,0.6722774166167429,0.3438249731158812,-0.000611098684144884,0.04112589150331862,2.6524057114315105,2.0000706046974295,1.8456728114230239,0.15439779327440575,1.3445548333474777,0.8067329000084866,0.5378219333389911,0.07439587831580957,0.05134702810293524,0.06513013463076106,1.2106889801358935,0.1303462381753624,0.007211771931268863
2306,0.6602918156043441,0.34151548719401637,0.0062728525961170956,0.04039268427532017,2.561371913552868,1.9288077939135633,1.7690217347636035,0.15978605914995983,1.3205836313154402,0.7923501787892644,0.5282334525261758,0.0766743717244358,0.05327726168982218,0.06716556359044527,1.1971456609856326,0.13787069300795352,0.007117517400622319,0.6722774165625942,0.3438249731426262,-0.0006110986353948869,0.04112589143138291,2.6524057105518364,2.0000706039936453,1.8456728106117448,0.15439779338190063,1.344554833233486,0.8067328999400916,0.5378219332933944,0.07439587838528428,0.05134702816179097,0.06513013469292725,1.2106889797123042,0.13034623817152746,0.007211771931184302
2307,0.660291815553994,0.34151548722316827,0.0062728526338336685,0.04039268420994095,2.561371912701481,1.9288077932337007,1.7690217339762675,0.15978605925743325,1.3205836312086885,0.7923501787252134,0.5282334524834751,0.07667437179603215,0.05327726175047527,0.06716556365446819,1.1971456605623632,0.13787069300447438,0.007117517400568128,0.6722774165115117,0.3438249731698033,-0.0006110985852291126,0.041125891359815266,2.6524057096978577,2.000070603310338,1.8456728098227446,0.1543977934875936,1.3445548331251884,0.8067328998751131,0.5378219332500753,0.07439587845363213,0.0513470282196921,0.06513013475409227,1.2106889792956004,0.1303462381681416,0.007211771931122274
2308,0.6602918155069124,0.3415154872528763,0.006272852673053525,0.04039268414496987,2.5613719118761265,1.9288077925745482,1.7690217332113334,0.15978605936321477,1.320583631107988,0.7923501786647932,0.5282334524431948,0.07667437186645795,0.05327726181013673,0.06716556371745223,1.1971456601460277,0.1378706930015305,0.007117517400539132,0.6722774164637509,0.3438249731975615,-0.0006110985335640653,0.04112589128866762,2.6524057088704995,2.000070602648251,1.8456728090566854,0.15439779359156536,1.3445548330230235,0.8067328998138141,0.5378219332092093,0.07439587852082456,0.0513470282766144,0.06513013481423122,1.2106889788859538,0.1303462381652603,0.0072117719310856926
2309,0.660291815463357,0.34151548728328884,0.006272852713819249,0.040392684080458936,2.5613719110777975,1.928807791936883,1.7690217324695023,0.15978605946738056,1.3205836310138246,0.7923501786082953,0.5282334524055293,0.07667437193568188,0.05327726186878002,0.06716556377936986,1.1971456597368095,0.137870692999182,0.0071175174005382365,0.6722774164195828,0.3438249732260526,-0.0006110984803598674,0.041125891217994606,2.65240570807085,2.000070602008236,1.8456728083143488,0.1543977936938874,1.3445548329275017,0.8067328997565011,0.5378219331710006,0.07439587858682915,0.05134702833253041,0.06513013487331555,1.2106889784835597,0.13034623816294172,0.007211771931077579
2310,0.6602918154236203,0.34151548731456427,0.006272852756223968,0.04039268401646483,2.5613719103076944,1.9288077913216632,1.7690217317516657,0.15978605956999758,1.3205836309267138,0.7923501785560287,0.5282334523706851,0.07667437200366312,0.05327726192637056,0.06716556384018521,1.1971456593349479,0.13787069299749505,0.007117517400568658,0.6722774163793124,0.3438249732554377,-0.0006110984255299629,0.0411258911478555,2.6524057073002054,2.000070601391327,1.8456728075967057,0.15439779379462149,1.3445548328391659,0.8067328997034997,0.5378219331356662,0.07439587865160427,0.05134702838740487,0.06513013493130866,1.2106889780886703,0.13034623816124974,0.007211771931101254
2311,0.6602918153880254,0.34151548734686954,0.0062728528003586775,0.040392683953050526,2.561371909567239,1.9288077907300178,1.7690217310588945,0.15978605967112336,1.3205836308472403,0.7923501785083447,0.5282334523388956,0.07667437207035045,0.053277261982864976,0.06716556389985348,1.1971456589407423,0.13787069299654175,0.007117517400633882,0.6722774163432769,0.34382497328588724,-0.0006110983689841462,0.04112589107831621,2.652405706560093,2.0000706007987374,1.845672806904918,0.15439779389381936,1.3445548327586248,0.806732899655175,0.5378219331034497,0.07439587871509812,0.05134702844119392,0.06513013498816517,1.2106889777015968,0.13034623816025384,0.007211771931160316
2312,0.6602918153568832,0.3415154873803597,0.006272852846226654,0.04039268389027526,2.561371908857938,1.928807790163106,1.769021730392307,0.15978605977079888,1.3205836307760508,0.7923501784656309,0.5282334523104198,0.07667437213569042,0.05327726203821795,0.06716556395832637,1.1971456585545064,0.13787069299639154,0.007117517400737202,0.6722774163117964,0.3438249733175579,-0.0006110983107356915,0.04112589100943831,2.652405705852105,2.0000706002316897,1.8456728062401726,0.1543977939915169,1.3445548326865537,0.8067328996119325,0.5378219330746212,0.07439587877725738,0.05134702849385234,0.06513013504383683,1.2106889773226612,0.13034623816001986,0.007211771931258138
2313,0.6602918153306022,0.3415154874152248,0.006272852894086224,0.04039268382821602,2.5613719081817052,1.9288077896225024,1.769021729753445,0.15978605986905736,1.3205836307137664,0.7923501784282603,0.5282334522855061,0.07667437219959884,0.053277262092358196,0.06716556401553125,1.1971456581767326,0.13787069299713056,0.007117517400882839,0.6722774162852931,0.3438249733506425,-0.0006110982505233009,0.04112589094130212,2.652405705178265,2.0000705996918495,1.8456728056041092,0.15439779408774018,1.3445548326235928,0.806732899574156,0.5378219330494368,0.0743958788379977,0.05134702854530872,0.06513013509825082,1.210688976952373,0.13034623816063057,0.007211771931399031
2314,0.6602918153095828,0.3415154874516463,0.006272852943974325,0.040392683766948205,2.5613719075406567,1.9288077891098487,1.7690217291439336,0.15978605996591516,1.3205836306612044,0.7923501783967232,0.5282334522644813,0.07667437226199006,0.05327726214521314,0.06716556407139133,1.197145657807923,0.1378706929988449,0.007117517401074885,0.6722774162641788,0.34382497338532503,-0.0006110981883224315,0.041125890873986055,2.6524057045407914,2.000070599180939,1.8456728049984394,0.1543977941824995,1.344554832570586,0.8067328995423519,0.5378219330282341,0.07439587889723384,0.051347028595490826,0.06513013515133068,1.210688976591245,0.13034623816216756,0.007211771931587185
2315,0.6602918152943191,0.3415154874898384,0.006272852996162932,0.04039268370656415,2.5613719069373255,1.9288077886272041,1.7690217285658258,0.15978606006137822,1.3205836306191656,0.7923501783714998,0.5282334522476658,0.07667437232274879,0.053277262196685105,0.0671655641258061,1.197145657448752,0.13787069300163735,0.007117517401318291,0.672277416248962,0.3438249734218226,-0.0006110981238629451,0.04112589080758641,2.6524057039423394,2.0000705987011176,1.8456728044253248,0.15439779427579262,1.3445548325283574,0.8067328995170147,0.5378219330113427,0.07439587895485111,0.05134702864430148,0.06513013520297628,1.2106889762399702,0.13034623816472882,0.007211771931827642
2316,0.6602918152852865,0.3415154875300019,0.0062728530506869565,0.04039268364715312,2.5613719063743976,1.9288077881766497,1.7690217280212144,0.15978606015543517,1.3205836305886383,0.7923501783531833,0.5282334522354549,0.07667437238176043,0.05327726224667703,0.06716556417867275,1.1971456570998917,0.13787069300560775,0.007117517401617783,0.6722774162401276,0.34382497346033764,-0.0006110980571295138,0.04112589074219587,2.652405703385701,2.0000705982545477,1.8456728038869465,0.1543977943676011,1.344554832497924,0.8067328994987546,0.5378219329991694,0.07439587901073612,0.051347028691644675,0.06513013525308592,1.2106889758992323,0.13034623816840885,0.007211771932125204
2317,0.6602918152830647,0.34151548757237304,0.006272853107867245,0.04039268358882252,2.5613719058550175,1.9288077877607348,1.7690217275126732,0.15978606024806152,1.320583630570573,0.7923501783423442,0.5282334522282287,0.07667437243887515,0.05327726229506196,0.06716556422986004,1.1971456567622192,0.13787069301087415,0.00711751740197906,0.6722774162382686,0.3438249735011088,-0.0006110979878030803,0.041125890677926095,2.652405702874146,2.0000705978438837,1.8456728033859926,0.15439779445789137,1.3445548324802552,0.8067328994881533,0.5378219329921019,0.07439587906474045,0.05134702873739462,0.0651301353015294,1.210688975569926,0.1303462381733192,0.007211771932485637
2318,0.6602918152882675,0.34151548761719736,0.006272853167885756,0.040392683531687734,2.5613719053827024,1.9288077873822416,1.7690217270430244,0.15978606033921713,1.3205836305661294,0.7923501783396781,0.5282334522264512,0.07667437249392933,0.0532772623417013,0.06716556427922299,1.1971456564366925,0.13787069301756238,0.007117517402408087,0.6722774162440123,0.3438249735443842,-0.000611097915713836,0.04112589061489717,2.65240570241132,2.0000705974720123,1.8456728029253977,0.15439779454661454,1.344554832476537,0.8067328994859224,0.5378219329906146,0.07439587911670235,0.05134702878141433,0.06513013534816339,1.2106889752530272,0.13034623817957883,0.00721177193291501
2319,0.6602918153015856,0.34151548766474354,0.006272853231033035,0.040392683475875185,2.5613719049614243,1.9288077870443463,1.7690217266155028,0.15978606042884344,1.320583630576535,0.7923501783459215,0.5282334522306136,0.07667437254673579,0.053277262386436465,0.06716556432659596,1.1971456561244083,0.13787069302581156,0.007117517402911533,0.6722774162580611,0.3438249735904344,-0.0006110978405885065,0.041125890553240556,2.6524057020013316,2.000070597142219,1.845672802508517,0.1543977946337019,1.3445548324880243,0.8067328994928148,0.5378219329952095,0.07439587916643686,0.05134702882354708,0.06513013539282408,1.2106889749496523,0.13034623818731908,0.007211771933420051
2320,0.6602918153238359,0.3415154877153301,0.006272853297723778,0.04039268342153843,2.5613719045958074,1.928807786750779,1.769021726233904,0.1597860605168748,1.3205836306031713,0.7923501783619032,0.528233452241268,0.07667437259707066,0.05327726242907782,0.06716556437178287,1.197145655826677,0.1378706930357864,0.007117517403497281,0.6722774162812479,0.3438249736395809,-0.000611097762018592,0.041125890493116116,2.652405701648964,2.0000705968583667,1.8456728021392905,0.15439779471907641,1.3445548325161223,0.8067328995096736,0.5378219330064486,0.07439587921372258,0.05134702886360536,0.06513013543531748,1.210688974661136,0.1303462381966954,0.007211771934008738
2321,0.6602918153557745,0.34151548776924096,0.006272853367977456,0.040392683368818585,2.5613719042905823,1.9288077865051951,1.769021725901979,0.15978606060321618,1.3205836306476717,0.7923501783886034,0.5282334522590683,0.07667437264471866,0.05327726246944299,0.06716556441458969,1.19714565554476,0.13787069304764055,0.00711751740417253,0.6722774163143416,0.3438249736921103,-0.0006110976800068058,0.041125890434671006,2.652405701359091,2.0000705966242265,1.8456728018215935,0.154397794802633,1.3445548325624956,0.8067328995374976,0.537821933024998,0.0743958792583472,0.051347028901409256,0.06513013547545216,1.210688974388759,0.1303462382078523,0.0072117719346883455
2322,0.6602918153984854,0.3415154878268876,0.0062728534426936475,0.040392683317915484,2.561371904051716,1.9288077863125532,1.769021725624786,0.1597860606877673,1.3205836307115493,0.79235017842693,0.5282334522846193,0.07667437268937266,0.05327726250727177,0.06716556445475044,1.197145655280456,0.13787069306158622,0.00711751740494765,0.6722774163584438,0.3438249737484372,-0.0006110975936644558,0.04112589037811322,2.6524057011378703,2.0000705964449175,1.8456728015606605,0.15439779488425698,1.344554832628683,0.80673289957721,0.537821933051473,0.0743958793000073,0.05134702893670175,0.06513013551296509,1.2106889741343516,0.13034623822098984,0.007211771935469336
2323,0.6602918154530735,0.3415154878886902,0.006272853522123721,0.04039268326903733,2.5613719038858656,1.9288077861780895,1.7690217254076828,0.1597860607704066,1.3205836307969705,0.7923501784781828,0.5282334523187877,0.07667437273072361,0.053277262542302396,0.06716556449199028,1.197145655035574,0.1378706930778465,0.00711751740583321,0.672277416414681,0.34382497380898647,-0.0006110975027561055,0.041125890323660375,2.6524057009921687,2.0000705963258487,1.8456728013620358,0.1543977949638129,1.3445548327168877,0.8067328996301328,0.5378219330867549,0.07439587933839703,0.051347028969223746,0.06513013554758429,1.2106889738997588,0.1303462382363185,0.0072117719363624195
2324,0.6602918155208892,0.3415154879551611,0.006272853607028742,0.040392683222434056,2.5613719038007776,1.9288077861080863,1.769021725257089,0.1597860608509974,1.320583630906147,0.7923501785436886,0.5282334523624583,0.07667437276840176,0.05327726257422156,0.06716556452598482,1.1971456548122805,0.13787069309668884,0.007117517406842117,0.6722774164844272,0.34382497387427585,-0.0006110974065401537,0.04112589027157351,2.6524057009299784,2.000070596273508,1.845672801232361,0.1543977950411469,1.344554832829362,0.8067328996976173,0.5378219331317446,0.0743958793731507,0.05134702899866544,0.0651301355789888,1.2106889736871864,0.1303462382540907,0.007211771937380651
2325,0.6602918156034799,0.3415154880268928,0.0062728536980946395,0.04039268317839313,2.56137190380542,1.9288077861097415,1.7690217251803526,0.15978606092938882,1.3205836310417784,0.7923501786250675,0.5282334524167109,0.07667437280199396,0.053277262602679315,0.06716556455637043,1.1971456546129953,0.13787069311842207,0.007117517407989216,0.6722774165692595,0.34382497394490513,-0.0006110973043510284,0.041125890222153405,2.652405700960556,2.000070596295333,1.8456728011792434,0.15439779511608964,1.3445548329688544,0.8067328997813127,0.5378219331875417,0.07439587940385897,0.05134702902468006,0.06513013560681817,1.210688973499104,0.13034623827459796,0.0072117719385390525
2326,0.6602918157026881,0.3415154881045959,0.006272853796248173,0.04039268313725457,2.5613719039103136,1.9288077861915522,1.769021725186137,0.15978606100541515,1.32058363120696,0.7923501787241765,0.5282334524827836,0.07667437283102414,0.05327726262727232,0.06716556458272932,1.1971456544405055,0.13787069314341302,0.00711751740929221,0.672277416671057,0.34382497402159345,-0.0006110971952829544,0.04112589017575623,2.6524057010947724,2.000070596400113,1.8456728012116608,0.1543977951884522,1.3445548331385193,0.8067328998831116,0.5378219332554077,0.07439587943004976,0.05134702904686767,0.06513013563065798,1.2106889733383586,0.13034623829818714,0.007211771939855582
2327,0.6602918158207035,0.34151548818912386,0.006272853902565996,0.0403926830994207,2.5613719041278644,1.9288077863635364,1.7690217252846383,0.15978606107889817,1.3205836314053763,0.7923501788432261,0.5282334525621502,0.07667437285494892,0.05327726264754029,0.06716556460458498,1.1971456542979937,0.1378706931720986,0.007117517410772246,0.6722774167920552,0.3438249741052065,-0.0006110970782833569,0.04112589013280394,2.6524057013454514,2.0000705965982144,1.845672801340183,0.1543977952580312,1.3445548333421138,0.8067329000052683,0.5378219333368455,0.07439587945118359,0.051347029064771274,0.06513013565003496,1.210688973208205,0.13034623832527178,0.00721177194135169
2328,0.6602918159601683,0.3415154882815197,0.006272854018385274,0.04039268306537352,2.561371904472832,1.9288077866376407,1.7690217254879876,0.15978606114965305,1.3205836316414068,0.7923501789848444,0.5282334526565624,0.07667437287314371,0.05327726266295407,0.06716556462139076,1.1971456541891188,0.13787069320500697,0.007117517412454938,0.6722774169349539,0.3438249741968025,-0.0006110969520423393,0.041125890093802644,2.6524057017278735,2.000070596902017,1.845672801577407,0.15439779532461012,1.3445548335841104,0.8067329001504663,0.5378219334336442,0.07439587946663927,0.0513470290778646,0.06513013566440536,1.21068897311239,0.1303462383563522,0.007211771943053402
2329,0.6602918161242858,0.34151548838306356,0.006272854145324386,0.040392683035693655,2.56137190496292,1.9288077870282065,1.769021725810718,0.15978606121748862,1.3205836319203363,0.7923501791522021,0.5282334527681343,0.07667437288488743,0.053277262672902795,0.06716556463251655,1.1971456541181031,0.13787069324278012,0.007117517414371477,0.6722774171030323,0.34382497429768255,-0.00061109681496406,0.0411258900593628,2.6524057022603933,2.000070597326409,1.8456728019384487,0.15439779538796009,1.3445548338699076,0.8067329003219446,0.537821933547963,0.07439587947569846,0.051347029085539134,0.06513013567314123,1.2106889730552468,0.13034623839203766,0.00721177194499246
2330,0.6602918163169829,0.34151548849534574,0.006272854285398283,0.04039268301108597,2.5613719056195263,1.9288077875526004,1.7690217262703831,0.15978606128221717,1.3205836322485716,0.7923501793491432,0.5282334528994284,0.076674372889346,0.053277262676679885,0.0671655646372349,1.1971456540898324,0.13787069328620635,0.007117517416560296,0.6722774173003132,0.34382497440946364,-0.0006110966650672428,0.04112589003022617,2.652405702965221,2.00007059788943,1.8456728024415823,0.1543977954478478,1.3445548342060647,0.8067329005236388,0.5378219336824259,0.0743958794775289,0.051347029087089796,0.06513013567551654,1.2106889730417962,0.13034623843307697,0.007211771947208002
2331,0.6602918165431304,0.34151548862036535,0.006272854441155093,0.04039268299241697,2.5613719064688065,1.928807788232092,1.7690217268884267,0.1597860613436653,1.3205836326339657,0.7923501795803797,0.528233453053586,0.07667437288554477,0.05327726267345967,0.06716556463469807,1.1971456541100136,0.1378706933362663,0.0071175174190692865,0.6722774175317945,0.3438249745341807,-0.0006110964998290516,0.04112589000730565,2.652405703869553,2.00007059861322,1.8456728031091774,0.1543977955040425,1.3445548346006264,0.8067329007603757,0.5378219338402507,0.07439587947115597,0.05134702908169095,0.06513013567068338,1.210688973077917,0.1303462384804032,0.007211771949748896
2332,0.6602918168087935,0.3415154887606484,0.006272854615734305,0.0403926829807541,2.5613719075428727,1.9288077890928128,1.7690217276911162,0.15978606140169657,1.3205836330862606,0.7923501798517566,0.528233453234504,0.0766743728723549,0.05327726266228582,0.06716556462392607,1.1971456541852592,0.1378706933941848,0.007117517421958434,0.6722774178037046,0.34382497467440704,-0.0006110963161481964,0.04112588999172676,2.6524057050068235,2.000070599525008,1.8456728039686703,0.15439779555633748,1.344554835063589,0.8067329010381533,0.5378219340254357,0.07439587945544898,0.05134702906838472,0.06513013565765988,1.2106889731704298,0.1303462385351828,0.0072117719526763775
2333,0.660291817121619,0.34151548891942207,0.006272854813176729,0.04039268297742839,2.5613719088815925,1.928807790167274,1.7690217287110404,0.15978606145623356,1.3205836336175867,0.7923501801705523,0.5282334534470344,0.07667437284844887,0.05327726264203375,0.06716556460377032,1.1971456543233434,0.13787069346151018,0.007117517425303705,0.6722774181239074,0.34382497483343244,-0.0006110961100118661,0.041125889984894096,2.652405706418603,2.0000706006587237,1.8456728050541575,0.15439779560456635,1.3445548356074093,0.8067329013644455,0.5378219342429638,0.0743958794290755,0.051347029046042325,0.06513013563529292,1.210688973327373,0.13034623859889238,0.007211771956068128
2334,0.6602918174913189,0.3415154891008438,0.006272855038626082,0.04039268298411118,2.5613719105348123,1.9288077914961774,1.7690217299888693,0.15978606150730804,1.3205836342432382,0.7923501805459431,0.5282334536972951,0.07667437281227059,0.05327726261138519,0.06716556457288879,1.1971456545333805,0.1378706935402154,0.007117517429202137,0.6722774185023997,0.3438249750154985,-0.000611095876309864,0.041125889988572605,2.6524057081569463,2.0000706020569066,1.8456728064082575,0.15439779564864897,1.3445548362478148,0.8067329017486888,0.537821934499126,0.07439587939047046,0.05134702901333793,0.06513013560223244,1.210688973558187,0.1303462386734152,0.007211771960023445
2335,0.6602918179303469,0.34151548931032133,0.006272855298742205,0.04039268300292047,2.5613719125653973,1.9288077931309446,1.7690217315758145,0.15978606155513014,1.3205836349826379,0.7923501809895829,0.528233453993055,0.07667437276199186,0.053277262568791395,0.06716556452971136,1.197145654826078,0.1378706936328381,0.007117517433778822,0.6722774189520135,0.34382497522612526,-0.00061109560841386,0.041125890005000124,2.652405710287586,2.0000706037733598,1.8456728080847062,0.15439779568865367,1.3445548370047995,0.8067329022028797,0.5378219348019198,0.07439587933779143,0.05134702896871071,0.06513013555689563,1.2106889738739866,0.13034623876117624,0.007211771964670475
2336,0.6602918184547997,0.3415154895549434,0.006272855602172479,0.04039268303656168,2.561371915053276,1.92880779513705,1.7690217335368599,0.15978606160018993,1.3205836358606935,0.7923501815164162,0.5282334543442773,0.07667437269546026,0.05327726251242892,0.06716556447239805,1.1971456552140411,0.1378706937426694,0.007117517439196321,0.6722774194893493,0.34382497547255114,-0.0006110952977036802,0.041125890037036456,2.6524057128942147,2.0000706058766853,1.8456728101517983,0.15439779572488715,1.3445548379040273,0.8067329027424164,0.5378219351616109,0.07439587926886432,0.051347028910318865,0.06513013549742333,1.2106889742878866,0.13034623886532312,0.007211771970175888
2337,0.660291819085752,0.34151548984413976,0.006272855960423963,0.04039268308853376,2.5613719181009773,1.9288077975986804,1.7690217359552176,0.15978606164346282,1.3205836369095996,0.7923501821457598,0.5282334547638398,0.07667437261016481,0.05327726244017058,0.06716556439881745,1.197145655711978,0.1378706938740332,0.007117517445668795,0.6722774201361513,0.34382497576440635,-0.0006110949327002985,0.04112589008838065,2.6524057160843064,2.000070608455175,1.8456728126970872,0.15439779575808815,1.3445548389786988,0.8067329033872193,0.5378219355914795,0.07439587918114648,0.051347028836008404,0.0651301354216564,1.2106889748152256,0.1303462389899936,0.007211771976759357
2338,0.6602918198509615,0.34151549019050487,0.006272856388633001,0.04039268316339138,2.561371921841294,1.9288078006250062,1.7690217389383915,0.15978606168661472,1.3205836381715037,0.7923501829029023,0.5282334552686014,0.07667437250315992,0.053277262349521015,0.06716556430648676,1.1971456563371397,0.13787069403264499,0.007117517453479848,0.6722774209210772,0.34382497611455476,-0.0006110944982823802,0.04112589016384857,2.652405719997199,2.0000706116234315,1.8456728158338174,0.1543977957896143,1.3445548402723027,0.8067329041633816,0.537821936108921,0.07439587907164788,0.05134702874324629,0.06513013532707318,1.2106889754740409,0.13034623914066007,0.007211771984711955
2339,0.6602918207874614,0.3415154906110864,0.006272856907339017,0.04039268326713927,2.5613719264478743,1.928807804359139,1.7690217426267205,0.1597860617324185,1.320583639701923,0.7923501838211539,0.5282334558807692,0.0766743723710172,0.05327726223757584,0.0671655641925471,1.1971456571096062,0.13787069422615472,0.007117517463010035,0.6722774218823678,0.34382497654040506,-0.0006110939739268559,0.04112589026978836,2.652405724815253,2.0000706155317913,1.8456728197099603,0.15439779582183097,1.3445548418421545,0.8067329051052926,0.5378219367368618,0.0743958789368791,0.05134702862907642,0.06513013521076173,1.2106889762853832,0.13034623932464937,0.007211771994424317
2340,0.6602918219450887,0.3415154911291369,0.006272857544330143,0.040392683407770434,2.5613719321501978,1.9288078089905383,1.769021747205244,0.15978606178529414,1.3205836415749228,0.7923501849449537,0.5282334566299691,0.07667437220976961,0.0532772621009744,0.06716556405373385,1.1971456580526123,0.13787069446489184,0.007117517474774219,0.6722774230714901,0.3438249770656952,-0.0006110933318566741,0.04112589041464825,2.6524057307796083,2.0000706203793825,1.8456728245207668,0.15439779585861557,1.3445548437647359,0.8067329062588414,0.5378219375058945,0.0743958787727907,0.051347028490068385,0.06513013506938621,1.2106889772736802,0.13034623955185526,0.007211772006424987
2341,0.6602918233916132,0.3415154917766785,0.006272858337764475,0.040392683596047925,2.5613719392546845,1.9288078147727277,1.7690217529205783,0.15978606185214944,1.3205836438901772,0.7923501863341064,0.5282334575560709,0.07667437201487891,0.05327726193587207,0.06716556388638145,1.197145659192738,0.13787069476294556,0.007117517489476095,0.6722774245584197,0.34382497772309806,-0.0006110925339339393,0.041125890609800486,2.6524057382123942,2.0000706264327484,1.8456728305266061,0.15439779590614228,1.3445548461429802,0.806732907685788,0.5378219384571922,0.07439587857473598,0.051347028322285646,0.06513013489918795,1.2106889784669637,0.1303462398357709,0.007211772021436226
2342,0.6602918252200533,0.34151549259817654,0.006272859340342107,0.04039268384662892,2.56137194817482,1.9288078220484892,1.769021760104884,0.1597860619436052,1.3205836467832262,0.7923501880699357,0.5282334587132904,0.07667437178125423,0.05327726173795611,0.06716556368648804,1.1971456605598014,0.13787069513970993,0.007117517508086078,0.6722774264391665,0.3438249785579504,-0.000611091527526135,0.041125890870726614,2.652405747548378,2.0000706340523022,1.8456728380782748,0.15439779597402725,1.344554849116839,0.8067329094701033,0.5378219396467357,0.07439587833748468,0.05134702812129738,0.06513013469604646,1.2106889798967861,0.13034624019496338,0.007211772040453632
2343,0.6602918275592977,0.34151549365590367,0.00627286062545801,0.040392684179721694,2.5613719594743927,1.9288078312861658,1.7690217692103287,0.1597860620758371,1.3205836504401065,0.792350190264064,0.5282334601760426,0.07667437150339923,0.05327726150257028,0.06716556344992117,1.1971456621859944,0.13787069562213025,0.007117517531954635,0.6722774288466878,0.3438249796336846,-0.0006110902394139001,0.04112589121876624,2.6524057593803874,2.0000706437304325,1.8456728476533877,0.15439779607704487,1.3445548528783329,0.8067329117269997,0.5378219411513332,0.0743958780553674,0.05134702788230076,0.0651301344556845,1.210688981597349,0.13034624065521386,0.007211772064861858
2344,0.6602918305898954,0.34151549503799894,0.006272862296405363,0.04039268462362433,2.561371973930488,1.9288078431328275,1.769021780859331,0.15978606227349648,1.3205836551185954,0.7923501930711573,0.5282334620474382,0.07667437117595448,0.05327726122517433,0.06716556317302538,1.1971456641027074,0.13787069624805018,0.007117517562981544,0.6722774319670607,0.34382498103995907,-0.0006110885667899302,0.04112589168379988,2.652405774525416,2.0000706561472326,1.8456728599093908,0.1543977962378416,1.3445548576933757,0.8067329146160255,0.5378219430773502,0.07439587772282258,0.05134702760058425,0.06513013417428254,1.210688983602204,0.13034624125269717,0.007211772096606808
2345,0.6602918345680167,0.34151549687083294,0.0062728644992598795,0.04039268521893458,2.561371992627362,1.9288078584938957,1.7690217959194876,0.15978606257440806,1.3205836611797908,0.7923501967078744,0.5282334644719163,0.07667437079556302,0.05327726090292438,0.06716556285452163,1.1971456663296045,0.1378706970713086,0.007117517603873933,0.6722774360638966,0.3438249829050398,-0.0006110863649670187,0.04112589230870871,2.6524057941230432,2.000070672253812,1.8456728757625702,0.15439779649124186,1.3445548639341216,0.806732918360473,0.5378219455736486,0.07439587733629821,0.05134702727313879,0.06513013385041785,1.2106889859327805,0.13034624203879602,0.007211772138456594
